1 519 34 33 35
2 519 56 55 57
3 519 129 128 130
4 519 151 150 152
5 519 225 224 226
6 519 246 245 247
7 519 684 683 685
8 519 706 705 707
9 519 779 778 780
10 519 801 800 802
11 519 875 874 876
12 519 896 895 897
13 519 1334 1333 1335
14 519 1356 1355 1357
15 519 1429 1428 1430
16 519 1451 1450 1452
17 519 1525 1524 1526
18 519 1546 1545 1547
19 519 1984 1983 1985
20 519 2006 2005 2007
21 519 2079 2078 2080
22 519 2101 2100 2102
23 519 2175 2174 2176
24 519 2196 2195 2197
25 519 2634 2633 2635
26 519 2656 2655 2657
27 519 2729 2728 2730
28 519 2751 2750 2752
29 519 2825 2824 2826
30 519 2846 2845 2847
31 519 3284 3283 3285
32 519 3306 3305 3307
33 519 3379 3378 3380
34 519 3401 3400 3402
35 519 3475 3474 3476
36 519 3496 3495 3497
37 519 3934 3933 3935
38 519 3956 3955 3957
39 519 4029 4028 4030
40 519 4051 4050 4052
41 519 4125 4124 4126
42 519 4146 4145 4147
43 519 4584 4583 4585
44 519 4606 4605 4607
45 519 4679 4678 4680
46 519 4701 4700 4702
47 519 4775 4774 4776
48 519 4796 4795 4797
49 519 5234 5233 5235
50 519 5256 5255 5257
51 519 5329 5328 5330
52 519 5351 5350 5352
53 519 5425 5424 5426
54 519 5446 5445 5447
55 519 5884 5883 5885
56 519 5906 5905 5907
57 519 5979 5978 5980
58 519 6001 6000 6002
59 519 6075 6074 6076
60 519 6096 6095 6097
61 519 6534 6533 6535
62 519 6556 6555 6557
63 519 6629 6628 6630
64 519 6651 6650 6652
65 519 6725 6724 6726
66 519 6746 6745 6747
67 519 7184 7183 7185
68 519 7206 7205 7207
69 519 7279 7278 7280
70 519 7301 7300 7302
71 519 7375 7374 7376
72 519 7396 7395 7397
73 519 7834 7833 7835
74 519 7856 7855 7857
75 519 7929 7928 7930
76 519 7951 7950 7952
77 519 8025 8024 8026
78 519 8046 8045 8047
79 519 8484 8483 8485
80 519 8506 8505 8507
81 519 8579 8578 8580
82 519 8601 8600 8602
83 519 8675 8674 8676
84 519 8696 8695 8697
85 519 9134 9133 9135
86 519 9156 9155 9157
87 519 9229 9228 9230
88 519 9251 9250 9252
89 519 9325 9324 9326
90 519 9346 9345 9347
91 519 9784 9783 9785
92 519 9806 9805 9807
93 519 9879 9878 9880
94 519 9901 9900 9902
95 519 9975 9974 9976
96 519 9996 9995 9997
97 519 10434 10433 10435
98 519 10456 10455 10457
99 519 10529 10528 10530
100 519 10551 10550 10552
101 519 10625 10624 10626
102 519 10646 10645 10647
103 519 11084 11083 11085
104 519 11106 11105 11107
105 519 11179 11178 11180
106 519 11201 11200 11202
107 519 11275 11274 11276
108 519 11296 11295 11297
109 519 11734 11733 11735
110 519 11756 11755 11757
111 519 11829 11828 11830
112 519 11851 11850 11852
113 519 11925 11924 11926
114 519 11946 11945 11947
115 519 12384 12383 12385
116 519 12406 12405 12407
117 519 12479 12478 12480
118 519 12501 12500 12502
119 519 12575 12574 12576
120 519 12596 12595 12597
121 526 33 34 323
122 526 33 34 324
123 526 55 56 350
124 526 55 56 351
125 526 128 129 446
126 526 128 129 447
127 526 150 151 470
128 526 150 151 471
129 526 224 225 569
130 526 224 225 570
131 526 245 246 593
132 526 245 246 594
133 526 683 684 973
134 526 683 684 974
135 526 705 706 1000
136 526 705 706 1001
137 526 778 779 1096
138 526 778 779 1097
139 526 800 801 1120
140 526 800 801 1121
141 526 874 875 1219
142 526 874 875 1220
143 526 895 896 1243
144 526 895 896 1244
145 526 1333 1334 1623
146 526 1333 1334 1624
147 526 1355 1356 1650
148 526 1355 1356 1651
149 526 1428 1429 1746
150 526 1428 1429 1747
151 526 1450 1451 1770
152 526 1450 1451 1771
153 526 1524 1525 1869
154 526 1524 1525 1870
155 526 1545 1546 1893
156 526 1545 1546 1894
157 526 1983 1984 2273
158 526 1983 1984 2274
159 526 2005 2006 2300
160 526 2005 2006 2301
161 526 2078 2079 2396
162 526 2078 2079 2397
163 526 2100 2101 2420
164 526 2100 2101 2421
165 526 2174 2175 2519
166 526 2174 2175 2520
167 526 2195 2196 2543
168 526 2195 2196 2544
169 526 2633 2634 2923
170 526 2633 2634 2924
171 526 2655 2656 2950
172 526 2655 2656 2951
173 526 2728 2729 3046
174 526 2728 2729 3047
175 526 2750 2751 3070
176 526 2750 2751 3071
177 526 2824 2825 3169
178 526 2824 2825 3170
179 526 2845 2846 3193
180 526 2845 2846 3194
181 526 3283 3284 3573
182 526 3283 3284 3574
183 526 3305 3306 3600
184 526 3305 3306 3601
185 526 3378 3379 3696
186 526 3378 3379 3697
187 526 3400 3401 3720
188 526 3400 3401 3721
189 526 3474 3475 3819
190 526 3474 3475 3820
191 526 3495 3496 3843
192 526 3495 3496 3844
193 526 3933 3934 4223
194 526 3933 3934 4224
195 526 3955 3956 4250
196 526 3955 3956 4251
197 526 4028 4029 4346
198 526 4028 4029 4347
199 526 4050 4051 4370
200 526 4050 4051 4371
201 526 4124 4125 4469
202 526 4124 4125 4470
203 526 4145 4146 4493
204 526 4145 4146 4494
205 526 4583 4584 4873
206 526 4583 4584 4874
207 526 4605 4606 4900
208 526 4605 4606 4901
209 526 4678 4679 4996
210 526 4678 4679 4997
211 526 4700 4701 5020
212 526 4700 4701 5021
213 526 4774 4775 5119
214 526 4774 4775 5120
215 526 4795 4796 5143
216 526 4795 4796 5144
217 526 5233 5234 5523
218 526 5233 5234 5524
219 526 5255 5256 5550
220 526 5255 5256 5551
221 526 5328 5329 5646
222 526 5328 5329 5647
223 526 5350 5351 5670
224 526 5350 5351 5671
225 526 5424 5425 5769
226 526 5424 5425 5770
227 526 5445 5446 5793
228 526 5445 5446 5794
229 526 5883 5884 6173
230 526 5883 5884 6174
231 526 5905 5906 6200
232 526 5905 5906 6201
233 526 5978 5979 6296
234 526 5978 5979 6297
235 526 6000 6001 6320
236 526 6000 6001 6321
237 526 6074 6075 6419
238 526 6074 6075 6420
239 526 6095 6096 6443
240 526 6095 6096 6444
241 526 6533 6534 6823
242 526 6533 6534 6824
243 526 6555 6556 6850
244 526 6555 6556 6851
245 526 6628 6629 6946
246 526 6628 6629 6947
247 526 6650 6651 6970
248 526 6650 6651 6971
249 526 6724 6725 7069
250 526 6724 6725 7070
251 526 6745 6746 7093
252 526 6745 6746 7094
253 526 7183 7184 7473
254 526 7183 7184 7474
255 526 7205 7206 7500
256 526 7205 7206 7501
257 526 7278 7279 7596
258 526 7278 7279 7597
259 526 7300 7301 7620
260 526 7300 7301 7621
261 526 7374 7375 7719
262 526 7374 7375 7720
263 526 7395 7396 7743
264 526 7395 7396 7744
265 526 7833 7834 8123
266 526 7833 7834 8124
267 526 7855 7856 8150
268 526 7855 7856 8151
269 526 7928 7929 8246
270 526 7928 7929 8247
271 526 7950 7951 8270
272 526 7950 7951 8271
273 526 8024 8025 8369
274 526 8024 8025 8370
275 526 8045 8046 8393
276 526 8045 8046 8394
277 526 8483 8484 8773
278 526 8483 8484 8774
279 526 8505 8506 8800
280 526 8505 8506 8801
281 526 8578 8579 8896
282 526 8578 8579 8897
283 526 8600 8601 8920
284 526 8600 8601 8921
285 526 8674 8675 9019
286 526 8674 8675 9020
287 526 8695 8696 9043
288 526 8695 8696 9044
289 526 9133 9134 9423
290 526 9133 9134 9424
291 526 9155 9156 9450
292 526 9155 9156 9451
293 526 9228 9229 9546
294 526 9228 9229 9547
295 526 9250 9251 9570
296 526 9250 9251 9571
297 526 9324 9325 9669
298 526 9324 9325 9670
299 526 9345 9346 9693
300 526 9345 9346 9694
301 526 9783 9784 10073
302 526 9783 9784 10074
303 526 9805 9806 10100
304 526 9805 9806 10101
305 526 9878 9879 10196
306 526 9878 9879 10197
307 526 9900 9901 10220
308 526 9900 9901 10221
309 526 9974 9975 10319
310 526 9974 9975 10320
311 526 9995 9996 10343
312 526 9995 9996 10344
313 526 10433 10434 10723
314 526 10433 10434 10724
315 526 10455 10456 10750
316 526 10455 10456 10751
317 526 10528 10529 10846
318 526 10528 10529 10847
319 526 10550 10551 10870
320 526 10550 10551 10871
321 526 10624 10625 10969
322 526 10624 10625 10970
323 526 10645 10646 10993
324 526 10645 10646 10994
325 526 11083 11084 11373
326 526 11083 11084 11374
327 526 11105 11106 11400
328 526 11105 11106 11401
329 526 11178 11179 11496
330 526 11178 11179 11497
331 526 11200 11201 11520
332 526 11200 11201 11521
333 526 11274 11275 11619
334 526 11274 11275 11620
335 526 11295 11296 11643
336 526 11295 11296 11644
337 526 11733 11734 12023
338 526 11733 11734 12024
339 526 11755 11756 12050
340 526 11755 11756 12051
341 526 11828 11829 12146
342 526 11828 11829 12147
343 526 11850 11851 12170
344 526 11850 11851 12171
345 526 11924 11925 12269
346 526 11924 11925 12270
347 526 11945 11946 12293
348 526 11945 11946 12294
349 526 12383 12384 12673
350 526 12383 12384 12674
351 526 12405 12406 12700
352 526 12405 12406 12701
353 526 12478 12479 12796
354 526 12478 12479 12797
355 526 12500 12501 12820
356 526 12500 12501 12821
357 526 12574 12575 12919
358 526 12574 12575 12920
359 526 12595 12596 12943
360 526 12595 12596 12944
361 535 33 35 325
362 535 33 35 326
363 535 33 35 327
364 535 55 57 352
365 535 55 57 353
366 535 55 57 354
367 535 128 130 448
368 535 128 130 449
369 535 128 130 450
370 535 150 152 472
371 535 150 152 473
372 535 150 152 474
373 535 224 226 571
374 535 224 226 572
375 535 224 226 573
376 535 245 247 595
377 535 245 247 596
378 535 245 247 597
379 535 683 685 975
380 535 683 685 976
381 535 683 685 977
382 535 705 707 1002
383 535 705 707 1003
384 535 705 707 1004
385 535 778 780 1098
386 535 778 780 1099
387 535 778 780 1100
388 535 800 802 1122
389 535 800 802 1123
390 535 800 802 1124
391 535 874 876 1221
392 535 874 876 1222
393 535 874 876 1223
394 535 895 897 1245
395 535 895 897 1246
396 535 895 897 1247
397 535 1333 1335 1625
398 535 1333 1335 1626
399 535 1333 1335 1627
400 535 1355 1357 1652
401 535 1355 1357 1653
402 535 1355 1357 1654
403 535 1428 1430 1748
404 535 1428 1430 1749
405 535 1428 1430 1750
406 535 1450 1452 1772
407 535 1450 1452 1773
408 535 1450 1452 1774
409 535 1524 1526 1871
410 535 1524 1526 1872
411 535 1524 1526 1873
412 535 1545 1547 1895
413 535 1545 1547 1896
414 535 1545 1547 1897
415 535 1983 1985 2275
416 535 1983 1985 2276
417 535 1983 1985 2277
418 535 2005 2007 2302
419 535 2005 2007 2303
420 535 2005 2007 2304
421 535 2078 2080 2398
422 535 2078 2080 2399
423 535 2078 2080 2400
424 535 2100 2102 2422
425 535 2100 2102 2423
426 535 2100 2102 2424
427 535 2174 2176 2521
428 535 2174 2176 2522
429 535 2174 2176 2523
430 535 2195 2197 2545
431 535 2195 2197 2546
432 535 2195 2197 2547
433 535 2633 2635 2925
434 535 2633 2635 2926
435 535 2633 2635 2927
436 535 2655 2657 2952
437 535 2655 2657 2953
438 535 2655 2657 2954
439 535 2728 2730 3048
440 535 2728 2730 3049
441 535 2728 2730 3050
442 535 2750 2752 3072
443 535 2750 2752 3073
444 535 2750 2752 3074
445 535 2824 2826 3171
446 535 2824 2826 3172
447 535 2824 2826 3173
448 535 2845 2847 3195
449 535 2845 2847 3196
450 535 2845 2847 3197
451 535 3283 3285 3575
452 535 3283 3285 3576
453 535 3283 3285 3577
454 535 3305 3307 3602
455 535 3305 3307 3603
456 535 3305 3307 3604
457 535 3378 3380 3698
458 535 3378 3380 3699
459 535 3378 3380 3700
460 535 3400 3402 3722
461 535 3400 3402 3723
462 535 3400 3402 3724
463 535 3474 3476 3821
464 535 3474 3476 3822
465 535 3474 3476 3823
466 535 3495 3497 3845
467 535 3495 3497 3846
468 535 3495 3497 3847
469 535 3933 3935 4225
470 535 3933 3935 4226
471 535 3933 3935 4227
472 535 3955 3957 4252
473 535 3955 3957 4253
474 535 3955 3957 4254
475 535 4028 4030 4348
476 535 4028 4030 4349
477 535 4028 4030 4350
478 535 4050 4052 4372
479 535 4050 4052 4373
480 535 4050 4052 4374
481 535 4124 4126 4471
482 535 4124 4126 4472
483 535 4124 4126 4473
484 535 4145 4147 4495
485 535 4145 4147 4496
486 535 4145 4147 4497
487 535 4583 4585 4875
488 535 4583 4585 4876
489 535 4583 4585 4877
490 535 4605 4607 4902
491 535 4605 4607 4903
492 535 4605 4607 4904
493 535 4678 4680 4998
494 535 4678 4680 4999
495 535 4678 4680 5000
496 535 4700 4702 5022
497 535 4700 4702 5023
498 535 4700 4702 5024
499 535 4774 4776 5121
500 535 4774 4776 5122
501 535 4774 4776 5123
502 535 4795 4797 5145
503 535 4795 4797 5146
504 535 4795 4797 5147
505 535 5233 5235 5525
506 535 5233 5235 5526
507 535 5233 5235 5527
508 535 5255 5257 5552
509 535 5255 5257 5553
510 535 5255 5257 5554
511 535 5328 5330 5648
512 535 5328 5330 5649
513 535 5328 5330 5650
514 535 5350 5352 5672
515 535 5350 5352 5673
516 535 5350 5352 5674
517 535 5424 5426 5771
518 535 5424 5426 5772
519 535 5424 5426 5773
520 535 5445 5447 5795
521 535 5445 5447 5796
522 535 5445 5447 5797
523 535 5883 5885 6175
524 535 5883 5885 6176
525 535 5883 5885 6177
526 535 5905 5907 6202
527 535 5905 5907 6203
528 535 5905 5907 6204
529 535 5978 5980 6298
530 535 5978 5980 6299
531 535 5978 5980 6300
532 535 6000 6002 6322
533 535 6000 6002 6323
534 535 6000 6002 6324
535 535 6074 6076 6421
536 535 6074 6076 6422
537 535 6074 6076 6423
538 535 6095 6097 6445
539 535 6095 6097 6446
540 535 6095 6097 6447
541 535 6533 6535 6825
542 535 6533 6535 6826
543 535 6533 6535 6827
544 535 6555 6557 6852
545 535 6555 6557 6853
546 535 6555 6557 6854
547 535 6628 6630 6948
548 535 6628 6630 6949
549 535 6628 6630 6950
550 535 6650 6652 6972
551 535 6650 6652 6973
552 535 6650 6652 6974
553 535 6724 6726 7071
554 535 6724 6726 7072
555 535 6724 6726 7073
556 535 6745 6747 7095
557 535 6745 6747 7096
558 535 6745 6747 7097
559 535 7183 7185 7475
560 535 7183 7185 7476
561 535 7183 7185 7477
562 535 7205 7207 7502
563 535 7205 7207 7503
564 535 7205 7207 7504
565 535 7278 7280 7598
566 535 7278 7280 7599
567 535 7278 7280 7600
568 535 7300 7302 7622
569 535 7300 7302 7623
570 535 7300 7302 7624
571 535 7374 7376 7721
572 535 7374 7376 7722
573 535 7374 7376 7723
574 535 7395 7397 7745
575 535 7395 7397 7746
576 535 7395 7397 7747
577 535 7833 7835 8125
578 535 7833 7835 8126
579 535 7833 7835 8127
580 535 7855 7857 8152
581 535 7855 7857 8153
582 535 7855 7857 8154
583 535 7928 7930 8248
584 535 7928 7930 8249
585 535 7928 7930 8250
586 535 7950 7952 8272
587 535 7950 7952 8273
588 535 7950 7952 8274
589 535 8024 8026 8371
590 535 8024 8026 8372
591 535 8024 8026 8373
592 535 8045 8047 8395
593 535 8045 8047 8396
594 535 8045 8047 8397
595 535 8483 8485 8775
596 535 8483 8485 8776
597 535 8483 8485 8777
598 535 8505 8507 8802
599 535 8505 8507 8803
600 535 8505 8507 8804
601 535 8578 8580 8898
602 535 8578 8580 8899
603 535 8578 8580 8900
604 535 8600 8602 8922
605 535 8600 8602 8923
606 535 8600 8602 8924
607 535 8674 8676 9021
608 535 8674 8676 9022
609 535 8674 8676 9023
610 535 8695 8697 9045
611 535 8695 8697 9046
612 535 8695 8697 9047
613 535 9133 9135 9425
614 535 9133 9135 9426
615 535 9133 9135 9427
616 535 9155 9157 9452
617 535 9155 9157 9453
618 535 9155 9157 9454
619 535 9228 9230 9548
620 535 9228 9230 9549
621 535 9228 9230 9550
622 535 9250 9252 9572
623 535 9250 9252 9573
624 535 9250 9252 9574
625 535 9324 9326 9671
626 535 9324 9326 9672
627 535 9324 9326 9673
628 535 9345 9347 9695
629 535 9345 9347 9696
630 535 9345 9347 9697
631 535 9783 9785 10075
632 535 9783 9785 10076
633 535 9783 9785 10077
634 535 9805 9807 10102
635 535 9805 9807 10103
636 535 9805 9807 10104
637 535 9878 9880 10198
638 535 9878 9880 10199
639 535 9878 9880 10200
640 535 9900 9902 10222
641 535 9900 9902 10223
642 535 9900 9902 10224
643 535 9974 9976 10321
644 535 9974 9976 10322
645 535 9974 9976 10323
646 535 9995 9997 10345
647 535 9995 9997 10346
648 535 9995 9997 10347
649 535 10433 10435 10725
650 535 10433 10435 10726
651 535 10433 10435 10727
652 535 10455 10457 10752
653 535 10455 10457 10753
654 535 10455 10457 10754
655 535 10528 10530 10848
656 535 10528 10530 10849
657 535 10528 10530 10850
658 535 10550 10552 10872
659 535 10550 10552 10873
660 535 10550 10552 10874
661 535 10624 10626 10971
662 535 10624 10626 10972
663 535 10624 10626 10973
664 535 10645 10647 10995
665 535 10645 10647 10996
666 535 10645 10647 10997
667 535 11083 11085 11375
668 535 11083 11085 11376
669 535 11083 11085 11377
670 535 11105 11107 11402
671 535 11105 11107 11403
672 535 11105 11107 11404
673 535 11178 11180 11498
674 535 11178 11180 11499
675 535 11178 11180 11500
676 535 11200 11202 11522
677 535 11200 11202 11523
678 535 11200 11202 11524
679 535 11274 11276 11621
680 535 11274 11276 11622
681 535 11274 11276 11623
682 535 11295 11297 11645
683 535 11295 11297 11646
684 535 11295 11297 11647
685 535 11733 11735 12025
686 535 11733 11735 12026
687 535 11733 11735 12027
688 535 11755 11757 12052
689 535 11755 11757 12053
690 535 11755 11757 12054
691 535 11828 11830 12148
692 535 11828 11830 12149
693 535 11828 11830 12150
694 535 11850 11852 12172
695 535 11850 11852 12173
696 535 11850 11852 12174
697 535 11924 11926 12271
698 535 11924 11926 12272
699 535 11924 11926 12273
700 535 11945 11947 12295
701 535 11945 11947 12296
702 535 11945 11947 12297
703 535 12383 12385 12675
704 535 12383 12385 12676
705 535 12383 12385 12677
706 535 12405 12407 12702
707 535 12405 12407 12703
708 535 12405 12407 12704
709 535 12478 12480 12798
710 535 12478 12480 12799
711 535 12478 12480 12800
712 535 12500 12502 12822
713 535 12500 12502 12823
714 535 12500 12502 12824
715 535 12574 12576 12921
716 535 12574 12576 12922
717 535 12574 12576 12923
718 535 12595 12597 12945
719 535 12595 12597 12946
720 535 12595 12597 12947
721 543 33 32 36
722 543 55 54 58
723 543 128 127 131
724 543 150 149 153
725 543 224 223 227
726 543 245 244 248
727 543 683 682 686
728 543 705 704 708
729 543 778 777 781
730 543 800 799 803
731 543 874 873 877
732 543 895 894 898
733 543 1333 1332 1336
734 543 1355 1354 1358
735 543 1428 1427 1431
736 543 1450 1449 1453
737 543 1524 1523 1527
738 543 1545 1544 1548
739 543 1983 1982 1986
740 543 2005 2004 2008
741 543 2078 2077 2081
742 543 2100 2099 2103
743 543 2174 2173 2177
744 543 2195 2194 2198
745 543 2633 2632 2636
746 543 2655 2654 2658
747 543 2728 2727 2731
748 543 2750 2749 2753
749 543 2824 2823 2827
750 543 2845 2844 2848
751 543 3283 3282 3286
752 543 3305 3304 3308
753 543 3378 3377 3381
754 543 3400 3399 3403
755 543 3474 3473 3477
756 543 3495 3494 3498
757 543 3933 3932 3936
758 543 3955 3954 3958
759 543 4028 4027 4031
760 543 4050 4049 4053
761 543 4124 4123 4127
762 543 4145 4144 4148
763 543 4583 4582 4586
764 543 4605 4604 4608
765 543 4678 4677 4681
766 543 4700 4699 4703
767 543 4774 4773 4777
768 543 4795 4794 4798
769 543 5233 5232 5236
770 543 5255 5254 5258
771 543 5328 5327 5331
772 543 5350 5349 5353
773 543 5424 5423 5427
774 543 5445 5444 5448
775 543 5883 5882 5886
776 543 5905 5904 5908
777 543 5978 5977 5981
778 543 6000 5999 6003
779 543 6074 6073 6077
780 543 6095 6094 6098
781 543 6533 6532 6536
782 543 6555 6554 6558
783 543 6628 6627 6631
784 543 6650 6649 6653
785 543 6724 6723 6727
786 543 6745 6744 6748
787 543 7183 7182 7186
788 543 7205 7204 7208
789 543 7278 7277 7281
790 543 7300 7299 7303
791 543 7374 7373 7377
792 543 7395 7394 7398
793 543 7833 7832 7836
794 543 7855 7854 7858
795 543 7928 7927 7931
796 543 7950 7949 7953
797 543 8024 8023 8027
798 543 8045 8044 8048
799 543 8483 8482 8486
800 543 8505 8504 8508
801 543 8578 8577 8581
802 543 8600 8599 8603
803 543 8674 8673 8677
804 543 8695 8694 8698
805 543 9133 9132 9136
806 543 9155 9154 9158
807 543 9228 9227 9231
808 543 9250 9249 9253
809 543 9324 9323 9327
810 543 9345 9344 9348
811 543 9783 9782 9786
812 543 9805 9804 9808
813 543 9878 9877 9881
814 543 9900 9899 9903
815 543 9974 9973 9977
816 543 9995 9994 9998
817 543 10433 10432 10436
818 543 10455 10454 10458
819 543 10528 10527 10531
820 543 10550 10549 10553
821 543 10624 10623 10627
822 543 10645 10644 10648
823 543 11083 11082 11086
824 543 11105 11104 11108
825 543 11178 11177 11181
826 543 11200 11199 11203
827 543 11274 11273 11277
828 543 11295 11294 11298
829 543 11733 11732 11736
830 543 11755 11754 11758
831 543 11828 11827 11831
832 543 11850 11849 11853
833 543 11924 11923 11927
834 543 11945 11944 11948
835 543 12383 12382 12386
836 543 12405 12404 12408
837 543 12478 12477 12481
838 543 12500 12499 12503
839 543 12574 12573 12577
840 543 12595 12594 12598
841 675 4 5 6
842 675 5 6 7
843 675 24 25 26
844 675 25 26 27
845 675 45 46 47
846 675 46 47 48
847 675 68 69 70
848 675 69 70 71
849 675 76 77 78
850 675 77 78 79
851 675 78 79 80
852 675 79 80 81
853 675 80 81 82
854 675 81 82 83
855 675 82 83 84
856 675 83 84 85
857 675 98 99 100
858 675 99 100 101
859 675 118 119 120
860 675 119 120 121
861 675 140 141 142
862 675 141 142 143
863 675 163 164 165
864 675 164 165 166
865 675 171 172 173
866 675 172 173 174
867 675 173 174 175
868 675 174 175 176
869 675 175 176 177
870 675 176 177 178
871 675 177 178 179
872 675 178 179 180
873 675 193 194 195
874 675 194 195 196
875 675 213 214 215
876 675 214 215 216
877 675 236 237 238
878 675 237 238 239
879 675 258 259 260
880 675 259 260 261
881 675 266 267 268
882 675 267 268 269
883 675 268 269 270
884 675 269 270 271
885 675 270 271 272
886 675 271 272 273
887 675 272 273 274
888 675 273 274 275
889 675 654 655 656
890 675 655 656 657
891 675 674 675 676
892 675 675 676 677
893 675 695 696 697
894 675 696 697 698
895 675 718 719 720
896 675 719 720 721
897 675 726 727 728
898 675 727 728 729
899 675 728 729 730
900 675 729 730 731
901 675 730 731 732
902 675 731 732 733
903 675 732 733 734
904 675 733 734 735
905 675 748 749 750
906 675 749 750 751
907 675 768 769 770
908 675 769 770 771
909 675 790 791 792
910 675 791 792 793
911 675 813 814 815
912 675 814 815 816
913 675 821 822 823
914 675 822 823 824
915 675 823 824 825
916 675 824 825 826
917 675 825 826 827
918 675 826 827 828
919 675 827 828 829
920 675 828 829 830
921 675 843 844 845
922 675 844 845 846
923 675 863 864 865
924 675 864 865 866
925 675 886 887 888
926 675 887 888 889
927 675 908 909 910
928 675 909 910 911
929 675 916 917 918
930 675 917 918 919
931 675 918 919 920
932 675 919 920 921
933 675 920 921 922
934 675 921 922 923
935 675 922 923 924
936 675 923 924 925
937 675 1304 1305 1306
938 675 1305 1306 1307
939 675 1324 1325 1326
940 675 1325 1326 1327
941 675 1345 1346 1347
942 675 1346 1347 1348
943 675 1368 1369 1370
944 675 1369 1370 1371
945 675 1376 1377 1378
946 675 1377 1378 1379
947 675 1378 1379 1380
948 675 1379 1380 1381
949 675 1380 1381 1382
950 675 1381 1382 1383
951 675 1382 1383 1384
952 675 1383 1384 1385
953 675 1398 1399 1400
954 675 1399 1400 1401
955 675 1418 1419 1420
956 675 1419 1420 1421
957 675 1440 1441 1442
958 675 1441 1442 1443
959 675 1463 1464 1465
960 675 1464 1465 1466
961 675 1471 1472 1473
962 675 1472 1473 1474
963 675 1473 1474 1475
964 675 1474 1475 1476
965 675 1475 1476 1477
966 675 1476 1477 1478
967 675 1477 1478 1479
968 675 1478 1479 1480
969 675 1493 1494 1495
970 675 1494 1495 1496
971 675 1513 1514 1515
972 675 1514 1515 1516
973 675 1536 1537 1538
974 675 1537 1538 1539
975 675 1558 1559 1560
976 675 1559 1560 1561
977 675 1566 1567 1568
978 675 1567 1568 1569
979 675 1568 1569 1570
980 675 1569 1570 1571
981 675 1570 1571 1572
982 675 1571 1572 1573
983 675 1572 1573 1574
984 675 1573 1574 1575
985 675 1954 1955 1956
986 675 1955 1956 1957
987 675 1974 1975 1976
988 675 1975 1976 1977
989 675 1995 1996 1997
990 675 1996 1997 1998
991 675 2018 2019 2020
992 675 2019 2020 2021
993 675 2026 2027 2028
994 675 2027 2028 2029
995 675 2028 2029 2030
996 675 2029 2030 2031
997 675 2030 2031 2032
998 675 2031 2032 2033
999 675 2032 2033 2034
1000 675 2033 2034 2035
1001 675 2048 2049 2050
1002 675 2049 2050 2051
1003 675 2068 2069 2070
1004 675 2069 2070 2071
1005 675 2090 2091 2092
1006 675 2091 2092 2093
1007 675 2113 2114 2115
1008 675 2114 2115 2116
1009 675 2121 2122 2123
1010 675 2122 2123 2124
1011 675 2123 2124 2125
1012 675 2124 2125 2126
1013 675 2125 2126 2127
1014 675 2126 2127 2128
1015 675 2127 2128 2129
1016 675 2128 2129 2130
1017 675 2143 2144 2145
1018 675 2144 2145 2146
1019 675 2163 2164 2165
1020 675 2164 2165 2166
1021 675 2186 2187 2188
1022 675 2187 2188 2189
1023 675 2208 2209 2210
1024 675 2209 2210 2211
1025 675 2216 2217 2218
1026 675 2217 2218 2219
1027 675 2218 2219 2220
1028 675 2219 2220 2221
1029 675 2220 2221 2222
1030 675 2221 2222 2223
1031 675 2222 2223 2224
1032 675 2223 2224 2225
1033 675 2604 2605 2606
1034 675 2605 2606 2607
1035 675 2624 2625 2626
1036 675 2625 2626 2627
1037 675 2645 2646 2647
1038 675 2646 2647 2648
1039 675 2668 2669 2670
1040 675 2669 2670 2671
1041 675 2676 2677 2678
1042 675 2677 2678 2679
1043 675 2678 2679 2680
1044 675 2679 2680 2681
1045 675 2680 2681 2682
1046 675 2681 2682 2683
1047 675 2682 2683 2684
1048 675 2683 2684 2685
1049 675 2698 2699 2700
1050 675 2699 2700 2701
1051 675 2718 2719 2720
1052 675 2719 2720 2721
1053 675 2740 2741 2742
1054 675 2741 2742 2743
1055 675 2763 2764 2765
1056 675 2764 2765 2766
1057 675 2771 2772 2773
1058 675 2772 2773 2774
1059 675 2773 2774 2775
1060 675 2774 2775 2776
1061 675 2775 2776 2777
1062 675 2776 2777 2778
1063 675 2777 2778 2779
1064 675 2778 2779 2780
1065 675 2793 2794 2795
1066 675 2794 2795 2796
1067 675 2813 2814 2815
1068 675 2814 2815 2816
1069 675 2836 2837 2838
1070 675 2837 2838 2839
1071 675 2858 2859 2860
1072 675 2859 2860 2861
1073 675 2866 2867 2868
1074 675 2867 2868 2869
1075 675 2868 2869 2870
1076 675 2869 2870 2871
1077 675 2870 2871 2872
1078 675 2871 2872 2873
1079 675 2872 2873 2874
1080 675 2873 2874 2875
1081 675 3254 3255 3256
1082 675 3255 3256 3257
1083 675 3274 3275 3276
1084 675 3275 3276 3277
1085 675 3295 3296 3297
1086 675 3296 3297 3298
1087 675 3318 3319 3320
1088 675 3319 3320 3321
1089 675 3326 3327 3328
1090 675 3327 3328 3329
1091 675 3328 3329 3330
1092 675 3329 3330 3331
1093 675 3330 3331 3332
1094 675 3331 3332 3333
1095 675 3332 3333 3334
1096 675 3333 3334 3335
1097 675 3348 3349 3350
1098 675 3349 3350 3351
1099 675 3368 3369 3370
1100 675 3369 3370 3371
1101 675 3390 3391 3392
1102 675 3391 3392 3393
1103 675 3413 3414 3415
1104 675 3414 3415 3416
1105 675 3421 3422 3423
1106 675 3422 3423 3424
1107 675 3423 3424 3425
1108 675 3424 3425 3426
1109 675 3425 3426 3427
1110 675 3426 3427 3428
1111 675 3427 3428 3429
1112 675 3428 3429 3430
1113 675 3443 3444 3445
1114 675 3444 3445 3446
1115 675 3463 3464 3465
1116 675 3464 3465 3466
1117 675 3486 3487 3488
1118 675 3487 3488 3489
1119 675 3508 3509 3510
1120 675 3509 3510 3511
1121 675 3516 3517 3518
1122 675 3517 3518 3519
1123 675 3518 3519 3520
1124 675 3519 3520 3521
1125 675 3520 3521 3522
1126 675 3521 3522 3523
1127 675 3522 3523 3524
1128 675 3523 3524 3525
1129 675 3904 3905 3906
1130 675 3905 3906 3907
1131 675 3924 3925 3926
1132 675 3925 3926 3927
1133 675 3945 3946 3947
1134 675 3946 3947 3948
1135 675 3968 3969 3970
1136 675 3969 3970 3971
1137 675 3976 3977 3978
1138 675 3977 3978 3979
1139 675 3978 3979 3980
1140 675 3979 3980 3981
1141 675 3980 3981 3982
1142 675 3981 3982 3983
1143 675 3982 3983 3984
1144 675 3983 3984 3985
1145 675 3998 3999 4000
1146 675 3999 4000 4001
1147 675 4018 4019 4020
1148 675 4019 4020 4021
1149 675 4040 4041 4042
1150 675 4041 4042 4043
1151 675 4063 4064 4065
1152 675 4064 4065 4066
1153 675 4071 4072 4073
1154 675 4072 4073 4074
1155 675 4073 4074 4075
1156 675 4074 4075 4076
1157 675 4075 4076 4077
1158 675 4076 4077 4078
1159 675 4077 4078 4079
1160 675 4078 4079 4080
1161 675 4093 4094 4095
1162 675 4094 4095 4096
1163 675 4113 4114 4115
1164 675 4114 4115 4116
1165 675 4136 4137 4138
1166 675 4137 4138 4139
1167 675 4158 4159 4160
1168 675 4159 4160 4161
1169 675 4166 4167 4168
1170 675 4167 4168 4169
1171 675 4168 4169 4170
1172 675 4169 4170 4171
1173 675 4170 4171 4172
1174 675 4171 4172 4173
1175 675 4172 4173 4174
1176 675 4173 4174 4175
1177 675 4554 4555 4556
1178 675 4555 4556 4557
1179 675 4574 4575 4576
1180 675 4575 4576 4577
1181 675 4595 4596 4597
1182 675 4596 4597 4598
1183 675 4618 4619 4620
1184 675 4619 4620 4621
1185 675 4626 4627 4628
1186 675 4627 4628 4629
1187 675 4628 4629 4630
1188 675 4629 4630 4631
1189 675 4630 4631 4632
1190 675 4631 4632 4633
1191 675 4632 4633 4634
1192 675 4633 4634 4635
1193 675 4648 4649 4650
1194 675 4649 4650 4651
1195 675 4668 4669 4670
1196 675 4669 4670 4671
1197 675 4690 4691 4692
1198 675 4691 4692 4693
1199 675 4713 4714 4715
1200 675 4714 4715 4716
1201 675 4721 4722 4723
1202 675 4722 4723 4724
1203 675 4723 4724 4725
1204 675 4724 4725 4726
1205 675 4725 4726 4727
1206 675 4726 4727 4728
1207 675 4727 4728 4729
1208 675 4728 4729 4730
1209 675 4743 4744 4745
1210 675 4744 4745 4746
1211 675 4763 4764 4765
1212 675 4764 4765 4766
1213 675 4786 4787 4788
1214 675 4787 4788 4789
1215 675 4808 4809 4810
1216 675 4809 4810 4811
1217 675 4816 4817 4818
1218 675 4817 4818 4819
1219 675 4818 4819 4820
1220 675 4819 4820 4821
1221 675 4820 4821 4822
1222 675 4821 4822 4823
1223 675 4822 4823 4824
1224 675 4823 4824 4825
1225 675 5204 5205 5206
1226 675 5205 5206 5207
1227 675 5224 5225 5226
1228 675 5225 5226 5227
1229 675 5245 5246 5247
1230 675 5246 5247 5248
1231 675 5268 5269 5270
1232 675 5269 5270 5271
1233 675 5276 5277 5278
1234 675 5277 5278 5279
1235 675 5278 5279 5280
1236 675 5279 5280 5281
1237 675 5280 5281 5282
1238 675 5281 5282 5283
1239 675 5282 5283 5284
1240 675 5283 5284 5285
1241 675 5298 5299 5300
1242 675 5299 5300 5301
1243 675 5318 5319 5320
1244 675 5319 5320 5321
1245 675 5340 5341 5342
1246 675 5341 5342 5343
1247 675 5363 5364 5365
1248 675 5364 5365 5366
1249 675 5371 5372 5373
1250 675 5372 5373 5374
1251 675 5373 5374 5375
1252 675 5374 5375 5376
1253 675 5375 5376 5377
1254 675 5376 5377 5378
1255 675 5377 5378 5379
1256 675 5378 5379 5380
1257 675 5393 5394 5395
1258 675 5394 5395 5396
1259 675 5413 5414 5415
1260 675 5414 5415 5416
1261 675 5436 5437 5438
1262 675 5437 5438 5439
1263 675 5458 5459 5460
1264 675 5459 5460 5461
1265 675 5466 5467 5468
1266 675 5467 5468 5469
1267 675 5468 5469 5470
1268 675 5469 5470 5471
1269 675 5470 5471 5472
1270 675 5471 5472 5473
1271 675 5472 5473 5474
1272 675 5473 5474 5475
1273 675 5854 5855 5856
1274 675 5855 5856 5857
1275 675 5874 5875 5876
1276 675 5875 5876 5877
1277 675 5895 5896 5897
1278 675 5896 5897 5898
1279 675 5918 5919 5920
1280 675 5919 5920 5921
1281 675 5926 5927 5928
1282 675 5927 5928 5929
1283 675 5928 5929 5930
1284 675 5929 5930 5931
1285 675 5930 5931 5932
1286 675 5931 5932 5933
1287 675 5932 5933 5934
1288 675 5933 5934 5935
1289 675 5948 5949 5950
1290 675 5949 5950 5951
1291 675 5968 5969 5970
1292 675 5969 5970 5971
1293 675 5990 5991 5992
1294 675 5991 5992 5993
1295 675 6013 6014 6015
1296 675 6014 6015 6016
1297 675 6021 6022 6023
1298 675 6022 6023 6024
1299 675 6023 6024 6025
1300 675 6024 6025 6026
1301 675 6025 6026 6027
1302 675 6026 6027 6028
1303 675 6027 6028 6029
1304 675 6028 6029 6030
1305 675 6043 6044 6045
1306 675 6044 6045 6046
1307 675 6063 6064 6065
1308 675 6064 6065 6066
1309 675 6086 6087 6088
1310 675 6087 6088 6089
1311 675 6108 6109 6110
1312 675 6109 6110 6111
1313 675 6116 6117 6118
1314 675 6117 6118 6119
1315 675 6118 6119 6120
1316 675 6119 6120 6121
1317 675 6120 6121 6122
1318 675 6121 6122 6123
1319 675 6122 6123 6124
1320 675 6123 6124 6125
1321 675 6504 6505 6506
1322 675 6505 6506 6507
1323 675 6524 6525 6526
1324 675 6525 6526 6527
1325 675 6545 6546 6547
1326 675 6546 6547 6548
1327 675 6568 6569 6570
1328 675 6569 6570 6571
1329 675 6576 6577 6578
1330 675 6577 6578 6579
1331 675 6578 6579 6580
1332 675 6579 6580 6581
1333 675 6580 6581 6582
1334 675 6581 6582 6583
1335 675 6582 6583 6584
1336 675 6583 6584 6585
1337 675 6598 6599 6600
1338 675 6599 6600 6601
1339 675 6618 6619 6620
1340 675 6619 6620 6621
1341 675 6640 6641 6642
1342 675 6641 6642 6643
1343 675 6663 6664 6665
1344 675 6664 6665 6666
1345 675 6671 6672 6673
1346 675 6672 6673 6674
1347 675 6673 6674 6675
1348 675 6674 6675 6676
1349 675 6675 6676 6677
1350 675 6676 6677 6678
1351 675 6677 6678 6679
1352 675 6678 6679 6680
1353 675 6693 6694 6695
1354 675 6694 6695 6696
1355 675 6713 6714 6715
1356 675 6714 6715 6716
1357 675 6736 6737 6738
1358 675 6737 6738 6739
1359 675 6758 6759 6760
1360 675 6759 6760 6761
1361 675 6766 6767 6768
1362 675 6767 6768 6769
1363 675 6768 6769 6770
1364 675 6769 6770 6771
1365 675 6770 6771 6772
1366 675 6771 6772 6773
1367 675 6772 6773 6774
1368 675 6773 6774 6775
1369 675 7154 7155 7156
1370 675 7155 7156 7157
1371 675 7174 7175 7176
1372 675 7175 7176 7177
1373 675 7195 7196 7197
1374 675 7196 7197 7198
1375 675 7218 7219 7220
1376 675 7219 7220 7221
1377 675 7226 7227 7228
1378 675 7227 7228 7229
1379 675 7228 7229 7230
1380 675 7229 7230 7231
1381 675 7230 7231 7232
1382 675 7231 7232 7233
1383 675 7232 7233 7234
1384 675 7233 7234 7235
1385 675 7248 7249 7250
1386 675 7249 7250 7251
1387 675 7268 7269 7270
1388 675 7269 7270 7271
1389 675 7290 7291 7292
1390 675 7291 7292 7293
1391 675 7313 7314 7315
1392 675 7314 7315 7316
1393 675 7321 7322 7323
1394 675 7322 7323 7324
1395 675 7323 7324 7325
1396 675 7324 7325 7326
1397 675 7325 7326 7327
1398 675 7326 7327 7328
1399 675 7327 7328 7329
1400 675 7328 7329 7330
1401 675 7343 7344 7345
1402 675 7344 7345 7346
1403 675 7363 7364 7365
1404 675 7364 7365 7366
1405 675 7386 7387 7388
1406 675 7387 7388 7389
1407 675 7408 7409 7410
1408 675 7409 7410 7411
1409 675 7416 7417 7418
1410 675 7417 7418 7419
1411 675 7418 7419 7420
1412 675 7419 7420 7421
1413 675 7420 7421 7422
1414 675 7421 7422 7423
1415 675 7422 7423 7424
1416 675 7423 7424 7425
1417 675 7804 7805 7806
1418 675 7805 7806 7807
1419 675 7824 7825 7826
1420 675 7825 7826 7827
1421 675 7845 7846 7847
1422 675 7846 7847 7848
1423 675 7868 7869 7870
1424 675 7869 7870 7871
1425 675 7876 7877 7878
1426 675 7877 7878 7879
1427 675 7878 7879 7880
1428 675 7879 7880 7881
1429 675 7880 7881 7882
1430 675 7881 7882 7883
1431 675 7882 7883 7884
1432 675 7883 7884 7885
1433 675 7898 7899 7900
1434 675 7899 7900 7901
1435 675 7918 7919 7920
1436 675 7919 7920 7921
1437 675 7940 7941 7942
1438 675 7941 7942 7943
1439 675 7963 7964 7965
1440 675 7964 7965 7966
1441 675 7971 7972 7973
1442 675 7972 7973 7974
1443 675 7973 7974 7975
1444 675 7974 7975 7976
1445 675 7975 7976 7977
1446 675 7976 7977 7978
1447 675 7977 7978 7979
1448 675 7978 7979 7980
1449 675 7993 7994 7995
1450 675 7994 7995 7996
1451 675 8013 8014 8015
1452 675 8014 8015 8016
1453 675 8036 8037 8038
1454 675 8037 8038 8039
1455 675 8058 8059 8060
1456 675 8059 8060 8061
1457 675 8066 8067 8068
1458 675 8067 8068 8069
1459 675 8068 8069 8070
1460 675 8069 8070 8071
1461 675 8070 8071 8072
1462 675 8071 8072 8073
1463 675 8072 8073 8074
1464 675 8073 8074 8075
1465 675 8454 8455 8456
1466 675 8455 8456 8457
1467 675 8474 8475 8476
1468 675 8475 8476 8477
1469 675 8495 8496 8497
1470 675 8496 8497 8498
1471 675 8518 8519 8520
1472 675 8519 8520 8521
1473 675 8526 8527 8528
1474 675 8527 8528 8529
1475 675 8528 8529 8530
1476 675 8529 8530 8531
1477 675 8530 8531 8532
1478 675 8531 8532 8533
1479 675 8532 8533 8534
1480 675 8533 8534 8535
1481 675 8548 8549 8550
1482 675 8549 8550 8551
1483 675 8568 8569 8570
1484 675 8569 8570 8571
1485 675 8590 8591 8592
1486 675 8591 8592 8593
1487 675 8613 8614 8615
1488 675 8614 8615 8616
1489 675 8621 8622 8623
1490 675 8622 8623 8624
1491 675 8623 8624 8625
1492 675 8624 8625 8626
1493 675 8625 8626 8627
1494 675 8626 8627 8628
1495 675 8627 8628 8629
1496 675 8628 8629 8630
1497 675 8643 8644 8645
1498 675 8644 8645 8646
1499 675 8663 8664 8665
1500 675 8664 8665 8666
1501 675 8686 8687 8688
1502 675 8687 8688 8689
1503 675 8708 8709 8710
1504 675 8709 8710 8711
1505 675 8716 8717 8718
1506 675 8717 8718 8719
1507 675 8718 8719 8720
1508 675 8719 8720 8721
1509 675 8720 8721 8722
1510 675 8721 8722 8723
1511 675 8722 8723 8724
1512 675 8723 8724 8725
1513 675 9104 9105 9106
1514 675 9105 9106 9107
1515 675 9124 9125 9126
1516 675 9125 9126 9127
1517 675 9145 9146 9147
1518 675 9146 9147 9148
1519 675 9168 9169 9170
1520 675 9169 9170 9171
1521 675 9176 9177 9178
1522 675 9177 9178 9179
1523 675 9178 9179 9180
1524 675 9179 9180 9181
1525 675 9180 9181 9182
1526 675 9181 9182 9183
1527 675 9182 9183 9184
1528 675 9183 9184 9185
1529 675 9198 9199 9200
1530 675 9199 9200 9201
1531 675 9218 9219 9220
1532 675 9219 9220 9221
1533 675 9240 9241 9242
1534 675 9241 9242 9243
1535 675 9263 9264 9265
1536 675 9264 9265 9266
1537 675 9271 9272 9273
1538 675 9272 9273 9274
1539 675 9273 9274 9275
1540 675 9274 9275 9276
1541 675 9275 9276 9277
1542 675 9276 9277 9278
1543 675 9277 9278 9279
1544 675 9278 9279 9280
1545 675 9293 9294 9295
1546 675 9294 9295 9296
1547 675 9313 9314 9315
1548 675 9314 9315 9316
1549 675 9336 9337 9338
1550 675 9337 9338 9339
1551 675 9358 9359 9360
1552 675 9359 9360 9361
1553 675 9366 9367 9368
1554 675 9367 9368 9369
1555 675 9368 9369 9370
1556 675 9369 9370 9371
1557 675 9370 9371 9372
1558 675 9371 9372 9373
1559 675 9372 9373 9374
1560 675 9373 9374 9375
1561 675 9754 9755 9756
1562 675 9755 9756 9757
1563 675 9774 9775 9776
1564 675 9775 9776 9777
1565 675 9795 9796 9797
1566 675 9796 9797 9798
1567 675 9818 9819 9820
1568 675 9819 9820 9821
1569 675 9826 9827 9828
1570 675 9827 9828 9829
1571 675 9828 9829 9830
1572 675 9829 9830 9831
1573 675 9830 9831 9832
1574 675 9831 9832 9833
1575 675 9832 9833 9834
1576 675 9833 9834 9835
1577 675 9848 9849 9850
1578 675 9849 9850 9851
1579 675 9868 9869 9870
1580 675 9869 9870 9871
1581 675 9890 9891 9892
1582 675 9891 9892 9893
1583 675 9913 9914 9915
1584 675 9914 9915 9916
1585 675 9921 9922 9923
1586 675 9922 9923 9924
1587 675 9923 9924 9925
1588 675 9924 9925 9926
1589 675 9925 9926 9927
1590 675 9926 9927 9928
1591 675 9927 9928 9929
1592 675 9928 9929 9930
1593 675 9943 9944 9945
1594 675 9944 9945 9946
1595 675 9963 9964 9965
1596 675 9964 9965 9966
1597 675 9986 9987 9988
1598 675 9987 9988 9989
1599 675 10008 10009 10010
1600 675 10009 10010 10011
1601 675 10016 10017 10018
1602 675 10017 10018 10019
1603 675 10018 10019 10020
1604 675 10019 10020 10021
1605 675 10020 10021 10022
1606 675 10021 10022 10023
1607 675 10022 10023 10024
1608 675 10023 10024 10025
1609 675 10404 10405 10406
1610 675 10405 10406 10407
1611 675 10424 10425 10426
1612 675 10425 10426 10427
1613 675 10445 10446 10447
1614 675 10446 10447 10448
1615 675 10468 10469 10470
1616 675 10469 10470 10471
1617 675 10476 10477 10478
1618 675 10477 10478 10479
1619 675 10478 10479 10480
1620 675 10479 10480 10481
1621 675 10480 10481 10482
1622 675 10481 10482 10483
1623 675 10482 10483 10484
1624 675 10483 10484 10485
1625 675 10498 10499 10500
1626 675 10499 10500 10501
1627 675 10518 10519 10520
1628 675 10519 10520 10521
1629 675 10540 10541 10542
1630 675 10541 10542 10543
1631 675 10563 10564 10565
1632 675 10564 10565 10566
1633 675 10571 10572 10573
1634 675 10572 10573 10574
1635 675 10573 10574 10575
1636 675 10574 10575 10576
1637 675 10575 10576 10577
1638 675 10576 10577 10578
1639 675 10577 10578 10579
1640 675 10578 10579 10580
1641 675 10593 10594 10595
1642 675 10594 10595 10596
1643 675 10613 10614 10615
1644 675 10614 10615 10616
1645 675 10636 10637 10638
1646 675 10637 10638 10639
1647 675 10658 10659 10660
1648 675 10659 10660 10661
1649 675 10666 10667 10668
1650 675 10667 10668 10669
1651 675 10668 10669 10670
1652 675 10669 10670 10671
1653 675 10670 10671 10672
1654 675 10671 10672 10673
1655 675 10672 10673 10674
1656 675 10673 10674 10675
1657 675 11054 11055 11056
1658 675 11055 11056 11057
1659 675 11074 11075 11076
1660 675 11075 11076 11077
1661 675 11095 11096 11097
1662 675 11096 11097 11098
1663 675 11118 11119 11120
1664 675 11119 11120 11121
1665 675 11126 11127 11128
1666 675 11127 11128 11129
1667 675 11128 11129 11130
1668 675 11129 11130 11131
1669 675 11130 11131 11132
1670 675 11131 11132 11133
1671 675 11132 11133 11134
1672 675 11133 11134 11135
1673 675 11148 11149 11150
1674 675 11149 11150 11151
1675 675 11168 11169 11170
1676 675 11169 11170 11171
1677 675 11190 11191 11192
1678 675 11191 11192 11193
1679 675 11213 11214 11215
1680 675 11214 11215 11216
1681 675 11221 11222 11223
1682 675 11222 11223 11224
1683 675 11223 11224 11225
1684 675 11224 11225 11226
1685 675 11225 11226 11227
1686 675 11226 11227 11228
1687 675 11227 11228 11229
1688 675 11228 11229 11230
1689 675 11243 11244 11245
1690 675 11244 11245 11246
1691 675 11263 11264 11265
1692 675 11264 11265 11266
1693 675 11286 11287 11288
1694 675 11287 11288 11289
1695 675 11308 11309 11310
1696 675 11309 11310 11311
1697 675 11316 11317 11318
1698 675 11317 11318 11319
1699 675 11318 11319 11320
1700 675 11319 11320 11321
1701 675 11320 11321 11322
1702 675 11321 11322 11323
1703 675 11322 11323 11324
1704 675 11323 11324 11325
1705 675 11704 11705 11706
1706 675 11705 11706 11707
1707 675 11724 11725 11726
1708 675 11725 11726 11727
1709 675 11745 11746 11747
1710 675 11746 11747 11748
1711 675 11768 11769 11770
1712 675 11769 11770 11771
1713 675 11776 11777 11778
1714 675 11777 11778 11779
1715 675 11778 11779 11780
1716 675 11779 11780 11781
1717 675 11780 11781 11782
1718 675 11781 11782 11783
1719 675 11782 11783 11784
1720 675 11783 11784 11785
1721 675 11798 11799 11800
1722 675 11799 11800 11801
1723 675 11818 11819 11820
1724 675 11819 11820 11821
1725 675 11840 11841 11842
1726 675 11841 11842 11843
1727 675 11863 11864 11865
1728 675 11864 11865 11866
1729 675 11871 11872 11873
1730 675 11872 11873 11874
1731 675 11873 11874 11875
1732 675 11874 11875 11876
1733 675 11875 11876 11877
1734 675 11876 11877 11878
1735 675 11877 11878 11879
1736 675 11878 11879 11880
1737 675 11893 11894 11895
1738 675 11894 11895 11896
1739 675 11913 11914 11915
1740 675 11914 11915 11916
1741 675 11936 11937 11938
1742 675 11937 11938 11939
1743 675 11958 11959 11960
1744 675 11959 11960 11961
1745 675 11966 11967 11968
1746 675 11967 11968 11969
1747 675 11968 11969 11970
1748 675 11969 11970 11971
1749 675 11970 11971 11972
1750 675 11971 11972 11973
1751 675 11972 11973 11974
1752 675 11973 11974 11975
1753 675 12354 12355 12356
1754 675 12355 12356 12357
1755 675 12374 12375 12376
1756 675 12375 12376 12377
1757 675 12395 12396 12397
1758 675 12396 12397 12398
1759 675 12418 12419 12420
1760 675 12419 12420 12421
1761 675 12426 12427 12428
1762 675 12427 12428 12429
1763 675 12428 12429 12430
1764 675 12429 12430 12431
1765 675 12430 12431 12432
1766 675 12431 12432 12433
1767 675 12432 12433 12434
1768 675 12433 12434 12435
1769 675 12448 12449 12450
1770 675 12449 12450 12451
1771 675 12468 12469 12470
1772 675 12469 12470 12471
1773 675 12490 12491 12492
1774 675 12491 12492 12493
1775 675 12513 12514 12515
1776 675 12514 12515 12516
1777 675 12521 12522 12523
1778 675 12522 12523 12524
1779 675 12523 12524 12525
1780 675 12524 12525 12526
1781 675 12525 12526 12527
1782 675 12526 12527 12528
1783 675 12527 12528 12529
1784 675 12528 12529 12530
1785 675 12543 12544 12545
1786 675 12544 12545 12546
1787 675 12563 12564 12565
1788 675 12564 12565 12566
1789 675 12586 12587 12588
1790 675 12587 12588 12589
1791 675 12608 12609 12610
1792 675 12609 12610 12611
1793 675 12616 12617 12618
1794 675 12617 12618 12619
1795 675 12618 12619 12620
1796 675 12619 12620 12621
1797 675 12620 12621 12622
1798 675 12621 12622 12623
1799 675 12622 12623 12624
1800 675 12623 12624 12625
1801 675 6 7 31
1802 675 20 24 25
1803 675 41 45 46
1804 675 64 68 69
1805 675 100 101 126
1806 675 114 118 119
1807 675 136 140 141
1808 675 159 163 164
1809 675 209 213 214
1810 675 232 236 237
1811 675 254 258 259
1812 675 656 657 681
1813 675 670 674 675
1814 675 691 695 696
1815 675 714 718 719
1816 675 750 751 776
1817 675 764 768 769
1818 675 786 790 791
1819 675 809 813 814
1820 675 859 863 864
1821 675 882 886 887
1822 675 904 908 909
1823 675 1306 1307 1331
1824 675 1320 1324 1325
1825 675 1341 1345 1346
1826 675 1364 1368 1369
1827 675 1400 1401 1426
1828 675 1414 1418 1419
1829 675 1436 1440 1441
1830 675 1459 1463 1464
1831 675 1509 1513 1514
1832 675 1532 1536 1537
1833 675 1554 1558 1559
1834 675 1956 1957 1981
1835 675 1970 1974 1975
1836 675 1991 1995 1996
1837 675 2014 2018 2019
1838 675 2050 2051 2076
1839 675 2064 2068 2069
1840 675 2086 2090 2091
1841 675 2109 2113 2114
1842 675 2159 2163 2164
1843 675 2182 2186 2187
1844 675 2204 2208 2209
1845 675 2606 2607 2631
1846 675 2620 2624 2625
1847 675 2641 2645 2646
1848 675 2664 2668 2669
1849 675 2700 2701 2726
1850 675 2714 2718 2719
1851 675 2736 2740 2741
1852 675 2759 2763 2764
1853 675 2809 2813 2814
1854 675 2832 2836 2837
1855 675 2854 2858 2859
1856 675 3256 3257 3281
1857 675 3270 3274 3275
1858 675 3291 3295 3296
1859 675 3314 3318 3319
1860 675 3350 3351 3376
1861 675 3364 3368 3369
1862 675 3386 3390 3391
1863 675 3409 3413 3414
1864 675 3459 3463 3464
1865 675 3482 3486 3487
1866 675 3504 3508 3509
1867 675 3906 3907 3931
1868 675 3920 3924 3925
1869 675 3941 3945 3946
1870 675 3964 3968 3969
1871 675 4000 4001 4026
1872 675 4014 4018 4019
1873 675 4036 4040 4041
1874 675 4059 4063 4064
1875 675 4109 4113 4114
1876 675 4132 4136 4137
1877 675 4154 4158 4159
1878 675 4556 4557 4581
1879 675 4570 4574 4575
1880 675 4591 4595 4596
1881 675 4614 4618 4619
1882 675 4650 4651 4676
1883 675 4664 4668 4669
1884 675 4686 4690 4691
1885 675 4709 4713 4714
1886 675 4759 4763 4764
1887 675 4782 4786 4787
1888 675 4804 4808 4809
1889 675 5206 5207 5231
1890 675 5220 5224 5225
1891 675 5241 5245 5246
1892 675 5264 5268 5269
1893 675 5300 5301 5326
1894 675 5314 5318 5319
1895 675 5336 5340 5341
1896 675 5359 5363 5364
1897 675 5409 5413 5414
1898 675 5432 5436 5437
1899 675 5454 5458 5459
1900 675 5856 5857 5881
1901 675 5870 5874 5875
1902 675 5891 5895 5896
1903 675 5914 5918 5919
1904 675 5950 5951 5976
1905 675 5964 5968 5969
1906 675 5986 5990 5991
1907 675 6009 6013 6014
1908 675 6059 6063 6064
1909 675 6082 6086 6087
1910 675 6104 6108 6109
1911 675 6506 6507 6531
1912 675 6520 6524 6525
1913 675 6541 6545 6546
1914 675 6564 6568 6569
1915 675 6600 6601 6626
1916 675 6614 6618 6619
1917 675 6636 6640 6641
1918 675 6659 6663 6664
1919 675 6709 6713 6714
1920 675 6732 6736 6737
1921 675 6754 6758 6759
1922 675 7156 7157 7181
1923 675 7170 7174 7175
1924 675 7191 7195 7196
1925 675 7214 7218 7219
1926 675 7250 7251 7276
1927 675 7264 7268 7269
1928 675 7286 7290 7291
1929 675 7309 7313 7314
1930 675 7359 7363 7364
1931 675 7382 7386 7387
1932 675 7404 7408 7409
1933 675 7806 7807 7831
1934 675 7820 7824 7825
1935 675 7841 7845 7846
1936 675 7864 7868 7869
1937 675 7900 7901 7926
1938 675 7914 7918 7919
1939 675 7936 7940 7941
1940 675 7959 7963 7964
1941 675 8009 8013 8014
1942 675 8032 8036 8037
1943 675 8054 8058 8059
1944 675 8456 8457 8481
1945 675 8470 8474 8475
1946 675 8491 8495 8496
1947 675 8514 8518 8519
1948 675 8550 8551 8576
1949 675 8564 8568 8569
1950 675 8586 8590 8591
1951 675 8609 8613 8614
1952 675 8659 8663 8664
1953 675 8682 8686 8687
1954 675 8704 8708 8709
1955 675 9106 9107 9131
1956 675 9120 9124 9125
1957 675 9141 9145 9146
1958 675 9164 9168 9169
1959 675 9200 9201 9226
1960 675 9214 9218 9219
1961 675 9236 9240 9241
1962 675 9259 9263 9264
1963 675 9309 9313 9314
1964 675 9332 9336 9337
1965 675 9354 9358 9359
1966 675 9756 9757 9781
1967 675 9770 9774 9775
1968 675 9791 9795 9796
1969 675 9814 9818 9819
1970 675 9850 9851 9876
1971 675 9864 9868 9869
1972 675 9886 9890 9891
1973 675 9909 9913 9914
1974 675 9959 9963 9964
1975 675 9982 9986 9987
1976 675 10004 10008 10009
1977 675 10406 10407 10431
1978 675 10420 10424 10425
1979 675 10441 10445 10446
1980 675 10464 10468 10469
1981 675 10500 10501 10526
1982 675 10514 10518 10519
1983 675 10536 10540 10541
1984 675 10559 10563 10564
1985 675 10609 10613 10614
1986 675 10632 10636 10637
1987 675 10654 10658 10659
1988 675 11056 11057 11081
1989 675 11070 11074 11075
1990 675 11091 11095 11096
1991 675 11114 11118 11119
1992 675 11150 11151 11176
1993 675 11164 11168 11169
1994 675 11186 11190 11191
1995 675 11209 11213 11214
1996 675 11259 11263 11264
1997 675 11282 11286 11287
1998 675 11304 11308 11309
1999 675 11706 11707 11731
2000 675 11720 11724 11725
2001 675 11741 11745 11746
2002 675 11764 11768 11769
2003 675 11800 11801 11826
2004 675 11814 11818 11819
2005 675 11836 11840 11841
2006 675 11859 11863 11864
2007 675 11909 11913 11914
2008 675 11932 11936 11937
2009 675 11954 11958 11959
2010 675 12356 12357 12381
2011 675 12370 12374 12375
2012 675 12391 12395 12396
2013 675 12414 12418 12419
2014 675 12450 12451 12476
2015 675 12464 12468 12469
2016 675 12486 12490 12491
2017 675 12509 12513 12514
2018 675 12559 12563 12564
2019 675 12582 12586 12587
2020 675 12604 12608 12609
2021 675 7 31 10
2022 675 21 20 24
2023 675 42 41 45
2024 675 65 64 68
2025 675 101 126 104
2026 675 115 114 118
2027 675 137 136 140
2028 675 160 159 163
2029 675 210 209 213
2030 675 233 232 236
2031 675 255 254 258
2032 675 657 681 660
2033 675 671 670 674
2034 675 692 691 695
2035 675 715 714 718
2036 675 751 776 754
2037 675 765 764 768
2038 675 787 786 790
2039 675 810 809 813
2040 675 860 859 863
2041 675 883 882 886
2042 675 905 904 908
2043 675 1307 1331 1310
2044 675 1321 1320 1324
2045 675 1342 1341 1345
2046 675 1365 1364 1368
2047 675 1401 1426 1404
2048 675 1415 1414 1418
2049 675 1437 1436 1440
2050 675 1460 1459 1463
2051 675 1510 1509 1513
2052 675 1533 1532 1536
2053 675 1555 1554 1558
2054 675 1957 1981 1960
2055 675 1971 1970 1974
2056 675 1992 1991 1995
2057 675 2015 2014 2018
2058 675 2051 2076 2054
2059 675 2065 2064 2068
2060 675 2087 2086 2090
2061 675 2110 2109 2113
2062 675 2160 2159 2163
2063 675 2183 2182 2186
2064 675 2205 2204 2208
2065 675 2607 2631 2610
2066 675 2621 2620 2624
2067 675 2642 2641 2645
2068 675 2665 2664 2668
2069 675 2701 2726 2704
2070 675 2715 2714 2718
2071 675 2737 2736 2740
2072 675 2760 2759 2763
2073 675 2810 2809 2813
2074 675 2833 2832 2836
2075 675 2855 2854 2858
2076 675 3257 3281 3260
2077 675 3271 3270 3274
2078 675 3292 3291 3295
2079 675 3315 3314 3318
2080 675 3351 3376 3354
2081 675 3365 3364 3368
2082 675 3387 3386 3390
2083 675 3410 3409 3413
2084 675 3460 3459 3463
2085 675 3483 3482 3486
2086 675 3505 3504 3508
2087 675 3907 3931 3910
2088 675 3921 3920 3924
2089 675 3942 3941 3945
2090 675 3965 3964 3968
2091 675 4001 4026 4004
2092 675 4015 4014 4018
2093 675 4037 4036 4040
2094 675 4060 4059 4063
2095 675 4110 4109 4113
2096 675 4133 4132 4136
2097 675 4155 4154 4158
2098 675 4557 4581 4560
2099 675 4571 4570 4574
2100 675 4592 4591 4595
2101 675 4615 4614 4618
2102 675 4651 4676 4654
2103 675 4665 4664 4668
2104 675 4687 4686 4690
2105 675 4710 4709 4713
2106 675 4760 4759 4763
2107 675 4783 4782 4786
2108 675 4805 4804 4808
2109 675 5207 5231 5210
2110 675 5221 5220 5224
2111 675 5242 5241 5245
2112 675 5265 5264 5268
2113 675 5301 5326 5304
2114 675 5315 5314 5318
2115 675 5337 5336 5340
2116 675 5360 5359 5363
2117 675 5410 5409 5413
2118 675 5433 5432 5436
2119 675 5455 5454 5458
2120 675 5857 5881 5860
2121 675 5871 5870 5874
2122 675 5892 5891 5895
2123 675 5915 5914 5918
2124 675 5951 5976 5954
2125 675 5965 5964 5968
2126 675 5987 5986 5990
2127 675 6010 6009 6013
2128 675 6060 6059 6063
2129 675 6083 6082 6086
2130 675 6105 6104 6108
2131 675 6507 6531 6510
2132 675 6521 6520 6524
2133 675 6542 6541 6545
2134 675 6565 6564 6568
2135 675 6601 6626 6604
2136 675 6615 6614 6618
2137 675 6637 6636 6640
2138 675 6660 6659 6663
2139 675 6710 6709 6713
2140 675 6733 6732 6736
2141 675 6755 6754 6758
2142 675 7157 7181 7160
2143 675 7171 7170 7174
2144 675 7192 7191 7195
2145 675 7215 7214 7218
2146 675 7251 7276 7254
2147 675 7265 7264 7268
2148 675 7287 7286 7290
2149 675 7310 7309 7313
2150 675 7360 7359 7363
2151 675 7383 7382 7386
2152 675 7405 7404 7408
2153 675 7807 7831 7810
2154 675 7821 7820 7824
2155 675 7842 7841 7845
2156 675 7865 7864 7868
2157 675 7901 7926 7904
2158 675 7915 7914 7918
2159 675 7937 7936 7940
2160 675 7960 7959 7963
2161 675 8010 8009 8013
2162 675 8033 8032 8036
2163 675 8055 8054 8058
2164 675 8457 8481 8460
2165 675 8471 8470 8474
2166 675 8492 8491 8495
2167 675 8515 8514 8518
2168 675 8551 8576 8554
2169 675 8565 8564 8568
2170 675 8587 8586 8590
2171 675 8610 8609 8613
2172 675 8660 8659 8663
2173 675 8683 8682 8686
2174 675 8705 8704 8708
2175 675 9107 9131 9110
2176 675 9121 9120 9124
2177 675 9142 9141 9145
2178 675 9165 9164 9168
2179 675 9201 9226 9204
2180 675 9215 9214 9218
2181 675 9237 9236 9240
2182 675 9260 9259 9263
2183 675 9310 9309 9313
2184 675 9333 9332 9336
2185 675 9355 9354 9358
2186 675 9757 9781 9760
2187 675 9771 9770 9774
2188 675 9792 9791 9795
2189 675 9815 9814 9818
2190 675 9851 9876 9854
2191 675 9865 9864 9868
2192 675 9887 9886 9890
2193 675 9910 9909 9913
2194 675 9960 9959 9963
2195 675 9983 9982 9986
2196 675 10005 10004 10008
2197 675 10407 10431 10410
2198 675 10421 10420 10424
2199 675 10442 10441 10445
2200 675 10465 10464 10468
2201 675 10501 10526 10504
2202 675 10515 10514 10518
2203 675 10537 10536 10540
2204 675 10560 10559 10563
2205 675 10610 10609 10613
2206 675 10633 10632 10636
2207 675 10655 10654 10658
2208 675 11057 11081 11060
2209 675 11071 11070 11074
2210 675 11092 11091 11095
2211 675 11115 11114 11118
2212 675 11151 11176 11154
2213 675 11165 11164 11168
2214 675 11187 11186 11190
2215 675 11210 11209 11213
2216 675 11260 11259 11263
2217 675 11283 11282 11286
2218 675 11305 11304 11308
2219 675 11707 11731 11710
2220 675 11721 11720 11724
2221 675 11742 11741 11745
2222 675 11765 11764 11768
2223 675 11801 11826 11804
2224 675 11815 11814 11818
2225 675 11837 11836 11840
2226 675 11860 11859 11863
2227 675 11910 11909 11913
2228 675 11933 11932 11936
2229 675 11955 11954 11958
2230 675 12357 12381 12360
2231 675 12371 12370 12374
2232 675 12392 12391 12395
2233 675 12415 12414 12418
2234 675 12451 12476 12454
2235 675 12465 12464 12468
2236 675 12487 12486 12490
2237 675 12510 12509 12513
2238 675 12560 12559 12563
2239 675 12583 12582 12586
2240 675 12605 12604 12608
2241 675 9 10 31
2242 675 20 21 22
2243 675 64 65 66
2244 675 103 104 126
2245 675 114 115 116
2246 675 136 137 138
2247 675 159 160 161
2248 675 209 210 211
2249 675 232 233 234
2250 675 254 255 256
2251 675 659 660 681
2252 675 670 671 672
2253 675 714 715 716
2254 675 753 754 776
2255 675 764 765 766
2256 675 786 787 788
2257 675 809 810 811
2258 675 859 860 861
2259 675 882 883 884
2260 675 904 905 906
2261 675 1309 1310 1331
2262 675 1320 1321 1322
2263 675 1364 1365 1366
2264 675 1403 1404 1426
2265 675 1414 1415 1416
2266 675 1436 1437 1438
2267 675 1459 1460 1461
2268 675 1509 1510 1511
2269 675 1532 1533 1534
2270 675 1554 1555 1556
2271 675 1959 1960 1981
2272 675 1970 1971 1972
2273 675 2014 2015 2016
2274 675 2053 2054 2076
2275 675 2064 2065 2066
2276 675 2086 2087 2088
2277 675 2109 2110 2111
2278 675 2159 2160 2161
2279 675 2182 2183 2184
2280 675 2204 2205 2206
2281 675 2609 2610 2631
2282 675 2620 2621 2622
2283 675 2664 2665 2666
2284 675 2703 2704 2726
2285 675 2714 2715 2716
2286 675 2736 2737 2738
2287 675 2759 2760 2761
2288 675 2809 2810 2811
2289 675 2832 2833 2834
2290 675 2854 2855 2856
2291 675 3259 3260 3281
2292 675 3270 3271 3272
2293 675 3314 3315 3316
2294 675 3353 3354 3376
2295 675 3364 3365 3366
2296 675 3386 3387 3388
2297 675 3409 3410 3411
2298 675 3459 3460 3461
2299 675 3482 3483 3484
2300 675 3504 3505 3506
2301 675 3909 3910 3931
2302 675 3920 3921 3922
2303 675 3964 3965 3966
2304 675 4003 4004 4026
2305 675 4014 4015 4016
2306 675 4036 4037 4038
2307 675 4059 4060 4061
2308 675 4109 4110 4111
2309 675 4132 4133 4134
2310 675 4154 4155 4156
2311 675 4559 4560 4581
2312 675 4570 4571 4572
2313 675 4614 4615 4616
2314 675 4653 4654 4676
2315 675 4664 4665 4666
2316 675 4686 4687 4688
2317 675 4709 4710 4711
2318 675 4759 4760 4761
2319 675 4782 4783 4784
2320 675 4804 4805 4806
2321 675 5209 5210 5231
2322 675 5220 5221 5222
2323 675 5264 5265 5266
2324 675 5303 5304 5326
2325 675 5314 5315 5316
2326 675 5336 5337 5338
2327 675 5359 5360 5361
2328 675 5409 5410 5411
2329 675 5432 5433 5434
2330 675 5454 5455 5456
2331 675 5859 5860 5881
2332 675 5870 5871 5872
2333 675 5914 5915 5916
2334 675 5953 5954 5976
2335 675 5964 5965 5966
2336 675 5986 5987 5988
2337 675 6009 6010 6011
2338 675 6059 6060 6061
2339 675 6082 6083 6084
2340 675 6104 6105 6106
2341 675 6509 6510 6531
2342 675 6520 6521 6522
2343 675 6564 6565 6566
2344 675 6603 6604 6626
2345 675 6614 6615 6616
2346 675 6636 6637 6638
2347 675 6659 6660 6661
2348 675 6709 6710 6711
2349 675 6732 6733 6734
2350 675 6754 6755 6756
2351 675 7159 7160 7181
2352 675 7170 7171 7172
2353 675 7214 7215 7216
2354 675 7253 7254 7276
2355 675 7264 7265 7266
2356 675 7286 7287 7288
2357 675 7309 7310 7311
2358 675 7359 7360 7361
2359 675 7382 7383 7384
2360 675 7404 7405 7406
2361 675 7809 7810 7831
2362 675 7820 7821 7822
2363 675 7864 7865 7866
2364 675 7903 7904 7926
2365 675 7914 7915 7916
2366 675 7936 7937 7938
2367 675 7959 7960 7961
2368 675 8009 8010 8011
2369 675 8032 8033 8034
2370 675 8054 8055 8056
2371 675 8459 8460 8481
2372 675 8470 8471 8472
2373 675 8514 8515 8516
2374 675 8553 8554 8576
2375 675 8564 8565 8566
2376 675 8586 8587 8588
2377 675 8609 8610 8611
2378 675 8659 8660 8661
2379 675 8682 8683 8684
2380 675 8704 8705 8706
2381 675 9109 9110 9131
2382 675 9120 9121 9122
2383 675 9164 9165 9166
2384 675 9203 9204 9226
2385 675 9214 9215 9216
2386 675 9236 9237 9238
2387 675 9259 9260 9261
2388 675 9309 9310 9311
2389 675 9332 9333 9334
2390 675 9354 9355 9356
2391 675 9759 9760 9781
2392 675 9770 9771 9772
2393 675 9814 9815 9816
2394 675 9853 9854 9876
2395 675 9864 9865 9866
2396 675 9886 9887 9888
2397 675 9909 9910 9911
2398 675 9959 9960 9961
2399 675 9982 9983 9984
2400 675 10004 10005 10006
2401 675 10409 10410 10431
2402 675 10420 10421 10422
2403 675 10464 10465 10466
2404 675 10503 10504 10526
2405 675 10514 10515 10516
2406 675 10536 10537 10538
2407 675 10559 10560 10561
2408 675 10609 10610 10611
2409 675 10632 10633 10634
2410 675 10654 10655 10656
2411 675 11059 11060 11081
2412 675 11070 11071 11072
2413 675 11114 11115 11116
2414 675 11153 11154 11176
2415 675 11164 11165 11166
2416 675 11186 11187 11188
2417 675 11209 11210 11211
2418 675 11259 11260 11261
2419 675 11282 11283 11284
2420 675 11304 11305 11306
2421 675 11709 11710 11731
2422 675 11720 11721 11722
2423 675 11764 11765 11766
2424 675 11803 11804 11826
2425 675 11814 11815 11816
2426 675 11836 11837 11838
2427 675 11859 11860 11861
2428 675 11909 11910 11911
2429 675 11932 11933 11934
2430 675 11954 11955 11956
2431 675 12359 12360 12381
2432 675 12370 12371 12372
2433 675 12414 12415 12416
2434 675 12453 12454 12476
2435 675 12464 12465 12466
2436 675 12486 12487 12488
2437 675 12509 12510 12511
2438 675 12559 12560 12561
2439 675 12582 12583 12584
2440 675 12604 12605 12606
2441 675 12 13 93
2442 675 106 107 188
2443 675 201 202 283
2444 675 662 663 743
2445 675 756 757 838
2446 675 851 852 933
2447 675 1312 1313 1393
2448 675 1406 1407 1488
2449 675 1501 1502 1583
2450 675 1962 1963 2043
2451 675 2056 2057 2138
2452 675 2151 2152 2233
2453 675 2612 2613 2693
2454 675 2706 2707 2788
2455 675 2801 2802 2883
2456 675 3262 3263 3343
2457 675 3356 3357 3438
2458 675 3451 3452 3533
2459 675 3912 3913 3993
2460 675 4006 4007 4088
2461 675 4101 4102 4183
2462 675 4562 4563 4643
2463 675 4656 4657 4738
2464 675 4751 4752 4833
2465 675 5212 5213 5293
2466 675 5306 5307 5388
2467 675 5401 5402 5483
2468 675 5862 5863 5943
2469 675 5956 5957 6038
2470 675 6051 6052 6133
2471 675 6512 6513 6593
2472 675 6606 6607 6688
2473 675 6701 6702 6783
2474 675 7162 7163 7243
2475 675 7256 7257 7338
2476 675 7351 7352 7433
2477 675 7812 7813 7893
2478 675 7906 7907 7988
2479 675 8001 8002 8083
2480 675 8462 8463 8543
2481 675 8556 8557 8638
2482 675 8651 8652 8733
2483 675 9112 9113 9193
2484 675 9206 9207 9288
2485 675 9301 9302 9383
2486 675 9762 9763 9843
2487 675 9856 9857 9938
2488 675 9951 9952 10033
2489 675 10412 10413 10493
2490 675 10506 10507 10588
2491 675 10601 10602 10683
2492 675 11062 11063 11143
2493 675 11156 11157 11238
2494 675 11251 11252 11333
2495 675 11712 11713 11793
2496 675 11806 11807 11888
2497 675 11901 11902 11983
2498 675 12362 12363 12443
2499 675 12456 12457 12538
2500 675 12551 12552 12633
2501 675 13 12 14
2502 675 13 12 94
2503 675 107 106 108
2504 675 107 106 189
2505 675 202 201 203
2506 675 202 201 284
2507 675 663 662 664
2508 675 663 662 744
2509 675 757 756 758
2510 675 757 756 839
2511 675 852 851 853
2512 675 852 851 934
2513 675 1313 1312 1314
2514 675 1313 1312 1394
2515 675 1407 1406 1408
2516 675 1407 1406 1489
2517 675 1502 1501 1503
2518 675 1502 1501 1584
2519 675 1963 1962 1964
2520 675 1963 1962 2044
2521 675 2057 2056 2058
2522 675 2057 2056 2139
2523 675 2152 2151 2153
2524 675 2152 2151 2234
2525 675 2613 2612 2614
2526 675 2613 2612 2694
2527 675 2707 2706 2708
2528 675 2707 2706 2789
2529 675 2802 2801 2803
2530 675 2802 2801 2884
2531 675 3263 3262 3264
2532 675 3263 3262 3344
2533 675 3357 3356 3358
2534 675 3357 3356 3439
2535 675 3452 3451 3453
2536 675 3452 3451 3534
2537 675 3913 3912 3914
2538 675 3913 3912 3994
2539 675 4007 4006 4008
2540 675 4007 4006 4089
2541 675 4102 4101 4103
2542 675 4102 4101 4184
2543 675 4563 4562 4564
2544 675 4563 4562 4644
2545 675 4657 4656 4658
2546 675 4657 4656 4739
2547 675 4752 4751 4753
2548 675 4752 4751 4834
2549 675 5213 5212 5214
2550 675 5213 5212 5294
2551 675 5307 5306 5308
2552 675 5307 5306 5389
2553 675 5402 5401 5403
2554 675 5402 5401 5484
2555 675 5863 5862 5864
2556 675 5863 5862 5944
2557 675 5957 5956 5958
2558 675 5957 5956 6039
2559 675 6052 6051 6053
2560 675 6052 6051 6134
2561 675 6513 6512 6514
2562 675 6513 6512 6594
2563 675 6607 6606 6608
2564 675 6607 6606 6689
2565 675 6702 6701 6703
2566 675 6702 6701 6784
2567 675 7163 7162 7164
2568 675 7163 7162 7244
2569 675 7257 7256 7258
2570 675 7257 7256 7339
2571 675 7352 7351 7353
2572 675 7352 7351 7434
2573 675 7813 7812 7814
2574 675 7813 7812 7894
2575 675 7907 7906 7908
2576 675 7907 7906 7989
2577 675 8002 8001 8003
2578 675 8002 8001 8084
2579 675 8463 8462 8464
2580 675 8463 8462 8544
2581 675 8557 8556 8558
2582 675 8557 8556 8639
2583 675 8652 8651 8653
2584 675 8652 8651 8734
2585 675 9113 9112 9114
2586 675 9113 9112 9194
2587 675 9207 9206 9208
2588 675 9207 9206 9289
2589 675 9302 9301 9303
2590 675 9302 9301 9384
2591 675 9763 9762 9764
2592 675 9763 9762 9844
2593 675 9857 9856 9858
2594 675 9857 9856 9939
2595 675 9952 9951 9953
2596 675 9952 9951 10034
2597 675 10413 10412 10414
2598 675 10413 10412 10494
2599 675 10507 10506 10508
2600 675 10507 10506 10589
2601 675 10602 10601 10603
2602 675 10602 10601 10684
2603 675 11063 11062 11064
2604 675 11063 11062 11144
2605 675 11157 11156 11158
2606 675 11157 11156 11239
2607 675 11252 11251 11253
2608 675 11252 11251 11334
2609 675 11713 11712 11714
2610 675 11713 11712 11794
2611 675 11807 11806 11808
2612 675 11807 11806 11889
2613 675 11902 11901 11903
2614 675 11902 11901 11984
2615 675 12363 12362 12364
2616 675 12363 12362 12444
2617 675 12457 12456 12458
2618 675 12457 12456 12539
2619 675 12552 12551 12553
2620 675 12552 12551 12634
2621 675 13 93 88
2622 675 107 188 183
2623 675 202 283 278
2624 675 663 743 738
2625 675 757 838 833
2626 675 852 933 928
2627 675 1313 1393 1388
2628 675 1407 1488 1483
2629 675 1502 1583 1578
2630 675 1963 2043 2038
2631 675 2057 2138 2133
2632 675 2152 2233 2228
2633 675 2613 2693 2688
2634 675 2707 2788 2783
2635 675 2802 2883 2878
2636 675 3263 3343 3338
2637 675 3357 3438 3433
2638 675 3452 3533 3528
2639 675 3913 3993 3988
2640 675 4007 4088 4083
2641 675 4102 4183 4178
2642 675 4563 4643 4638
2643 675 4657 4738 4733
2644 675 4752 4833 4828
2645 675 5213 5293 5288
2646 675 5307 5388 5383
2647 675 5402 5483 5478
2648 675 5863 5943 5938
2649 675 5957 6038 6033
2650 675 6052 6133 6128
2651 675 6513 6593 6588
2652 675 6607 6688 6683
2653 675 6702 6783 6778
2654 675 7163 7243 7238
2655 675 7257 7338 7333
2656 675 7352 7433 7428
2657 675 7813 7893 7888
2658 675 7907 7988 7983
2659 675 8002 8083 8078
2660 675 8463 8543 8538
2661 675 8557 8638 8633
2662 675 8652 8733 8728
2663 675 9113 9193 9188
2664 675 9207 9288 9283
2665 675 9302 9383 9378
2666 675 9763 9843 9838
2667 675 9857 9938 9933
2668 675 9952 10033 10028
2669 675 10413 10493 10488
2670 675 10507 10588 10583
2671 675 10602 10683 10678
2672 675 11063 11143 11138
2673 675 11157 11238 11233
2674 675 11252 11333 11328
2675 675 11713 11793 11788
2676 675 11807 11888 11883
2677 675 11902 11983 11978
2678 675 12363 12443 12438
2679 675 12457 12538 12533
2680 675 12552 12633 12628
2681 675 14 12 94
2682 675 108 106 189
2683 675 203 201 284
2684 675 664 662 744
2685 675 758 756 839
2686 675 853 851 934
2687 675 1314 1312 1394
2688 675 1408 1406 1489
2689 675 1503 1501 1584
2690 675 1964 1962 2044
2691 675 2058 2056 2139
2692 675 2153 2151 2234
2693 675 2614 2612 2694
2694 675 2708 2706 2789
2695 675 2803 2801 2884
2696 675 3264 3262 3344
2697 675 3358 3356 3439
2698 675 3453 3451 3534
2699 675 3914 3912 3994
2700 675 4008 4006 4089
2701 675 4103 4101 4184
2702 675 4564 4562 4644
2703 675 4658 4656 4739
2704 675 4753 4751 4834
2705 675 5214 5212 5294
2706 675 5308 5306 5389
2707 675 5403 5401 5484
2708 675 5864 5862 5944
2709 675 5958 5956 6039
2710 675 6053 6051 6134
2711 675 6514 6512 6594
2712 675 6608 6606 6689
2713 675 6703 6701 6784
2714 675 7164 7162 7244
2715 675 7258 7256 7339
2716 675 7353 7351 7434
2717 675 7814 7812 7894
2718 675 7908 7906 7989
2719 675 8003 8001 8084
2720 675 8464 8462 8544
2721 675 8558 8556 8639
2722 675 8653 8651 8734
2723 675 9114 9112 9194
2724 675 9208 9206 9289
2725 675 9303 9301 9384
2726 675 9764 9762 9844
2727 675 9858 9856 9939
2728 675 9953 9951 10034
2729 675 10414 10412 10494
2730 675 10508 10506 10589
2731 675 10603 10601 10684
2732 675 11064 11062 11144
2733 675 11158 11156 11239
2734 675 11253 11251 11334
2735 675 11714 11712 11794
2736 675 11808 11806 11889
2737 675 11903 11901 11984
2738 675 12364 12362 12444
2739 675 12458 12456 12539
2740 675 12553 12551 12634
2741 675 17 18 19
2742 675 38 39 40
2743 675 60 61 62
2744 675 111 112 113
2745 675 133 134 135
2746 675 155 156 157
2747 675 206 207 208
2748 675 229 230 231
2749 675 250 251 252
2750 675 667 668 669
2751 675 688 689 690
2752 675 710 711 712
2753 675 761 762 763
2754 675 783 784 785
2755 675 805 806 807
2756 675 856 857 858
2757 675 879 880 881
2758 675 900 901 902
2759 675 1317 1318 1319
2760 675 1338 1339 1340
2761 675 1360 1361 1362
2762 675 1411 1412 1413
2763 675 1433 1434 1435
2764 675 1455 1456 1457
2765 675 1506 1507 1508
2766 675 1529 1530 1531
2767 675 1550 1551 1552
2768 675 1967 1968 1969
2769 675 1988 1989 1990
2770 675 2010 2011 2012
2771 675 2061 2062 2063
2772 675 2083 2084 2085
2773 675 2105 2106 2107
2774 675 2156 2157 2158
2775 675 2179 2180 2181
2776 675 2200 2201 2202
2777 675 2617 2618 2619
2778 675 2638 2639 2640
2779 675 2660 2661 2662
2780 675 2711 2712 2713
2781 675 2733 2734 2735
2782 675 2755 2756 2757
2783 675 2806 2807 2808
2784 675 2829 2830 2831
2785 675 2850 2851 2852
2786 675 3267 3268 3269
2787 675 3288 3289 3290
2788 675 3310 3311 3312
2789 675 3361 3362 3363
2790 675 3383 3384 3385
2791 675 3405 3406 3407
2792 675 3456 3457 3458
2793 675 3479 3480 3481
2794 675 3500 3501 3502
2795 675 3917 3918 3919
2796 675 3938 3939 3940
2797 675 3960 3961 3962
2798 675 4011 4012 4013
2799 675 4033 4034 4035
2800 675 4055 4056 4057
2801 675 4106 4107 4108
2802 675 4129 4130 4131
2803 675 4150 4151 4152
2804 675 4567 4568 4569
2805 675 4588 4589 4590
2806 675 4610 4611 4612
2807 675 4661 4662 4663
2808 675 4683 4684 4685
2809 675 4705 4706 4707
2810 675 4756 4757 4758
2811 675 4779 4780 4781
2812 675 4800 4801 4802
2813 675 5217 5218 5219
2814 675 5238 5239 5240
2815 675 5260 5261 5262
2816 675 5311 5312 5313
2817 675 5333 5334 5335
2818 675 5355 5356 5357
2819 675 5406 5407 5408
2820 675 5429 5430 5431
2821 675 5450 5451 5452
2822 675 5867 5868 5869
2823 675 5888 5889 5890
2824 675 5910 5911 5912
2825 675 5961 5962 5963
2826 675 5983 5984 5985
2827 675 6005 6006 6007
2828 675 6056 6057 6058
2829 675 6079 6080 6081
2830 675 6100 6101 6102
2831 675 6517 6518 6519
2832 675 6538 6539 6540
2833 675 6560 6561 6562
2834 675 6611 6612 6613
2835 675 6633 6634 6635
2836 675 6655 6656 6657
2837 675 6706 6707 6708
2838 675 6729 6730 6731
2839 675 6750 6751 6752
2840 675 7167 7168 7169
2841 675 7188 7189 7190
2842 675 7210 7211 7212
2843 675 7261 7262 7263
2844 675 7283 7284 7285
2845 675 7305 7306 7307
2846 675 7356 7357 7358
2847 675 7379 7380 7381
2848 675 7400 7401 7402
2849 675 7817 7818 7819
2850 675 7838 7839 7840
2851 675 7860 7861 7862
2852 675 7911 7912 7913
2853 675 7933 7934 7935
2854 675 7955 7956 7957
2855 675 8006 8007 8008
2856 675 8029 8030 8031
2857 675 8050 8051 8052
2858 675 8467 8468 8469
2859 675 8488 8489 8490
2860 675 8510 8511 8512
2861 675 8561 8562 8563
2862 675 8583 8584 8585
2863 675 8605 8606 8607
2864 675 8656 8657 8658
2865 675 8679 8680 8681
2866 675 8700 8701 8702
2867 675 9117 9118 9119
2868 675 9138 9139 9140
2869 675 9160 9161 9162
2870 675 9211 9212 9213
2871 675 9233 9234 9235
2872 675 9255 9256 9257
2873 675 9306 9307 9308
2874 675 9329 9330 9331
2875 675 9350 9351 9352
2876 675 9767 9768 9769
2877 675 9788 9789 9790
2878 675 9810 9811 9812
2879 675 9861 9862 9863
2880 675 9883 9884 9885
2881 675 9905 9906 9907
2882 675 9956 9957 9958
2883 675 9979 9980 9981
2884 675 10000 10001 10002
2885 675 10417 10418 10419
2886 675 10438 10439 10440
2887 675 10460 10461 10462
2888 675 10511 10512 10513
2889 675 10533 10534 10535
2890 675 10555 10556 10557
2891 675 10606 10607 10608
2892 675 10629 10630 10631
2893 675 10650 10651 10652
2894 675 11067 11068 11069
2895 675 11088 11089 11090
2896 675 11110 11111 11112
2897 675 11161 11162 11163
2898 675 11183 11184 11185
2899 675 11205 11206 11207
2900 675 11256 11257 11258
2901 675 11279 11280 11281
2902 675 11300 11301 11302
2903 675 11717 11718 11719
2904 675 11738 11739 11740
2905 675 11760 11761 11762
2906 675 11811 11812 11813
2907 675 11833 11834 11835
2908 675 11855 11856 11857
2909 675 11906 11907 11908
2910 675 11929 11930 11931
2911 675 11950 11951 11952
2912 675 12367 12368 12369
2913 675 12388 12389 12390
2914 675 12410 12411 12412
2915 675 12461 12462 12463
2916 675 12483 12484 12485
2917 675 12505 12506 12507
2918 675 12556 12557 12558
2919 675 12579 12580 12581
2920 675 12600 12601 12602
2921 675 41 42 43
2922 675 691 692 693
2923 675 1341 1342 1343
2924 675 1991 1992 1993
2925 675 2641 2642 2643
2926 675 3291 3292 3293
2927 675 3941 3942 3943
2928 675 4591 4592 4593
2929 675 5241 5242 5243
2930 675 5891 5892 5893
2931 675 6541 6542 6543
2932 675 7191 7192 7193
2933 675 7841 7842 7843
2934 675 8491 8492 8493
2935 675 9141 9142 9143
2936 675 9791 9792 9793
2937 675 10441 10442 10443
2938 675 11091 11092 11093
2939 675 11741 11742 11743
2940 675 12391 12392 12393
2941 675 77 76 87
2942 675 172 171 182
2943 675 267 266 277
2944 675 727 726 737
2945 675 822 821 832
2946 675 917 916 927
2947 675 1377 1376 1387
2948 675 1472 1471 1482
2949 675 1567 1566 1577
2950 675 2027 2026 2037
2951 675 2122 2121 2132
2952 675 2217 2216 2227
2953 675 2677 2676 2687
2954 675 2772 2771 2782
2955 675 2867 2866 2877
2956 675 3327 3326 3337
2957 675 3422 3421 3432
2958 675 3517 3516 3527
2959 675 3977 3976 3987
2960 675 4072 4071 4082
2961 675 4167 4166 4177
2962 675 4627 4626 4637
2963 675 4722 4721 4732
2964 675 4817 4816 4827
2965 675 5277 5276 5287
2966 675 5372 5371 5382
2967 675 5467 5466 5477
2968 675 5927 5926 5937
2969 675 6022 6021 6032
2970 675 6117 6116 6127
2971 675 6577 6576 6587
2972 675 6672 6671 6682
2973 675 6767 6766 6777
2974 675 7227 7226 7237
2975 675 7322 7321 7332
2976 675 7417 7416 7427
2977 675 7877 7876 7887
2978 675 7972 7971 7982
2979 675 8067 8066 8077
2980 675 8527 8526 8537
2981 675 8622 8621 8632
2982 675 8717 8716 8727
2983 675 9177 9176 9187
2984 675 9272 9271 9282
2985 675 9367 9366 9377
2986 675 9827 9826 9837
2987 675 9922 9921 9932
2988 675 10017 10016 10027
2989 675 10477 10476 10487
2990 675 10572 10571 10582
2991 675 10667 10666 10677
2992 675 11127 11126 11137
2993 675 11222 11221 11232
2994 675 11317 11316 11327
2995 675 11777 11776 11787
2996 675 11872 11871 11882
2997 675 11967 11966 11977
2998 675 12427 12426 12437
2999 675 12522 12521 12532
3000 675 12617 12616 12627
3001 675 84 85 86
3002 675 179 180 181
3003 675 274 275 276
3004 675 734 735 736
3005 675 829 830 831
3006 675 924 925 926
3007 675 1384 1385 1386
3008 675 1479 1480 1481
3009 675 1574 1575 1576
3010 675 2034 2035 2036
3011 675 2129 2130 2131
3012 675 2224 2225 2226
3013 675 2684 2685 2686
3014 675 2779 2780 2781
3015 675 2874 2875 2876
3016 675 3334 3335 3336
3017 675 3429 3430 3431
3018 675 3524 3525 3526
3019 675 3984 3985 3986
3020 675 4079 4080 4081
3021 675 4174 4175 4176
3022 675 4634 4635 4636
3023 675 4729 4730 4731
3024 675 4824 4825 4826
3025 675 5284 5285 5286
3026 675 5379 5380 5381
3027 675 5474 5475 5476
3028 675 5934 5935 5936
3029 675 6029 6030 6031
3030 675 6124 6125 6126
3031 675 6584 6585 6586
3032 675 6679 6680 6681
3033 675 6774 6775 6776
3034 675 7234 7235 7236
3035 675 7329 7330 7331
3036 675 7424 7425 7426
3037 675 7884 7885 7886
3038 675 7979 7980 7981
3039 675 8074 8075 8076
3040 675 8534 8535 8536
3041 675 8629 8630 8631
3042 675 8724 8725 8726
3043 675 9184 9185 9186
3044 675 9279 9280 9281
3045 675 9374 9375 9376
3046 675 9834 9835 9836
3047 675 9929 9930 9931
3048 675 10024 10025 10026
3049 675 10484 10485 10486
3050 675 10579 10580 10581
3051 675 10674 10675 10676
3052 675 11134 11135 11136
3053 675 11229 11230 11231
3054 675 11324 11325 11326
3055 675 11784 11785 11786
3056 675 11879 11880 11881
3057 675 11974 11975 11976
3058 675 12434 12435 12436
3059 675 12529 12530 12531
3060 675 12624 12625 12626
3061 675 92 88 93
3062 675 187 183 188
3063 675 282 278 283
3064 675 742 738 743
3065 675 837 833 838
3066 675 932 928 933
3067 675 1392 1388 1393
3068 675 1487 1483 1488
3069 675 1582 1578 1583
3070 675 2042 2038 2043
3071 675 2137 2133 2138
3072 675 2232 2228 2233
3073 675 2692 2688 2693
3074 675 2787 2783 2788
3075 675 2882 2878 2883
3076 675 3342 3338 3343
3077 675 3437 3433 3438
3078 675 3532 3528 3533
3079 675 3992 3988 3993
3080 675 4087 4083 4088
3081 675 4182 4178 4183
3082 675 4642 4638 4643
3083 675 4737 4733 4738
3084 675 4832 4828 4833
3085 675 5292 5288 5293
3086 675 5387 5383 5388
3087 675 5482 5478 5483
3088 675 5942 5938 5943
3089 675 6037 6033 6038
3090 675 6132 6128 6133
3091 675 6592 6588 6593
3092 675 6687 6683 6688
3093 675 6782 6778 6783
3094 675 7242 7238 7243
3095 675 7337 7333 7338
3096 675 7432 7428 7433
3097 675 7892 7888 7893
3098 675 7987 7983 7988
3099 675 8082 8078 8083
3100 675 8542 8538 8543
3101 675 8637 8633 8638
3102 675 8732 8728 8733
3103 675 9192 9188 9193
3104 675 9287 9283 9288
3105 675 9382 9378 9383
3106 675 9842 9838 9843
3107 675 9937 9933 9938
3108 675 10032 10028 10033
3109 675 10492 10488 10493
3110 675 10587 10583 10588
3111 675 10682 10678 10683
3112 675 11142 11138 11143
3113 675 11237 11233 11238
3114 675 11332 11328 11333
3115 675 11792 11788 11793
3116 675 11887 11883 11888
3117 675 11982 11978 11983
3118 675 12442 12438 12443
3119 675 12537 12533 12538
3120 675 12632 12628 12633
3121 675 195 196 221
3122 675 845 846 871
3123 675 1495 1496 1521
3124 675 2145 2146 2171
3125 675 2795 2796 2821
3126 675 3445 3446 3471
3127 675 4095 4096 4121
3128 675 4745 4746 4771
3129 675 5395 5396 5421
3130 675 6045 6046 6071
3131 675 6695 6696 6721
3132 675 7345 7346 7371
3133 675 7995 7996 8021
3134 675 8645 8646 8671
3135 675 9295 9296 9321
3136 675 9945 9946 9971
3137 675 10595 10596 10621
3138 675 11245 11246 11271
3139 675 11895 11896 11921
3140 675 12545 12546 12571
3141 675 196 221 199
3142 675 846 871 849
3143 675 1496 1521 1499
3144 675 2146 2171 2149
3145 675 2796 2821 2799
3146 675 3446 3471 3449
3147 675 4096 4121 4099
3148 675 4746 4771 4749
3149 675 5396 5421 5399
3150 675 6046 6071 6049
3151 675 6696 6721 6699
3152 675 7346 7371 7349
3153 675 7996 8021 7999
3154 675 8646 8671 8649
3155 675 9296 9321 9299
3156 675 9946 9971 9949
3157 675 10596 10621 10599
3158 675 11246 11271 11249
3159 675 11896 11921 11899
3160 675 12546 12571 12549
3161 675 198 199 221
3162 675 848 849 871
3163 675 1498 1499 1521
3164 675 2148 2149 2171
3165 675 2798 2799 2821
3166 675 3448 3449 3471
3167 675 4098 4099 4121
3168 675 4748 4749 4771
3169 675 5398 5399 5421
3170 675 6048 6049 6071
3171 675 6698 6699 6721
3172 675 7348 7349 7371
3173 675 7998 7999 8021
3174 675 8648 8649 8671
3175 675 9298 9299 9321
3176 675 9948 9949 9971
3177 675 10598 10599 10621
3178 675 11248 11249 11271
3179 675 11898 11899 11921
3180 675 12548 12549 12571
3181 679 4 5 288
3182 679 4 5 289
3183 679 5 4 286
3184 679 5 4 287
3185 679 5 6 290
3186 679 5 6 291
3187 679 6 5 288
3188 679 6 5 289
3189 679 6 7 292
3190 679 6 7 293
3191 679 7 6 290
3192 679 7 6 291
3193 679 13 93 403
3194 679 13 93 404
3195 679 24 25 316
3196 679 24 25 317
3197 679 25 24 314
3198 679 25 24 315
3199 679 25 26 318
3200 679 25 26 319
3201 679 26 25 316
3202 679 26 25 317
3203 679 27 26 318
3204 679 27 26 319
3205 679 45 46 341
3206 679 45 46 342
3207 679 46 45 339
3208 679 46 45 340
3209 679 46 47 343
3210 679 46 47 344
3211 679 47 46 341
3212 679 47 46 342
3213 679 48 47 343
3214 679 48 47 344
3215 679 68 69 368
3216 679 68 69 369
3217 679 69 68 366
3218 679 69 68 367
3219 679 69 70 370
3220 679 69 70 371
3221 679 70 69 368
3222 679 70 69 369
3223 679 71 70 370
3224 679 71 70 371
3225 679 76 77 376
3226 679 76 77 377
3227 679 77 76 374
3228 679 77 76 375
3229 679 77 78 378
3230 679 77 78 379
3231 679 78 77 376
3232 679 78 77 377
3233 679 78 79 380
3234 679 78 79 381
3235 679 79 78 378
3236 679 79 78 379
3237 679 79 80 382
3238 679 79 80 383
3239 679 80 79 380
3240 679 80 79 381
3241 679 80 81 384
3242 679 80 81 385
3243 679 81 80 382
3244 679 81 80 383
3245 679 81 82 386
3246 679 81 82 387
3247 679 82 81 384
3248 679 82 81 385
3249 679 82 83 388
3250 679 82 83 389
3251 679 83 82 386
3252 679 83 82 387
3253 679 83 84 390
3254 679 83 84 391
3255 679 84 83 388
3256 679 84 83 389
3257 679 84 85 392
3258 679 84 85 393
3259 679 85 84 390
3260 679 85 84 391
3261 679 93 13 298
3262 679 93 13 299
3263 679 98 99 411
3264 679 98 99 412
3265 679 99 98 409
3266 679 99 98 410
3267 679 99 100 413
3268 679 99 100 414
3269 679 100 99 411
3270 679 100 99 412
3271 679 100 101 415
3272 679 100 101 416
3273 679 101 100 413
3274 679 101 100 414
3275 679 107 188 523
3276 679 107 188 524
3277 679 118 119 439
3278 679 118 119 440
3279 679 119 118 437
3280 679 119 118 438
3281 679 119 120 441
3282 679 119 120 442
3283 679 120 119 439
3284 679 120 119 440
3285 679 121 120 441
3286 679 121 120 442
3287 679 140 141 464
3288 679 140 141 465
3289 679 141 140 462
3290 679 141 140 463
3291 679 141 142 466
3292 679 141 142 467
3293 679 142 141 464
3294 679 142 141 465
3295 679 143 142 466
3296 679 143 142 467
3297 679 163 164 488
3298 679 163 164 489
3299 679 164 163 486
3300 679 164 163 487
3301 679 164 165 490
3302 679 164 165 491
3303 679 165 164 488
3304 679 165 164 489
3305 679 166 165 490
3306 679 166 165 491
3307 679 171 172 496
3308 679 171 172 497
3309 679 172 171 494
3310 679 172 171 495
3311 679 172 173 498
3312 679 172 173 499
3313 679 173 172 496
3314 679 173 172 497
3315 679 173 174 500
3316 679 173 174 501
3317 679 174 173 498
3318 679 174 173 499
3319 679 174 175 502
3320 679 174 175 503
3321 679 175 174 500
3322 679 175 174 501
3323 679 175 176 504
3324 679 175 176 505
3325 679 176 175 502
3326 679 176 175 503
3327 679 176 177 506
3328 679 176 177 507
3329 679 177 176 504
3330 679 177 176 505
3331 679 177 178 508
3332 679 177 178 509
3333 679 178 177 506
3334 679 178 177 507
3335 679 178 179 510
3336 679 178 179 511
3337 679 179 178 508
3338 679 179 178 509
3339 679 179 180 512
3340 679 179 180 513
3341 679 180 179 510
3342 679 180 179 511
3343 679 188 107 421
3344 679 188 107 422
3345 679 193 194 531
3346 679 193 194 532
3347 679 194 193 529
3348 679 194 193 530
3349 679 194 195 533
3350 679 194 195 534
3351 679 195 194 531
3352 679 195 194 532
3353 679 195 196 535
3354 679 195 196 536
3355 679 196 195 533
3356 679 196 195 534
3357 679 202 283 646
3358 679 202 283 647
3359 679 213 214 559
3360 679 213 214 560
3361 679 214 213 557
3362 679 214 213 558
3363 679 214 215 561
3364 679 214 215 562
3365 679 215 214 559
3366 679 215 214 560
3367 679 216 215 561
3368 679 216 215 562
3369 679 236 237 587
3370 679 236 237 588
3371 679 237 236 585
3372 679 237 236 586
3373 679 237 238 589
3374 679 237 238 590
3375 679 238 237 587
3376 679 238 237 588
3377 679 239 238 589
3378 679 239 238 590
3379 679 258 259 611
3380 679 258 259 612
3381 679 259 258 609
3382 679 259 258 610
3383 679 259 260 613
3384 679 259 260 614
3385 679 260 259 611
3386 679 260 259 612
3387 679 261 260 613
3388 679 261 260 614
3389 679 266 267 619
3390 679 266 267 620
3391 679 267 266 617
3392 679 267 266 618
3393 679 267 268 621
3394 679 267 268 622
3395 679 268 267 619
3396 679 268 267 620
3397 679 268 269 623
3398 679 268 269 624
3399 679 269 268 621
3400 679 269 268 622
3401 679 269 270 625
3402 679 269 270 626
3403 679 270 269 623
3404 679 270 269 624
3405 679 270 271 627
3406 679 270 271 628
3407 679 271 270 625
3408 679 271 270 626
3409 679 271 272 629
3410 679 271 272 630
3411 679 272 271 627
3412 679 272 271 628
3413 679 272 273 631
3414 679 272 273 632
3415 679 273 272 629
3416 679 273 272 630
3417 679 273 274 633
3418 679 273 274 634
3419 679 274 273 631
3420 679 274 273 632
3421 679 274 275 635
3422 679 274 275 636
3423 679 275 274 633
3424 679 275 274 634
3425 679 283 202 541
3426 679 283 202 542
3427 679 654 655 938
3428 679 654 655 939
3429 679 655 654 936
3430 679 655 654 937
3431 679 655 656 940
3432 679 655 656 941
3433 679 656 655 938
3434 679 656 655 939
3435 679 656 657 942
3436 679 656 657 943
3437 679 657 656 940
3438 679 657 656 941
3439 679 663 743 1053
3440 679 663 743 1054
3441 679 674 675 966
3442 679 674 675 967
3443 679 675 674 964
3444 679 675 674 965
3445 679 675 676 968
3446 679 675 676 969
3447 679 676 675 966
3448 679 676 675 967
3449 679 677 676 968
3450 679 677 676 969
3451 679 695 696 991
3452 679 695 696 992
3453 679 696 695 989
3454 679 696 695 990
3455 679 696 697 993
3456 679 696 697 994
3457 679 697 696 991
3458 679 697 696 992
3459 679 698 697 993
3460 679 698 697 994
3461 679 718 719 1018
3462 679 718 719 1019
3463 679 719 718 1016
3464 679 719 718 1017
3465 679 719 720 1020
3466 679 719 720 1021
3467 679 720 719 1018
3468 679 720 719 1019
3469 679 721 720 1020
3470 679 721 720 1021
3471 679 726 727 1026
3472 679 726 727 1027
3473 679 727 726 1024
3474 679 727 726 1025
3475 679 727 728 1028
3476 679 727 728 1029
3477 679 728 727 1026
3478 679 728 727 1027
3479 679 728 729 1030
3480 679 728 729 1031
3481 679 729 728 1028
3482 679 729 728 1029
3483 679 729 730 1032
3484 679 729 730 1033
3485 679 730 729 1030
3486 679 730 729 1031
3487 679 730 731 1034
3488 679 730 731 1035
3489 679 731 730 1032
3490 679 731 730 1033
3491 679 731 732 1036
3492 679 731 732 1037
3493 679 732 731 1034
3494 679 732 731 1035
3495 679 732 733 1038
3496 679 732 733 1039
3497 679 733 732 1036
3498 679 733 732 1037
3499 679 733 734 1040
3500 679 733 734 1041
3501 679 734 733 1038
3502 679 734 733 1039
3503 679 734 735 1042
3504 679 734 735 1043
3505 679 735 734 1040
3506 679 735 734 1041
3507 679 743 663 948
3508 679 743 663 949
3509 679 748 749 1061
3510 679 748 749 1062
3511 679 749 748 1059
3512 679 749 748 1060
3513 679 749 750 1063
3514 679 749 750 1064
3515 679 750 749 1061
3516 679 750 749 1062
3517 679 750 751 1065
3518 679 750 751 1066
3519 679 751 750 1063
3520 679 751 750 1064
3521 679 757 838 1173
3522 679 757 838 1174
3523 679 768 769 1089
3524 679 768 769 1090
3525 679 769 768 1087
3526 679 769 768 1088
3527 679 769 770 1091
3528 679 769 770 1092
3529 679 770 769 1089
3530 679 770 769 1090
3531 679 771 770 1091
3532 679 771 770 1092
3533 679 790 791 1114
3534 679 790 791 1115
3535 679 791 790 1112
3536 679 791 790 1113
3537 679 791 792 1116
3538 679 791 792 1117
3539 679 792 791 1114
3540 679 792 791 1115
3541 679 793 792 1116
3542 679 793 792 1117
3543 679 813 814 1138
3544 679 813 814 1139
3545 679 814 813 1136
3546 679 814 813 1137
3547 679 814 815 1140
3548 679 814 815 1141
3549 679 815 814 1138
3550 679 815 814 1139
3551 679 816 815 1140
3552 679 816 815 1141
3553 679 821 822 1146
3554 679 821 822 1147
3555 679 822 821 1144
3556 679 822 821 1145
3557 679 822 823 1148
3558 679 822 823 1149
3559 679 823 822 1146
3560 679 823 822 1147
3561 679 823 824 1150
3562 679 823 824 1151
3563 679 824 823 1148
3564 679 824 823 1149
3565 679 824 825 1152
3566 679 824 825 1153
3567 679 825 824 1150
3568 679 825 824 1151
3569 679 825 826 1154
3570 679 825 826 1155
3571 679 826 825 1152
3572 679 826 825 1153
3573 679 826 827 1156
3574 679 826 827 1157
3575 679 827 826 1154
3576 679 827 826 1155
3577 679 827 828 1158
3578 679 827 828 1159
3579 679 828 827 1156
3580 679 828 827 1157
3581 679 828 829 1160
3582 679 828 829 1161
3583 679 829 828 1158
3584 679 829 828 1159
3585 679 829 830 1162
3586 679 829 830 1163
3587 679 830 829 1160
3588 679 830 829 1161
3589 679 838 757 1071
3590 679 838 757 1072
3591 679 843 844 1181
3592 679 843 844 1182
3593 679 844 843 1179
3594 679 844 843 1180
3595 679 844 845 1183
3596 679 844 845 1184
3597 679 845 844 1181
3598 679 845 844 1182
3599 679 845 846 1185
3600 679 845 846 1186
3601 679 846 845 1183
3602 679 846 845 1184
3603 679 852 933 1296
3604 679 852 933 1297
3605 679 863 864 1209
3606 679 863 864 1210
3607 679 864 863 1207
3608 679 864 863 1208
3609 679 864 865 1211
3610 679 864 865 1212
3611 679 865 864 1209
3612 679 865 864 1210
3613 679 866 865 1211
3614 679 866 865 1212
3615 679 886 887 1237
3616 679 886 887 1238
3617 679 887 886 1235
3618 679 887 886 1236
3619 679 887 888 1239
3620 679 887 888 1240
3621 679 888 887 1237
3622 679 888 887 1238
3623 679 889 888 1239
3624 679 889 888 1240
3625 679 908 909 1261
3626 679 908 909 1262
3627 679 909 908 1259
3628 679 909 908 1260
3629 679 909 910 1263
3630 679 909 910 1264
3631 679 910 909 1261
3632 679 910 909 1262
3633 679 911 910 1263
3634 679 911 910 1264
3635 679 916 917 1269
3636 679 916 917 1270
3637 679 917 916 1267
3638 679 917 916 1268
3639 679 917 918 1271
3640 679 917 918 1272
3641 679 918 917 1269
3642 679 918 917 1270
3643 679 918 919 1273
3644 679 918 919 1274
3645 679 919 918 1271
3646 679 919 918 1272
3647 679 919 920 1275
3648 679 919 920 1276
3649 679 920 919 1273
3650 679 920 919 1274
3651 679 920 921 1277
3652 679 920 921 1278
3653 679 921 920 1275
3654 679 921 920 1276
3655 679 921 922 1279
3656 679 921 922 1280
3657 679 922 921 1277
3658 679 922 921 1278
3659 679 922 923 1281
3660 679 922 923 1282
3661 679 923 922 1279
3662 679 923 922 1280
3663 679 923 924 1283
3664 679 923 924 1284
3665 679 924 923 1281
3666 679 924 923 1282
3667 679 924 925 1285
3668 679 924 925 1286
3669 679 925 924 1283
3670 679 925 924 1284
3671 679 933 852 1191
3672 679 933 852 1192
3673 679 1304 1305 1588
3674 679 1304 1305 1589
3675 679 1305 1304 1586
3676 679 1305 1304 1587
3677 679 1305 1306 1590
3678 679 1305 1306 1591
3679 679 1306 1305 1588
3680 679 1306 1305 1589
3681 679 1306 1307 1592
3682 679 1306 1307 1593
3683 679 1307 1306 1590
3684 679 1307 1306 1591
3685 679 1313 1393 1703
3686 679 1313 1393 1704
3687 679 1324 1325 1616
3688 679 1324 1325 1617
3689 679 1325 1324 1614
3690 679 1325 1324 1615
3691 679 1325 1326 1618
3692 679 1325 1326 1619
3693 679 1326 1325 1616
3694 679 1326 1325 1617
3695 679 1327 1326 1618
3696 679 1327 1326 1619
3697 679 1345 1346 1641
3698 679 1345 1346 1642
3699 679 1346 1345 1639
3700 679 1346 1345 1640
3701 679 1346 1347 1643
3702 679 1346 1347 1644
3703 679 1347 1346 1641
3704 679 1347 1346 1642
3705 679 1348 1347 1643
3706 679 1348 1347 1644
3707 679 1368 1369 1668
3708 679 1368 1369 1669
3709 679 1369 1368 1666
3710 679 1369 1368 1667
3711 679 1369 1370 1670
3712 679 1369 1370 1671
3713 679 1370 1369 1668
3714 679 1370 1369 1669
3715 679 1371 1370 1670
3716 679 1371 1370 1671
3717 679 1376 1377 1676
3718 679 1376 1377 1677
3719 679 1377 1376 1674
3720 679 1377 1376 1675
3721 679 1377 1378 1678
3722 679 1377 1378 1679
3723 679 1378 1377 1676
3724 679 1378 1377 1677
3725 679 1378 1379 1680
3726 679 1378 1379 1681
3727 679 1379 1378 1678
3728 679 1379 1378 1679
3729 679 1379 1380 1682
3730 679 1379 1380 1683
3731 679 1380 1379 1680
3732 679 1380 1379 1681
3733 679 1380 1381 1684
3734 679 1380 1381 1685
3735 679 1381 1380 1682
3736 679 1381 1380 1683
3737 679 1381 1382 1686
3738 679 1381 1382 1687
3739 679 1382 1381 1684
3740 679 1382 1381 1685
3741 679 1382 1383 1688
3742 679 1382 1383 1689
3743 679 1383 1382 1686
3744 679 1383 1382 1687
3745 679 1383 1384 1690
3746 679 1383 1384 1691
3747 679 1384 1383 1688
3748 679 1384 1383 1689
3749 679 1384 1385 1692
3750 679 1384 1385 1693
3751 679 1385 1384 1690
3752 679 1385 1384 1691
3753 679 1393 1313 1598
3754 679 1393 1313 1599
3755 679 1398 1399 1711
3756 679 1398 1399 1712
3757 679 1399 1398 1709
3758 679 1399 1398 1710
3759 679 1399 1400 1713
3760 679 1399 1400 1714
3761 679 1400 1399 1711
3762 679 1400 1399 1712
3763 679 1400 1401 1715
3764 679 1400 1401 1716
3765 679 1401 1400 1713
3766 679 1401 1400 1714
3767 679 1407 1488 1823
3768 679 1407 1488 1824
3769 679 1418 1419 1739
3770 679 1418 1419 1740
3771 679 1419 1418 1737
3772 679 1419 1418 1738
3773 679 1419 1420 1741
3774 679 1419 1420 1742
3775 679 1420 1419 1739
3776 679 1420 1419 1740
3777 679 1421 1420 1741
3778 679 1421 1420 1742
3779 679 1440 1441 1764
3780 679 1440 1441 1765
3781 679 1441 1440 1762
3782 679 1441 1440 1763
3783 679 1441 1442 1766
3784 679 1441 1442 1767
3785 679 1442 1441 1764
3786 679 1442 1441 1765
3787 679 1443 1442 1766
3788 679 1443 1442 1767
3789 679 1463 1464 1788
3790 679 1463 1464 1789
3791 679 1464 1463 1786
3792 679 1464 1463 1787
3793 679 1464 1465 1790
3794 679 1464 1465 1791
3795 679 1465 1464 1788
3796 679 1465 1464 1789
3797 679 1466 1465 1790
3798 679 1466 1465 1791
3799 679 1471 1472 1796
3800 679 1471 1472 1797
3801 679 1472 1471 1794
3802 679 1472 1471 1795
3803 679 1472 1473 1798
3804 679 1472 1473 1799
3805 679 1473 1472 1796
3806 679 1473 1472 1797
3807 679 1473 1474 1800
3808 679 1473 1474 1801
3809 679 1474 1473 1798
3810 679 1474 1473 1799
3811 679 1474 1475 1802
3812 679 1474 1475 1803
3813 679 1475 1474 1800
3814 679 1475 1474 1801
3815 679 1475 1476 1804
3816 679 1475 1476 1805
3817 679 1476 1475 1802
3818 679 1476 1475 1803
3819 679 1476 1477 1806
3820 679 1476 1477 1807
3821 679 1477 1476 1804
3822 679 1477 1476 1805
3823 679 1477 1478 1808
3824 679 1477 1478 1809
3825 679 1478 1477 1806
3826 679 1478 1477 1807
3827 679 1478 1479 1810
3828 679 1478 1479 1811
3829 679 1479 1478 1808
3830 679 1479 1478 1809
3831 679 1479 1480 1812
3832 679 1479 1480 1813
3833 679 1480 1479 1810
3834 679 1480 1479 1811
3835 679 1488 1407 1721
3836 679 1488 1407 1722
3837 679 1493 1494 1831
3838 679 1493 1494 1832
3839 679 1494 1493 1829
3840 679 1494 1493 1830
3841 679 1494 1495 1833
3842 679 1494 1495 1834
3843 679 1495 1494 1831
3844 679 1495 1494 1832
3845 679 1495 1496 1835
3846 679 1495 1496 1836
3847 679 1496 1495 1833
3848 679 1496 1495 1834
3849 679 1502 1583 1946
3850 679 1502 1583 1947
3851 679 1513 1514 1859
3852 679 1513 1514 1860
3853 679 1514 1513 1857
3854 679 1514 1513 1858
3855 679 1514 1515 1861
3856 679 1514 1515 1862
3857 679 1515 1514 1859
3858 679 1515 1514 1860
3859 679 1516 1515 1861
3860 679 1516 1515 1862
3861 679 1536 1537 1887
3862 679 1536 1537 1888
3863 679 1537 1536 1885
3864 679 1537 1536 1886
3865 679 1537 1538 1889
3866 679 1537 1538 1890
3867 679 1538 1537 1887
3868 679 1538 1537 1888
3869 679 1539 1538 1889
3870 679 1539 1538 1890
3871 679 1558 1559 1911
3872 679 1558 1559 1912
3873 679 1559 1558 1909
3874 679 1559 1558 1910
3875 679 1559 1560 1913
3876 679 1559 1560 1914
3877 679 1560 1559 1911
3878 679 1560 1559 1912
3879 679 1561 1560 1913
3880 679 1561 1560 1914
3881 679 1566 1567 1919
3882 679 1566 1567 1920
3883 679 1567 1566 1917
3884 679 1567 1566 1918
3885 679 1567 1568 1921
3886 679 1567 1568 1922
3887 679 1568 1567 1919
3888 679 1568 1567 1920
3889 679 1568 1569 1923
3890 679 1568 1569 1924
3891 679 1569 1568 1921
3892 679 1569 1568 1922
3893 679 1569 1570 1925
3894 679 1569 1570 1926
3895 679 1570 1569 1923
3896 679 1570 1569 1924
3897 679 1570 1571 1927
3898 679 1570 1571 1928
3899 679 1571 1570 1925
3900 679 1571 1570 1926
3901 679 1571 1572 1929
3902 679 1571 1572 1930
3903 679 1572 1571 1927
3904 679 1572 1571 1928
3905 679 1572 1573 1931
3906 679 1572 1573 1932
3907 679 1573 1572 1929
3908 679 1573 1572 1930
3909 679 1573 1574 1933
3910 679 1573 1574 1934
3911 679 1574 1573 1931
3912 679 1574 1573 1932
3913 679 1574 1575 1935
3914 679 1574 1575 1936
3915 679 1575 1574 1933
3916 679 1575 1574 1934
3917 679 1583 1502 1841
3918 679 1583 1502 1842
3919 679 1954 1955 2238
3920 679 1954 1955 2239
3921 679 1955 1954 2236
3922 679 1955 1954 2237
3923 679 1955 1956 2240
3924 679 1955 1956 2241
3925 679 1956 1955 2238
3926 679 1956 1955 2239
3927 679 1956 1957 2242
3928 679 1956 1957 2243
3929 679 1957 1956 2240
3930 679 1957 1956 2241
3931 679 1963 2043 2353
3932 679 1963 2043 2354
3933 679 1974 1975 2266
3934 679 1974 1975 2267
3935 679 1975 1974 2264
3936 679 1975 1974 2265
3937 679 1975 1976 2268
3938 679 1975 1976 2269
3939 679 1976 1975 2266
3940 679 1976 1975 2267
3941 679 1977 1976 2268
3942 679 1977 1976 2269
3943 679 1995 1996 2291
3944 679 1995 1996 2292
3945 679 1996 1995 2289
3946 679 1996 1995 2290
3947 679 1996 1997 2293
3948 679 1996 1997 2294
3949 679 1997 1996 2291
3950 679 1997 1996 2292
3951 679 1998 1997 2293
3952 679 1998 1997 2294
3953 679 2018 2019 2318
3954 679 2018 2019 2319
3955 679 2019 2018 2316
3956 679 2019 2018 2317
3957 679 2019 2020 2320
3958 679 2019 2020 2321
3959 679 2020 2019 2318
3960 679 2020 2019 2319
3961 679 2021 2020 2320
3962 679 2021 2020 2321
3963 679 2026 2027 2326
3964 679 2026 2027 2327
3965 679 2027 2026 2324
3966 679 2027 2026 2325
3967 679 2027 2028 2328
3968 679 2027 2028 2329
3969 679 2028 2027 2326
3970 679 2028 2027 2327
3971 679 2028 2029 2330
3972 679 2028 2029 2331
3973 679 2029 2028 2328
3974 679 2029 2028 2329
3975 679 2029 2030 2332
3976 679 2029 2030 2333
3977 679 2030 2029 2330
3978 679 2030 2029 2331
3979 679 2030 2031 2334
3980 679 2030 2031 2335
3981 679 2031 2030 2332
3982 679 2031 2030 2333
3983 679 2031 2032 2336
3984 679 2031 2032 2337
3985 679 2032 2031 2334
3986 679 2032 2031 2335
3987 679 2032 2033 2338
3988 679 2032 2033 2339
3989 679 2033 2032 2336
3990 679 2033 2032 2337
3991 679 2033 2034 2340
3992 679 2033 2034 2341
3993 679 2034 2033 2338
3994 679 2034 2033 2339
3995 679 2034 2035 2342
3996 679 2034 2035 2343
3997 679 2035 2034 2340
3998 679 2035 2034 2341
3999 679 2043 1963 2248
4000 679 2043 1963 2249
4001 679 2048 2049 2361
4002 679 2048 2049 2362
4003 679 2049 2048 2359
4004 679 2049 2048 2360
4005 679 2049 2050 2363
4006 679 2049 2050 2364
4007 679 2050 2049 2361
4008 679 2050 2049 2362
4009 679 2050 2051 2365
4010 679 2050 2051 2366
4011 679 2051 2050 2363
4012 679 2051 2050 2364
4013 679 2057 2138 2473
4014 679 2057 2138 2474
4015 679 2068 2069 2389
4016 679 2068 2069 2390
4017 679 2069 2068 2387
4018 679 2069 2068 2388
4019 679 2069 2070 2391
4020 679 2069 2070 2392
4021 679 2070 2069 2389
4022 679 2070 2069 2390
4023 679 2071 2070 2391
4024 679 2071 2070 2392
4025 679 2090 2091 2414
4026 679 2090 2091 2415
4027 679 2091 2090 2412
4028 679 2091 2090 2413
4029 679 2091 2092 2416
4030 679 2091 2092 2417
4031 679 2092 2091 2414
4032 679 2092 2091 2415
4033 679 2093 2092 2416
4034 679 2093 2092 2417
4035 679 2113 2114 2438
4036 679 2113 2114 2439
4037 679 2114 2113 2436
4038 679 2114 2113 2437
4039 679 2114 2115 2440
4040 679 2114 2115 2441
4041 679 2115 2114 2438
4042 679 2115 2114 2439
4043 679 2116 2115 2440
4044 679 2116 2115 2441
4045 679 2121 2122 2446
4046 679 2121 2122 2447
4047 679 2122 2121 2444
4048 679 2122 2121 2445
4049 679 2122 2123 2448
4050 679 2122 2123 2449
4051 679 2123 2122 2446
4052 679 2123 2122 2447
4053 679 2123 2124 2450
4054 679 2123 2124 2451
4055 679 2124 2123 2448
4056 679 2124 2123 2449
4057 679 2124 2125 2452
4058 679 2124 2125 2453
4059 679 2125 2124 2450
4060 679 2125 2124 2451
4061 679 2125 2126 2454
4062 679 2125 2126 2455
4063 679 2126 2125 2452
4064 679 2126 2125 2453
4065 679 2126 2127 2456
4066 679 2126 2127 2457
4067 679 2127 2126 2454
4068 679 2127 2126 2455
4069 679 2127 2128 2458
4070 679 2127 2128 2459
4071 679 2128 2127 2456
4072 679 2128 2127 2457
4073 679 2128 2129 2460
4074 679 2128 2129 2461
4075 679 2129 2128 2458
4076 679 2129 2128 2459
4077 679 2129 2130 2462
4078 679 2129 2130 2463
4079 679 2130 2129 2460
4080 679 2130 2129 2461
4081 679 2138 2057 2371
4082 679 2138 2057 2372
4083 679 2143 2144 2481
4084 679 2143 2144 2482
4085 679 2144 2143 2479
4086 679 2144 2143 2480
4087 679 2144 2145 2483
4088 679 2144 2145 2484
4089 679 2145 2144 2481
4090 679 2145 2144 2482
4091 679 2145 2146 2485
4092 679 2145 2146 2486
4093 679 2146 2145 2483
4094 679 2146 2145 2484
4095 679 2152 2233 2596
4096 679 2152 2233 2597
4097 679 2163 2164 2509
4098 679 2163 2164 2510
4099 679 2164 2163 2507
4100 679 2164 2163 2508
4101 679 2164 2165 2511
4102 679 2164 2165 2512
4103 679 2165 2164 2509
4104 679 2165 2164 2510
4105 679 2166 2165 2511
4106 679 2166 2165 2512
4107 679 2186 2187 2537
4108 679 2186 2187 2538
4109 679 2187 2186 2535
4110 679 2187 2186 2536
4111 679 2187 2188 2539
4112 679 2187 2188 2540
4113 679 2188 2187 2537
4114 679 2188 2187 2538
4115 679 2189 2188 2539
4116 679 2189 2188 2540
4117 679 2208 2209 2561
4118 679 2208 2209 2562
4119 679 2209 2208 2559
4120 679 2209 2208 2560
4121 679 2209 2210 2563
4122 679 2209 2210 2564
4123 679 2210 2209 2561
4124 679 2210 2209 2562
4125 679 2211 2210 2563
4126 679 2211 2210 2564
4127 679 2216 2217 2569
4128 679 2216 2217 2570
4129 679 2217 2216 2567
4130 679 2217 2216 2568
4131 679 2217 2218 2571
4132 679 2217 2218 2572
4133 679 2218 2217 2569
4134 679 2218 2217 2570
4135 679 2218 2219 2573
4136 679 2218 2219 2574
4137 679 2219 2218 2571
4138 679 2219 2218 2572
4139 679 2219 2220 2575
4140 679 2219 2220 2576
4141 679 2220 2219 2573
4142 679 2220 2219 2574
4143 679 2220 2221 2577
4144 679 2220 2221 2578
4145 679 2221 2220 2575
4146 679 2221 2220 2576
4147 679 2221 2222 2579
4148 679 2221 2222 2580
4149 679 2222 2221 2577
4150 679 2222 2221 2578
4151 679 2222 2223 2581
4152 679 2222 2223 2582
4153 679 2223 2222 2579
4154 679 2223 2222 2580
4155 679 2223 2224 2583
4156 679 2223 2224 2584
4157 679 2224 2223 2581
4158 679 2224 2223 2582
4159 679 2224 2225 2585
4160 679 2224 2225 2586
4161 679 2225 2224 2583
4162 679 2225 2224 2584
4163 679 2233 2152 2491
4164 679 2233 2152 2492
4165 679 2604 2605 2888
4166 679 2604 2605 2889
4167 679 2605 2604 2886
4168 679 2605 2604 2887
4169 679 2605 2606 2890
4170 679 2605 2606 2891
4171 679 2606 2605 2888
4172 679 2606 2605 2889
4173 679 2606 2607 2892
4174 679 2606 2607 2893
4175 679 2607 2606 2890
4176 679 2607 2606 2891
4177 679 2613 2693 3003
4178 679 2613 2693 3004
4179 679 2624 2625 2916
4180 679 2624 2625 2917
4181 679 2625 2624 2914
4182 679 2625 2624 2915
4183 679 2625 2626 2918
4184 679 2625 2626 2919
4185 679 2626 2625 2916
4186 679 2626 2625 2917
4187 679 2627 2626 2918
4188 679 2627 2626 2919
4189 679 2645 2646 2941
4190 679 2645 2646 2942
4191 679 2646 2645 2939
4192 679 2646 2645 2940
4193 679 2646 2647 2943
4194 679 2646 2647 2944
4195 679 2647 2646 2941
4196 679 2647 2646 2942
4197 679 2648 2647 2943
4198 679 2648 2647 2944
4199 679 2668 2669 2968
4200 679 2668 2669 2969
4201 679 2669 2668 2966
4202 679 2669 2668 2967
4203 679 2669 2670 2970
4204 679 2669 2670 2971
4205 679 2670 2669 2968
4206 679 2670 2669 2969
4207 679 2671 2670 2970
4208 679 2671 2670 2971
4209 679 2676 2677 2976
4210 679 2676 2677 2977
4211 679 2677 2676 2974
4212 679 2677 2676 2975
4213 679 2677 2678 2978
4214 679 2677 2678 2979
4215 679 2678 2677 2976
4216 679 2678 2677 2977
4217 679 2678 2679 2980
4218 679 2678 2679 2981
4219 679 2679 2678 2978
4220 679 2679 2678 2979
4221 679 2679 2680 2982
4222 679 2679 2680 2983
4223 679 2680 2679 2980
4224 679 2680 2679 2981
4225 679 2680 2681 2984
4226 679 2680 2681 2985
4227 679 2681 2680 2982
4228 679 2681 2680 2983
4229 679 2681 2682 2986
4230 679 2681 2682 2987
4231 679 2682 2681 2984
4232 679 2682 2681 2985
4233 679 2682 2683 2988
4234 679 2682 2683 2989
4235 679 2683 2682 2986
4236 679 2683 2682 2987
4237 679 2683 2684 2990
4238 679 2683 2684 2991
4239 679 2684 2683 2988
4240 679 2684 2683 2989
4241 679 2684 2685 2992
4242 679 2684 2685 2993
4243 679 2685 2684 2990
4244 679 2685 2684 2991
4245 679 2693 2613 2898
4246 679 2693 2613 2899
4247 679 2698 2699 3011
4248 679 2698 2699 3012
4249 679 2699 2698 3009
4250 679 2699 2698 3010
4251 679 2699 2700 3013
4252 679 2699 2700 3014
4253 679 2700 2699 3011
4254 679 2700 2699 3012
4255 679 2700 2701 3015
4256 679 2700 2701 3016
4257 679 2701 2700 3013
4258 679 2701 2700 3014
4259 679 2707 2788 3123
4260 679 2707 2788 3124
4261 679 2718 2719 3039
4262 679 2718 2719 3040
4263 679 2719 2718 3037
4264 679 2719 2718 3038
4265 679 2719 2720 3041
4266 679 2719 2720 3042
4267 679 2720 2719 3039
4268 679 2720 2719 3040
4269 679 2721 2720 3041
4270 679 2721 2720 3042
4271 679 2740 2741 3064
4272 679 2740 2741 3065
4273 679 2741 2740 3062
4274 679 2741 2740 3063
4275 679 2741 2742 3066
4276 679 2741 2742 3067
4277 679 2742 2741 3064
4278 679 2742 2741 3065
4279 679 2743 2742 3066
4280 679 2743 2742 3067
4281 679 2763 2764 3088
4282 679 2763 2764 3089
4283 679 2764 2763 3086
4284 679 2764 2763 3087
4285 679 2764 2765 3090
4286 679 2764 2765 3091
4287 679 2765 2764 3088
4288 679 2765 2764 3089
4289 679 2766 2765 3090
4290 679 2766 2765 3091
4291 679 2771 2772 3096
4292 679 2771 2772 3097
4293 679 2772 2771 3094
4294 679 2772 2771 3095
4295 679 2772 2773 3098
4296 679 2772 2773 3099
4297 679 2773 2772 3096
4298 679 2773 2772 3097
4299 679 2773 2774 3100
4300 679 2773 2774 3101
4301 679 2774 2773 3098
4302 679 2774 2773 3099
4303 679 2774 2775 3102
4304 679 2774 2775 3103
4305 679 2775 2774 3100
4306 679 2775 2774 3101
4307 679 2775 2776 3104
4308 679 2775 2776 3105
4309 679 2776 2775 3102
4310 679 2776 2775 3103
4311 679 2776 2777 3106
4312 679 2776 2777 3107
4313 679 2777 2776 3104
4314 679 2777 2776 3105
4315 679 2777 2778 3108
4316 679 2777 2778 3109
4317 679 2778 2777 3106
4318 679 2778 2777 3107
4319 679 2778 2779 3110
4320 679 2778 2779 3111
4321 679 2779 2778 3108
4322 679 2779 2778 3109
4323 679 2779 2780 3112
4324 679 2779 2780 3113
4325 679 2780 2779 3110
4326 679 2780 2779 3111
4327 679 2788 2707 3021
4328 679 2788 2707 3022
4329 679 2793 2794 3131
4330 679 2793 2794 3132
4331 679 2794 2793 3129
4332 679 2794 2793 3130
4333 679 2794 2795 3133
4334 679 2794 2795 3134
4335 679 2795 2794 3131
4336 679 2795 2794 3132
4337 679 2795 2796 3135
4338 679 2795 2796 3136
4339 679 2796 2795 3133
4340 679 2796 2795 3134
4341 679 2802 2883 3246
4342 679 2802 2883 3247
4343 679 2813 2814 3159
4344 679 2813 2814 3160
4345 679 2814 2813 3157
4346 679 2814 2813 3158
4347 679 2814 2815 3161
4348 679 2814 2815 3162
4349 679 2815 2814 3159
4350 679 2815 2814 3160
4351 679 2816 2815 3161
4352 679 2816 2815 3162
4353 679 2836 2837 3187
4354 679 2836 2837 3188
4355 679 2837 2836 3185
4356 679 2837 2836 3186
4357 679 2837 2838 3189
4358 679 2837 2838 3190
4359 679 2838 2837 3187
4360 679 2838 2837 3188
4361 679 2839 2838 3189
4362 679 2839 2838 3190
4363 679 2858 2859 3211
4364 679 2858 2859 3212
4365 679 2859 2858 3209
4366 679 2859 2858 3210
4367 679 2859 2860 3213
4368 679 2859 2860 3214
4369 679 2860 2859 3211
4370 679 2860 2859 3212
4371 679 2861 2860 3213
4372 679 2861 2860 3214
4373 679 2866 2867 3219
4374 679 2866 2867 3220
4375 679 2867 2866 3217
4376 679 2867 2866 3218
4377 679 2867 2868 3221
4378 679 2867 2868 3222
4379 679 2868 2867 3219
4380 679 2868 2867 3220
4381 679 2868 2869 3223
4382 679 2868 2869 3224
4383 679 2869 2868 3221
4384 679 2869 2868 3222
4385 679 2869 2870 3225
4386 679 2869 2870 3226
4387 679 2870 2869 3223
4388 679 2870 2869 3224
4389 679 2870 2871 3227
4390 679 2870 2871 3228
4391 679 2871 2870 3225
4392 679 2871 2870 3226
4393 679 2871 2872 3229
4394 679 2871 2872 3230
4395 679 2872 2871 3227
4396 679 2872 2871 3228
4397 679 2872 2873 3231
4398 679 2872 2873 3232
4399 679 2873 2872 3229
4400 679 2873 2872 3230
4401 679 2873 2874 3233
4402 679 2873 2874 3234
4403 679 2874 2873 3231
4404 679 2874 2873 3232
4405 679 2874 2875 3235
4406 679 2874 2875 3236
4407 679 2875 2874 3233
4408 679 2875 2874 3234
4409 679 2883 2802 3141
4410 679 2883 2802 3142
4411 679 3254 3255 3538
4412 679 3254 3255 3539
4413 679 3255 3254 3536
4414 679 3255 3254 3537
4415 679 3255 3256 3540
4416 679 3255 3256 3541
4417 679 3256 3255 3538
4418 679 3256 3255 3539
4419 679 3256 3257 3542
4420 679 3256 3257 3543
4421 679 3257 3256 3540
4422 679 3257 3256 3541
4423 679 3263 3343 3653
4424 679 3263 3343 3654
4425 679 3274 3275 3566
4426 679 3274 3275 3567
4427 679 3275 3274 3564
4428 679 3275 3274 3565
4429 679 3275 3276 3568
4430 679 3275 3276 3569
4431 679 3276 3275 3566
4432 679 3276 3275 3567
4433 679 3277 3276 3568
4434 679 3277 3276 3569
4435 679 3295 3296 3591
4436 679 3295 3296 3592
4437 679 3296 3295 3589
4438 679 3296 3295 3590
4439 679 3296 3297 3593
4440 679 3296 3297 3594
4441 679 3297 3296 3591
4442 679 3297 3296 3592
4443 679 3298 3297 3593
4444 679 3298 3297 3594
4445 679 3318 3319 3618
4446 679 3318 3319 3619
4447 679 3319 3318 3616
4448 679 3319 3318 3617
4449 679 3319 3320 3620
4450 679 3319 3320 3621
4451 679 3320 3319 3618
4452 679 3320 3319 3619
4453 679 3321 3320 3620
4454 679 3321 3320 3621
4455 679 3326 3327 3626
4456 679 3326 3327 3627
4457 679 3327 3326 3624
4458 679 3327 3326 3625
4459 679 3327 3328 3628
4460 679 3327 3328 3629
4461 679 3328 3327 3626
4462 679 3328 3327 3627
4463 679 3328 3329 3630
4464 679 3328 3329 3631
4465 679 3329 3328 3628
4466 679 3329 3328 3629
4467 679 3329 3330 3632
4468 679 3329 3330 3633
4469 679 3330 3329 3630
4470 679 3330 3329 3631
4471 679 3330 3331 3634
4472 679 3330 3331 3635
4473 679 3331 3330 3632
4474 679 3331 3330 3633
4475 679 3331 3332 3636
4476 679 3331 3332 3637
4477 679 3332 3331 3634
4478 679 3332 3331 3635
4479 679 3332 3333 3638
4480 679 3332 3333 3639
4481 679 3333 3332 3636
4482 679 3333 3332 3637
4483 679 3333 3334 3640
4484 679 3333 3334 3641
4485 679 3334 3333 3638
4486 679 3334 3333 3639
4487 679 3334 3335 3642
4488 679 3334 3335 3643
4489 679 3335 3334 3640
4490 679 3335 3334 3641
4491 679 3343 3263 3548
4492 679 3343 3263 3549
4493 679 3348 3349 3661
4494 679 3348 3349 3662
4495 679 3349 3348 3659
4496 679 3349 3348 3660
4497 679 3349 3350 3663
4498 679 3349 3350 3664
4499 679 3350 3349 3661
4500 679 3350 3349 3662
4501 679 3350 3351 3665
4502 679 3350 3351 3666
4503 679 3351 3350 3663
4504 679 3351 3350 3664
4505 679 3357 3438 3773
4506 679 3357 3438 3774
4507 679 3368 3369 3689
4508 679 3368 3369 3690
4509 679 3369 3368 3687
4510 679 3369 3368 3688
4511 679 3369 3370 3691
4512 679 3369 3370 3692
4513 679 3370 3369 3689
4514 679 3370 3369 3690
4515 679 3371 3370 3691
4516 679 3371 3370 3692
4517 679 3390 3391 3714
4518 679 3390 3391 3715
4519 679 3391 3390 3712
4520 679 3391 3390 3713
4521 679 3391 3392 3716
4522 679 3391 3392 3717
4523 679 3392 3391 3714
4524 679 3392 3391 3715
4525 679 3393 3392 3716
4526 679 3393 3392 3717
4527 679 3413 3414 3738
4528 679 3413 3414 3739
4529 679 3414 3413 3736
4530 679 3414 3413 3737
4531 679 3414 3415 3740
4532 679 3414 3415 3741
4533 679 3415 3414 3738
4534 679 3415 3414 3739
4535 679 3416 3415 3740
4536 679 3416 3415 3741
4537 679 3421 3422 3746
4538 679 3421 3422 3747
4539 679 3422 3421 3744
4540 679 3422 3421 3745
4541 679 3422 3423 3748
4542 679 3422 3423 3749
4543 679 3423 3422 3746
4544 679 3423 3422 3747
4545 679 3423 3424 3750
4546 679 3423 3424 3751
4547 679 3424 3423 3748
4548 679 3424 3423 3749
4549 679 3424 3425 3752
4550 679 3424 3425 3753
4551 679 3425 3424 3750
4552 679 3425 3424 3751
4553 679 3425 3426 3754
4554 679 3425 3426 3755
4555 679 3426 3425 3752
4556 679 3426 3425 3753
4557 679 3426 3427 3756
4558 679 3426 3427 3757
4559 679 3427 3426 3754
4560 679 3427 3426 3755
4561 679 3427 3428 3758
4562 679 3427 3428 3759
4563 679 3428 3427 3756
4564 679 3428 3427 3757
4565 679 3428 3429 3760
4566 679 3428 3429 3761
4567 679 3429 3428 3758
4568 679 3429 3428 3759
4569 679 3429 3430 3762
4570 679 3429 3430 3763
4571 679 3430 3429 3760
4572 679 3430 3429 3761
4573 679 3438 3357 3671
4574 679 3438 3357 3672
4575 679 3443 3444 3781
4576 679 3443 3444 3782
4577 679 3444 3443 3779
4578 679 3444 3443 3780
4579 679 3444 3445 3783
4580 679 3444 3445 3784
4581 679 3445 3444 3781
4582 679 3445 3444 3782
4583 679 3445 3446 3785
4584 679 3445 3446 3786
4585 679 3446 3445 3783
4586 679 3446 3445 3784
4587 679 3452 3533 3896
4588 679 3452 3533 3897
4589 679 3463 3464 3809
4590 679 3463 3464 3810
4591 679 3464 3463 3807
4592 679 3464 3463 3808
4593 679 3464 3465 3811
4594 679 3464 3465 3812
4595 679 3465 3464 3809
4596 679 3465 3464 3810
4597 679 3466 3465 3811
4598 679 3466 3465 3812
4599 679 3486 3487 3837
4600 679 3486 3487 3838
4601 679 3487 3486 3835
4602 679 3487 3486 3836
4603 679 3487 3488 3839
4604 679 3487 3488 3840
4605 679 3488 3487 3837
4606 679 3488 3487 3838
4607 679 3489 3488 3839
4608 679 3489 3488 3840
4609 679 3508 3509 3861
4610 679 3508 3509 3862
4611 679 3509 3508 3859
4612 679 3509 3508 3860
4613 679 3509 3510 3863
4614 679 3509 3510 3864
4615 679 3510 3509 3861
4616 679 3510 3509 3862
4617 679 3511 3510 3863
4618 679 3511 3510 3864
4619 679 3516 3517 3869
4620 679 3516 3517 3870
4621 679 3517 3516 3867
4622 679 3517 3516 3868
4623 679 3517 3518 3871
4624 679 3517 3518 3872
4625 679 3518 3517 3869
4626 679 3518 3517 3870
4627 679 3518 3519 3873
4628 679 3518 3519 3874
4629 679 3519 3518 3871
4630 679 3519 3518 3872
4631 679 3519 3520 3875
4632 679 3519 3520 3876
4633 679 3520 3519 3873
4634 679 3520 3519 3874
4635 679 3520 3521 3877
4636 679 3520 3521 3878
4637 679 3521 3520 3875
4638 679 3521 3520 3876
4639 679 3521 3522 3879
4640 679 3521 3522 3880
4641 679 3522 3521 3877
4642 679 3522 3521 3878
4643 679 3522 3523 3881
4644 679 3522 3523 3882
4645 679 3523 3522 3879
4646 679 3523 3522 3880
4647 679 3523 3524 3883
4648 679 3523 3524 3884
4649 679 3524 3523 3881
4650 679 3524 3523 3882
4651 679 3524 3525 3885
4652 679 3524 3525 3886
4653 679 3525 3524 3883
4654 679 3525 3524 3884
4655 679 3533 3452 3791
4656 679 3533 3452 3792
4657 679 3904 3905 4188
4658 679 3904 3905 4189
4659 679 3905 3904 4186
4660 679 3905 3904 4187
4661 679 3905 3906 4190
4662 679 3905 3906 4191
4663 679 3906 3905 4188
4664 679 3906 3905 4189
4665 679 3906 3907 4192
4666 679 3906 3907 4193
4667 679 3907 3906 4190
4668 679 3907 3906 4191
4669 679 3913 3993 4303
4670 679 3913 3993 4304
4671 679 3924 3925 4216
4672 679 3924 3925 4217
4673 679 3925 3924 4214
4674 679 3925 3924 4215
4675 679 3925 3926 4218
4676 679 3925 3926 4219
4677 679 3926 3925 4216
4678 679 3926 3925 4217
4679 679 3927 3926 4218
4680 679 3927 3926 4219
4681 679 3945 3946 4241
4682 679 3945 3946 4242
4683 679 3946 3945 4239
4684 679 3946 3945 4240
4685 679 3946 3947 4243
4686 679 3946 3947 4244
4687 679 3947 3946 4241
4688 679 3947 3946 4242
4689 679 3948 3947 4243
4690 679 3948 3947 4244
4691 679 3968 3969 4268
4692 679 3968 3969 4269
4693 679 3969 3968 4266
4694 679 3969 3968 4267
4695 679 3969 3970 4270
4696 679 3969 3970 4271
4697 679 3970 3969 4268
4698 679 3970 3969 4269
4699 679 3971 3970 4270
4700 679 3971 3970 4271
4701 679 3976 3977 4276
4702 679 3976 3977 4277
4703 679 3977 3976 4274
4704 679 3977 3976 4275
4705 679 3977 3978 4278
4706 679 3977 3978 4279
4707 679 3978 3977 4276
4708 679 3978 3977 4277
4709 679 3978 3979 4280
4710 679 3978 3979 4281
4711 679 3979 3978 4278
4712 679 3979 3978 4279
4713 679 3979 3980 4282
4714 679 3979 3980 4283
4715 679 3980 3979 4280
4716 679 3980 3979 4281
4717 679 3980 3981 4284
4718 679 3980 3981 4285
4719 679 3981 3980 4282
4720 679 3981 3980 4283
4721 679 3981 3982 4286
4722 679 3981 3982 4287
4723 679 3982 3981 4284
4724 679 3982 3981 4285
4725 679 3982 3983 4288
4726 679 3982 3983 4289
4727 679 3983 3982 4286
4728 679 3983 3982 4287
4729 679 3983 3984 4290
4730 679 3983 3984 4291
4731 679 3984 3983 4288
4732 679 3984 3983 4289
4733 679 3984 3985 4292
4734 679 3984 3985 4293
4735 679 3985 3984 4290
4736 679 3985 3984 4291
4737 679 3993 3913 4198
4738 679 3993 3913 4199
4739 679 3998 3999 4311
4740 679 3998 3999 4312
4741 679 3999 3998 4309
4742 679 3999 3998 4310
4743 679 3999 4000 4313
4744 679 3999 4000 4314
4745 679 4000 3999 4311
4746 679 4000 3999 4312
4747 679 4000 4001 4315
4748 679 4000 4001 4316
4749 679 4001 4000 4313
4750 679 4001 4000 4314
4751 679 4007 4088 4423
4752 679 4007 4088 4424
4753 679 4018 4019 4339
4754 679 4018 4019 4340
4755 679 4019 4018 4337
4756 679 4019 4018 4338
4757 679 4019 4020 4341
4758 679 4019 4020 4342
4759 679 4020 4019 4339
4760 679 4020 4019 4340
4761 679 4021 4020 4341
4762 679 4021 4020 4342
4763 679 4040 4041 4364
4764 679 4040 4041 4365
4765 679 4041 4040 4362
4766 679 4041 4040 4363
4767 679 4041 4042 4366
4768 679 4041 4042 4367
4769 679 4042 4041 4364
4770 679 4042 4041 4365
4771 679 4043 4042 4366
4772 679 4043 4042 4367
4773 679 4063 4064 4388
4774 679 4063 4064 4389
4775 679 4064 4063 4386
4776 679 4064 4063 4387
4777 679 4064 4065 4390
4778 679 4064 4065 4391
4779 679 4065 4064 4388
4780 679 4065 4064 4389
4781 679 4066 4065 4390
4782 679 4066 4065 4391
4783 679 4071 4072 4396
4784 679 4071 4072 4397
4785 679 4072 4071 4394
4786 679 4072 4071 4395
4787 679 4072 4073 4398
4788 679 4072 4073 4399
4789 679 4073 4072 4396
4790 679 4073 4072 4397
4791 679 4073 4074 4400
4792 679 4073 4074 4401
4793 679 4074 4073 4398
4794 679 4074 4073 4399
4795 679 4074 4075 4402
4796 679 4074 4075 4403
4797 679 4075 4074 4400
4798 679 4075 4074 4401
4799 679 4075 4076 4404
4800 679 4075 4076 4405
4801 679 4076 4075 4402
4802 679 4076 4075 4403
4803 679 4076 4077 4406
4804 679 4076 4077 4407
4805 679 4077 4076 4404
4806 679 4077 4076 4405
4807 679 4077 4078 4408
4808 679 4077 4078 4409
4809 679 4078 4077 4406
4810 679 4078 4077 4407
4811 679 4078 4079 4410
4812 679 4078 4079 4411
4813 679 4079 4078 4408
4814 679 4079 4078 4409
4815 679 4079 4080 4412
4816 679 4079 4080 4413
4817 679 4080 4079 4410
4818 679 4080 4079 4411
4819 679 4088 4007 4321
4820 679 4088 4007 4322
4821 679 4093 4094 4431
4822 679 4093 4094 4432
4823 679 4094 4093 4429
4824 679 4094 4093 4430
4825 679 4094 4095 4433
4826 679 4094 4095 4434
4827 679 4095 4094 4431
4828 679 4095 4094 4432
4829 679 4095 4096 4435
4830 679 4095 4096 4436
4831 679 4096 4095 4433
4832 679 4096 4095 4434
4833 679 4102 4183 4546
4834 679 4102 4183 4547
4835 679 4113 4114 4459
4836 679 4113 4114 4460
4837 679 4114 4113 4457
4838 679 4114 4113 4458
4839 679 4114 4115 4461
4840 679 4114 4115 4462
4841 679 4115 4114 4459
4842 679 4115 4114 4460
4843 679 4116 4115 4461
4844 679 4116 4115 4462
4845 679 4136 4137 4487
4846 679 4136 4137 4488
4847 679 4137 4136 4485
4848 679 4137 4136 4486
4849 679 4137 4138 4489
4850 679 4137 4138 4490
4851 679 4138 4137 4487
4852 679 4138 4137 4488
4853 679 4139 4138 4489
4854 679 4139 4138 4490
4855 679 4158 4159 4511
4856 679 4158 4159 4512
4857 679 4159 4158 4509
4858 679 4159 4158 4510
4859 679 4159 4160 4513
4860 679 4159 4160 4514
4861 679 4160 4159 4511
4862 679 4160 4159 4512
4863 679 4161 4160 4513
4864 679 4161 4160 4514
4865 679 4166 4167 4519
4866 679 4166 4167 4520
4867 679 4167 4166 4517
4868 679 4167 4166 4518
4869 679 4167 4168 4521
4870 679 4167 4168 4522
4871 679 4168 4167 4519
4872 679 4168 4167 4520
4873 679 4168 4169 4523
4874 679 4168 4169 4524
4875 679 4169 4168 4521
4876 679 4169 4168 4522
4877 679 4169 4170 4525
4878 679 4169 4170 4526
4879 679 4170 4169 4523
4880 679 4170 4169 4524
4881 679 4170 4171 4527
4882 679 4170 4171 4528
4883 679 4171 4170 4525
4884 679 4171 4170 4526
4885 679 4171 4172 4529
4886 679 4171 4172 4530
4887 679 4172 4171 4527
4888 679 4172 4171 4528
4889 679 4172 4173 4531
4890 679 4172 4173 4532
4891 679 4173 4172 4529
4892 679 4173 4172 4530
4893 679 4173 4174 4533
4894 679 4173 4174 4534
4895 679 4174 4173 4531
4896 679 4174 4173 4532
4897 679 4174 4175 4535
4898 679 4174 4175 4536
4899 679 4175 4174 4533
4900 679 4175 4174 4534
4901 679 4183 4102 4441
4902 679 4183 4102 4442
4903 679 4554 4555 4838
4904 679 4554 4555 4839
4905 679 4555 4554 4836
4906 679 4555 4554 4837
4907 679 4555 4556 4840
4908 679 4555 4556 4841
4909 679 4556 4555 4838
4910 679 4556 4555 4839
4911 679 4556 4557 4842
4912 679 4556 4557 4843
4913 679 4557 4556 4840
4914 679 4557 4556 4841
4915 679 4563 4643 4953
4916 679 4563 4643 4954
4917 679 4574 4575 4866
4918 679 4574 4575 4867
4919 679 4575 4574 4864
4920 679 4575 4574 4865
4921 679 4575 4576 4868
4922 679 4575 4576 4869
4923 679 4576 4575 4866
4924 679 4576 4575 4867
4925 679 4577 4576 4868
4926 679 4577 4576 4869
4927 679 4595 4596 4891
4928 679 4595 4596 4892
4929 679 4596 4595 4889
4930 679 4596 4595 4890
4931 679 4596 4597 4893
4932 679 4596 4597 4894
4933 679 4597 4596 4891
4934 679 4597 4596 4892
4935 679 4598 4597 4893
4936 679 4598 4597 4894
4937 679 4618 4619 4918
4938 679 4618 4619 4919
4939 679 4619 4618 4916
4940 679 4619 4618 4917
4941 679 4619 4620 4920
4942 679 4619 4620 4921
4943 679 4620 4619 4918
4944 679 4620 4619 4919
4945 679 4621 4620 4920
4946 679 4621 4620 4921
4947 679 4626 4627 4926
4948 679 4626 4627 4927
4949 679 4627 4626 4924
4950 679 4627 4626 4925
4951 679 4627 4628 4928
4952 679 4627 4628 4929
4953 679 4628 4627 4926
4954 679 4628 4627 4927
4955 679 4628 4629 4930
4956 679 4628 4629 4931
4957 679 4629 4628 4928
4958 679 4629 4628 4929
4959 679 4629 4630 4932
4960 679 4629 4630 4933
4961 679 4630 4629 4930
4962 679 4630 4629 4931
4963 679 4630 4631 4934
4964 679 4630 4631 4935
4965 679 4631 4630 4932
4966 679 4631 4630 4933
4967 679 4631 4632 4936
4968 679 4631 4632 4937
4969 679 4632 4631 4934
4970 679 4632 4631 4935
4971 679 4632 4633 4938
4972 679 4632 4633 4939
4973 679 4633 4632 4936
4974 679 4633 4632 4937
4975 679 4633 4634 4940
4976 679 4633 4634 4941
4977 679 4634 4633 4938
4978 679 4634 4633 4939
4979 679 4634 4635 4942
4980 679 4634 4635 4943
4981 679 4635 4634 4940
4982 679 4635 4634 4941
4983 679 4643 4563 4848
4984 679 4643 4563 4849
4985 679 4648 4649 4961
4986 679 4648 4649 4962
4987 679 4649 4648 4959
4988 679 4649 4648 4960
4989 679 4649 4650 4963
4990 679 4649 4650 4964
4991 679 4650 4649 4961
4992 679 4650 4649 4962
4993 679 4650 4651 4965
4994 679 4650 4651 4966
4995 679 4651 4650 4963
4996 679 4651 4650 4964
4997 679 4657 4738 5073
4998 679 4657 4738 5074
4999 679 4668 4669 4989
5000 679 4668 4669 4990
5001 679 4669 4668 4987
5002 679 4669 4668 4988
5003 679 4669 4670 4991
5004 679 4669 4670 4992
5005 679 4670 4669 4989
5006 679 4670 4669 4990
5007 679 4671 4670 4991
5008 679 4671 4670 4992
5009 679 4690 4691 5014
5010 679 4690 4691 5015
5011 679 4691 4690 5012
5012 679 4691 4690 5013
5013 679 4691 4692 5016
5014 679 4691 4692 5017
5015 679 4692 4691 5014
5016 679 4692 4691 5015
5017 679 4693 4692 5016
5018 679 4693 4692 5017
5019 679 4713 4714 5038
5020 679 4713 4714 5039
5021 679 4714 4713 5036
5022 679 4714 4713 5037
5023 679 4714 4715 5040
5024 679 4714 4715 5041
5025 679 4715 4714 5038
5026 679 4715 4714 5039
5027 679 4716 4715 5040
5028 679 4716 4715 5041
5029 679 4721 4722 5046
5030 679 4721 4722 5047
5031 679 4722 4721 5044
5032 679 4722 4721 5045
5033 679 4722 4723 5048
5034 679 4722 4723 5049
5035 679 4723 4722 5046
5036 679 4723 4722 5047
5037 679 4723 4724 5050
5038 679 4723 4724 5051
5039 679 4724 4723 5048
5040 679 4724 4723 5049
5041 679 4724 4725 5052
5042 679 4724 4725 5053
5043 679 4725 4724 5050
5044 679 4725 4724 5051
5045 679 4725 4726 5054
5046 679 4725 4726 5055
5047 679 4726 4725 5052
5048 679 4726 4725 5053
5049 679 4726 4727 5056
5050 679 4726 4727 5057
5051 679 4727 4726 5054
5052 679 4727 4726 5055
5053 679 4727 4728 5058
5054 679 4727 4728 5059
5055 679 4728 4727 5056
5056 679 4728 4727 5057
5057 679 4728 4729 5060
5058 679 4728 4729 5061
5059 679 4729 4728 5058
5060 679 4729 4728 5059
5061 679 4729 4730 5062
5062 679 4729 4730 5063
5063 679 4730 4729 5060
5064 679 4730 4729 5061
5065 679 4738 4657 4971
5066 679 4738 4657 4972
5067 679 4743 4744 5081
5068 679 4743 4744 5082
5069 679 4744 4743 5079
5070 679 4744 4743 5080
5071 679 4744 4745 5083
5072 679 4744 4745 5084
5073 679 4745 4744 5081
5074 679 4745 4744 5082
5075 679 4745 4746 5085
5076 679 4745 4746 5086
5077 679 4746 4745 5083
5078 679 4746 4745 5084
5079 679 4752 4833 5196
5080 679 4752 4833 5197
5081 679 4763 4764 5109
5082 679 4763 4764 5110
5083 679 4764 4763 5107
5084 679 4764 4763 5108
5085 679 4764 4765 5111
5086 679 4764 4765 5112
5087 679 4765 4764 5109
5088 679 4765 4764 5110
5089 679 4766 4765 5111
5090 679 4766 4765 5112
5091 679 4786 4787 5137
5092 679 4786 4787 5138
5093 679 4787 4786 5135
5094 679 4787 4786 5136
5095 679 4787 4788 5139
5096 679 4787 4788 5140
5097 679 4788 4787 5137
5098 679 4788 4787 5138
5099 679 4789 4788 5139
5100 679 4789 4788 5140
5101 679 4808 4809 5161
5102 679 4808 4809 5162
5103 679 4809 4808 5159
5104 679 4809 4808 5160
5105 679 4809 4810 5163
5106 679 4809 4810 5164
5107 679 4810 4809 5161
5108 679 4810 4809 5162
5109 679 4811 4810 5163
5110 679 4811 4810 5164
5111 679 4816 4817 5169
5112 679 4816 4817 5170
5113 679 4817 4816 5167
5114 679 4817 4816 5168
5115 679 4817 4818 5171
5116 679 4817 4818 5172
5117 679 4818 4817 5169
5118 679 4818 4817 5170
5119 679 4818 4819 5173
5120 679 4818 4819 5174
5121 679 4819 4818 5171
5122 679 4819 4818 5172
5123 679 4819 4820 5175
5124 679 4819 4820 5176
5125 679 4820 4819 5173
5126 679 4820 4819 5174
5127 679 4820 4821 5177
5128 679 4820 4821 5178
5129 679 4821 4820 5175
5130 679 4821 4820 5176
5131 679 4821 4822 5179
5132 679 4821 4822 5180
5133 679 4822 4821 5177
5134 679 4822 4821 5178
5135 679 4822 4823 5181
5136 679 4822 4823 5182
5137 679 4823 4822 5179
5138 679 4823 4822 5180
5139 679 4823 4824 5183
5140 679 4823 4824 5184
5141 679 4824 4823 5181
5142 679 4824 4823 5182
5143 679 4824 4825 5185
5144 679 4824 4825 5186
5145 679 4825 4824 5183
5146 679 4825 4824 5184
5147 679 4833 4752 5091
5148 679 4833 4752 5092
5149 679 5204 5205 5488
5150 679 5204 5205 5489
5151 679 5205 5204 5486
5152 679 5205 5204 5487
5153 679 5205 5206 5490
5154 679 5205 5206 5491
5155 679 5206 5205 5488
5156 679 5206 5205 5489
5157 679 5206 5207 5492
5158 679 5206 5207 5493
5159 679 5207 5206 5490
5160 679 5207 5206 5491
5161 679 5213 5293 5603
5162 679 5213 5293 5604
5163 679 5224 5225 5516
5164 679 5224 5225 5517
5165 679 5225 5224 5514
5166 679 5225 5224 5515
5167 679 5225 5226 5518
5168 679 5225 5226 5519
5169 679 5226 5225 5516
5170 679 5226 5225 5517
5171 679 5227 5226 5518
5172 679 5227 5226 5519
5173 679 5245 5246 5541
5174 679 5245 5246 5542
5175 679 5246 5245 5539
5176 679 5246 5245 5540
5177 679 5246 5247 5543
5178 679 5246 5247 5544
5179 679 5247 5246 5541
5180 679 5247 5246 5542
5181 679 5248 5247 5543
5182 679 5248 5247 5544
5183 679 5268 5269 5568
5184 679 5268 5269 5569
5185 679 5269 5268 5566
5186 679 5269 5268 5567
5187 679 5269 5270 5570
5188 679 5269 5270 5571
5189 679 5270 5269 5568
5190 679 5270 5269 5569
5191 679 5271 5270 5570
5192 679 5271 5270 5571
5193 679 5276 5277 5576
5194 679 5276 5277 5577
5195 679 5277 5276 5574
5196 679 5277 5276 5575
5197 679 5277 5278 5578
5198 679 5277 5278 5579
5199 679 5278 5277 5576
5200 679 5278 5277 5577
5201 679 5278 5279 5580
5202 679 5278 5279 5581
5203 679 5279 5278 5578
5204 679 5279 5278 5579
5205 679 5279 5280 5582
5206 679 5279 5280 5583
5207 679 5280 5279 5580
5208 679 5280 5279 5581
5209 679 5280 5281 5584
5210 679 5280 5281 5585
5211 679 5281 5280 5582
5212 679 5281 5280 5583
5213 679 5281 5282 5586
5214 679 5281 5282 5587
5215 679 5282 5281 5584
5216 679 5282 5281 5585
5217 679 5282 5283 5588
5218 679 5282 5283 5589
5219 679 5283 5282 5586
5220 679 5283 5282 5587
5221 679 5283 5284 5590
5222 679 5283 5284 5591
5223 679 5284 5283 5588
5224 679 5284 5283 5589
5225 679 5284 5285 5592
5226 679 5284 5285 5593
5227 679 5285 5284 5590
5228 679 5285 5284 5591
5229 679 5293 5213 5498
5230 679 5293 5213 5499
5231 679 5298 5299 5611
5232 679 5298 5299 5612
5233 679 5299 5298 5609
5234 679 5299 5298 5610
5235 679 5299 5300 5613
5236 679 5299 5300 5614
5237 679 5300 5299 5611
5238 679 5300 5299 5612
5239 679 5300 5301 5615
5240 679 5300 5301 5616
5241 679 5301 5300 5613
5242 679 5301 5300 5614
5243 679 5307 5388 5723
5244 679 5307 5388 5724
5245 679 5318 5319 5639
5246 679 5318 5319 5640
5247 679 5319 5318 5637
5248 679 5319 5318 5638
5249 679 5319 5320 5641
5250 679 5319 5320 5642
5251 679 5320 5319 5639
5252 679 5320 5319 5640
5253 679 5321 5320 5641
5254 679 5321 5320 5642
5255 679 5340 5341 5664
5256 679 5340 5341 5665
5257 679 5341 5340 5662
5258 679 5341 5340 5663
5259 679 5341 5342 5666
5260 679 5341 5342 5667
5261 679 5342 5341 5664
5262 679 5342 5341 5665
5263 679 5343 5342 5666
5264 679 5343 5342 5667
5265 679 5363 5364 5688
5266 679 5363 5364 5689
5267 679 5364 5363 5686
5268 679 5364 5363 5687
5269 679 5364 5365 5690
5270 679 5364 5365 5691
5271 679 5365 5364 5688
5272 679 5365 5364 5689
5273 679 5366 5365 5690
5274 679 5366 5365 5691
5275 679 5371 5372 5696
5276 679 5371 5372 5697
5277 679 5372 5371 5694
5278 679 5372 5371 5695
5279 679 5372 5373 5698
5280 679 5372 5373 5699
5281 679 5373 5372 5696
5282 679 5373 5372 5697
5283 679 5373 5374 5700
5284 679 5373 5374 5701
5285 679 5374 5373 5698
5286 679 5374 5373 5699
5287 679 5374 5375 5702
5288 679 5374 5375 5703
5289 679 5375 5374 5700
5290 679 5375 5374 5701
5291 679 5375 5376 5704
5292 679 5375 5376 5705
5293 679 5376 5375 5702
5294 679 5376 5375 5703
5295 679 5376 5377 5706
5296 679 5376 5377 5707
5297 679 5377 5376 5704
5298 679 5377 5376 5705
5299 679 5377 5378 5708
5300 679 5377 5378 5709
5301 679 5378 5377 5706
5302 679 5378 5377 5707
5303 679 5378 5379 5710
5304 679 5378 5379 5711
5305 679 5379 5378 5708
5306 679 5379 5378 5709
5307 679 5379 5380 5712
5308 679 5379 5380 5713
5309 679 5380 5379 5710
5310 679 5380 5379 5711
5311 679 5388 5307 5621
5312 679 5388 5307 5622
5313 679 5393 5394 5731
5314 679 5393 5394 5732
5315 679 5394 5393 5729
5316 679 5394 5393 5730
5317 679 5394 5395 5733
5318 679 5394 5395 5734
5319 679 5395 5394 5731
5320 679 5395 5394 5732
5321 679 5395 5396 5735
5322 679 5395 5396 5736
5323 679 5396 5395 5733
5324 679 5396 5395 5734
5325 679 5402 5483 5846
5326 679 5402 5483 5847
5327 679 5413 5414 5759
5328 679 5413 5414 5760
5329 679 5414 5413 5757
5330 679 5414 5413 5758
5331 679 5414 5415 5761
5332 679 5414 5415 5762
5333 679 5415 5414 5759
5334 679 5415 5414 5760
5335 679 5416 5415 5761
5336 679 5416 5415 5762
5337 679 5436 5437 5787
5338 679 5436 5437 5788
5339 679 5437 5436 5785
5340 679 5437 5436 5786
5341 679 5437 5438 5789
5342 679 5437 5438 5790
5343 679 5438 5437 5787
5344 679 5438 5437 5788
5345 679 5439 5438 5789
5346 679 5439 5438 5790
5347 679 5458 5459 5811
5348 679 5458 5459 5812
5349 679 5459 5458 5809
5350 679 5459 5458 5810
5351 679 5459 5460 5813
5352 679 5459 5460 5814
5353 679 5460 5459 5811
5354 679 5460 5459 5812
5355 679 5461 5460 5813
5356 679 5461 5460 5814
5357 679 5466 5467 5819
5358 679 5466 5467 5820
5359 679 5467 5466 5817
5360 679 5467 5466 5818
5361 679 5467 5468 5821
5362 679 5467 5468 5822
5363 679 5468 5467 5819
5364 679 5468 5467 5820
5365 679 5468 5469 5823
5366 679 5468 5469 5824
5367 679 5469 5468 5821
5368 679 5469 5468 5822
5369 679 5469 5470 5825
5370 679 5469 5470 5826
5371 679 5470 5469 5823
5372 679 5470 5469 5824
5373 679 5470 5471 5827
5374 679 5470 5471 5828
5375 679 5471 5470 5825
5376 679 5471 5470 5826
5377 679 5471 5472 5829
5378 679 5471 5472 5830
5379 679 5472 5471 5827
5380 679 5472 5471 5828
5381 679 5472 5473 5831
5382 679 5472 5473 5832
5383 679 5473 5472 5829
5384 679 5473 5472 5830
5385 679 5473 5474 5833
5386 679 5473 5474 5834
5387 679 5474 5473 5831
5388 679 5474 5473 5832
5389 679 5474 5475 5835
5390 679 5474 5475 5836
5391 679 5475 5474 5833
5392 679 5475 5474 5834
5393 679 5483 5402 5741
5394 679 5483 5402 5742
5395 679 5854 5855 6138
5396 679 5854 5855 6139
5397 679 5855 5854 6136
5398 679 5855 5854 6137
5399 679 5855 5856 6140
5400 679 5855 5856 6141
5401 679 5856 5855 6138
5402 679 5856 5855 6139
5403 679 5856 5857 6142
5404 679 5856 5857 6143
5405 679 5857 5856 6140
5406 679 5857 5856 6141
5407 679 5863 5943 6253
5408 679 5863 5943 6254
5409 679 5874 5875 6166
5410 679 5874 5875 6167
5411 679 5875 5874 6164
5412 679 5875 5874 6165
5413 679 5875 5876 6168
5414 679 5875 5876 6169
5415 679 5876 5875 6166
5416 679 5876 5875 6167
5417 679 5877 5876 6168
5418 679 5877 5876 6169
5419 679 5895 5896 6191
5420 679 5895 5896 6192
5421 679 5896 5895 6189
5422 679 5896 5895 6190
5423 679 5896 5897 6193
5424 679 5896 5897 6194
5425 679 5897 5896 6191
5426 679 5897 5896 6192
5427 679 5898 5897 6193
5428 679 5898 5897 6194
5429 679 5918 5919 6218
5430 679 5918 5919 6219
5431 679 5919 5918 6216
5432 679 5919 5918 6217
5433 679 5919 5920 6220
5434 679 5919 5920 6221
5435 679 5920 5919 6218
5436 679 5920 5919 6219
5437 679 5921 5920 6220
5438 679 5921 5920 6221
5439 679 5926 5927 6226
5440 679 5926 5927 6227
5441 679 5927 5926 6224
5442 679 5927 5926 6225
5443 679 5927 5928 6228
5444 679 5927 5928 6229
5445 679 5928 5927 6226
5446 679 5928 5927 6227
5447 679 5928 5929 6230
5448 679 5928 5929 6231
5449 679 5929 5928 6228
5450 679 5929 5928 6229
5451 679 5929 5930 6232
5452 679 5929 5930 6233
5453 679 5930 5929 6230
5454 679 5930 5929 6231
5455 679 5930 5931 6234
5456 679 5930 5931 6235
5457 679 5931 5930 6232
5458 679 5931 5930 6233
5459 679 5931 5932 6236
5460 679 5931 5932 6237
5461 679 5932 5931 6234
5462 679 5932 5931 6235
5463 679 5932 5933 6238
5464 679 5932 5933 6239
5465 679 5933 5932 6236
5466 679 5933 5932 6237
5467 679 5933 5934 6240
5468 679 5933 5934 6241
5469 679 5934 5933 6238
5470 679 5934 5933 6239
5471 679 5934 5935 6242
5472 679 5934 5935 6243
5473 679 5935 5934 6240
5474 679 5935 5934 6241
5475 679 5943 5863 6148
5476 679 5943 5863 6149
5477 679 5948 5949 6261
5478 679 5948 5949 6262
5479 679 5949 5948 6259
5480 679 5949 5948 6260
5481 679 5949 5950 6263
5482 679 5949 5950 6264
5483 679 5950 5949 6261
5484 679 5950 5949 6262
5485 679 5950 5951 6265
5486 679 5950 5951 6266
5487 679 5951 5950 6263
5488 679 5951 5950 6264
5489 679 5957 6038 6373
5490 679 5957 6038 6374
5491 679 5968 5969 6289
5492 679 5968 5969 6290
5493 679 5969 5968 6287
5494 679 5969 5968 6288
5495 679 5969 5970 6291
5496 679 5969 5970 6292
5497 679 5970 5969 6289
5498 679 5970 5969 6290
5499 679 5971 5970 6291
5500 679 5971 5970 6292
5501 679 5990 5991 6314
5502 679 5990 5991 6315
5503 679 5991 5990 6312
5504 679 5991 5990 6313
5505 679 5991 5992 6316
5506 679 5991 5992 6317
5507 679 5992 5991 6314
5508 679 5992 5991 6315
5509 679 5993 5992 6316
5510 679 5993 5992 6317
5511 679 6013 6014 6338
5512 679 6013 6014 6339
5513 679 6014 6013 6336
5514 679 6014 6013 6337
5515 679 6014 6015 6340
5516 679 6014 6015 6341
5517 679 6015 6014 6338
5518 679 6015 6014 6339
5519 679 6016 6015 6340
5520 679 6016 6015 6341
5521 679 6021 6022 6346
5522 679 6021 6022 6347
5523 679 6022 6021 6344
5524 679 6022 6021 6345
5525 679 6022 6023 6348
5526 679 6022 6023 6349
5527 679 6023 6022 6346
5528 679 6023 6022 6347
5529 679 6023 6024 6350
5530 679 6023 6024 6351
5531 679 6024 6023 6348
5532 679 6024 6023 6349
5533 679 6024 6025 6352
5534 679 6024 6025 6353
5535 679 6025 6024 6350
5536 679 6025 6024 6351
5537 679 6025 6026 6354
5538 679 6025 6026 6355
5539 679 6026 6025 6352
5540 679 6026 6025 6353
5541 679 6026 6027 6356
5542 679 6026 6027 6357
5543 679 6027 6026 6354
5544 679 6027 6026 6355
5545 679 6027 6028 6358
5546 679 6027 6028 6359
5547 679 6028 6027 6356
5548 679 6028 6027 6357
5549 679 6028 6029 6360
5550 679 6028 6029 6361
5551 679 6029 6028 6358
5552 679 6029 6028 6359
5553 679 6029 6030 6362
5554 679 6029 6030 6363
5555 679 6030 6029 6360
5556 679 6030 6029 6361
5557 679 6038 5957 6271
5558 679 6038 5957 6272
5559 679 6043 6044 6381
5560 679 6043 6044 6382
5561 679 6044 6043 6379
5562 679 6044 6043 6380
5563 679 6044 6045 6383
5564 679 6044 6045 6384
5565 679 6045 6044 6381
5566 679 6045 6044 6382
5567 679 6045 6046 6385
5568 679 6045 6046 6386
5569 679 6046 6045 6383
5570 679 6046 6045 6384
5571 679 6052 6133 6496
5572 679 6052 6133 6497
5573 679 6063 6064 6409
5574 679 6063 6064 6410
5575 679 6064 6063 6407
5576 679 6064 6063 6408
5577 679 6064 6065 6411
5578 679 6064 6065 6412
5579 679 6065 6064 6409
5580 679 6065 6064 6410
5581 679 6066 6065 6411
5582 679 6066 6065 6412
5583 679 6086 6087 6437
5584 679 6086 6087 6438
5585 679 6087 6086 6435
5586 679 6087 6086 6436
5587 679 6087 6088 6439
5588 679 6087 6088 6440
5589 679 6088 6087 6437
5590 679 6088 6087 6438
5591 679 6089 6088 6439
5592 679 6089 6088 6440
5593 679 6108 6109 6461
5594 679 6108 6109 6462
5595 679 6109 6108 6459
5596 679 6109 6108 6460
5597 679 6109 6110 6463
5598 679 6109 6110 6464
5599 679 6110 6109 6461
5600 679 6110 6109 6462
5601 679 6111 6110 6463
5602 679 6111 6110 6464
5603 679 6116 6117 6469
5604 679 6116 6117 6470
5605 679 6117 6116 6467
5606 679 6117 6116 6468
5607 679 6117 6118 6471
5608 679 6117 6118 6472
5609 679 6118 6117 6469
5610 679 6118 6117 6470
5611 679 6118 6119 6473
5612 679 6118 6119 6474
5613 679 6119 6118 6471
5614 679 6119 6118 6472
5615 679 6119 6120 6475
5616 679 6119 6120 6476
5617 679 6120 6119 6473
5618 679 6120 6119 6474
5619 679 6120 6121 6477
5620 679 6120 6121 6478
5621 679 6121 6120 6475
5622 679 6121 6120 6476
5623 679 6121 6122 6479
5624 679 6121 6122 6480
5625 679 6122 6121 6477
5626 679 6122 6121 6478
5627 679 6122 6123 6481
5628 679 6122 6123 6482
5629 679 6123 6122 6479
5630 679 6123 6122 6480
5631 679 6123 6124 6483
5632 679 6123 6124 6484
5633 679 6124 6123 6481
5634 679 6124 6123 6482
5635 679 6124 6125 6485
5636 679 6124 6125 6486
5637 679 6125 6124 6483
5638 679 6125 6124 6484
5639 679 6133 6052 6391
5640 679 6133 6052 6392
5641 679 6504 6505 6788
5642 679 6504 6505 6789
5643 679 6505 6504 6786
5644 679 6505 6504 6787
5645 679 6505 6506 6790
5646 679 6505 6506 6791
5647 679 6506 6505 6788
5648 679 6506 6505 6789
5649 679 6506 6507 6792
5650 679 6506 6507 6793
5651 679 6507 6506 6790
5652 679 6507 6506 6791
5653 679 6513 6593 6903
5654 679 6513 6593 6904
5655 679 6524 6525 6816
5656 679 6524 6525 6817
5657 679 6525 6524 6814
5658 679 6525 6524 6815
5659 679 6525 6526 6818
5660 679 6525 6526 6819
5661 679 6526 6525 6816
5662 679 6526 6525 6817
5663 679 6527 6526 6818
5664 679 6527 6526 6819
5665 679 6545 6546 6841
5666 679 6545 6546 6842
5667 679 6546 6545 6839
5668 679 6546 6545 6840
5669 679 6546 6547 6843
5670 679 6546 6547 6844
5671 679 6547 6546 6841
5672 679 6547 6546 6842
5673 679 6548 6547 6843
5674 679 6548 6547 6844
5675 679 6568 6569 6868
5676 679 6568 6569 6869
5677 679 6569 6568 6866
5678 679 6569 6568 6867
5679 679 6569 6570 6870
5680 679 6569 6570 6871
5681 679 6570 6569 6868
5682 679 6570 6569 6869
5683 679 6571 6570 6870
5684 679 6571 6570 6871
5685 679 6576 6577 6876
5686 679 6576 6577 6877
5687 679 6577 6576 6874
5688 679 6577 6576 6875
5689 679 6577 6578 6878
5690 679 6577 6578 6879
5691 679 6578 6577 6876
5692 679 6578 6577 6877
5693 679 6578 6579 6880
5694 679 6578 6579 6881
5695 679 6579 6578 6878
5696 679 6579 6578 6879
5697 679 6579 6580 6882
5698 679 6579 6580 6883
5699 679 6580 6579 6880
5700 679 6580 6579 6881
5701 679 6580 6581 6884
5702 679 6580 6581 6885
5703 679 6581 6580 6882
5704 679 6581 6580 6883
5705 679 6581 6582 6886
5706 679 6581 6582 6887
5707 679 6582 6581 6884
5708 679 6582 6581 6885
5709 679 6582 6583 6888
5710 679 6582 6583 6889
5711 679 6583 6582 6886
5712 679 6583 6582 6887
5713 679 6583 6584 6890
5714 679 6583 6584 6891
5715 679 6584 6583 6888
5716 679 6584 6583 6889
5717 679 6584 6585 6892
5718 679 6584 6585 6893
5719 679 6585 6584 6890
5720 679 6585 6584 6891
5721 679 6593 6513 6798
5722 679 6593 6513 6799
5723 679 6598 6599 6911
5724 679 6598 6599 6912
5725 679 6599 6598 6909
5726 679 6599 6598 6910
5727 679 6599 6600 6913
5728 679 6599 6600 6914
5729 679 6600 6599 6911
5730 679 6600 6599 6912
5731 679 6600 6601 6915
5732 679 6600 6601 6916
5733 679 6601 6600 6913
5734 679 6601 6600 6914
5735 679 6607 6688 7023
5736 679 6607 6688 7024
5737 679 6618 6619 6939
5738 679 6618 6619 6940
5739 679 6619 6618 6937
5740 679 6619 6618 6938
5741 679 6619 6620 6941
5742 679 6619 6620 6942
5743 679 6620 6619 6939
5744 679 6620 6619 6940
5745 679 6621 6620 6941
5746 679 6621 6620 6942
5747 679 6640 6641 6964
5748 679 6640 6641 6965
5749 679 6641 6640 6962
5750 679 6641 6640 6963
5751 679 6641 6642 6966
5752 679 6641 6642 6967
5753 679 6642 6641 6964
5754 679 6642 6641 6965
5755 679 6643 6642 6966
5756 679 6643 6642 6967
5757 679 6663 6664 6988
5758 679 6663 6664 6989
5759 679 6664 6663 6986
5760 679 6664 6663 6987
5761 679 6664 6665 6990
5762 679 6664 6665 6991
5763 679 6665 6664 6988
5764 679 6665 6664 6989
5765 679 6666 6665 6990
5766 679 6666 6665 6991
5767 679 6671 6672 6996
5768 679 6671 6672 6997
5769 679 6672 6671 6994
5770 679 6672 6671 6995
5771 679 6672 6673 6998
5772 679 6672 6673 6999
5773 679 6673 6672 6996
5774 679 6673 6672 6997
5775 679 6673 6674 7000
5776 679 6673 6674 7001
5777 679 6674 6673 6998
5778 679 6674 6673 6999
5779 679 6674 6675 7002
5780 679 6674 6675 7003
5781 679 6675 6674 7000
5782 679 6675 6674 7001
5783 679 6675 6676 7004
5784 679 6675 6676 7005
5785 679 6676 6675 7002
5786 679 6676 6675 7003
5787 679 6676 6677 7006
5788 679 6676 6677 7007
5789 679 6677 6676 7004
5790 679 6677 6676 7005
5791 679 6677 6678 7008
5792 679 6677 6678 7009
5793 679 6678 6677 7006
5794 679 6678 6677 7007
5795 679 6678 6679 7010
5796 679 6678 6679 7011
5797 679 6679 6678 7008
5798 679 6679 6678 7009
5799 679 6679 6680 7012
5800 679 6679 6680 7013
5801 679 6680 6679 7010
5802 679 6680 6679 7011
5803 679 6688 6607 6921
5804 679 6688 6607 6922
5805 679 6693 6694 7031
5806 679 6693 6694 7032
5807 679 6694 6693 7029
5808 679 6694 6693 7030
5809 679 6694 6695 7033
5810 679 6694 6695 7034
5811 679 6695 6694 7031
5812 679 6695 6694 7032
5813 679 6695 6696 7035
5814 679 6695 6696 7036
5815 679 6696 6695 7033
5816 679 6696 6695 7034
5817 679 6702 6783 7146
5818 679 6702 6783 7147
5819 679 6713 6714 7059
5820 679 6713 6714 7060
5821 679 6714 6713 7057
5822 679 6714 6713 7058
5823 679 6714 6715 7061
5824 679 6714 6715 7062
5825 679 6715 6714 7059
5826 679 6715 6714 7060
5827 679 6716 6715 7061
5828 679 6716 6715 7062
5829 679 6736 6737 7087
5830 679 6736 6737 7088
5831 679 6737 6736 7085
5832 679 6737 6736 7086
5833 679 6737 6738 7089
5834 679 6737 6738 7090
5835 679 6738 6737 7087
5836 679 6738 6737 7088
5837 679 6739 6738 7089
5838 679 6739 6738 7090
5839 679 6758 6759 7111
5840 679 6758 6759 7112
5841 679 6759 6758 7109
5842 679 6759 6758 7110
5843 679 6759 6760 7113
5844 679 6759 6760 7114
5845 679 6760 6759 7111
5846 679 6760 6759 7112
5847 679 6761 6760 7113
5848 679 6761 6760 7114
5849 679 6766 6767 7119
5850 679 6766 6767 7120
5851 679 6767 6766 7117
5852 679 6767 6766 7118
5853 679 6767 6768 7121
5854 679 6767 6768 7122
5855 679 6768 6767 7119
5856 679 6768 6767 7120
5857 679 6768 6769 7123
5858 679 6768 6769 7124
5859 679 6769 6768 7121
5860 679 6769 6768 7122
5861 679 6769 6770 7125
5862 679 6769 6770 7126
5863 679 6770 6769 7123
5864 679 6770 6769 7124
5865 679 6770 6771 7127
5866 679 6770 6771 7128
5867 679 6771 6770 7125
5868 679 6771 6770 7126
5869 679 6771 6772 7129
5870 679 6771 6772 7130
5871 679 6772 6771 7127
5872 679 6772 6771 7128
5873 679 6772 6773 7131
5874 679 6772 6773 7132
5875 679 6773 6772 7129
5876 679 6773 6772 7130
5877 679 6773 6774 7133
5878 679 6773 6774 7134
5879 679 6774 6773 7131
5880 679 6774 6773 7132
5881 679 6774 6775 7135
5882 679 6774 6775 7136
5883 679 6775 6774 7133
5884 679 6775 6774 7134
5885 679 6783 6702 7041
5886 679 6783 6702 7042
5887 679 7154 7155 7438
5888 679 7154 7155 7439
5889 679 7155 7154 7436
5890 679 7155 7154 7437
5891 679 7155 7156 7440
5892 679 7155 7156 7441
5893 679 7156 7155 7438
5894 679 7156 7155 7439
5895 679 7156 7157 7442
5896 679 7156 7157 7443
5897 679 7157 7156 7440
5898 679 7157 7156 7441
5899 679 7163 7243 7553
5900 679 7163 7243 7554
5901 679 7174 7175 7466
5902 679 7174 7175 7467
5903 679 7175 7174 7464
5904 679 7175 7174 7465
5905 679 7175 7176 7468
5906 679 7175 7176 7469
5907 679 7176 7175 7466
5908 679 7176 7175 7467
5909 679 7177 7176 7468
5910 679 7177 7176 7469
5911 679 7195 7196 7491
5912 679 7195 7196 7492
5913 679 7196 7195 7489
5914 679 7196 7195 7490
5915 679 7196 7197 7493
5916 679 7196 7197 7494
5917 679 7197 7196 7491
5918 679 7197 7196 7492
5919 679 7198 7197 7493
5920 679 7198 7197 7494
5921 679 7218 7219 7518
5922 679 7218 7219 7519
5923 679 7219 7218 7516
5924 679 7219 7218 7517
5925 679 7219 7220 7520
5926 679 7219 7220 7521
5927 679 7220 7219 7518
5928 679 7220 7219 7519
5929 679 7221 7220 7520
5930 679 7221 7220 7521
5931 679 7226 7227 7526
5932 679 7226 7227 7527
5933 679 7227 7226 7524
5934 679 7227 7226 7525
5935 679 7227 7228 7528
5936 679 7227 7228 7529
5937 679 7228 7227 7526
5938 679 7228 7227 7527
5939 679 7228 7229 7530
5940 679 7228 7229 7531
5941 679 7229 7228 7528
5942 679 7229 7228 7529
5943 679 7229 7230 7532
5944 679 7229 7230 7533
5945 679 7230 7229 7530
5946 679 7230 7229 7531
5947 679 7230 7231 7534
5948 679 7230 7231 7535
5949 679 7231 7230 7532
5950 679 7231 7230 7533
5951 679 7231 7232 7536
5952 679 7231 7232 7537
5953 679 7232 7231 7534
5954 679 7232 7231 7535
5955 679 7232 7233 7538
5956 679 7232 7233 7539
5957 679 7233 7232 7536
5958 679 7233 7232 7537
5959 679 7233 7234 7540
5960 679 7233 7234 7541
5961 679 7234 7233 7538
5962 679 7234 7233 7539
5963 679 7234 7235 7542
5964 679 7234 7235 7543
5965 679 7235 7234 7540
5966 679 7235 7234 7541
5967 679 7243 7163 7448
5968 679 7243 7163 7449
5969 679 7248 7249 7561
5970 679 7248 7249 7562
5971 679 7249 7248 7559
5972 679 7249 7248 7560
5973 679 7249 7250 7563
5974 679 7249 7250 7564
5975 679 7250 7249 7561
5976 679 7250 7249 7562
5977 679 7250 7251 7565
5978 679 7250 7251 7566
5979 679 7251 7250 7563
5980 679 7251 7250 7564
5981 679 7257 7338 7673
5982 679 7257 7338 7674
5983 679 7268 7269 7589
5984 679 7268 7269 7590
5985 679 7269 7268 7587
5986 679 7269 7268 7588
5987 679 7269 7270 7591
5988 679 7269 7270 7592
5989 679 7270 7269 7589
5990 679 7270 7269 7590
5991 679 7271 7270 7591
5992 679 7271 7270 7592
5993 679 7290 7291 7614
5994 679 7290 7291 7615
5995 679 7291 7290 7612
5996 679 7291 7290 7613
5997 679 7291 7292 7616
5998 679 7291 7292 7617
5999 679 7292 7291 7614
6000 679 7292 7291 7615
6001 679 7293 7292 7616
6002 679 7293 7292 7617
6003 679 7313 7314 7638
6004 679 7313 7314 7639
6005 679 7314 7313 7636
6006 679 7314 7313 7637
6007 679 7314 7315 7640
6008 679 7314 7315 7641
6009 679 7315 7314 7638
6010 679 7315 7314 7639
6011 679 7316 7315 7640
6012 679 7316 7315 7641
6013 679 7321 7322 7646
6014 679 7321 7322 7647
6015 679 7322 7321 7644
6016 679 7322 7321 7645
6017 679 7322 7323 7648
6018 679 7322 7323 7649
6019 679 7323 7322 7646
6020 679 7323 7322 7647
6021 679 7323 7324 7650
6022 679 7323 7324 7651
6023 679 7324 7323 7648
6024 679 7324 7323 7649
6025 679 7324 7325 7652
6026 679 7324 7325 7653
6027 679 7325 7324 7650
6028 679 7325 7324 7651
6029 679 7325 7326 7654
6030 679 7325 7326 7655
6031 679 7326 7325 7652
6032 679 7326 7325 7653
6033 679 7326 7327 7656
6034 679 7326 7327 7657
6035 679 7327 7326 7654
6036 679 7327 7326 7655
6037 679 7327 7328 7658
6038 679 7327 7328 7659
6039 679 7328 7327 7656
6040 679 7328 7327 7657
6041 679 7328 7329 7660
6042 679 7328 7329 7661
6043 679 7329 7328 7658
6044 679 7329 7328 7659
6045 679 7329 7330 7662
6046 679 7329 7330 7663
6047 679 7330 7329 7660
6048 679 7330 7329 7661
6049 679 7338 7257 7571
6050 679 7338 7257 7572
6051 679 7343 7344 7681
6052 679 7343 7344 7682
6053 679 7344 7343 7679
6054 679 7344 7343 7680
6055 679 7344 7345 7683
6056 679 7344 7345 7684
6057 679 7345 7344 7681
6058 679 7345 7344 7682
6059 679 7345 7346 7685
6060 679 7345 7346 7686
6061 679 7346 7345 7683
6062 679 7346 7345 7684
6063 679 7352 7433 7796
6064 679 7352 7433 7797
6065 679 7363 7364 7709
6066 679 7363 7364 7710
6067 679 7364 7363 7707
6068 679 7364 7363 7708
6069 679 7364 7365 7711
6070 679 7364 7365 7712
6071 679 7365 7364 7709
6072 679 7365 7364 7710
6073 679 7366 7365 7711
6074 679 7366 7365 7712
6075 679 7386 7387 7737
6076 679 7386 7387 7738
6077 679 7387 7386 7735
6078 679 7387 7386 7736
6079 679 7387 7388 7739
6080 679 7387 7388 7740
6081 679 7388 7387 7737
6082 679 7388 7387 7738
6083 679 7389 7388 7739
6084 679 7389 7388 7740
6085 679 7408 7409 7761
6086 679 7408 7409 7762
6087 679 7409 7408 7759
6088 679 7409 7408 7760
6089 679 7409 7410 7763
6090 679 7409 7410 7764
6091 679 7410 7409 7761
6092 679 7410 7409 7762
6093 679 7411 7410 7763
6094 679 7411 7410 7764
6095 679 7416 7417 7769
6096 679 7416 7417 7770
6097 679 7417 7416 7767
6098 679 7417 7416 7768
6099 679 7417 7418 7771
6100 679 7417 7418 7772
6101 679 7418 7417 7769
6102 679 7418 7417 7770
6103 679 7418 7419 7773
6104 679 7418 7419 7774
6105 679 7419 7418 7771
6106 679 7419 7418 7772
6107 679 7419 7420 7775
6108 679 7419 7420 7776
6109 679 7420 7419 7773
6110 679 7420 7419 7774
6111 679 7420 7421 7777
6112 679 7420 7421 7778
6113 679 7421 7420 7775
6114 679 7421 7420 7776
6115 679 7421 7422 7779
6116 679 7421 7422 7780
6117 679 7422 7421 7777
6118 679 7422 7421 7778
6119 679 7422 7423 7781
6120 679 7422 7423 7782
6121 679 7423 7422 7779
6122 679 7423 7422 7780
6123 679 7423 7424 7783
6124 679 7423 7424 7784
6125 679 7424 7423 7781
6126 679 7424 7423 7782
6127 679 7424 7425 7785
6128 679 7424 7425 7786
6129 679 7425 7424 7783
6130 679 7425 7424 7784
6131 679 7433 7352 7691
6132 679 7433 7352 7692
6133 679 7804 7805 8088
6134 679 7804 7805 8089
6135 679 7805 7804 8086
6136 679 7805 7804 8087
6137 679 7805 7806 8090
6138 679 7805 7806 8091
6139 679 7806 7805 8088
6140 679 7806 7805 8089
6141 679 7806 7807 8092
6142 679 7806 7807 8093
6143 679 7807 7806 8090
6144 679 7807 7806 8091
6145 679 7813 7893 8203
6146 679 7813 7893 8204
6147 679 7824 7825 8116
6148 679 7824 7825 8117
6149 679 7825 7824 8114
6150 679 7825 7824 8115
6151 679 7825 7826 8118
6152 679 7825 7826 8119
6153 679 7826 7825 8116
6154 679 7826 7825 8117
6155 679 7827 7826 8118
6156 679 7827 7826 8119
6157 679 7845 7846 8141
6158 679 7845 7846 8142
6159 679 7846 7845 8139
6160 679 7846 7845 8140
6161 679 7846 7847 8143
6162 679 7846 7847 8144
6163 679 7847 7846 8141
6164 679 7847 7846 8142
6165 679 7848 7847 8143
6166 679 7848 7847 8144
6167 679 7868 7869 8168
6168 679 7868 7869 8169
6169 679 7869 7868 8166
6170 679 7869 7868 8167
6171 679 7869 7870 8170
6172 679 7869 7870 8171
6173 679 7870 7869 8168
6174 679 7870 7869 8169
6175 679 7871 7870 8170
6176 679 7871 7870 8171
6177 679 7876 7877 8176
6178 679 7876 7877 8177
6179 679 7877 7876 8174
6180 679 7877 7876 8175
6181 679 7877 7878 8178
6182 679 7877 7878 8179
6183 679 7878 7877 8176
6184 679 7878 7877 8177
6185 679 7878 7879 8180
6186 679 7878 7879 8181
6187 679 7879 7878 8178
6188 679 7879 7878 8179
6189 679 7879 7880 8182
6190 679 7879 7880 8183
6191 679 7880 7879 8180
6192 679 7880 7879 8181
6193 679 7880 7881 8184
6194 679 7880 7881 8185
6195 679 7881 7880 8182
6196 679 7881 7880 8183
6197 679 7881 7882 8186
6198 679 7881 7882 8187
6199 679 7882 7881 8184
6200 679 7882 7881 8185
6201 679 7882 7883 8188
6202 679 7882 7883 8189
6203 679 7883 7882 8186
6204 679 7883 7882 8187
6205 679 7883 7884 8190
6206 679 7883 7884 8191
6207 679 7884 7883 8188
6208 679 7884 7883 8189
6209 679 7884 7885 8192
6210 679 7884 7885 8193
6211 679 7885 7884 8190
6212 679 7885 7884 8191
6213 679 7893 7813 8098
6214 679 7893 7813 8099
6215 679 7898 7899 8211
6216 679 7898 7899 8212
6217 679 7899 7898 8209
6218 679 7899 7898 8210
6219 679 7899 7900 8213
6220 679 7899 7900 8214
6221 679 7900 7899 8211
6222 679 7900 7899 8212
6223 679 7900 7901 8215
6224 679 7900 7901 8216
6225 679 7901 7900 8213
6226 679 7901 7900 8214
6227 679 7907 7988 8323
6228 679 7907 7988 8324
6229 679 7918 7919 8239
6230 679 7918 7919 8240
6231 679 7919 7918 8237
6232 679 7919 7918 8238
6233 679 7919 7920 8241
6234 679 7919 7920 8242
6235 679 7920 7919 8239
6236 679 7920 7919 8240
6237 679 7921 7920 8241
6238 679 7921 7920 8242
6239 679 7940 7941 8264
6240 679 7940 7941 8265
6241 679 7941 7940 8262
6242 679 7941 7940 8263
6243 679 7941 7942 8266
6244 679 7941 7942 8267
6245 679 7942 7941 8264
6246 679 7942 7941 8265
6247 679 7943 7942 8266
6248 679 7943 7942 8267
6249 679 7963 7964 8288
6250 679 7963 7964 8289
6251 679 7964 7963 8286
6252 679 7964 7963 8287
6253 679 7964 7965 8290
6254 679 7964 7965 8291
6255 679 7965 7964 8288
6256 679 7965 7964 8289
6257 679 7966 7965 8290
6258 679 7966 7965 8291
6259 679 7971 7972 8296
6260 679 7971 7972 8297
6261 679 7972 7971 8294
6262 679 7972 7971 8295
6263 679 7972 7973 8298
6264 679 7972 7973 8299
6265 679 7973 7972 8296
6266 679 7973 7972 8297
6267 679 7973 7974 8300
6268 679 7973 7974 8301
6269 679 7974 7973 8298
6270 679 7974 7973 8299
6271 679 7974 7975 8302
6272 679 7974 7975 8303
6273 679 7975 7974 8300
6274 679 7975 7974 8301
6275 679 7975 7976 8304
6276 679 7975 7976 8305
6277 679 7976 7975 8302
6278 679 7976 7975 8303
6279 679 7976 7977 8306
6280 679 7976 7977 8307
6281 679 7977 7976 8304
6282 679 7977 7976 8305
6283 679 7977 7978 8308
6284 679 7977 7978 8309
6285 679 7978 7977 8306
6286 679 7978 7977 8307
6287 679 7978 7979 8310
6288 679 7978 7979 8311
6289 679 7979 7978 8308
6290 679 7979 7978 8309
6291 679 7979 7980 8312
6292 679 7979 7980 8313
6293 679 7980 7979 8310
6294 679 7980 7979 8311
6295 679 7988 7907 8221
6296 679 7988 7907 8222
6297 679 7993 7994 8331
6298 679 7993 7994 8332
6299 679 7994 7993 8329
6300 679 7994 7993 8330
6301 679 7994 7995 8333
6302 679 7994 7995 8334
6303 679 7995 7994 8331
6304 679 7995 7994 8332
6305 679 7995 7996 8335
6306 679 7995 7996 8336
6307 679 7996 7995 8333
6308 679 7996 7995 8334
6309 679 8002 8083 8446
6310 679 8002 8083 8447
6311 679 8013 8014 8359
6312 679 8013 8014 8360
6313 679 8014 8013 8357
6314 679 8014 8013 8358
6315 679 8014 8015 8361
6316 679 8014 8015 8362
6317 679 8015 8014 8359
6318 679 8015 8014 8360
6319 679 8016 8015 8361
6320 679 8016 8015 8362
6321 679 8036 8037 8387
6322 679 8036 8037 8388
6323 679 8037 8036 8385
6324 679 8037 8036 8386
6325 679 8037 8038 8389
6326 679 8037 8038 8390
6327 679 8038 8037 8387
6328 679 8038 8037 8388
6329 679 8039 8038 8389
6330 679 8039 8038 8390
6331 679 8058 8059 8411
6332 679 8058 8059 8412
6333 679 8059 8058 8409
6334 679 8059 8058 8410
6335 679 8059 8060 8413
6336 679 8059 8060 8414
6337 679 8060 8059 8411
6338 679 8060 8059 8412
6339 679 8061 8060 8413
6340 679 8061 8060 8414
6341 679 8066 8067 8419
6342 679 8066 8067 8420
6343 679 8067 8066 8417
6344 679 8067 8066 8418
6345 679 8067 8068 8421
6346 679 8067 8068 8422
6347 679 8068 8067 8419
6348 679 8068 8067 8420
6349 679 8068 8069 8423
6350 679 8068 8069 8424
6351 679 8069 8068 8421
6352 679 8069 8068 8422
6353 679 8069 8070 8425
6354 679 8069 8070 8426
6355 679 8070 8069 8423
6356 679 8070 8069 8424
6357 679 8070 8071 8427
6358 679 8070 8071 8428
6359 679 8071 8070 8425
6360 679 8071 8070 8426
6361 679 8071 8072 8429
6362 679 8071 8072 8430
6363 679 8072 8071 8427
6364 679 8072 8071 8428
6365 679 8072 8073 8431
6366 679 8072 8073 8432
6367 679 8073 8072 8429
6368 679 8073 8072 8430
6369 679 8073 8074 8433
6370 679 8073 8074 8434
6371 679 8074 8073 8431
6372 679 8074 8073 8432
6373 679 8074 8075 8435
6374 679 8074 8075 8436
6375 679 8075 8074 8433
6376 679 8075 8074 8434
6377 679 8083 8002 8341
6378 679 8083 8002 8342
6379 679 8454 8455 8738
6380 679 8454 8455 8739
6381 679 8455 8454 8736
6382 679 8455 8454 8737
6383 679 8455 8456 8740
6384 679 8455 8456 8741
6385 679 8456 8455 8738
6386 679 8456 8455 8739
6387 679 8456 8457 8742
6388 679 8456 8457 8743
6389 679 8457 8456 8740
6390 679 8457 8456 8741
6391 679 8463 8543 8853
6392 679 8463 8543 8854
6393 679 8474 8475 8766
6394 679 8474 8475 8767
6395 679 8475 8474 8764
6396 679 8475 8474 8765
6397 679 8475 8476 8768
6398 679 8475 8476 8769
6399 679 8476 8475 8766
6400 679 8476 8475 8767
6401 679 8477 8476 8768
6402 679 8477 8476 8769
6403 679 8495 8496 8791
6404 679 8495 8496 8792
6405 679 8496 8495 8789
6406 679 8496 8495 8790
6407 679 8496 8497 8793
6408 679 8496 8497 8794
6409 679 8497 8496 8791
6410 679 8497 8496 8792
6411 679 8498 8497 8793
6412 679 8498 8497 8794
6413 679 8518 8519 8818
6414 679 8518 8519 8819
6415 679 8519 8518 8816
6416 679 8519 8518 8817
6417 679 8519 8520 8820
6418 679 8519 8520 8821
6419 679 8520 8519 8818
6420 679 8520 8519 8819
6421 679 8521 8520 8820
6422 679 8521 8520 8821
6423 679 8526 8527 8826
6424 679 8526 8527 8827
6425 679 8527 8526 8824
6426 679 8527 8526 8825
6427 679 8527 8528 8828
6428 679 8527 8528 8829
6429 679 8528 8527 8826
6430 679 8528 8527 8827
6431 679 8528 8529 8830
6432 679 8528 8529 8831
6433 679 8529 8528 8828
6434 679 8529 8528 8829
6435 679 8529 8530 8832
6436 679 8529 8530 8833
6437 679 8530 8529 8830
6438 679 8530 8529 8831
6439 679 8530 8531 8834
6440 679 8530 8531 8835
6441 679 8531 8530 8832
6442 679 8531 8530 8833
6443 679 8531 8532 8836
6444 679 8531 8532 8837
6445 679 8532 8531 8834
6446 679 8532 8531 8835
6447 679 8532 8533 8838
6448 679 8532 8533 8839
6449 679 8533 8532 8836
6450 679 8533 8532 8837
6451 679 8533 8534 8840
6452 679 8533 8534 8841
6453 679 8534 8533 8838
6454 679 8534 8533 8839
6455 679 8534 8535 8842
6456 679 8534 8535 8843
6457 679 8535 8534 8840
6458 679 8535 8534 8841
6459 679 8543 8463 8748
6460 679 8543 8463 8749
6461 679 8548 8549 8861
6462 679 8548 8549 8862
6463 679 8549 8548 8859
6464 679 8549 8548 8860
6465 679 8549 8550 8863
6466 679 8549 8550 8864
6467 679 8550 8549 8861
6468 679 8550 8549 8862
6469 679 8550 8551 8865
6470 679 8550 8551 8866
6471 679 8551 8550 8863
6472 679 8551 8550 8864
6473 679 8557 8638 8973
6474 679 8557 8638 8974
6475 679 8568 8569 8889
6476 679 8568 8569 8890
6477 679 8569 8568 8887
6478 679 8569 8568 8888
6479 679 8569 8570 8891
6480 679 8569 8570 8892
6481 679 8570 8569 8889
6482 679 8570 8569 8890
6483 679 8571 8570 8891
6484 679 8571 8570 8892
6485 679 8590 8591 8914
6486 679 8590 8591 8915
6487 679 8591 8590 8912
6488 679 8591 8590 8913
6489 679 8591 8592 8916
6490 679 8591 8592 8917
6491 679 8592 8591 8914
6492 679 8592 8591 8915
6493 679 8593 8592 8916
6494 679 8593 8592 8917
6495 679 8613 8614 8938
6496 679 8613 8614 8939
6497 679 8614 8613 8936
6498 679 8614 8613 8937
6499 679 8614 8615 8940
6500 679 8614 8615 8941
6501 679 8615 8614 8938
6502 679 8615 8614 8939
6503 679 8616 8615 8940
6504 679 8616 8615 8941
6505 679 8621 8622 8946
6506 679 8621 8622 8947
6507 679 8622 8621 8944
6508 679 8622 8621 8945
6509 679 8622 8623 8948
6510 679 8622 8623 8949
6511 679 8623 8622 8946
6512 679 8623 8622 8947
6513 679 8623 8624 8950
6514 679 8623 8624 8951
6515 679 8624 8623 8948
6516 679 8624 8623 8949
6517 679 8624 8625 8952
6518 679 8624 8625 8953
6519 679 8625 8624 8950
6520 679 8625 8624 8951
6521 679 8625 8626 8954
6522 679 8625 8626 8955
6523 679 8626 8625 8952
6524 679 8626 8625 8953
6525 679 8626 8627 8956
6526 679 8626 8627 8957
6527 679 8627 8626 8954
6528 679 8627 8626 8955
6529 679 8627 8628 8958
6530 679 8627 8628 8959
6531 679 8628 8627 8956
6532 679 8628 8627 8957
6533 679 8628 8629 8960
6534 679 8628 8629 8961
6535 679 8629 8628 8958
6536 679 8629 8628 8959
6537 679 8629 8630 8962
6538 679 8629 8630 8963
6539 679 8630 8629 8960
6540 679 8630 8629 8961
6541 679 8638 8557 8871
6542 679 8638 8557 8872
6543 679 8643 8644 8981
6544 679 8643 8644 8982
6545 679 8644 8643 8979
6546 679 8644 8643 8980
6547 679 8644 8645 8983
6548 679 8644 8645 8984
6549 679 8645 8644 8981
6550 679 8645 8644 8982
6551 679 8645 8646 8985
6552 679 8645 8646 8986
6553 679 8646 8645 8983
6554 679 8646 8645 8984
6555 679 8652 8733 9096
6556 679 8652 8733 9097
6557 679 8663 8664 9009
6558 679 8663 8664 9010
6559 679 8664 8663 9007
6560 679 8664 8663 9008
6561 679 8664 8665 9011
6562 679 8664 8665 9012
6563 679 8665 8664 9009
6564 679 8665 8664 9010
6565 679 8666 8665 9011
6566 679 8666 8665 9012
6567 679 8686 8687 9037
6568 679 8686 8687 9038
6569 679 8687 8686 9035
6570 679 8687 8686 9036
6571 679 8687 8688 9039
6572 679 8687 8688 9040
6573 679 8688 8687 9037
6574 679 8688 8687 9038
6575 679 8689 8688 9039
6576 679 8689 8688 9040
6577 679 8708 8709 9061
6578 679 8708 8709 9062
6579 679 8709 8708 9059
6580 679 8709 8708 9060
6581 679 8709 8710 9063
6582 679 8709 8710 9064
6583 679 8710 8709 9061
6584 679 8710 8709 9062
6585 679 8711 8710 9063
6586 679 8711 8710 9064
6587 679 8716 8717 9069
6588 679 8716 8717 9070
6589 679 8717 8716 9067
6590 679 8717 8716 9068
6591 679 8717 8718 9071
6592 679 8717 8718 9072
6593 679 8718 8717 9069
6594 679 8718 8717 9070
6595 679 8718 8719 9073
6596 679 8718 8719 9074
6597 679 8719 8718 9071
6598 679 8719 8718 9072
6599 679 8719 8720 9075
6600 679 8719 8720 9076
6601 679 8720 8719 9073
6602 679 8720 8719 9074
6603 679 8720 8721 9077
6604 679 8720 8721 9078
6605 679 8721 8720 9075
6606 679 8721 8720 9076
6607 679 8721 8722 9079
6608 679 8721 8722 9080
6609 679 8722 8721 9077
6610 679 8722 8721 9078
6611 679 8722 8723 9081
6612 679 8722 8723 9082
6613 679 8723 8722 9079
6614 679 8723 8722 9080
6615 679 8723 8724 9083
6616 679 8723 8724 9084
6617 679 8724 8723 9081
6618 679 8724 8723 9082
6619 679 8724 8725 9085
6620 679 8724 8725 9086
6621 679 8725 8724 9083
6622 679 8725 8724 9084
6623 679 8733 8652 8991
6624 679 8733 8652 8992
6625 679 9104 9105 9388
6626 679 9104 9105 9389
6627 679 9105 9104 9386
6628 679 9105 9104 9387
6629 679 9105 9106 9390
6630 679 9105 9106 9391
6631 679 9106 9105 9388
6632 679 9106 9105 9389
6633 679 9106 9107 9392
6634 679 9106 9107 9393
6635 679 9107 9106 9390
6636 679 9107 9106 9391
6637 679 9113 9193 9503
6638 679 9113 9193 9504
6639 679 9124 9125 9416
6640 679 9124 9125 9417
6641 679 9125 9124 9414
6642 679 9125 9124 9415
6643 679 9125 9126 9418
6644 679 9125 9126 9419
6645 679 9126 9125 9416
6646 679 9126 9125 9417
6647 679 9127 9126 9418
6648 679 9127 9126 9419
6649 679 9145 9146 9441
6650 679 9145 9146 9442
6651 679 9146 9145 9439
6652 679 9146 9145 9440
6653 679 9146 9147 9443
6654 679 9146 9147 9444
6655 679 9147 9146 9441
6656 679 9147 9146 9442
6657 679 9148 9147 9443
6658 679 9148 9147 9444
6659 679 9168 9169 9468
6660 679 9168 9169 9469
6661 679 9169 9168 9466
6662 679 9169 9168 9467
6663 679 9169 9170 9470
6664 679 9169 9170 9471
6665 679 9170 9169 9468
6666 679 9170 9169 9469
6667 679 9171 9170 9470
6668 679 9171 9170 9471
6669 679 9176 9177 9476
6670 679 9176 9177 9477
6671 679 9177 9176 9474
6672 679 9177 9176 9475
6673 679 9177 9178 9478
6674 679 9177 9178 9479
6675 679 9178 9177 9476
6676 679 9178 9177 9477
6677 679 9178 9179 9480
6678 679 9178 9179 9481
6679 679 9179 9178 9478
6680 679 9179 9178 9479
6681 679 9179 9180 9482
6682 679 9179 9180 9483
6683 679 9180 9179 9480
6684 679 9180 9179 9481
6685 679 9180 9181 9484
6686 679 9180 9181 9485
6687 679 9181 9180 9482
6688 679 9181 9180 9483
6689 679 9181 9182 9486
6690 679 9181 9182 9487
6691 679 9182 9181 9484
6692 679 9182 9181 9485
6693 679 9182 9183 9488
6694 679 9182 9183 9489
6695 679 9183 9182 9486
6696 679 9183 9182 9487
6697 679 9183 9184 9490
6698 679 9183 9184 9491
6699 679 9184 9183 9488
6700 679 9184 9183 9489
6701 679 9184 9185 9492
6702 679 9184 9185 9493
6703 679 9185 9184 9490
6704 679 9185 9184 9491
6705 679 9193 9113 9398
6706 679 9193 9113 9399
6707 679 9198 9199 9511
6708 679 9198 9199 9512
6709 679 9199 9198 9509
6710 679 9199 9198 9510
6711 679 9199 9200 9513
6712 679 9199 9200 9514
6713 679 9200 9199 9511
6714 679 9200 9199 9512
6715 679 9200 9201 9515
6716 679 9200 9201 9516
6717 679 9201 9200 9513
6718 679 9201 9200 9514
6719 679 9207 9288 9623
6720 679 9207 9288 9624
6721 679 9218 9219 9539
6722 679 9218 9219 9540
6723 679 9219 9218 9537
6724 679 9219 9218 9538
6725 679 9219 9220 9541
6726 679 9219 9220 9542
6727 679 9220 9219 9539
6728 679 9220 9219 9540
6729 679 9221 9220 9541
6730 679 9221 9220 9542
6731 679 9240 9241 9564
6732 679 9240 9241 9565
6733 679 9241 9240 9562
6734 679 9241 9240 9563
6735 679 9241 9242 9566
6736 679 9241 9242 9567
6737 679 9242 9241 9564
6738 679 9242 9241 9565
6739 679 9243 9242 9566
6740 679 9243 9242 9567
6741 679 9263 9264 9588
6742 679 9263 9264 9589
6743 679 9264 9263 9586
6744 679 9264 9263 9587
6745 679 9264 9265 9590
6746 679 9264 9265 9591
6747 679 9265 9264 9588
6748 679 9265 9264 9589
6749 679 9266 9265 9590
6750 679 9266 9265 9591
6751 679 9271 9272 9596
6752 679 9271 9272 9597
6753 679 9272 9271 9594
6754 679 9272 9271 9595
6755 679 9272 9273 9598
6756 679 9272 9273 9599
6757 679 9273 9272 9596
6758 679 9273 9272 9597
6759 679 9273 9274 9600
6760 679 9273 9274 9601
6761 679 9274 9273 9598
6762 679 9274 9273 9599
6763 679 9274 9275 9602
6764 679 9274 9275 9603
6765 679 9275 9274 9600
6766 679 9275 9274 9601
6767 679 9275 9276 9604
6768 679 9275 9276 9605
6769 679 9276 9275 9602
6770 679 9276 9275 9603
6771 679 9276 9277 9606
6772 679 9276 9277 9607
6773 679 9277 9276 9604
6774 679 9277 9276 9605
6775 679 9277 9278 9608
6776 679 9277 9278 9609
6777 679 9278 9277 9606
6778 679 9278 9277 9607
6779 679 9278 9279 9610
6780 679 9278 9279 9611
6781 679 9279 9278 9608
6782 679 9279 9278 9609
6783 679 9279 9280 9612
6784 679 9279 9280 9613
6785 679 9280 9279 9610
6786 679 9280 9279 9611
6787 679 9288 9207 9521
6788 679 9288 9207 9522
6789 679 9293 9294 9631
6790 679 9293 9294 9632
6791 679 9294 9293 9629
6792 679 9294 9293 9630
6793 679 9294 9295 9633
6794 679 9294 9295 9634
6795 679 9295 9294 9631
6796 679 9295 9294 9632
6797 679 9295 9296 9635
6798 679 9295 9296 9636
6799 679 9296 9295 9633
6800 679 9296 9295 9634
6801 679 9302 9383 9746
6802 679 9302 9383 9747
6803 679 9313 9314 9659
6804 679 9313 9314 9660
6805 679 9314 9313 9657
6806 679 9314 9313 9658
6807 679 9314 9315 9661
6808 679 9314 9315 9662
6809 679 9315 9314 9659
6810 679 9315 9314 9660
6811 679 9316 9315 9661
6812 679 9316 9315 9662
6813 679 9336 9337 9687
6814 679 9336 9337 9688
6815 679 9337 9336 9685
6816 679 9337 9336 9686
6817 679 9337 9338 9689
6818 679 9337 9338 9690
6819 679 9338 9337 9687
6820 679 9338 9337 9688
6821 679 9339 9338 9689
6822 679 9339 9338 9690
6823 679 9358 9359 9711
6824 679 9358 9359 9712
6825 679 9359 9358 9709
6826 679 9359 9358 9710
6827 679 9359 9360 9713
6828 679 9359 9360 9714
6829 679 9360 9359 9711
6830 679 9360 9359 9712
6831 679 9361 9360 9713
6832 679 9361 9360 9714
6833 679 9366 9367 9719
6834 679 9366 9367 9720
6835 679 9367 9366 9717
6836 679 9367 9366 9718
6837 679 9367 9368 9721
6838 679 9367 9368 9722
6839 679 9368 9367 9719
6840 679 9368 9367 9720
6841 679 9368 9369 9723
6842 679 9368 9369 9724
6843 679 9369 9368 9721
6844 679 9369 9368 9722
6845 679 9369 9370 9725
6846 679 9369 9370 9726
6847 679 9370 9369 9723
6848 679 9370 9369 9724
6849 679 9370 9371 9727
6850 679 9370 9371 9728
6851 679 9371 9370 9725
6852 679 9371 9370 9726
6853 679 9371 9372 9729
6854 679 9371 9372 9730
6855 679 9372 9371 9727
6856 679 9372 9371 9728
6857 679 9372 9373 9731
6858 679 9372 9373 9732
6859 679 9373 9372 9729
6860 679 9373 9372 9730
6861 679 9373 9374 9733
6862 679 9373 9374 9734
6863 679 9374 9373 9731
6864 679 9374 9373 9732
6865 679 9374 9375 9735
6866 679 9374 9375 9736
6867 679 9375 9374 9733
6868 679 9375 9374 9734
6869 679 9383 9302 9641
6870 679 9383 9302 9642
6871 679 9754 9755 10038
6872 679 9754 9755 10039
6873 679 9755 9754 10036
6874 679 9755 9754 10037
6875 679 9755 9756 10040
6876 679 9755 9756 10041
6877 679 9756 9755 10038
6878 679 9756 9755 10039
6879 679 9756 9757 10042
6880 679 9756 9757 10043
6881 679 9757 9756 10040
6882 679 9757 9756 10041
6883 679 9763 9843 10153
6884 679 9763 9843 10154
6885 679 9774 9775 10066
6886 679 9774 9775 10067
6887 679 9775 9774 10064
6888 679 9775 9774 10065
6889 679 9775 9776 10068
6890 679 9775 9776 10069
6891 679 9776 9775 10066
6892 679 9776 9775 10067
6893 679 9777 9776 10068
6894 679 9777 9776 10069
6895 679 9795 9796 10091
6896 679 9795 9796 10092
6897 679 9796 9795 10089
6898 679 9796 9795 10090
6899 679 9796 9797 10093
6900 679 9796 9797 10094
6901 679 9797 9796 10091
6902 679 9797 9796 10092
6903 679 9798 9797 10093
6904 679 9798 9797 10094
6905 679 9818 9819 10118
6906 679 9818 9819 10119
6907 679 9819 9818 10116
6908 679 9819 9818 10117
6909 679 9819 9820 10120
6910 679 9819 9820 10121
6911 679 9820 9819 10118
6912 679 9820 9819 10119
6913 679 9821 9820 10120
6914 679 9821 9820 10121
6915 679 9826 9827 10126
6916 679 9826 9827 10127
6917 679 9827 9826 10124
6918 679 9827 9826 10125
6919 679 9827 9828 10128
6920 679 9827 9828 10129
6921 679 9828 9827 10126
6922 679 9828 9827 10127
6923 679 9828 9829 10130
6924 679 9828 9829 10131
6925 679 9829 9828 10128
6926 679 9829 9828 10129
6927 679 9829 9830 10132
6928 679 9829 9830 10133
6929 679 9830 9829 10130
6930 679 9830 9829 10131
6931 679 9830 9831 10134
6932 679 9830 9831 10135
6933 679 9831 9830 10132
6934 679 9831 9830 10133
6935 679 9831 9832 10136
6936 679 9831 9832 10137
6937 679 9832 9831 10134
6938 679 9832 9831 10135
6939 679 9832 9833 10138
6940 679 9832 9833 10139
6941 679 9833 9832 10136
6942 679 9833 9832 10137
6943 679 9833 9834 10140
6944 679 9833 9834 10141
6945 679 9834 9833 10138
6946 679 9834 9833 10139
6947 679 9834 9835 10142
6948 679 9834 9835 10143
6949 679 9835 9834 10140
6950 679 9835 9834 10141
6951 679 9843 9763 10048
6952 679 9843 9763 10049
6953 679 9848 9849 10161
6954 679 9848 9849 10162
6955 679 9849 9848 10159
6956 679 9849 9848 10160
6957 679 9849 9850 10163
6958 679 9849 9850 10164
6959 679 9850 9849 10161
6960 679 9850 9849 10162
6961 679 9850 9851 10165
6962 679 9850 9851 10166
6963 679 9851 9850 10163
6964 679 9851 9850 10164
6965 679 9857 9938 10273
6966 679 9857 9938 10274
6967 679 9868 9869 10189
6968 679 9868 9869 10190
6969 679 9869 9868 10187
6970 679 9869 9868 10188
6971 679 9869 9870 10191
6972 679 9869 9870 10192
6973 679 9870 9869 10189
6974 679 9870 9869 10190
6975 679 9871 9870 10191
6976 679 9871 9870 10192
6977 679 9890 9891 10214
6978 679 9890 9891 10215
6979 679 9891 9890 10212
6980 679 9891 9890 10213
6981 679 9891 9892 10216
6982 679 9891 9892 10217
6983 679 9892 9891 10214
6984 679 9892 9891 10215
6985 679 9893 9892 10216
6986 679 9893 9892 10217
6987 679 9913 9914 10238
6988 679 9913 9914 10239
6989 679 9914 9913 10236
6990 679 9914 9913 10237
6991 679 9914 9915 10240
6992 679 9914 9915 10241
6993 679 9915 9914 10238
6994 679 9915 9914 10239
6995 679 9916 9915 10240
6996 679 9916 9915 10241
6997 679 9921 9922 10246
6998 679 9921 9922 10247
6999 679 9922 9921 10244
7000 679 9922 9921 10245
7001 679 9922 9923 10248
7002 679 9922 9923 10249
7003 679 9923 9922 10246
7004 679 9923 9922 10247
7005 679 9923 9924 10250
7006 679 9923 9924 10251
7007 679 9924 9923 10248
7008 679 9924 9923 10249
7009 679 9924 9925 10252
7010 679 9924 9925 10253
7011 679 9925 9924 10250
7012 679 9925 9924 10251
7013 679 9925 9926 10254
7014 679 9925 9926 10255
7015 679 9926 9925 10252
7016 679 9926 9925 10253
7017 679 9926 9927 10256
7018 679 9926 9927 10257
7019 679 9927 9926 10254
7020 679 9927 9926 10255
7021 679 9927 9928 10258
7022 679 9927 9928 10259
7023 679 9928 9927 10256
7024 679 9928 9927 10257
7025 679 9928 9929 10260
7026 679 9928 9929 10261
7027 679 9929 9928 10258
7028 679 9929 9928 10259
7029 679 9929 9930 10262
7030 679 9929 9930 10263
7031 679 9930 9929 10260
7032 679 9930 9929 10261
7033 679 9938 9857 10171
7034 679 9938 9857 10172
7035 679 9943 9944 10281
7036 679 9943 9944 10282
7037 679 9944 9943 10279
7038 679 9944 9943 10280
7039 679 9944 9945 10283
7040 679 9944 9945 10284
7041 679 9945 9944 10281
7042 679 9945 9944 10282
7043 679 9945 9946 10285
7044 679 9945 9946 10286
7045 679 9946 9945 10283
7046 679 9946 9945 10284
7047 679 9952 10033 10396
7048 679 9952 10033 10397
7049 679 9963 9964 10309
7050 679 9963 9964 10310
7051 679 9964 9963 10307
7052 679 9964 9963 10308
7053 679 9964 9965 10311
7054 679 9964 9965 10312
7055 679 9965 9964 10309
7056 679 9965 9964 10310
7057 679 9966 9965 10311
7058 679 9966 9965 10312
7059 679 9986 9987 10337
7060 679 9986 9987 10338
7061 679 9987 9986 10335
7062 679 9987 9986 10336
7063 679 9987 9988 10339
7064 679 9987 9988 10340
7065 679 9988 9987 10337
7066 679 9988 9987 10338
7067 679 9989 9988 10339
7068 679 9989 9988 10340
7069 679 10008 10009 10361
7070 679 10008 10009 10362
7071 679 10009 10008 10359
7072 679 10009 10008 10360
7073 679 10009 10010 10363
7074 679 10009 10010 10364
7075 679 10010 10009 10361
7076 679 10010 10009 10362
7077 679 10011 10010 10363
7078 679 10011 10010 10364
7079 679 10016 10017 10369
7080 679 10016 10017 10370
7081 679 10017 10016 10367
7082 679 10017 10016 10368
7083 679 10017 10018 10371
7084 679 10017 10018 10372
7085 679 10018 10017 10369
7086 679 10018 10017 10370
7087 679 10018 10019 10373
7088 679 10018 10019 10374
7089 679 10019 10018 10371
7090 679 10019 10018 10372
7091 679 10019 10020 10375
7092 679 10019 10020 10376
7093 679 10020 10019 10373
7094 679 10020 10019 10374
7095 679 10020 10021 10377
7096 679 10020 10021 10378
7097 679 10021 10020 10375
7098 679 10021 10020 10376
7099 679 10021 10022 10379
7100 679 10021 10022 10380
7101 679 10022 10021 10377
7102 679 10022 10021 10378
7103 679 10022 10023 10381
7104 679 10022 10023 10382
7105 679 10023 10022 10379
7106 679 10023 10022 10380
7107 679 10023 10024 10383
7108 679 10023 10024 10384
7109 679 10024 10023 10381
7110 679 10024 10023 10382
7111 679 10024 10025 10385
7112 679 10024 10025 10386
7113 679 10025 10024 10383
7114 679 10025 10024 10384
7115 679 10033 9952 10291
7116 679 10033 9952 10292
7117 679 10404 10405 10688
7118 679 10404 10405 10689
7119 679 10405 10404 10686
7120 679 10405 10404 10687
7121 679 10405 10406 10690
7122 679 10405 10406 10691
7123 679 10406 10405 10688
7124 679 10406 10405 10689
7125 679 10406 10407 10692
7126 679 10406 10407 10693
7127 679 10407 10406 10690
7128 679 10407 10406 10691
7129 679 10413 10493 10803
7130 679 10413 10493 10804
7131 679 10424 10425 10716
7132 679 10424 10425 10717
7133 679 10425 10424 10714
7134 679 10425 10424 10715
7135 679 10425 10426 10718
7136 679 10425 10426 10719
7137 679 10426 10425 10716
7138 679 10426 10425 10717
7139 679 10427 10426 10718
7140 679 10427 10426 10719
7141 679 10445 10446 10741
7142 679 10445 10446 10742
7143 679 10446 10445 10739
7144 679 10446 10445 10740
7145 679 10446 10447 10743
7146 679 10446 10447 10744
7147 679 10447 10446 10741
7148 679 10447 10446 10742
7149 679 10448 10447 10743
7150 679 10448 10447 10744
7151 679 10468 10469 10768
7152 679 10468 10469 10769
7153 679 10469 10468 10766
7154 679 10469 10468 10767
7155 679 10469 10470 10770
7156 679 10469 10470 10771
7157 679 10470 10469 10768
7158 679 10470 10469 10769
7159 679 10471 10470 10770
7160 679 10471 10470 10771
7161 679 10476 10477 10776
7162 679 10476 10477 10777
7163 679 10477 10476 10774
7164 679 10477 10476 10775
7165 679 10477 10478 10778
7166 679 10477 10478 10779
7167 679 10478 10477 10776
7168 679 10478 10477 10777
7169 679 10478 10479 10780
7170 679 10478 10479 10781
7171 679 10479 10478 10778
7172 679 10479 10478 10779
7173 679 10479 10480 10782
7174 679 10479 10480 10783
7175 679 10480 10479 10780
7176 679 10480 10479 10781
7177 679 10480 10481 10784
7178 679 10480 10481 10785
7179 679 10481 10480 10782
7180 679 10481 10480 10783
7181 679 10481 10482 10786
7182 679 10481 10482 10787
7183 679 10482 10481 10784
7184 679 10482 10481 10785
7185 679 10482 10483 10788
7186 679 10482 10483 10789
7187 679 10483 10482 10786
7188 679 10483 10482 10787
7189 679 10483 10484 10790
7190 679 10483 10484 10791
7191 679 10484 10483 10788
7192 679 10484 10483 10789
7193 679 10484 10485 10792
7194 679 10484 10485 10793
7195 679 10485 10484 10790
7196 679 10485 10484 10791
7197 679 10493 10413 10698
7198 679 10493 10413 10699
7199 679 10498 10499 10811
7200 679 10498 10499 10812
7201 679 10499 10498 10809
7202 679 10499 10498 10810
7203 679 10499 10500 10813
7204 679 10499 10500 10814
7205 679 10500 10499 10811
7206 679 10500 10499 10812
7207 679 10500 10501 10815
7208 679 10500 10501 10816
7209 679 10501 10500 10813
7210 679 10501 10500 10814
7211 679 10507 10588 10923
7212 679 10507 10588 10924
7213 679 10518 10519 10839
7214 679 10518 10519 10840
7215 679 10519 10518 10837
7216 679 10519 10518 10838
7217 679 10519 10520 10841
7218 679 10519 10520 10842
7219 679 10520 10519 10839
7220 679 10520 10519 10840
7221 679 10521 10520 10841
7222 679 10521 10520 10842
7223 679 10540 10541 10864
7224 679 10540 10541 10865
7225 679 10541 10540 10862
7226 679 10541 10540 10863
7227 679 10541 10542 10866
7228 679 10541 10542 10867
7229 679 10542 10541 10864
7230 679 10542 10541 10865
7231 679 10543 10542 10866
7232 679 10543 10542 10867
7233 679 10563 10564 10888
7234 679 10563 10564 10889
7235 679 10564 10563 10886
7236 679 10564 10563 10887
7237 679 10564 10565 10890
7238 679 10564 10565 10891
7239 679 10565 10564 10888
7240 679 10565 10564 10889
7241 679 10566 10565 10890
7242 679 10566 10565 10891
7243 679 10571 10572 10896
7244 679 10571 10572 10897
7245 679 10572 10571 10894
7246 679 10572 10571 10895
7247 679 10572 10573 10898
7248 679 10572 10573 10899
7249 679 10573 10572 10896
7250 679 10573 10572 10897
7251 679 10573 10574 10900
7252 679 10573 10574 10901
7253 679 10574 10573 10898
7254 679 10574 10573 10899
7255 679 10574 10575 10902
7256 679 10574 10575 10903
7257 679 10575 10574 10900
7258 679 10575 10574 10901
7259 679 10575 10576 10904
7260 679 10575 10576 10905
7261 679 10576 10575 10902
7262 679 10576 10575 10903
7263 679 10576 10577 10906
7264 679 10576 10577 10907
7265 679 10577 10576 10904
7266 679 10577 10576 10905
7267 679 10577 10578 10908
7268 679 10577 10578 10909
7269 679 10578 10577 10906
7270 679 10578 10577 10907
7271 679 10578 10579 10910
7272 679 10578 10579 10911
7273 679 10579 10578 10908
7274 679 10579 10578 10909
7275 679 10579 10580 10912
7276 679 10579 10580 10913
7277 679 10580 10579 10910
7278 679 10580 10579 10911
7279 679 10588 10507 10821
7280 679 10588 10507 10822
7281 679 10593 10594 10931
7282 679 10593 10594 10932
7283 679 10594 10593 10929
7284 679 10594 10593 10930
7285 679 10594 10595 10933
7286 679 10594 10595 10934
7287 679 10595 10594 10931
7288 679 10595 10594 10932
7289 679 10595 10596 10935
7290 679 10595 10596 10936
7291 679 10596 10595 10933
7292 679 10596 10595 10934
7293 679 10602 10683 11046
7294 679 10602 10683 11047
7295 679 10613 10614 10959
7296 679 10613 10614 10960
7297 679 10614 10613 10957
7298 679 10614 10613 10958
7299 679 10614 10615 10961
7300 679 10614 10615 10962
7301 679 10615 10614 10959
7302 679 10615 10614 10960
7303 679 10616 10615 10961
7304 679 10616 10615 10962
7305 679 10636 10637 10987
7306 679 10636 10637 10988
7307 679 10637 10636 10985
7308 679 10637 10636 10986
7309 679 10637 10638 10989
7310 679 10637 10638 10990
7311 679 10638 10637 10987
7312 679 10638 10637 10988
7313 679 10639 10638 10989
7314 679 10639 10638 10990
7315 679 10658 10659 11011
7316 679 10658 10659 11012
7317 679 10659 10658 11009
7318 679 10659 10658 11010
7319 679 10659 10660 11013
7320 679 10659 10660 11014
7321 679 10660 10659 11011
7322 679 10660 10659 11012
7323 679 10661 10660 11013
7324 679 10661 10660 11014
7325 679 10666 10667 11019
7326 679 10666 10667 11020
7327 679 10667 10666 11017
7328 679 10667 10666 11018
7329 679 10667 10668 11021
7330 679 10667 10668 11022
7331 679 10668 10667 11019
7332 679 10668 10667 11020
7333 679 10668 10669 11023
7334 679 10668 10669 11024
7335 679 10669 10668 11021
7336 679 10669 10668 11022
7337 679 10669 10670 11025
7338 679 10669 10670 11026
7339 679 10670 10669 11023
7340 679 10670 10669 11024
7341 679 10670 10671 11027
7342 679 10670 10671 11028
7343 679 10671 10670 11025
7344 679 10671 10670 11026
7345 679 10671 10672 11029
7346 679 10671 10672 11030
7347 679 10672 10671 11027
7348 679 10672 10671 11028
7349 679 10672 10673 11031
7350 679 10672 10673 11032
7351 679 10673 10672 11029
7352 679 10673 10672 11030
7353 679 10673 10674 11033
7354 679 10673 10674 11034
7355 679 10674 10673 11031
7356 679 10674 10673 11032
7357 679 10674 10675 11035
7358 679 10674 10675 11036
7359 679 10675 10674 11033
7360 679 10675 10674 11034
7361 679 10683 10602 10941
7362 679 10683 10602 10942
7363 679 11054 11055 11338
7364 679 11054 11055 11339
7365 679 11055 11054 11336
7366 679 11055 11054 11337
7367 679 11055 11056 11340
7368 679 11055 11056 11341
7369 679 11056 11055 11338
7370 679 11056 11055 11339
7371 679 11056 11057 11342
7372 679 11056 11057 11343
7373 679 11057 11056 11340
7374 679 11057 11056 11341
7375 679 11063 11143 11453
7376 679 11063 11143 11454
7377 679 11074 11075 11366
7378 679 11074 11075 11367
7379 679 11075 11074 11364
7380 679 11075 11074 11365
7381 679 11075 11076 11368
7382 679 11075 11076 11369
7383 679 11076 11075 11366
7384 679 11076 11075 11367
7385 679 11077 11076 11368
7386 679 11077 11076 11369
7387 679 11095 11096 11391
7388 679 11095 11096 11392
7389 679 11096 11095 11389
7390 679 11096 11095 11390
7391 679 11096 11097 11393
7392 679 11096 11097 11394
7393 679 11097 11096 11391
7394 679 11097 11096 11392
7395 679 11098 11097 11393
7396 679 11098 11097 11394
7397 679 11118 11119 11418
7398 679 11118 11119 11419
7399 679 11119 11118 11416
7400 679 11119 11118 11417
7401 679 11119 11120 11420
7402 679 11119 11120 11421
7403 679 11120 11119 11418
7404 679 11120 11119 11419
7405 679 11121 11120 11420
7406 679 11121 11120 11421
7407 679 11126 11127 11426
7408 679 11126 11127 11427
7409 679 11127 11126 11424
7410 679 11127 11126 11425
7411 679 11127 11128 11428
7412 679 11127 11128 11429
7413 679 11128 11127 11426
7414 679 11128 11127 11427
7415 679 11128 11129 11430
7416 679 11128 11129 11431
7417 679 11129 11128 11428
7418 679 11129 11128 11429
7419 679 11129 11130 11432
7420 679 11129 11130 11433
7421 679 11130 11129 11430
7422 679 11130 11129 11431
7423 679 11130 11131 11434
7424 679 11130 11131 11435
7425 679 11131 11130 11432
7426 679 11131 11130 11433
7427 679 11131 11132 11436
7428 679 11131 11132 11437
7429 679 11132 11131 11434
7430 679 11132 11131 11435
7431 679 11132 11133 11438
7432 679 11132 11133 11439
7433 679 11133 11132 11436
7434 679 11133 11132 11437
7435 679 11133 11134 11440
7436 679 11133 11134 11441
7437 679 11134 11133 11438
7438 679 11134 11133 11439
7439 679 11134 11135 11442
7440 679 11134 11135 11443
7441 679 11135 11134 11440
7442 679 11135 11134 11441
7443 679 11143 11063 11348
7444 679 11143 11063 11349
7445 679 11148 11149 11461
7446 679 11148 11149 11462
7447 679 11149 11148 11459
7448 679 11149 11148 11460
7449 679 11149 11150 11463
7450 679 11149 11150 11464
7451 679 11150 11149 11461
7452 679 11150 11149 11462
7453 679 11150 11151 11465
7454 679 11150 11151 11466
7455 679 11151 11150 11463
7456 679 11151 11150 11464
7457 679 11157 11238 11573
7458 679 11157 11238 11574
7459 679 11168 11169 11489
7460 679 11168 11169 11490
7461 679 11169 11168 11487
7462 679 11169 11168 11488
7463 679 11169 11170 11491
7464 679 11169 11170 11492
7465 679 11170 11169 11489
7466 679 11170 11169 11490
7467 679 11171 11170 11491
7468 679 11171 11170 11492
7469 679 11190 11191 11514
7470 679 11190 11191 11515
7471 679 11191 11190 11512
7472 679 11191 11190 11513
7473 679 11191 11192 11516
7474 679 11191 11192 11517
7475 679 11192 11191 11514
7476 679 11192 11191 11515
7477 679 11193 11192 11516
7478 679 11193 11192 11517
7479 679 11213 11214 11538
7480 679 11213 11214 11539
7481 679 11214 11213 11536
7482 679 11214 11213 11537
7483 679 11214 11215 11540
7484 679 11214 11215 11541
7485 679 11215 11214 11538
7486 679 11215 11214 11539
7487 679 11216 11215 11540
7488 679 11216 11215 11541
7489 679 11221 11222 11546
7490 679 11221 11222 11547
7491 679 11222 11221 11544
7492 679 11222 11221 11545
7493 679 11222 11223 11548
7494 679 11222 11223 11549
7495 679 11223 11222 11546
7496 679 11223 11222 11547
7497 679 11223 11224 11550
7498 679 11223 11224 11551
7499 679 11224 11223 11548
7500 679 11224 11223 11549
7501 679 11224 11225 11552
7502 679 11224 11225 11553
7503 679 11225 11224 11550
7504 679 11225 11224 11551
7505 679 11225 11226 11554
7506 679 11225 11226 11555
7507 679 11226 11225 11552
7508 679 11226 11225 11553
7509 679 11226 11227 11556
7510 679 11226 11227 11557
7511 679 11227 11226 11554
7512 679 11227 11226 11555
7513 679 11227 11228 11558
7514 679 11227 11228 11559
7515 679 11228 11227 11556
7516 679 11228 11227 11557
7517 679 11228 11229 11560
7518 679 11228 11229 11561
7519 679 11229 11228 11558
7520 679 11229 11228 11559
7521 679 11229 11230 11562
7522 679 11229 11230 11563
7523 679 11230 11229 11560
7524 679 11230 11229 11561
7525 679 11238 11157 11471
7526 679 11238 11157 11472
7527 679 11243 11244 11581
7528 679 11243 11244 11582
7529 679 11244 11243 11579
7530 679 11244 11243 11580
7531 679 11244 11245 11583
7532 679 11244 11245 11584
7533 679 11245 11244 11581
7534 679 11245 11244 11582
7535 679 11245 11246 11585
7536 679 11245 11246 11586
7537 679 11246 11245 11583
7538 679 11246 11245 11584
7539 679 11252 11333 11696
7540 679 11252 11333 11697
7541 679 11263 11264 11609
7542 679 11263 11264 11610
7543 679 11264 11263 11607
7544 679 11264 11263 11608
7545 679 11264 11265 11611
7546 679 11264 11265 11612
7547 679 11265 11264 11609
7548 679 11265 11264 11610
7549 679 11266 11265 11611
7550 679 11266 11265 11612
7551 679 11286 11287 11637
7552 679 11286 11287 11638
7553 679 11287 11286 11635
7554 679 11287 11286 11636
7555 679 11287 11288 11639
7556 679 11287 11288 11640
7557 679 11288 11287 11637
7558 679 11288 11287 11638
7559 679 11289 11288 11639
7560 679 11289 11288 11640
7561 679 11308 11309 11661
7562 679 11308 11309 11662
7563 679 11309 11308 11659
7564 679 11309 11308 11660
7565 679 11309 11310 11663
7566 679 11309 11310 11664
7567 679 11310 11309 11661
7568 679 11310 11309 11662
7569 679 11311 11310 11663
7570 679 11311 11310 11664
7571 679 11316 11317 11669
7572 679 11316 11317 11670
7573 679 11317 11316 11667
7574 679 11317 11316 11668
7575 679 11317 11318 11671
7576 679 11317 11318 11672
7577 679 11318 11317 11669
7578 679 11318 11317 11670
7579 679 11318 11319 11673
7580 679 11318 11319 11674
7581 679 11319 11318 11671
7582 679 11319 11318 11672
7583 679 11319 11320 11675
7584 679 11319 11320 11676
7585 679 11320 11319 11673
7586 679 11320 11319 11674
7587 679 11320 11321 11677
7588 679 11320 11321 11678
7589 679 11321 11320 11675
7590 679 11321 11320 11676
7591 679 11321 11322 11679
7592 679 11321 11322 11680
7593 679 11322 11321 11677
7594 679 11322 11321 11678
7595 679 11322 11323 11681
7596 679 11322 11323 11682
7597 679 11323 11322 11679
7598 679 11323 11322 11680
7599 679 11323 11324 11683
7600 679 11323 11324 11684
7601 679 11324 11323 11681
7602 679 11324 11323 11682
7603 679 11324 11325 11685
7604 679 11324 11325 11686
7605 679 11325 11324 11683
7606 679 11325 11324 11684
7607 679 11333 11252 11591
7608 679 11333 11252 11592
7609 679 11704 11705 11988
7610 679 11704 11705 11989
7611 679 11705 11704 11986
7612 679 11705 11704 11987
7613 679 11705 11706 11990
7614 679 11705 11706 11991
7615 679 11706 11705 11988
7616 679 11706 11705 11989
7617 679 11706 11707 11992
7618 679 11706 11707 11993
7619 679 11707 11706 11990
7620 679 11707 11706 11991
7621 679 11713 11793 12103
7622 679 11713 11793 12104
7623 679 11724 11725 12016
7624 679 11724 11725 12017
7625 679 11725 11724 12014
7626 679 11725 11724 12015
7627 679 11725 11726 12018
7628 679 11725 11726 12019
7629 679 11726 11725 12016
7630 679 11726 11725 12017
7631 679 11727 11726 12018
7632 679 11727 11726 12019
7633 679 11745 11746 12041
7634 679 11745 11746 12042
7635 679 11746 11745 12039
7636 679 11746 11745 12040
7637 679 11746 11747 12043
7638 679 11746 11747 12044
7639 679 11747 11746 12041
7640 679 11747 11746 12042
7641 679 11748 11747 12043
7642 679 11748 11747 12044
7643 679 11768 11769 12068
7644 679 11768 11769 12069
7645 679 11769 11768 12066
7646 679 11769 11768 12067
7647 679 11769 11770 12070
7648 679 11769 11770 12071
7649 679 11770 11769 12068
7650 679 11770 11769 12069
7651 679 11771 11770 12070
7652 679 11771 11770 12071
7653 679 11776 11777 12076
7654 679 11776 11777 12077
7655 679 11777 11776 12074
7656 679 11777 11776 12075
7657 679 11777 11778 12078
7658 679 11777 11778 12079
7659 679 11778 11777 12076
7660 679 11778 11777 12077
7661 679 11778 11779 12080
7662 679 11778 11779 12081
7663 679 11779 11778 12078
7664 679 11779 11778 12079
7665 679 11779 11780 12082
7666 679 11779 11780 12083
7667 679 11780 11779 12080
7668 679 11780 11779 12081
7669 679 11780 11781 12084
7670 679 11780 11781 12085
7671 679 11781 11780 12082
7672 679 11781 11780 12083
7673 679 11781 11782 12086
7674 679 11781 11782 12087
7675 679 11782 11781 12084
7676 679 11782 11781 12085
7677 679 11782 11783 12088
7678 679 11782 11783 12089
7679 679 11783 11782 12086
7680 679 11783 11782 12087
7681 679 11783 11784 12090
7682 679 11783 11784 12091
7683 679 11784 11783 12088
7684 679 11784 11783 12089
7685 679 11784 11785 12092
7686 679 11784 11785 12093
7687 679 11785 11784 12090
7688 679 11785 11784 12091
7689 679 11793 11713 11998
7690 679 11793 11713 11999
7691 679 11798 11799 12111
7692 679 11798 11799 12112
7693 679 11799 11798 12109
7694 679 11799 11798 12110
7695 679 11799 11800 12113
7696 679 11799 11800 12114
7697 679 11800 11799 12111
7698 679 11800 11799 12112
7699 679 11800 11801 12115
7700 679 11800 11801 12116
7701 679 11801 11800 12113
7702 679 11801 11800 12114
7703 679 11807 11888 12223
7704 679 11807 11888 12224
7705 679 11818 11819 12139
7706 679 11818 11819 12140
7707 679 11819 11818 12137
7708 679 11819 11818 12138
7709 679 11819 11820 12141
7710 679 11819 11820 12142
7711 679 11820 11819 12139
7712 679 11820 11819 12140
7713 679 11821 11820 12141
7714 679 11821 11820 12142
7715 679 11840 11841 12164
7716 679 11840 11841 12165
7717 679 11841 11840 12162
7718 679 11841 11840 12163
7719 679 11841 11842 12166
7720 679 11841 11842 12167
7721 679 11842 11841 12164
7722 679 11842 11841 12165
7723 679 11843 11842 12166
7724 679 11843 11842 12167
7725 679 11863 11864 12188
7726 679 11863 11864 12189
7727 679 11864 11863 12186
7728 679 11864 11863 12187
7729 679 11864 11865 12190
7730 679 11864 11865 12191
7731 679 11865 11864 12188
7732 679 11865 11864 12189
7733 679 11866 11865 12190
7734 679 11866 11865 12191
7735 679 11871 11872 12196
7736 679 11871 11872 12197
7737 679 11872 11871 12194
7738 679 11872 11871 12195
7739 679 11872 11873 12198
7740 679 11872 11873 12199
7741 679 11873 11872 12196
7742 679 11873 11872 12197
7743 679 11873 11874 12200
7744 679 11873 11874 12201
7745 679 11874 11873 12198
7746 679 11874 11873 12199
7747 679 11874 11875 12202
7748 679 11874 11875 12203
7749 679 11875 11874 12200
7750 679 11875 11874 12201
7751 679 11875 11876 12204
7752 679 11875 11876 12205
7753 679 11876 11875 12202
7754 679 11876 11875 12203
7755 679 11876 11877 12206
7756 679 11876 11877 12207
7757 679 11877 11876 12204
7758 679 11877 11876 12205
7759 679 11877 11878 12208
7760 679 11877 11878 12209
7761 679 11878 11877 12206
7762 679 11878 11877 12207
7763 679 11878 11879 12210
7764 679 11878 11879 12211
7765 679 11879 11878 12208
7766 679 11879 11878 12209
7767 679 11879 11880 12212
7768 679 11879 11880 12213
7769 679 11880 11879 12210
7770 679 11880 11879 12211
7771 679 11888 11807 12121
7772 679 11888 11807 12122
7773 679 11893 11894 12231
7774 679 11893 11894 12232
7775 679 11894 11893 12229
7776 679 11894 11893 12230
7777 679 11894 11895 12233
7778 679 11894 11895 12234
7779 679 11895 11894 12231
7780 679 11895 11894 12232
7781 679 11895 11896 12235
7782 679 11895 11896 12236
7783 679 11896 11895 12233
7784 679 11896 11895 12234
7785 679 11902 11983 12346
7786 679 11902 11983 12347
7787 679 11913 11914 12259
7788 679 11913 11914 12260
7789 679 11914 11913 12257
7790 679 11914 11913 12258
7791 679 11914 11915 12261
7792 679 11914 11915 12262
7793 679 11915 11914 12259
7794 679 11915 11914 12260
7795 679 11916 11915 12261
7796 679 11916 11915 12262
7797 679 11936 11937 12287
7798 679 11936 11937 12288
7799 679 11937 11936 12285
7800 679 11937 11936 12286
7801 679 11937 11938 12289
7802 679 11937 11938 12290
7803 679 11938 11937 12287
7804 679 11938 11937 12288
7805 679 11939 11938 12289
7806 679 11939 11938 12290
7807 679 11958 11959 12311
7808 679 11958 11959 12312
7809 679 11959 11958 12309
7810 679 11959 11958 12310
7811 679 11959 11960 12313
7812 679 11959 11960 12314
7813 679 11960 11959 12311
7814 679 11960 11959 12312
7815 679 11961 11960 12313
7816 679 11961 11960 12314
7817 679 11966 11967 12319
7818 679 11966 11967 12320
7819 679 11967 11966 12317
7820 679 11967 11966 12318
7821 679 11967 11968 12321
7822 679 11967 11968 12322
7823 679 11968 11967 12319
7824 679 11968 11967 12320
7825 679 11968 11969 12323
7826 679 11968 11969 12324
7827 679 11969 11968 12321
7828 679 11969 11968 12322
7829 679 11969 11970 12325
7830 679 11969 11970 12326
7831 679 11970 11969 12323
7832 679 11970 11969 12324
7833 679 11970 11971 12327
7834 679 11970 11971 12328
7835 679 11971 11970 12325
7836 679 11971 11970 12326
7837 679 11971 11972 12329
7838 679 11971 11972 12330
7839 679 11972 11971 12327
7840 679 11972 11971 12328
7841 679 11972 11973 12331
7842 679 11972 11973 12332
7843 679 11973 11972 12329
7844 679 11973 11972 12330
7845 679 11973 11974 12333
7846 679 11973 11974 12334
7847 679 11974 11973 12331
7848 679 11974 11973 12332
7849 679 11974 11975 12335
7850 679 11974 11975 12336
7851 679 11975 11974 12333
7852 679 11975 11974 12334
7853 679 11983 11902 12241
7854 679 11983 11902 12242
7855 679 12354 12355 12638
7856 679 12354 12355 12639
7857 679 12355 12354 12636
7858 679 12355 12354 12637
7859 679 12355 12356 12640
7860 679 12355 12356 12641
7861 679 12356 12355 12638
7862 679 12356 12355 12639
7863 679 12356 12357 12642
7864 679 12356 12357 12643
7865 679 12357 12356 12640
7866 679 12357 12356 12641
7867 679 12363 12443 12753
7868 679 12363 12443 12754
7869 679 12374 12375 12666
7870 679 12374 12375 12667
7871 679 12375 12374 12664
7872 679 12375 12374 12665
7873 679 12375 12376 12668
7874 679 12375 12376 12669
7875 679 12376 12375 12666
7876 679 12376 12375 12667
7877 679 12377 12376 12668
7878 679 12377 12376 12669
7879 679 12395 12396 12691
7880 679 12395 12396 12692
7881 679 12396 12395 12689
7882 679 12396 12395 12690
7883 679 12396 12397 12693
7884 679 12396 12397 12694
7885 679 12397 12396 12691
7886 679 12397 12396 12692
7887 679 12398 12397 12693
7888 679 12398 12397 12694
7889 679 12418 12419 12718
7890 679 12418 12419 12719
7891 679 12419 12418 12716
7892 679 12419 12418 12717
7893 679 12419 12420 12720
7894 679 12419 12420 12721
7895 679 12420 12419 12718
7896 679 12420 12419 12719
7897 679 12421 12420 12720
7898 679 12421 12420 12721
7899 679 12426 12427 12726
7900 679 12426 12427 12727
7901 679 12427 12426 12724
7902 679 12427 12426 12725
7903 679 12427 12428 12728
7904 679 12427 12428 12729
7905 679 12428 12427 12726
7906 679 12428 12427 12727
7907 679 12428 12429 12730
7908 679 12428 12429 12731
7909 679 12429 12428 12728
7910 679 12429 12428 12729
7911 679 12429 12430 12732
7912 679 12429 12430 12733
7913 679 12430 12429 12730
7914 679 12430 12429 12731
7915 679 12430 12431 12734
7916 679 12430 12431 12735
7917 679 12431 12430 12732
7918 679 12431 12430 12733
7919 679 12431 12432 12736
7920 679 12431 12432 12737
7921 679 12432 12431 12734
7922 679 12432 12431 12735
7923 679 12432 12433 12738
7924 679 12432 12433 12739
7925 679 12433 12432 12736
7926 679 12433 12432 12737
7927 679 12433 12434 12740
7928 679 12433 12434 12741
7929 679 12434 12433 12738
7930 679 12434 12433 12739
7931 679 12434 12435 12742
7932 679 12434 12435 12743
7933 679 12435 12434 12740
7934 679 12435 12434 12741
7935 679 12443 12363 12648
7936 679 12443 12363 12649
7937 679 12448 12449 12761
7938 679 12448 12449 12762
7939 679 12449 12448 12759
7940 679 12449 12448 12760
7941 679 12449 12450 12763
7942 679 12449 12450 12764
7943 679 12450 12449 12761
7944 679 12450 12449 12762
7945 679 12450 12451 12765
7946 679 12450 12451 12766
7947 679 12451 12450 12763
7948 679 12451 12450 12764
7949 679 12457 12538 12873
7950 679 12457 12538 12874
7951 679 12468 12469 12789
7952 679 12468 12469 12790
7953 679 12469 12468 12787
7954 679 12469 12468 12788
7955 679 12469 12470 12791
7956 679 12469 12470 12792
7957 679 12470 12469 12789
7958 679 12470 12469 12790
7959 679 12471 12470 12791
7960 679 12471 12470 12792
7961 679 12490 12491 12814
7962 679 12490 12491 12815
7963 679 12491 12490 12812
7964 679 12491 12490 12813
7965 679 12491 12492 12816
7966 679 12491 12492 12817
7967 679 12492 12491 12814
7968 679 12492 12491 12815
7969 679 12493 12492 12816
7970 679 12493 12492 12817
7971 679 12513 12514 12838
7972 679 12513 12514 12839
7973 679 12514 12513 12836
7974 679 12514 12513 12837
7975 679 12514 12515 12840
7976 679 12514 12515 12841
7977 679 12515 12514 12838
7978 679 12515 12514 12839
7979 679 12516 12515 12840
7980 679 12516 12515 12841
7981 679 12521 12522 12846
7982 679 12521 12522 12847
7983 679 12522 12521 12844
7984 679 12522 12521 12845
7985 679 12522 12523 12848
7986 679 12522 12523 12849
7987 679 12523 12522 12846
7988 679 12523 12522 12847
7989 679 12523 12524 12850
7990 679 12523 12524 12851
7991 679 12524 12523 12848
7992 679 12524 12523 12849
7993 679 12524 12525 12852
7994 679 12524 12525 12853
7995 679 12525 12524 12850
7996 679 12525 12524 12851
7997 679 12525 12526 12854
7998 679 12525 12526 12855
7999 679 12526 12525 12852
8000 679 12526 12525 12853
8001 679 12526 12527 12856
8002 679 12526 12527 12857
8003 679 12527 12526 12854
8004 679 12527 12526 12855
8005 679 12527 12528 12858
8006 679 12527 12528 12859
8007 679 12528 12527 12856
8008 679 12528 12527 12857
8009 679 12528 12529 12860
8010 679 12528 12529 12861
8011 679 12529 12528 12858
8012 679 12529 12528 12859
8013 679 12529 12530 12862
8014 679 12529 12530 12863
8015 679 12530 12529 12860
8016 679 12530 12529 12861
8017 679 12538 12457 12771
8018 679 12538 12457 12772
8019 679 12543 12544 12881
8020 679 12543 12544 12882
8021 679 12544 12543 12879
8022 679 12544 12543 12880
8023 679 12544 12545 12883
8024 679 12544 12545 12884
8025 679 12545 12544 12881
8026 679 12545 12544 12882
8027 679 12545 12546 12885
8028 679 12545 12546 12886
8029 679 12546 12545 12883
8030 679 12546 12545 12884
8031 679 12552 12633 12996
8032 679 12552 12633 12997
8033 679 12563 12564 12909
8034 679 12563 12564 12910
8035 679 12564 12563 12907
8036 679 12564 12563 12908
8037 679 12564 12565 12911
8038 679 12564 12565 12912
8039 679 12565 12564 12909
8040 679 12565 12564 12910
8041 679 12566 12565 12911
8042 679 12566 12565 12912
8043 679 12586 12587 12937
8044 679 12586 12587 12938
8045 679 12587 12586 12935
8046 679 12587 12586 12936
8047 679 12587 12588 12939
8048 679 12587 12588 12940
8049 679 12588 12587 12937
8050 679 12588 12587 12938
8051 679 12589 12588 12939
8052 679 12589 12588 12940
8053 679 12608 12609 12961
8054 679 12608 12609 12962
8055 679 12609 12608 12959
8056 679 12609 12608 12960
8057 679 12609 12610 12963
8058 679 12609 12610 12964
8059 679 12610 12609 12961
8060 679 12610 12609 12962
8061 679 12611 12610 12963
8062 679 12611 12610 12964
8063 679 12616 12617 12969
8064 679 12616 12617 12970
8065 679 12617 12616 12967
8066 679 12617 12616 12968
8067 679 12617 12618 12971
8068 679 12617 12618 12972
8069 679 12618 12617 12969
8070 679 12618 12617 12970
8071 679 12618 12619 12973
8072 679 12618 12619 12974
8073 679 12619 12618 12971
8074 679 12619 12618 12972
8075 679 12619 12620 12975
8076 679 12619 12620 12976
8077 679 12620 12619 12973
8078 679 12620 12619 12974
8079 679 12620 12621 12977
8080 679 12620 12621 12978
8081 679 12621 12620 12975
8082 679 12621 12620 12976
8083 679 12621 12622 12979
8084 679 12621 12622 12980
8085 679 12622 12621 12977
8086 679 12622 12621 12978
8087 679 12622 12623 12981
8088 679 12622 12623 12982
8089 679 12623 12622 12979
8090 679 12623 12622 12980
8091 679 12623 12624 12983
8092 679 12623 12624 12984
8093 679 12624 12623 12981
8094 679 12624 12623 12982
8095 679 12624 12625 12985
8096 679 12624 12625 12986
8097 679 12625 12624 12983
8098 679 12625 12624 12984
8099 679 12633 12552 12891
8100 679 12633 12552 12892
8101 679 7 31 322
8102 679 10 31 322
8103 679 21 20 309
8104 679 24 20 309
8105 679 42 41 334
8106 679 45 41 334
8107 679 65 64 361
8108 679 68 64 361
8109 679 101 126 445
8110 679 104 126 445
8111 679 115 114 432
8112 679 118 114 432
8113 679 137 136 457
8114 679 140 136 457
8115 679 160 159 481
8116 679 163 159 481
8117 679 210 209 552
8118 679 213 209 552
8119 679 233 232 580
8120 679 236 232 580
8121 679 255 254 604
8122 679 258 254 604
8123 679 657 681 972
8124 679 660 681 972
8125 679 671 670 959
8126 679 674 670 959
8127 679 692 691 984
8128 679 695 691 984
8129 679 715 714 1011
8130 679 718 714 1011
8131 679 751 776 1095
8132 679 754 776 1095
8133 679 765 764 1082
8134 679 768 764 1082
8135 679 787 786 1107
8136 679 790 786 1107
8137 679 810 809 1131
8138 679 813 809 1131
8139 679 860 859 1202
8140 679 863 859 1202
8141 679 883 882 1230
8142 679 886 882 1230
8143 679 905 904 1254
8144 679 908 904 1254
8145 679 1307 1331 1622
8146 679 1310 1331 1622
8147 679 1321 1320 1609
8148 679 1324 1320 1609
8149 679 1342 1341 1634
8150 679 1345 1341 1634
8151 679 1365 1364 1661
8152 679 1368 1364 1661
8153 679 1401 1426 1745
8154 679 1404 1426 1745
8155 679 1415 1414 1732
8156 679 1418 1414 1732
8157 679 1437 1436 1757
8158 679 1440 1436 1757
8159 679 1460 1459 1781
8160 679 1463 1459 1781
8161 679 1510 1509 1852
8162 679 1513 1509 1852
8163 679 1533 1532 1880
8164 679 1536 1532 1880
8165 679 1555 1554 1904
8166 679 1558 1554 1904
8167 679 1957 1981 2272
8168 679 1960 1981 2272
8169 679 1971 1970 2259
8170 679 1974 1970 2259
8171 679 1992 1991 2284
8172 679 1995 1991 2284
8173 679 2015 2014 2311
8174 679 2018 2014 2311
8175 679 2051 2076 2395
8176 679 2054 2076 2395
8177 679 2065 2064 2382
8178 679 2068 2064 2382
8179 679 2087 2086 2407
8180 679 2090 2086 2407
8181 679 2110 2109 2431
8182 679 2113 2109 2431
8183 679 2160 2159 2502
8184 679 2163 2159 2502
8185 679 2183 2182 2530
8186 679 2186 2182 2530
8187 679 2205 2204 2554
8188 679 2208 2204 2554
8189 679 2607 2631 2922
8190 679 2610 2631 2922
8191 679 2621 2620 2909
8192 679 2624 2620 2909
8193 679 2642 2641 2934
8194 679 2645 2641 2934
8195 679 2665 2664 2961
8196 679 2668 2664 2961
8197 679 2701 2726 3045
8198 679 2704 2726 3045
8199 679 2715 2714 3032
8200 679 2718 2714 3032
8201 679 2737 2736 3057
8202 679 2740 2736 3057
8203 679 2760 2759 3081
8204 679 2763 2759 3081
8205 679 2810 2809 3152
8206 679 2813 2809 3152
8207 679 2833 2832 3180
8208 679 2836 2832 3180
8209 679 2855 2854 3204
8210 679 2858 2854 3204
8211 679 3257 3281 3572
8212 679 3260 3281 3572
8213 679 3271 3270 3559
8214 679 3274 3270 3559
8215 679 3292 3291 3584
8216 679 3295 3291 3584
8217 679 3315 3314 3611
8218 679 3318 3314 3611
8219 679 3351 3376 3695
8220 679 3354 3376 3695
8221 679 3365 3364 3682
8222 679 3368 3364 3682
8223 679 3387 3386 3707
8224 679 3390 3386 3707
8225 679 3410 3409 3731
8226 679 3413 3409 3731
8227 679 3460 3459 3802
8228 679 3463 3459 3802
8229 679 3483 3482 3830
8230 679 3486 3482 3830
8231 679 3505 3504 3854
8232 679 3508 3504 3854
8233 679 3907 3931 4222
8234 679 3910 3931 4222
8235 679 3921 3920 4209
8236 679 3924 3920 4209
8237 679 3942 3941 4234
8238 679 3945 3941 4234
8239 679 3965 3964 4261
8240 679 3968 3964 4261
8241 679 4001 4026 4345
8242 679 4004 4026 4345
8243 679 4015 4014 4332
8244 679 4018 4014 4332
8245 679 4037 4036 4357
8246 679 4040 4036 4357
8247 679 4060 4059 4381
8248 679 4063 4059 4381
8249 679 4110 4109 4452
8250 679 4113 4109 4452
8251 679 4133 4132 4480
8252 679 4136 4132 4480
8253 679 4155 4154 4504
8254 679 4158 4154 4504
8255 679 4557 4581 4872
8256 679 4560 4581 4872
8257 679 4571 4570 4859
8258 679 4574 4570 4859
8259 679 4592 4591 4884
8260 679 4595 4591 4884
8261 679 4615 4614 4911
8262 679 4618 4614 4911
8263 679 4651 4676 4995
8264 679 4654 4676 4995
8265 679 4665 4664 4982
8266 679 4668 4664 4982
8267 679 4687 4686 5007
8268 679 4690 4686 5007
8269 679 4710 4709 5031
8270 679 4713 4709 5031
8271 679 4760 4759 5102
8272 679 4763 4759 5102
8273 679 4783 4782 5130
8274 679 4786 4782 5130
8275 679 4805 4804 5154
8276 679 4808 4804 5154
8277 679 5207 5231 5522
8278 679 5210 5231 5522
8279 679 5221 5220 5509
8280 679 5224 5220 5509
8281 679 5242 5241 5534
8282 679 5245 5241 5534
8283 679 5265 5264 5561
8284 679 5268 5264 5561
8285 679 5301 5326 5645
8286 679 5304 5326 5645
8287 679 5315 5314 5632
8288 679 5318 5314 5632
8289 679 5337 5336 5657
8290 679 5340 5336 5657
8291 679 5360 5359 5681
8292 679 5363 5359 5681
8293 679 5410 5409 5752
8294 679 5413 5409 5752
8295 679 5433 5432 5780
8296 679 5436 5432 5780
8297 679 5455 5454 5804
8298 679 5458 5454 5804
8299 679 5857 5881 6172
8300 679 5860 5881 6172
8301 679 5871 5870 6159
8302 679 5874 5870 6159
8303 679 5892 5891 6184
8304 679 5895 5891 6184
8305 679 5915 5914 6211
8306 679 5918 5914 6211
8307 679 5951 5976 6295
8308 679 5954 5976 6295
8309 679 5965 5964 6282
8310 679 5968 5964 6282
8311 679 5987 5986 6307
8312 679 5990 5986 6307
8313 679 6010 6009 6331
8314 679 6013 6009 6331
8315 679 6060 6059 6402
8316 679 6063 6059 6402
8317 679 6083 6082 6430
8318 679 6086 6082 6430
8319 679 6105 6104 6454
8320 679 6108 6104 6454
8321 679 6507 6531 6822
8322 679 6510 6531 6822
8323 679 6521 6520 6809
8324 679 6524 6520 6809
8325 679 6542 6541 6834
8326 679 6545 6541 6834
8327 679 6565 6564 6861
8328 679 6568 6564 6861
8329 679 6601 6626 6945
8330 679 6604 6626 6945
8331 679 6615 6614 6932
8332 679 6618 6614 6932
8333 679 6637 6636 6957
8334 679 6640 6636 6957
8335 679 6660 6659 6981
8336 679 6663 6659 6981
8337 679 6710 6709 7052
8338 679 6713 6709 7052
8339 679 6733 6732 7080
8340 679 6736 6732 7080
8341 679 6755 6754 7104
8342 679 6758 6754 7104
8343 679 7157 7181 7472
8344 679 7160 7181 7472
8345 679 7171 7170 7459
8346 679 7174 7170 7459
8347 679 7192 7191 7484
8348 679 7195 7191 7484
8349 679 7215 7214 7511
8350 679 7218 7214 7511
8351 679 7251 7276 7595
8352 679 7254 7276 7595
8353 679 7265 7264 7582
8354 679 7268 7264 7582
8355 679 7287 7286 7607
8356 679 7290 7286 7607
8357 679 7310 7309 7631
8358 679 7313 7309 7631
8359 679 7360 7359 7702
8360 679 7363 7359 7702
8361 679 7383 7382 7730
8362 679 7386 7382 7730
8363 679 7405 7404 7754
8364 679 7408 7404 7754
8365 679 7807 7831 8122
8366 679 7810 7831 8122
8367 679 7821 7820 8109
8368 679 7824 7820 8109
8369 679 7842 7841 8134
8370 679 7845 7841 8134
8371 679 7865 7864 8161
8372 679 7868 7864 8161
8373 679 7901 7926 8245
8374 679 7904 7926 8245
8375 679 7915 7914 8232
8376 679 7918 7914 8232
8377 679 7937 7936 8257
8378 679 7940 7936 8257
8379 679 7960 7959 8281
8380 679 7963 7959 8281
8381 679 8010 8009 8352
8382 679 8013 8009 8352
8383 679 8033 8032 8380
8384 679 8036 8032 8380
8385 679 8055 8054 8404
8386 679 8058 8054 8404
8387 679 8457 8481 8772
8388 679 8460 8481 8772
8389 679 8471 8470 8759
8390 679 8474 8470 8759
8391 679 8492 8491 8784
8392 679 8495 8491 8784
8393 679 8515 8514 8811
8394 679 8518 8514 8811
8395 679 8551 8576 8895
8396 679 8554 8576 8895
8397 679 8565 8564 8882
8398 679 8568 8564 8882
8399 679 8587 8586 8907
8400 679 8590 8586 8907
8401 679 8610 8609 8931
8402 679 8613 8609 8931
8403 679 8660 8659 9002
8404 679 8663 8659 9002
8405 679 8683 8682 9030
8406 679 8686 8682 9030
8407 679 8705 8704 9054
8408 679 8708 8704 9054
8409 679 9107 9131 9422
8410 679 9110 9131 9422
8411 679 9121 9120 9409
8412 679 9124 9120 9409
8413 679 9142 9141 9434
8414 679 9145 9141 9434
8415 679 9165 9164 9461
8416 679 9168 9164 9461
8417 679 9201 9226 9545
8418 679 9204 9226 9545
8419 679 9215 9214 9532
8420 679 9218 9214 9532
8421 679 9237 9236 9557
8422 679 9240 9236 9557
8423 679 9260 9259 9581
8424 679 9263 9259 9581
8425 679 9310 9309 9652
8426 679 9313 9309 9652
8427 679 9333 9332 9680
8428 679 9336 9332 9680
8429 679 9355 9354 9704
8430 679 9358 9354 9704
8431 679 9757 9781 10072
8432 679 9760 9781 10072
8433 679 9771 9770 10059
8434 679 9774 9770 10059
8435 679 9792 9791 10084
8436 679 9795 9791 10084
8437 679 9815 9814 10111
8438 679 9818 9814 10111
8439 679 9851 9876 10195
8440 679 9854 9876 10195
8441 679 9865 9864 10182
8442 679 9868 9864 10182
8443 679 9887 9886 10207
8444 679 9890 9886 10207
8445 679 9910 9909 10231
8446 679 9913 9909 10231
8447 679 9960 9959 10302
8448 679 9963 9959 10302
8449 679 9983 9982 10330
8450 679 9986 9982 10330
8451 679 10005 10004 10354
8452 679 10008 10004 10354
8453 679 10407 10431 10722
8454 679 10410 10431 10722
8455 679 10421 10420 10709
8456 679 10424 10420 10709
8457 679 10442 10441 10734
8458 679 10445 10441 10734
8459 679 10465 10464 10761
8460 679 10468 10464 10761
8461 679 10501 10526 10845
8462 679 10504 10526 10845
8463 679 10515 10514 10832
8464 679 10518 10514 10832
8465 679 10537 10536 10857
8466 679 10540 10536 10857
8467 679 10560 10559 10881
8468 679 10563 10559 10881
8469 679 10610 10609 10952
8470 679 10613 10609 10952
8471 679 10633 10632 10980
8472 679 10636 10632 10980
8473 679 10655 10654 11004
8474 679 10658 10654 11004
8475 679 11057 11081 11372
8476 679 11060 11081 11372
8477 679 11071 11070 11359
8478 679 11074 11070 11359
8479 679 11092 11091 11384
8480 679 11095 11091 11384
8481 679 11115 11114 11411
8482 679 11118 11114 11411
8483 679 11151 11176 11495
8484 679 11154 11176 11495
8485 679 11165 11164 11482
8486 679 11168 11164 11482
8487 679 11187 11186 11507
8488 679 11190 11186 11507
8489 679 11210 11209 11531
8490 679 11213 11209 11531
8491 679 11260 11259 11602
8492 679 11263 11259 11602
8493 679 11283 11282 11630
8494 679 11286 11282 11630
8495 679 11305 11304 11654
8496 679 11308 11304 11654
8497 679 11707 11731 12022
8498 679 11710 11731 12022
8499 679 11721 11720 12009
8500 679 11724 11720 12009
8501 679 11742 11741 12034
8502 679 11745 11741 12034
8503 679 11765 11764 12061
8504 679 11768 11764 12061
8505 679 11801 11826 12145
8506 679 11804 11826 12145
8507 679 11815 11814 12132
8508 679 11818 11814 12132
8509 679 11837 11836 12157
8510 679 11840 11836 12157
8511 679 11860 11859 12181
8512 679 11863 11859 12181
8513 679 11910 11909 12252
8514 679 11913 11909 12252
8515 679 11933 11932 12280
8516 679 11936 11932 12280
8517 679 11955 11954 12304
8518 679 11958 11954 12304
8519 679 12357 12381 12672
8520 679 12360 12381 12672
8521 679 12371 12370 12659
8522 679 12374 12370 12659
8523 679 12392 12391 12684
8524 679 12395 12391 12684
8525 679 12415 12414 12711
8526 679 12418 12414 12711
8527 679 12451 12476 12795
8528 679 12454 12476 12795
8529 679 12465 12464 12782
8530 679 12468 12464 12782
8531 679 12487 12486 12807
8532 679 12490 12486 12807
8533 679 12510 12509 12831
8534 679 12513 12509 12831
8535 679 12560 12559 12902
8536 679 12563 12559 12902
8537 679 12583 12582 12930
8538 679 12586 12582 12930
8539 679 12605 12604 12954
8540 679 12608 12604 12954
8541 679 9 10 296
8542 679 9 10 297
8543 679 22 21 310
8544 679 22 21 311
8545 679 66 65 362
8546 679 66 65 363
8547 679 103 104 419
8548 679 103 104 420
8549 679 116 115 433
8550 679 116 115 434
8551 679 138 137 458
8552 679 138 137 459
8553 679 161 160 482
8554 679 161 160 483
8555 679 198 199 539
8556 679 198 199 540
8557 679 211 210 553
8558 679 211 210 554
8559 679 234 233 581
8560 679 234 233 582
8561 679 256 255 605
8562 679 256 255 606
8563 679 659 660 946
8564 679 659 660 947
8565 679 672 671 960
8566 679 672 671 961
8567 679 716 715 1012
8568 679 716 715 1013
8569 679 753 754 1069
8570 679 753 754 1070
8571 679 766 765 1083
8572 679 766 765 1084
8573 679 788 787 1108
8574 679 788 787 1109
8575 679 811 810 1132
8576 679 811 810 1133
8577 679 848 849 1189
8578 679 848 849 1190
8579 679 861 860 1203
8580 679 861 860 1204
8581 679 884 883 1231
8582 679 884 883 1232
8583 679 906 905 1255
8584 679 906 905 1256
8585 679 1309 1310 1596
8586 679 1309 1310 1597
8587 679 1322 1321 1610
8588 679 1322 1321 1611
8589 679 1366 1365 1662
8590 679 1366 1365 1663
8591 679 1403 1404 1719
8592 679 1403 1404 1720
8593 679 1416 1415 1733
8594 679 1416 1415 1734
8595 679 1438 1437 1758
8596 679 1438 1437 1759
8597 679 1461 1460 1782
8598 679 1461 1460 1783
8599 679 1498 1499 1839
8600 679 1498 1499 1840
8601 679 1511 1510 1853
8602 679 1511 1510 1854
8603 679 1534 1533 1881
8604 679 1534 1533 1882
8605 679 1556 1555 1905
8606 679 1556 1555 1906
8607 679 1959 1960 2246
8608 679 1959 1960 2247
8609 679 1972 1971 2260
8610 679 1972 1971 2261
8611 679 2016 2015 2312
8612 679 2016 2015 2313
8613 679 2053 2054 2369
8614 679 2053 2054 2370
8615 679 2066 2065 2383
8616 679 2066 2065 2384
8617 679 2088 2087 2408
8618 679 2088 2087 2409
8619 679 2111 2110 2432
8620 679 2111 2110 2433
8621 679 2148 2149 2489
8622 679 2148 2149 2490
8623 679 2161 2160 2503
8624 679 2161 2160 2504
8625 679 2184 2183 2531
8626 679 2184 2183 2532
8627 679 2206 2205 2555
8628 679 2206 2205 2556
8629 679 2609 2610 2896
8630 679 2609 2610 2897
8631 679 2622 2621 2910
8632 679 2622 2621 2911
8633 679 2666 2665 2962
8634 679 2666 2665 2963
8635 679 2703 2704 3019
8636 679 2703 2704 3020
8637 679 2716 2715 3033
8638 679 2716 2715 3034
8639 679 2738 2737 3058
8640 679 2738 2737 3059
8641 679 2761 2760 3082
8642 679 2761 2760 3083
8643 679 2798 2799 3139
8644 679 2798 2799 3140
8645 679 2811 2810 3153
8646 679 2811 2810 3154
8647 679 2834 2833 3181
8648 679 2834 2833 3182
8649 679 2856 2855 3205
8650 679 2856 2855 3206
8651 679 3259 3260 3546
8652 679 3259 3260 3547
8653 679 3272 3271 3560
8654 679 3272 3271 3561
8655 679 3316 3315 3612
8656 679 3316 3315 3613
8657 679 3353 3354 3669
8658 679 3353 3354 3670
8659 679 3366 3365 3683
8660 679 3366 3365 3684
8661 679 3388 3387 3708
8662 679 3388 3387 3709
8663 679 3411 3410 3732
8664 679 3411 3410 3733
8665 679 3448 3449 3789
8666 679 3448 3449 3790
8667 679 3461 3460 3803
8668 679 3461 3460 3804
8669 679 3484 3483 3831
8670 679 3484 3483 3832
8671 679 3506 3505 3855
8672 679 3506 3505 3856
8673 679 3909 3910 4196
8674 679 3909 3910 4197
8675 679 3922 3921 4210
8676 679 3922 3921 4211
8677 679 3966 3965 4262
8678 679 3966 3965 4263
8679 679 4003 4004 4319
8680 679 4003 4004 4320
8681 679 4016 4015 4333
8682 679 4016 4015 4334
8683 679 4038 4037 4358
8684 679 4038 4037 4359
8685 679 4061 4060 4382
8686 679 4061 4060 4383
8687 679 4098 4099 4439
8688 679 4098 4099 4440
8689 679 4111 4110 4453
8690 679 4111 4110 4454
8691 679 4134 4133 4481
8692 679 4134 4133 4482
8693 679 4156 4155 4505
8694 679 4156 4155 4506
8695 679 4559 4560 4846
8696 679 4559 4560 4847
8697 679 4572 4571 4860
8698 679 4572 4571 4861
8699 679 4616 4615 4912
8700 679 4616 4615 4913
8701 679 4653 4654 4969
8702 679 4653 4654 4970
8703 679 4666 4665 4983
8704 679 4666 4665 4984
8705 679 4688 4687 5008
8706 679 4688 4687 5009
8707 679 4711 4710 5032
8708 679 4711 4710 5033
8709 679 4748 4749 5089
8710 679 4748 4749 5090
8711 679 4761 4760 5103
8712 679 4761 4760 5104
8713 679 4784 4783 5131
8714 679 4784 4783 5132
8715 679 4806 4805 5155
8716 679 4806 4805 5156
8717 679 5209 5210 5496
8718 679 5209 5210 5497
8719 679 5222 5221 5510
8720 679 5222 5221 5511
8721 679 5266 5265 5562
8722 679 5266 5265 5563
8723 679 5303 5304 5619
8724 679 5303 5304 5620
8725 679 5316 5315 5633
8726 679 5316 5315 5634
8727 679 5338 5337 5658
8728 679 5338 5337 5659
8729 679 5361 5360 5682
8730 679 5361 5360 5683
8731 679 5398 5399 5739
8732 679 5398 5399 5740
8733 679 5411 5410 5753
8734 679 5411 5410 5754
8735 679 5434 5433 5781
8736 679 5434 5433 5782
8737 679 5456 5455 5805
8738 679 5456 5455 5806
8739 679 5859 5860 6146
8740 679 5859 5860 6147
8741 679 5872 5871 6160
8742 679 5872 5871 6161
8743 679 5916 5915 6212
8744 679 5916 5915 6213
8745 679 5953 5954 6269
8746 679 5953 5954 6270
8747 679 5966 5965 6283
8748 679 5966 5965 6284
8749 679 5988 5987 6308
8750 679 5988 5987 6309
8751 679 6011 6010 6332
8752 679 6011 6010 6333
8753 679 6048 6049 6389
8754 679 6048 6049 6390
8755 679 6061 6060 6403
8756 679 6061 6060 6404
8757 679 6084 6083 6431
8758 679 6084 6083 6432
8759 679 6106 6105 6455
8760 679 6106 6105 6456
8761 679 6509 6510 6796
8762 679 6509 6510 6797
8763 679 6522 6521 6810
8764 679 6522 6521 6811
8765 679 6566 6565 6862
8766 679 6566 6565 6863
8767 679 6603 6604 6919
8768 679 6603 6604 6920
8769 679 6616 6615 6933
8770 679 6616 6615 6934
8771 679 6638 6637 6958
8772 679 6638 6637 6959
8773 679 6661 6660 6982
8774 679 6661 6660 6983
8775 679 6698 6699 7039
8776 679 6698 6699 7040
8777 679 6711 6710 7053
8778 679 6711 6710 7054
8779 679 6734 6733 7081
8780 679 6734 6733 7082
8781 679 6756 6755 7105
8782 679 6756 6755 7106
8783 679 7159 7160 7446
8784 679 7159 7160 7447
8785 679 7172 7171 7460
8786 679 7172 7171 7461
8787 679 7216 7215 7512
8788 679 7216 7215 7513
8789 679 7253 7254 7569
8790 679 7253 7254 7570
8791 679 7266 7265 7583
8792 679 7266 7265 7584
8793 679 7288 7287 7608
8794 679 7288 7287 7609
8795 679 7311 7310 7632
8796 679 7311 7310 7633
8797 679 7348 7349 7689
8798 679 7348 7349 7690
8799 679 7361 7360 7703
8800 679 7361 7360 7704
8801 679 7384 7383 7731
8802 679 7384 7383 7732
8803 679 7406 7405 7755
8804 679 7406 7405 7756
8805 679 7809 7810 8096
8806 679 7809 7810 8097
8807 679 7822 7821 8110
8808 679 7822 7821 8111
8809 679 7866 7865 8162
8810 679 7866 7865 8163
8811 679 7903 7904 8219
8812 679 7903 7904 8220
8813 679 7916 7915 8233
8814 679 7916 7915 8234
8815 679 7938 7937 8258
8816 679 7938 7937 8259
8817 679 7961 7960 8282
8818 679 7961 7960 8283
8819 679 7998 7999 8339
8820 679 7998 7999 8340
8821 679 8011 8010 8353
8822 679 8011 8010 8354
8823 679 8034 8033 8381
8824 679 8034 8033 8382
8825 679 8056 8055 8405
8826 679 8056 8055 8406
8827 679 8459 8460 8746
8828 679 8459 8460 8747
8829 679 8472 8471 8760
8830 679 8472 8471 8761
8831 679 8516 8515 8812
8832 679 8516 8515 8813
8833 679 8553 8554 8869
8834 679 8553 8554 8870
8835 679 8566 8565 8883
8836 679 8566 8565 8884
8837 679 8588 8587 8908
8838 679 8588 8587 8909
8839 679 8611 8610 8932
8840 679 8611 8610 8933
8841 679 8648 8649 8989
8842 679 8648 8649 8990
8843 679 8661 8660 9003
8844 679 8661 8660 9004
8845 679 8684 8683 9031
8846 679 8684 8683 9032
8847 679 8706 8705 9055
8848 679 8706 8705 9056
8849 679 9109 9110 9396
8850 679 9109 9110 9397
8851 679 9122 9121 9410
8852 679 9122 9121 9411
8853 679 9166 9165 9462
8854 679 9166 9165 9463
8855 679 9203 9204 9519
8856 679 9203 9204 9520
8857 679 9216 9215 9533
8858 679 9216 9215 9534
8859 679 9238 9237 9558
8860 679 9238 9237 9559
8861 679 9261 9260 9582
8862 679 9261 9260 9583
8863 679 9298 9299 9639
8864 679 9298 9299 9640
8865 679 9311 9310 9653
8866 679 9311 9310 9654
8867 679 9334 9333 9681
8868 679 9334 9333 9682
8869 679 9356 9355 9705
8870 679 9356 9355 9706
8871 679 9759 9760 10046
8872 679 9759 9760 10047
8873 679 9772 9771 10060
8874 679 9772 9771 10061
8875 679 9816 9815 10112
8876 679 9816 9815 10113
8877 679 9853 9854 10169
8878 679 9853 9854 10170
8879 679 9866 9865 10183
8880 679 9866 9865 10184
8881 679 9888 9887 10208
8882 679 9888 9887 10209
8883 679 9911 9910 10232
8884 679 9911 9910 10233
8885 679 9948 9949 10289
8886 679 9948 9949 10290
8887 679 9961 9960 10303
8888 679 9961 9960 10304
8889 679 9984 9983 10331
8890 679 9984 9983 10332
8891 679 10006 10005 10355
8892 679 10006 10005 10356
8893 679 10409 10410 10696
8894 679 10409 10410 10697
8895 679 10422 10421 10710
8896 679 10422 10421 10711
8897 679 10466 10465 10762
8898 679 10466 10465 10763
8899 679 10503 10504 10819
8900 679 10503 10504 10820
8901 679 10516 10515 10833
8902 679 10516 10515 10834
8903 679 10538 10537 10858
8904 679 10538 10537 10859
8905 679 10561 10560 10882
8906 679 10561 10560 10883
8907 679 10598 10599 10939
8908 679 10598 10599 10940
8909 679 10611 10610 10953
8910 679 10611 10610 10954
8911 679 10634 10633 10981
8912 679 10634 10633 10982
8913 679 10656 10655 11005
8914 679 10656 10655 11006
8915 679 11059 11060 11346
8916 679 11059 11060 11347
8917 679 11072 11071 11360
8918 679 11072 11071 11361
8919 679 11116 11115 11412
8920 679 11116 11115 11413
8921 679 11153 11154 11469
8922 679 11153 11154 11470
8923 679 11166 11165 11483
8924 679 11166 11165 11484
8925 679 11188 11187 11508
8926 679 11188 11187 11509
8927 679 11211 11210 11532
8928 679 11211 11210 11533
8929 679 11248 11249 11589
8930 679 11248 11249 11590
8931 679 11261 11260 11603
8932 679 11261 11260 11604
8933 679 11284 11283 11631
8934 679 11284 11283 11632
8935 679 11306 11305 11655
8936 679 11306 11305 11656
8937 679 11709 11710 11996
8938 679 11709 11710 11997
8939 679 11722 11721 12010
8940 679 11722 11721 12011
8941 679 11766 11765 12062
8942 679 11766 11765 12063
8943 679 11803 11804 12119
8944 679 11803 11804 12120
8945 679 11816 11815 12133
8946 679 11816 11815 12134
8947 679 11838 11837 12158
8948 679 11838 11837 12159
8949 679 11861 11860 12182
8950 679 11861 11860 12183
8951 679 11898 11899 12239
8952 679 11898 11899 12240
8953 679 11911 11910 12253
8954 679 11911 11910 12254
8955 679 11934 11933 12281
8956 679 11934 11933 12282
8957 679 11956 11955 12305
8958 679 11956 11955 12306
8959 679 12359 12360 12646
8960 679 12359 12360 12647
8961 679 12372 12371 12660
8962 679 12372 12371 12661
8963 679 12416 12415 12712
8964 679 12416 12415 12713
8965 679 12453 12454 12769
8966 679 12453 12454 12770
8967 679 12466 12465 12783
8968 679 12466 12465 12784
8969 679 12488 12487 12808
8970 679 12488 12487 12809
8971 679 12511 12510 12832
8972 679 12511 12510 12833
8973 679 12548 12549 12889
8974 679 12548 12549 12890
8975 679 12561 12560 12903
8976 679 12561 12560 12904
8977 679 12584 12583 12931
8978 679 12584 12583 12932
8979 679 12606 12605 12955
8980 679 12606 12605 12956
8981 679 10 9 294
8982 679 10 9 295
8983 679 21 22 312
8984 679 21 22 313
8985 679 65 66 364
8986 679 65 66 365
8987 679 104 103 417
8988 679 104 103 418
8989 679 115 116 435
8990 679 115 116 436
8991 679 137 138 460
8992 679 137 138 461
8993 679 160 161 484
8994 679 160 161 485
8995 679 199 198 537
8996 679 199 198 538
8997 679 210 211 555
8998 679 210 211 556
8999 679 233 234 583
9000 679 233 234 584
9001 679 255 256 607
9002 679 255 256 608
9003 679 660 659 944
9004 679 660 659 945
9005 679 671 672 962
9006 679 671 672 963
9007 679 715 716 1014
9008 679 715 716 1015
9009 679 754 753 1067
9010 679 754 753 1068
9011 679 765 766 1085
9012 679 765 766 1086
9013 679 787 788 1110
9014 679 787 788 1111
9015 679 810 811 1134
9016 679 810 811 1135
9017 679 849 848 1187
9018 679 849 848 1188
9019 679 860 861 1205
9020 679 860 861 1206
9021 679 883 884 1233
9022 679 883 884 1234
9023 679 905 906 1257
9024 679 905 906 1258
9025 679 1310 1309 1594
9026 679 1310 1309 1595
9027 679 1321 1322 1612
9028 679 1321 1322 1613
9029 679 1365 1366 1664
9030 679 1365 1366 1665
9031 679 1404 1403 1717
9032 679 1404 1403 1718
9033 679 1415 1416 1735
9034 679 1415 1416 1736
9035 679 1437 1438 1760
9036 679 1437 1438 1761
9037 679 1460 1461 1784
9038 679 1460 1461 1785
9039 679 1499 1498 1837
9040 679 1499 1498 1838
9041 679 1510 1511 1855
9042 679 1510 1511 1856
9043 679 1533 1534 1883
9044 679 1533 1534 1884
9045 679 1555 1556 1907
9046 679 1555 1556 1908
9047 679 1960 1959 2244
9048 679 1960 1959 2245
9049 679 1971 1972 2262
9050 679 1971 1972 2263
9051 679 2015 2016 2314
9052 679 2015 2016 2315
9053 679 2054 2053 2367
9054 679 2054 2053 2368
9055 679 2065 2066 2385
9056 679 2065 2066 2386
9057 679 2087 2088 2410
9058 679 2087 2088 2411
9059 679 2110 2111 2434
9060 679 2110 2111 2435
9061 679 2149 2148 2487
9062 679 2149 2148 2488
9063 679 2160 2161 2505
9064 679 2160 2161 2506
9065 679 2183 2184 2533
9066 679 2183 2184 2534
9067 679 2205 2206 2557
9068 679 2205 2206 2558
9069 679 2610 2609 2894
9070 679 2610 2609 2895
9071 679 2621 2622 2912
9072 679 2621 2622 2913
9073 679 2665 2666 2964
9074 679 2665 2666 2965
9075 679 2704 2703 3017
9076 679 2704 2703 3018
9077 679 2715 2716 3035
9078 679 2715 2716 3036
9079 679 2737 2738 3060
9080 679 2737 2738 3061
9081 679 2760 2761 3084
9082 679 2760 2761 3085
9083 679 2799 2798 3137
9084 679 2799 2798 3138
9085 679 2810 2811 3155
9086 679 2810 2811 3156
9087 679 2833 2834 3183
9088 679 2833 2834 3184
9089 679 2855 2856 3207
9090 679 2855 2856 3208
9091 679 3260 3259 3544
9092 679 3260 3259 3545
9093 679 3271 3272 3562
9094 679 3271 3272 3563
9095 679 3315 3316 3614
9096 679 3315 3316 3615
9097 679 3354 3353 3667
9098 679 3354 3353 3668
9099 679 3365 3366 3685
9100 679 3365 3366 3686
9101 679 3387 3388 3710
9102 679 3387 3388 3711
9103 679 3410 3411 3734
9104 679 3410 3411 3735
9105 679 3449 3448 3787
9106 679 3449 3448 3788
9107 679 3460 3461 3805
9108 679 3460 3461 3806
9109 679 3483 3484 3833
9110 679 3483 3484 3834
9111 679 3505 3506 3857
9112 679 3505 3506 3858
9113 679 3910 3909 4194
9114 679 3910 3909 4195
9115 679 3921 3922 4212
9116 679 3921 3922 4213
9117 679 3965 3966 4264
9118 679 3965 3966 4265
9119 679 4004 4003 4317
9120 679 4004 4003 4318
9121 679 4015 4016 4335
9122 679 4015 4016 4336
9123 679 4037 4038 4360
9124 679 4037 4038 4361
9125 679 4060 4061 4384
9126 679 4060 4061 4385
9127 679 4099 4098 4437
9128 679 4099 4098 4438
9129 679 4110 4111 4455
9130 679 4110 4111 4456
9131 679 4133 4134 4483
9132 679 4133 4134 4484
9133 679 4155 4156 4507
9134 679 4155 4156 4508
9135 679 4560 4559 4844
9136 679 4560 4559 4845
9137 679 4571 4572 4862
9138 679 4571 4572 4863
9139 679 4615 4616 4914
9140 679 4615 4616 4915
9141 679 4654 4653 4967
9142 679 4654 4653 4968
9143 679 4665 4666 4985
9144 679 4665 4666 4986
9145 679 4687 4688 5010
9146 679 4687 4688 5011
9147 679 4710 4711 5034
9148 679 4710 4711 5035
9149 679 4749 4748 5087
9150 679 4749 4748 5088
9151 679 4760 4761 5105
9152 679 4760 4761 5106
9153 679 4783 4784 5133
9154 679 4783 4784 5134
9155 679 4805 4806 5157
9156 679 4805 4806 5158
9157 679 5210 5209 5494
9158 679 5210 5209 5495
9159 679 5221 5222 5512
9160 679 5221 5222 5513
9161 679 5265 5266 5564
9162 679 5265 5266 5565
9163 679 5304 5303 5617
9164 679 5304 5303 5618
9165 679 5315 5316 5635
9166 679 5315 5316 5636
9167 679 5337 5338 5660
9168 679 5337 5338 5661
9169 679 5360 5361 5684
9170 679 5360 5361 5685
9171 679 5399 5398 5737
9172 679 5399 5398 5738
9173 679 5410 5411 5755
9174 679 5410 5411 5756
9175 679 5433 5434 5783
9176 679 5433 5434 5784
9177 679 5455 5456 5807
9178 679 5455 5456 5808
9179 679 5860 5859 6144
9180 679 5860 5859 6145
9181 679 5871 5872 6162
9182 679 5871 5872 6163
9183 679 5915 5916 6214
9184 679 5915 5916 6215
9185 679 5954 5953 6267
9186 679 5954 5953 6268
9187 679 5965 5966 6285
9188 679 5965 5966 6286
9189 679 5987 5988 6310
9190 679 5987 5988 6311
9191 679 6010 6011 6334
9192 679 6010 6011 6335
9193 679 6049 6048 6387
9194 679 6049 6048 6388
9195 679 6060 6061 6405
9196 679 6060 6061 6406
9197 679 6083 6084 6433
9198 679 6083 6084 6434
9199 679 6105 6106 6457
9200 679 6105 6106 6458
9201 679 6510 6509 6794
9202 679 6510 6509 6795
9203 679 6521 6522 6812
9204 679 6521 6522 6813
9205 679 6565 6566 6864
9206 679 6565 6566 6865
9207 679 6604 6603 6917
9208 679 6604 6603 6918
9209 679 6615 6616 6935
9210 679 6615 6616 6936
9211 679 6637 6638 6960
9212 679 6637 6638 6961
9213 679 6660 6661 6984
9214 679 6660 6661 6985
9215 679 6699 6698 7037
9216 679 6699 6698 7038
9217 679 6710 6711 7055
9218 679 6710 6711 7056
9219 679 6733 6734 7083
9220 679 6733 6734 7084
9221 679 6755 6756 7107
9222 679 6755 6756 7108
9223 679 7160 7159 7444
9224 679 7160 7159 7445
9225 679 7171 7172 7462
9226 679 7171 7172 7463
9227 679 7215 7216 7514
9228 679 7215 7216 7515
9229 679 7254 7253 7567
9230 679 7254 7253 7568
9231 679 7265 7266 7585
9232 679 7265 7266 7586
9233 679 7287 7288 7610
9234 679 7287 7288 7611
9235 679 7310 7311 7634
9236 679 7310 7311 7635
9237 679 7349 7348 7687
9238 679 7349 7348 7688
9239 679 7360 7361 7705
9240 679 7360 7361 7706
9241 679 7383 7384 7733
9242 679 7383 7384 7734
9243 679 7405 7406 7757
9244 679 7405 7406 7758
9245 679 7810 7809 8094
9246 679 7810 7809 8095
9247 679 7821 7822 8112
9248 679 7821 7822 8113
9249 679 7865 7866 8164
9250 679 7865 7866 8165
9251 679 7904 7903 8217
9252 679 7904 7903 8218
9253 679 7915 7916 8235
9254 679 7915 7916 8236
9255 679 7937 7938 8260
9256 679 7937 7938 8261
9257 679 7960 7961 8284
9258 679 7960 7961 8285
9259 679 7999 7998 8337
9260 679 7999 7998 8338
9261 679 8010 8011 8355
9262 679 8010 8011 8356
9263 679 8033 8034 8383
9264 679 8033 8034 8384
9265 679 8055 8056 8407
9266 679 8055 8056 8408
9267 679 8460 8459 8744
9268 679 8460 8459 8745
9269 679 8471 8472 8762
9270 679 8471 8472 8763
9271 679 8515 8516 8814
9272 679 8515 8516 8815
9273 679 8554 8553 8867
9274 679 8554 8553 8868
9275 679 8565 8566 8885
9276 679 8565 8566 8886
9277 679 8587 8588 8910
9278 679 8587 8588 8911
9279 679 8610 8611 8934
9280 679 8610 8611 8935
9281 679 8649 8648 8987
9282 679 8649 8648 8988
9283 679 8660 8661 9005
9284 679 8660 8661 9006
9285 679 8683 8684 9033
9286 679 8683 8684 9034
9287 679 8705 8706 9057
9288 679 8705 8706 9058
9289 679 9110 9109 9394
9290 679 9110 9109 9395
9291 679 9121 9122 9412
9292 679 9121 9122 9413
9293 679 9165 9166 9464
9294 679 9165 9166 9465
9295 679 9204 9203 9517
9296 679 9204 9203 9518
9297 679 9215 9216 9535
9298 679 9215 9216 9536
9299 679 9237 9238 9560
9300 679 9237 9238 9561
9301 679 9260 9261 9584
9302 679 9260 9261 9585
9303 679 9299 9298 9637
9304 679 9299 9298 9638
9305 679 9310 9311 9655
9306 679 9310 9311 9656
9307 679 9333 9334 9683
9308 679 9333 9334 9684
9309 679 9355 9356 9707
9310 679 9355 9356 9708
9311 679 9760 9759 10044
9312 679 9760 9759 10045
9313 679 9771 9772 10062
9314 679 9771 9772 10063
9315 679 9815 9816 10114
9316 679 9815 9816 10115
9317 679 9854 9853 10167
9318 679 9854 9853 10168
9319 679 9865 9866 10185
9320 679 9865 9866 10186
9321 679 9887 9888 10210
9322 679 9887 9888 10211
9323 679 9910 9911 10234
9324 679 9910 9911 10235
9325 679 9949 9948 10287
9326 679 9949 9948 10288
9327 679 9960 9961 10305
9328 679 9960 9961 10306
9329 679 9983 9984 10333
9330 679 9983 9984 10334
9331 679 10005 10006 10357
9332 679 10005 10006 10358
9333 679 10410 10409 10694
9334 679 10410 10409 10695
9335 679 10421 10422 10712
9336 679 10421 10422 10713
9337 679 10465 10466 10764
9338 679 10465 10466 10765
9339 679 10504 10503 10817
9340 679 10504 10503 10818
9341 679 10515 10516 10835
9342 679 10515 10516 10836
9343 679 10537 10538 10860
9344 679 10537 10538 10861
9345 679 10560 10561 10884
9346 679 10560 10561 10885
9347 679 10599 10598 10937
9348 679 10599 10598 10938
9349 679 10610 10611 10955
9350 679 10610 10611 10956
9351 679 10633 10634 10983
9352 679 10633 10634 10984
9353 679 10655 10656 11007
9354 679 10655 10656 11008
9355 679 11060 11059 11344
9356 679 11060 11059 11345
9357 679 11071 11072 11362
9358 679 11071 11072 11363
9359 679 11115 11116 11414
9360 679 11115 11116 11415
9361 679 11154 11153 11467
9362 679 11154 11153 11468
9363 679 11165 11166 11485
9364 679 11165 11166 11486
9365 679 11187 11188 11510
9366 679 11187 11188 11511
9367 679 11210 11211 11534
9368 679 11210 11211 11535
9369 679 11249 11248 11587
9370 679 11249 11248 11588
9371 679 11260 11261 11605
9372 679 11260 11261 11606
9373 679 11283 11284 11633
9374 679 11283 11284 11634
9375 679 11305 11306 11657
9376 679 11305 11306 11658
9377 679 11710 11709 11994
9378 679 11710 11709 11995
9379 679 11721 11722 12012
9380 679 11721 11722 12013
9381 679 11765 11766 12064
9382 679 11765 11766 12065
9383 679 11804 11803 12117
9384 679 11804 11803 12118
9385 679 11815 11816 12135
9386 679 11815 11816 12136
9387 679 11837 11838 12160
9388 679 11837 11838 12161
9389 679 11860 11861 12184
9390 679 11860 11861 12185
9391 679 11899 11898 12237
9392 679 11899 11898 12238
9393 679 11910 11911 12255
9394 679 11910 11911 12256
9395 679 11933 11934 12283
9396 679 11933 11934 12284
9397 679 11955 11956 12307
9398 679 11955 11956 12308
9399 679 12360 12359 12644
9400 679 12360 12359 12645
9401 679 12371 12372 12662
9402 679 12371 12372 12663
9403 679 12415 12416 12714
9404 679 12415 12416 12715
9405 679 12454 12453 12767
9406 679 12454 12453 12768
9407 679 12465 12466 12785
9408 679 12465 12466 12786
9409 679 12487 12488 12810
9410 679 12487 12488 12811
9411 679 12510 12511 12834
9412 679 12510 12511 12835
9413 679 12549 12548 12887
9414 679 12549 12548 12888
9415 679 12560 12561 12905
9416 679 12560 12561 12906
9417 679 12583 12584 12933
9418 679 12583 12584 12934
9419 679 12605 12606 12957
9420 679 12605 12606 12958
9421 679 12 13 298
9422 679 12 13 299
9423 679 106 107 421
9424 679 106 107 422
9425 679 201 202 541
9426 679 201 202 542
9427 679 662 663 948
9428 679 662 663 949
9429 679 756 757 1071
9430 679 756 757 1072
9431 679 851 852 1191
9432 679 851 852 1192
9433 679 1312 1313 1598
9434 679 1312 1313 1599
9435 679 1406 1407 1721
9436 679 1406 1407 1722
9437 679 1501 1502 1841
9438 679 1501 1502 1842
9439 679 1962 1963 2248
9440 679 1962 1963 2249
9441 679 2056 2057 2371
9442 679 2056 2057 2372
9443 679 2151 2152 2491
9444 679 2151 2152 2492
9445 679 2612 2613 2898
9446 679 2612 2613 2899
9447 679 2706 2707 3021
9448 679 2706 2707 3022
9449 679 2801 2802 3141
9450 679 2801 2802 3142
9451 679 3262 3263 3548
9452 679 3262 3263 3549
9453 679 3356 3357 3671
9454 679 3356 3357 3672
9455 679 3451 3452 3791
9456 679 3451 3452 3792
9457 679 3912 3913 4198
9458 679 3912 3913 4199
9459 679 4006 4007 4321
9460 679 4006 4007 4322
9461 679 4101 4102 4441
9462 679 4101 4102 4442
9463 679 4562 4563 4848
9464 679 4562 4563 4849
9465 679 4656 4657 4971
9466 679 4656 4657 4972
9467 679 4751 4752 5091
9468 679 4751 4752 5092
9469 679 5212 5213 5498
9470 679 5212 5213 5499
9471 679 5306 5307 5621
9472 679 5306 5307 5622
9473 679 5401 5402 5741
9474 679 5401 5402 5742
9475 679 5862 5863 6148
9476 679 5862 5863 6149
9477 679 5956 5957 6271
9478 679 5956 5957 6272
9479 679 6051 6052 6391
9480 679 6051 6052 6392
9481 679 6512 6513 6798
9482 679 6512 6513 6799
9483 679 6606 6607 6921
9484 679 6606 6607 6922
9485 679 6701 6702 7041
9486 679 6701 6702 7042
9487 679 7162 7163 7448
9488 679 7162 7163 7449
9489 679 7256 7257 7571
9490 679 7256 7257 7572
9491 679 7351 7352 7691
9492 679 7351 7352 7692
9493 679 7812 7813 8098
9494 679 7812 7813 8099
9495 679 7906 7907 8221
9496 679 7906 7907 8222
9497 679 8001 8002 8341
9498 679 8001 8002 8342
9499 679 8462 8463 8748
9500 679 8462 8463 8749
9501 679 8556 8557 8871
9502 679 8556 8557 8872
9503 679 8651 8652 8991
9504 679 8651 8652 8992
9505 679 9112 9113 9398
9506 679 9112 9113 9399
9507 679 9206 9207 9521
9508 679 9206 9207 9522
9509 679 9301 9302 9641
9510 679 9301 9302 9642
9511 679 9762 9763 10048
9512 679 9762 9763 10049
9513 679 9856 9857 10171
9514 679 9856 9857 10172
9515 679 9951 9952 10291
9516 679 9951 9952 10292
9517 679 10412 10413 10698
9518 679 10412 10413 10699
9519 679 10506 10507 10821
9520 679 10506 10507 10822
9521 679 10601 10602 10941
9522 679 10601 10602 10942
9523 679 11062 11063 11348
9524 679 11062 11063 11349
9525 679 11156 11157 11471
9526 679 11156 11157 11472
9527 679 11251 11252 11591
9528 679 11251 11252 11592
9529 679 11712 11713 11998
9530 679 11712 11713 11999
9531 679 11806 11807 12121
9532 679 11806 11807 12122
9533 679 11901 11902 12241
9534 679 11901 11902 12242
9535 679 12362 12363 12648
9536 679 12362 12363 12649
9537 679 12456 12457 12771
9538 679 12456 12457 12772
9539 679 12551 12552 12891
9540 679 12551 12552 12892
9541 679 12 14 300
9542 679 12 14 301
9543 679 12 14 302
9544 679 12 94 405
9545 679 12 94 406
9546 679 12 94 407
9547 679 106 108 423
9548 679 106 108 424
9549 679 106 108 425
9550 679 106 189 525
9551 679 106 189 526
9552 679 106 189 527
9553 679 201 203 543
9554 679 201 203 544
9555 679 201 203 545
9556 679 201 284 648
9557 679 201 284 649
9558 679 201 284 650
9559 679 662 664 950
9560 679 662 664 951
9561 679 662 664 952
9562 679 662 744 1055
9563 679 662 744 1056
9564 679 662 744 1057
9565 679 756 758 1073
9566 679 756 758 1074
9567 679 756 758 1075
9568 679 756 839 1175
9569 679 756 839 1176
9570 679 756 839 1177
9571 679 851 853 1193
9572 679 851 853 1194
9573 679 851 853 1195
9574 679 851 934 1298
9575 679 851 934 1299
9576 679 851 934 1300
9577 679 1312 1314 1600
9578 679 1312 1314 1601
9579 679 1312 1314 1602
9580 679 1312 1394 1705
9581 679 1312 1394 1706
9582 679 1312 1394 1707
9583 679 1406 1408 1723
9584 679 1406 1408 1724
9585 679 1406 1408 1725
9586 679 1406 1489 1825
9587 679 1406 1489 1826
9588 679 1406 1489 1827
9589 679 1501 1503 1843
9590 679 1501 1503 1844
9591 679 1501 1503 1845
9592 679 1501 1584 1948
9593 679 1501 1584 1949
9594 679 1501 1584 1950
9595 679 1962 1964 2250
9596 679 1962 1964 2251
9597 679 1962 1964 2252
9598 679 1962 2044 2355
9599 679 1962 2044 2356
9600 679 1962 2044 2357
9601 679 2056 2058 2373
9602 679 2056 2058 2374
9603 679 2056 2058 2375
9604 679 2056 2139 2475
9605 679 2056 2139 2476
9606 679 2056 2139 2477
9607 679 2151 2153 2493
9608 679 2151 2153 2494
9609 679 2151 2153 2495
9610 679 2151 2234 2598
9611 679 2151 2234 2599
9612 679 2151 2234 2600
9613 679 2612 2614 2900
9614 679 2612 2614 2901
9615 679 2612 2614 2902
9616 679 2612 2694 3005
9617 679 2612 2694 3006
9618 679 2612 2694 3007
9619 679 2706 2708 3023
9620 679 2706 2708 3024
9621 679 2706 2708 3025
9622 679 2706 2789 3125
9623 679 2706 2789 3126
9624 679 2706 2789 3127
9625 679 2801 2803 3143
9626 679 2801 2803 3144
9627 679 2801 2803 3145
9628 679 2801 2884 3248
9629 679 2801 2884 3249
9630 679 2801 2884 3250
9631 679 3262 3264 3550
9632 679 3262 3264 3551
9633 679 3262 3264 3552
9634 679 3262 3344 3655
9635 679 3262 3344 3656
9636 679 3262 3344 3657
9637 679 3356 3358 3673
9638 679 3356 3358 3674
9639 679 3356 3358 3675
9640 679 3356 3439 3775
9641 679 3356 3439 3776
9642 679 3356 3439 3777
9643 679 3451 3453 3793
9644 679 3451 3453 3794
9645 679 3451 3453 3795
9646 679 3451 3534 3898
9647 679 3451 3534 3899
9648 679 3451 3534 3900
9649 679 3912 3914 4200
9650 679 3912 3914 4201
9651 679 3912 3914 4202
9652 679 3912 3994 4305
9653 679 3912 3994 4306
9654 679 3912 3994 4307
9655 679 4006 4008 4323
9656 679 4006 4008 4324
9657 679 4006 4008 4325
9658 679 4006 4089 4425
9659 679 4006 4089 4426
9660 679 4006 4089 4427
9661 679 4101 4103 4443
9662 679 4101 4103 4444
9663 679 4101 4103 4445
9664 679 4101 4184 4548
9665 679 4101 4184 4549
9666 679 4101 4184 4550
9667 679 4562 4564 4850
9668 679 4562 4564 4851
9669 679 4562 4564 4852
9670 679 4562 4644 4955
9671 679 4562 4644 4956
9672 679 4562 4644 4957
9673 679 4656 4658 4973
9674 679 4656 4658 4974
9675 679 4656 4658 4975
9676 679 4656 4739 5075
9677 679 4656 4739 5076
9678 679 4656 4739 5077
9679 679 4751 4753 5093
9680 679 4751 4753 5094
9681 679 4751 4753 5095
9682 679 4751 4834 5198
9683 679 4751 4834 5199
9684 679 4751 4834 5200
9685 679 5212 5214 5500
9686 679 5212 5214 5501
9687 679 5212 5214 5502
9688 679 5212 5294 5605
9689 679 5212 5294 5606
9690 679 5212 5294 5607
9691 679 5306 5308 5623
9692 679 5306 5308 5624
9693 679 5306 5308 5625
9694 679 5306 5389 5725
9695 679 5306 5389 5726
9696 679 5306 5389 5727
9697 679 5401 5403 5743
9698 679 5401 5403 5744
9699 679 5401 5403 5745
9700 679 5401 5484 5848
9701 679 5401 5484 5849
9702 679 5401 5484 5850
9703 679 5862 5864 6150
9704 679 5862 5864 6151
9705 679 5862 5864 6152
9706 679 5862 5944 6255
9707 679 5862 5944 6256
9708 679 5862 5944 6257
9709 679 5956 5958 6273
9710 679 5956 5958 6274
9711 679 5956 5958 6275
9712 679 5956 6039 6375
9713 679 5956 6039 6376
9714 679 5956 6039 6377
9715 679 6051 6053 6393
9716 679 6051 6053 6394
9717 679 6051 6053 6395
9718 679 6051 6134 6498
9719 679 6051 6134 6499
9720 679 6051 6134 6500
9721 679 6512 6514 6800
9722 679 6512 6514 6801
9723 679 6512 6514 6802
9724 679 6512 6594 6905
9725 679 6512 6594 6906
9726 679 6512 6594 6907
9727 679 6606 6608 6923
9728 679 6606 6608 6924
9729 679 6606 6608 6925
9730 679 6606 6689 7025
9731 679 6606 6689 7026
9732 679 6606 6689 7027
9733 679 6701 6703 7043
9734 679 6701 6703 7044
9735 679 6701 6703 7045
9736 679 6701 6784 7148
9737 679 6701 6784 7149
9738 679 6701 6784 7150
9739 679 7162 7164 7450
9740 679 7162 7164 7451
9741 679 7162 7164 7452
9742 679 7162 7244 7555
9743 679 7162 7244 7556
9744 679 7162 7244 7557
9745 679 7256 7258 7573
9746 679 7256 7258 7574
9747 679 7256 7258 7575
9748 679 7256 7339 7675
9749 679 7256 7339 7676
9750 679 7256 7339 7677
9751 679 7351 7353 7693
9752 679 7351 7353 7694
9753 679 7351 7353 7695
9754 679 7351 7434 7798
9755 679 7351 7434 7799
9756 679 7351 7434 7800
9757 679 7812 7814 8100
9758 679 7812 7814 8101
9759 679 7812 7814 8102
9760 679 7812 7894 8205
9761 679 7812 7894 8206
9762 679 7812 7894 8207
9763 679 7906 7908 8223
9764 679 7906 7908 8224
9765 679 7906 7908 8225
9766 679 7906 7989 8325
9767 679 7906 7989 8326
9768 679 7906 7989 8327
9769 679 8001 8003 8343
9770 679 8001 8003 8344
9771 679 8001 8003 8345
9772 679 8001 8084 8448
9773 679 8001 8084 8449
9774 679 8001 8084 8450
9775 679 8462 8464 8750
9776 679 8462 8464 8751
9777 679 8462 8464 8752
9778 679 8462 8544 8855
9779 679 8462 8544 8856
9780 679 8462 8544 8857
9781 679 8556 8558 8873
9782 679 8556 8558 8874
9783 679 8556 8558 8875
9784 679 8556 8639 8975
9785 679 8556 8639 8976
9786 679 8556 8639 8977
9787 679 8651 8653 8993
9788 679 8651 8653 8994
9789 679 8651 8653 8995
9790 679 8651 8734 9098
9791 679 8651 8734 9099
9792 679 8651 8734 9100
9793 679 9112 9114 9400
9794 679 9112 9114 9401
9795 679 9112 9114 9402
9796 679 9112 9194 9505
9797 679 9112 9194 9506
9798 679 9112 9194 9507
9799 679 9206 9208 9523
9800 679 9206 9208 9524
9801 679 9206 9208 9525
9802 679 9206 9289 9625
9803 679 9206 9289 9626
9804 679 9206 9289 9627
9805 679 9301 9303 9643
9806 679 9301 9303 9644
9807 679 9301 9303 9645
9808 679 9301 9384 9748
9809 679 9301 9384 9749
9810 679 9301 9384 9750
9811 679 9762 9764 10050
9812 679 9762 9764 10051
9813 679 9762 9764 10052
9814 679 9762 9844 10155
9815 679 9762 9844 10156
9816 679 9762 9844 10157
9817 679 9856 9858 10173
9818 679 9856 9858 10174
9819 679 9856 9858 10175
9820 679 9856 9939 10275
9821 679 9856 9939 10276
9822 679 9856 9939 10277
9823 679 9951 9953 10293
9824 679 9951 9953 10294
9825 679 9951 9953 10295
9826 679 9951 10034 10398
9827 679 9951 10034 10399
9828 679 9951 10034 10400
9829 679 10412 10414 10700
9830 679 10412 10414 10701
9831 679 10412 10414 10702
9832 679 10412 10494 10805
9833 679 10412 10494 10806
9834 679 10412 10494 10807
9835 679 10506 10508 10823
9836 679 10506 10508 10824
9837 679 10506 10508 10825
9838 679 10506 10589 10925
9839 679 10506 10589 10926
9840 679 10506 10589 10927
9841 679 10601 10603 10943
9842 679 10601 10603 10944
9843 679 10601 10603 10945
9844 679 10601 10684 11048
9845 679 10601 10684 11049
9846 679 10601 10684 11050
9847 679 11062 11064 11350
9848 679 11062 11064 11351
9849 679 11062 11064 11352
9850 679 11062 11144 11455
9851 679 11062 11144 11456
9852 679 11062 11144 11457
9853 679 11156 11158 11473
9854 679 11156 11158 11474
9855 679 11156 11158 11475
9856 679 11156 11239 11575
9857 679 11156 11239 11576
9858 679 11156 11239 11577
9859 679 11251 11253 11593
9860 679 11251 11253 11594
9861 679 11251 11253 11595
9862 679 11251 11334 11698
9863 679 11251 11334 11699
9864 679 11251 11334 11700
9865 679 11712 11714 12000
9866 679 11712 11714 12001
9867 679 11712 11714 12002
9868 679 11712 11794 12105
9869 679 11712 11794 12106
9870 679 11712 11794 12107
9871 679 11806 11808 12123
9872 679 11806 11808 12124
9873 679 11806 11808 12125
9874 679 11806 11889 12225
9875 679 11806 11889 12226
9876 679 11806 11889 12227
9877 679 11901 11903 12243
9878 679 11901 11903 12244
9879 679 11901 11903 12245
9880 679 11901 11984 12348
9881 679 11901 11984 12349
9882 679 11901 11984 12350
9883 679 12362 12364 12650
9884 679 12362 12364 12651
9885 679 12362 12364 12652
9886 679 12362 12444 12755
9887 679 12362 12444 12756
9888 679 12362 12444 12757
9889 679 12456 12458 12773
9890 679 12456 12458 12774
9891 679 12456 12458 12775
9892 679 12456 12539 12875
9893 679 12456 12539 12876
9894 679 12456 12539 12877
9895 679 12551 12553 12893
9896 679 12551 12553 12894
9897 679 12551 12553 12895
9898 679 12551 12634 12998
9899 679 12551 12634 12999
9900 679 12551 12634 13000
9901 679 17 18 305
9902 679 38 39 330
9903 679 60 61 357
9904 679 111 112 428
9905 679 133 134 453
9906 679 155 156 477
9907 679 206 207 548
9908 679 229 230 576
9909 679 250 251 600
9910 679 667 668 955
9911 679 688 689 980
9912 679 710 711 1007
9913 679 761 762 1078
9914 679 783 784 1103
9915 679 805 806 1127
9916 679 856 857 1198
9917 679 879 880 1226
9918 679 900 901 1250
9919 679 1317 1318 1605
9920 679 1338 1339 1630
9921 679 1360 1361 1657
9922 679 1411 1412 1728
9923 679 1433 1434 1753
9924 679 1455 1456 1777
9925 679 1506 1507 1848
9926 679 1529 1530 1876
9927 679 1550 1551 1900
9928 679 1967 1968 2255
9929 679 1988 1989 2280
9930 679 2010 2011 2307
9931 679 2061 2062 2378
9932 679 2083 2084 2403
9933 679 2105 2106 2427
9934 679 2156 2157 2498
9935 679 2179 2180 2526
9936 679 2200 2201 2550
9937 679 2617 2618 2905
9938 679 2638 2639 2930
9939 679 2660 2661 2957
9940 679 2711 2712 3028
9941 679 2733 2734 3053
9942 679 2755 2756 3077
9943 679 2806 2807 3148
9944 679 2829 2830 3176
9945 679 2850 2851 3200
9946 679 3267 3268 3555
9947 679 3288 3289 3580
9948 679 3310 3311 3607
9949 679 3361 3362 3678
9950 679 3383 3384 3703
9951 679 3405 3406 3727
9952 679 3456 3457 3798
9953 679 3479 3480 3826
9954 679 3500 3501 3850
9955 679 3917 3918 4205
9956 679 3938 3939 4230
9957 679 3960 3961 4257
9958 679 4011 4012 4328
9959 679 4033 4034 4353
9960 679 4055 4056 4377
9961 679 4106 4107 4448
9962 679 4129 4130 4476
9963 679 4150 4151 4500
9964 679 4567 4568 4855
9965 679 4588 4589 4880
9966 679 4610 4611 4907
9967 679 4661 4662 4978
9968 679 4683 4684 5003
9969 679 4705 4706 5027
9970 679 4756 4757 5098
9971 679 4779 4780 5126
9972 679 4800 4801 5150
9973 679 5217 5218 5505
9974 679 5238 5239 5530
9975 679 5260 5261 5557
9976 679 5311 5312 5628
9977 679 5333 5334 5653
9978 679 5355 5356 5677
9979 679 5406 5407 5748
9980 679 5429 5430 5776
9981 679 5450 5451 5800
9982 679 5867 5868 6155
9983 679 5888 5889 6180
9984 679 5910 5911 6207
9985 679 5961 5962 6278
9986 679 5983 5984 6303
9987 679 6005 6006 6327
9988 679 6056 6057 6398
9989 679 6079 6080 6426
9990 679 6100 6101 6450
9991 679 6517 6518 6805
9992 679 6538 6539 6830
9993 679 6560 6561 6857
9994 679 6611 6612 6928
9995 679 6633 6634 6953
9996 679 6655 6656 6977
9997 679 6706 6707 7048
9998 679 6729 6730 7076
9999 679 6750 6751 7100
10000 679 7167 7168 7455
10001 679 7188 7189 7480
10002 679 7210 7211 7507
10003 679 7261 7262 7578
10004 679 7283 7284 7603
10005 679 7305 7306 7627
10006 679 7356 7357 7698
10007 679 7379 7380 7726
10008 679 7400 7401 7750
10009 679 7817 7818 8105
10010 679 7838 7839 8130
10011 679 7860 7861 8157
10012 679 7911 7912 8228
10013 679 7933 7934 8253
10014 679 7955 7956 8277
10015 679 8006 8007 8348
10016 679 8029 8030 8376
10017 679 8050 8051 8400
10018 679 8467 8468 8755
10019 679 8488 8489 8780
10020 679 8510 8511 8807
10021 679 8561 8562 8878
10022 679 8583 8584 8903
10023 679 8605 8606 8927
10024 679 8656 8657 8998
10025 679 8679 8680 9026
10026 679 8700 8701 9050
10027 679 9117 9118 9405
10028 679 9138 9139 9430
10029 679 9160 9161 9457
10030 679 9211 9212 9528
10031 679 9233 9234 9553
10032 679 9255 9256 9577
10033 679 9306 9307 9648
10034 679 9329 9330 9676
10035 679 9350 9351 9700
10036 679 9767 9768 10055
10037 679 9788 9789 10080
10038 679 9810 9811 10107
10039 679 9861 9862 10178
10040 679 9883 9884 10203
10041 679 9905 9906 10227
10042 679 9956 9957 10298
10043 679 9979 9980 10326
10044 679 10000 10001 10350
10045 679 10417 10418 10705
10046 679 10438 10439 10730
10047 679 10460 10461 10757
10048 679 10511 10512 10828
10049 679 10533 10534 10853
10050 679 10555 10556 10877
10051 679 10606 10607 10948
10052 679 10629 10630 10976
10053 679 10650 10651 11000
10054 679 11067 11068 11355
10055 679 11088 11089 11380
10056 679 11110 11111 11407
10057 679 11161 11162 11478
10058 679 11183 11184 11503
10059 679 11205 11206 11527
10060 679 11256 11257 11598
10061 679 11279 11280 11626
10062 679 11300 11301 11650
10063 679 11717 11718 12005
10064 679 11738 11739 12030
10065 679 11760 11761 12057
10066 679 11811 11812 12128
10067 679 11833 11834 12153
10068 679 11855 11856 12177
10069 679 11906 11907 12248
10070 679 11929 11930 12276
10071 679 11950 11951 12300
10072 679 12367 12368 12655
10073 679 12388 12389 12680
10074 679 12410 12411 12707
10075 679 12461 12462 12778
10076 679 12483 12484 12803
10077 679 12505 12506 12827
10078 679 12556 12557 12898
10079 679 12579 12580 12926
10080 679 12600 12601 12950
10081 679 18 17 303
10082 679 18 17 304
10083 679 39 38 328
10084 679 39 38 329
10085 679 61 60 355
10086 679 61 60 356
10087 679 112 111 426
10088 679 112 111 427
10089 679 134 133 451
10090 679 134 133 452
10091 679 156 155 475
10092 679 156 155 476
10093 679 207 206 546
10094 679 207 206 547
10095 679 230 229 574
10096 679 230 229 575
10097 679 251 250 598
10098 679 251 250 599
10099 679 668 667 953
10100 679 668 667 954
10101 679 689 688 978
10102 679 689 688 979
10103 679 711 710 1005
10104 679 711 710 1006
10105 679 762 761 1076
10106 679 762 761 1077
10107 679 784 783 1101
10108 679 784 783 1102
10109 679 806 805 1125
10110 679 806 805 1126
10111 679 857 856 1196
10112 679 857 856 1197
10113 679 880 879 1224
10114 679 880 879 1225
10115 679 901 900 1248
10116 679 901 900 1249
10117 679 1318 1317 1603
10118 679 1318 1317 1604
10119 679 1339 1338 1628
10120 679 1339 1338 1629
10121 679 1361 1360 1655
10122 679 1361 1360 1656
10123 679 1412 1411 1726
10124 679 1412 1411 1727
10125 679 1434 1433 1751
10126 679 1434 1433 1752
10127 679 1456 1455 1775
10128 679 1456 1455 1776
10129 679 1507 1506 1846
10130 679 1507 1506 1847
10131 679 1530 1529 1874
10132 679 1530 1529 1875
10133 679 1551 1550 1898
10134 679 1551 1550 1899
10135 679 1968 1967 2253
10136 679 1968 1967 2254
10137 679 1989 1988 2278
10138 679 1989 1988 2279
10139 679 2011 2010 2305
10140 679 2011 2010 2306
10141 679 2062 2061 2376
10142 679 2062 2061 2377
10143 679 2084 2083 2401
10144 679 2084 2083 2402
10145 679 2106 2105 2425
10146 679 2106 2105 2426
10147 679 2157 2156 2496
10148 679 2157 2156 2497
10149 679 2180 2179 2524
10150 679 2180 2179 2525
10151 679 2201 2200 2548
10152 679 2201 2200 2549
10153 679 2618 2617 2903
10154 679 2618 2617 2904
10155 679 2639 2638 2928
10156 679 2639 2638 2929
10157 679 2661 2660 2955
10158 679 2661 2660 2956
10159 679 2712 2711 3026
10160 679 2712 2711 3027
10161 679 2734 2733 3051
10162 679 2734 2733 3052
10163 679 2756 2755 3075
10164 679 2756 2755 3076
10165 679 2807 2806 3146
10166 679 2807 2806 3147
10167 679 2830 2829 3174
10168 679 2830 2829 3175
10169 679 2851 2850 3198
10170 679 2851 2850 3199
10171 679 3268 3267 3553
10172 679 3268 3267 3554
10173 679 3289 3288 3578
10174 679 3289 3288 3579
10175 679 3311 3310 3605
10176 679 3311 3310 3606
10177 679 3362 3361 3676
10178 679 3362 3361 3677
10179 679 3384 3383 3701
10180 679 3384 3383 3702
10181 679 3406 3405 3725
10182 679 3406 3405 3726
10183 679 3457 3456 3796
10184 679 3457 3456 3797
10185 679 3480 3479 3824
10186 679 3480 3479 3825
10187 679 3501 3500 3848
10188 679 3501 3500 3849
10189 679 3918 3917 4203
10190 679 3918 3917 4204
10191 679 3939 3938 4228
10192 679 3939 3938 4229
10193 679 3961 3960 4255
10194 679 3961 3960 4256
10195 679 4012 4011 4326
10196 679 4012 4011 4327
10197 679 4034 4033 4351
10198 679 4034 4033 4352
10199 679 4056 4055 4375
10200 679 4056 4055 4376
10201 679 4107 4106 4446
10202 679 4107 4106 4447
10203 679 4130 4129 4474
10204 679 4130 4129 4475
10205 679 4151 4150 4498
10206 679 4151 4150 4499
10207 679 4568 4567 4853
10208 679 4568 4567 4854
10209 679 4589 4588 4878
10210 679 4589 4588 4879
10211 679 4611 4610 4905
10212 679 4611 4610 4906
10213 679 4662 4661 4976
10214 679 4662 4661 4977
10215 679 4684 4683 5001
10216 679 4684 4683 5002
10217 679 4706 4705 5025
10218 679 4706 4705 5026
10219 679 4757 4756 5096
10220 679 4757 4756 5097
10221 679 4780 4779 5124
10222 679 4780 4779 5125
10223 679 4801 4800 5148
10224 679 4801 4800 5149
10225 679 5218 5217 5503
10226 679 5218 5217 5504
10227 679 5239 5238 5528
10228 679 5239 5238 5529
10229 679 5261 5260 5555
10230 679 5261 5260 5556
10231 679 5312 5311 5626
10232 679 5312 5311 5627
10233 679 5334 5333 5651
10234 679 5334 5333 5652
10235 679 5356 5355 5675
10236 679 5356 5355 5676
10237 679 5407 5406 5746
10238 679 5407 5406 5747
10239 679 5430 5429 5774
10240 679 5430 5429 5775
10241 679 5451 5450 5798
10242 679 5451 5450 5799
10243 679 5868 5867 6153
10244 679 5868 5867 6154
10245 679 5889 5888 6178
10246 679 5889 5888 6179
10247 679 5911 5910 6205
10248 679 5911 5910 6206
10249 679 5962 5961 6276
10250 679 5962 5961 6277
10251 679 5984 5983 6301
10252 679 5984 5983 6302
10253 679 6006 6005 6325
10254 679 6006 6005 6326
10255 679 6057 6056 6396
10256 679 6057 6056 6397
10257 679 6080 6079 6424
10258 679 6080 6079 6425
10259 679 6101 6100 6448
10260 679 6101 6100 6449
10261 679 6518 6517 6803
10262 679 6518 6517 6804
10263 679 6539 6538 6828
10264 679 6539 6538 6829
10265 679 6561 6560 6855
10266 679 6561 6560 6856
10267 679 6612 6611 6926
10268 679 6612 6611 6927
10269 679 6634 6633 6951
10270 679 6634 6633 6952
10271 679 6656 6655 6975
10272 679 6656 6655 6976
10273 679 6707 6706 7046
10274 679 6707 6706 7047
10275 679 6730 6729 7074
10276 679 6730 6729 7075
10277 679 6751 6750 7098
10278 679 6751 6750 7099
10279 679 7168 7167 7453
10280 679 7168 7167 7454
10281 679 7189 7188 7478
10282 679 7189 7188 7479
10283 679 7211 7210 7505
10284 679 7211 7210 7506
10285 679 7262 7261 7576
10286 679 7262 7261 7577
10287 679 7284 7283 7601
10288 679 7284 7283 7602
10289 679 7306 7305 7625
10290 679 7306 7305 7626
10291 679 7357 7356 7696
10292 679 7357 7356 7697
10293 679 7380 7379 7724
10294 679 7380 7379 7725
10295 679 7401 7400 7748
10296 679 7401 7400 7749
10297 679 7818 7817 8103
10298 679 7818 7817 8104
10299 679 7839 7838 8128
10300 679 7839 7838 8129
10301 679 7861 7860 8155
10302 679 7861 7860 8156
10303 679 7912 7911 8226
10304 679 7912 7911 8227
10305 679 7934 7933 8251
10306 679 7934 7933 8252
10307 679 7956 7955 8275
10308 679 7956 7955 8276
10309 679 8007 8006 8346
10310 679 8007 8006 8347
10311 679 8030 8029 8374
10312 679 8030 8029 8375
10313 679 8051 8050 8398
10314 679 8051 8050 8399
10315 679 8468 8467 8753
10316 679 8468 8467 8754
10317 679 8489 8488 8778
10318 679 8489 8488 8779
10319 679 8511 8510 8805
10320 679 8511 8510 8806
10321 679 8562 8561 8876
10322 679 8562 8561 8877
10323 679 8584 8583 8901
10324 679 8584 8583 8902
10325 679 8606 8605 8925
10326 679 8606 8605 8926
10327 679 8657 8656 8996
10328 679 8657 8656 8997
10329 679 8680 8679 9024
10330 679 8680 8679 9025
10331 679 8701 8700 9048
10332 679 8701 8700 9049
10333 679 9118 9117 9403
10334 679 9118 9117 9404
10335 679 9139 9138 9428
10336 679 9139 9138 9429
10337 679 9161 9160 9455
10338 679 9161 9160 9456
10339 679 9212 9211 9526
10340 679 9212 9211 9527
10341 679 9234 9233 9551
10342 679 9234 9233 9552
10343 679 9256 9255 9575
10344 679 9256 9255 9576
10345 679 9307 9306 9646
10346 679 9307 9306 9647
10347 679 9330 9329 9674
10348 679 9330 9329 9675
10349 679 9351 9350 9698
10350 679 9351 9350 9699
10351 679 9768 9767 10053
10352 679 9768 9767 10054
10353 679 9789 9788 10078
10354 679 9789 9788 10079
10355 679 9811 9810 10105
10356 679 9811 9810 10106
10357 679 9862 9861 10176
10358 679 9862 9861 10177
10359 679 9884 9883 10201
10360 679 9884 9883 10202
10361 679 9906 9905 10225
10362 679 9906 9905 10226
10363 679 9957 9956 10296
10364 679 9957 9956 10297
10365 679 9980 9979 10324
10366 679 9980 9979 10325
10367 679 10001 10000 10348
10368 679 10001 10000 10349
10369 679 10418 10417 10703
10370 679 10418 10417 10704
10371 679 10439 10438 10728
10372 679 10439 10438 10729
10373 679 10461 10460 10755
10374 679 10461 10460 10756
10375 679 10512 10511 10826
10376 679 10512 10511 10827
10377 679 10534 10533 10851
10378 679 10534 10533 10852
10379 679 10556 10555 10875
10380 679 10556 10555 10876
10381 679 10607 10606 10946
10382 679 10607 10606 10947
10383 679 10630 10629 10974
10384 679 10630 10629 10975
10385 679 10651 10650 10998
10386 679 10651 10650 10999
10387 679 11068 11067 11353
10388 679 11068 11067 11354
10389 679 11089 11088 11378
10390 679 11089 11088 11379
10391 679 11111 11110 11405
10392 679 11111 11110 11406
10393 679 11162 11161 11476
10394 679 11162 11161 11477
10395 679 11184 11183 11501
10396 679 11184 11183 11502
10397 679 11206 11205 11525
10398 679 11206 11205 11526
10399 679 11257 11256 11596
10400 679 11257 11256 11597
10401 679 11280 11279 11624
10402 679 11280 11279 11625
10403 679 11301 11300 11648
10404 679 11301 11300 11649
10405 679 11718 11717 12003
10406 679 11718 11717 12004
10407 679 11739 11738 12028
10408 679 11739 11738 12029
10409 679 11761 11760 12055
10410 679 11761 11760 12056
10411 679 11812 11811 12126
10412 679 11812 11811 12127
10413 679 11834 11833 12151
10414 679 11834 11833 12152
10415 679 11856 11855 12175
10416 679 11856 11855 12176
10417 679 11907 11906 12246
10418 679 11907 11906 12247
10419 679 11930 11929 12274
10420 679 11930 11929 12275
10421 679 11951 11950 12298
10422 679 11951 11950 12299
10423 679 12368 12367 12653
10424 679 12368 12367 12654
10425 679 12389 12388 12678
10426 679 12389 12388 12679
10427 679 12411 12410 12705
10428 679 12411 12410 12706
10429 679 12462 12461 12776
10430 679 12462 12461 12777
10431 679 12484 12483 12801
10432 679 12484 12483 12802
10433 679 12506 12505 12825
10434 679 12506 12505 12826
10435 679 12557 12556 12896
10436 679 12557 12556 12897
10437 679 12580 12579 12924
10438 679 12580 12579 12925
10439 679 12601 12600 12948
10440 679 12601 12600 12949
10441 679 18 19 306
10442 679 18 19 307
10443 679 18 19 308
10444 679 39 40 331
10445 679 39 40 332
10446 679 39 40 333
10447 679 61 62 358
10448 679 61 62 359
10449 679 61 62 360
10450 679 112 113 429
10451 679 112 113 430
10452 679 112 113 431
10453 679 134 135 454
10454 679 134 135 455
10455 679 134 135 456
10456 679 156 157 478
10457 679 156 157 479
10458 679 156 157 480
10459 679 207 208 549
10460 679 207 208 550
10461 679 207 208 551
10462 679 230 231 577
10463 679 230 231 578
10464 679 230 231 579
10465 679 251 252 601
10466 679 251 252 602
10467 679 251 252 603
10468 679 668 669 956
10469 679 668 669 957
10470 679 668 669 958
10471 679 689 690 981
10472 679 689 690 982
10473 679 689 690 983
10474 679 711 712 1008
10475 679 711 712 1009
10476 679 711 712 1010
10477 679 762 763 1079
10478 679 762 763 1080
10479 679 762 763 1081
10480 679 784 785 1104
10481 679 784 785 1105
10482 679 784 785 1106
10483 679 806 807 1128
10484 679 806 807 1129
10485 679 806 807 1130
10486 679 857 858 1199
10487 679 857 858 1200
10488 679 857 858 1201
10489 679 880 881 1227
10490 679 880 881 1228
10491 679 880 881 1229
10492 679 901 902 1251
10493 679 901 902 1252
10494 679 901 902 1253
10495 679 1318 1319 1606
10496 679 1318 1319 1607
10497 679 1318 1319 1608
10498 679 1339 1340 1631
10499 679 1339 1340 1632
10500 679 1339 1340 1633
10501 679 1361 1362 1658
10502 679 1361 1362 1659
10503 679 1361 1362 1660
10504 679 1412 1413 1729
10505 679 1412 1413 1730
10506 679 1412 1413 1731
10507 679 1434 1435 1754
10508 679 1434 1435 1755
10509 679 1434 1435 1756
10510 679 1456 1457 1778
10511 679 1456 1457 1779
10512 679 1456 1457 1780
10513 679 1507 1508 1849
10514 679 1507 1508 1850
10515 679 1507 1508 1851
10516 679 1530 1531 1877
10517 679 1530 1531 1878
10518 679 1530 1531 1879
10519 679 1551 1552 1901
10520 679 1551 1552 1902
10521 679 1551 1552 1903
10522 679 1968 1969 2256
10523 679 1968 1969 2257
10524 679 1968 1969 2258
10525 679 1989 1990 2281
10526 679 1989 1990 2282
10527 679 1989 1990 2283
10528 679 2011 2012 2308
10529 679 2011 2012 2309
10530 679 2011 2012 2310
10531 679 2062 2063 2379
10532 679 2062 2063 2380
10533 679 2062 2063 2381
10534 679 2084 2085 2404
10535 679 2084 2085 2405
10536 679 2084 2085 2406
10537 679 2106 2107 2428
10538 679 2106 2107 2429
10539 679 2106 2107 2430
10540 679 2157 2158 2499
10541 679 2157 2158 2500
10542 679 2157 2158 2501
10543 679 2180 2181 2527
10544 679 2180 2181 2528
10545 679 2180 2181 2529
10546 679 2201 2202 2551
10547 679 2201 2202 2552
10548 679 2201 2202 2553
10549 679 2618 2619 2906
10550 679 2618 2619 2907
10551 679 2618 2619 2908
10552 679 2639 2640 2931
10553 679 2639 2640 2932
10554 679 2639 2640 2933
10555 679 2661 2662 2958
10556 679 2661 2662 2959
10557 679 2661 2662 2960
10558 679 2712 2713 3029
10559 679 2712 2713 3030
10560 679 2712 2713 3031
10561 679 2734 2735 3054
10562 679 2734 2735 3055
10563 679 2734 2735 3056
10564 679 2756 2757 3078
10565 679 2756 2757 3079
10566 679 2756 2757 3080
10567 679 2807 2808 3149
10568 679 2807 2808 3150
10569 679 2807 2808 3151
10570 679 2830 2831 3177
10571 679 2830 2831 3178
10572 679 2830 2831 3179
10573 679 2851 2852 3201
10574 679 2851 2852 3202
10575 679 2851 2852 3203
10576 679 3268 3269 3556
10577 679 3268 3269 3557
10578 679 3268 3269 3558
10579 679 3289 3290 3581
10580 679 3289 3290 3582
10581 679 3289 3290 3583
10582 679 3311 3312 3608
10583 679 3311 3312 3609
10584 679 3311 3312 3610
10585 679 3362 3363 3679
10586 679 3362 3363 3680
10587 679 3362 3363 3681
10588 679 3384 3385 3704
10589 679 3384 3385 3705
10590 679 3384 3385 3706
10591 679 3406 3407 3728
10592 679 3406 3407 3729
10593 679 3406 3407 3730
10594 679 3457 3458 3799
10595 679 3457 3458 3800
10596 679 3457 3458 3801
10597 679 3480 3481 3827
10598 679 3480 3481 3828
10599 679 3480 3481 3829
10600 679 3501 3502 3851
10601 679 3501 3502 3852
10602 679 3501 3502 3853
10603 679 3918 3919 4206
10604 679 3918 3919 4207
10605 679 3918 3919 4208
10606 679 3939 3940 4231
10607 679 3939 3940 4232
10608 679 3939 3940 4233
10609 679 3961 3962 4258
10610 679 3961 3962 4259
10611 679 3961 3962 4260
10612 679 4012 4013 4329
10613 679 4012 4013 4330
10614 679 4012 4013 4331
10615 679 4034 4035 4354
10616 679 4034 4035 4355
10617 679 4034 4035 4356
10618 679 4056 4057 4378
10619 679 4056 4057 4379
10620 679 4056 4057 4380
10621 679 4107 4108 4449
10622 679 4107 4108 4450
10623 679 4107 4108 4451
10624 679 4130 4131 4477
10625 679 4130 4131 4478
10626 679 4130 4131 4479
10627 679 4151 4152 4501
10628 679 4151 4152 4502
10629 679 4151 4152 4503
10630 679 4568 4569 4856
10631 679 4568 4569 4857
10632 679 4568 4569 4858
10633 679 4589 4590 4881
10634 679 4589 4590 4882
10635 679 4589 4590 4883
10636 679 4611 4612 4908
10637 679 4611 4612 4909
10638 679 4611 4612 4910
10639 679 4662 4663 4979
10640 679 4662 4663 4980
10641 679 4662 4663 4981
10642 679 4684 4685 5004
10643 679 4684 4685 5005
10644 679 4684 4685 5006
10645 679 4706 4707 5028
10646 679 4706 4707 5029
10647 679 4706 4707 5030
10648 679 4757 4758 5099
10649 679 4757 4758 5100
10650 679 4757 4758 5101
10651 679 4780 4781 5127
10652 679 4780 4781 5128
10653 679 4780 4781 5129
10654 679 4801 4802 5151
10655 679 4801 4802 5152
10656 679 4801 4802 5153
10657 679 5218 5219 5506
10658 679 5218 5219 5507
10659 679 5218 5219 5508
10660 679 5239 5240 5531
10661 679 5239 5240 5532
10662 679 5239 5240 5533
10663 679 5261 5262 5558
10664 679 5261 5262 5559
10665 679 5261 5262 5560
10666 679 5312 5313 5629
10667 679 5312 5313 5630
10668 679 5312 5313 5631
10669 679 5334 5335 5654
10670 679 5334 5335 5655
10671 679 5334 5335 5656
10672 679 5356 5357 5678
10673 679 5356 5357 5679
10674 679 5356 5357 5680
10675 679 5407 5408 5749
10676 679 5407 5408 5750
10677 679 5407 5408 5751
10678 679 5430 5431 5777
10679 679 5430 5431 5778
10680 679 5430 5431 5779
10681 679 5451 5452 5801
10682 679 5451 5452 5802
10683 679 5451 5452 5803
10684 679 5868 5869 6156
10685 679 5868 5869 6157
10686 679 5868 5869 6158
10687 679 5889 5890 6181
10688 679 5889 5890 6182
10689 679 5889 5890 6183
10690 679 5911 5912 6208
10691 679 5911 5912 6209
10692 679 5911 5912 6210
10693 679 5962 5963 6279
10694 679 5962 5963 6280
10695 679 5962 5963 6281
10696 679 5984 5985 6304
10697 679 5984 5985 6305
10698 679 5984 5985 6306
10699 679 6006 6007 6328
10700 679 6006 6007 6329
10701 679 6006 6007 6330
10702 679 6057 6058 6399
10703 679 6057 6058 6400
10704 679 6057 6058 6401
10705 679 6080 6081 6427
10706 679 6080 6081 6428
10707 679 6080 6081 6429
10708 679 6101 6102 6451
10709 679 6101 6102 6452
10710 679 6101 6102 6453
10711 679 6518 6519 6806
10712 679 6518 6519 6807
10713 679 6518 6519 6808
10714 679 6539 6540 6831
10715 679 6539 6540 6832
10716 679 6539 6540 6833
10717 679 6561 6562 6858
10718 679 6561 6562 6859
10719 679 6561 6562 6860
10720 679 6612 6613 6929
10721 679 6612 6613 6930
10722 679 6612 6613 6931
10723 679 6634 6635 6954
10724 679 6634 6635 6955
10725 679 6634 6635 6956
10726 679 6656 6657 6978
10727 679 6656 6657 6979
10728 679 6656 6657 6980
10729 679 6707 6708 7049
10730 679 6707 6708 7050
10731 679 6707 6708 7051
10732 679 6730 6731 7077
10733 679 6730 6731 7078
10734 679 6730 6731 7079
10735 679 6751 6752 7101
10736 679 6751 6752 7102
10737 679 6751 6752 7103
10738 679 7168 7169 7456
10739 679 7168 7169 7457
10740 679 7168 7169 7458
10741 679 7189 7190 7481
10742 679 7189 7190 7482
10743 679 7189 7190 7483
10744 679 7211 7212 7508
10745 679 7211 7212 7509
10746 679 7211 7212 7510
10747 679 7262 7263 7579
10748 679 7262 7263 7580
10749 679 7262 7263 7581
10750 679 7284 7285 7604
10751 679 7284 7285 7605
10752 679 7284 7285 7606
10753 679 7306 7307 7628
10754 679 7306 7307 7629
10755 679 7306 7307 7630
10756 679 7357 7358 7699
10757 679 7357 7358 7700
10758 679 7357 7358 7701
10759 679 7380 7381 7727
10760 679 7380 7381 7728
10761 679 7380 7381 7729
10762 679 7401 7402 7751
10763 679 7401 7402 7752
10764 679 7401 7402 7753
10765 679 7818 7819 8106
10766 679 7818 7819 8107
10767 679 7818 7819 8108
10768 679 7839 7840 8131
10769 679 7839 7840 8132
10770 679 7839 7840 8133
10771 679 7861 7862 8158
10772 679 7861 7862 8159
10773 679 7861 7862 8160
10774 679 7912 7913 8229
10775 679 7912 7913 8230
10776 679 7912 7913 8231
10777 679 7934 7935 8254
10778 679 7934 7935 8255
10779 679 7934 7935 8256
10780 679 7956 7957 8278
10781 679 7956 7957 8279
10782 679 7956 7957 8280
10783 679 8007 8008 8349
10784 679 8007 8008 8350
10785 679 8007 8008 8351
10786 679 8030 8031 8377
10787 679 8030 8031 8378
10788 679 8030 8031 8379
10789 679 8051 8052 8401
10790 679 8051 8052 8402
10791 679 8051 8052 8403
10792 679 8468 8469 8756
10793 679 8468 8469 8757
10794 679 8468 8469 8758
10795 679 8489 8490 8781
10796 679 8489 8490 8782
10797 679 8489 8490 8783
10798 679 8511 8512 8808
10799 679 8511 8512 8809
10800 679 8511 8512 8810
10801 679 8562 8563 8879
10802 679 8562 8563 8880
10803 679 8562 8563 8881
10804 679 8584 8585 8904
10805 679 8584 8585 8905
10806 679 8584 8585 8906
10807 679 8606 8607 8928
10808 679 8606 8607 8929
10809 679 8606 8607 8930
10810 679 8657 8658 8999
10811 679 8657 8658 9000
10812 679 8657 8658 9001
10813 679 8680 8681 9027
10814 679 8680 8681 9028
10815 679 8680 8681 9029
10816 679 8701 8702 9051
10817 679 8701 8702 9052
10818 679 8701 8702 9053
10819 679 9118 9119 9406
10820 679 9118 9119 9407
10821 679 9118 9119 9408
10822 679 9139 9140 9431
10823 679 9139 9140 9432
10824 679 9139 9140 9433
10825 679 9161 9162 9458
10826 679 9161 9162 9459
10827 679 9161 9162 9460
10828 679 9212 9213 9529
10829 679 9212 9213 9530
10830 679 9212 9213 9531
10831 679 9234 9235 9554
10832 679 9234 9235 9555
10833 679 9234 9235 9556
10834 679 9256 9257 9578
10835 679 9256 9257 9579
10836 679 9256 9257 9580
10837 679 9307 9308 9649
10838 679 9307 9308 9650
10839 679 9307 9308 9651
10840 679 9330 9331 9677
10841 679 9330 9331 9678
10842 679 9330 9331 9679
10843 679 9351 9352 9701
10844 679 9351 9352 9702
10845 679 9351 9352 9703
10846 679 9768 9769 10056
10847 679 9768 9769 10057
10848 679 9768 9769 10058
10849 679 9789 9790 10081
10850 679 9789 9790 10082
10851 679 9789 9790 10083
10852 679 9811 9812 10108
10853 679 9811 9812 10109
10854 679 9811 9812 10110
10855 679 9862 9863 10179
10856 679 9862 9863 10180
10857 679 9862 9863 10181
10858 679 9884 9885 10204
10859 679 9884 9885 10205
10860 679 9884 9885 10206
10861 679 9906 9907 10228
10862 679 9906 9907 10229
10863 679 9906 9907 10230
10864 679 9957 9958 10299
10865 679 9957 9958 10300
10866 679 9957 9958 10301
10867 679 9980 9981 10327
10868 679 9980 9981 10328
10869 679 9980 9981 10329
10870 679 10001 10002 10351
10871 679 10001 10002 10352
10872 679 10001 10002 10353
10873 679 10418 10419 10706
10874 679 10418 10419 10707
10875 679 10418 10419 10708
10876 679 10439 10440 10731
10877 679 10439 10440 10732
10878 679 10439 10440 10733
10879 679 10461 10462 10758
10880 679 10461 10462 10759
10881 679 10461 10462 10760
10882 679 10512 10513 10829
10883 679 10512 10513 10830
10884 679 10512 10513 10831
10885 679 10534 10535 10854
10886 679 10534 10535 10855
10887 679 10534 10535 10856
10888 679 10556 10557 10878
10889 679 10556 10557 10879
10890 679 10556 10557 10880
10891 679 10607 10608 10949
10892 679 10607 10608 10950
10893 679 10607 10608 10951
10894 679 10630 10631 10977
10895 679 10630 10631 10978
10896 679 10630 10631 10979
10897 679 10651 10652 11001
10898 679 10651 10652 11002
10899 679 10651 10652 11003
10900 679 11068 11069 11356
10901 679 11068 11069 11357
10902 679 11068 11069 11358
10903 679 11089 11090 11381
10904 679 11089 11090 11382
10905 679 11089 11090 11383
10906 679 11111 11112 11408
10907 679 11111 11112 11409
10908 679 11111 11112 11410
10909 679 11162 11163 11479
10910 679 11162 11163 11480
10911 679 11162 11163 11481
10912 679 11184 11185 11504
10913 679 11184 11185 11505
10914 679 11184 11185 11506
10915 679 11206 11207 11528
10916 679 11206 11207 11529
10917 679 11206 11207 11530
10918 679 11257 11258 11599
10919 679 11257 11258 11600
10920 679 11257 11258 11601
10921 679 11280 11281 11627
10922 679 11280 11281 11628
10923 679 11280 11281 11629
10924 679 11301 11302 11651
10925 679 11301 11302 11652
10926 679 11301 11302 11653
10927 679 11718 11719 12006
10928 679 11718 11719 12007
10929 679 11718 11719 12008
10930 679 11739 11740 12031
10931 679 11739 11740 12032
10932 679 11739 11740 12033
10933 679 11761 11762 12058
10934 679 11761 11762 12059
10935 679 11761 11762 12060
10936 679 11812 11813 12129
10937 679 11812 11813 12130
10938 679 11812 11813 12131
10939 679 11834 11835 12154
10940 679 11834 11835 12155
10941 679 11834 11835 12156
10942 679 11856 11857 12178
10943 679 11856 11857 12179
10944 679 11856 11857 12180
10945 679 11907 11908 12249
10946 679 11907 11908 12250
10947 679 11907 11908 12251
10948 679 11930 11931 12277
10949 679 11930 11931 12278
10950 679 11930 11931 12279
10951 679 11951 11952 12301
10952 679 11951 11952 12302
10953 679 11951 11952 12303
10954 679 12368 12369 12656
10955 679 12368 12369 12657
10956 679 12368 12369 12658
10957 679 12389 12390 12681
10958 679 12389 12390 12682
10959 679 12389 12390 12683
10960 679 12411 12412 12708
10961 679 12411 12412 12709
10962 679 12411 12412 12710
10963 679 12462 12463 12779
10964 679 12462 12463 12780
10965 679 12462 12463 12781
10966 679 12484 12485 12804
10967 679 12484 12485 12805
10968 679 12484 12485 12806
10969 679 12506 12507 12828
10970 679 12506 12507 12829
10971 679 12506 12507 12830
10972 679 12557 12558 12899
10973 679 12557 12558 12900
10974 679 12557 12558 12901
10975 679 12580 12581 12927
10976 679 12580 12581 12928
10977 679 12580 12581 12929
10978 679 12601 12602 12951
10979 679 12601 12602 12952
10980 679 12601 12602 12953
10981 679 19 18 305
10982 679 40 39 330
10983 679 62 61 357
10984 679 113 112 428
10985 679 135 134 453
10986 679 157 156 477
10987 679 208 207 548
10988 679 231 230 576
10989 679 252 251 600
10990 679 669 668 955
10991 679 690 689 980
10992 679 712 711 1007
10993 679 763 762 1078
10994 679 785 784 1103
10995 679 807 806 1127
10996 679 858 857 1198
10997 679 881 880 1226
10998 679 902 901 1250
10999 679 1319 1318 1605
11000 679 1340 1339 1630
11001 679 1362 1361 1657
11002 679 1413 1412 1728
11003 679 1435 1434 1753
11004 679 1457 1456 1777
11005 679 1508 1507 1848
11006 679 1531 1530 1876
11007 679 1552 1551 1900
11008 679 1969 1968 2255
11009 679 1990 1989 2280
11010 679 2012 2011 2307
11011 679 2063 2062 2378
11012 679 2085 2084 2403
11013 679 2107 2106 2427
11014 679 2158 2157 2498
11015 679 2181 2180 2526
11016 679 2202 2201 2550
11017 679 2619 2618 2905
11018 679 2640 2639 2930
11019 679 2662 2661 2957
11020 679 2713 2712 3028
11021 679 2735 2734 3053
11022 679 2757 2756 3077
11023 679 2808 2807 3148
11024 679 2831 2830 3176
11025 679 2852 2851 3200
11026 679 3269 3268 3555
11027 679 3290 3289 3580
11028 679 3312 3311 3607
11029 679 3363 3362 3678
11030 679 3385 3384 3703
11031 679 3407 3406 3727
11032 679 3458 3457 3798
11033 679 3481 3480 3826
11034 679 3502 3501 3850
11035 679 3919 3918 4205
11036 679 3940 3939 4230
11037 679 3962 3961 4257
11038 679 4013 4012 4328
11039 679 4035 4034 4353
11040 679 4057 4056 4377
11041 679 4108 4107 4448
11042 679 4131 4130 4476
11043 679 4152 4151 4500
11044 679 4569 4568 4855
11045 679 4590 4589 4880
11046 679 4612 4611 4907
11047 679 4663 4662 4978
11048 679 4685 4684 5003
11049 679 4707 4706 5027
11050 679 4758 4757 5098
11051 679 4781 4780 5126
11052 679 4802 4801 5150
11053 679 5219 5218 5505
11054 679 5240 5239 5530
11055 679 5262 5261 5557
11056 679 5313 5312 5628
11057 679 5335 5334 5653
11058 679 5357 5356 5677
11059 679 5408 5407 5748
11060 679 5431 5430 5776
11061 679 5452 5451 5800
11062 679 5869 5868 6155
11063 679 5890 5889 6180
11064 679 5912 5911 6207
11065 679 5963 5962 6278
11066 679 5985 5984 6303
11067 679 6007 6006 6327
11068 679 6058 6057 6398
11069 679 6081 6080 6426
11070 679 6102 6101 6450
11071 679 6519 6518 6805
11072 679 6540 6539 6830
11073 679 6562 6561 6857
11074 679 6613 6612 6928
11075 679 6635 6634 6953
11076 679 6657 6656 6977
11077 679 6708 6707 7048
11078 679 6731 6730 7076
11079 679 6752 6751 7100
11080 679 7169 7168 7455
11081 679 7190 7189 7480
11082 679 7212 7211 7507
11083 679 7263 7262 7578
11084 679 7285 7284 7603
11085 679 7307 7306 7627
11086 679 7358 7357 7698
11087 679 7381 7380 7726
11088 679 7402 7401 7750
11089 679 7819 7818 8105
11090 679 7840 7839 8130
11091 679 7862 7861 8157
11092 679 7913 7912 8228
11093 679 7935 7934 8253
11094 679 7957 7956 8277
11095 679 8008 8007 8348
11096 679 8031 8030 8376
11097 679 8052 8051 8400
11098 679 8469 8468 8755
11099 679 8490 8489 8780
11100 679 8512 8511 8807
11101 679 8563 8562 8878
11102 679 8585 8584 8903
11103 679 8607 8606 8927
11104 679 8658 8657 8998
11105 679 8681 8680 9026
11106 679 8702 8701 9050
11107 679 9119 9118 9405
11108 679 9140 9139 9430
11109 679 9162 9161 9457
11110 679 9213 9212 9528
11111 679 9235 9234 9553
11112 679 9257 9256 9577
11113 679 9308 9307 9648
11114 679 9331 9330 9676
11115 679 9352 9351 9700
11116 679 9769 9768 10055
11117 679 9790 9789 10080
11118 679 9812 9811 10107
11119 679 9863 9862 10178
11120 679 9885 9884 10203
11121 679 9907 9906 10227
11122 679 9958 9957 10298
11123 679 9981 9980 10326
11124 679 10002 10001 10350
11125 679 10419 10418 10705
11126 679 10440 10439 10730
11127 679 10462 10461 10757
11128 679 10513 10512 10828
11129 679 10535 10534 10853
11130 679 10557 10556 10877
11131 679 10608 10607 10948
11132 679 10631 10630 10976
11133 679 10652 10651 11000
11134 679 11069 11068 11355
11135 679 11090 11089 11380
11136 679 11112 11111 11407
11137 679 11163 11162 11478
11138 679 11185 11184 11503
11139 679 11207 11206 11527
11140 679 11258 11257 11598
11141 679 11281 11280 11626
11142 679 11302 11301 11650
11143 679 11719 11718 12005
11144 679 11740 11739 12030
11145 679 11762 11761 12057
11146 679 11813 11812 12128
11147 679 11835 11834 12153
11148 679 11857 11856 12177
11149 679 11908 11907 12248
11150 679 11931 11930 12276
11151 679 11952 11951 12300
11152 679 12369 12368 12655
11153 679 12390 12389 12680
11154 679 12412 12411 12707
11155 679 12463 12462 12778
11156 679 12485 12484 12803
11157 679 12507 12506 12827
11158 679 12558 12557 12898
11159 679 12581 12580 12926
11160 679 12602 12601 12950
11161 679 20 21 310
11162 679 20 21 311
11163 679 20 24 314
11164 679 20 24 315
11165 679 31 7 292
11166 679 31 7 293
11167 679 31 10 296
11168 679 31 10 297
11169 679 41 42 335
11170 679 41 42 336
11171 679 41 45 339
11172 679 41 45 340
11173 679 64 65 362
11174 679 64 65 363
11175 679 64 68 366
11176 679 64 68 367
11177 679 114 115 433
11178 679 114 115 434
11179 679 114 118 437
11180 679 114 118 438
11181 679 126 101 415
11182 679 126 101 416
11183 679 126 104 419
11184 679 126 104 420
11185 679 136 137 458
11186 679 136 137 459
11187 679 136 140 462
11188 679 136 140 463
11189 679 159 160 482
11190 679 159 160 483
11191 679 159 163 486
11192 679 159 163 487
11193 679 209 210 553
11194 679 209 210 554
11195 679 209 213 557
11196 679 209 213 558
11197 679 232 233 581
11198 679 232 233 582
11199 679 232 236 585
11200 679 232 236 586
11201 679 254 255 605
11202 679 254 255 606
11203 679 254 258 609
11204 679 254 258 610
11205 679 670 671 960
11206 679 670 671 961
11207 679 670 674 964
11208 679 670 674 965
11209 679 681 657 942
11210 679 681 657 943
11211 679 681 660 946
11212 679 681 660 947
11213 679 691 692 985
11214 679 691 692 986
11215 679 691 695 989
11216 679 691 695 990
11217 679 714 715 1012
11218 679 714 715 1013
11219 679 714 718 1016
11220 679 714 718 1017
11221 679 764 765 1083
11222 679 764 765 1084
11223 679 764 768 1087
11224 679 764 768 1088
11225 679 776 751 1065
11226 679 776 751 1066
11227 679 776 754 1069
11228 679 776 754 1070
11229 679 786 787 1108
11230 679 786 787 1109
11231 679 786 790 1112
11232 679 786 790 1113
11233 679 809 810 1132
11234 679 809 810 1133
11235 679 809 813 1136
11236 679 809 813 1137
11237 679 859 860 1203
11238 679 859 860 1204
11239 679 859 863 1207
11240 679 859 863 1208
11241 679 882 883 1231
11242 679 882 883 1232
11243 679 882 886 1235
11244 679 882 886 1236
11245 679 904 905 1255
11246 679 904 905 1256
11247 679 904 908 1259
11248 679 904 908 1260
11249 679 1320 1321 1610
11250 679 1320 1321 1611
11251 679 1320 1324 1614
11252 679 1320 1324 1615
11253 679 1331 1307 1592
11254 679 1331 1307 1593
11255 679 1331 1310 1596
11256 679 1331 1310 1597
11257 679 1341 1342 1635
11258 679 1341 1342 1636
11259 679 1341 1345 1639
11260 679 1341 1345 1640
11261 679 1364 1365 1662
11262 679 1364 1365 1663
11263 679 1364 1368 1666
11264 679 1364 1368 1667
11265 679 1414 1415 1733
11266 679 1414 1415 1734
11267 679 1414 1418 1737
11268 679 1414 1418 1738
11269 679 1426 1401 1715
11270 679 1426 1401 1716
11271 679 1426 1404 1719
11272 679 1426 1404 1720
11273 679 1436 1437 1758
11274 679 1436 1437 1759
11275 679 1436 1440 1762
11276 679 1436 1440 1763
11277 679 1459 1460 1782
11278 679 1459 1460 1783
11279 679 1459 1463 1786
11280 679 1459 1463 1787
11281 679 1509 1510 1853
11282 679 1509 1510 1854
11283 679 1509 1513 1857
11284 679 1509 1513 1858
11285 679 1532 1533 1881
11286 679 1532 1533 1882
11287 679 1532 1536 1885
11288 679 1532 1536 1886
11289 679 1554 1555 1905
11290 679 1554 1555 1906
11291 679 1554 1558 1909
11292 679 1554 1558 1910
11293 679 1970 1971 2260
11294 679 1970 1971 2261
11295 679 1970 1974 2264
11296 679 1970 1974 2265
11297 679 1981 1957 2242
11298 679 1981 1957 2243
11299 679 1981 1960 2246
11300 679 1981 1960 2247
11301 679 1991 1992 2285
11302 679 1991 1992 2286
11303 679 1991 1995 2289
11304 679 1991 1995 2290
11305 679 2014 2015 2312
11306 679 2014 2015 2313
11307 679 2014 2018 2316
11308 679 2014 2018 2317
11309 679 2064 2065 2383
11310 679 2064 2065 2384
11311 679 2064 2068 2387
11312 679 2064 2068 2388
11313 679 2076 2051 2365
11314 679 2076 2051 2366
11315 679 2076 2054 2369
11316 679 2076 2054 2370
11317 679 2086 2087 2408
11318 679 2086 2087 2409
11319 679 2086 2090 2412
11320 679 2086 2090 2413
11321 679 2109 2110 2432
11322 679 2109 2110 2433
11323 679 2109 2113 2436
11324 679 2109 2113 2437
11325 679 2159 2160 2503
11326 679 2159 2160 2504
11327 679 2159 2163 2507
11328 679 2159 2163 2508
11329 679 2182 2183 2531
11330 679 2182 2183 2532
11331 679 2182 2186 2535
11332 679 2182 2186 2536
11333 679 2204 2205 2555
11334 679 2204 2205 2556
11335 679 2204 2208 2559
11336 679 2204 2208 2560
11337 679 2620 2621 2910
11338 679 2620 2621 2911
11339 679 2620 2624 2914
11340 679 2620 2624 2915
11341 679 2631 2607 2892
11342 679 2631 2607 2893
11343 679 2631 2610 2896
11344 679 2631 2610 2897
11345 679 2641 2642 2935
11346 679 2641 2642 2936
11347 679 2641 2645 2939
11348 679 2641 2645 2940
11349 679 2664 2665 2962
11350 679 2664 2665 2963
11351 679 2664 2668 2966
11352 679 2664 2668 2967
11353 679 2714 2715 3033
11354 679 2714 2715 3034
11355 679 2714 2718 3037
11356 679 2714 2718 3038
11357 679 2726 2701 3015
11358 679 2726 2701 3016
11359 679 2726 2704 3019
11360 679 2726 2704 3020
11361 679 2736 2737 3058
11362 679 2736 2737 3059
11363 679 2736 2740 3062
11364 679 2736 2740 3063
11365 679 2759 2760 3082
11366 679 2759 2760 3083
11367 679 2759 2763 3086
11368 679 2759 2763 3087
11369 679 2809 2810 3153
11370 679 2809 2810 3154
11371 679 2809 2813 3157
11372 679 2809 2813 3158
11373 679 2832 2833 3181
11374 679 2832 2833 3182
11375 679 2832 2836 3185
11376 679 2832 2836 3186
11377 679 2854 2855 3205
11378 679 2854 2855 3206
11379 679 2854 2858 3209
11380 679 2854 2858 3210
11381 679 3270 3271 3560
11382 679 3270 3271 3561
11383 679 3270 3274 3564
11384 679 3270 3274 3565
11385 679 3281 3257 3542
11386 679 3281 3257 3543
11387 679 3281 3260 3546
11388 679 3281 3260 3547
11389 679 3291 3292 3585
11390 679 3291 3292 3586
11391 679 3291 3295 3589
11392 679 3291 3295 3590
11393 679 3314 3315 3612
11394 679 3314 3315 3613
11395 679 3314 3318 3616
11396 679 3314 3318 3617
11397 679 3364 3365 3683
11398 679 3364 3365 3684
11399 679 3364 3368 3687
11400 679 3364 3368 3688
11401 679 3376 3351 3665
11402 679 3376 3351 3666
11403 679 3376 3354 3669
11404 679 3376 3354 3670
11405 679 3386 3387 3708
11406 679 3386 3387 3709
11407 679 3386 3390 3712
11408 679 3386 3390 3713
11409 679 3409 3410 3732
11410 679 3409 3410 3733
11411 679 3409 3413 3736
11412 679 3409 3413 3737
11413 679 3459 3460 3803
11414 679 3459 3460 3804
11415 679 3459 3463 3807
11416 679 3459 3463 3808
11417 679 3482 3483 3831
11418 679 3482 3483 3832
11419 679 3482 3486 3835
11420 679 3482 3486 3836
11421 679 3504 3505 3855
11422 679 3504 3505 3856
11423 679 3504 3508 3859
11424 679 3504 3508 3860
11425 679 3920 3921 4210
11426 679 3920 3921 4211
11427 679 3920 3924 4214
11428 679 3920 3924 4215
11429 679 3931 3907 4192
11430 679 3931 3907 4193
11431 679 3931 3910 4196
11432 679 3931 3910 4197
11433 679 3941 3942 4235
11434 679 3941 3942 4236
11435 679 3941 3945 4239
11436 679 3941 3945 4240
11437 679 3964 3965 4262
11438 679 3964 3965 4263
11439 679 3964 3968 4266
11440 679 3964 3968 4267
11441 679 4014 4015 4333
11442 679 4014 4015 4334
11443 679 4014 4018 4337
11444 679 4014 4018 4338
11445 679 4026 4001 4315
11446 679 4026 4001 4316
11447 679 4026 4004 4319
11448 679 4026 4004 4320
11449 679 4036 4037 4358
11450 679 4036 4037 4359
11451 679 4036 4040 4362
11452 679 4036 4040 4363
11453 679 4059 4060 4382
11454 679 4059 4060 4383
11455 679 4059 4063 4386
11456 679 4059 4063 4387
11457 679 4109 4110 4453
11458 679 4109 4110 4454
11459 679 4109 4113 4457
11460 679 4109 4113 4458
11461 679 4132 4133 4481
11462 679 4132 4133 4482
11463 679 4132 4136 4485
11464 679 4132 4136 4486
11465 679 4154 4155 4505
11466 679 4154 4155 4506
11467 679 4154 4158 4509
11468 679 4154 4158 4510
11469 679 4570 4571 4860
11470 679 4570 4571 4861
11471 679 4570 4574 4864
11472 679 4570 4574 4865
11473 679 4581 4557 4842
11474 679 4581 4557 4843
11475 679 4581 4560 4846
11476 679 4581 4560 4847
11477 679 4591 4592 4885
11478 679 4591 4592 4886
11479 679 4591 4595 4889
11480 679 4591 4595 4890
11481 679 4614 4615 4912
11482 679 4614 4615 4913
11483 679 4614 4618 4916
11484 679 4614 4618 4917
11485 679 4664 4665 4983
11486 679 4664 4665 4984
11487 679 4664 4668 4987
11488 679 4664 4668 4988
11489 679 4676 4651 4965
11490 679 4676 4651 4966
11491 679 4676 4654 4969
11492 679 4676 4654 4970
11493 679 4686 4687 5008
11494 679 4686 4687 5009
11495 679 4686 4690 5012
11496 679 4686 4690 5013
11497 679 4709 4710 5032
11498 679 4709 4710 5033
11499 679 4709 4713 5036
11500 679 4709 4713 5037
11501 679 4759 4760 5103
11502 679 4759 4760 5104
11503 679 4759 4763 5107
11504 679 4759 4763 5108
11505 679 4782 4783 5131
11506 679 4782 4783 5132
11507 679 4782 4786 5135
11508 679 4782 4786 5136
11509 679 4804 4805 5155
11510 679 4804 4805 5156
11511 679 4804 4808 5159
11512 679 4804 4808 5160
11513 679 5220 5221 5510
11514 679 5220 5221 5511
11515 679 5220 5224 5514
11516 679 5220 5224 5515
11517 679 5231 5207 5492
11518 679 5231 5207 5493
11519 679 5231 5210 5496
11520 679 5231 5210 5497
11521 679 5241 5242 5535
11522 679 5241 5242 5536
11523 679 5241 5245 5539
11524 679 5241 5245 5540
11525 679 5264 5265 5562
11526 679 5264 5265 5563
11527 679 5264 5268 5566
11528 679 5264 5268 5567
11529 679 5314 5315 5633
11530 679 5314 5315 5634
11531 679 5314 5318 5637
11532 679 5314 5318 5638
11533 679 5326 5301 5615
11534 679 5326 5301 5616
11535 679 5326 5304 5619
11536 679 5326 5304 5620
11537 679 5336 5337 5658
11538 679 5336 5337 5659
11539 679 5336 5340 5662
11540 679 5336 5340 5663
11541 679 5359 5360 5682
11542 679 5359 5360 5683
11543 679 5359 5363 5686
11544 679 5359 5363 5687
11545 679 5409 5410 5753
11546 679 5409 5410 5754
11547 679 5409 5413 5757
11548 679 5409 5413 5758
11549 679 5432 5433 5781
11550 679 5432 5433 5782
11551 679 5432 5436 5785
11552 679 5432 5436 5786
11553 679 5454 5455 5805
11554 679 5454 5455 5806
11555 679 5454 5458 5809
11556 679 5454 5458 5810
11557 679 5870 5871 6160
11558 679 5870 5871 6161
11559 679 5870 5874 6164
11560 679 5870 5874 6165
11561 679 5881 5857 6142
11562 679 5881 5857 6143
11563 679 5881 5860 6146
11564 679 5881 5860 6147
11565 679 5891 5892 6185
11566 679 5891 5892 6186
11567 679 5891 5895 6189
11568 679 5891 5895 6190
11569 679 5914 5915 6212
11570 679 5914 5915 6213
11571 679 5914 5918 6216
11572 679 5914 5918 6217
11573 679 5964 5965 6283
11574 679 5964 5965 6284
11575 679 5964 5968 6287
11576 679 5964 5968 6288
11577 679 5976 5951 6265
11578 679 5976 5951 6266
11579 679 5976 5954 6269
11580 679 5976 5954 6270
11581 679 5986 5987 6308
11582 679 5986 5987 6309
11583 679 5986 5990 6312
11584 679 5986 5990 6313
11585 679 6009 6010 6332
11586 679 6009 6010 6333
11587 679 6009 6013 6336
11588 679 6009 6013 6337
11589 679 6059 6060 6403
11590 679 6059 6060 6404
11591 679 6059 6063 6407
11592 679 6059 6063 6408
11593 679 6082 6083 6431
11594 679 6082 6083 6432
11595 679 6082 6086 6435
11596 679 6082 6086 6436
11597 679 6104 6105 6455
11598 679 6104 6105 6456
11599 679 6104 6108 6459
11600 679 6104 6108 6460
11601 679 6520 6521 6810
11602 679 6520 6521 6811
11603 679 6520 6524 6814
11604 679 6520 6524 6815
11605 679 6531 6507 6792
11606 679 6531 6507 6793
11607 679 6531 6510 6796
11608 679 6531 6510 6797
11609 679 6541 6542 6835
11610 679 6541 6542 6836
11611 679 6541 6545 6839
11612 679 6541 6545 6840
11613 679 6564 6565 6862
11614 679 6564 6565 6863
11615 679 6564 6568 6866
11616 679 6564 6568 6867
11617 679 6614 6615 6933
11618 679 6614 6615 6934
11619 679 6614 6618 6937
11620 679 6614 6618 6938
11621 679 6626 6601 6915
11622 679 6626 6601 6916
11623 679 6626 6604 6919
11624 679 6626 6604 6920
11625 679 6636 6637 6958
11626 679 6636 6637 6959
11627 679 6636 6640 6962
11628 679 6636 6640 6963
11629 679 6659 6660 6982
11630 679 6659 6660 6983
11631 679 6659 6663 6986
11632 679 6659 6663 6987
11633 679 6709 6710 7053
11634 679 6709 6710 7054
11635 679 6709 6713 7057
11636 679 6709 6713 7058
11637 679 6732 6733 7081
11638 679 6732 6733 7082
11639 679 6732 6736 7085
11640 679 6732 6736 7086
11641 679 6754 6755 7105
11642 679 6754 6755 7106
11643 679 6754 6758 7109
11644 679 6754 6758 7110
11645 679 7170 7171 7460
11646 679 7170 7171 7461
11647 679 7170 7174 7464
11648 679 7170 7174 7465
11649 679 7181 7157 7442
11650 679 7181 7157 7443
11651 679 7181 7160 7446
11652 679 7181 7160 7447
11653 679 7191 7192 7485
11654 679 7191 7192 7486
11655 679 7191 7195 7489
11656 679 7191 7195 7490
11657 679 7214 7215 7512
11658 679 7214 7215 7513
11659 679 7214 7218 7516
11660 679 7214 7218 7517
11661 679 7264 7265 7583
11662 679 7264 7265 7584
11663 679 7264 7268 7587
11664 679 7264 7268 7588
11665 679 7276 7251 7565
11666 679 7276 7251 7566
11667 679 7276 7254 7569
11668 679 7276 7254 7570
11669 679 7286 7287 7608
11670 679 7286 7287 7609
11671 679 7286 7290 7612
11672 679 7286 7290 7613
11673 679 7309 7310 7632
11674 679 7309 7310 7633
11675 679 7309 7313 7636
11676 679 7309 7313 7637
11677 679 7359 7360 7703
11678 679 7359 7360 7704
11679 679 7359 7363 7707
11680 679 7359 7363 7708
11681 679 7382 7383 7731
11682 679 7382 7383 7732
11683 679 7382 7386 7735
11684 679 7382 7386 7736
11685 679 7404 7405 7755
11686 679 7404 7405 7756
11687 679 7404 7408 7759
11688 679 7404 7408 7760
11689 679 7820 7821 8110
11690 679 7820 7821 8111
11691 679 7820 7824 8114
11692 679 7820 7824 8115
11693 679 7831 7807 8092
11694 679 7831 7807 8093
11695 679 7831 7810 8096
11696 679 7831 7810 8097
11697 679 7841 7842 8135
11698 679 7841 7842 8136
11699 679 7841 7845 8139
11700 679 7841 7845 8140
11701 679 7864 7865 8162
11702 679 7864 7865 8163
11703 679 7864 7868 8166
11704 679 7864 7868 8167
11705 679 7914 7915 8233
11706 679 7914 7915 8234
11707 679 7914 7918 8237
11708 679 7914 7918 8238
11709 679 7926 7901 8215
11710 679 7926 7901 8216
11711 679 7926 7904 8219
11712 679 7926 7904 8220
11713 679 7936 7937 8258
11714 679 7936 7937 8259
11715 679 7936 7940 8262
11716 679 7936 7940 8263
11717 679 7959 7960 8282
11718 679 7959 7960 8283
11719 679 7959 7963 8286
11720 679 7959 7963 8287
11721 679 8009 8010 8353
11722 679 8009 8010 8354
11723 679 8009 8013 8357
11724 679 8009 8013 8358
11725 679 8032 8033 8381
11726 679 8032 8033 8382
11727 679 8032 8036 8385
11728 679 8032 8036 8386
11729 679 8054 8055 8405
11730 679 8054 8055 8406
11731 679 8054 8058 8409
11732 679 8054 8058 8410
11733 679 8470 8471 8760
11734 679 8470 8471 8761
11735 679 8470 8474 8764
11736 679 8470 8474 8765
11737 679 8481 8457 8742
11738 679 8481 8457 8743
11739 679 8481 8460 8746
11740 679 8481 8460 8747
11741 679 8491 8492 8785
11742 679 8491 8492 8786
11743 679 8491 8495 8789
11744 679 8491 8495 8790
11745 679 8514 8515 8812
11746 679 8514 8515 8813
11747 679 8514 8518 8816
11748 679 8514 8518 8817
11749 679 8564 8565 8883
11750 679 8564 8565 8884
11751 679 8564 8568 8887
11752 679 8564 8568 8888
11753 679 8576 8551 8865
11754 679 8576 8551 8866
11755 679 8576 8554 8869
11756 679 8576 8554 8870
11757 679 8586 8587 8908
11758 679 8586 8587 8909
11759 679 8586 8590 8912
11760 679 8586 8590 8913
11761 679 8609 8610 8932
11762 679 8609 8610 8933
11763 679 8609 8613 8936
11764 679 8609 8613 8937
11765 679 8659 8660 9003
11766 679 8659 8660 9004
11767 679 8659 8663 9007
11768 679 8659 8663 9008
11769 679 8682 8683 9031
11770 679 8682 8683 9032
11771 679 8682 8686 9035
11772 679 8682 8686 9036
11773 679 8704 8705 9055
11774 679 8704 8705 9056
11775 679 8704 8708 9059
11776 679 8704 8708 9060
11777 679 9120 9121 9410
11778 679 9120 9121 9411
11779 679 9120 9124 9414
11780 679 9120 9124 9415
11781 679 9131 9107 9392
11782 679 9131 9107 9393
11783 679 9131 9110 9396
11784 679 9131 9110 9397
11785 679 9141 9142 9435
11786 679 9141 9142 9436
11787 679 9141 9145 9439
11788 679 9141 9145 9440
11789 679 9164 9165 9462
11790 679 9164 9165 9463
11791 679 9164 9168 9466
11792 679 9164 9168 9467
11793 679 9214 9215 9533
11794 679 9214 9215 9534
11795 679 9214 9218 9537
11796 679 9214 9218 9538
11797 679 9226 9201 9515
11798 679 9226 9201 9516
11799 679 9226 9204 9519
11800 679 9226 9204 9520
11801 679 9236 9237 9558
11802 679 9236 9237 9559
11803 679 9236 9240 9562
11804 679 9236 9240 9563
11805 679 9259 9260 9582
11806 679 9259 9260 9583
11807 679 9259 9263 9586
11808 679 9259 9263 9587
11809 679 9309 9310 9653
11810 679 9309 9310 9654
11811 679 9309 9313 9657
11812 679 9309 9313 9658
11813 679 9332 9333 9681
11814 679 9332 9333 9682
11815 679 9332 9336 9685
11816 679 9332 9336 9686
11817 679 9354 9355 9705
11818 679 9354 9355 9706
11819 679 9354 9358 9709
11820 679 9354 9358 9710
11821 679 9770 9771 10060
11822 679 9770 9771 10061
11823 679 9770 9774 10064
11824 679 9770 9774 10065
11825 679 9781 9757 10042
11826 679 9781 9757 10043
11827 679 9781 9760 10046
11828 679 9781 9760 10047
11829 679 9791 9792 10085
11830 679 9791 9792 10086
11831 679 9791 9795 10089
11832 679 9791 9795 10090
11833 679 9814 9815 10112
11834 679 9814 9815 10113
11835 679 9814 9818 10116
11836 679 9814 9818 10117
11837 679 9864 9865 10183
11838 679 9864 9865 10184
11839 679 9864 9868 10187
11840 679 9864 9868 10188
11841 679 9876 9851 10165
11842 679 9876 9851 10166
11843 679 9876 9854 10169
11844 679 9876 9854 10170
11845 679 9886 9887 10208
11846 679 9886 9887 10209
11847 679 9886 9890 10212
11848 679 9886 9890 10213
11849 679 9909 9910 10232
11850 679 9909 9910 10233
11851 679 9909 9913 10236
11852 679 9909 9913 10237
11853 679 9959 9960 10303
11854 679 9959 9960 10304
11855 679 9959 9963 10307
11856 679 9959 9963 10308
11857 679 9982 9983 10331
11858 679 9982 9983 10332
11859 679 9982 9986 10335
11860 679 9982 9986 10336
11861 679 10004 10005 10355
11862 679 10004 10005 10356
11863 679 10004 10008 10359
11864 679 10004 10008 10360
11865 679 10420 10421 10710
11866 679 10420 10421 10711
11867 679 10420 10424 10714
11868 679 10420 10424 10715
11869 679 10431 10407 10692
11870 679 10431 10407 10693
11871 679 10431 10410 10696
11872 679 10431 10410 10697
11873 679 10441 10442 10735
11874 679 10441 10442 10736
11875 679 10441 10445 10739
11876 679 10441 10445 10740
11877 679 10464 10465 10762
11878 679 10464 10465 10763
11879 679 10464 10468 10766
11880 679 10464 10468 10767
11881 679 10514 10515 10833
11882 679 10514 10515 10834
11883 679 10514 10518 10837
11884 679 10514 10518 10838
11885 679 10526 10501 10815
11886 679 10526 10501 10816
11887 679 10526 10504 10819
11888 679 10526 10504 10820
11889 679 10536 10537 10858
11890 679 10536 10537 10859
11891 679 10536 10540 10862
11892 679 10536 10540 10863
11893 679 10559 10560 10882
11894 679 10559 10560 10883
11895 679 10559 10563 10886
11896 679 10559 10563 10887
11897 679 10609 10610 10953
11898 679 10609 10610 10954
11899 679 10609 10613 10957
11900 679 10609 10613 10958
11901 679 10632 10633 10981
11902 679 10632 10633 10982
11903 679 10632 10636 10985
11904 679 10632 10636 10986
11905 679 10654 10655 11005
11906 679 10654 10655 11006
11907 679 10654 10658 11009
11908 679 10654 10658 11010
11909 679 11070 11071 11360
11910 679 11070 11071 11361
11911 679 11070 11074 11364
11912 679 11070 11074 11365
11913 679 11081 11057 11342
11914 679 11081 11057 11343
11915 679 11081 11060 11346
11916 679 11081 11060 11347
11917 679 11091 11092 11385
11918 679 11091 11092 11386
11919 679 11091 11095 11389
11920 679 11091 11095 11390
11921 679 11114 11115 11412
11922 679 11114 11115 11413
11923 679 11114 11118 11416
11924 679 11114 11118 11417
11925 679 11164 11165 11483
11926 679 11164 11165 11484
11927 679 11164 11168 11487
11928 679 11164 11168 11488
11929 679 11176 11151 11465
11930 679 11176 11151 11466
11931 679 11176 11154 11469
11932 679 11176 11154 11470
11933 679 11186 11187 11508
11934 679 11186 11187 11509
11935 679 11186 11190 11512
11936 679 11186 11190 11513
11937 679 11209 11210 11532
11938 679 11209 11210 11533
11939 679 11209 11213 11536
11940 679 11209 11213 11537
11941 679 11259 11260 11603
11942 679 11259 11260 11604
11943 679 11259 11263 11607
11944 679 11259 11263 11608
11945 679 11282 11283 11631
11946 679 11282 11283 11632
11947 679 11282 11286 11635
11948 679 11282 11286 11636
11949 679 11304 11305 11655
11950 679 11304 11305 11656
11951 679 11304 11308 11659
11952 679 11304 11308 11660
11953 679 11720 11721 12010
11954 679 11720 11721 12011
11955 679 11720 11724 12014
11956 679 11720 11724 12015
11957 679 11731 11707 11992
11958 679 11731 11707 11993
11959 679 11731 11710 11996
11960 679 11731 11710 11997
11961 679 11741 11742 12035
11962 679 11741 11742 12036
11963 679 11741 11745 12039
11964 679 11741 11745 12040
11965 679 11764 11765 12062
11966 679 11764 11765 12063
11967 679 11764 11768 12066
11968 679 11764 11768 12067
11969 679 11814 11815 12133
11970 679 11814 11815 12134
11971 679 11814 11818 12137
11972 679 11814 11818 12138
11973 679 11826 11801 12115
11974 679 11826 11801 12116
11975 679 11826 11804 12119
11976 679 11826 11804 12120
11977 679 11836 11837 12158
11978 679 11836 11837 12159
11979 679 11836 11840 12162
11980 679 11836 11840 12163
11981 679 11859 11860 12182
11982 679 11859 11860 12183
11983 679 11859 11863 12186
11984 679 11859 11863 12187
11985 679 11909 11910 12253
11986 679 11909 11910 12254
11987 679 11909 11913 12257
11988 679 11909 11913 12258
11989 679 11932 11933 12281
11990 679 11932 11933 12282
11991 679 11932 11936 12285
11992 679 11932 11936 12286
11993 679 11954 11955 12305
11994 679 11954 11955 12306
11995 679 11954 11958 12309
11996 679 11954 11958 12310
11997 679 12370 12371 12660
11998 679 12370 12371 12661
11999 679 12370 12374 12664
12000 679 12370 12374 12665
12001 679 12381 12357 12642
12002 679 12381 12357 12643
12003 679 12381 12360 12646
12004 679 12381 12360 12647
12005 679 12391 12392 12685
12006 679 12391 12392 12686
12007 679 12391 12395 12689
12008 679 12391 12395 12690
12009 679 12414 12415 12712
12010 679 12414 12415 12713
12011 679 12414 12418 12716
12012 679 12414 12418 12717
12013 679 12464 12465 12783
12014 679 12464 12465 12784
12015 679 12464 12468 12787
12016 679 12464 12468 12788
12017 679 12476 12451 12765
12018 679 12476 12451 12766
12019 679 12476 12454 12769
12020 679 12476 12454 12770
12021 679 12486 12487 12808
12022 679 12486 12487 12809
12023 679 12486 12490 12812
12024 679 12486 12490 12813
12025 679 12509 12510 12832
12026 679 12509 12510 12833
12027 679 12509 12513 12836
12028 679 12509 12513 12837
12029 679 12559 12560 12903
12030 679 12559 12560 12904
12031 679 12559 12563 12907
12032 679 12559 12563 12908
12033 679 12582 12583 12931
12034 679 12582 12583 12932
12035 679 12582 12586 12935
12036 679 12582 12586 12936
12037 679 12604 12605 12955
12038 679 12604 12605 12956
12039 679 12604 12608 12959
12040 679 12604 12608 12960
12041 679 26 27 320
12042 679 26 27 321
12043 679 47 48 345
12044 679 47 48 346
12045 679 70 71 372
12046 679 70 71 373
12047 679 120 121 443
12048 679 120 121 444
12049 679 142 143 468
12050 679 142 143 469
12051 679 165 166 492
12052 679 165 166 493
12053 679 215 216 563
12054 679 215 216 564
12055 679 238 239 591
12056 679 238 239 592
12057 679 260 261 615
12058 679 260 261 616
12059 679 676 677 970
12060 679 676 677 971
12061 679 697 698 995
12062 679 697 698 996
12063 679 720 721 1022
12064 679 720 721 1023
12065 679 770 771 1093
12066 679 770 771 1094
12067 679 792 793 1118
12068 679 792 793 1119
12069 679 815 816 1142
12070 679 815 816 1143
12071 679 865 866 1213
12072 679 865 866 1214
12073 679 888 889 1241
12074 679 888 889 1242
12075 679 910 911 1265
12076 679 910 911 1266
12077 679 1326 1327 1620
12078 679 1326 1327 1621
12079 679 1347 1348 1645
12080 679 1347 1348 1646
12081 679 1370 1371 1672
12082 679 1370 1371 1673
12083 679 1420 1421 1743
12084 679 1420 1421 1744
12085 679 1442 1443 1768
12086 679 1442 1443 1769
12087 679 1465 1466 1792
12088 679 1465 1466 1793
12089 679 1515 1516 1863
12090 679 1515 1516 1864
12091 679 1538 1539 1891
12092 679 1538 1539 1892
12093 679 1560 1561 1915
12094 679 1560 1561 1916
12095 679 1976 1977 2270
12096 679 1976 1977 2271
12097 679 1997 1998 2295
12098 679 1997 1998 2296
12099 679 2020 2021 2322
12100 679 2020 2021 2323
12101 679 2070 2071 2393
12102 679 2070 2071 2394
12103 679 2092 2093 2418
12104 679 2092 2093 2419
12105 679 2115 2116 2442
12106 679 2115 2116 2443
12107 679 2165 2166 2513
12108 679 2165 2166 2514
12109 679 2188 2189 2541
12110 679 2188 2189 2542
12111 679 2210 2211 2565
12112 679 2210 2211 2566
12113 679 2626 2627 2920
12114 679 2626 2627 2921
12115 679 2647 2648 2945
12116 679 2647 2648 2946
12117 679 2670 2671 2972
12118 679 2670 2671 2973
12119 679 2720 2721 3043
12120 679 2720 2721 3044
12121 679 2742 2743 3068
12122 679 2742 2743 3069
12123 679 2765 2766 3092
12124 679 2765 2766 3093
12125 679 2815 2816 3163
12126 679 2815 2816 3164
12127 679 2838 2839 3191
12128 679 2838 2839 3192
12129 679 2860 2861 3215
12130 679 2860 2861 3216
12131 679 3276 3277 3570
12132 679 3276 3277 3571
12133 679 3297 3298 3595
12134 679 3297 3298 3596
12135 679 3320 3321 3622
12136 679 3320 3321 3623
12137 679 3370 3371 3693
12138 679 3370 3371 3694
12139 679 3392 3393 3718
12140 679 3392 3393 3719
12141 679 3415 3416 3742
12142 679 3415 3416 3743
12143 679 3465 3466 3813
12144 679 3465 3466 3814
12145 679 3488 3489 3841
12146 679 3488 3489 3842
12147 679 3510 3511 3865
12148 679 3510 3511 3866
12149 679 3926 3927 4220
12150 679 3926 3927 4221
12151 679 3947 3948 4245
12152 679 3947 3948 4246
12153 679 3970 3971 4272
12154 679 3970 3971 4273
12155 679 4020 4021 4343
12156 679 4020 4021 4344
12157 679 4042 4043 4368
12158 679 4042 4043 4369
12159 679 4065 4066 4392
12160 679 4065 4066 4393
12161 679 4115 4116 4463
12162 679 4115 4116 4464
12163 679 4138 4139 4491
12164 679 4138 4139 4492
12165 679 4160 4161 4515
12166 679 4160 4161 4516
12167 679 4576 4577 4870
12168 679 4576 4577 4871
12169 679 4597 4598 4895
12170 679 4597 4598 4896
12171 679 4620 4621 4922
12172 679 4620 4621 4923
12173 679 4670 4671 4993
12174 679 4670 4671 4994
12175 679 4692 4693 5018
12176 679 4692 4693 5019
12177 679 4715 4716 5042
12178 679 4715 4716 5043
12179 679 4765 4766 5113
12180 679 4765 4766 5114
12181 679 4788 4789 5141
12182 679 4788 4789 5142
12183 679 4810 4811 5165
12184 679 4810 4811 5166
12185 679 5226 5227 5520
12186 679 5226 5227 5521
12187 679 5247 5248 5545
12188 679 5247 5248 5546
12189 679 5270 5271 5572
12190 679 5270 5271 5573
12191 679 5320 5321 5643
12192 679 5320 5321 5644
12193 679 5342 5343 5668
12194 679 5342 5343 5669
12195 679 5365 5366 5692
12196 679 5365 5366 5693
12197 679 5415 5416 5763
12198 679 5415 5416 5764
12199 679 5438 5439 5791
12200 679 5438 5439 5792
12201 679 5460 5461 5815
12202 679 5460 5461 5816
12203 679 5876 5877 6170
12204 679 5876 5877 6171
12205 679 5897 5898 6195
12206 679 5897 5898 6196
12207 679 5920 5921 6222
12208 679 5920 5921 6223
12209 679 5970 5971 6293
12210 679 5970 5971 6294
12211 679 5992 5993 6318
12212 679 5992 5993 6319
12213 679 6015 6016 6342
12214 679 6015 6016 6343
12215 679 6065 6066 6413
12216 679 6065 6066 6414
12217 679 6088 6089 6441
12218 679 6088 6089 6442
12219 679 6110 6111 6465
12220 679 6110 6111 6466
12221 679 6526 6527 6820
12222 679 6526 6527 6821
12223 679 6547 6548 6845
12224 679 6547 6548 6846
12225 679 6570 6571 6872
12226 679 6570 6571 6873
12227 679 6620 6621 6943
12228 679 6620 6621 6944
12229 679 6642 6643 6968
12230 679 6642 6643 6969
12231 679 6665 6666 6992
12232 679 6665 6666 6993
12233 679 6715 6716 7063
12234 679 6715 6716 7064
12235 679 6738 6739 7091
12236 679 6738 6739 7092
12237 679 6760 6761 7115
12238 679 6760 6761 7116
12239 679 7176 7177 7470
12240 679 7176 7177 7471
12241 679 7197 7198 7495
12242 679 7197 7198 7496
12243 679 7220 7221 7522
12244 679 7220 7221 7523
12245 679 7270 7271 7593
12246 679 7270 7271 7594
12247 679 7292 7293 7618
12248 679 7292 7293 7619
12249 679 7315 7316 7642
12250 679 7315 7316 7643
12251 679 7365 7366 7713
12252 679 7365 7366 7714
12253 679 7388 7389 7741
12254 679 7388 7389 7742
12255 679 7410 7411 7765
12256 679 7410 7411 7766
12257 679 7826 7827 8120
12258 679 7826 7827 8121
12259 679 7847 7848 8145
12260 679 7847 7848 8146
12261 679 7870 7871 8172
12262 679 7870 7871 8173
12263 679 7920 7921 8243
12264 679 7920 7921 8244
12265 679 7942 7943 8268
12266 679 7942 7943 8269
12267 679 7965 7966 8292
12268 679 7965 7966 8293
12269 679 8015 8016 8363
12270 679 8015 8016 8364
12271 679 8038 8039 8391
12272 679 8038 8039 8392
12273 679 8060 8061 8415
12274 679 8060 8061 8416
12275 679 8476 8477 8770
12276 679 8476 8477 8771
12277 679 8497 8498 8795
12278 679 8497 8498 8796
12279 679 8520 8521 8822
12280 679 8520 8521 8823
12281 679 8570 8571 8893
12282 679 8570 8571 8894
12283 679 8592 8593 8918
12284 679 8592 8593 8919
12285 679 8615 8616 8942
12286 679 8615 8616 8943
12287 679 8665 8666 9013
12288 679 8665 8666 9014
12289 679 8688 8689 9041
12290 679 8688 8689 9042
12291 679 8710 8711 9065
12292 679 8710 8711 9066
12293 679 9126 9127 9420
12294 679 9126 9127 9421
12295 679 9147 9148 9445
12296 679 9147 9148 9446
12297 679 9170 9171 9472
12298 679 9170 9171 9473
12299 679 9220 9221 9543
12300 679 9220 9221 9544
12301 679 9242 9243 9568
12302 679 9242 9243 9569
12303 679 9265 9266 9592
12304 679 9265 9266 9593
12305 679 9315 9316 9663
12306 679 9315 9316 9664
12307 679 9338 9339 9691
12308 679 9338 9339 9692
12309 679 9360 9361 9715
12310 679 9360 9361 9716
12311 679 9776 9777 10070
12312 679 9776 9777 10071
12313 679 9797 9798 10095
12314 679 9797 9798 10096
12315 679 9820 9821 10122
12316 679 9820 9821 10123
12317 679 9870 9871 10193
12318 679 9870 9871 10194
12319 679 9892 9893 10218
12320 679 9892 9893 10219
12321 679 9915 9916 10242
12322 679 9915 9916 10243
12323 679 9965 9966 10313
12324 679 9965 9966 10314
12325 679 9988 9989 10341
12326 679 9988 9989 10342
12327 679 10010 10011 10365
12328 679 10010 10011 10366
12329 679 10426 10427 10720
12330 679 10426 10427 10721
12331 679 10447 10448 10745
12332 679 10447 10448 10746
12333 679 10470 10471 10772
12334 679 10470 10471 10773
12335 679 10520 10521 10843
12336 679 10520 10521 10844
12337 679 10542 10543 10868
12338 679 10542 10543 10869
12339 679 10565 10566 10892
12340 679 10565 10566 10893
12341 679 10615 10616 10963
12342 679 10615 10616 10964
12343 679 10638 10639 10991
12344 679 10638 10639 10992
12345 679 10660 10661 11015
12346 679 10660 10661 11016
12347 679 11076 11077 11370
12348 679 11076 11077 11371
12349 679 11097 11098 11395
12350 679 11097 11098 11396
12351 679 11120 11121 11422
12352 679 11120 11121 11423
12353 679 11170 11171 11493
12354 679 11170 11171 11494
12355 679 11192 11193 11518
12356 679 11192 11193 11519
12357 679 11215 11216 11542
12358 679 11215 11216 11543
12359 679 11265 11266 11613
12360 679 11265 11266 11614
12361 679 11288 11289 11641
12362 679 11288 11289 11642
12363 679 11310 11311 11665
12364 679 11310 11311 11666
12365 679 11726 11727 12020
12366 679 11726 11727 12021
12367 679 11747 11748 12045
12368 679 11747 11748 12046
12369 679 11770 11771 12072
12370 679 11770 11771 12073
12371 679 11820 11821 12143
12372 679 11820 11821 12144
12373 679 11842 11843 12168
12374 679 11842 11843 12169
12375 679 11865 11866 12192
12376 679 11865 11866 12193
12377 679 11915 11916 12263
12378 679 11915 11916 12264
12379 679 11938 11939 12291
12380 679 11938 11939 12292
12381 679 11960 11961 12315
12382 679 11960 11961 12316
12383 679 12376 12377 12670
12384 679 12376 12377 12671
12385 679 12397 12398 12695
12386 679 12397 12398 12696
12387 679 12420 12421 12722
12388 679 12420 12421 12723
12389 679 12470 12471 12793
12390 679 12470 12471 12794
12391 679 12492 12493 12818
12392 679 12492 12493 12819
12393 679 12515 12516 12842
12394 679 12515 12516 12843
12395 679 12565 12566 12913
12396 679 12565 12566 12914
12397 679 12588 12589 12941
12398 679 12588 12589 12942
12399 679 12610 12611 12965
12400 679 12610 12611 12966
12401 679 42 43 337
12402 679 42 43 338
12403 679 692 693 987
12404 679 692 693 988
12405 679 1342 1343 1637
12406 679 1342 1343 1638
12407 679 1992 1993 2287
12408 679 1992 1993 2288
12409 679 2642 2643 2937
12410 679 2642 2643 2938
12411 679 3292 3293 3587
12412 679 3292 3293 3588
12413 679 3942 3943 4237
12414 679 3942 3943 4238
12415 679 4592 4593 4887
12416 679 4592 4593 4888
12417 679 5242 5243 5537
12418 679 5242 5243 5538
12419 679 5892 5893 6187
12420 679 5892 5893 6188
12421 679 6542 6543 6837
12422 679 6542 6543 6838
12423 679 7192 7193 7487
12424 679 7192 7193 7488
12425 679 7842 7843 8137
12426 679 7842 7843 8138
12427 679 8492 8493 8787
12428 679 8492 8493 8788
12429 679 9142 9143 9437
12430 679 9142 9143 9438
12431 679 9792 9793 10087
12432 679 9792 9793 10088
12433 679 10442 10443 10737
12434 679 10442 10443 10738
12435 679 11092 11093 11387
12436 679 11092 11093 11388
12437 679 11742 11743 12037
12438 679 11742 11743 12038
12439 679 12392 12393 12687
12440 679 12392 12393 12688
12441 679 43 42 335
12442 679 43 42 336
12443 679 693 692 985
12444 679 693 692 986
12445 679 1343 1342 1635
12446 679 1343 1342 1636
12447 679 1993 1992 2285
12448 679 1993 1992 2286
12449 679 2643 2642 2935
12450 679 2643 2642 2936
12451 679 3293 3292 3585
12452 679 3293 3292 3586
12453 679 3943 3942 4235
12454 679 3943 3942 4236
12455 679 4593 4592 4885
12456 679 4593 4592 4886
12457 679 5243 5242 5535
12458 679 5243 5242 5536
12459 679 5893 5892 6185
12460 679 5893 5892 6186
12461 679 6543 6542 6835
12462 679 6543 6542 6836
12463 679 7193 7192 7485
12464 679 7193 7192 7486
12465 679 7843 7842 8135
12466 679 7843 7842 8136
12467 679 8493 8492 8785
12468 679 8493 8492 8786
12469 679 9143 9142 9435
12470 679 9143 9142 9436
12471 679 9793 9792 10085
12472 679 9793 9792 10086
12473 679 10443 10442 10735
12474 679 10443 10442 10736
12475 679 11093 11092 11385
12476 679 11093 11092 11386
12477 679 11743 11742 12035
12478 679 11743 11742 12036
12479 679 12393 12392 12685
12480 679 12393 12392 12686
12481 679 76 87 396
12482 679 76 87 397
12483 679 76 87 398
12484 679 171 182 516
12485 679 171 182 517
12486 679 171 182 518
12487 679 266 277 639
12488 679 266 277 640
12489 679 266 277 641
12490 679 726 737 1046
12491 679 726 737 1047
12492 679 726 737 1048
12493 679 821 832 1166
12494 679 821 832 1167
12495 679 821 832 1168
12496 679 916 927 1289
12497 679 916 927 1290
12498 679 916 927 1291
12499 679 1376 1387 1696
12500 679 1376 1387 1697
12501 679 1376 1387 1698
12502 679 1471 1482 1816
12503 679 1471 1482 1817
12504 679 1471 1482 1818
12505 679 1566 1577 1939
12506 679 1566 1577 1940
12507 679 1566 1577 1941
12508 679 2026 2037 2346
12509 679 2026 2037 2347
12510 679 2026 2037 2348
12511 679 2121 2132 2466
12512 679 2121 2132 2467
12513 679 2121 2132 2468
12514 679 2216 2227 2589
12515 679 2216 2227 2590
12516 679 2216 2227 2591
12517 679 2676 2687 2996
12518 679 2676 2687 2997
12519 679 2676 2687 2998
12520 679 2771 2782 3116
12521 679 2771 2782 3117
12522 679 2771 2782 3118
12523 679 2866 2877 3239
12524 679 2866 2877 3240
12525 679 2866 2877 3241
12526 679 3326 3337 3646
12527 679 3326 3337 3647
12528 679 3326 3337 3648
12529 679 3421 3432 3766
12530 679 3421 3432 3767
12531 679 3421 3432 3768
12532 679 3516 3527 3889
12533 679 3516 3527 3890
12534 679 3516 3527 3891
12535 679 3976 3987 4296
12536 679 3976 3987 4297
12537 679 3976 3987 4298
12538 679 4071 4082 4416
12539 679 4071 4082 4417
12540 679 4071 4082 4418
12541 679 4166 4177 4539
12542 679 4166 4177 4540
12543 679 4166 4177 4541
12544 679 4626 4637 4946
12545 679 4626 4637 4947
12546 679 4626 4637 4948
12547 679 4721 4732 5066
12548 679 4721 4732 5067
12549 679 4721 4732 5068
12550 679 4816 4827 5189
12551 679 4816 4827 5190
12552 679 4816 4827 5191
12553 679 5276 5287 5596
12554 679 5276 5287 5597
12555 679 5276 5287 5598
12556 679 5371 5382 5716
12557 679 5371 5382 5717
12558 679 5371 5382 5718
12559 679 5466 5477 5839
12560 679 5466 5477 5840
12561 679 5466 5477 5841
12562 679 5926 5937 6246
12563 679 5926 5937 6247
12564 679 5926 5937 6248
12565 679 6021 6032 6366
12566 679 6021 6032 6367
12567 679 6021 6032 6368
12568 679 6116 6127 6489
12569 679 6116 6127 6490
12570 679 6116 6127 6491
12571 679 6576 6587 6896
12572 679 6576 6587 6897
12573 679 6576 6587 6898
12574 679 6671 6682 7016
12575 679 6671 6682 7017
12576 679 6671 6682 7018
12577 679 6766 6777 7139
12578 679 6766 6777 7140
12579 679 6766 6777 7141
12580 679 7226 7237 7546
12581 679 7226 7237 7547
12582 679 7226 7237 7548
12583 679 7321 7332 7666
12584 679 7321 7332 7667
12585 679 7321 7332 7668
12586 679 7416 7427 7789
12587 679 7416 7427 7790
12588 679 7416 7427 7791
12589 679 7876 7887 8196
12590 679 7876 7887 8197
12591 679 7876 7887 8198
12592 679 7971 7982 8316
12593 679 7971 7982 8317
12594 679 7971 7982 8318
12595 679 8066 8077 8439
12596 679 8066 8077 8440
12597 679 8066 8077 8441
12598 679 8526 8537 8846
12599 679 8526 8537 8847
12600 679 8526 8537 8848
12601 679 8621 8632 8966
12602 679 8621 8632 8967
12603 679 8621 8632 8968
12604 679 8716 8727 9089
12605 679 8716 8727 9090
12606 679 8716 8727 9091
12607 679 9176 9187 9496
12608 679 9176 9187 9497
12609 679 9176 9187 9498
12610 679 9271 9282 9616
12611 679 9271 9282 9617
12612 679 9271 9282 9618
12613 679 9366 9377 9739
12614 679 9366 9377 9740
12615 679 9366 9377 9741
12616 679 9826 9837 10146
12617 679 9826 9837 10147
12618 679 9826 9837 10148
12619 679 9921 9932 10266
12620 679 9921 9932 10267
12621 679 9921 9932 10268
12622 679 10016 10027 10389
12623 679 10016 10027 10390
12624 679 10016 10027 10391
12625 679 10476 10487 10796
12626 679 10476 10487 10797
12627 679 10476 10487 10798
12628 679 10571 10582 10916
12629 679 10571 10582 10917
12630 679 10571 10582 10918
12631 679 10666 10677 11039
12632 679 10666 10677 11040
12633 679 10666 10677 11041
12634 679 11126 11137 11446
12635 679 11126 11137 11447
12636 679 11126 11137 11448
12637 679 11221 11232 11566
12638 679 11221 11232 11567
12639 679 11221 11232 11568
12640 679 11316 11327 11689
12641 679 11316 11327 11690
12642 679 11316 11327 11691
12643 679 11776 11787 12096
12644 679 11776 11787 12097
12645 679 11776 11787 12098
12646 679 11871 11882 12216
12647 679 11871 11882 12217
12648 679 11871 11882 12218
12649 679 11966 11977 12339
12650 679 11966 11977 12340
12651 679 11966 11977 12341
12652 679 12426 12437 12746
12653 679 12426 12437 12747
12654 679 12426 12437 12748
12655 679 12521 12532 12866
12656 679 12521 12532 12867
12657 679 12521 12532 12868
12658 679 12616 12627 12989
12659 679 12616 12627 12990
12660 679 12616 12627 12991
12661 679 85 86 394
12662 679 85 86 395
12663 679 180 181 514
12664 679 180 181 515
12665 679 275 276 637
12666 679 275 276 638
12667 679 735 736 1044
12668 679 735 736 1045
12669 679 830 831 1164
12670 679 830 831 1165
12671 679 925 926 1287
12672 679 925 926 1288
12673 679 1385 1386 1694
12674 679 1385 1386 1695
12675 679 1480 1481 1814
12676 679 1480 1481 1815
12677 679 1575 1576 1937
12678 679 1575 1576 1938
12679 679 2035 2036 2344
12680 679 2035 2036 2345
12681 679 2130 2131 2464
12682 679 2130 2131 2465
12683 679 2225 2226 2587
12684 679 2225 2226 2588
12685 679 2685 2686 2994
12686 679 2685 2686 2995
12687 679 2780 2781 3114
12688 679 2780 2781 3115
12689 679 2875 2876 3237
12690 679 2875 2876 3238
12691 679 3335 3336 3644
12692 679 3335 3336 3645
12693 679 3430 3431 3764
12694 679 3430 3431 3765
12695 679 3525 3526 3887
12696 679 3525 3526 3888
12697 679 3985 3986 4294
12698 679 3985 3986 4295
12699 679 4080 4081 4414
12700 679 4080 4081 4415
12701 679 4175 4176 4537
12702 679 4175 4176 4538
12703 679 4635 4636 4944
12704 679 4635 4636 4945
12705 679 4730 4731 5064
12706 679 4730 4731 5065
12707 679 4825 4826 5187
12708 679 4825 4826 5188
12709 679 5285 5286 5594
12710 679 5285 5286 5595
12711 679 5380 5381 5714
12712 679 5380 5381 5715
12713 679 5475 5476 5837
12714 679 5475 5476 5838
12715 679 5935 5936 6244
12716 679 5935 5936 6245
12717 679 6030 6031 6364
12718 679 6030 6031 6365
12719 679 6125 6126 6487
12720 679 6125 6126 6488
12721 679 6585 6586 6894
12722 679 6585 6586 6895
12723 679 6680 6681 7014
12724 679 6680 6681 7015
12725 679 6775 6776 7137
12726 679 6775 6776 7138
12727 679 7235 7236 7544
12728 679 7235 7236 7545
12729 679 7330 7331 7664
12730 679 7330 7331 7665
12731 679 7425 7426 7787
12732 679 7425 7426 7788
12733 679 7885 7886 8194
12734 679 7885 7886 8195
12735 679 7980 7981 8314
12736 679 7980 7981 8315
12737 679 8075 8076 8437
12738 679 8075 8076 8438
12739 679 8535 8536 8844
12740 679 8535 8536 8845
12741 679 8630 8631 8964
12742 679 8630 8631 8965
12743 679 8725 8726 9087
12744 679 8725 8726 9088
12745 679 9185 9186 9494
12746 679 9185 9186 9495
12747 679 9280 9281 9614
12748 679 9280 9281 9615
12749 679 9375 9376 9737
12750 679 9375 9376 9738
12751 679 9835 9836 10144
12752 679 9835 9836 10145
12753 679 9930 9931 10264
12754 679 9930 9931 10265
12755 679 10025 10026 10387
12756 679 10025 10026 10388
12757 679 10485 10486 10794
12758 679 10485 10486 10795
12759 679 10580 10581 10914
12760 679 10580 10581 10915
12761 679 10675 10676 11037
12762 679 10675 10676 11038
12763 679 11135 11136 11444
12764 679 11135 11136 11445
12765 679 11230 11231 11564
12766 679 11230 11231 11565
12767 679 11325 11326 11687
12768 679 11325 11326 11688
12769 679 11785 11786 12094
12770 679 11785 11786 12095
12771 679 11880 11881 12214
12772 679 11880 11881 12215
12773 679 11975 11976 12337
12774 679 11975 11976 12338
12775 679 12435 12436 12744
12776 679 12435 12436 12745
12777 679 12530 12531 12864
12778 679 12530 12531 12865
12779 679 12625 12626 12987
12780 679 12625 12626 12988
12781 679 86 85 392
12782 679 86 85 393
12783 679 181 180 512
12784 679 181 180 513
12785 679 276 275 635
12786 679 276 275 636
12787 679 736 735 1042
12788 679 736 735 1043
12789 679 831 830 1162
12790 679 831 830 1163
12791 679 926 925 1285
12792 679 926 925 1286
12793 679 1386 1385 1692
12794 679 1386 1385 1693
12795 679 1481 1480 1812
12796 679 1481 1480 1813
12797 679 1576 1575 1935
12798 679 1576 1575 1936
12799 679 2036 2035 2342
12800 679 2036 2035 2343
12801 679 2131 2130 2462
12802 679 2131 2130 2463
12803 679 2226 2225 2585
12804 679 2226 2225 2586
12805 679 2686 2685 2992
12806 679 2686 2685 2993
12807 679 2781 2780 3112
12808 679 2781 2780 3113
12809 679 2876 2875 3235
12810 679 2876 2875 3236
12811 679 3336 3335 3642
12812 679 3336 3335 3643
12813 679 3431 3430 3762
12814 679 3431 3430 3763
12815 679 3526 3525 3885
12816 679 3526 3525 3886
12817 679 3986 3985 4292
12818 679 3986 3985 4293
12819 679 4081 4080 4412
12820 679 4081 4080 4413
12821 679 4176 4175 4535
12822 679 4176 4175 4536
12823 679 4636 4635 4942
12824 679 4636 4635 4943
12825 679 4731 4730 5062
12826 679 4731 4730 5063
12827 679 4826 4825 5185
12828 679 4826 4825 5186
12829 679 5286 5285 5592
12830 679 5286 5285 5593
12831 679 5381 5380 5712
12832 679 5381 5380 5713
12833 679 5476 5475 5835
12834 679 5476 5475 5836
12835 679 5936 5935 6242
12836 679 5936 5935 6243
12837 679 6031 6030 6362
12838 679 6031 6030 6363
12839 679 6126 6125 6485
12840 679 6126 6125 6486
12841 679 6586 6585 6892
12842 679 6586 6585 6893
12843 679 6681 6680 7012
12844 679 6681 6680 7013
12845 679 6776 6775 7135
12846 679 6776 6775 7136
12847 679 7236 7235 7542
12848 679 7236 7235 7543
12849 679 7331 7330 7662
12850 679 7331 7330 7663
12851 679 7426 7425 7785
12852 679 7426 7425 7786
12853 679 7886 7885 8192
12854 679 7886 7885 8193
12855 679 7981 7980 8312
12856 679 7981 7980 8313
12857 679 8076 8075 8435
12858 679 8076 8075 8436
12859 679 8536 8535 8842
12860 679 8536 8535 8843
12861 679 8631 8630 8962
12862 679 8631 8630 8963
12863 679 8726 8725 9085
12864 679 8726 8725 9086
12865 679 9186 9185 9492
12866 679 9186 9185 9493
12867 679 9281 9280 9612
12868 679 9281 9280 9613
12869 679 9376 9375 9735
12870 679 9376 9375 9736
12871 679 9836 9835 10142
12872 679 9836 9835 10143
12873 679 9931 9930 10262
12874 679 9931 9930 10263
12875 679 10026 10025 10385
12876 679 10026 10025 10386
12877 679 10486 10485 10792
12878 679 10486 10485 10793
12879 679 10581 10580 10912
12880 679 10581 10580 10913
12881 679 10676 10675 11035
12882 679 10676 10675 11036
12883 679 11136 11135 11442
12884 679 11136 11135 11443
12885 679 11231 11230 11562
12886 679 11231 11230 11563
12887 679 11326 11325 11685
12888 679 11326 11325 11686
12889 679 11786 11785 12092
12890 679 11786 11785 12093
12891 679 11881 11880 12212
12892 679 11881 11880 12213
12893 679 11976 11975 12335
12894 679 11976 11975 12336
12895 679 12436 12435 12742
12896 679 12436 12435 12743
12897 679 12531 12530 12862
12898 679 12531 12530 12863
12899 679 12626 12625 12985
12900 679 12626 12625 12986
12901 679 87 76 374
12902 679 87 76 375
12903 679 182 171 494
12904 679 182 171 495
12905 679 277 266 617
12906 679 277 266 618
12907 679 737 726 1024
12908 679 737 726 1025
12909 679 832 821 1144
12910 679 832 821 1145
12911 679 927 916 1267
12912 679 927 916 1268
12913 679 1387 1376 1674
12914 679 1387 1376 1675
12915 679 1482 1471 1794
12916 679 1482 1471 1795
12917 679 1577 1566 1917
12918 679 1577 1566 1918
12919 679 2037 2026 2324
12920 679 2037 2026 2325
12921 679 2132 2121 2444
12922 679 2132 2121 2445
12923 679 2227 2216 2567
12924 679 2227 2216 2568
12925 679 2687 2676 2974
12926 679 2687 2676 2975
12927 679 2782 2771 3094
12928 679 2782 2771 3095
12929 679 2877 2866 3217
12930 679 2877 2866 3218
12931 679 3337 3326 3624
12932 679 3337 3326 3625
12933 679 3432 3421 3744
12934 679 3432 3421 3745
12935 679 3527 3516 3867
12936 679 3527 3516 3868
12937 679 3987 3976 4274
12938 679 3987 3976 4275
12939 679 4082 4071 4394
12940 679 4082 4071 4395
12941 679 4177 4166 4517
12942 679 4177 4166 4518
12943 679 4637 4626 4924
12944 679 4637 4626 4925
12945 679 4732 4721 5044
12946 679 4732 4721 5045
12947 679 4827 4816 5167
12948 679 4827 4816 5168
12949 679 5287 5276 5574
12950 679 5287 5276 5575
12951 679 5382 5371 5694
12952 679 5382 5371 5695
12953 679 5477 5466 5817
12954 679 5477 5466 5818
12955 679 5937 5926 6224
12956 679 5937 5926 6225
12957 679 6032 6021 6344
12958 679 6032 6021 6345
12959 679 6127 6116 6467
12960 679 6127 6116 6468
12961 679 6587 6576 6874
12962 679 6587 6576 6875
12963 679 6682 6671 6994
12964 679 6682 6671 6995
12965 679 6777 6766 7117
12966 679 6777 6766 7118
12967 679 7237 7226 7524
12968 679 7237 7226 7525
12969 679 7332 7321 7644
12970 679 7332 7321 7645
12971 679 7427 7416 7767
12972 679 7427 7416 7768
12973 679 7887 7876 8174
12974 679 7887 7876 8175
12975 679 7982 7971 8294
12976 679 7982 7971 8295
12977 679 8077 8066 8417
12978 679 8077 8066 8418
12979 679 8537 8526 8824
12980 679 8537 8526 8825
12981 679 8632 8621 8944
12982 679 8632 8621 8945
12983 679 8727 8716 9067
12984 679 8727 8716 9068
12985 679 9187 9176 9474
12986 679 9187 9176 9475
12987 679 9282 9271 9594
12988 679 9282 9271 9595
12989 679 9377 9366 9717
12990 679 9377 9366 9718
12991 679 9837 9826 10124
12992 679 9837 9826 10125
12993 679 9932 9921 10244
12994 679 9932 9921 10245
12995 679 10027 10016 10367
12996 679 10027 10016 10368
12997 679 10487 10476 10774
12998 679 10487 10476 10775
12999 679 10582 10571 10894
13000 679 10582 10571 10895
13001 679 10677 10666 11017
13002 679 10677 10666 11018
13003 679 11137 11126 11424
13004 679 11137 11126 11425
13005 679 11232 11221 11544
13006 679 11232 11221 11545
13007 679 11327 11316 11667
13008 679 11327 11316 11668
13009 679 11787 11776 12074
13010 679 11787 11776 12075
13011 679 11882 11871 12194
13012 679 11882 11871 12195
13013 679 11977 11966 12317
13014 679 11977 11966 12318
13015 679 12437 12426 12724
13016 679 12437 12426 12725
13017 679 12532 12521 12844
13018 679 12532 12521 12845
13019 679 12627 12616 12967
13020 679 12627 12616 12968
13021 679 88 92 400
13022 679 88 92 401
13023 679 88 92 402
13024 679 183 187 520
13025 679 183 187 521
13026 679 183 187 522
13027 679 278 282 643
13028 679 278 282 644
13029 679 278 282 645
13030 679 738 742 1050
13031 679 738 742 1051
13032 679 738 742 1052
13033 679 833 837 1170
13034 679 833 837 1171
13035 679 833 837 1172
13036 679 928 932 1293
13037 679 928 932 1294
13038 679 928 932 1295
13039 679 1388 1392 1700
13040 679 1388 1392 1701
13041 679 1388 1392 1702
13042 679 1483 1487 1820
13043 679 1483 1487 1821
13044 679 1483 1487 1822
13045 679 1578 1582 1943
13046 679 1578 1582 1944
13047 679 1578 1582 1945
13048 679 2038 2042 2350
13049 679 2038 2042 2351
13050 679 2038 2042 2352
13051 679 2133 2137 2470
13052 679 2133 2137 2471
13053 679 2133 2137 2472
13054 679 2228 2232 2593
13055 679 2228 2232 2594
13056 679 2228 2232 2595
13057 679 2688 2692 3000
13058 679 2688 2692 3001
13059 679 2688 2692 3002
13060 679 2783 2787 3120
13061 679 2783 2787 3121
13062 679 2783 2787 3122
13063 679 2878 2882 3243
13064 679 2878 2882 3244
13065 679 2878 2882 3245
13066 679 3338 3342 3650
13067 679 3338 3342 3651
13068 679 3338 3342 3652
13069 679 3433 3437 3770
13070 679 3433 3437 3771
13071 679 3433 3437 3772
13072 679 3528 3532 3893
13073 679 3528 3532 3894
13074 679 3528 3532 3895
13075 679 3988 3992 4300
13076 679 3988 3992 4301
13077 679 3988 3992 4302
13078 679 4083 4087 4420
13079 679 4083 4087 4421
13080 679 4083 4087 4422
13081 679 4178 4182 4543
13082 679 4178 4182 4544
13083 679 4178 4182 4545
13084 679 4638 4642 4950
13085 679 4638 4642 4951
13086 679 4638 4642 4952
13087 679 4733 4737 5070
13088 679 4733 4737 5071
13089 679 4733 4737 5072
13090 679 4828 4832 5193
13091 679 4828 4832 5194
13092 679 4828 4832 5195
13093 679 5288 5292 5600
13094 679 5288 5292 5601
13095 679 5288 5292 5602
13096 679 5383 5387 5720
13097 679 5383 5387 5721
13098 679 5383 5387 5722
13099 679 5478 5482 5843
13100 679 5478 5482 5844
13101 679 5478 5482 5845
13102 679 5938 5942 6250
13103 679 5938 5942 6251
13104 679 5938 5942 6252
13105 679 6033 6037 6370
13106 679 6033 6037 6371
13107 679 6033 6037 6372
13108 679 6128 6132 6493
13109 679 6128 6132 6494
13110 679 6128 6132 6495
13111 679 6588 6592 6900
13112 679 6588 6592 6901
13113 679 6588 6592 6902
13114 679 6683 6687 7020
13115 679 6683 6687 7021
13116 679 6683 6687 7022
13117 679 6778 6782 7143
13118 679 6778 6782 7144
13119 679 6778 6782 7145
13120 679 7238 7242 7550
13121 679 7238 7242 7551
13122 679 7238 7242 7552
13123 679 7333 7337 7670
13124 679 7333 7337 7671
13125 679 7333 7337 7672
13126 679 7428 7432 7793
13127 679 7428 7432 7794
13128 679 7428 7432 7795
13129 679 7888 7892 8200
13130 679 7888 7892 8201
13131 679 7888 7892 8202
13132 679 7983 7987 8320
13133 679 7983 7987 8321
13134 679 7983 7987 8322
13135 679 8078 8082 8443
13136 679 8078 8082 8444
13137 679 8078 8082 8445
13138 679 8538 8542 8850
13139 679 8538 8542 8851
13140 679 8538 8542 8852
13141 679 8633 8637 8970
13142 679 8633 8637 8971
13143 679 8633 8637 8972
13144 679 8728 8732 9093
13145 679 8728 8732 9094
13146 679 8728 8732 9095
13147 679 9188 9192 9500
13148 679 9188 9192 9501
13149 679 9188 9192 9502
13150 679 9283 9287 9620
13151 679 9283 9287 9621
13152 679 9283 9287 9622
13153 679 9378 9382 9743
13154 679 9378 9382 9744
13155 679 9378 9382 9745
13156 679 9838 9842 10150
13157 679 9838 9842 10151
13158 679 9838 9842 10152
13159 679 9933 9937 10270
13160 679 9933 9937 10271
13161 679 9933 9937 10272
13162 679 10028 10032 10393
13163 679 10028 10032 10394
13164 679 10028 10032 10395
13165 679 10488 10492 10800
13166 679 10488 10492 10801
13167 679 10488 10492 10802
13168 679 10583 10587 10920
13169 679 10583 10587 10921
13170 679 10583 10587 10922
13171 679 10678 10682 11043
13172 679 10678 10682 11044
13173 679 10678 10682 11045
13174 679 11138 11142 11450
13175 679 11138 11142 11451
13176 679 11138 11142 11452
13177 679 11233 11237 11570
13178 679 11233 11237 11571
13179 679 11233 11237 11572
13180 679 11328 11332 11693
13181 679 11328 11332 11694
13182 679 11328 11332 11695
13183 679 11788 11792 12100
13184 679 11788 11792 12101
13185 679 11788 11792 12102
13186 679 11883 11887 12220
13187 679 11883 11887 12221
13188 679 11883 11887 12222
13189 679 11978 11982 12343
13190 679 11978 11982 12344
13191 679 11978 11982 12345
13192 679 12438 12442 12750
13193 679 12438 12442 12751
13194 679 12438 12442 12752
13195 679 12533 12537 12870
13196 679 12533 12537 12871
13197 679 12533 12537 12872
13198 679 12628 12632 12993
13199 679 12628 12632 12994
13200 679 12628 12632 12995
13201 679 88 93 403
13202 679 88 93 404
13203 679 183 188 523
13204 679 183 188 524
13205 679 278 283 646
13206 679 278 283 647
13207 679 738 743 1053
13208 679 738 743 1054
13209 679 833 838 1173
13210 679 833 838 1174
13211 679 928 933 1296
13212 679 928 933 1297
13213 679 1388 1393 1703
13214 679 1388 1393 1704
13215 679 1483 1488 1823
13216 679 1483 1488 1824
13217 679 1578 1583 1946
13218 679 1578 1583 1947
13219 679 2038 2043 2353
13220 679 2038 2043 2354
13221 679 2133 2138 2473
13222 679 2133 2138 2474
13223 679 2228 2233 2596
13224 679 2228 2233 2597
13225 679 2688 2693 3003
13226 679 2688 2693 3004
13227 679 2783 2788 3123
13228 679 2783 2788 3124
13229 679 2878 2883 3246
13230 679 2878 2883 3247
13231 679 3338 3343 3653
13232 679 3338 3343 3654
13233 679 3433 3438 3773
13234 679 3433 3438 3774
13235 679 3528 3533 3896
13236 679 3528 3533 3897
13237 679 3988 3993 4303
13238 679 3988 3993 4304
13239 679 4083 4088 4423
13240 679 4083 4088 4424
13241 679 4178 4183 4546
13242 679 4178 4183 4547
13243 679 4638 4643 4953
13244 679 4638 4643 4954
13245 679 4733 4738 5073
13246 679 4733 4738 5074
13247 679 4828 4833 5196
13248 679 4828 4833 5197
13249 679 5288 5293 5603
13250 679 5288 5293 5604
13251 679 5383 5388 5723
13252 679 5383 5388 5724
13253 679 5478 5483 5846
13254 679 5478 5483 5847
13255 679 5938 5943 6253
13256 679 5938 5943 6254
13257 679 6033 6038 6373
13258 679 6033 6038 6374
13259 679 6128 6133 6496
13260 679 6128 6133 6497
13261 679 6588 6593 6903
13262 679 6588 6593 6904
13263 679 6683 6688 7023
13264 679 6683 6688 7024
13265 679 6778 6783 7146
13266 679 6778 6783 7147
13267 679 7238 7243 7553
13268 679 7238 7243 7554
13269 679 7333 7338 7673
13270 679 7333 7338 7674
13271 679 7428 7433 7796
13272 679 7428 7433 7797
13273 679 7888 7893 8203
13274 679 7888 7893 8204
13275 679 7983 7988 8323
13276 679 7983 7988 8324
13277 679 8078 8083 8446
13278 679 8078 8083 8447
13279 679 8538 8543 8853
13280 679 8538 8543 8854
13281 679 8633 8638 8973
13282 679 8633 8638 8974
13283 679 8728 8733 9096
13284 679 8728 8733 9097
13285 679 9188 9193 9503
13286 679 9188 9193 9504
13287 679 9283 9288 9623
13288 679 9283 9288 9624
13289 679 9378 9383 9746
13290 679 9378 9383 9747
13291 679 9838 9843 10153
13292 679 9838 9843 10154
13293 679 9933 9938 10273
13294 679 9933 9938 10274
13295 679 10028 10033 10396
13296 679 10028 10033 10397
13297 679 10488 10493 10803
13298 679 10488 10493 10804
13299 679 10583 10588 10923
13300 679 10583 10588 10924
13301 679 10678 10683 11046
13302 679 10678 10683 11047
13303 679 11138 11143 11453
13304 679 11138 11143 11454
13305 679 11233 11238 11573
13306 679 11233 11238 11574
13307 679 11328 11333 11696
13308 679 11328 11333 11697
13309 679 11788 11793 12103
13310 679 11788 11793 12104
13311 679 11883 11888 12223
13312 679 11883 11888 12224
13313 679 11978 11983 12346
13314 679 11978 11983 12347
13315 679 12438 12443 12753
13316 679 12438 12443 12754
13317 679 12533 12538 12873
13318 679 12533 12538 12874
13319 679 12628 12633 12996
13320 679 12628 12633 12997
13321 679 92 88 399
13322 679 187 183 519
13323 679 282 278 642
13324 679 742 738 1049
13325 679 837 833 1169
13326 679 932 928 1292
13327 679 1392 1388 1699
13328 679 1487 1483 1819
13329 679 1582 1578 1942
13330 679 2042 2038 2349
13331 679 2137 2133 2469
13332 679 2232 2228 2592
13333 679 2692 2688 2999
13334 679 2787 2783 3119
13335 679 2882 2878 3242
13336 679 3342 3338 3649
13337 679 3437 3433 3769
13338 679 3532 3528 3892
13339 679 3992 3988 4299
13340 679 4087 4083 4419
13341 679 4182 4178 4542
13342 679 4642 4638 4949
13343 679 4737 4733 5069
13344 679 4832 4828 5192
13345 679 5292 5288 5599
13346 679 5387 5383 5719
13347 679 5482 5478 5842
13348 679 5942 5938 6249
13349 679 6037 6033 6369
13350 679 6132 6128 6492
13351 679 6592 6588 6899
13352 679 6687 6683 7019
13353 679 6782 6778 7142
13354 679 7242 7238 7549
13355 679 7337 7333 7669
13356 679 7432 7428 7792
13357 679 7892 7888 8199
13358 679 7987 7983 8319
13359 679 8082 8078 8442
13360 679 8542 8538 8849
13361 679 8637 8633 8969
13362 679 8732 8728 9092
13363 679 9192 9188 9499
13364 679 9287 9283 9619
13365 679 9382 9378 9742
13366 679 9842 9838 10149
13367 679 9937 9933 10269
13368 679 10032 10028 10392
13369 679 10492 10488 10799
13370 679 10587 10583 10919
13371 679 10682 10678 11042
13372 679 11142 11138 11449
13373 679 11237 11233 11569
13374 679 11332 11328 11692
13375 679 11792 11788 12099
13376 679 11887 11883 12219
13377 679 11982 11978 12342
13378 679 12442 12438 12749
13379 679 12537 12533 12869
13380 679 12632 12628 12992
13381 679 93 88 399
13382 679 188 183 519
13383 679 283 278 642
13384 679 743 738 1049
13385 679 838 833 1169
13386 679 933 928 1292
13387 679 1393 1388 1699
13388 679 1488 1483 1819
13389 679 1583 1578 1942
13390 679 2043 2038 2349
13391 679 2138 2133 2469
13392 679 2233 2228 2592
13393 679 2693 2688 2999
13394 679 2788 2783 3119
13395 679 2883 2878 3242
13396 679 3343 3338 3649
13397 679 3438 3433 3769
13398 679 3533 3528 3892
13399 679 3993 3988 4299
13400 679 4088 4083 4419
13401 679 4183 4178 4542
13402 679 4643 4638 4949
13403 679 4738 4733 5069
13404 679 4833 4828 5192
13405 679 5293 5288 5599
13406 679 5388 5383 5719
13407 679 5483 5478 5842
13408 679 5943 5938 6249
13409 679 6038 6033 6369
13410 679 6133 6128 6492
13411 679 6593 6588 6899
13412 679 6688 6683 7019
13413 679 6783 6778 7142
13414 679 7243 7238 7549
13415 679 7338 7333 7669
13416 679 7433 7428 7792
13417 679 7893 7888 8199
13418 679 7988 7983 8319
13419 679 8083 8078 8442
13420 679 8543 8538 8849
13421 679 8638 8633 8969
13422 679 8733 8728 9092
13423 679 9193 9188 9499
13424 679 9288 9283 9619
13425 679 9383 9378 9742
13426 679 9843 9838 10149
13427 679 9938 9933 10269
13428 679 10033 10028 10392
13429 679 10493 10488 10799
13430 679 10588 10583 10919
13431 679 10683 10678 11042
13432 679 11143 11138 11449
13433 679 11238 11233 11569
13434 679 11333 11328 11692
13435 679 11793 11788 12099
13436 679 11888 11883 12219
13437 679 11983 11978 12342
13438 679 12443 12438 12749
13439 679 12538 12533 12869
13440 679 12633 12628 12992
13441 679 196 221 565
13442 679 199 221 565
13443 679 846 871 1215
13444 679 849 871 1215
13445 679 1496 1521 1865
13446 679 1499 1521 1865
13447 679 2146 2171 2515
13448 679 2149 2171 2515
13449 679 2796 2821 3165
13450 679 2799 2821 3165
13451 679 3446 3471 3815
13452 679 3449 3471 3815
13453 679 4096 4121 4465
13454 679 4099 4121 4465
13455 679 4746 4771 5115
13456 679 4749 4771 5115
13457 679 5396 5421 5765
13458 679 5399 5421 5765
13459 679 6046 6071 6415
13460 679 6049 6071 6415
13461 679 6696 6721 7065
13462 679 6699 6721 7065
13463 679 7346 7371 7715
13464 679 7349 7371 7715
13465 679 7996 8021 8365
13466 679 7999 8021 8365
13467 679 8646 8671 9015
13468 679 8649 8671 9015
13469 679 9296 9321 9665
13470 679 9299 9321 9665
13471 679 9946 9971 10315
13472 679 9949 9971 10315
13473 679 10596 10621 10965
13474 679 10599 10621 10965
13475 679 11246 11271 11615
13476 679 11249 11271 11615
13477 679 11896 11921 12265
13478 679 11899 11921 12265
13479 679 12546 12571 12915
13480 679 12549 12571 12915
13481 679 221 196 535
13482 679 221 196 536
13483 679 221 199 539
13484 679 221 199 540
13485 679 871 846 1185
13486 679 871 846 1186
13487 679 871 849 1189
13488 679 871 849 1190
13489 679 1521 1496 1835
13490 679 1521 1496 1836
13491 679 1521 1499 1839
13492 679 1521 1499 1840
13493 679 2171 2146 2485
13494 679 2171 2146 2486
13495 679 2171 2149 2489
13496 679 2171 2149 2490
13497 679 2821 2796 3135
13498 679 2821 2796 3136
13499 679 2821 2799 3139
13500 679 2821 2799 3140
13501 679 3471 3446 3785
13502 679 3471 3446 3786
13503 679 3471 3449 3789
13504 679 3471 3449 3790
13505 679 4121 4096 4435
13506 679 4121 4096 4436
13507 679 4121 4099 4439
13508 679 4121 4099 4440
13509 679 4771 4746 5085
13510 679 4771 4746 5086
13511 679 4771 4749 5089
13512 679 4771 4749 5090
13513 679 5421 5396 5735
13514 679 5421 5396 5736
13515 679 5421 5399 5739
13516 679 5421 5399 5740
13517 679 6071 6046 6385
13518 679 6071 6046 6386
13519 679 6071 6049 6389
13520 679 6071 6049 6390
13521 679 6721 6696 7035
13522 679 6721 6696 7036
13523 679 6721 6699 7039
13524 679 6721 6699 7040
13525 679 7371 7346 7685
13526 679 7371 7346 7686
13527 679 7371 7349 7689
13528 679 7371 7349 7690
13529 679 8021 7996 8335
13530 679 8021 7996 8336
13531 679 8021 7999 8339
13532 679 8021 7999 8340
13533 679 8671 8646 8985
13534 679 8671 8646 8986
13535 679 8671 8649 8989
13536 679 8671 8649 8990
13537 679 9321 9296 9635
13538 679 9321 9296 9636
13539 679 9321 9299 9639
13540 679 9321 9299 9640
13541 679 9971 9946 10285
13542 679 9971 9946 10286
13543 679 9971 9949 10289
13544 679 9971 9949 10290
13545 679 10621 10596 10935
13546 679 10621 10596 10936
13547 679 10621 10599 10939
13548 679 10621 10599 10940
13549 679 11271 11246 11585
13550 679 11271 11246 11586
13551 679 11271 11249 11589
13552 679 11271 11249 11590
13553 679 11921 11896 12235
13554 679 11921 11896 12236
13555 679 11921 11899 12239
13556 679 11921 11899 12240
13557 679 12571 12546 12885
13558 679 12571 12546 12886
13559 679 12571 12549 12889
13560 679 12571 12549 12890
13561 692 17 18 29
13562 692 38 39 50
13563 692 60 61 73
13564 692 111 112 123
13565 692 133 134 145
13566 692 155 156 168
13567 692 206 207 218
13568 692 229 230 241
13569 692 250 251 263
13570 692 667 668 679
13571 692 688 689 700
13572 692 710 711 723
13573 692 761 762 773
13574 692 783 784 795
13575 692 805 806 818
13576 692 856 857 868
13577 692 879 880 891
13578 692 900 901 913
13579 692 1317 1318 1329
13580 692 1338 1339 1350
13581 692 1360 1361 1373
13582 692 1411 1412 1423
13583 692 1433 1434 1445
13584 692 1455 1456 1468
13585 692 1506 1507 1518
13586 692 1529 1530 1541
13587 692 1550 1551 1563
13588 692 1967 1968 1979
13589 692 1988 1989 2000
13590 692 2010 2011 2023
13591 692 2061 2062 2073
13592 692 2083 2084 2095
13593 692 2105 2106 2118
13594 692 2156 2157 2168
13595 692 2179 2180 2191
13596 692 2200 2201 2213
13597 692 2617 2618 2629
13598 692 2638 2639 2650
13599 692 2660 2661 2673
13600 692 2711 2712 2723
13601 692 2733 2734 2745
13602 692 2755 2756 2768
13603 692 2806 2807 2818
13604 692 2829 2830 2841
13605 692 2850 2851 2863
13606 692 3267 3268 3279
13607 692 3288 3289 3300
13608 692 3310 3311 3323
13609 692 3361 3362 3373
13610 692 3383 3384 3395
13611 692 3405 3406 3418
13612 692 3456 3457 3468
13613 692 3479 3480 3491
13614 692 3500 3501 3513
13615 692 3917 3918 3929
13616 692 3938 3939 3950
13617 692 3960 3961 3973
13618 692 4011 4012 4023
13619 692 4033 4034 4045
13620 692 4055 4056 4068
13621 692 4106 4107 4118
13622 692 4129 4130 4141
13623 692 4150 4151 4163
13624 692 4567 4568 4579
13625 692 4588 4589 4600
13626 692 4610 4611 4623
13627 692 4661 4662 4673
13628 692 4683 4684 4695
13629 692 4705 4706 4718
13630 692 4756 4757 4768
13631 692 4779 4780 4791
13632 692 4800 4801 4813
13633 692 5217 5218 5229
13634 692 5238 5239 5250
13635 692 5260 5261 5273
13636 692 5311 5312 5323
13637 692 5333 5334 5345
13638 692 5355 5356 5368
13639 692 5406 5407 5418
13640 692 5429 5430 5441
13641 692 5450 5451 5463
13642 692 5867 5868 5879
13643 692 5888 5889 5900
13644 692 5910 5911 5923
13645 692 5961 5962 5973
13646 692 5983 5984 5995
13647 692 6005 6006 6018
13648 692 6056 6057 6068
13649 692 6079 6080 6091
13650 692 6100 6101 6113
13651 692 6517 6518 6529
13652 692 6538 6539 6550
13653 692 6560 6561 6573
13654 692 6611 6612 6623
13655 692 6633 6634 6645
13656 692 6655 6656 6668
13657 692 6706 6707 6718
13658 692 6729 6730 6741
13659 692 6750 6751 6763
13660 692 7167 7168 7179
13661 692 7188 7189 7200
13662 692 7210 7211 7223
13663 692 7261 7262 7273
13664 692 7283 7284 7295
13665 692 7305 7306 7318
13666 692 7356 7357 7368
13667 692 7379 7380 7391
13668 692 7400 7401 7413
13669 692 7817 7818 7829
13670 692 7838 7839 7850
13671 692 7860 7861 7873
13672 692 7911 7912 7923
13673 692 7933 7934 7945
13674 692 7955 7956 7968
13675 692 8006 8007 8018
13676 692 8029 8030 8041
13677 692 8050 8051 8063
13678 692 8467 8468 8479
13679 692 8488 8489 8500
13680 692 8510 8511 8523
13681 692 8561 8562 8573
13682 692 8583 8584 8595
13683 692 8605 8606 8618
13684 692 8656 8657 8668
13685 692 8679 8680 8691
13686 692 8700 8701 8713
13687 692 9117 9118 9129
13688 692 9138 9139 9150
13689 692 9160 9161 9173
13690 692 9211 9212 9223
13691 692 9233 9234 9245
13692 692 9255 9256 9268
13693 692 9306 9307 9318
13694 692 9329 9330 9341
13695 692 9350 9351 9363
13696 692 9767 9768 9779
13697 692 9788 9789 9800
13698 692 9810 9811 9823
13699 692 9861 9862 9873
13700 692 9883 9884 9895
13701 692 9905 9906 9918
13702 692 9956 9957 9968
13703 692 9979 9980 9991
13704 692 10000 10001 10013
13705 692 10417 10418 10429
13706 692 10438 10439 10450
13707 692 10460 10461 10473
13708 692 10511 10512 10523
13709 692 10533 10534 10545
13710 692 10555 10556 10568
13711 692 10606 10607 10618
13712 692 10629 10630 10641
13713 692 10650 10651 10663
13714 692 11067 11068 11079
13715 692 11088 11089 11100
13716 692 11110 11111 11123
13717 692 11161 11162 11173
13718 692 11183 11184 11195
13719 692 11205 11206 11218
13720 692 11256 11257 11268
13721 692 11279 11280 11291
13722 692 11300 11301 11313
13723 692 11717 11718 11729
13724 692 11738 11739 11750
13725 692 11760 11761 11773
13726 692 11811 11812 11823
13727 692 11833 11834 11845
13728 692 11855 11856 11868
13729 692 11906 11907 11918
13730 692 11929 11930 11941
13731 692 11950 11951 11963
13732 692 12367 12368 12379
13733 692 12388 12389 12400
13734 692 12410 12411 12423
13735 692 12461 12462 12473
13736 692 12483 12484 12495
13737 692 12505 12506 12518
13738 692 12556 12557 12568
13739 692 12579 12580 12591
13740 692 12600 12601 12613
13741 692 16 17 18
13742 692 37 38 39
13743 692 59 60 61
13744 692 110 111 112
13745 692 132 133 134
13746 692 154 155 156
13747 692 205 206 207
13748 692 228 229 230
13749 692 249 250 251
13750 692 666 667 668
13751 692 687 688 689
13752 692 709 710 711
13753 692 760 761 762
13754 692 782 783 784
13755 692 804 805 806
13756 692 855 856 857
13757 692 878 879 880
13758 692 899 900 901
13759 692 1316 1317 1318
13760 692 1337 1338 1339
13761 692 1359 1360 1361
13762 692 1410 1411 1412
13763 692 1432 1433 1434
13764 692 1454 1455 1456
13765 692 1505 1506 1507
13766 692 1528 1529 1530
13767 692 1549 1550 1551
13768 692 1966 1967 1968
13769 692 1987 1988 1989
13770 692 2009 2010 2011
13771 692 2060 2061 2062
13772 692 2082 2083 2084
13773 692 2104 2105 2106
13774 692 2155 2156 2157
13775 692 2178 2179 2180
13776 692 2199 2200 2201
13777 692 2616 2617 2618
13778 692 2637 2638 2639
13779 692 2659 2660 2661
13780 692 2710 2711 2712
13781 692 2732 2733 2734
13782 692 2754 2755 2756
13783 692 2805 2806 2807
13784 692 2828 2829 2830
13785 692 2849 2850 2851
13786 692 3266 3267 3268
13787 692 3287 3288 3289
13788 692 3309 3310 3311
13789 692 3360 3361 3362
13790 692 3382 3383 3384
13791 692 3404 3405 3406
13792 692 3455 3456 3457
13793 692 3478 3479 3480
13794 692 3499 3500 3501
13795 692 3916 3917 3918
13796 692 3937 3938 3939
13797 692 3959 3960 3961
13798 692 4010 4011 4012
13799 692 4032 4033 4034
13800 692 4054 4055 4056
13801 692 4105 4106 4107
13802 692 4128 4129 4130
13803 692 4149 4150 4151
13804 692 4566 4567 4568
13805 692 4587 4588 4589
13806 692 4609 4610 4611
13807 692 4660 4661 4662
13808 692 4682 4683 4684
13809 692 4704 4705 4706
13810 692 4755 4756 4757
13811 692 4778 4779 4780
13812 692 4799 4800 4801
13813 692 5216 5217 5218
13814 692 5237 5238 5239
13815 692 5259 5260 5261
13816 692 5310 5311 5312
13817 692 5332 5333 5334
13818 692 5354 5355 5356
13819 692 5405 5406 5407
13820 692 5428 5429 5430
13821 692 5449 5450 5451
13822 692 5866 5867 5868
13823 692 5887 5888 5889
13824 692 5909 5910 5911
13825 692 5960 5961 5962
13826 692 5982 5983 5984
13827 692 6004 6005 6006
13828 692 6055 6056 6057
13829 692 6078 6079 6080
13830 692 6099 6100 6101
13831 692 6516 6517 6518
13832 692 6537 6538 6539
13833 692 6559 6560 6561
13834 692 6610 6611 6612
13835 692 6632 6633 6634
13836 692 6654 6655 6656
13837 692 6705 6706 6707
13838 692 6728 6729 6730
13839 692 6749 6750 6751
13840 692 7166 7167 7168
13841 692 7187 7188 7189
13842 692 7209 7210 7211
13843 692 7260 7261 7262
13844 692 7282 7283 7284
13845 692 7304 7305 7306
13846 692 7355 7356 7357
13847 692 7378 7379 7380
13848 692 7399 7400 7401
13849 692 7816 7817 7818
13850 692 7837 7838 7839
13851 692 7859 7860 7861
13852 692 7910 7911 7912
13853 692 7932 7933 7934
13854 692 7954 7955 7956
13855 692 8005 8006 8007
13856 692 8028 8029 8030
13857 692 8049 8050 8051
13858 692 8466 8467 8468
13859 692 8487 8488 8489
13860 692 8509 8510 8511
13861 692 8560 8561 8562
13862 692 8582 8583 8584
13863 692 8604 8605 8606
13864 692 8655 8656 8657
13865 692 8678 8679 8680
13866 692 8699 8700 8701
13867 692 9116 9117 9118
13868 692 9137 9138 9139
13869 692 9159 9160 9161
13870 692 9210 9211 9212
13871 692 9232 9233 9234
13872 692 9254 9255 9256
13873 692 9305 9306 9307
13874 692 9328 9329 9330
13875 692 9349 9350 9351
13876 692 9766 9767 9768
13877 692 9787 9788 9789
13878 692 9809 9810 9811
13879 692 9860 9861 9862
13880 692 9882 9883 9884
13881 692 9904 9905 9906
13882 692 9955 9956 9957
13883 692 9978 9979 9980
13884 692 9999 10000 10001
13885 692 10416 10417 10418
13886 692 10437 10438 10439
13887 692 10459 10460 10461
13888 692 10510 10511 10512
13889 692 10532 10533 10534
13890 692 10554 10555 10556
13891 692 10605 10606 10607
13892 692 10628 10629 10630
13893 692 10649 10650 10651
13894 692 11066 11067 11068
13895 692 11087 11088 11089
13896 692 11109 11110 11111
13897 692 11160 11161 11162
13898 692 11182 11183 11184
13899 692 11204 11205 11206
13900 692 11255 11256 11257
13901 692 11278 11279 11280
13902 692 11299 11300 11301
13903 692 11716 11717 11718
13904 692 11737 11738 11739
13905 692 11759 11760 11761
13906 692 11810 11811 11812
13907 692 11832 11833 11834
13908 692 11854 11855 11856
13909 692 11905 11906 11907
13910 692 11928 11929 11930
13911 692 11949 11950 11951
13912 692 12366 12367 12368
13913 692 12387 12388 12389
13914 692 12409 12410 12411
13915 692 12460 12461 12462
13916 692 12482 12483 12484
13917 692 12504 12505 12506
13918 692 12555 12556 12557
13919 692 12578 12579 12580
13920 692 12599 12600 12601
13921 692 19 18 29
13922 692 40 39 50
13923 692 62 61 73
13924 692 113 112 123
13925 692 135 134 145
13926 692 157 156 168
13927 692 208 207 218
13928 692 231 230 241
13929 692 252 251 263
13930 692 669 668 679
13931 692 690 689 700
13932 692 712 711 723
13933 692 763 762 773
13934 692 785 784 795
13935 692 807 806 818
13936 692 858 857 868
13937 692 881 880 891
13938 692 902 901 913
13939 692 1319 1318 1329
13940 692 1340 1339 1350
13941 692 1362 1361 1373
13942 692 1413 1412 1423
13943 692 1435 1434 1445
13944 692 1457 1456 1468
13945 692 1508 1507 1518
13946 692 1531 1530 1541
13947 692 1552 1551 1563
13948 692 1969 1968 1979
13949 692 1990 1989 2000
13950 692 2012 2011 2023
13951 692 2063 2062 2073
13952 692 2085 2084 2095
13953 692 2107 2106 2118
13954 692 2158 2157 2168
13955 692 2181 2180 2191
13956 692 2202 2201 2213
13957 692 2619 2618 2629
13958 692 2640 2639 2650
13959 692 2662 2661 2673
13960 692 2713 2712 2723
13961 692 2735 2734 2745
13962 692 2757 2756 2768
13963 692 2808 2807 2818
13964 692 2831 2830 2841
13965 692 2852 2851 2863
13966 692 3269 3268 3279
13967 692 3290 3289 3300
13968 692 3312 3311 3323
13969 692 3363 3362 3373
13970 692 3385 3384 3395
13971 692 3407 3406 3418
13972 692 3458 3457 3468
13973 692 3481 3480 3491
13974 692 3502 3501 3513
13975 692 3919 3918 3929
13976 692 3940 3939 3950
13977 692 3962 3961 3973
13978 692 4013 4012 4023
13979 692 4035 4034 4045
13980 692 4057 4056 4068
13981 692 4108 4107 4118
13982 692 4131 4130 4141
13983 692 4152 4151 4163
13984 692 4569 4568 4579
13985 692 4590 4589 4600
13986 692 4612 4611 4623
13987 692 4663 4662 4673
13988 692 4685 4684 4695
13989 692 4707 4706 4718
13990 692 4758 4757 4768
13991 692 4781 4780 4791
13992 692 4802 4801 4813
13993 692 5219 5218 5229
13994 692 5240 5239 5250
13995 692 5262 5261 5273
13996 692 5313 5312 5323
13997 692 5335 5334 5345
13998 692 5357 5356 5368
13999 692 5408 5407 5418
14000 692 5431 5430 5441
14001 692 5452 5451 5463
14002 692 5869 5868 5879
14003 692 5890 5889 5900
14004 692 5912 5911 5923
14005 692 5963 5962 5973
14006 692 5985 5984 5995
14007 692 6007 6006 6018
14008 692 6058 6057 6068
14009 692 6081 6080 6091
14010 692 6102 6101 6113
14011 692 6519 6518 6529
14012 692 6540 6539 6550
14013 692 6562 6561 6573
14014 692 6613 6612 6623
14015 692 6635 6634 6645
14016 692 6657 6656 6668
14017 692 6708 6707 6718
14018 692 6731 6730 6741
14019 692 6752 6751 6763
14020 692 7169 7168 7179
14021 692 7190 7189 7200
14022 692 7212 7211 7223
14023 692 7263 7262 7273
14024 692 7285 7284 7295
14025 692 7307 7306 7318
14026 692 7358 7357 7368
14027 692 7381 7380 7391
14028 692 7402 7401 7413
14029 692 7819 7818 7829
14030 692 7840 7839 7850
14031 692 7862 7861 7873
14032 692 7913 7912 7923
14033 692 7935 7934 7945
14034 692 7957 7956 7968
14035 692 8008 8007 8018
14036 692 8031 8030 8041
14037 692 8052 8051 8063
14038 692 8469 8468 8479
14039 692 8490 8489 8500
14040 692 8512 8511 8523
14041 692 8563 8562 8573
14042 692 8585 8584 8595
14043 692 8607 8606 8618
14044 692 8658 8657 8668
14045 692 8681 8680 8691
14046 692 8702 8701 8713
14047 692 9119 9118 9129
14048 692 9140 9139 9150
14049 692 9162 9161 9173
14050 692 9213 9212 9223
14051 692 9235 9234 9245
14052 692 9257 9256 9268
14053 692 9308 9307 9318
14054 692 9331 9330 9341
14055 692 9352 9351 9363
14056 692 9769 9768 9779
14057 692 9790 9789 9800
14058 692 9812 9811 9823
14059 692 9863 9862 9873
14060 692 9885 9884 9895
14061 692 9907 9906 9918
14062 692 9958 9957 9968
14063 692 9981 9980 9991
14064 692 10002 10001 10013
14065 692 10419 10418 10429
14066 692 10440 10439 10450
14067 692 10462 10461 10473
14068 692 10513 10512 10523
14069 692 10535 10534 10545
14070 692 10557 10556 10568
14071 692 10608 10607 10618
14072 692 10631 10630 10641
14073 692 10652 10651 10663
14074 692 11069 11068 11079
14075 692 11090 11089 11100
14076 692 11112 11111 11123
14077 692 11163 11162 11173
14078 692 11185 11184 11195
14079 692 11207 11206 11218
14080 692 11258 11257 11268
14081 692 11281 11280 11291
14082 692 11302 11301 11313
14083 692 11719 11718 11729
14084 692 11740 11739 11750
14085 692 11762 11761 11773
14086 692 11813 11812 11823
14087 692 11835 11834 11845
14088 692 11857 11856 11868
14089 692 11908 11907 11918
14090 692 11931 11930 11941
14091 692 11952 11951 11963
14092 692 12369 12368 12379
14093 692 12390 12389 12400
14094 692 12412 12411 12423
14095 692 12463 12462 12473
14096 692 12485 12484 12495
14097 692 12507 12506 12518
14098 692 12558 12557 12568
14099 692 12581 12580 12591
14100 692 12602 12601 12613
14101 692 85 86 90
14102 692 180 181 185
14103 692 275 276 280
14104 692 735 736 740
14105 692 830 831 835
14106 692 925 926 930
14107 692 1385 1386 1390
14108 692 1480 1481 1485
14109 692 1575 1576 1580
14110 692 2035 2036 2040
14111 692 2130 2131 2135
14112 692 2225 2226 2230
14113 692 2685 2686 2690
14114 692 2780 2781 2785
14115 692 2875 2876 2880
14116 692 3335 3336 3340
14117 692 3430 3431 3435
14118 692 3525 3526 3530
14119 692 3985 3986 3990
14120 692 4080 4081 4085
14121 692 4175 4176 4180
14122 692 4635 4636 4640
14123 692 4730 4731 4735
14124 692 4825 4826 4830
14125 692 5285 5286 5290
14126 692 5380 5381 5385
14127 692 5475 5476 5480
14128 692 5935 5936 5940
14129 692 6030 6031 6035
14130 692 6125 6126 6130
14131 692 6585 6586 6590
14132 692 6680 6681 6685
14133 692 6775 6776 6780
14134 692 7235 7236 7240
14135 692 7330 7331 7335
14136 692 7425 7426 7430
14137 692 7885 7886 7890
14138 692 7980 7981 7985
14139 692 8075 8076 8080
14140 692 8535 8536 8540
14141 692 8630 8631 8635
14142 692 8725 8726 8730
14143 692 9185 9186 9190
14144 692 9280 9281 9285
14145 692 9375 9376 9380
14146 692 9835 9836 9840
14147 692 9930 9931 9935
14148 692 10025 10026 10030
14149 692 10485 10486 10490
14150 692 10580 10581 10585
14151 692 10675 10676 10680
14152 692 11135 11136 11140
14153 692 11230 11231 11235
14154 692 11325 11326 11330
14155 692 11785 11786 11790
14156 692 11880 11881 11885
14157 692 11975 11976 11980
14158 692 12435 12436 12440
14159 692 12530 12531 12535
14160 692 12625 12626 12630
14161 699 7 31 147
14162 699 10 31 147
14163 699 21 20 75
14164 699 24 20 75
14165 699 42 41 53
14166 699 45 41 53
14167 699 63 64 65
14168 699 63 64 68
14169 699 101 126 125
14170 699 104 126 125
14171 699 115 114 170
14172 699 118 114 170
14173 699 137 136 148
14174 699 140 136 148
14175 699 158 159 160
14176 699 158 159 163
14177 699 210 209 265
14178 699 213 209 265
14179 699 233 232 243
14180 699 236 232 243
14181 699 253 254 255
14182 699 253 254 258
14183 699 657 681 797
14184 699 660 681 797
14185 699 671 670 725
14186 699 674 670 725
14187 699 692 691 703
14188 699 695 691 703
14189 699 713 714 715
14190 699 713 714 718
14191 699 751 776 775
14192 699 754 776 775
14193 699 765 764 820
14194 699 768 764 820
14195 699 787 786 798
14196 699 790 786 798
14197 699 808 809 810
14198 699 808 809 813
14199 699 860 859 915
14200 699 863 859 915
14201 699 883 882 893
14202 699 886 882 893
14203 699 903 904 905
14204 699 903 904 908
14205 699 1307 1331 1447
14206 699 1310 1331 1447
14207 699 1321 1320 1375
14208 699 1324 1320 1375
14209 699 1342 1341 1353
14210 699 1345 1341 1353
14211 699 1363 1364 1365
14212 699 1363 1364 1368
14213 699 1401 1426 1425
14214 699 1404 1426 1425
14215 699 1415 1414 1470
14216 699 1418 1414 1470
14217 699 1437 1436 1448
14218 699 1440 1436 1448
14219 699 1458 1459 1460
14220 699 1458 1459 1463
14221 699 1510 1509 1565
14222 699 1513 1509 1565
14223 699 1533 1532 1543
14224 699 1536 1532 1543
14225 699 1553 1554 1555
14226 699 1553 1554 1558
14227 699 1957 1981 2097
14228 699 1960 1981 2097
14229 699 1971 1970 2025
14230 699 1974 1970 2025
14231 699 1992 1991 2003
14232 699 1995 1991 2003
14233 699 2013 2014 2015
14234 699 2013 2014 2018
14235 699 2051 2076 2075
14236 699 2054 2076 2075
14237 699 2065 2064 2120
14238 699 2068 2064 2120
14239 699 2087 2086 2098
14240 699 2090 2086 2098
14241 699 2108 2109 2110
14242 699 2108 2109 2113
14243 699 2160 2159 2215
14244 699 2163 2159 2215
14245 699 2183 2182 2193
14246 699 2186 2182 2193
14247 699 2203 2204 2205
14248 699 2203 2204 2208
14249 699 2607 2631 2747
14250 699 2610 2631 2747
14251 699 2621 2620 2675
14252 699 2624 2620 2675
14253 699 2642 2641 2653
14254 699 2645 2641 2653
14255 699 2663 2664 2665
14256 699 2663 2664 2668
14257 699 2701 2726 2725
14258 699 2704 2726 2725
14259 699 2715 2714 2770
14260 699 2718 2714 2770
14261 699 2737 2736 2748
14262 699 2740 2736 2748
14263 699 2758 2759 2760
14264 699 2758 2759 2763
14265 699 2810 2809 2865
14266 699 2813 2809 2865
14267 699 2833 2832 2843
14268 699 2836 2832 2843
14269 699 2853 2854 2855
14270 699 2853 2854 2858
14271 699 3257 3281 3397
14272 699 3260 3281 3397
14273 699 3271 3270 3325
14274 699 3274 3270 3325
14275 699 3292 3291 3303
14276 699 3295 3291 3303
14277 699 3313 3314 3315
14278 699 3313 3314 3318
14279 699 3351 3376 3375
14280 699 3354 3376 3375
14281 699 3365 3364 3420
14282 699 3368 3364 3420
14283 699 3387 3386 3398
14284 699 3390 3386 3398
14285 699 3408 3409 3410
14286 699 3408 3409 3413
14287 699 3460 3459 3515
14288 699 3463 3459 3515
14289 699 3483 3482 3493
14290 699 3486 3482 3493
14291 699 3503 3504 3505
14292 699 3503 3504 3508
14293 699 3907 3931 4047
14294 699 3910 3931 4047
14295 699 3921 3920 3975
14296 699 3924 3920 3975
14297 699 3942 3941 3953
14298 699 3945 3941 3953
14299 699 3963 3964 3965
14300 699 3963 3964 3968
14301 699 4001 4026 4025
14302 699 4004 4026 4025
14303 699 4015 4014 4070
14304 699 4018 4014 4070
14305 699 4037 4036 4048
14306 699 4040 4036 4048
14307 699 4058 4059 4060
14308 699 4058 4059 4063
14309 699 4110 4109 4165
14310 699 4113 4109 4165
14311 699 4133 4132 4143
14312 699 4136 4132 4143
14313 699 4153 4154 4155
14314 699 4153 4154 4158
14315 699 4557 4581 4697
14316 699 4560 4581 4697
14317 699 4571 4570 4625
14318 699 4574 4570 4625
14319 699 4592 4591 4603
14320 699 4595 4591 4603
14321 699 4613 4614 4615
14322 699 4613 4614 4618
14323 699 4651 4676 4675
14324 699 4654 4676 4675
14325 699 4665 4664 4720
14326 699 4668 4664 4720
14327 699 4687 4686 4698
14328 699 4690 4686 4698
14329 699 4708 4709 4710
14330 699 4708 4709 4713
14331 699 4760 4759 4815
14332 699 4763 4759 4815
14333 699 4783 4782 4793
14334 699 4786 4782 4793
14335 699 4803 4804 4805
14336 699 4803 4804 4808
14337 699 5207 5231 5347
14338 699 5210 5231 5347
14339 699 5221 5220 5275
14340 699 5224 5220 5275
14341 699 5242 5241 5253
14342 699 5245 5241 5253
14343 699 5263 5264 5265
14344 699 5263 5264 5268
14345 699 5301 5326 5325
14346 699 5304 5326 5325
14347 699 5315 5314 5370
14348 699 5318 5314 5370
14349 699 5337 5336 5348
14350 699 5340 5336 5348
14351 699 5358 5359 5360
14352 699 5358 5359 5363
14353 699 5410 5409 5465
14354 699 5413 5409 5465
14355 699 5433 5432 5443
14356 699 5436 5432 5443
14357 699 5453 5454 5455
14358 699 5453 5454 5458
14359 699 5857 5881 5997
14360 699 5860 5881 5997
14361 699 5871 5870 5925
14362 699 5874 5870 5925
14363 699 5892 5891 5903
14364 699 5895 5891 5903
14365 699 5913 5914 5915
14366 699 5913 5914 5918
14367 699 5951 5976 5975
14368 699 5954 5976 5975
14369 699 5965 5964 6020
14370 699 5968 5964 6020
14371 699 5987 5986 5998
14372 699 5990 5986 5998
14373 699 6008 6009 6010
14374 699 6008 6009 6013
14375 699 6060 6059 6115
14376 699 6063 6059 6115
14377 699 6083 6082 6093
14378 699 6086 6082 6093
14379 699 6103 6104 6105
14380 699 6103 6104 6108
14381 699 6507 6531 6647
14382 699 6510 6531 6647
14383 699 6521 6520 6575
14384 699 6524 6520 6575
14385 699 6542 6541 6553
14386 699 6545 6541 6553
14387 699 6563 6564 6565
14388 699 6563 6564 6568
14389 699 6601 6626 6625
14390 699 6604 6626 6625
14391 699 6615 6614 6670
14392 699 6618 6614 6670
14393 699 6637 6636 6648
14394 699 6640 6636 6648
14395 699 6658 6659 6660
14396 699 6658 6659 6663
14397 699 6710 6709 6765
14398 699 6713 6709 6765
14399 699 6733 6732 6743
14400 699 6736 6732 6743
14401 699 6753 6754 6755
14402 699 6753 6754 6758
14403 699 7157 7181 7297
14404 699 7160 7181 7297
14405 699 7171 7170 7225
14406 699 7174 7170 7225
14407 699 7192 7191 7203
14408 699 7195 7191 7203
14409 699 7213 7214 7215
14410 699 7213 7214 7218
14411 699 7251 7276 7275
14412 699 7254 7276 7275
14413 699 7265 7264 7320
14414 699 7268 7264 7320
14415 699 7287 7286 7298
14416 699 7290 7286 7298
14417 699 7308 7309 7310
14418 699 7308 7309 7313
14419 699 7360 7359 7415
14420 699 7363 7359 7415
14421 699 7383 7382 7393
14422 699 7386 7382 7393
14423 699 7403 7404 7405
14424 699 7403 7404 7408
14425 699 7807 7831 7947
14426 699 7810 7831 7947
14427 699 7821 7820 7875
14428 699 7824 7820 7875
14429 699 7842 7841 7853
14430 699 7845 7841 7853
14431 699 7863 7864 7865
14432 699 7863 7864 7868
14433 699 7901 7926 7925
14434 699 7904 7926 7925
14435 699 7915 7914 7970
14436 699 7918 7914 7970
14437 699 7937 7936 7948
14438 699 7940 7936 7948
14439 699 7958 7959 7960
14440 699 7958 7959 7963
14441 699 8010 8009 8065
14442 699 8013 8009 8065
14443 699 8033 8032 8043
14444 699 8036 8032 8043
14445 699 8053 8054 8055
14446 699 8053 8054 8058
14447 699 8457 8481 8597
14448 699 8460 8481 8597
14449 699 8471 8470 8525
14450 699 8474 8470 8525
14451 699 8492 8491 8503
14452 699 8495 8491 8503
14453 699 8513 8514 8515
14454 699 8513 8514 8518
14455 699 8551 8576 8575
14456 699 8554 8576 8575
14457 699 8565 8564 8620
14458 699 8568 8564 8620
14459 699 8587 8586 8598
14460 699 8590 8586 8598
14461 699 8608 8609 8610
14462 699 8608 8609 8613
14463 699 8660 8659 8715
14464 699 8663 8659 8715
14465 699 8683 8682 8693
14466 699 8686 8682 8693
14467 699 8703 8704 8705
14468 699 8703 8704 8708
14469 699 9107 9131 9247
14470 699 9110 9131 9247
14471 699 9121 9120 9175
14472 699 9124 9120 9175
14473 699 9142 9141 9153
14474 699 9145 9141 9153
14475 699 9163 9164 9165
14476 699 9163 9164 9168
14477 699 9201 9226 9225
14478 699 9204 9226 9225
14479 699 9215 9214 9270
14480 699 9218 9214 9270
14481 699 9237 9236 9248
14482 699 9240 9236 9248
14483 699 9258 9259 9260
14484 699 9258 9259 9263
14485 699 9310 9309 9365
14486 699 9313 9309 9365
14487 699 9333 9332 9343
14488 699 9336 9332 9343
14489 699 9353 9354 9355
14490 699 9353 9354 9358
14491 699 9757 9781 9897
14492 699 9760 9781 9897
14493 699 9771 9770 9825
14494 699 9774 9770 9825
14495 699 9792 9791 9803
14496 699 9795 9791 9803
14497 699 9813 9814 9815
14498 699 9813 9814 9818
14499 699 9851 9876 9875
14500 699 9854 9876 9875
14501 699 9865 9864 9920
14502 699 9868 9864 9920
14503 699 9887 9886 9898
14504 699 9890 9886 9898
14505 699 9908 9909 9910
14506 699 9908 9909 9913
14507 699 9960 9959 10015
14508 699 9963 9959 10015
14509 699 9983 9982 9993
14510 699 9986 9982 9993
14511 699 10003 10004 10005
14512 699 10003 10004 10008
14513 699 10407 10431 10547
14514 699 10410 10431 10547
14515 699 10421 10420 10475
14516 699 10424 10420 10475
14517 699 10442 10441 10453
14518 699 10445 10441 10453
14519 699 10463 10464 10465
14520 699 10463 10464 10468
14521 699 10501 10526 10525
14522 699 10504 10526 10525
14523 699 10515 10514 10570
14524 699 10518 10514 10570
14525 699 10537 10536 10548
14526 699 10540 10536 10548
14527 699 10558 10559 10560
14528 699 10558 10559 10563
14529 699 10610 10609 10665
14530 699 10613 10609 10665
14531 699 10633 10632 10643
14532 699 10636 10632 10643
14533 699 10653 10654 10655
14534 699 10653 10654 10658
14535 699 11057 11081 11197
14536 699 11060 11081 11197
14537 699 11071 11070 11125
14538 699 11074 11070 11125
14539 699 11092 11091 11103
14540 699 11095 11091 11103
14541 699 11113 11114 11115
14542 699 11113 11114 11118
14543 699 11151 11176 11175
14544 699 11154 11176 11175
14545 699 11165 11164 11220
14546 699 11168 11164 11220
14547 699 11187 11186 11198
14548 699 11190 11186 11198
14549 699 11208 11209 11210
14550 699 11208 11209 11213
14551 699 11260 11259 11315
14552 699 11263 11259 11315
14553 699 11283 11282 11293
14554 699 11286 11282 11293
14555 699 11303 11304 11305
14556 699 11303 11304 11308
14557 699 11707 11731 11847
14558 699 11710 11731 11847
14559 699 11721 11720 11775
14560 699 11724 11720 11775
14561 699 11742 11741 11753
14562 699 11745 11741 11753
14563 699 11763 11764 11765
14564 699 11763 11764 11768
14565 699 11801 11826 11825
14566 699 11804 11826 11825
14567 699 11815 11814 11870
14568 699 11818 11814 11870
14569 699 11837 11836 11848
14570 699 11840 11836 11848
14571 699 11858 11859 11860
14572 699 11858 11859 11863
14573 699 11910 11909 11965
14574 699 11913 11909 11965
14575 699 11933 11932 11943
14576 699 11936 11932 11943
14577 699 11953 11954 11955
14578 699 11953 11954 11958
14579 699 12357 12381 12497
14580 699 12360 12381 12497
14581 699 12371 12370 12425
14582 699 12374 12370 12425
14583 699 12392 12391 12403
14584 699 12395 12391 12403
14585 699 12413 12414 12415
14586 699 12413 12414 12418
14587 699 12451 12476 12475
14588 699 12454 12476 12475
14589 699 12465 12464 12520
14590 699 12468 12464 12520
14591 699 12487 12486 12498
14592 699 12490 12486 12498
14593 699 12508 12509 12510
14594 699 12508 12509 12513
14595 699 12560 12559 12615
14596 699 12563 12559 12615
14597 699 12583 12582 12593
14598 699 12586 12582 12593
14599 699 12603 12604 12605
14600 699 12603 12604 12608
14601 699 8 9 10
14602 699 21 22 23
14603 699 65 66 67
14604 699 102 103 104
14605 699 115 116 117
14606 699 137 138 139
14607 699 160 161 162
14608 699 197 198 199
14609 699 210 211 212
14610 699 233 234 235
14611 699 255 256 257
14612 699 658 659 660
14613 699 671 672 673
14614 699 715 716 717
14615 699 752 753 754
14616 699 765 766 767
14617 699 787 788 789
14618 699 810 811 812
14619 699 847 848 849
14620 699 860 861 862
14621 699 883 884 885
14622 699 905 906 907
14623 699 1308 1309 1310
14624 699 1321 1322 1323
14625 699 1365 1366 1367
14626 699 1402 1403 1404
14627 699 1415 1416 1417
14628 699 1437 1438 1439
14629 699 1460 1461 1462
14630 699 1497 1498 1499
14631 699 1510 1511 1512
14632 699 1533 1534 1535
14633 699 1555 1556 1557
14634 699 1958 1959 1960
14635 699 1971 1972 1973
14636 699 2015 2016 2017
14637 699 2052 2053 2054
14638 699 2065 2066 2067
14639 699 2087 2088 2089
14640 699 2110 2111 2112
14641 699 2147 2148 2149
14642 699 2160 2161 2162
14643 699 2183 2184 2185
14644 699 2205 2206 2207
14645 699 2608 2609 2610
14646 699 2621 2622 2623
14647 699 2665 2666 2667
14648 699 2702 2703 2704
14649 699 2715 2716 2717
14650 699 2737 2738 2739
14651 699 2760 2761 2762
14652 699 2797 2798 2799
14653 699 2810 2811 2812
14654 699 2833 2834 2835
14655 699 2855 2856 2857
14656 699 3258 3259 3260
14657 699 3271 3272 3273
14658 699 3315 3316 3317
14659 699 3352 3353 3354
14660 699 3365 3366 3367
14661 699 3387 3388 3389
14662 699 3410 3411 3412
14663 699 3447 3448 3449
14664 699 3460 3461 3462
14665 699 3483 3484 3485
14666 699 3505 3506 3507
14667 699 3908 3909 3910
14668 699 3921 3922 3923
14669 699 3965 3966 3967
14670 699 4002 4003 4004
14671 699 4015 4016 4017
14672 699 4037 4038 4039
14673 699 4060 4061 4062
14674 699 4097 4098 4099
14675 699 4110 4111 4112
14676 699 4133 4134 4135
14677 699 4155 4156 4157
14678 699 4558 4559 4560
14679 699 4571 4572 4573
14680 699 4615 4616 4617
14681 699 4652 4653 4654
14682 699 4665 4666 4667
14683 699 4687 4688 4689
14684 699 4710 4711 4712
14685 699 4747 4748 4749
14686 699 4760 4761 4762
14687 699 4783 4784 4785
14688 699 4805 4806 4807
14689 699 5208 5209 5210
14690 699 5221 5222 5223
14691 699 5265 5266 5267
14692 699 5302 5303 5304
14693 699 5315 5316 5317
14694 699 5337 5338 5339
14695 699 5360 5361 5362
14696 699 5397 5398 5399
14697 699 5410 5411 5412
14698 699 5433 5434 5435
14699 699 5455 5456 5457
14700 699 5858 5859 5860
14701 699 5871 5872 5873
14702 699 5915 5916 5917
14703 699 5952 5953 5954
14704 699 5965 5966 5967
14705 699 5987 5988 5989
14706 699 6010 6011 6012
14707 699 6047 6048 6049
14708 699 6060 6061 6062
14709 699 6083 6084 6085
14710 699 6105 6106 6107
14711 699 6508 6509 6510
14712 699 6521 6522 6523
14713 699 6565 6566 6567
14714 699 6602 6603 6604
14715 699 6615 6616 6617
14716 699 6637 6638 6639
14717 699 6660 6661 6662
14718 699 6697 6698 6699
14719 699 6710 6711 6712
14720 699 6733 6734 6735
14721 699 6755 6756 6757
14722 699 7158 7159 7160
14723 699 7171 7172 7173
14724 699 7215 7216 7217
14725 699 7252 7253 7254
14726 699 7265 7266 7267
14727 699 7287 7288 7289
14728 699 7310 7311 7312
14729 699 7347 7348 7349
14730 699 7360 7361 7362
14731 699 7383 7384 7385
14732 699 7405 7406 7407
14733 699 7808 7809 7810
14734 699 7821 7822 7823
14735 699 7865 7866 7867
14736 699 7902 7903 7904
14737 699 7915 7916 7917
14738 699 7937 7938 7939
14739 699 7960 7961 7962
14740 699 7997 7998 7999
14741 699 8010 8011 8012
14742 699 8033 8034 8035
14743 699 8055 8056 8057
14744 699 8458 8459 8460
14745 699 8471 8472 8473
14746 699 8515 8516 8517
14747 699 8552 8553 8554
14748 699 8565 8566 8567
14749 699 8587 8588 8589
14750 699 8610 8611 8612
14751 699 8647 8648 8649
14752 699 8660 8661 8662
14753 699 8683 8684 8685
14754 699 8705 8706 8707
14755 699 9108 9109 9110
14756 699 9121 9122 9123
14757 699 9165 9166 9167
14758 699 9202 9203 9204
14759 699 9215 9216 9217
14760 699 9237 9238 9239
14761 699 9260 9261 9262
14762 699 9297 9298 9299
14763 699 9310 9311 9312
14764 699 9333 9334 9335
14765 699 9355 9356 9357
14766 699 9758 9759 9760
14767 699 9771 9772 9773
14768 699 9815 9816 9817
14769 699 9852 9853 9854
14770 699 9865 9866 9867
14771 699 9887 9888 9889
14772 699 9910 9911 9912
14773 699 9947 9948 9949
14774 699 9960 9961 9962
14775 699 9983 9984 9985
14776 699 10005 10006 10007
14777 699 10408 10409 10410
14778 699 10421 10422 10423
14779 699 10465 10466 10467
14780 699 10502 10503 10504
14781 699 10515 10516 10517
14782 699 10537 10538 10539
14783 699 10560 10561 10562
14784 699 10597 10598 10599
14785 699 10610 10611 10612
14786 699 10633 10634 10635
14787 699 10655 10656 10657
14788 699 11058 11059 11060
14789 699 11071 11072 11073
14790 699 11115 11116 11117
14791 699 11152 11153 11154
14792 699 11165 11166 11167
14793 699 11187 11188 11189
14794 699 11210 11211 11212
14795 699 11247 11248 11249
14796 699 11260 11261 11262
14797 699 11283 11284 11285
14798 699 11305 11306 11307
14799 699 11708 11709 11710
14800 699 11721 11722 11723
14801 699 11765 11766 11767
14802 699 11802 11803 11804
14803 699 11815 11816 11817
14804 699 11837 11838 11839
14805 699 11860 11861 11862
14806 699 11897 11898 11899
14807 699 11910 11911 11912
14808 699 11933 11934 11935
14809 699 11955 11956 11957
14810 699 12358 12359 12360
14811 699 12371 12372 12373
14812 699 12415 12416 12417
14813 699 12452 12453 12454
14814 699 12465 12466 12467
14815 699 12487 12488 12489
14816 699 12510 12511 12512
14817 699 12547 12548 12549
14818 699 12560 12561 12562
14819 699 12583 12584 12585
14820 699 12605 12606 12607
14821 699 42 43 44
14822 699 692 693 694
14823 699 1342 1343 1344
14824 699 1992 1993 1994
14825 699 2642 2643 2644
14826 699 3292 3293 3294
14827 699 3942 3943 3944
14828 699 4592 4593 4594
14829 699 5242 5243 5244
14830 699 5892 5893 5894
14831 699 6542 6543 6544
14832 699 7192 7193 7194
14833 699 7842 7843 7844
14834 699 8492 8493 8494
14835 699 9142 9143 9144
14836 699 9792 9793 9794
14837 699 10442 10443 10444
14838 699 11092 11093 11094
14839 699 11742 11743 11744
14840 699 12392 12393 12394
14841 699 196 221 220
14842 699 199 221 220
14843 699 846 871 870
14844 699 849 871 870
14845 699 1496 1521 1520
14846 699 1499 1521 1520
14847 699 2146 2171 2170
14848 699 2149 2171 2170
14849 699 2796 2821 2820
14850 699 2799 2821 2820
14851 699 3446 3471 3470
14852 699 3449 3471 3470
14853 699 4096 4121 4120
14854 699 4099 4121 4120
14855 699 4746 4771 4770
14856 699 4749 4771 4770
14857 699 5396 5421 5420
14858 699 5399 5421 5420
14859 699 6046 6071 6070
14860 699 6049 6071 6070
14861 699 6696 6721 6720
14862 699 6699 6721 6720
14863 699 7346 7371 7370
14864 699 7349 7371 7370
14865 699 7996 8021 8020
14866 699 7999 8021 8020
14867 699 8646 8671 8670
14868 699 8649 8671 8670
14869 699 9296 9321 9320
14870 699 9299 9321 9320
14871 699 9946 9971 9970
14872 699 9949 9971 9970
14873 699 10596 10621 10620
14874 699 10599 10621 10620
14875 699 11246 11271 11270
14876 699 11249 11271 11270
14877 699 11896 11921 11920
14878 699 11899 11921 11920
14879 699 12546 12571 12570
14880 699 12549 12571 12570
14881 724 2 3 4
14882 724 96 97 98
14883 724 191 192 193
14884 724 652 653 654
14885 724 746 747 748
14886 724 841 842 843
14887 724 1302 1303 1304
14888 724 1396 1397 1398
14889 724 1491 1492 1493
14890 724 1952 1953 1954
14891 724 2046 2047 2048
14892 724 2141 2142 2143
14893 724 2602 2603 2604
14894 724 2696 2697 2698
14895 724 2791 2792 2793
14896 724 3252 3253 3254
14897 724 3346 3347 3348
14898 724 3441 3442 3443
14899 724 3902 3903 3904
14900 724 3996 3997 3998
14901 724 4091 4092 4093
14902 724 4552 4553 4554
14903 724 4646 4647 4648
14904 724 4741 4742 4743
14905 724 5202 5203 5204
14906 724 5296 5297 5298
14907 724 5391 5392 5393
14908 724 5852 5853 5854
14909 724 5946 5947 5948
14910 724 6041 6042 6043
14911 724 6502 6503 6504
14912 724 6596 6597 6598
14913 724 6691 6692 6693
14914 724 7152 7153 7154
14915 724 7246 7247 7248
14916 724 7341 7342 7343
14917 724 7802 7803 7804
14918 724 7896 7897 7898
14919 724 7991 7992 7993
14920 724 8452 8453 8454
14921 724 8546 8547 8548
14922 724 8641 8642 8643
14923 724 9102 9103 9104
14924 724 9196 9197 9198
14925 724 9291 9292 9293
14926 724 9752 9753 9754
14927 724 9846 9847 9848
14928 724 9941 9942 9943
14929 724 10402 10403 10404
14930 724 10496 10497 10498
14931 724 10591 10592 10593
14932 724 11052 11053 11054
14933 724 11146 11147 11148
14934 724 11241 11242 11243
14935 724 11702 11703 11704
14936 724 11796 11797 11798
14937 724 11891 11892 11893
14938 724 12352 12353 12354
14939 724 12446 12447 12448
14940 724 12541 12542 12543
14941 725 1 3 4
14942 725 95 97 98
14943 725 190 192 193
14944 725 651 653 654
14945 725 745 747 748
14946 725 840 842 843
14947 725 1301 1303 1304
14948 725 1395 1397 1398
14949 725 1490 1492 1493
14950 725 1951 1953 1954
14951 725 2045 2047 2048
14952 725 2140 2142 2143
14953 725 2601 2603 2604
14954 725 2695 2697 2698
14955 725 2790 2792 2793
14956 725 3251 3253 3254
14957 725 3345 3347 3348
14958 725 3440 3442 3443
14959 725 3901 3903 3904
14960 725 3995 3997 3998
14961 725 4090 4092 4093
14962 725 4551 4553 4554
14963 725 4645 4647 4648
14964 725 4740 4742 4743
14965 725 5201 5203 5204
14966 725 5295 5297 5298
14967 725 5390 5392 5393
14968 725 5851 5853 5854
14969 725 5945 5947 5948
14970 725 6040 6042 6043
14971 725 6501 6503 6504
14972 725 6595 6597 6598
14973 725 6690 6692 6693
14974 725 7151 7153 7154
14975 725 7245 7247 7248
14976 725 7340 7342 7343
14977 725 7801 7803 7804
14978 725 7895 7897 7898
14979 725 7990 7992 7993
14980 725 8451 8453 8454
14981 725 8545 8547 8548
14982 725 8640 8642 8643
14983 725 9101 9103 9104
14984 725 9195 9197 9198
14985 725 9290 9292 9293
14986 725 9751 9753 9754
14987 725 9845 9847 9848
14988 725 9940 9942 9943
14989 725 10401 10403 10404
14990 725 10495 10497 10498
14991 725 10590 10592 10593
14992 725 11051 11053 11054
14993 725 11145 11147 11148
14994 725 11240 11242 11243
14995 725 11701 11703 11704
14996 725 11795 11797 11798
14997 725 11890 11892 11893
14998 725 12351 12353 12354
14999 725 12445 12447 12448
15000 725 12540 12542 12543
15001 725 12 11 15
15002 725 106 105 109
15003 725 201 200 204
15004 725 662 661 665
15005 725 756 755 759
15006 725 851 850 854
15007 725 1312 1311 1315
15008 725 1406 1405 1409
15009 725 1501 1500 1504
15010 725 1962 1961 1965
15011 725 2056 2055 2059
15012 725 2151 2150 2154
15013 725 2612 2611 2615
15014 725 2706 2705 2709
15015 725 2801 2800 2804
15016 725 3262 3261 3265
15017 725 3356 3355 3359
15018 725 3451 3450 3454
15019 725 3912 3911 3915
15020 725 4006 4005 4009
15021 725 4101 4100 4104
15022 725 4562 4561 4565
15023 725 4656 4655 4659
15024 725 4751 4750 4754
15025 725 5212 5211 5215
15026 725 5306 5305 5309
15027 725 5401 5400 5404
15028 725 5862 5861 5865
15029 725 5956 5955 5959
15030 725 6051 6050 6054
15031 725 6512 6511 6515
15032 725 6606 6605 6609
15033 725 6701 6700 6704
15034 725 7162 7161 7165
15035 725 7256 7255 7259
15036 725 7351 7350 7354
15037 725 7812 7811 7815
15038 725 7906 7905 7909
15039 725 8001 8000 8004
15040 725 8462 8461 8465
15041 725 8556 8555 8559
15042 725 8651 8650 8654
15043 725 9112 9111 9115
15044 725 9206 9205 9209
15045 725 9301 9300 9304
15046 725 9762 9761 9765
15047 725 9856 9855 9859
15048 725 9951 9950 9954
15049 725 10412 10411 10415
15050 725 10506 10505 10509
15051 725 10601 10600 10604
15052 725 11062 11061 11065
15053 725 11156 11155 11159
15054 725 11251 11250 11254
15055 725 11712 11711 11715
15056 725 11806 11805 11809
15057 725 11901 11900 11904
15058 725 12362 12361 12365
15059 725 12456 12455 12459
15060 725 12551 12550 12554
15061 725 27 28 30
15062 725 48 49 51
15063 725 71 72 74
15064 725 121 122 124
15065 725 143 144 146
15066 725 166 167 169
15067 725 216 217 219
15068 725 239 240 242
15069 725 261 262 264
15070 725 677 678 680
15071 725 698 699 701
15072 725 721 722 724
15073 725 771 772 774
15074 725 793 794 796
15075 725 816 817 819
15076 725 866 867 869
15077 725 889 890 892
15078 725 911 912 914
15079 725 1327 1328 1330
15080 725 1348 1349 1351
15081 725 1371 1372 1374
15082 725 1421 1422 1424
15083 725 1443 1444 1446
15084 725 1466 1467 1469
15085 725 1516 1517 1519
15086 725 1539 1540 1542
15087 725 1561 1562 1564
15088 725 1977 1978 1980
15089 725 1998 1999 2001
15090 725 2021 2022 2024
15091 725 2071 2072 2074
15092 725 2093 2094 2096
15093 725 2116 2117 2119
15094 725 2166 2167 2169
15095 725 2189 2190 2192
15096 725 2211 2212 2214
15097 725 2627 2628 2630
15098 725 2648 2649 2651
15099 725 2671 2672 2674
15100 725 2721 2722 2724
15101 725 2743 2744 2746
15102 725 2766 2767 2769
15103 725 2816 2817 2819
15104 725 2839 2840 2842
15105 725 2861 2862 2864
15106 725 3277 3278 3280
15107 725 3298 3299 3301
15108 725 3321 3322 3324
15109 725 3371 3372 3374
15110 725 3393 3394 3396
15111 725 3416 3417 3419
15112 725 3466 3467 3469
15113 725 3489 3490 3492
15114 725 3511 3512 3514
15115 725 3927 3928 3930
15116 725 3948 3949 3951
15117 725 3971 3972 3974
15118 725 4021 4022 4024
15119 725 4043 4044 4046
15120 725 4066 4067 4069
15121 725 4116 4117 4119
15122 725 4139 4140 4142
15123 725 4161 4162 4164
15124 725 4577 4578 4580
15125 725 4598 4599 4601
15126 725 4621 4622 4624
15127 725 4671 4672 4674
15128 725 4693 4694 4696
15129 725 4716 4717 4719
15130 725 4766 4767 4769
15131 725 4789 4790 4792
15132 725 4811 4812 4814
15133 725 5227 5228 5230
15134 725 5248 5249 5251
15135 725 5271 5272 5274
15136 725 5321 5322 5324
15137 725 5343 5344 5346
15138 725 5366 5367 5369
15139 725 5416 5417 5419
15140 725 5439 5440 5442
15141 725 5461 5462 5464
15142 725 5877 5878 5880
15143 725 5898 5899 5901
15144 725 5921 5922 5924
15145 725 5971 5972 5974
15146 725 5993 5994 5996
15147 725 6016 6017 6019
15148 725 6066 6067 6069
15149 725 6089 6090 6092
15150 725 6111 6112 6114
15151 725 6527 6528 6530
15152 725 6548 6549 6551
15153 725 6571 6572 6574
15154 725 6621 6622 6624
15155 725 6643 6644 6646
15156 725 6666 6667 6669
15157 725 6716 6717 6719
15158 725 6739 6740 6742
15159 725 6761 6762 6764
15160 725 7177 7178 7180
15161 725 7198 7199 7201
15162 725 7221 7222 7224
15163 725 7271 7272 7274
15164 725 7293 7294 7296
15165 725 7316 7317 7319
15166 725 7366 7367 7369
15167 725 7389 7390 7392
15168 725 7411 7412 7414
15169 725 7827 7828 7830
15170 725 7848 7849 7851
15171 725 7871 7872 7874
15172 725 7921 7922 7924
15173 725 7943 7944 7946
15174 725 7966 7967 7969
15175 725 8016 8017 8019
15176 725 8039 8040 8042
15177 725 8061 8062 8064
15178 725 8477 8478 8480
15179 725 8498 8499 8501
15180 725 8521 8522 8524
15181 725 8571 8572 8574
15182 725 8593 8594 8596
15183 725 8616 8617 8619
15184 725 8666 8667 8669
15185 725 8689 8690 8692
15186 725 8711 8712 8714
15187 725 9127 9128 9130
15188 725 9148 9149 9151
15189 725 9171 9172 9174
15190 725 9221 9222 9224
15191 725 9243 9244 9246
15192 725 9266 9267 9269
15193 725 9316 9317 9319
15194 725 9339 9340 9342
15195 725 9361 9362 9364
15196 725 9777 9778 9780
15197 725 9798 9799 9801
15198 725 9821 9822 9824
15199 725 9871 9872 9874
15200 725 9893 9894 9896
15201 725 9916 9917 9919
15202 725 9966 9967 9969
15203 725 9989 9990 9992
15204 725 10011 10012 10014
15205 725 10427 10428 10430
15206 725 10448 10449 10451
15207 725 10471 10472 10474
15208 725 10521 10522 10524
15209 725 10543 10544 10546
15210 725 10566 10567 10569
15211 725 10616 10617 10619
15212 725 10639 10640 10642
15213 725 10661 10662 10664
15214 725 11077 11078 11080
15215 725 11098 11099 11101
15216 725 11121 11122 11124
15217 725 11171 11172 11174
15218 725 11193 11194 11196
15219 725 11216 11217 11219
15220 725 11266 11267 11269
15221 725 11289 11290 11292
15222 725 11311 11312 11314
15223 725 11727 11728 11730
15224 725 11748 11749 11751
15225 725 11771 11772 11774
15226 725 11821 11822 11824
15227 725 11843 11844 11846
15228 725 11866 11867 11869
15229 725 11916 11917 11919
15230 725 11939 11940 11942
15231 725 11961 11962 11964
15232 725 12377 12378 12380
15233 725 12398 12399 12401
15234 725 12421 12422 12424
15235 725 12471 12472 12474
15236 725 12493 12494 12496
15237 725 12516 12517 12519
15238 725 12566 12567 12569
15239 725 12589 12590 12592
15240 725 12611 12612 12614
15241 725 88 89 91
15242 725 183 184 186
15243 725 278 279 281
15244 725 738 739 741
15245 725 833 834 836
15246 725 928 929 931
15247 725 1388 1389 1391
15248 725 1483 1484 1486
15249 725 1578 1579 1581
15250 725 2038 2039 2041
15251 725 2133 2134 2136
15252 725 2228 2229 2231
15253 725 2688 2689 2691
15254 725 2783 2784 2786
15255 725 2878 2879 2881
15256 725 3338 3339 3341
15257 725 3433 3434 3436
15258 725 3528 3529 3531
15259 725 3988 3989 3991
15260 725 4083 4084 4086
15261 725 4178 4179 4181
15262 725 4638 4639 4641
15263 725 4733 4734 4736
15264 725 4828 4829 4831
15265 725 5288 5289 5291
15266 725 5383 5384 5386
15267 725 5478 5479 5481
15268 725 5938 5939 5941
15269 725 6033 6034 6036
15270 725 6128 6129 6131
15271 725 6588 6589 6591
15272 725 6683 6684 6686
15273 725 6778 6779 6781
15274 725 7238 7239 7241
15275 725 7333 7334 7336
15276 725 7428 7429 7431
15277 725 7888 7889 7891
15278 725 7983 7984 7986
15279 725 8078 8079 8081
15280 725 8538 8539 8541
15281 725 8633 8634 8636
15282 725 8728 8729 8731
15283 725 9188 9189 9191
15284 725 9283 9284 9286
15285 725 9378 9379 9381
15286 725 9838 9839 9841
15287 725 9933 9934 9936
15288 725 10028 10029 10031
15289 725 10488 10489 10491
15290 725 10583 10584 10586
15291 725 10678 10679 10681
15292 725 11138 11139 11141
15293 725 11233 11234 11236
15294 725 11328 11329 11331
15295 725 11788 11789 11791
15296 725 11883 11884 11886
15297 725 11978 11979 11981
15298 725 12438 12439 12441
15299 725 12533 12534 12536
15300 725 12628 12629 12631
15301 778 43 44 52
15302 778 693 694 702
15303 778 1343 1344 1352
15304 778 1993 1994 2002
15305 778 2643 2644 2652
15306 778 3293 3294 3302
15307 778 3943 3944 3952
15308 778 4593 4594 4602
15309 778 5243 5244 5252
15310 778 5893 5894 5902
15311 778 6543 6544 6552
15312 778 7193 7194 7202
15313 778 7843 7844 7852
15314 778 8493 8494 8502
15315 778 9143 9144 9152
15316 778 9793 9794 9802
15317 778 10443 10444 10452
15318 778 11093 11094 11102
15319 778 11743 11744 11752
15320 778 12393 12394 12402
15321 778 221 220 222
15322 778 871 870 872
15323 778 1521 1520 1522
15324 778 2171 2170 2172
15325 778 2821 2820 2822
15326 778 3471 3470 3472
15327 778 4121 4120 4122
15328 778 4771 4770 4772
15329 778 5421 5420 5422
15330 778 6071 6070 6072
15331 778 6721 6720 6722
15332 778 7371 7370 7372
15333 778 8021 8020 8022
15334 778 8671 8670 8672
15335 778 9321 9320 9322
15336 778 9971 9970 9972
15337 778 10621 10620 10622
15338 778 11271 11270 11272
15339 778 11921 11920 11922
15340 778 12571 12570 12572
15341 781 9 8 63
15342 781 22 23 53
15343 781 66 67 75
15344 781 103 102 158
15345 781 116 117 148
15346 781 138 139 147
15347 781 161 162 170
15348 781 198 197 253
15349 781 211 212 243
15350 781 125 235 234
15351 781 256 257 265
15352 781 659 658 713
15353 781 672 673 703
15354 781 716 717 725
15355 781 753 752 808
15356 781 766 767 798
15357 781 788 789 797
15358 781 811 812 820
15359 781 848 847 903
15360 781 861 862 893
15361 781 775 885 884
15362 781 906 907 915
15363 781 1309 1308 1363
15364 781 1322 1323 1353
15365 781 1366 1367 1375
15366 781 1403 1402 1458
15367 781 1416 1417 1448
15368 781 1438 1439 1447
15369 781 1461 1462 1470
15370 781 1498 1497 1553
15371 781 1511 1512 1543
15372 781 1425 1535 1534
15373 781 1556 1557 1565
15374 781 1959 1958 2013
15375 781 1972 1973 2003
15376 781 2016 2017 2025
15377 781 2053 2052 2108
15378 781 2066 2067 2098
15379 781 2088 2089 2097
15380 781 2111 2112 2120
15381 781 2148 2147 2203
15382 781 2161 2162 2193
15383 781 2075 2185 2184
15384 781 2206 2207 2215
15385 781 2609 2608 2663
15386 781 2622 2623 2653
15387 781 2666 2667 2675
15388 781 2703 2702 2758
15389 781 2716 2717 2748
15390 781 2738 2739 2747
15391 781 2761 2762 2770
15392 781 2798 2797 2853
15393 781 2811 2812 2843
15394 781 2725 2835 2834
15395 781 2856 2857 2865
15396 781 3259 3258 3313
15397 781 3272 3273 3303
15398 781 3316 3317 3325
15399 781 3353 3352 3408
15400 781 3366 3367 3398
15401 781 3388 3389 3397
15402 781 3411 3412 3420
15403 781 3448 3447 3503
15404 781 3461 3462 3493
15405 781 3375 3485 3484
15406 781 3506 3507 3515
15407 781 3909 3908 3963
15408 781 3922 3923 3953
15409 781 3966 3967 3975
15410 781 4003 4002 4058
15411 781 4016 4017 4048
15412 781 4038 4039 4047
15413 781 4061 4062 4070
15414 781 4098 4097 4153
15415 781 4111 4112 4143
15416 781 4025 4135 4134
15417 781 4156 4157 4165
15418 781 4559 4558 4613
15419 781 4572 4573 4603
15420 781 4616 4617 4625
15421 781 4653 4652 4708
15422 781 4666 4667 4698
15423 781 4688 4689 4697
15424 781 4711 4712 4720
15425 781 4748 4747 4803
15426 781 4761 4762 4793
15427 781 4675 4785 4784
15428 781 4806 4807 4815
15429 781 5209 5208 5263
15430 781 5222 5223 5253
15431 781 5266 5267 5275
15432 781 5303 5302 5358
15433 781 5316 5317 5348
15434 781 5338 5339 5347
15435 781 5361 5362 5370
15436 781 5398 5397 5453
15437 781 5411 5412 5443
15438 781 5325 5435 5434
15439 781 5456 5457 5465
15440 781 5859 5858 5913
15441 781 5872 5873 5903
15442 781 5916 5917 5925
15443 781 5953 5952 6008
15444 781 5966 5967 5998
15445 781 5988 5989 5997
15446 781 6011 6012 6020
15447 781 6048 6047 6103
15448 781 6061 6062 6093
15449 781 5975 6085 6084
15450 781 6106 6107 6115
15451 781 6509 6508 6563
15452 781 6522 6523 6553
15453 781 6566 6567 6575
15454 781 6603 6602 6658
15455 781 6616 6617 6648
15456 781 6638 6639 6647
15457 781 6661 6662 6670
15458 781 6698 6697 6753
15459 781 6711 6712 6743
15460 781 6625 6735 6734
15461 781 6756 6757 6765
15462 781 7159 7158 7213
15463 781 7172 7173 7203
15464 781 7216 7217 7225
15465 781 7253 7252 7308
15466 781 7266 7267 7298
15467 781 7288 7289 7297
15468 781 7311 7312 7320
15469 781 7348 7347 7403
15470 781 7361 7362 7393
15471 781 7275 7385 7384
15472 781 7406 7407 7415
15473 781 7809 7808 7863
15474 781 7822 7823 7853
15475 781 7866 7867 7875
15476 781 7903 7902 7958
15477 781 7916 7917 7948
15478 781 7938 7939 7947
15479 781 7961 7962 7970
15480 781 7998 7997 8053
15481 781 8011 8012 8043
15482 781 7925 8035 8034
15483 781 8056 8057 8065
15484 781 8459 8458 8513
15485 781 8472 8473 8503
15486 781 8516 8517 8525
15487 781 8553 8552 8608
15488 781 8566 8567 8598
15489 781 8588 8589 8597
15490 781 8611 8612 8620
15491 781 8648 8647 8703
15492 781 8661 8662 8693
15493 781 8575 8685 8684
15494 781 8706 8707 8715
15495 781 9109 9108 9163
15496 781 9122 9123 9153
15497 781 9166 9167 9175
15498 781 9203 9202 9258
15499 781 9216 9217 9248
15500 781 9238 9239 9247
15501 781 9261 9262 9270
15502 781 9298 9297 9353
15503 781 9311 9312 9343
15504 781 9225 9335 9334
15505 781 9356 9357 9365
15506 781 9759 9758 9813
15507 781 9772 9773 9803
15508 781 9816 9817 9825
15509 781 9853 9852 9908
15510 781 9866 9867 9898
15511 781 9888 9889 9897
15512 781 9911 9912 9920
15513 781 9948 9947 10003
15514 781 9961 9962 9993
15515 781 9875 9985 9984
15516 781 10006 10007 10015
15517 781 10409 10408 10463
15518 781 10422 10423 10453
15519 781 10466 10467 10475
15520 781 10503 10502 10558
15521 781 10516 10517 10548
15522 781 10538 10539 10547
15523 781 10561 10562 10570
15524 781 10598 10597 10653
15525 781 10611 10612 10643
15526 781 10525 10635 10634
15527 781 10656 10657 10665
15528 781 11059 11058 11113
15529 781 11072 11073 11103
15530 781 11116 11117 11125
15531 781 11153 11152 11208
15532 781 11166 11167 11198
15533 781 11188 11189 11197
15534 781 11211 11212 11220
15535 781 11248 11247 11303
15536 781 11261 11262 11293
15537 781 11175 11285 11284
15538 781 11306 11307 11315
15539 781 11709 11708 11763
15540 781 11722 11723 11753
15541 781 11766 11767 11775
15542 781 11803 11802 11858
15543 781 11816 11817 11848
15544 781 11838 11839 11847
15545 781 11861 11862 11870
15546 781 11898 11897 11953
15547 781 11911 11912 11943
15548 781 11825 11935 11934
15549 781 11956 11957 11965
15550 781 12359 12358 12413
15551 781 12372 12373 12403
15552 781 12416 12417 12425
15553 781 12453 12452 12508
15554 781 12466 12467 12498
15555 781 12488 12489 12497
15556 781 12511 12512 12520
15557 781 12548 12547 12603
15558 781 12561 12562 12593
15559 781 12475 12585 12584
15560 781 12606 12607 12615
15561 781 20 75 67
15562 781 31 147 139
15563 781 23 53 41
15564 781 8 63 64
15565 781 114 170 162
15566 781 126 125 235
15567 781 117 148 136
15568 781 102 158 159
15569 781 209 265 257
15570 781 212 243 232
15571 781 197 253 254
15572 781 670 725 717
15573 781 681 797 789
15574 781 673 703 691
15575 781 658 713 714
15576 781 764 820 812
15577 781 776 775 885
15578 781 767 798 786
15579 781 752 808 809
15580 781 859 915 907
15581 781 862 893 882
15582 781 847 903 904
15583 781 1320 1375 1367
15584 781 1331 1447 1439
15585 781 1323 1353 1341
15586 781 1308 1363 1364
15587 781 1414 1470 1462
15588 781 1426 1425 1535
15589 781 1417 1448 1436
15590 781 1402 1458 1459
15591 781 1509 1565 1557
15592 781 1512 1543 1532
15593 781 1497 1553 1554
15594 781 1970 2025 2017
15595 781 1981 2097 2089
15596 781 1973 2003 1991
15597 781 1958 2013 2014
15598 781 2064 2120 2112
15599 781 2076 2075 2185
15600 781 2067 2098 2086
15601 781 2052 2108 2109
15602 781 2159 2215 2207
15603 781 2162 2193 2182
15604 781 2147 2203 2204
15605 781 2620 2675 2667
15606 781 2631 2747 2739
15607 781 2623 2653 2641
15608 781 2608 2663 2664
15609 781 2714 2770 2762
15610 781 2726 2725 2835
15611 781 2717 2748 2736
15612 781 2702 2758 2759
15613 781 2809 2865 2857
15614 781 2812 2843 2832
15615 781 2797 2853 2854
15616 781 3270 3325 3317
15617 781 3281 3397 3389
15618 781 3273 3303 3291
15619 781 3258 3313 3314
15620 781 3364 3420 3412
15621 781 3376 3375 3485
15622 781 3367 3398 3386
15623 781 3352 3408 3409
15624 781 3459 3515 3507
15625 781 3462 3493 3482
15626 781 3447 3503 3504
15627 781 3920 3975 3967
15628 781 3931 4047 4039
15629 781 3923 3953 3941
15630 781 3908 3963 3964
15631 781 4014 4070 4062
15632 781 4026 4025 4135
15633 781 4017 4048 4036
15634 781 4002 4058 4059
15635 781 4109 4165 4157
15636 781 4112 4143 4132
15637 781 4097 4153 4154
15638 781 4570 4625 4617
15639 781 4581 4697 4689
15640 781 4573 4603 4591
15641 781 4558 4613 4614
15642 781 4664 4720 4712
15643 781 4676 4675 4785
15644 781 4667 4698 4686
15645 781 4652 4708 4709
15646 781 4759 4815 4807
15647 781 4762 4793 4782
15648 781 4747 4803 4804
15649 781 5220 5275 5267
15650 781 5231 5347 5339
15651 781 5223 5253 5241
15652 781 5208 5263 5264
15653 781 5314 5370 5362
15654 781 5326 5325 5435
15655 781 5317 5348 5336
15656 781 5302 5358 5359
15657 781 5409 5465 5457
15658 781 5412 5443 5432
15659 781 5397 5453 5454
15660 781 5870 5925 5917
15661 781 5881 5997 5989
15662 781 5873 5903 5891
15663 781 5858 5913 5914
15664 781 5964 6020 6012
15665 781 5976 5975 6085
15666 781 5967 5998 5986
15667 781 5952 6008 6009
15668 781 6059 6115 6107
15669 781 6062 6093 6082
15670 781 6047 6103 6104
15671 781 6520 6575 6567
15672 781 6531 6647 6639
15673 781 6523 6553 6541
15674 781 6508 6563 6564
15675 781 6614 6670 6662
15676 781 6626 6625 6735
15677 781 6617 6648 6636
15678 781 6602 6658 6659
15679 781 6709 6765 6757
15680 781 6712 6743 6732
15681 781 6697 6753 6754
15682 781 7170 7225 7217
15683 781 7181 7297 7289
15684 781 7173 7203 7191
15685 781 7158 7213 7214
15686 781 7264 7320 7312
15687 781 7276 7275 7385
15688 781 7267 7298 7286
15689 781 7252 7308 7309
15690 781 7359 7415 7407
15691 781 7362 7393 7382
15692 781 7347 7403 7404
15693 781 7820 7875 7867
15694 781 7831 7947 7939
15695 781 7823 7853 7841
15696 781 7808 7863 7864
15697 781 7914 7970 7962
15698 781 7926 7925 8035
15699 781 7917 7948 7936
15700 781 7902 7958 7959
15701 781 8009 8065 8057
15702 781 8012 8043 8032
15703 781 7997 8053 8054
15704 781 8470 8525 8517
15705 781 8481 8597 8589
15706 781 8473 8503 8491
15707 781 8458 8513 8514
15708 781 8564 8620 8612
15709 781 8576 8575 8685
15710 781 8567 8598 8586
15711 781 8552 8608 8609
15712 781 8659 8715 8707
15713 781 8662 8693 8682
15714 781 8647 8703 8704
15715 781 9120 9175 9167
15716 781 9131 9247 9239
15717 781 9123 9153 9141
15718 781 9108 9163 9164
15719 781 9214 9270 9262
15720 781 9226 9225 9335
15721 781 9217 9248 9236
15722 781 9202 9258 9259
15723 781 9309 9365 9357
15724 781 9312 9343 9332
15725 781 9297 9353 9354
15726 781 9770 9825 9817
15727 781 9781 9897 9889
15728 781 9773 9803 9791
15729 781 9758 9813 9814
15730 781 9864 9920 9912
15731 781 9876 9875 9985
15732 781 9867 9898 9886
15733 781 9852 9908 9909
15734 781 9959 10015 10007
15735 781 9962 9993 9982
15736 781 9947 10003 10004
15737 781 10420 10475 10467
15738 781 10431 10547 10539
15739 781 10423 10453 10441
15740 781 10408 10463 10464
15741 781 10514 10570 10562
15742 781 10526 10525 10635
15743 781 10517 10548 10536
15744 781 10502 10558 10559
15745 781 10609 10665 10657
15746 781 10612 10643 10632
15747 781 10597 10653 10654
15748 781 11070 11125 11117
15749 781 11081 11197 11189
15750 781 11073 11103 11091
15751 781 11058 11113 11114
15752 781 11164 11220 11212
15753 781 11176 11175 11285
15754 781 11167 11198 11186
15755 781 11152 11208 11209
15756 781 11259 11315 11307
15757 781 11262 11293 11282
15758 781 11247 11303 11304
15759 781 11720 11775 11767
15760 781 11731 11847 11839
15761 781 11723 11753 11741
15762 781 11708 11763 11764
15763 781 11814 11870 11862
15764 781 11826 11825 11935
15765 781 11817 11848 11836
15766 781 11802 11858 11859
15767 781 11909 11965 11957
15768 781 11912 11943 11932
15769 781 11897 11953 11954
15770 781 12370 12425 12417
15771 781 12381 12497 12489
15772 781 12373 12403 12391
15773 781 12358 12413 12414
15774 781 12464 12520 12512
15775 781 12476 12475 12585
15776 781 12467 12498 12486
15777 781 12452 12508 12509
15778 781 12559 12615 12607
15779 781 12562 12593 12582
15780 781 12547 12603 12604
15781 908 32 33 34
15782 908 54 55 56
15783 908 127 128 129
15784 908 149 150 151
15785 908 223 224 225
15786 908 244 245 246
15787 908 682 683 684
15788 908 704 705 706
15789 908 777 778 779
15790 908 799 800 801
15791 908 873 874 875
15792 908 894 895 896
15793 908 1332 1333 1334
15794 908 1354 1355 1356
15795 908 1427 1428 1429
15796 908 1449 1450 1451
15797 908 1523 1524 1525
15798 908 1544 1545 1546
15799 908 1982 1983 1984
15800 908 2004 2005 2006
15801 908 2077 2078 2079
15802 908 2099 2100 2101
15803 908 2173 2174 2175
15804 908 2194 2195 2196
15805 908 2632 2633 2634
15806 908 2654 2655 2656
15807 908 2727 2728 2729
15808 908 2749 2750 2751
15809 908 2823 2824 2825
15810 908 2844 2845 2846
15811 908 3282 3283 3284
15812 908 3304 3305 3306
15813 908 3377 3378 3379
15814 908 3399 3400 3401
15815 908 3473 3474 3475
15816 908 3494 3495 3496
15817 908 3932 3933 3934
15818 908 3954 3955 3956
15819 908 4027 4028 4029
15820 908 4049 4050 4051
15821 908 4123 4124 4125
15822 908 4144 4145 4146
15823 908 4582 4583 4584
15824 908 4604 4605 4606
15825 908 4677 4678 4679
15826 908 4699 4700 4701
15827 908 4773 4774 4775
15828 908 4794 4795 4796
15829 908 5232 5233 5234
15830 908 5254 5255 5256
15831 908 5327 5328 5329
15832 908 5349 5350 5351
15833 908 5423 5424 5425
15834 908 5444 5445 5446
15835 908 5882 5883 5884
15836 908 5904 5905 5906
15837 908 5977 5978 5979
15838 908 5999 6000 6001
15839 908 6073 6074 6075
15840 908 6094 6095 6096
15841 908 6532 6533 6534
15842 908 6554 6555 6556
15843 908 6627 6628 6629
15844 908 6649 6650 6651
15845 908 6723 6724 6725
15846 908 6744 6745 6746
15847 908 7182 7183 7184
15848 908 7204 7205 7206
15849 908 7277 7278 7279
15850 908 7299 7300 7301
15851 908 7373 7374 7375
15852 908 7394 7395 7396
15853 908 7832 7833 7834
15854 908 7854 7855 7856
15855 908 7927 7928 7929
15856 908 7949 7950 7951
15857 908 8023 8024 8025
15858 908 8044 8045 8046
15859 908 8482 8483 8484
15860 908 8504 8505 8506
15861 908 8577 8578 8579
15862 908 8599 8600 8601
15863 908 8673 8674 8675
15864 908 8694 8695 8696
15865 908 9132 9133 9134
15866 908 9154 9155 9156
15867 908 9227 9228 9229
15868 908 9249 9250 9251
15869 908 9323 9324 9325
15870 908 9344 9345 9346
15871 908 9782 9783 9784
15872 908 9804 9805 9806
15873 908 9877 9878 9879
15874 908 9899 9900 9901
15875 908 9973 9974 9975
15876 908 9994 9995 9996
15877 908 10432 10433 10434
15878 908 10454 10455 10456
15879 908 10527 10528 10529
15880 908 10549 10550 10551
15881 908 10623 10624 10625
15882 908 10644 10645 10646
15883 908 11082 11083 11084
15884 908 11104 11105 11106
15885 908 11177 11178 11179
15886 908 11199 11200 11201
15887 908 11273 11274 11275
15888 908 11294 11295 11296
15889 908 11732 11733 11734
15890 908 11754 11755 11756
15891 908 11827 11828 11829
15892 908 11849 11850 11851
15893 908 11923 11924 11925
15894 908 11944 11945 11946
15895 908 12382 12383 12384
15896 908 12404 12405 12406
15897 908 12477 12478 12479
15898 908 12499 12500 12501
15899 908 12573 12574 12575
15900 908 12594 12595 12596
15901 909 32 33 35
15902 909 54 55 57
15903 909 127 128 130
15904 909 149 150 152
15905 909 223 224 226
15906 909 244 245 247
15907 909 682 683 685
15908 909 704 705 707
15909 909 777 778 780
15910 909 799 800 802
15911 909 873 874 876
15912 909 894 895 897
15913 909 1332 1333 1335
15914 909 1354 1355 1357
15915 909 1427 1428 1430
15916 909 1449 1450 1452
15917 909 1523 1524 1526
15918 909 1544 1545 1547
15919 909 1982 1983 1985
15920 909 2004 2005 2007
15921 909 2077 2078 2080
15922 909 2099 2100 2102
15923 909 2173 2174 2176
15924 909 2194 2195 2197
15925 909 2632 2633 2635
15926 909 2654 2655 2657
15927 909 2727 2728 2730
15928 909 2749 2750 2752
15929 909 2823 2824 2826
15930 909 2844 2845 2847
15931 909 3282 3283 3285
15932 909 3304 3305 3307
15933 909 3377 3378 3380
15934 909 3399 3400 3402
15935 909 3473 3474 3476
15936 909 3494 3495 3497
15937 909 3932 3933 3935
15938 909 3954 3955 3957
15939 909 4027 4028 4030
15940 909 4049 4050 4052
15941 909 4123 4124 4126
15942 909 4144 4145 4147
15943 909 4582 4583 4585
15944 909 4604 4605 4607
15945 909 4677 4678 4680
15946 909 4699 4700 4702
15947 909 4773 4774 4776
15948 909 4794 4795 4797
15949 909 5232 5233 5235
15950 909 5254 5255 5257
15951 909 5327 5328 5330
15952 909 5349 5350 5352
15953 909 5423 5424 5426
15954 909 5444 5445 5447
15955 909 5882 5883 5885
15956 909 5904 5905 5907
15957 909 5977 5978 5980
15958 909 5999 6000 6002
15959 909 6073 6074 6076
15960 909 6094 6095 6097
15961 909 6532 6533 6535
15962 909 6554 6555 6557
15963 909 6627 6628 6630
15964 909 6649 6650 6652
15965 909 6723 6724 6726
15966 909 6744 6745 6747
15967 909 7182 7183 7185
15968 909 7204 7205 7207
15969 909 7277 7278 7280
15970 909 7299 7300 7302
15971 909 7373 7374 7376
15972 909 7394 7395 7397
15973 909 7832 7833 7835
15974 909 7854 7855 7857
15975 909 7927 7928 7930
15976 909 7949 7950 7952
15977 909 8023 8024 8026
15978 909 8044 8045 8047
15979 909 8482 8483 8485
15980 909 8504 8505 8507
15981 909 8577 8578 8580
15982 909 8599 8600 8602
15983 909 8673 8674 8676
15984 909 8694 8695 8697
15985 909 9132 9133 9135
15986 909 9154 9155 9157
15987 909 9227 9228 9230
15988 909 9249 9250 9252
15989 909 9323 9324 9326
15990 909 9344 9345 9347
15991 909 9782 9783 9785
15992 909 9804 9805 9807
15993 909 9877 9878 9880
15994 909 9899 9900 9902
15995 909 9973 9974 9976
15996 909 9994 9995 9997
15997 909 10432 10433 10435
15998 909 10454 10455 10457
15999 909 10527 10528 10530
16000 909 10549 10550 10552
16001 909 10623 10624 10626
16002 909 10644 10645 10647
16003 909 11082 11083 11085
16004 909 11104 11105 11107
16005 909 11177 11178 11180
16006 909 11199 11200 11202
16007 909 11273 11274 11276
16008 909 11294 11295 11297
16009 909 11732 11733 11735
16010 909 11754 11755 11757
16011 909 11827 11828 11830
16012 909 11849 11850 11852
16013 909 11923 11924 11926
16014 909 11944 11945 11947
16015 909 12382 12383 12385
16016 909 12404 12405 12407
16017 909 12477 12478 12480
16018 909 12499 12500 12502
16019 909 12573 12574 12576
16020 909 12594 12595 12597
16021 917 3 4 5
16022 917 97 98 99
16023 917 192 193 194
16024 917 653 654 655
16025 917 747 748 749
16026 917 842 843 844
16027 917 1303 1304 1305
16028 917 1397 1398 1399
16029 917 1492 1493 1494
16030 917 1953 1954 1955
16031 917 2047 2048 2049
16032 917 2142 2143 2144
16033 917 2603 2604 2605
16034 917 2697 2698 2699
16035 917 2792 2793 2794
16036 917 3253 3254 3255
16037 917 3347 3348 3349
16038 917 3442 3443 3444
16039 917 3903 3904 3905
16040 917 3997 3998 3999
16041 917 4092 4093 4094
16042 917 4553 4554 4555
16043 917 4647 4648 4649
16044 917 4742 4743 4744
16045 917 5203 5204 5205
16046 917 5297 5298 5299
16047 917 5392 5393 5394
16048 917 5853 5854 5855
16049 917 5947 5948 5949
16050 917 6042 6043 6044
16051 917 6503 6504 6505
16052 917 6597 6598 6599
16053 917 6692 6693 6694
16054 917 7153 7154 7155
16055 917 7247 7248 7249
16056 917 7342 7343 7344
16057 917 7803 7804 7805
16058 917 7897 7898 7899
16059 917 7992 7993 7994
16060 917 8453 8454 8455
16061 917 8547 8548 8549
16062 917 8642 8643 8644
16063 917 9103 9104 9105
16064 917 9197 9198 9199
16065 917 9292 9293 9294
16066 917 9753 9754 9755
16067 917 9847 9848 9849
16068 917 9942 9943 9944
16069 917 10403 10404 10405
16070 917 10497 10498 10499
16071 917 10592 10593 10594
16072 917 11053 11054 11055
16073 917 11147 11148 11149
16074 917 11242 11243 11244
16075 917 11703 11704 11705
16076 917 11797 11798 11799
16077 917 11892 11893 11894
16078 917 12353 12354 12355
16079 917 12447 12448 12449
16080 917 12542 12543 12544
16081 917 11 12 13
16082 917 105 106 107
16083 917 200 201 202
16084 917 661 662 663
16085 917 755 756 757
16086 917 850 851 852
16087 917 1311 1312 1313
16088 917 1405 1406 1407
16089 917 1500 1501 1502
16090 917 1961 1962 1963
16091 917 2055 2056 2057
16092 917 2150 2151 2152
16093 917 2611 2612 2613
16094 917 2705 2706 2707
16095 917 2800 2801 2802
16096 917 3261 3262 3263
16097 917 3355 3356 3357
16098 917 3450 3451 3452
16099 917 3911 3912 3913
16100 917 4005 4006 4007
16101 917 4100 4101 4102
16102 917 4561 4562 4563
16103 917 4655 4656 4657
16104 917 4750 4751 4752
16105 917 5211 5212 5213
16106 917 5305 5306 5307
16107 917 5400 5401 5402
16108 917 5861 5862 5863
16109 917 5955 5956 5957
16110 917 6050 6051 6052
16111 917 6511 6512 6513
16112 917 6605 6606 6607
16113 917 6700 6701 6702
16114 917 7161 7162 7163
16115 917 7255 7256 7257
16116 917 7350 7351 7352
16117 917 7811 7812 7813
16118 917 7905 7906 7907
16119 917 8000 8001 8002
16120 917 8461 8462 8463
16121 917 8555 8556 8557
16122 917 8650 8651 8652
16123 917 9111 9112 9113
16124 917 9205 9206 9207
16125 917 9300 9301 9302
16126 917 9761 9762 9763
16127 917 9855 9856 9857
16128 917 9950 9951 9952
16129 917 10411 10412 10413
16130 917 10505 10506 10507
16131 917 10600 10601 10602
16132 917 11061 11062 11063
16133 917 11155 11156 11157
16134 917 11250 11251 11252
16135 917 11711 11712 11713
16136 917 11805 11806 11807
16137 917 11900 11901 11902
16138 917 12361 12362 12363
16139 917 12455 12456 12457
16140 917 12550 12551 12552
16141 917 11 12 14
16142 917 11 12 94
16143 917 105 106 108
16144 917 105 106 189
16145 917 200 201 203
16146 917 200 201 284
16147 917 661 662 664
16148 917 661 662 744
16149 917 755 756 758
16150 917 755 756 839
16151 917 850 851 853
16152 917 850 851 934
16153 917 1311 1312 1314
16154 917 1311 1312 1394
16155 917 1405 1406 1408
16156 917 1405 1406 1489
16157 917 1500 1501 1503
16158 917 1500 1501 1584
16159 917 1961 1962 1964
16160 917 1961 1962 2044
16161 917 2055 2056 2058
16162 917 2055 2056 2139
16163 917 2150 2151 2153
16164 917 2150 2151 2234
16165 917 2611 2612 2614
16166 917 2611 2612 2694
16167 917 2705 2706 2708
16168 917 2705 2706 2789
16169 917 2800 2801 2803
16170 917 2800 2801 2884
16171 917 3261 3262 3264
16172 917 3261 3262 3344
16173 917 3355 3356 3358
16174 917 3355 3356 3439
16175 917 3450 3451 3453
16176 917 3450 3451 3534
16177 917 3911 3912 3914
16178 917 3911 3912 3994
16179 917 4005 4006 4008
16180 917 4005 4006 4089
16181 917 4100 4101 4103
16182 917 4100 4101 4184
16183 917 4561 4562 4564
16184 917 4561 4562 4644
16185 917 4655 4656 4658
16186 917 4655 4656 4739
16187 917 4750 4751 4753
16188 917 4750 4751 4834
16189 917 5211 5212 5214
16190 917 5211 5212 5294
16191 917 5305 5306 5308
16192 917 5305 5306 5389
16193 917 5400 5401 5403
16194 917 5400 5401 5484
16195 917 5861 5862 5864
16196 917 5861 5862 5944
16197 917 5955 5956 5958
16198 917 5955 5956 6039
16199 917 6050 6051 6053
16200 917 6050 6051 6134
16201 917 6511 6512 6514
16202 917 6511 6512 6594
16203 917 6605 6606 6608
16204 917 6605 6606 6689
16205 917 6700 6701 6703
16206 917 6700 6701 6784
16207 917 7161 7162 7164
16208 917 7161 7162 7244
16209 917 7255 7256 7258
16210 917 7255 7256 7339
16211 917 7350 7351 7353
16212 917 7350 7351 7434
16213 917 7811 7812 7814
16214 917 7811 7812 7894
16215 917 7905 7906 7908
16216 917 7905 7906 7989
16217 917 8000 8001 8003
16218 917 8000 8001 8084
16219 917 8461 8462 8464
16220 917 8461 8462 8544
16221 917 8555 8556 8558
16222 917 8555 8556 8639
16223 917 8650 8651 8653
16224 917 8650 8651 8734
16225 917 9111 9112 9114
16226 917 9111 9112 9194
16227 917 9205 9206 9208
16228 917 9205 9206 9289
16229 917 9300 9301 9303
16230 917 9300 9301 9384
16231 917 9761 9762 9764
16232 917 9761 9762 9844
16233 917 9855 9856 9858
16234 917 9855 9856 9939
16235 917 9950 9951 9953
16236 917 9950 9951 10034
16237 917 10411 10412 10414
16238 917 10411 10412 10494
16239 917 10505 10506 10508
16240 917 10505 10506 10589
16241 917 10600 10601 10603
16242 917 10600 10601 10684
16243 917 11061 11062 11064
16244 917 11061 11062 11144
16245 917 11155 11156 11158
16246 917 11155 11156 11239
16247 917 11250 11251 11253
16248 917 11250 11251 11334
16249 917 11711 11712 11714
16250 917 11711 11712 11794
16251 917 11805 11806 11808
16252 917 11805 11806 11889
16253 917 11900 11901 11903
16254 917 11900 11901 11984
16255 917 12361 12362 12364
16256 917 12361 12362 12444
16257 917 12455 12456 12458
16258 917 12455 12456 12539
16259 917 12550 12551 12553
16260 917 12550 12551 12634
16261 917 26 27 28
16262 917 47 48 49
16263 917 70 71 72
16264 917 120 121 122
16265 917 142 143 144
16266 917 165 166 167
16267 917 215 216 217
16268 917 238 239 240
16269 917 260 261 262
16270 917 676 677 678
16271 917 697 698 699
16272 917 720 721 722
16273 917 770 771 772
16274 917 792 793 794
16275 917 815 816 817
16276 917 865 866 867
16277 917 888 889 890
16278 917 910 911 912
16279 917 1326 1327 1328
16280 917 1347 1348 1349
16281 917 1370 1371 1372
16282 917 1420 1421 1422
16283 917 1442 1443 1444
16284 917 1465 1466 1467
16285 917 1515 1516 1517
16286 917 1538 1539 1540
16287 917 1560 1561 1562
16288 917 1976 1977 1978
16289 917 1997 1998 1999
16290 917 2020 2021 2022
16291 917 2070 2071 2072
16292 917 2092 2093 2094
16293 917 2115 2116 2117
16294 917 2165 2166 2167
16295 917 2188 2189 2190
16296 917 2210 2211 2212
16297 917 2626 2627 2628
16298 917 2647 2648 2649
16299 917 2670 2671 2672
16300 917 2720 2721 2722
16301 917 2742 2743 2744
16302 917 2765 2766 2767
16303 917 2815 2816 2817
16304 917 2838 2839 2840
16305 917 2860 2861 2862
16306 917 3276 3277 3278
16307 917 3297 3298 3299
16308 917 3320 3321 3322
16309 917 3370 3371 3372
16310 917 3392 3393 3394
16311 917 3415 3416 3417
16312 917 3465 3466 3467
16313 917 3488 3489 3490
16314 917 3510 3511 3512
16315 917 3926 3927 3928
16316 917 3947 3948 3949
16317 917 3970 3971 3972
16318 917 4020 4021 4022
16319 917 4042 4043 4044
16320 917 4065 4066 4067
16321 917 4115 4116 4117
16322 917 4138 4139 4140
16323 917 4160 4161 4162
16324 917 4576 4577 4578
16325 917 4597 4598 4599
16326 917 4620 4621 4622
16327 917 4670 4671 4672
16328 917 4692 4693 4694
16329 917 4715 4716 4717
16330 917 4765 4766 4767
16331 917 4788 4789 4790
16332 917 4810 4811 4812
16333 917 5226 5227 5228
16334 917 5247 5248 5249
16335 917 5270 5271 5272
16336 917 5320 5321 5322
16337 917 5342 5343 5344
16338 917 5365 5366 5367
16339 917 5415 5416 5417
16340 917 5438 5439 5440
16341 917 5460 5461 5462
16342 917 5876 5877 5878
16343 917 5897 5898 5899
16344 917 5920 5921 5922
16345 917 5970 5971 5972
16346 917 5992 5993 5994
16347 917 6015 6016 6017
16348 917 6065 6066 6067
16349 917 6088 6089 6090
16350 917 6110 6111 6112
16351 917 6526 6527 6528
16352 917 6547 6548 6549
16353 917 6570 6571 6572
16354 917 6620 6621 6622
16355 917 6642 6643 6644
16356 917 6665 6666 6667
16357 917 6715 6716 6717
16358 917 6738 6739 6740
16359 917 6760 6761 6762
16360 917 7176 7177 7178
16361 917 7197 7198 7199
16362 917 7220 7221 7222
16363 917 7270 7271 7272
16364 917 7292 7293 7294
16365 917 7315 7316 7317
16366 917 7365 7366 7367
16367 917 7388 7389 7390
16368 917 7410 7411 7412
16369 917 7826 7827 7828
16370 917 7847 7848 7849
16371 917 7870 7871 7872
16372 917 7920 7921 7922
16373 917 7942 7943 7944
16374 917 7965 7966 7967
16375 917 8015 8016 8017
16376 917 8038 8039 8040
16377 917 8060 8061 8062
16378 917 8476 8477 8478
16379 917 8497 8498 8499
16380 917 8520 8521 8522
16381 917 8570 8571 8572
16382 917 8592 8593 8594
16383 917 8615 8616 8617
16384 917 8665 8666 8667
16385 917 8688 8689 8690
16386 917 8710 8711 8712
16387 917 9126 9127 9128
16388 917 9147 9148 9149
16389 917 9170 9171 9172
16390 917 9220 9221 9222
16391 917 9242 9243 9244
16392 917 9265 9266 9267
16393 917 9315 9316 9317
16394 917 9338 9339 9340
16395 917 9360 9361 9362
16396 917 9776 9777 9778
16397 917 9797 9798 9799
16398 917 9820 9821 9822
16399 917 9870 9871 9872
16400 917 9892 9893 9894
16401 917 9915 9916 9917
16402 917 9965 9966 9967
16403 917 9988 9989 9990
16404 917 10010 10011 10012
16405 917 10426 10427 10428
16406 917 10447 10448 10449
16407 917 10470 10471 10472
16408 917 10520 10521 10522
16409 917 10542 10543 10544
16410 917 10565 10566 10567
16411 917 10615 10616 10617
16412 917 10638 10639 10640
16413 917 10660 10661 10662
16414 917 11076 11077 11078
16415 917 11097 11098 11099
16416 917 11120 11121 11122
16417 917 11170 11171 11172
16418 917 11192 11193 11194
16419 917 11215 11216 11217
16420 917 11265 11266 11267
16421 917 11288 11289 11290
16422 917 11310 11311 11312
16423 917 11726 11727 11728
16424 917 11747 11748 11749
16425 917 11770 11771 11772
16426 917 11820 11821 11822
16427 917 11842 11843 11844
16428 917 11865 11866 11867
16429 917 11915 11916 11917
16430 917 11938 11939 11940
16431 917 11960 11961 11962
16432 917 12376 12377 12378
16433 917 12397 12398 12399
16434 917 12420 12421 12422
16435 917 12470 12471 12472
16436 917 12492 12493 12494
16437 917 12515 12516 12517
16438 917 12565 12566 12567
16439 917 12588 12589 12590
16440 917 12610 12611 12612
16441 917 89 88 92
16442 917 184 183 187
16443 917 279 278 282
16444 917 739 738 742
16445 917 834 833 837
16446 917 929 928 932
16447 917 1389 1388 1392
16448 917 1484 1483 1487
16449 917 1579 1578 1582
16450 917 2039 2038 2042
16451 917 2134 2133 2137
16452 917 2229 2228 2232
16453 917 2689 2688 2692
16454 917 2784 2783 2787
16455 917 2879 2878 2882
16456 917 3339 3338 3342
16457 917 3434 3433 3437
16458 917 3529 3528 3532
16459 917 3989 3988 3992
16460 917 4084 4083 4087
16461 917 4179 4178 4182
16462 917 4639 4638 4642
16463 917 4734 4733 4737
16464 917 4829 4828 4832
16465 917 5289 5288 5292
16466 917 5384 5383 5387
16467 917 5479 5478 5482
16468 917 5939 5938 5942
16469 917 6034 6033 6037
16470 917 6129 6128 6132
16471 917 6589 6588 6592
16472 917 6684 6683 6687
16473 917 6779 6778 6782
16474 917 7239 7238 7242
16475 917 7334 7333 7337
16476 917 7429 7428 7432
16477 917 7889 7888 7892
16478 917 7984 7983 7987
16479 917 8079 8078 8082
16480 917 8539 8538 8542
16481 917 8634 8633 8637
16482 917 8729 8728 8732
16483 917 9189 9188 9192
16484 917 9284 9283 9287
16485 917 9379 9378 9382
16486 917 9839 9838 9842
16487 917 9934 9933 9937
16488 917 10029 10028 10032
16489 917 10489 10488 10492
16490 917 10584 10583 10587
16491 917 10679 10678 10682
16492 917 11139 11138 11142
16493 917 11234 11233 11237
16494 917 11329 11328 11332
16495 917 11789 11788 11792
16496 917 11884 11883 11887
16497 917 11979 11978 11982
16498 917 12439 12438 12442
16499 917 12534 12533 12537
16500 917 12629 12628 12632
16501 917 89 88 93
16502 917 184 183 188
16503 917 279 278 283
16504 917 739 738 743
16505 917 834 833 838
16506 917 929 928 933
16507 917 1389 1388 1393
16508 917 1484 1483 1488
16509 917 1579 1578 1583
16510 917 2039 2038 2043
16511 917 2134 2133 2138
16512 917 2229 2228 2233
16513 917 2689 2688 2693
16514 917 2784 2783 2788
16515 917 2879 2878 2883
16516 917 3339 3338 3343
16517 917 3434 3433 3438
16518 917 3529 3528 3533
16519 917 3989 3988 3993
16520 917 4084 4083 4088
16521 917 4179 4178 4183
16522 917 4639 4638 4643
16523 917 4734 4733 4738
16524 917 4829 4828 4833
16525 917 5289 5288 5293
16526 917 5384 5383 5388
16527 917 5479 5478 5483
16528 917 5939 5938 5943
16529 917 6034 6033 6038
16530 917 6129 6128 6133
16531 917 6589 6588 6593
16532 917 6684 6683 6688
16533 917 6779 6778 6783
16534 917 7239 7238 7243
16535 917 7334 7333 7338
16536 917 7429 7428 7433
16537 917 7889 7888 7893
16538 917 7984 7983 7988
16539 917 8079 8078 8083
16540 917 8539 8538 8543
16541 917 8634 8633 8638
16542 917 8729 8728 8733
16543 917 9189 9188 9193
16544 917 9284 9283 9288
16545 917 9379 9378 9383
16546 917 9839 9838 9843
16547 917 9934 9933 9938
16548 917 10029 10028 10033
16549 917 10489 10488 10493
16550 917 10584 10583 10588
16551 917 10679 10678 10683
16552 917 11139 11138 11143
16553 917 11234 11233 11238
16554 917 11329 11328 11333
16555 917 11789 11788 11793
16556 917 11884 11883 11888
16557 917 11979 11978 11983
16558 917 12439 12438 12443
16559 917 12534 12533 12538
16560 917 12629 12628 12633
16561 921 3 4 286
16562 921 3 4 287
16563 921 97 98 409
16564 921 97 98 410
16565 921 192 193 529
16566 921 192 193 530
16567 921 653 654 936
16568 921 653 654 937
16569 921 747 748 1059
16570 921 747 748 1060
16571 921 842 843 1179
16572 921 842 843 1180
16573 921 1303 1304 1586
16574 921 1303 1304 1587
16575 921 1397 1398 1709
16576 921 1397 1398 1710
16577 921 1492 1493 1829
16578 921 1492 1493 1830
16579 921 1953 1954 2236
16580 921 1953 1954 2237
16581 921 2047 2048 2359
16582 921 2047 2048 2360
16583 921 2142 2143 2479
16584 921 2142 2143 2480
16585 921 2603 2604 2886
16586 921 2603 2604 2887
16587 921 2697 2698 3009
16588 921 2697 2698 3010
16589 921 2792 2793 3129
16590 921 2792 2793 3130
16591 921 3253 3254 3536
16592 921 3253 3254 3537
16593 921 3347 3348 3659
16594 921 3347 3348 3660
16595 921 3442 3443 3779
16596 921 3442 3443 3780
16597 921 3903 3904 4186
16598 921 3903 3904 4187
16599 921 3997 3998 4309
16600 921 3997 3998 4310
16601 921 4092 4093 4429
16602 921 4092 4093 4430
16603 921 4553 4554 4836
16604 921 4553 4554 4837
16605 921 4647 4648 4959
16606 921 4647 4648 4960
16607 921 4742 4743 5079
16608 921 4742 4743 5080
16609 921 5203 5204 5486
16610 921 5203 5204 5487
16611 921 5297 5298 5609
16612 921 5297 5298 5610
16613 921 5392 5393 5729
16614 921 5392 5393 5730
16615 921 5853 5854 6136
16616 921 5853 5854 6137
16617 921 5947 5948 6259
16618 921 5947 5948 6260
16619 921 6042 6043 6379
16620 921 6042 6043 6380
16621 921 6503 6504 6786
16622 921 6503 6504 6787
16623 921 6597 6598 6909
16624 921 6597 6598 6910
16625 921 6692 6693 7029
16626 921 6692 6693 7030
16627 921 7153 7154 7436
16628 921 7153 7154 7437
16629 921 7247 7248 7559
16630 921 7247 7248 7560
16631 921 7342 7343 7679
16632 921 7342 7343 7680
16633 921 7803 7804 8086
16634 921 7803 7804 8087
16635 921 7897 7898 8209
16636 921 7897 7898 8210
16637 921 7992 7993 8329
16638 921 7992 7993 8330
16639 921 8453 8454 8736
16640 921 8453 8454 8737
16641 921 8547 8548 8859
16642 921 8547 8548 8860
16643 921 8642 8643 8979
16644 921 8642 8643 8980
16645 921 9103 9104 9386
16646 921 9103 9104 9387
16647 921 9197 9198 9509
16648 921 9197 9198 9510
16649 921 9292 9293 9629
16650 921 9292 9293 9630
16651 921 9753 9754 10036
16652 921 9753 9754 10037
16653 921 9847 9848 10159
16654 921 9847 9848 10160
16655 921 9942 9943 10279
16656 921 9942 9943 10280
16657 921 10403 10404 10686
16658 921 10403 10404 10687
16659 921 10497 10498 10809
16660 921 10497 10498 10810
16661 921 10592 10593 10929
16662 921 10592 10593 10930
16663 921 11053 11054 11336
16664 921 11053 11054 11337
16665 921 11147 11148 11459
16666 921 11147 11148 11460
16667 921 11242 11243 11579
16668 921 11242 11243 11580
16669 921 11703 11704 11986
16670 921 11703 11704 11987
16671 921 11797 11798 12109
16672 921 11797 11798 12110
16673 921 11892 11893 12229
16674 921 11892 11893 12230
16675 921 12353 12354 12636
16676 921 12353 12354 12637
16677 921 12447 12448 12759
16678 921 12447 12448 12760
16679 921 12542 12543 12879
16680 921 12542 12543 12880
16681 921 28 27 320
16682 921 28 27 321
16683 921 49 48 345
16684 921 49 48 346
16685 921 72 71 372
16686 921 72 71 373
16687 921 122 121 443
16688 921 122 121 444
16689 921 144 143 468
16690 921 144 143 469
16691 921 167 166 492
16692 921 167 166 493
16693 921 217 216 563
16694 921 217 216 564
16695 921 240 239 591
16696 921 240 239 592
16697 921 262 261 615
16698 921 262 261 616
16699 921 678 677 970
16700 921 678 677 971
16701 921 699 698 995
16702 921 699 698 996
16703 921 722 721 1022
16704 921 722 721 1023
16705 921 772 771 1093
16706 921 772 771 1094
16707 921 794 793 1118
16708 921 794 793 1119
16709 921 817 816 1142
16710 921 817 816 1143
16711 921 867 866 1213
16712 921 867 866 1214
16713 921 890 889 1241
16714 921 890 889 1242
16715 921 912 911 1265
16716 921 912 911 1266
16717 921 1328 1327 1620
16718 921 1328 1327 1621
16719 921 1349 1348 1645
16720 921 1349 1348 1646
16721 921 1372 1371 1672
16722 921 1372 1371 1673
16723 921 1422 1421 1743
16724 921 1422 1421 1744
16725 921 1444 1443 1768
16726 921 1444 1443 1769
16727 921 1467 1466 1792
16728 921 1467 1466 1793
16729 921 1517 1516 1863
16730 921 1517 1516 1864
16731 921 1540 1539 1891
16732 921 1540 1539 1892
16733 921 1562 1561 1915
16734 921 1562 1561 1916
16735 921 1978 1977 2270
16736 921 1978 1977 2271
16737 921 1999 1998 2295
16738 921 1999 1998 2296
16739 921 2022 2021 2322
16740 921 2022 2021 2323
16741 921 2072 2071 2393
16742 921 2072 2071 2394
16743 921 2094 2093 2418
16744 921 2094 2093 2419
16745 921 2117 2116 2442
16746 921 2117 2116 2443
16747 921 2167 2166 2513
16748 921 2167 2166 2514
16749 921 2190 2189 2541
16750 921 2190 2189 2542
16751 921 2212 2211 2565
16752 921 2212 2211 2566
16753 921 2628 2627 2920
16754 921 2628 2627 2921
16755 921 2649 2648 2945
16756 921 2649 2648 2946
16757 921 2672 2671 2972
16758 921 2672 2671 2973
16759 921 2722 2721 3043
16760 921 2722 2721 3044
16761 921 2744 2743 3068
16762 921 2744 2743 3069
16763 921 2767 2766 3092
16764 921 2767 2766 3093
16765 921 2817 2816 3163
16766 921 2817 2816 3164
16767 921 2840 2839 3191
16768 921 2840 2839 3192
16769 921 2862 2861 3215
16770 921 2862 2861 3216
16771 921 3278 3277 3570
16772 921 3278 3277 3571
16773 921 3299 3298 3595
16774 921 3299 3298 3596
16775 921 3322 3321 3622
16776 921 3322 3321 3623
16777 921 3372 3371 3693
16778 921 3372 3371 3694
16779 921 3394 3393 3718
16780 921 3394 3393 3719
16781 921 3417 3416 3742
16782 921 3417 3416 3743
16783 921 3467 3466 3813
16784 921 3467 3466 3814
16785 921 3490 3489 3841
16786 921 3490 3489 3842
16787 921 3512 3511 3865
16788 921 3512 3511 3866
16789 921 3928 3927 4220
16790 921 3928 3927 4221
16791 921 3949 3948 4245
16792 921 3949 3948 4246
16793 921 3972 3971 4272
16794 921 3972 3971 4273
16795 921 4022 4021 4343
16796 921 4022 4021 4344
16797 921 4044 4043 4368
16798 921 4044 4043 4369
16799 921 4067 4066 4392
16800 921 4067 4066 4393
16801 921 4117 4116 4463
16802 921 4117 4116 4464
16803 921 4140 4139 4491
16804 921 4140 4139 4492
16805 921 4162 4161 4515
16806 921 4162 4161 4516
16807 921 4578 4577 4870
16808 921 4578 4577 4871
16809 921 4599 4598 4895
16810 921 4599 4598 4896
16811 921 4622 4621 4922
16812 921 4622 4621 4923
16813 921 4672 4671 4993
16814 921 4672 4671 4994
16815 921 4694 4693 5018
16816 921 4694 4693 5019
16817 921 4717 4716 5042
16818 921 4717 4716 5043
16819 921 4767 4766 5113
16820 921 4767 4766 5114
16821 921 4790 4789 5141
16822 921 4790 4789 5142
16823 921 4812 4811 5165
16824 921 4812 4811 5166
16825 921 5228 5227 5520
16826 921 5228 5227 5521
16827 921 5249 5248 5545
16828 921 5249 5248 5546
16829 921 5272 5271 5572
16830 921 5272 5271 5573
16831 921 5322 5321 5643
16832 921 5322 5321 5644
16833 921 5344 5343 5668
16834 921 5344 5343 5669
16835 921 5367 5366 5692
16836 921 5367 5366 5693
16837 921 5417 5416 5763
16838 921 5417 5416 5764
16839 921 5440 5439 5791
16840 921 5440 5439 5792
16841 921 5462 5461 5815
16842 921 5462 5461 5816
16843 921 5878 5877 6170
16844 921 5878 5877 6171
16845 921 5899 5898 6195
16846 921 5899 5898 6196
16847 921 5922 5921 6222
16848 921 5922 5921 6223
16849 921 5972 5971 6293
16850 921 5972 5971 6294
16851 921 5994 5993 6318
16852 921 5994 5993 6319
16853 921 6017 6016 6342
16854 921 6017 6016 6343
16855 921 6067 6066 6413
16856 921 6067 6066 6414
16857 921 6090 6089 6441
16858 921 6090 6089 6442
16859 921 6112 6111 6465
16860 921 6112 6111 6466
16861 921 6528 6527 6820
16862 921 6528 6527 6821
16863 921 6549 6548 6845
16864 921 6549 6548 6846
16865 921 6572 6571 6872
16866 921 6572 6571 6873
16867 921 6622 6621 6943
16868 921 6622 6621 6944
16869 921 6644 6643 6968
16870 921 6644 6643 6969
16871 921 6667 6666 6992
16872 921 6667 6666 6993
16873 921 6717 6716 7063
16874 921 6717 6716 7064
16875 921 6740 6739 7091
16876 921 6740 6739 7092
16877 921 6762 6761 7115
16878 921 6762 6761 7116
16879 921 7178 7177 7470
16880 921 7178 7177 7471
16881 921 7199 7198 7495
16882 921 7199 7198 7496
16883 921 7222 7221 7522
16884 921 7222 7221 7523
16885 921 7272 7271 7593
16886 921 7272 7271 7594
16887 921 7294 7293 7618
16888 921 7294 7293 7619
16889 921 7317 7316 7642
16890 921 7317 7316 7643
16891 921 7367 7366 7713
16892 921 7367 7366 7714
16893 921 7390 7389 7741
16894 921 7390 7389 7742
16895 921 7412 7411 7765
16896 921 7412 7411 7766
16897 921 7828 7827 8120
16898 921 7828 7827 8121
16899 921 7849 7848 8145
16900 921 7849 7848 8146
16901 921 7872 7871 8172
16902 921 7872 7871 8173
16903 921 7922 7921 8243
16904 921 7922 7921 8244
16905 921 7944 7943 8268
16906 921 7944 7943 8269
16907 921 7967 7966 8292
16908 921 7967 7966 8293
16909 921 8017 8016 8363
16910 921 8017 8016 8364
16911 921 8040 8039 8391
16912 921 8040 8039 8392
16913 921 8062 8061 8415
16914 921 8062 8061 8416
16915 921 8478 8477 8770
16916 921 8478 8477 8771
16917 921 8499 8498 8795
16918 921 8499 8498 8796
16919 921 8522 8521 8822
16920 921 8522 8521 8823
16921 921 8572 8571 8893
16922 921 8572 8571 8894
16923 921 8594 8593 8918
16924 921 8594 8593 8919
16925 921 8617 8616 8942
16926 921 8617 8616 8943
16927 921 8667 8666 9013
16928 921 8667 8666 9014
16929 921 8690 8689 9041
16930 921 8690 8689 9042
16931 921 8712 8711 9065
16932 921 8712 8711 9066
16933 921 9128 9127 9420
16934 921 9128 9127 9421
16935 921 9149 9148 9445
16936 921 9149 9148 9446
16937 921 9172 9171 9472
16938 921 9172 9171 9473
16939 921 9222 9221 9543
16940 921 9222 9221 9544
16941 921 9244 9243 9568
16942 921 9244 9243 9569
16943 921 9267 9266 9592
16944 921 9267 9266 9593
16945 921 9317 9316 9663
16946 921 9317 9316 9664
16947 921 9340 9339 9691
16948 921 9340 9339 9692
16949 921 9362 9361 9715
16950 921 9362 9361 9716
16951 921 9778 9777 10070
16952 921 9778 9777 10071
16953 921 9799 9798 10095
16954 921 9799 9798 10096
16955 921 9822 9821 10122
16956 921 9822 9821 10123
16957 921 9872 9871 10193
16958 921 9872 9871 10194
16959 921 9894 9893 10218
16960 921 9894 9893 10219
16961 921 9917 9916 10242
16962 921 9917 9916 10243
16963 921 9967 9966 10313
16964 921 9967 9966 10314
16965 921 9990 9989 10341
16966 921 9990 9989 10342
16967 921 10012 10011 10365
16968 921 10012 10011 10366
16969 921 10428 10427 10720
16970 921 10428 10427 10721
16971 921 10449 10448 10745
16972 921 10449 10448 10746
16973 921 10472 10471 10772
16974 921 10472 10471 10773
16975 921 10522 10521 10843
16976 921 10522 10521 10844
16977 921 10544 10543 10868
16978 921 10544 10543 10869
16979 921 10567 10566 10892
16980 921 10567 10566 10893
16981 921 10617 10616 10963
16982 921 10617 10616 10964
16983 921 10640 10639 10991
16984 921 10640 10639 10992
16985 921 10662 10661 11015
16986 921 10662 10661 11016
16987 921 11078 11077 11370
16988 921 11078 11077 11371
16989 921 11099 11098 11395
16990 921 11099 11098 11396
16991 921 11122 11121 11422
16992 921 11122 11121 11423
16993 921 11172 11171 11493
16994 921 11172 11171 11494
16995 921 11194 11193 11518
16996 921 11194 11193 11519
16997 921 11217 11216 11542
16998 921 11217 11216 11543
16999 921 11267 11266 11613
17000 921 11267 11266 11614
17001 921 11290 11289 11641
17002 921 11290 11289 11642
17003 921 11312 11311 11665
17004 921 11312 11311 11666
17005 921 11728 11727 12020
17006 921 11728 11727 12021
17007 921 11749 11748 12045
17008 921 11749 11748 12046
17009 921 11772 11771 12072
17010 921 11772 11771 12073
17011 921 11822 11821 12143
17012 921 11822 11821 12144
17013 921 11844 11843 12168
17014 921 11844 11843 12169
17015 921 11867 11866 12192
17016 921 11867 11866 12193
17017 921 11917 11916 12263
17018 921 11917 11916 12264
17019 921 11940 11939 12291
17020 921 11940 11939 12292
17021 921 11962 11961 12315
17022 921 11962 11961 12316
17023 921 12378 12377 12670
17024 921 12378 12377 12671
17025 921 12399 12398 12695
17026 921 12399 12398 12696
17027 921 12422 12421 12722
17028 921 12422 12421 12723
17029 921 12472 12471 12793
17030 921 12472 12471 12794
17031 921 12494 12493 12818
17032 921 12494 12493 12819
17033 921 12517 12516 12842
17034 921 12517 12516 12843
17035 921 12567 12566 12913
17036 921 12567 12566 12914
17037 921 12590 12589 12941
17038 921 12590 12589 12942
17039 921 12612 12611 12965
17040 921 12612 12611 12966
17041 921 89 88 399
17042 921 184 183 519
17043 921 279 278 642
17044 921 739 738 1049
17045 921 834 833 1169
17046 921 929 928 1292
17047 921 1389 1388 1699
17048 921 1484 1483 1819
17049 921 1579 1578 1942
17050 921 2039 2038 2349
17051 921 2134 2133 2469
17052 921 2229 2228 2592
17053 921 2689 2688 2999
17054 921 2784 2783 3119
17055 921 2879 2878 3242
17056 921 3339 3338 3649
17057 921 3434 3433 3769
17058 921 3529 3528 3892
17059 921 3989 3988 4299
17060 921 4084 4083 4419
17061 921 4179 4178 4542
17062 921 4639 4638 4949
17063 921 4734 4733 5069
17064 921 4829 4828 5192
17065 921 5289 5288 5599
17066 921 5384 5383 5719
17067 921 5479 5478 5842
17068 921 5939 5938 6249
17069 921 6034 6033 6369
17070 921 6129 6128 6492
17071 921 6589 6588 6899
17072 921 6684 6683 7019
17073 921 6779 6778 7142
17074 921 7239 7238 7549
17075 921 7334 7333 7669
17076 921 7429 7428 7792
17077 921 7889 7888 8199
17078 921 7984 7983 8319
17079 921 8079 8078 8442
17080 921 8539 8538 8849
17081 921 8634 8633 8969
17082 921 8729 8728 9092
17083 921 9189 9188 9499
17084 921 9284 9283 9619
17085 921 9379 9378 9742
17086 921 9839 9838 10149
17087 921 9934 9933 10269
17088 921 10029 10028 10392
17089 921 10489 10488 10799
17090 921 10584 10583 10919
17091 921 10679 10678 11042
17092 921 11139 11138 11449
17093 921 11234 11233 11569
17094 921 11329 11328 11692
17095 921 11789 11788 12099
17096 921 11884 11883 12219
17097 921 11979 11978 12342
17098 921 12439 12438 12749
17099 921 12534 12533 12869
17100 921 12629 12628 12992
17101 969 3 2 285
17102 969 97 96 408
17103 969 192 191 528
17104 969 653 652 935
17105 969 747 746 1058
17106 969 842 841 1178
17107 969 1303 1302 1585
17108 969 1397 1396 1708
17109 969 1492 1491 1828
17110 969 1953 1952 2235
17111 969 2047 2046 2358
17112 969 2142 2141 2478
17113 969 2603 2602 2885
17114 969 2697 2696 3008
17115 969 2792 2791 3128
17116 969 3253 3252 3535
17117 969 3347 3346 3658
17118 969 3442 3441 3778
17119 969 3903 3902 4185
17120 969 3997 3996 4308
17121 969 4092 4091 4428
17122 969 4553 4552 4835
17123 969 4647 4646 4958
17124 969 4742 4741 5078
17125 969 5203 5202 5485
17126 969 5297 5296 5608
17127 969 5392 5391 5728
17128 969 5853 5852 6135
17129 969 5947 5946 6258
17130 969 6042 6041 6378
17131 969 6503 6502 6785
17132 969 6597 6596 6908
17133 969 6692 6691 7028
17134 969 7153 7152 7435
17135 969 7247 7246 7558
17136 969 7342 7341 7678
17137 969 7803 7802 8085
17138 969 7897 7896 8208
17139 969 7992 7991 8328
17140 969 8453 8452 8735
17141 969 8547 8546 8858
17142 969 8642 8641 8978
17143 969 9103 9102 9385
17144 969 9197 9196 9508
17145 969 9292 9291 9628
17146 969 9753 9752 10035
17147 969 9847 9846 10158
17148 969 9942 9941 10278
17149 969 10403 10402 10685
17150 969 10497 10496 10808
17151 969 10592 10591 10928
17152 969 11053 11052 11335
17153 969 11147 11146 11458
17154 969 11242 11241 11578
17155 969 11703 11702 11985
17156 969 11797 11796 12108
17157 969 11892 11891 12228
17158 969 12353 12352 12635
17159 969 12447 12446 12758
17160 969 12542 12541 12878
17161 974 11 16 17
17162 974 32 37 38
17163 974 54 59 60
17164 974 86 90 89
17165 974 105 110 111
17166 974 127 132 133
17167 974 149 154 155
17168 974 181 185 184
17169 974 200 205 206
17170 974 223 228 229
17171 974 244 249 250
17172 974 276 280 279
17173 974 661 666 667
17174 974 682 687 688
17175 974 704 709 710
17176 974 736 740 739
17177 974 755 760 761
17178 974 777 782 783
17179 974 799 804 805
17180 974 831 835 834
17181 974 850 855 856
17182 974 873 878 879
17183 974 894 899 900
17184 974 926 930 929
17185 974 1311 1316 1317
17186 974 1332 1337 1338
17187 974 1354 1359 1360
17188 974 1386 1390 1389
17189 974 1405 1410 1411
17190 974 1427 1432 1433
17191 974 1449 1454 1455
17192 974 1481 1485 1484
17193 974 1500 1505 1506
17194 974 1523 1528 1529
17195 974 1544 1549 1550
17196 974 1576 1580 1579
17197 974 1961 1966 1967
17198 974 1982 1987 1988
17199 974 2004 2009 2010
17200 974 2036 2040 2039
17201 974 2055 2060 2061
17202 974 2077 2082 2083
17203 974 2099 2104 2105
17204 974 2131 2135 2134
17205 974 2150 2155 2156
17206 974 2173 2178 2179
17207 974 2194 2199 2200
17208 974 2226 2230 2229
17209 974 2611 2616 2617
17210 974 2632 2637 2638
17211 974 2654 2659 2660
17212 974 2686 2690 2689
17213 974 2705 2710 2711
17214 974 2727 2732 2733
17215 974 2749 2754 2755
17216 974 2781 2785 2784
17217 974 2800 2805 2806
17218 974 2823 2828 2829
17219 974 2844 2849 2850
17220 974 2876 2880 2879
17221 974 3261 3266 3267
17222 974 3282 3287 3288
17223 974 3304 3309 3310
17224 974 3336 3340 3339
17225 974 3355 3360 3361
17226 974 3377 3382 3383
17227 974 3399 3404 3405
17228 974 3431 3435 3434
17229 974 3450 3455 3456
17230 974 3473 3478 3479
17231 974 3494 3499 3500
17232 974 3526 3530 3529
17233 974 3911 3916 3917
17234 974 3932 3937 3938
17235 974 3954 3959 3960
17236 974 3986 3990 3989
17237 974 4005 4010 4011
17238 974 4027 4032 4033
17239 974 4049 4054 4055
17240 974 4081 4085 4084
17241 974 4100 4105 4106
17242 974 4123 4128 4129
17243 974 4144 4149 4150
17244 974 4176 4180 4179
17245 974 4561 4566 4567
17246 974 4582 4587 4588
17247 974 4604 4609 4610
17248 974 4636 4640 4639
17249 974 4655 4660 4661
17250 974 4677 4682 4683
17251 974 4699 4704 4705
17252 974 4731 4735 4734
17253 974 4750 4755 4756
17254 974 4773 4778 4779
17255 974 4794 4799 4800
17256 974 4826 4830 4829
17257 974 5211 5216 5217
17258 974 5232 5237 5238
17259 974 5254 5259 5260
17260 974 5286 5290 5289
17261 974 5305 5310 5311
17262 974 5327 5332 5333
17263 974 5349 5354 5355
17264 974 5381 5385 5384
17265 974 5400 5405 5406
17266 974 5423 5428 5429
17267 974 5444 5449 5450
17268 974 5476 5480 5479
17269 974 5861 5866 5867
17270 974 5882 5887 5888
17271 974 5904 5909 5910
17272 974 5936 5940 5939
17273 974 5955 5960 5961
17274 974 5977 5982 5983
17275 974 5999 6004 6005
17276 974 6031 6035 6034
17277 974 6050 6055 6056
17278 974 6073 6078 6079
17279 974 6094 6099 6100
17280 974 6126 6130 6129
17281 974 6511 6516 6517
17282 974 6532 6537 6538
17283 974 6554 6559 6560
17284 974 6586 6590 6589
17285 974 6605 6610 6611
17286 974 6627 6632 6633
17287 974 6649 6654 6655
17288 974 6681 6685 6684
17289 974 6700 6705 6706
17290 974 6723 6728 6729
17291 974 6744 6749 6750
17292 974 6776 6780 6779
17293 974 7161 7166 7167
17294 974 7182 7187 7188
17295 974 7204 7209 7210
17296 974 7236 7240 7239
17297 974 7255 7260 7261
17298 974 7277 7282 7283
17299 974 7299 7304 7305
17300 974 7331 7335 7334
17301 974 7350 7355 7356
17302 974 7373 7378 7379
17303 974 7394 7399 7400
17304 974 7426 7430 7429
17305 974 7811 7816 7817
17306 974 7832 7837 7838
17307 974 7854 7859 7860
17308 974 7886 7890 7889
17309 974 7905 7910 7911
17310 974 7927 7932 7933
17311 974 7949 7954 7955
17312 974 7981 7985 7984
17313 974 8000 8005 8006
17314 974 8023 8028 8029
17315 974 8044 8049 8050
17316 974 8076 8080 8079
17317 974 8461 8466 8467
17318 974 8482 8487 8488
17319 974 8504 8509 8510
17320 974 8536 8540 8539
17321 974 8555 8560 8561
17322 974 8577 8582 8583
17323 974 8599 8604 8605
17324 974 8631 8635 8634
17325 974 8650 8655 8656
17326 974 8673 8678 8679
17327 974 8694 8699 8700
17328 974 8726 8730 8729
17329 974 9111 9116 9117
17330 974 9132 9137 9138
17331 974 9154 9159 9160
17332 974 9186 9190 9189
17333 974 9205 9210 9211
17334 974 9227 9232 9233
17335 974 9249 9254 9255
17336 974 9281 9285 9284
17337 974 9300 9305 9306
17338 974 9323 9328 9329
17339 974 9344 9349 9350
17340 974 9376 9380 9379
17341 974 9761 9766 9767
17342 974 9782 9787 9788
17343 974 9804 9809 9810
17344 974 9836 9840 9839
17345 974 9855 9860 9861
17346 974 9877 9882 9883
17347 974 9899 9904 9905
17348 974 9931 9935 9934
17349 974 9950 9955 9956
17350 974 9973 9978 9979
17351 974 9994 9999 10000
17352 974 10026 10030 10029
17353 974 10411 10416 10417
17354 974 10432 10437 10438
17355 974 10454 10459 10460
17356 974 10486 10490 10489
17357 974 10505 10510 10511
17358 974 10527 10532 10533
17359 974 10549 10554 10555
17360 974 10581 10585 10584
17361 974 10600 10605 10606
17362 974 10623 10628 10629
17363 974 10644 10649 10650
17364 974 10676 10680 10679
17365 974 11061 11066 11067
17366 974 11082 11087 11088
17367 974 11104 11109 11110
17368 974 11136 11140 11139
17369 974 11155 11160 11161
17370 974 11177 11182 11183
17371 974 11199 11204 11205
17372 974 11231 11235 11234
17373 974 11250 11255 11256
17374 974 11273 11278 11279
17375 974 11294 11299 11300
17376 974 11326 11330 11329
17377 974 11711 11716 11717
17378 974 11732 11737 11738
17379 974 11754 11759 11760
17380 974 11786 11790 11789
17381 974 11805 11810 11811
17382 974 11827 11832 11833
17383 974 11849 11854 11855
17384 974 11881 11885 11884
17385 974 11900 11905 11906
17386 974 11923 11928 11929
17387 974 11944 11949 11950
17388 974 11976 11980 11979
17389 974 12361 12366 12367
17390 974 12382 12387 12388
17391 974 12404 12409 12410
17392 974 12436 12440 12439
17393 974 12455 12460 12461
17394 974 12477 12482 12483
17395 974 12499 12504 12505
17396 974 12531 12535 12534
17397 974 12550 12555 12556
17398 974 12573 12578 12579
17399 974 12594 12599 12600
17400 974 12626 12630 12629
17401 974 18 29 28
17402 974 39 50 49
17403 974 61 73 72
17404 974 112 123 122
17405 974 134 145 144
17406 974 156 168 167
17407 974 207 218 217
17408 974 230 241 240
17409 974 251 263 262
17410 974 668 679 678
17411 974 689 700 699
17412 974 711 723 722
17413 974 762 773 772
17414 974 784 795 794
17415 974 806 818 817
17416 974 857 868 867
17417 974 880 891 890
17418 974 901 913 912
17419 974 1318 1329 1328
17420 974 1339 1350 1349
17421 974 1361 1373 1372
17422 974 1412 1423 1422
17423 974 1434 1445 1444
17424 974 1456 1468 1467
17425 974 1507 1518 1517
17426 974 1530 1541 1540
17427 974 1551 1563 1562
17428 974 1968 1979 1978
17429 974 1989 2000 1999
17430 974 2011 2023 2022
17431 974 2062 2073 2072
17432 974 2084 2095 2094
17433 974 2106 2118 2117
17434 974 2157 2168 2167
17435 974 2180 2191 2190
17436 974 2201 2213 2212
17437 974 2618 2629 2628
17438 974 2639 2650 2649
17439 974 2661 2673 2672
17440 974 2712 2723 2722
17441 974 2734 2745 2744
17442 974 2756 2768 2767
17443 974 2807 2818 2817
17444 974 2830 2841 2840
17445 974 2851 2863 2862
17446 974 3268 3279 3278
17447 974 3289 3300 3299
17448 974 3311 3323 3322
17449 974 3362 3373 3372
17450 974 3384 3395 3394
17451 974 3406 3418 3417
17452 974 3457 3468 3467
17453 974 3480 3491 3490
17454 974 3501 3513 3512
17455 974 3918 3929 3928
17456 974 3939 3950 3949
17457 974 3961 3973 3972
17458 974 4012 4023 4022
17459 974 4034 4045 4044
17460 974 4056 4068 4067
17461 974 4107 4118 4117
17462 974 4130 4141 4140
17463 974 4151 4163 4162
17464 974 4568 4579 4578
17465 974 4589 4600 4599
17466 974 4611 4623 4622
17467 974 4662 4673 4672
17468 974 4684 4695 4694
17469 974 4706 4718 4717
17470 974 4757 4768 4767
17471 974 4780 4791 4790
17472 974 4801 4813 4812
17473 974 5218 5229 5228
17474 974 5239 5250 5249
17475 974 5261 5273 5272
17476 974 5312 5323 5322
17477 974 5334 5345 5344
17478 974 5356 5368 5367
17479 974 5407 5418 5417
17480 974 5430 5441 5440
17481 974 5451 5463 5462
17482 974 5868 5879 5878
17483 974 5889 5900 5899
17484 974 5911 5923 5922
17485 974 5962 5973 5972
17486 974 5984 5995 5994
17487 974 6006 6018 6017
17488 974 6057 6068 6067
17489 974 6080 6091 6090
17490 974 6101 6113 6112
17491 974 6518 6529 6528
17492 974 6539 6550 6549
17493 974 6561 6573 6572
17494 974 6612 6623 6622
17495 974 6634 6645 6644
17496 974 6656 6668 6667
17497 974 6707 6718 6717
17498 974 6730 6741 6740
17499 974 6751 6763 6762
17500 974 7168 7179 7178
17501 974 7189 7200 7199
17502 974 7211 7223 7222
17503 974 7262 7273 7272
17504 974 7284 7295 7294
17505 974 7306 7318 7317
17506 974 7357 7368 7367
17507 974 7380 7391 7390
17508 974 7401 7413 7412
17509 974 7818 7829 7828
17510 974 7839 7850 7849
17511 974 7861 7873 7872
17512 974 7912 7923 7922
17513 974 7934 7945 7944
17514 974 7956 7968 7967
17515 974 8007 8018 8017
17516 974 8030 8041 8040
17517 974 8051 8063 8062
17518 974 8468 8479 8478
17519 974 8489 8500 8499
17520 974 8511 8523 8522
17521 974 8562 8573 8572
17522 974 8584 8595 8594
17523 974 8606 8618 8617
17524 974 8657 8668 8667
17525 974 8680 8691 8690
17526 974 8701 8713 8712
17527 974 9118 9129 9128
17528 974 9139 9150 9149
17529 974 9161 9173 9172
17530 974 9212 9223 9222
17531 974 9234 9245 9244
17532 974 9256 9268 9267
17533 974 9307 9318 9317
17534 974 9330 9341 9340
17535 974 9351 9363 9362
17536 974 9768 9779 9778
17537 974 9789 9800 9799
17538 974 9811 9823 9822
17539 974 9862 9873 9872
17540 974 9884 9895 9894
17541 974 9906 9918 9917
17542 974 9957 9968 9967
17543 974 9980 9991 9990
17544 974 10001 10013 10012
17545 974 10418 10429 10428
17546 974 10439 10450 10449
17547 974 10461 10473 10472
17548 974 10512 10523 10522
17549 974 10534 10545 10544
17550 974 10556 10568 10567
17551 974 10607 10618 10617
17552 974 10630 10641 10640
17553 974 10651 10663 10662
17554 974 11068 11079 11078
17555 974 11089 11100 11099
17556 974 11111 11123 11122
17557 974 11162 11173 11172
17558 974 11184 11195 11194
17559 974 11206 11218 11217
17560 974 11257 11268 11267
17561 974 11280 11291 11290
17562 974 11301 11313 11312
17563 974 11718 11729 11728
17564 974 11739 11750 11749
17565 974 11761 11773 11772
17566 974 11812 11823 11822
17567 974 11834 11845 11844
17568 974 11856 11868 11867
17569 974 11907 11918 11917
17570 974 11930 11941 11940
17571 974 11951 11963 11962
17572 974 12368 12379 12378
17573 974 12389 12400 12399
17574 974 12411 12423 12422
17575 974 12462 12473 12472
17576 974 12484 12495 12494
17577 974 12506 12518 12517
17578 974 12557 12568 12567
17579 974 12580 12591 12590
17580 974 12601 12613 12612
17581 1058 323 34 324
17582 1058 350 56 351
17583 1058 446 129 447
17584 1058 470 151 471
17585 1058 569 225 570
17586 1058 593 246 594
17587 1058 973 684 974
17588 1058 1000 706 1001
17589 1058 1096 779 1097
17590 1058 1120 801 1121
17591 1058 1219 875 1220
17592 1058 1243 896 1244
17593 1058 1623 1334 1624
17594 1058 1650 1356 1651
17595 1058 1746 1429 1747
17596 1058 1770 1451 1771
17597 1058 1869 1525 1870
17598 1058 1893 1546 1894
17599 1058 2273 1984 2274
17600 1058 2300 2006 2301
17601 1058 2396 2079 2397
17602 1058 2420 2101 2421
17603 1058 2519 2175 2520
17604 1058 2543 2196 2544
17605 1058 2923 2634 2924
17606 1058 2950 2656 2951
17607 1058 3046 2729 3047
17608 1058 3070 2751 3071
17609 1058 3169 2825 3170
17610 1058 3193 2846 3194
17611 1058 3573 3284 3574
17612 1058 3600 3306 3601
17613 1058 3696 3379 3697
17614 1058 3720 3401 3721
17615 1058 3819 3475 3820
17616 1058 3843 3496 3844
17617 1058 4223 3934 4224
17618 1058 4250 3956 4251
17619 1058 4346 4029 4347
17620 1058 4370 4051 4371
17621 1058 4469 4125 4470
17622 1058 4493 4146 4494
17623 1058 4873 4584 4874
17624 1058 4900 4606 4901
17625 1058 4996 4679 4997
17626 1058 5020 4701 5021
17627 1058 5119 4775 5120
17628 1058 5143 4796 5144
17629 1058 5523 5234 5524
17630 1058 5550 5256 5551
17631 1058 5646 5329 5647
17632 1058 5670 5351 5671
17633 1058 5769 5425 5770
17634 1058 5793 5446 5794
17635 1058 6173 5884 6174
17636 1058 6200 5906 6201
17637 1058 6296 5979 6297
17638 1058 6320 6001 6321
17639 1058 6419 6075 6420
17640 1058 6443 6096 6444
17641 1058 6823 6534 6824
17642 1058 6850 6556 6851
17643 1058 6946 6629 6947
17644 1058 6970 6651 6971
17645 1058 7069 6725 7070
17646 1058 7093 6746 7094
17647 1058 7473 7184 7474
17648 1058 7500 7206 7501
17649 1058 7596 7279 7597
17650 1058 7620 7301 7621
17651 1058 7719 7375 7720
17652 1058 7743 7396 7744
17653 1058 8123 7834 8124
17654 1058 8150 7856 8151
17655 1058 8246 7929 8247
17656 1058 8270 7951 8271
17657 1058 8369 8025 8370
17658 1058 8393 8046 8394
17659 1058 8773 8484 8774
17660 1058 8800 8506 8801
17661 1058 8896 8579 8897
17662 1058 8920 8601 8921
17663 1058 9019 8675 9020
17664 1058 9043 8696 9044
17665 1058 9423 9134 9424
17666 1058 9450 9156 9451
17667 1058 9546 9229 9547
17668 1058 9570 9251 9571
17669 1058 9669 9325 9670
17670 1058 9693 9346 9694
17671 1058 10073 9784 10074
17672 1058 10100 9806 10101
17673 1058 10196 9879 10197
17674 1058 10220 9901 10221
17675 1058 10319 9975 10320
17676 1058 10343 9996 10344
17677 1058 10723 10434 10724
17678 1058 10750 10456 10751
17679 1058 10846 10529 10847
17680 1058 10870 10551 10871
17681 1058 10969 10625 10970
17682 1058 10993 10646 10994
17683 1058 11373 11084 11374
17684 1058 11400 11106 11401
17685 1058 11496 11179 11497
17686 1058 11520 11201 11521
17687 1058 11619 11275 11620
17688 1058 11643 11296 11644
17689 1058 12023 11734 12024
17690 1058 12050 11756 12051
17691 1058 12146 11829 12147
17692 1058 12170 11851 12171
17693 1058 12269 11925 12270
17694 1058 12293 11946 12294
17695 1058 12673 12384 12674
17696 1058 12700 12406 12701
17697 1058 12796 12479 12797
17698 1058 12820 12501 12821
17699 1058 12919 12575 12920
17700 1058 12943 12596 12944
17701 1073 286 4 287
17702 1073 288 5 289
17703 1073 290 6 291
17704 1073 292 7 293
17705 1073 296 10 297
17706 1073 298 13 299
17707 1073 310 21 311
17708 1073 314 24 315
17709 1073 316 25 317
17710 1073 318 26 319
17711 1073 335 42 336
17712 1073 339 45 340
17713 1073 341 46 342
17714 1073 343 47 344
17715 1073 362 65 363
17716 1073 366 68 367
17717 1073 368 69 369
17718 1073 370 70 371
17719 1073 374 76 375
17720 1073 376 77 377
17721 1073 378 78 379
17722 1073 380 79 381
17723 1073 382 80 383
17724 1073 384 81 385
17725 1073 386 82 387
17726 1073 388 83 389
17727 1073 390 84 391
17728 1073 392 85 393
17729 1073 403 93 404
17730 1073 409 98 410
17731 1073 411 99 412
17732 1073 413 100 414
17733 1073 415 101 416
17734 1073 419 104 420
17735 1073 421 107 422
17736 1073 433 115 434
17737 1073 437 118 438
17738 1073 439 119 440
17739 1073 441 120 442
17740 1073 458 137 459
17741 1073 462 140 463
17742 1073 464 141 465
17743 1073 466 142 467
17744 1073 482 160 483
17745 1073 486 163 487
17746 1073 488 164 489
17747 1073 490 165 491
17748 1073 494 171 495
17749 1073 496 172 497
17750 1073 498 173 499
17751 1073 500 174 501
17752 1073 502 175 503
17753 1073 504 176 505
17754 1073 506 177 507
17755 1073 508 178 509
17756 1073 510 179 511
17757 1073 512 180 513
17758 1073 523 188 524
17759 1073 529 193 530
17760 1073 531 194 532
17761 1073 533 195 534
17762 1073 535 196 536
17763 1073 539 199 540
17764 1073 541 202 542
17765 1073 553 210 554
17766 1073 557 213 558
17767 1073 559 214 560
17768 1073 561 215 562
17769 1073 581 233 582
17770 1073 585 236 586
17771 1073 587 237 588
17772 1073 589 238 590
17773 1073 605 255 606
17774 1073 609 258 610
17775 1073 611 259 612
17776 1073 613 260 614
17777 1073 617 266 618
17778 1073 619 267 620
17779 1073 621 268 622
17780 1073 623 269 624
17781 1073 625 270 626
17782 1073 627 271 628
17783 1073 629 272 630
17784 1073 631 273 632
17785 1073 633 274 634
17786 1073 635 275 636
17787 1073 646 283 647
17788 1073 936 654 937
17789 1073 938 655 939
17790 1073 940 656 941
17791 1073 942 657 943
17792 1073 946 660 947
17793 1073 948 663 949
17794 1073 960 671 961
17795 1073 964 674 965
17796 1073 966 675 967
17797 1073 968 676 969
17798 1073 985 692 986
17799 1073 989 695 990
17800 1073 991 696 992
17801 1073 993 697 994
17802 1073 1012 715 1013
17803 1073 1016 718 1017
17804 1073 1018 719 1019
17805 1073 1020 720 1021
17806 1073 1024 726 1025
17807 1073 1026 727 1027
17808 1073 1028 728 1029
17809 1073 1030 729 1031
17810 1073 1032 730 1033
17811 1073 1034 731 1035
17812 1073 1036 732 1037
17813 1073 1038 733 1039
17814 1073 1040 734 1041
17815 1073 1042 735 1043
17816 1073 1053 743 1054
17817 1073 1059 748 1060
17818 1073 1061 749 1062
17819 1073 1063 750 1064
17820 1073 1065 751 1066
17821 1073 1069 754 1070
17822 1073 1071 757 1072
17823 1073 1083 765 1084
17824 1073 1087 768 1088
17825 1073 1089 769 1090
17826 1073 1091 770 1092
17827 1073 1108 787 1109
17828 1073 1112 790 1113
17829 1073 1114 791 1115
17830 1073 1116 792 1117
17831 1073 1132 810 1133
17832 1073 1136 813 1137
17833 1073 1138 814 1139
17834 1073 1140 815 1141
17835 1073 1144 821 1145
17836 1073 1146 822 1147
17837 1073 1148 823 1149
17838 1073 1150 824 1151
17839 1073 1152 825 1153
17840 1073 1154 826 1155
17841 1073 1156 827 1157
17842 1073 1158 828 1159
17843 1073 1160 829 1161
17844 1073 1162 830 1163
17845 1073 1173 838 1174
17846 1073 1179 843 1180
17847 1073 1181 844 1182
17848 1073 1183 845 1184
17849 1073 1185 846 1186
17850 1073 1189 849 1190
17851 1073 1191 852 1192
17852 1073 1203 860 1204
17853 1073 1207 863 1208
17854 1073 1209 864 1210
17855 1073 1211 865 1212
17856 1073 1231 883 1232
17857 1073 1235 886 1236
17858 1073 1237 887 1238
17859 1073 1239 888 1240
17860 1073 1255 905 1256
17861 1073 1259 908 1260
17862 1073 1261 909 1262
17863 1073 1263 910 1264
17864 1073 1267 916 1268
17865 1073 1269 917 1270
17866 1073 1271 918 1272
17867 1073 1273 919 1274
17868 1073 1275 920 1276
17869 1073 1277 921 1278
17870 1073 1279 922 1280
17871 1073 1281 923 1282
17872 1073 1283 924 1284
17873 1073 1285 925 1286
17874 1073 1296 933 1297
17875 1073 1586 1304 1587
17876 1073 1588 1305 1589
17877 1073 1590 1306 1591
17878 1073 1592 1307 1593
17879 1073 1596 1310 1597
17880 1073 1598 1313 1599
17881 1073 1610 1321 1611
17882 1073 1614 1324 1615
17883 1073 1616 1325 1617
17884 1073 1618 1326 1619
17885 1073 1635 1342 1636
17886 1073 1639 1345 1640
17887 1073 1641 1346 1642
17888 1073 1643 1347 1644
17889 1073 1662 1365 1663
17890 1073 1666 1368 1667
17891 1073 1668 1369 1669
17892 1073 1670 1370 1671
17893 1073 1674 1376 1675
17894 1073 1676 1377 1677
17895 1073 1678 1378 1679
17896 1073 1680 1379 1681
17897 1073 1682 1380 1683
17898 1073 1684 1381 1685
17899 1073 1686 1382 1687
17900 1073 1688 1383 1689
17901 1073 1690 1384 1691
17902 1073 1692 1385 1693
17903 1073 1703 1393 1704
17904 1073 1709 1398 1710
17905 1073 1711 1399 1712
17906 1073 1713 1400 1714
17907 1073 1715 1401 1716
17908 1073 1719 1404 1720
17909 1073 1721 1407 1722
17910 1073 1733 1415 1734
17911 1073 1737 1418 1738
17912 1073 1739 1419 1740
17913 1073 1741 1420 1742
17914 1073 1758 1437 1759
17915 1073 1762 1440 1763
17916 1073 1764 1441 1765
17917 1073 1766 1442 1767
17918 1073 1782 1460 1783
17919 1073 1786 1463 1787
17920 1073 1788 1464 1789
17921 1073 1790 1465 1791
17922 1073 1794 1471 1795
17923 1073 1796 1472 1797
17924 1073 1798 1473 1799
17925 1073 1800 1474 1801
17926 1073 1802 1475 1803
17927 1073 1804 1476 1805
17928 1073 1806 1477 1807
17929 1073 1808 1478 1809
17930 1073 1810 1479 1811
17931 1073 1812 1480 1813
17932 1073 1823 1488 1824
17933 1073 1829 1493 1830
17934 1073 1831 1494 1832
17935 1073 1833 1495 1834
17936 1073 1835 1496 1836
17937 1073 1839 1499 1840
17938 1073 1841 1502 1842
17939 1073 1853 1510 1854
17940 1073 1857 1513 1858
17941 1073 1859 1514 1860
17942 1073 1861 1515 1862
17943 1073 1881 1533 1882
17944 1073 1885 1536 1886
17945 1073 1887 1537 1888
17946 1073 1889 1538 1890
17947 1073 1905 1555 1906
17948 1073 1909 1558 1910
17949 1073 1911 1559 1912
17950 1073 1913 1560 1914
17951 1073 1917 1566 1918
17952 1073 1919 1567 1920
17953 1073 1921 1568 1922
17954 1073 1923 1569 1924
17955 1073 1925 1570 1926
17956 1073 1927 1571 1928
17957 1073 1929 1572 1930
17958 1073 1931 1573 1932
17959 1073 1933 1574 1934
17960 1073 1935 1575 1936
17961 1073 1946 1583 1947
17962 1073 2236 1954 2237
17963 1073 2238 1955 2239
17964 1073 2240 1956 2241
17965 1073 2242 1957 2243
17966 1073 2246 1960 2247
17967 1073 2248 1963 2249
17968 1073 2260 1971 2261
17969 1073 2264 1974 2265
17970 1073 2266 1975 2267
17971 1073 2268 1976 2269
17972 1073 2285 1992 2286
17973 1073 2289 1995 2290
17974 1073 2291 1996 2292
17975 1073 2293 1997 2294
17976 1073 2312 2015 2313
17977 1073 2316 2018 2317
17978 1073 2318 2019 2319
17979 1073 2320 2020 2321
17980 1073 2324 2026 2325
17981 1073 2326 2027 2327
17982 1073 2328 2028 2329
17983 1073 2330 2029 2331
17984 1073 2332 2030 2333
17985 1073 2334 2031 2335
17986 1073 2336 2032 2337
17987 1073 2338 2033 2339
17988 1073 2340 2034 2341
17989 1073 2342 2035 2343
17990 1073 2353 2043 2354
17991 1073 2359 2048 2360
17992 1073 2361 2049 2362
17993 1073 2363 2050 2364
17994 1073 2365 2051 2366
17995 1073 2369 2054 2370
17996 1073 2371 2057 2372
17997 1073 2383 2065 2384
17998 1073 2387 2068 2388
17999 1073 2389 2069 2390
18000 1073 2391 2070 2392
18001 1073 2408 2087 2409
18002 1073 2412 2090 2413
18003 1073 2414 2091 2415
18004 1073 2416 2092 2417
18005 1073 2432 2110 2433
18006 1073 2436 2113 2437
18007 1073 2438 2114 2439
18008 1073 2440 2115 2441
18009 1073 2444 2121 2445
18010 1073 2446 2122 2447
18011 1073 2448 2123 2449
18012 1073 2450 2124 2451
18013 1073 2452 2125 2453
18014 1073 2454 2126 2455
18015 1073 2456 2127 2457
18016 1073 2458 2128 2459
18017 1073 2460 2129 2461
18018 1073 2462 2130 2463
18019 1073 2473 2138 2474
18020 1073 2479 2143 2480
18021 1073 2481 2144 2482
18022 1073 2483 2145 2484
18023 1073 2485 2146 2486
18024 1073 2489 2149 2490
18025 1073 2491 2152 2492
18026 1073 2503 2160 2504
18027 1073 2507 2163 2508
18028 1073 2509 2164 2510
18029 1073 2511 2165 2512
18030 1073 2531 2183 2532
18031 1073 2535 2186 2536
18032 1073 2537 2187 2538
18033 1073 2539 2188 2540
18034 1073 2555 2205 2556
18035 1073 2559 2208 2560
18036 1073 2561 2209 2562
18037 1073 2563 2210 2564
18038 1073 2567 2216 2568
18039 1073 2569 2217 2570
18040 1073 2571 2218 2572
18041 1073 2573 2219 2574
18042 1073 2575 2220 2576
18043 1073 2577 2221 2578
18044 1073 2579 2222 2580
18045 1073 2581 2223 2582
18046 1073 2583 2224 2584
18047 1073 2585 2225 2586
18048 1073 2596 2233 2597
18049 1073 2886 2604 2887
18050 1073 2888 2605 2889
18051 1073 2890 2606 2891
18052 1073 2892 2607 2893
18053 1073 2896 2610 2897
18054 1073 2898 2613 2899
18055 1073 2910 2621 2911
18056 1073 2914 2624 2915
18057 1073 2916 2625 2917
18058 1073 2918 2626 2919
18059 1073 2935 2642 2936
18060 1073 2939 2645 2940
18061 1073 2941 2646 2942
18062 1073 2943 2647 2944
18063 1073 2962 2665 2963
18064 1073 2966 2668 2967
18065 1073 2968 2669 2969
18066 1073 2970 2670 2971
18067 1073 2974 2676 2975
18068 1073 2976 2677 2977
18069 1073 2978 2678 2979
18070 1073 2980 2679 2981
18071 1073 2982 2680 2983
18072 1073 2984 2681 2985
18073 1073 2986 2682 2987
18074 1073 2988 2683 2989
18075 1073 2990 2684 2991
18076 1073 2992 2685 2993
18077 1073 3003 2693 3004
18078 1073 3009 2698 3010
18079 1073 3011 2699 3012
18080 1073 3013 2700 3014
18081 1073 3015 2701 3016
18082 1073 3019 2704 3020
18083 1073 3021 2707 3022
18084 1073 3033 2715 3034
18085 1073 3037 2718 3038
18086 1073 3039 2719 3040
18087 1073 3041 2720 3042
18088 1073 3058 2737 3059
18089 1073 3062 2740 3063
18090 1073 3064 2741 3065
18091 1073 3066 2742 3067
18092 1073 3082 2760 3083
18093 1073 3086 2763 3087
18094 1073 3088 2764 3089
18095 1073 3090 2765 3091
18096 1073 3094 2771 3095
18097 1073 3096 2772 3097
18098 1073 3098 2773 3099
18099 1073 3100 2774 3101
18100 1073 3102 2775 3103
18101 1073 3104 2776 3105
18102 1073 3106 2777 3107
18103 1073 3108 2778 3109
18104 1073 3110 2779 3111
18105 1073 3112 2780 3113
18106 1073 3123 2788 3124
18107 1073 3129 2793 3130
18108 1073 3131 2794 3132
18109 1073 3133 2795 3134
18110 1073 3135 2796 3136
18111 1073 3139 2799 3140
18112 1073 3141 2802 3142
18113 1073 3153 2810 3154
18114 1073 3157 2813 3158
18115 1073 3159 2814 3160
18116 1073 3161 2815 3162
18117 1073 3181 2833 3182
18118 1073 3185 2836 3186
18119 1073 3187 2837 3188
18120 1073 3189 2838 3190
18121 1073 3205 2855 3206
18122 1073 3209 2858 3210
18123 1073 3211 2859 3212
18124 1073 3213 2860 3214
18125 1073 3217 2866 3218
18126 1073 3219 2867 3220
18127 1073 3221 2868 3222
18128 1073 3223 2869 3224
18129 1073 3225 2870 3226
18130 1073 3227 2871 3228
18131 1073 3229 2872 3230
18132 1073 3231 2873 3232
18133 1073 3233 2874 3234
18134 1073 3235 2875 3236
18135 1073 3246 2883 3247
18136 1073 3536 3254 3537
18137 1073 3538 3255 3539
18138 1073 3540 3256 3541
18139 1073 3542 3257 3543
18140 1073 3546 3260 3547
18141 1073 3548 3263 3549
18142 1073 3560 3271 3561
18143 1073 3564 3274 3565
18144 1073 3566 3275 3567
18145 1073 3568 3276 3569
18146 1073 3585 3292 3586
18147 1073 3589 3295 3590
18148 1073 3591 3296 3592
18149 1073 3593 3297 3594
18150 1073 3612 3315 3613
18151 1073 3616 3318 3617
18152 1073 3618 3319 3619
18153 1073 3620 3320 3621
18154 1073 3624 3326 3625
18155 1073 3626 3327 3627
18156 1073 3628 3328 3629
18157 1073 3630 3329 3631
18158 1073 3632 3330 3633
18159 1073 3634 3331 3635
18160 1073 3636 3332 3637
18161 1073 3638 3333 3639
18162 1073 3640 3334 3641
18163 1073 3642 3335 3643
18164 1073 3653 3343 3654
18165 1073 3659 3348 3660
18166 1073 3661 3349 3662
18167 1073 3663 3350 3664
18168 1073 3665 3351 3666
18169 1073 3669 3354 3670
18170 1073 3671 3357 3672
18171 1073 3683 3365 3684
18172 1073 3687 3368 3688
18173 1073 3689 3369 3690
18174 1073 3691 3370 3692
18175 1073 3708 3387 3709
18176 1073 3712 3390 3713
18177 1073 3714 3391 3715
18178 1073 3716 3392 3717
18179 1073 3732 3410 3733
18180 1073 3736 3413 3737
18181 1073 3738 3414 3739
18182 1073 3740 3415 3741
18183 1073 3744 3421 3745
18184 1073 3746 3422 3747
18185 1073 3748 3423 3749
18186 1073 3750 3424 3751
18187 1073 3752 3425 3753
18188 1073 3754 3426 3755
18189 1073 3756 3427 3757
18190 1073 3758 3428 3759
18191 1073 3760 3429 3761
18192 1073 3762 3430 3763
18193 1073 3773 3438 3774
18194 1073 3779 3443 3780
18195 1073 3781 3444 3782
18196 1073 3783 3445 3784
18197 1073 3785 3446 3786
18198 1073 3789 3449 3790
18199 1073 3791 3452 3792
18200 1073 3803 3460 3804
18201 1073 3807 3463 3808
18202 1073 3809 3464 3810
18203 1073 3811 3465 3812
18204 1073 3831 3483 3832
18205 1073 3835 3486 3836
18206 1073 3837 3487 3838
18207 1073 3839 3488 3840
18208 1073 3855 3505 3856
18209 1073 3859 3508 3860
18210 1073 3861 3509 3862
18211 1073 3863 3510 3864
18212 1073 3867 3516 3868
18213 1073 3869 3517 3870
18214 1073 3871 3518 3872
18215 1073 3873 3519 3874
18216 1073 3875 3520 3876
18217 1073 3877 3521 3878
18218 1073 3879 3522 3880
18219 1073 3881 3523 3882
18220 1073 3883 3524 3884
18221 1073 3885 3525 3886
18222 1073 3896 3533 3897
18223 1073 4186 3904 4187
18224 1073 4188 3905 4189
18225 1073 4190 3906 4191
18226 1073 4192 3907 4193
18227 1073 4196 3910 4197
18228 1073 4198 3913 4199
18229 1073 4210 3921 4211
18230 1073 4214 3924 4215
18231 1073 4216 3925 4217
18232 1073 4218 3926 4219
18233 1073 4235 3942 4236
18234 1073 4239 3945 4240
18235 1073 4241 3946 4242
18236 1073 4243 3947 4244
18237 1073 4262 3965 4263
18238 1073 4266 3968 4267
18239 1073 4268 3969 4269
18240 1073 4270 3970 4271
18241 1073 4274 3976 4275
18242 1073 4276 3977 4277
18243 1073 4278 3978 4279
18244 1073 4280 3979 4281
18245 1073 4282 3980 4283
18246 1073 4284 3981 4285
18247 1073 4286 3982 4287
18248 1073 4288 3983 4289
18249 1073 4290 3984 4291
18250 1073 4292 3985 4293
18251 1073 4303 3993 4304
18252 1073 4309 3998 4310
18253 1073 4311 3999 4312
18254 1073 4313 4000 4314
18255 1073 4315 4001 4316
18256 1073 4319 4004 4320
18257 1073 4321 4007 4322
18258 1073 4333 4015 4334
18259 1073 4337 4018 4338
18260 1073 4339 4019 4340
18261 1073 4341 4020 4342
18262 1073 4358 4037 4359
18263 1073 4362 4040 4363
18264 1073 4364 4041 4365
18265 1073 4366 4042 4367
18266 1073 4382 4060 4383
18267 1073 4386 4063 4387
18268 1073 4388 4064 4389
18269 1073 4390 4065 4391
18270 1073 4394 4071 4395
18271 1073 4396 4072 4397
18272 1073 4398 4073 4399
18273 1073 4400 4074 4401
18274 1073 4402 4075 4403
18275 1073 4404 4076 4405
18276 1073 4406 4077 4407
18277 1073 4408 4078 4409
18278 1073 4410 4079 4411
18279 1073 4412 4080 4413
18280 1073 4423 4088 4424
18281 1073 4429 4093 4430
18282 1073 4431 4094 4432
18283 1073 4433 4095 4434
18284 1073 4435 4096 4436
18285 1073 4439 4099 4440
18286 1073 4441 4102 4442
18287 1073 4453 4110 4454
18288 1073 4457 4113 4458
18289 1073 4459 4114 4460
18290 1073 4461 4115 4462
18291 1073 4481 4133 4482
18292 1073 4485 4136 4486
18293 1073 4487 4137 4488
18294 1073 4489 4138 4490
18295 1073 4505 4155 4506
18296 1073 4509 4158 4510
18297 1073 4511 4159 4512
18298 1073 4513 4160 4514
18299 1073 4517 4166 4518
18300 1073 4519 4167 4520
18301 1073 4521 4168 4522
18302 1073 4523 4169 4524
18303 1073 4525 4170 4526
18304 1073 4527 4171 4528
18305 1073 4529 4172 4530
18306 1073 4531 4173 4532
18307 1073 4533 4174 4534
18308 1073 4535 4175 4536
18309 1073 4546 4183 4547
18310 1073 4836 4554 4837
18311 1073 4838 4555 4839
18312 1073 4840 4556 4841
18313 1073 4842 4557 4843
18314 1073 4846 4560 4847
18315 1073 4848 4563 4849
18316 1073 4860 4571 4861
18317 1073 4864 4574 4865
18318 1073 4866 4575 4867
18319 1073 4868 4576 4869
18320 1073 4885 4592 4886
18321 1073 4889 4595 4890
18322 1073 4891 4596 4892
18323 1073 4893 4597 4894
18324 1073 4912 4615 4913
18325 1073 4916 4618 4917
18326 1073 4918 4619 4919
18327 1073 4920 4620 4921
18328 1073 4924 4626 4925
18329 1073 4926 4627 4927
18330 1073 4928 4628 4929
18331 1073 4930 4629 4931
18332 1073 4932 4630 4933
18333 1073 4934 4631 4935
18334 1073 4936 4632 4937
18335 1073 4938 4633 4939
18336 1073 4940 4634 4941
18337 1073 4942 4635 4943
18338 1073 4953 4643 4954
18339 1073 4959 4648 4960
18340 1073 4961 4649 4962
18341 1073 4963 4650 4964
18342 1073 4965 4651 4966
18343 1073 4969 4654 4970
18344 1073 4971 4657 4972
18345 1073 4983 4665 4984
18346 1073 4987 4668 4988
18347 1073 4989 4669 4990
18348 1073 4991 4670 4992
18349 1073 5008 4687 5009
18350 1073 5012 4690 5013
18351 1073 5014 4691 5015
18352 1073 5016 4692 5017
18353 1073 5032 4710 5033
18354 1073 5036 4713 5037
18355 1073 5038 4714 5039
18356 1073 5040 4715 5041
18357 1073 5044 4721 5045
18358 1073 5046 4722 5047
18359 1073 5048 4723 5049
18360 1073 5050 4724 5051
18361 1073 5052 4725 5053
18362 1073 5054 4726 5055
18363 1073 5056 4727 5057
18364 1073 5058 4728 5059
18365 1073 5060 4729 5061
18366 1073 5062 4730 5063
18367 1073 5073 4738 5074
18368 1073 5079 4743 5080
18369 1073 5081 4744 5082
18370 1073 5083 4745 5084
18371 1073 5085 4746 5086
18372 1073 5089 4749 5090
18373 1073 5091 4752 5092
18374 1073 5103 4760 5104
18375 1073 5107 4763 5108
18376 1073 5109 4764 5110
18377 1073 5111 4765 5112
18378 1073 5131 4783 5132
18379 1073 5135 4786 5136
18380 1073 5137 4787 5138
18381 1073 5139 4788 5140
18382 1073 5155 4805 5156
18383 1073 5159 4808 5160
18384 1073 5161 4809 5162
18385 1073 5163 4810 5164
18386 1073 5167 4816 5168
18387 1073 5169 4817 5170
18388 1073 5171 4818 5172
18389 1073 5173 4819 5174
18390 1073 5175 4820 5176
18391 1073 5177 4821 5178
18392 1073 5179 4822 5180
18393 1073 5181 4823 5182
18394 1073 5183 4824 5184
18395 1073 5185 4825 5186
18396 1073 5196 4833 5197
18397 1073 5486 5204 5487
18398 1073 5488 5205 5489
18399 1073 5490 5206 5491
18400 1073 5492 5207 5493
18401 1073 5496 5210 5497
18402 1073 5498 5213 5499
18403 1073 5510 5221 5511
18404 1073 5514 5224 5515
18405 1073 5516 5225 5517
18406 1073 5518 5226 5519
18407 1073 5535 5242 5536
18408 1073 5539 5245 5540
18409 1073 5541 5246 5542
18410 1073 5543 5247 5544
18411 1073 5562 5265 5563
18412 1073 5566 5268 5567
18413 1073 5568 5269 5569
18414 1073 5570 5270 5571
18415 1073 5574 5276 5575
18416 1073 5576 5277 5577
18417 1073 5578 5278 5579
18418 1073 5580 5279 5581
18419 1073 5582 5280 5583
18420 1073 5584 5281 5585
18421 1073 5586 5282 5587
18422 1073 5588 5283 5589
18423 1073 5590 5284 5591
18424 1073 5592 5285 5593
18425 1073 5603 5293 5604
18426 1073 5609 5298 5610
18427 1073 5611 5299 5612
18428 1073 5613 5300 5614
18429 1073 5615 5301 5616
18430 1073 5619 5304 5620
18431 1073 5621 5307 5622
18432 1073 5633 5315 5634
18433 1073 5637 5318 5638
18434 1073 5639 5319 5640
18435 1073 5641 5320 5642
18436 1073 5658 5337 5659
18437 1073 5662 5340 5663
18438 1073 5664 5341 5665
18439 1073 5666 5342 5667
18440 1073 5682 5360 5683
18441 1073 5686 5363 5687
18442 1073 5688 5364 5689
18443 1073 5690 5365 5691
18444 1073 5694 5371 5695
18445 1073 5696 5372 5697
18446 1073 5698 5373 5699
18447 1073 5700 5374 5701
18448 1073 5702 5375 5703
18449 1073 5704 5376 5705
18450 1073 5706 5377 5707
18451 1073 5708 5378 5709
18452 1073 5710 5379 5711
18453 1073 5712 5380 5713
18454 1073 5723 5388 5724
18455 1073 5729 5393 5730
18456 1073 5731 5394 5732
18457 1073 5733 5395 5734
18458 1073 5735 5396 5736
18459 1073 5739 5399 5740
18460 1073 5741 5402 5742
18461 1073 5753 5410 5754
18462 1073 5757 5413 5758
18463 1073 5759 5414 5760
18464 1073 5761 5415 5762
18465 1073 5781 5433 5782
18466 1073 5785 5436 5786
18467 1073 5787 5437 5788
18468 1073 5789 5438 5790
18469 1073 5805 5455 5806
18470 1073 5809 5458 5810
18471 1073 5811 5459 5812
18472 1073 5813 5460 5814
18473 1073 5817 5466 5818
18474 1073 5819 5467 5820
18475 1073 5821 5468 5822
18476 1073 5823 5469 5824
18477 1073 5825 5470 5826
18478 1073 5827 5471 5828
18479 1073 5829 5472 5830
18480 1073 5831 5473 5832
18481 1073 5833 5474 5834
18482 1073 5835 5475 5836
18483 1073 5846 5483 5847
18484 1073 6136 5854 6137
18485 1073 6138 5855 6139
18486 1073 6140 5856 6141
18487 1073 6142 5857 6143
18488 1073 6146 5860 6147
18489 1073 6148 5863 6149
18490 1073 6160 5871 6161
18491 1073 6164 5874 6165
18492 1073 6166 5875 6167
18493 1073 6168 5876 6169
18494 1073 6185 5892 6186
18495 1073 6189 5895 6190
18496 1073 6191 5896 6192
18497 1073 6193 5897 6194
18498 1073 6212 5915 6213
18499 1073 6216 5918 6217
18500 1073 6218 5919 6219
18501 1073 6220 5920 6221
18502 1073 6224 5926 6225
18503 1073 6226 5927 6227
18504 1073 6228 5928 6229
18505 1073 6230 5929 6231
18506 1073 6232 5930 6233
18507 1073 6234 5931 6235
18508 1073 6236 5932 6237
18509 1073 6238 5933 6239
18510 1073 6240 5934 6241
18511 1073 6242 5935 6243
18512 1073 6253 5943 6254
18513 1073 6259 5948 6260
18514 1073 6261 5949 6262
18515 1073 6263 5950 6264
18516 1073 6265 5951 6266
18517 1073 6269 5954 6270
18518 1073 6271 5957 6272
18519 1073 6283 5965 6284
18520 1073 6287 5968 6288
18521 1073 6289 5969 6290
18522 1073 6291 5970 6292
18523 1073 6308 5987 6309
18524 1073 6312 5990 6313
18525 1073 6314 5991 6315
18526 1073 6316 5992 6317
18527 1073 6332 6010 6333
18528 1073 6336 6013 6337
18529 1073 6338 6014 6339
18530 1073 6340 6015 6341
18531 1073 6344 6021 6345
18532 1073 6346 6022 6347
18533 1073 6348 6023 6349
18534 1073 6350 6024 6351
18535 1073 6352 6025 6353
18536 1073 6354 6026 6355
18537 1073 6356 6027 6357
18538 1073 6358 6028 6359
18539 1073 6360 6029 6361
18540 1073 6362 6030 6363
18541 1073 6373 6038 6374
18542 1073 6379 6043 6380
18543 1073 6381 6044 6382
18544 1073 6383 6045 6384
18545 1073 6385 6046 6386
18546 1073 6389 6049 6390
18547 1073 6391 6052 6392
18548 1073 6403 6060 6404
18549 1073 6407 6063 6408
18550 1073 6409 6064 6410
18551 1073 6411 6065 6412
18552 1073 6431 6083 6432
18553 1073 6435 6086 6436
18554 1073 6437 6087 6438
18555 1073 6439 6088 6440
18556 1073 6455 6105 6456
18557 1073 6459 6108 6460
18558 1073 6461 6109 6462
18559 1073 6463 6110 6464
18560 1073 6467 6116 6468
18561 1073 6469 6117 6470
18562 1073 6471 6118 6472
18563 1073 6473 6119 6474
18564 1073 6475 6120 6476
18565 1073 6477 6121 6478
18566 1073 6479 6122 6480
18567 1073 6481 6123 6482
18568 1073 6483 6124 6484
18569 1073 6485 6125 6486
18570 1073 6496 6133 6497
18571 1073 6786 6504 6787
18572 1073 6788 6505 6789
18573 1073 6790 6506 6791
18574 1073 6792 6507 6793
18575 1073 6796 6510 6797
18576 1073 6798 6513 6799
18577 1073 6810 6521 6811
18578 1073 6814 6524 6815
18579 1073 6816 6525 6817
18580 1073 6818 6526 6819
18581 1073 6835 6542 6836
18582 1073 6839 6545 6840
18583 1073 6841 6546 6842
18584 1073 6843 6547 6844
18585 1073 6862 6565 6863
18586 1073 6866 6568 6867
18587 1073 6868 6569 6869
18588 1073 6870 6570 6871
18589 1073 6874 6576 6875
18590 1073 6876 6577 6877
18591 1073 6878 6578 6879
18592 1073 6880 6579 6881
18593 1073 6882 6580 6883
18594 1073 6884 6581 6885
18595 1073 6886 6582 6887
18596 1073 6888 6583 6889
18597 1073 6890 6584 6891
18598 1073 6892 6585 6893
18599 1073 6903 6593 6904
18600 1073 6909 6598 6910
18601 1073 6911 6599 6912
18602 1073 6913 6600 6914
18603 1073 6915 6601 6916
18604 1073 6919 6604 6920
18605 1073 6921 6607 6922
18606 1073 6933 6615 6934
18607 1073 6937 6618 6938
18608 1073 6939 6619 6940
18609 1073 6941 6620 6942
18610 1073 6958 6637 6959
18611 1073 6962 6640 6963
18612 1073 6964 6641 6965
18613 1073 6966 6642 6967
18614 1073 6982 6660 6983
18615 1073 6986 6663 6987
18616 1073 6988 6664 6989
18617 1073 6990 6665 6991
18618 1073 6994 6671 6995
18619 1073 6996 6672 6997
18620 1073 6998 6673 6999
18621 1073 7000 6674 7001
18622 1073 7002 6675 7003
18623 1073 7004 6676 7005
18624 1073 7006 6677 7007
18625 1073 7008 6678 7009
18626 1073 7010 6679 7011
18627 1073 7012 6680 7013
18628 1073 7023 6688 7024
18629 1073 7029 6693 7030
18630 1073 7031 6694 7032
18631 1073 7033 6695 7034
18632 1073 7035 6696 7036
18633 1073 7039 6699 7040
18634 1073 7041 6702 7042
18635 1073 7053 6710 7054
18636 1073 7057 6713 7058
18637 1073 7059 6714 7060
18638 1073 7061 6715 7062
18639 1073 7081 6733 7082
18640 1073 7085 6736 7086
18641 1073 7087 6737 7088
18642 1073 7089 6738 7090
18643 1073 7105 6755 7106
18644 1073 7109 6758 7110
18645 1073 7111 6759 7112
18646 1073 7113 6760 7114
18647 1073 7117 6766 7118
18648 1073 7119 6767 7120
18649 1073 7121 6768 7122
18650 1073 7123 6769 7124
18651 1073 7125 6770 7126
18652 1073 7127 6771 7128
18653 1073 7129 6772 7130
18654 1073 7131 6773 7132
18655 1073 7133 6774 7134
18656 1073 7135 6775 7136
18657 1073 7146 6783 7147
18658 1073 7436 7154 7437
18659 1073 7438 7155 7439
18660 1073 7440 7156 7441
18661 1073 7442 7157 7443
18662 1073 7446 7160 7447
18663 1073 7448 7163 7449
18664 1073 7460 7171 7461
18665 1073 7464 7174 7465
18666 1073 7466 7175 7467
18667 1073 7468 7176 7469
18668 1073 7485 7192 7486
18669 1073 7489 7195 7490
18670 1073 7491 7196 7492
18671 1073 7493 7197 7494
18672 1073 7512 7215 7513
18673 1073 7516 7218 7517
18674 1073 7518 7219 7519
18675 1073 7520 7220 7521
18676 1073 7524 7226 7525
18677 1073 7526 7227 7527
18678 1073 7528 7228 7529
18679 1073 7530 7229 7531
18680 1073 7532 7230 7533
18681 1073 7534 7231 7535
18682 1073 7536 7232 7537
18683 1073 7538 7233 7539
18684 1073 7540 7234 7541
18685 1073 7542 7235 7543
18686 1073 7553 7243 7554
18687 1073 7559 7248 7560
18688 1073 7561 7249 7562
18689 1073 7563 7250 7564
18690 1073 7565 7251 7566
18691 1073 7569 7254 7570
18692 1073 7571 7257 7572
18693 1073 7583 7265 7584
18694 1073 7587 7268 7588
18695 1073 7589 7269 7590
18696 1073 7591 7270 7592
18697 1073 7608 7287 7609
18698 1073 7612 7290 7613
18699 1073 7614 7291 7615
18700 1073 7616 7292 7617
18701 1073 7632 7310 7633
18702 1073 7636 7313 7637
18703 1073 7638 7314 7639
18704 1073 7640 7315 7641
18705 1073 7644 7321 7645
18706 1073 7646 7322 7647
18707 1073 7648 7323 7649
18708 1073 7650 7324 7651
18709 1073 7652 7325 7653
18710 1073 7654 7326 7655
18711 1073 7656 7327 7657
18712 1073 7658 7328 7659
18713 1073 7660 7329 7661
18714 1073 7662 7330 7663
18715 1073 7673 7338 7674
18716 1073 7679 7343 7680
18717 1073 7681 7344 7682
18718 1073 7683 7345 7684
18719 1073 7685 7346 7686
18720 1073 7689 7349 7690
18721 1073 7691 7352 7692
18722 1073 7703 7360 7704
18723 1073 7707 7363 7708
18724 1073 7709 7364 7710
18725 1073 7711 7365 7712
18726 1073 7731 7383 7732
18727 1073 7735 7386 7736
18728 1073 7737 7387 7738
18729 1073 7739 7388 7740
18730 1073 7755 7405 7756
18731 1073 7759 7408 7760
18732 1073 7761 7409 7762
18733 1073 7763 7410 7764
18734 1073 7767 7416 7768
18735 1073 7769 7417 7770
18736 1073 7771 7418 7772
18737 1073 7773 7419 7774
18738 1073 7775 7420 7776
18739 1073 7777 7421 7778
18740 1073 7779 7422 7780
18741 1073 7781 7423 7782
18742 1073 7783 7424 7784
18743 1073 7785 7425 7786
18744 1073 7796 7433 7797
18745 1073 8086 7804 8087
18746 1073 8088 7805 8089
18747 1073 8090 7806 8091
18748 1073 8092 7807 8093
18749 1073 8096 7810 8097
18750 1073 8098 7813 8099
18751 1073 8110 7821 8111
18752 1073 8114 7824 8115
18753 1073 8116 7825 8117
18754 1073 8118 7826 8119
18755 1073 8135 7842 8136
18756 1073 8139 7845 8140
18757 1073 8141 7846 8142
18758 1073 8143 7847 8144
18759 1073 8162 7865 8163
18760 1073 8166 7868 8167
18761 1073 8168 7869 8169
18762 1073 8170 7870 8171
18763 1073 8174 7876 8175
18764 1073 8176 7877 8177
18765 1073 8178 7878 8179
18766 1073 8180 7879 8181
18767 1073 8182 7880 8183
18768 1073 8184 7881 8185
18769 1073 8186 7882 8187
18770 1073 8188 7883 8189
18771 1073 8190 7884 8191
18772 1073 8192 7885 8193
18773 1073 8203 7893 8204
18774 1073 8209 7898 8210
18775 1073 8211 7899 8212
18776 1073 8213 7900 8214
18777 1073 8215 7901 8216
18778 1073 8219 7904 8220
18779 1073 8221 7907 8222
18780 1073 8233 7915 8234
18781 1073 8237 7918 8238
18782 1073 8239 7919 8240
18783 1073 8241 7920 8242
18784 1073 8258 7937 8259
18785 1073 8262 7940 8263
18786 1073 8264 7941 8265
18787 1073 8266 7942 8267
18788 1073 8282 7960 8283
18789 1073 8286 7963 8287
18790 1073 8288 7964 8289
18791 1073 8290 7965 8291
18792 1073 8294 7971 8295
18793 1073 8296 7972 8297
18794 1073 8298 7973 8299
18795 1073 8300 7974 8301
18796 1073 8302 7975 8303
18797 1073 8304 7976 8305
18798 1073 8306 7977 8307
18799 1073 8308 7978 8309
18800 1073 8310 7979 8311
18801 1073 8312 7980 8313
18802 1073 8323 7988 8324
18803 1073 8329 7993 8330
18804 1073 8331 7994 8332
18805 1073 8333 7995 8334
18806 1073 8335 7996 8336
18807 1073 8339 7999 8340
18808 1073 8341 8002 8342
18809 1073 8353 8010 8354
18810 1073 8357 8013 8358
18811 1073 8359 8014 8360
18812 1073 8361 8015 8362
18813 1073 8381 8033 8382
18814 1073 8385 8036 8386
18815 1073 8387 8037 8388
18816 1073 8389 8038 8390
18817 1073 8405 8055 8406
18818 1073 8409 8058 8410
18819 1073 8411 8059 8412
18820 1073 8413 8060 8414
18821 1073 8417 8066 8418
18822 1073 8419 8067 8420
18823 1073 8421 8068 8422
18824 1073 8423 8069 8424
18825 1073 8425 8070 8426
18826 1073 8427 8071 8428
18827 1073 8429 8072 8430
18828 1073 8431 8073 8432
18829 1073 8433 8074 8434
18830 1073 8435 8075 8436
18831 1073 8446 8083 8447
18832 1073 8736 8454 8737
18833 1073 8738 8455 8739
18834 1073 8740 8456 8741
18835 1073 8742 8457 8743
18836 1073 8746 8460 8747
18837 1073 8748 8463 8749
18838 1073 8760 8471 8761
18839 1073 8764 8474 8765
18840 1073 8766 8475 8767
18841 1073 8768 8476 8769
18842 1073 8785 8492 8786
18843 1073 8789 8495 8790
18844 1073 8791 8496 8792
18845 1073 8793 8497 8794
18846 1073 8812 8515 8813
18847 1073 8816 8518 8817
18848 1073 8818 8519 8819
18849 1073 8820 8520 8821
18850 1073 8824 8526 8825
18851 1073 8826 8527 8827
18852 1073 8828 8528 8829
18853 1073 8830 8529 8831
18854 1073 8832 8530 8833
18855 1073 8834 8531 8835
18856 1073 8836 8532 8837
18857 1073 8838 8533 8839
18858 1073 8840 8534 8841
18859 1073 8842 8535 8843
18860 1073 8853 8543 8854
18861 1073 8859 8548 8860
18862 1073 8861 8549 8862
18863 1073 8863 8550 8864
18864 1073 8865 8551 8866
18865 1073 8869 8554 8870
18866 1073 8871 8557 8872
18867 1073 8883 8565 8884
18868 1073 8887 8568 8888
18869 1073 8889 8569 8890
18870 1073 8891 8570 8892
18871 1073 8908 8587 8909
18872 1073 8912 8590 8913
18873 1073 8914 8591 8915
18874 1073 8916 8592 8917
18875 1073 8932 8610 8933
18876 1073 8936 8613 8937
18877 1073 8938 8614 8939
18878 1073 8940 8615 8941
18879 1073 8944 8621 8945
18880 1073 8946 8622 8947
18881 1073 8948 8623 8949
18882 1073 8950 8624 8951
18883 1073 8952 8625 8953
18884 1073 8954 8626 8955
18885 1073 8956 8627 8957
18886 1073 8958 8628 8959
18887 1073 8960 8629 8961
18888 1073 8962 8630 8963
18889 1073 8973 8638 8974
18890 1073 8979 8643 8980
18891 1073 8981 8644 8982
18892 1073 8983 8645 8984
18893 1073 8985 8646 8986
18894 1073 8989 8649 8990
18895 1073 8991 8652 8992
18896 1073 9003 8660 9004
18897 1073 9007 8663 9008
18898 1073 9009 8664 9010
18899 1073 9011 8665 9012
18900 1073 9031 8683 9032
18901 1073 9035 8686 9036
18902 1073 9037 8687 9038
18903 1073 9039 8688 9040
18904 1073 9055 8705 9056
18905 1073 9059 8708 9060
18906 1073 9061 8709 9062
18907 1073 9063 8710 9064
18908 1073 9067 8716 9068
18909 1073 9069 8717 9070
18910 1073 9071 8718 9072
18911 1073 9073 8719 9074
18912 1073 9075 8720 9076
18913 1073 9077 8721 9078
18914 1073 9079 8722 9080
18915 1073 9081 8723 9082
18916 1073 9083 8724 9084
18917 1073 9085 8725 9086
18918 1073 9096 8733 9097
18919 1073 9386 9104 9387
18920 1073 9388 9105 9389
18921 1073 9390 9106 9391
18922 1073 9392 9107 9393
18923 1073 9396 9110 9397
18924 1073 9398 9113 9399
18925 1073 9410 9121 9411
18926 1073 9414 9124 9415
18927 1073 9416 9125 9417
18928 1073 9418 9126 9419
18929 1073 9435 9142 9436
18930 1073 9439 9145 9440
18931 1073 9441 9146 9442
18932 1073 9443 9147 9444
18933 1073 9462 9165 9463
18934 1073 9466 9168 9467
18935 1073 9468 9169 9469
18936 1073 9470 9170 9471
18937 1073 9474 9176 9475
18938 1073 9476 9177 9477
18939 1073 9478 9178 9479
18940 1073 9480 9179 9481
18941 1073 9482 9180 9483
18942 1073 9484 9181 9485
18943 1073 9486 9182 9487
18944 1073 9488 9183 9489
18945 1073 9490 9184 9491
18946 1073 9492 9185 9493
18947 1073 9503 9193 9504
18948 1073 9509 9198 9510
18949 1073 9511 9199 9512
18950 1073 9513 9200 9514
18951 1073 9515 9201 9516
18952 1073 9519 9204 9520
18953 1073 9521 9207 9522
18954 1073 9533 9215 9534
18955 1073 9537 9218 9538
18956 1073 9539 9219 9540
18957 1073 9541 9220 9542
18958 1073 9558 9237 9559
18959 1073 9562 9240 9563
18960 1073 9564 9241 9565
18961 1073 9566 9242 9567
18962 1073 9582 9260 9583
18963 1073 9586 9263 9587
18964 1073 9588 9264 9589
18965 1073 9590 9265 9591
18966 1073 9594 9271 9595
18967 1073 9596 9272 9597
18968 1073 9598 9273 9599
18969 1073 9600 9274 9601
18970 1073 9602 9275 9603
18971 1073 9604 9276 9605
18972 1073 9606 9277 9607
18973 1073 9608 9278 9609
18974 1073 9610 9279 9611
18975 1073 9612 9280 9613
18976 1073 9623 9288 9624
18977 1073 9629 9293 9630
18978 1073 9631 9294 9632
18979 1073 9633 9295 9634
18980 1073 9635 9296 9636
18981 1073 9639 9299 9640
18982 1073 9641 9302 9642
18983 1073 9653 9310 9654
18984 1073 9657 9313 9658
18985 1073 9659 9314 9660
18986 1073 9661 9315 9662
18987 1073 9681 9333 9682
18988 1073 9685 9336 9686
18989 1073 9687 9337 9688
18990 1073 9689 9338 9690
18991 1073 9705 9355 9706
18992 1073 9709 9358 9710
18993 1073 9711 9359 9712
18994 1073 9713 9360 9714
18995 1073 9717 9366 9718
18996 1073 9719 9367 9720
18997 1073 9721 9368 9722
18998 1073 9723 9369 9724
18999 1073 9725 9370 9726
19000 1073 9727 9371 9728
19001 1073 9729 9372 9730
19002 1073 9731 9373 9732
19003 1073 9733 9374 9734
19004 1073 9735 9375 9736
19005 1073 9746 9383 9747
19006 1073 10036 9754 10037
19007 1073 10038 9755 10039
19008 1073 10040 9756 10041
19009 1073 10042 9757 10043
19010 1073 10046 9760 10047
19011 1073 10048 9763 10049
19012 1073 10060 9771 10061
19013 1073 10064 9774 10065
19014 1073 10066 9775 10067
19015 1073 10068 9776 10069
19016 1073 10085 9792 10086
19017 1073 10089 9795 10090
19018 1073 10091 9796 10092
19019 1073 10093 9797 10094
19020 1073 10112 9815 10113
19021 1073 10116 9818 10117
19022 1073 10118 9819 10119
19023 1073 10120 9820 10121
19024 1073 10124 9826 10125
19025 1073 10126 9827 10127
19026 1073 10128 9828 10129
19027 1073 10130 9829 10131
19028 1073 10132 9830 10133
19029 1073 10134 9831 10135
19030 1073 10136 9832 10137
19031 1073 10138 9833 10139
19032 1073 10140 9834 10141
19033 1073 10142 9835 10143
19034 1073 10153 9843 10154
19035 1073 10159 9848 10160
19036 1073 10161 9849 10162
19037 1073 10163 9850 10164
19038 1073 10165 9851 10166
19039 1073 10169 9854 10170
19040 1073 10171 9857 10172
19041 1073 10183 9865 10184
19042 1073 10187 9868 10188
19043 1073 10189 9869 10190
19044 1073 10191 9870 10192
19045 1073 10208 9887 10209
19046 1073 10212 9890 10213
19047 1073 10214 9891 10215
19048 1073 10216 9892 10217
19049 1073 10232 9910 10233
19050 1073 10236 9913 10237
19051 1073 10238 9914 10239
19052 1073 10240 9915 10241
19053 1073 10244 9921 10245
19054 1073 10246 9922 10247
19055 1073 10248 9923 10249
19056 1073 10250 9924 10251
19057 1073 10252 9925 10253
19058 1073 10254 9926 10255
19059 1073 10256 9927 10257
19060 1073 10258 9928 10259
19061 1073 10260 9929 10261
19062 1073 10262 9930 10263
19063 1073 10273 9938 10274
19064 1073 10279 9943 10280
19065 1073 10281 9944 10282
19066 1073 10283 9945 10284
19067 1073 10285 9946 10286
19068 1073 10289 9949 10290
19069 1073 10291 9952 10292
19070 1073 10303 9960 10304
19071 1073 10307 9963 10308
19072 1073 10309 9964 10310
19073 1073 10311 9965 10312
19074 1073 10331 9983 10332
19075 1073 10335 9986 10336
19076 1073 10337 9987 10338
19077 1073 10339 9988 10340
19078 1073 10355 10005 10356
19079 1073 10359 10008 10360
19080 1073 10361 10009 10362
19081 1073 10363 10010 10364
19082 1073 10367 10016 10368
19083 1073 10369 10017 10370
19084 1073 10371 10018 10372
19085 1073 10373 10019 10374
19086 1073 10375 10020 10376
19087 1073 10377 10021 10378
19088 1073 10379 10022 10380
19089 1073 10381 10023 10382
19090 1073 10383 10024 10384
19091 1073 10385 10025 10386
19092 1073 10396 10033 10397
19093 1073 10686 10404 10687
19094 1073 10688 10405 10689
19095 1073 10690 10406 10691
19096 1073 10692 10407 10693
19097 1073 10696 10410 10697
19098 1073 10698 10413 10699
19099 1073 10710 10421 10711
19100 1073 10714 10424 10715
19101 1073 10716 10425 10717
19102 1073 10718 10426 10719
19103 1073 10735 10442 10736
19104 1073 10739 10445 10740
19105 1073 10741 10446 10742
19106 1073 10743 10447 10744
19107 1073 10762 10465 10763
19108 1073 10766 10468 10767
19109 1073 10768 10469 10769
19110 1073 10770 10470 10771
19111 1073 10774 10476 10775
19112 1073 10776 10477 10777
19113 1073 10778 10478 10779
19114 1073 10780 10479 10781
19115 1073 10782 10480 10783
19116 1073 10784 10481 10785
19117 1073 10786 10482 10787
19118 1073 10788 10483 10789
19119 1073 10790 10484 10791
19120 1073 10792 10485 10793
19121 1073 10803 10493 10804
19122 1073 10809 10498 10810
19123 1073 10811 10499 10812
19124 1073 10813 10500 10814
19125 1073 10815 10501 10816
19126 1073 10819 10504 10820
19127 1073 10821 10507 10822
19128 1073 10833 10515 10834
19129 1073 10837 10518 10838
19130 1073 10839 10519 10840
19131 1073 10841 10520 10842
19132 1073 10858 10537 10859
19133 1073 10862 10540 10863
19134 1073 10864 10541 10865
19135 1073 10866 10542 10867
19136 1073 10882 10560 10883
19137 1073 10886 10563 10887
19138 1073 10888 10564 10889
19139 1073 10890 10565 10891
19140 1073 10894 10571 10895
19141 1073 10896 10572 10897
19142 1073 10898 10573 10899
19143 1073 10900 10574 10901
19144 1073 10902 10575 10903
19145 1073 10904 10576 10905
19146 1073 10906 10577 10907
19147 1073 10908 10578 10909
19148 1073 10910 10579 10911
19149 1073 10912 10580 10913
19150 1073 10923 10588 10924
19151 1073 10929 10593 10930
19152 1073 10931 10594 10932
19153 1073 10933 10595 10934
19154 1073 10935 10596 10936
19155 1073 10939 10599 10940
19156 1073 10941 10602 10942
19157 1073 10953 10610 10954
19158 1073 10957 10613 10958
19159 1073 10959 10614 10960
19160 1073 10961 10615 10962
19161 1073 10981 10633 10982
19162 1073 10985 10636 10986
19163 1073 10987 10637 10988
19164 1073 10989 10638 10990
19165 1073 11005 10655 11006
19166 1073 11009 10658 11010
19167 1073 11011 10659 11012
19168 1073 11013 10660 11014
19169 1073 11017 10666 11018
19170 1073 11019 10667 11020
19171 1073 11021 10668 11022
19172 1073 11023 10669 11024
19173 1073 11025 10670 11026
19174 1073 11027 10671 11028
19175 1073 11029 10672 11030
19176 1073 11031 10673 11032
19177 1073 11033 10674 11034
19178 1073 11035 10675 11036
19179 1073 11046 10683 11047
19180 1073 11336 11054 11337
19181 1073 11338 11055 11339
19182 1073 11340 11056 11341
19183 1073 11342 11057 11343
19184 1073 11346 11060 11347
19185 1073 11348 11063 11349
19186 1073 11360 11071 11361
19187 1073 11364 11074 11365
19188 1073 11366 11075 11367
19189 1073 11368 11076 11369
19190 1073 11385 11092 11386
19191 1073 11389 11095 11390
19192 1073 11391 11096 11392
19193 1073 11393 11097 11394
19194 1073 11412 11115 11413
19195 1073 11416 11118 11417
19196 1073 11418 11119 11419
19197 1073 11420 11120 11421
19198 1073 11424 11126 11425
19199 1073 11426 11127 11427
19200 1073 11428 11128 11429
19201 1073 11430 11129 11431
19202 1073 11432 11130 11433
19203 1073 11434 11131 11435
19204 1073 11436 11132 11437
19205 1073 11438 11133 11439
19206 1073 11440 11134 11441
19207 1073 11442 11135 11443
19208 1073 11453 11143 11454
19209 1073 11459 11148 11460
19210 1073 11461 11149 11462
19211 1073 11463 11150 11464
19212 1073 11465 11151 11466
19213 1073 11469 11154 11470
19214 1073 11471 11157 11472
19215 1073 11483 11165 11484
19216 1073 11487 11168 11488
19217 1073 11489 11169 11490
19218 1073 11491 11170 11492
19219 1073 11508 11187 11509
19220 1073 11512 11190 11513
19221 1073 11514 11191 11515
19222 1073 11516 11192 11517
19223 1073 11532 11210 11533
19224 1073 11536 11213 11537
19225 1073 11538 11214 11539
19226 1073 11540 11215 11541
19227 1073 11544 11221 11545
19228 1073 11546 11222 11547
19229 1073 11548 11223 11549
19230 1073 11550 11224 11551
19231 1073 11552 11225 11553
19232 1073 11554 11226 11555
19233 1073 11556 11227 11557
19234 1073 11558 11228 11559
19235 1073 11560 11229 11561
19236 1073 11562 11230 11563
19237 1073 11573 11238 11574
19238 1073 11579 11243 11580
19239 1073 11581 11244 11582
19240 1073 11583 11245 11584
19241 1073 11585 11246 11586
19242 1073 11589 11249 11590
19243 1073 11591 11252 11592
19244 1073 11603 11260 11604
19245 1073 11607 11263 11608
19246 1073 11609 11264 11610
19247 1073 11611 11265 11612
19248 1073 11631 11283 11632
19249 1073 11635 11286 11636
19250 1073 11637 11287 11638
19251 1073 11639 11288 11640
19252 1073 11655 11305 11656
19253 1073 11659 11308 11660
19254 1073 11661 11309 11662
19255 1073 11663 11310 11664
19256 1073 11667 11316 11668
19257 1073 11669 11317 11670
19258 1073 11671 11318 11672
19259 1073 11673 11319 11674
19260 1073 11675 11320 11676
19261 1073 11677 11321 11678
19262 1073 11679 11322 11680
19263 1073 11681 11323 11682
19264 1073 11683 11324 11684
19265 1073 11685 11325 11686
19266 1073 11696 11333 11697
19267 1073 11986 11704 11987
19268 1073 11988 11705 11989
19269 1073 11990 11706 11991
19270 1073 11992 11707 11993
19271 1073 11996 11710 11997
19272 1073 11998 11713 11999
19273 1073 12010 11721 12011
19274 1073 12014 11724 12015
19275 1073 12016 11725 12017
19276 1073 12018 11726 12019
19277 1073 12035 11742 12036
19278 1073 12039 11745 12040
19279 1073 12041 11746 12042
19280 1073 12043 11747 12044
19281 1073 12062 11765 12063
19282 1073 12066 11768 12067
19283 1073 12068 11769 12069
19284 1073 12070 11770 12071
19285 1073 12074 11776 12075
19286 1073 12076 11777 12077
19287 1073 12078 11778 12079
19288 1073 12080 11779 12081
19289 1073 12082 11780 12083
19290 1073 12084 11781 12085
19291 1073 12086 11782 12087
19292 1073 12088 11783 12089
19293 1073 12090 11784 12091
19294 1073 12092 11785 12093
19295 1073 12103 11793 12104
19296 1073 12109 11798 12110
19297 1073 12111 11799 12112
19298 1073 12113 11800 12114
19299 1073 12115 11801 12116
19300 1073 12119 11804 12120
19301 1073 12121 11807 12122
19302 1073 12133 11815 12134
19303 1073 12137 11818 12138
19304 1073 12139 11819 12140
19305 1073 12141 11820 12142
19306 1073 12158 11837 12159
19307 1073 12162 11840 12163
19308 1073 12164 11841 12165
19309 1073 12166 11842 12167
19310 1073 12182 11860 12183
19311 1073 12186 11863 12187
19312 1073 12188 11864 12189
19313 1073 12190 11865 12191
19314 1073 12194 11871 12195
19315 1073 12196 11872 12197
19316 1073 12198 11873 12199
19317 1073 12200 11874 12201
19318 1073 12202 11875 12203
19319 1073 12204 11876 12205
19320 1073 12206 11877 12207
19321 1073 12208 11878 12209
19322 1073 12210 11879 12211
19323 1073 12212 11880 12213
19324 1073 12223 11888 12224
19325 1073 12229 11893 12230
19326 1073 12231 11894 12232
19327 1073 12233 11895 12234
19328 1073 12235 11896 12236
19329 1073 12239 11899 12240
19330 1073 12241 11902 12242
19331 1073 12253 11910 12254
19332 1073 12257 11913 12258
19333 1073 12259 11914 12260
19334 1073 12261 11915 12262
19335 1073 12281 11933 12282
19336 1073 12285 11936 12286
19337 1073 12287 11937 12288
19338 1073 12289 11938 12290
19339 1073 12305 11955 12306
19340 1073 12309 11958 12310
19341 1073 12311 11959 12312
19342 1073 12313 11960 12314
19343 1073 12317 11966 12318
19344 1073 12319 11967 12320
19345 1073 12321 11968 12322
19346 1073 12323 11969 12324
19347 1073 12325 11970 12326
19348 1073 12327 11971 12328
19349 1073 12329 11972 12330
19350 1073 12331 11973 12332
19351 1073 12333 11974 12334
19352 1073 12335 11975 12336
19353 1073 12346 11983 12347
19354 1073 12636 12354 12637
19355 1073 12638 12355 12639
19356 1073 12640 12356 12641
19357 1073 12642 12357 12643
19358 1073 12646 12360 12647
19359 1073 12648 12363 12649
19360 1073 12660 12371 12661
19361 1073 12664 12374 12665
19362 1073 12666 12375 12667
19363 1073 12668 12376 12669
19364 1073 12685 12392 12686
19365 1073 12689 12395 12690
19366 1073 12691 12396 12692
19367 1073 12693 12397 12694
19368 1073 12712 12415 12713
19369 1073 12716 12418 12717
19370 1073 12718 12419 12719
19371 1073 12720 12420 12721
19372 1073 12724 12426 12725
19373 1073 12726 12427 12727
19374 1073 12728 12428 12729
19375 1073 12730 12429 12731
19376 1073 12732 12430 12733
19377 1073 12734 12431 12735
19378 1073 12736 12432 12737
19379 1073 12738 12433 12739
19380 1073 12740 12434 12741
19381 1073 12742 12435 12743
19382 1073 12753 12443 12754
19383 1073 12759 12448 12760
19384 1073 12761 12449 12762
19385 1073 12763 12450 12764
19386 1073 12765 12451 12766
19387 1073 12769 12454 12770
19388 1073 12771 12457 12772
19389 1073 12783 12465 12784
19390 1073 12787 12468 12788
19391 1073 12789 12469 12790
19392 1073 12791 12470 12792
19393 1073 12808 12487 12809
19394 1073 12812 12490 12813
19395 1073 12814 12491 12815
19396 1073 12816 12492 12817
19397 1073 12832 12510 12833
19398 1073 12836 12513 12837
19399 1073 12838 12514 12839
19400 1073 12840 12515 12841
19401 1073 12844 12521 12845
19402 1073 12846 12522 12847
19403 1073 12848 12523 12849
19404 1073 12850 12524 12851
19405 1073 12852 12525 12853
19406 1073 12854 12526 12855
19407 1073 12856 12527 12857
19408 1073 12858 12528 12859
19409 1073 12860 12529 12861
19410 1073 12862 12530 12863
19411 1073 12873 12538 12874
19412 1073 12879 12543 12880
19413 1073 12881 12544 12882
19414 1073 12883 12545 12884
19415 1073 12885 12546 12886
19416 1073 12889 12549 12890
19417 1073 12891 12552 12892
19418 1073 12903 12560 12904
19419 1073 12907 12563 12908
19420 1073 12909 12564 12910
19421 1073 12911 12565 12912
19422 1073 12931 12583 12932
19423 1073 12935 12586 12936
19424 1073 12937 12587 12938
19425 1073 12939 12588 12940
19426 1073 12955 12605 12956
19427 1073 12959 12608 12960
19428 1073 12961 12609 12962
19429 1073 12963 12610 12964
19430 1073 12967 12616 12968
19431 1073 12969 12617 12970
19432 1073 12971 12618 12972
19433 1073 12973 12619 12974
19434 1073 12975 12620 12976
19435 1073 12977 12621 12978
19436 1073 12979 12622 12980
19437 1073 12981 12623 12982
19438 1073 12983 12624 12984
19439 1073 12985 12625 12986
19440 1073 12996 12633 12997
19441 1073 294 9 295
19442 1073 312 22 313
19443 1073 364 66 365
19444 1073 417 103 418
19445 1073 435 116 436
19446 1073 460 138 461
19447 1073 484 161 485
19448 1073 537 198 538
19449 1073 555 211 556
19450 1073 583 234 584
19451 1073 607 256 608
19452 1073 944 659 945
19453 1073 962 672 963
19454 1073 1014 716 1015
19455 1073 1067 753 1068
19456 1073 1085 766 1086
19457 1073 1110 788 1111
19458 1073 1134 811 1135
19459 1073 1187 848 1188
19460 1073 1205 861 1206
19461 1073 1233 884 1234
19462 1073 1257 906 1258
19463 1073 1594 1309 1595
19464 1073 1612 1322 1613
19465 1073 1664 1366 1665
19466 1073 1717 1403 1718
19467 1073 1735 1416 1736
19468 1073 1760 1438 1761
19469 1073 1784 1461 1785
19470 1073 1837 1498 1838
19471 1073 1855 1511 1856
19472 1073 1883 1534 1884
19473 1073 1907 1556 1908
19474 1073 2244 1959 2245
19475 1073 2262 1972 2263
19476 1073 2314 2016 2315
19477 1073 2367 2053 2368
19478 1073 2385 2066 2386
19479 1073 2410 2088 2411
19480 1073 2434 2111 2435
19481 1073 2487 2148 2488
19482 1073 2505 2161 2506
19483 1073 2533 2184 2534
19484 1073 2557 2206 2558
19485 1073 2894 2609 2895
19486 1073 2912 2622 2913
19487 1073 2964 2666 2965
19488 1073 3017 2703 3018
19489 1073 3035 2716 3036
19490 1073 3060 2738 3061
19491 1073 3084 2761 3085
19492 1073 3137 2798 3138
19493 1073 3155 2811 3156
19494 1073 3183 2834 3184
19495 1073 3207 2856 3208
19496 1073 3544 3259 3545
19497 1073 3562 3272 3563
19498 1073 3614 3316 3615
19499 1073 3667 3353 3668
19500 1073 3685 3366 3686
19501 1073 3710 3388 3711
19502 1073 3734 3411 3735
19503 1073 3787 3448 3788
19504 1073 3805 3461 3806
19505 1073 3833 3484 3834
19506 1073 3857 3506 3858
19507 1073 4194 3909 4195
19508 1073 4212 3922 4213
19509 1073 4264 3966 4265
19510 1073 4317 4003 4318
19511 1073 4335 4016 4336
19512 1073 4360 4038 4361
19513 1073 4384 4061 4385
19514 1073 4437 4098 4438
19515 1073 4455 4111 4456
19516 1073 4483 4134 4484
19517 1073 4507 4156 4508
19518 1073 4844 4559 4845
19519 1073 4862 4572 4863
19520 1073 4914 4616 4915
19521 1073 4967 4653 4968
19522 1073 4985 4666 4986
19523 1073 5010 4688 5011
19524 1073 5034 4711 5035
19525 1073 5087 4748 5088
19526 1073 5105 4761 5106
19527 1073 5133 4784 5134
19528 1073 5157 4806 5158
19529 1073 5494 5209 5495
19530 1073 5512 5222 5513
19531 1073 5564 5266 5565
19532 1073 5617 5303 5618
19533 1073 5635 5316 5636
19534 1073 5660 5338 5661
19535 1073 5684 5361 5685
19536 1073 5737 5398 5738
19537 1073 5755 5411 5756
19538 1073 5783 5434 5784
19539 1073 5807 5456 5808
19540 1073 6144 5859 6145
19541 1073 6162 5872 6163
19542 1073 6214 5916 6215
19543 1073 6267 5953 6268
19544 1073 6285 5966 6286
19545 1073 6310 5988 6311
19546 1073 6334 6011 6335
19547 1073 6387 6048 6388
19548 1073 6405 6061 6406
19549 1073 6433 6084 6434
19550 1073 6457 6106 6458
19551 1073 6794 6509 6795
19552 1073 6812 6522 6813
19553 1073 6864 6566 6865
19554 1073 6917 6603 6918
19555 1073 6935 6616 6936
19556 1073 6960 6638 6961
19557 1073 6984 6661 6985
19558 1073 7037 6698 7038
19559 1073 7055 6711 7056
19560 1073 7083 6734 7084
19561 1073 7107 6756 7108
19562 1073 7444 7159 7445
19563 1073 7462 7172 7463
19564 1073 7514 7216 7515
19565 1073 7567 7253 7568
19566 1073 7585 7266 7586
19567 1073 7610 7288 7611
19568 1073 7634 7311 7635
19569 1073 7687 7348 7688
19570 1073 7705 7361 7706
19571 1073 7733 7384 7734
19572 1073 7757 7406 7758
19573 1073 8094 7809 8095
19574 1073 8112 7822 8113
19575 1073 8164 7866 8165
19576 1073 8217 7903 8218
19577 1073 8235 7916 8236
19578 1073 8260 7938 8261
19579 1073 8284 7961 8285
19580 1073 8337 7998 8338
19581 1073 8355 8011 8356
19582 1073 8383 8034 8384
19583 1073 8407 8056 8408
19584 1073 8744 8459 8745
19585 1073 8762 8472 8763
19586 1073 8814 8516 8815
19587 1073 8867 8553 8868
19588 1073 8885 8566 8886
19589 1073 8910 8588 8911
19590 1073 8934 8611 8935
19591 1073 8987 8648 8988
19592 1073 9005 8661 9006
19593 1073 9033 8684 9034
19594 1073 9057 8706 9058
19595 1073 9394 9109 9395
19596 1073 9412 9122 9413
19597 1073 9464 9166 9465
19598 1073 9517 9203 9518
19599 1073 9535 9216 9536
19600 1073 9560 9238 9561
19601 1073 9584 9261 9585
19602 1073 9637 9298 9638
19603 1073 9655 9311 9656
19604 1073 9683 9334 9684
19605 1073 9707 9356 9708
19606 1073 10044 9759 10045
19607 1073 10062 9772 10063
19608 1073 10114 9816 10115
19609 1073 10167 9853 10168
19610 1073 10185 9866 10186
19611 1073 10210 9888 10211
19612 1073 10234 9911 10235
19613 1073 10287 9948 10288
19614 1073 10305 9961 10306
19615 1073 10333 9984 10334
19616 1073 10357 10006 10358
19617 1073 10694 10409 10695
19618 1073 10712 10422 10713
19619 1073 10764 10466 10765
19620 1073 10817 10503 10818
19621 1073 10835 10516 10836
19622 1073 10860 10538 10861
19623 1073 10884 10561 10885
19624 1073 10937 10598 10938
19625 1073 10955 10611 10956
19626 1073 10983 10634 10984
19627 1073 11007 10656 11008
19628 1073 11344 11059 11345
19629 1073 11362 11072 11363
19630 1073 11414 11116 11415
19631 1073 11467 11153 11468
19632 1073 11485 11166 11486
19633 1073 11510 11188 11511
19634 1073 11534 11211 11535
19635 1073 11587 11248 11588
19636 1073 11605 11261 11606
19637 1073 11633 11284 11634
19638 1073 11657 11306 11658
19639 1073 11994 11709 11995
19640 1073 12012 11722 12013
19641 1073 12064 11766 12065
19642 1073 12117 11803 12118
19643 1073 12135 11816 12136
19644 1073 12160 11838 12161
19645 1073 12184 11861 12185
19646 1073 12237 11898 12238
19647 1073 12255 11911 12256
19648 1073 12283 11934 12284
19649 1073 12307 11956 12308
19650 1073 12644 12359 12645
19651 1073 12662 12372 12663
19652 1073 12714 12416 12715
19653 1073 12767 12453 12768
19654 1073 12785 12466 12786
19655 1073 12810 12488 12811
19656 1073 12834 12511 12835
19657 1073 12887 12548 12888
19658 1073 12905 12561 12906
19659 1073 12933 12584 12934
19660 1073 12957 12606 12958
19661 1073 300 14 301
19662 1073 300 14 302
19663 1073 301 14 302
19664 1073 306 19 307
19665 1073 306 19 308
19666 1073 307 19 308
19667 1073 325 35 326
19668 1073 325 35 327
19669 1073 326 35 327
19670 1073 331 40 332
19671 1073 331 40 333
19672 1073 332 40 333
19673 1073 352 57 353
19674 1073 352 57 354
19675 1073 353 57 354
19676 1073 358 62 359
19677 1073 358 62 360
19678 1073 359 62 360
19679 1073 396 87 397
19680 1073 396 87 398
19681 1073 397 87 398
19682 1073 400 92 401
19683 1073 400 92 402
19684 1073 401 92 402
19685 1073 405 94 406
19686 1073 405 94 407
19687 1073 406 94 407
19688 1073 423 108 424
19689 1073 423 108 425
19690 1073 424 108 425
19691 1073 429 113 430
19692 1073 429 113 431
19693 1073 430 113 431
19694 1073 448 130 449
19695 1073 448 130 450
19696 1073 449 130 450
19697 1073 454 135 455
19698 1073 454 135 456
19699 1073 455 135 456
19700 1073 472 152 473
19701 1073 472 152 474
19702 1073 473 152 474
19703 1073 478 157 479
19704 1073 478 157 480
19705 1073 479 157 480
19706 1073 516 182 517
19707 1073 516 182 518
19708 1073 517 182 518
19709 1073 520 187 521
19710 1073 520 187 522
19711 1073 521 187 522
19712 1073 525 189 526
19713 1073 525 189 527
19714 1073 526 189 527
19715 1073 543 203 544
19716 1073 543 203 545
19717 1073 544 203 545
19718 1073 549 208 550
19719 1073 549 208 551
19720 1073 550 208 551
19721 1073 571 226 572
19722 1073 571 226 573
19723 1073 572 226 573
19724 1073 577 231 578
19725 1073 577 231 579
19726 1073 578 231 579
19727 1073 595 247 596
19728 1073 595 247 597
19729 1073 596 247 597
19730 1073 601 252 602
19731 1073 601 252 603
19732 1073 602 252 603
19733 1073 639 277 640
19734 1073 639 277 641
19735 1073 640 277 641
19736 1073 643 282 644
19737 1073 643 282 645
19738 1073 644 282 645
19739 1073 648 284 649
19740 1073 648 284 650
19741 1073 649 284 650
19742 1073 950 664 951
19743 1073 950 664 952
19744 1073 951 664 952
19745 1073 956 669 957
19746 1073 956 669 958
19747 1073 957 669 958
19748 1073 975 685 976
19749 1073 975 685 977
19750 1073 976 685 977
19751 1073 981 690 982
19752 1073 981 690 983
19753 1073 982 690 983
19754 1073 1002 707 1003
19755 1073 1002 707 1004
19756 1073 1003 707 1004
19757 1073 1008 712 1009
19758 1073 1008 712 1010
19759 1073 1009 712 1010
19760 1073 1046 737 1047
19761 1073 1046 737 1048
19762 1073 1047 737 1048
19763 1073 1050 742 1051
19764 1073 1050 742 1052
19765 1073 1051 742 1052
19766 1073 1055 744 1056
19767 1073 1055 744 1057
19768 1073 1056 744 1057
19769 1073 1073 758 1074
19770 1073 1073 758 1075
19771 1073 1074 758 1075
19772 1073 1079 763 1080
19773 1073 1079 763 1081
19774 1073 1080 763 1081
19775 1073 1098 780 1099
19776 1073 1098 780 1100
19777 1073 1099 780 1100
19778 1073 1104 785 1105
19779 1073 1104 785 1106
19780 1073 1105 785 1106
19781 1073 1122 802 1123
19782 1073 1122 802 1124
19783 1073 1123 802 1124
19784 1073 1128 807 1129
19785 1073 1128 807 1130
19786 1073 1129 807 1130
19787 1073 1166 832 1167
19788 1073 1166 832 1168
19789 1073 1167 832 1168
19790 1073 1170 837 1171
19791 1073 1170 837 1172
19792 1073 1171 837 1172
19793 1073 1175 839 1176
19794 1073 1175 839 1177
19795 1073 1176 839 1177
19796 1073 1193 853 1194
19797 1073 1193 853 1195
19798 1073 1194 853 1195
19799 1073 1199 858 1200
19800 1073 1199 858 1201
19801 1073 1200 858 1201
19802 1073 1221 876 1222
19803 1073 1221 876 1223
19804 1073 1222 876 1223
19805 1073 1227 881 1228
19806 1073 1227 881 1229
19807 1073 1228 881 1229
19808 1073 1245 897 1246
19809 1073 1245 897 1247
19810 1073 1246 897 1247
19811 1073 1251 902 1252
19812 1073 1251 902 1253
19813 1073 1252 902 1253
19814 1073 1289 927 1290
19815 1073 1289 927 1291
19816 1073 1290 927 1291
19817 1073 1293 932 1294
19818 1073 1293 932 1295
19819 1073 1294 932 1295
19820 1073 1298 934 1299
19821 1073 1298 934 1300
19822 1073 1299 934 1300
19823 1073 1600 1314 1601
19824 1073 1600 1314 1602
19825 1073 1601 1314 1602
19826 1073 1606 1319 1607
19827 1073 1606 1319 1608
19828 1073 1607 1319 1608
19829 1073 1625 1335 1626
19830 1073 1625 1335 1627
19831 1073 1626 1335 1627
19832 1073 1631 1340 1632
19833 1073 1631 1340 1633
19834 1073 1632 1340 1633
19835 1073 1652 1357 1653
19836 1073 1652 1357 1654
19837 1073 1653 1357 1654
19838 1073 1658 1362 1659
19839 1073 1658 1362 1660
19840 1073 1659 1362 1660
19841 1073 1696 1387 1697
19842 1073 1696 1387 1698
19843 1073 1697 1387 1698
19844 1073 1700 1392 1701
19845 1073 1700 1392 1702
19846 1073 1701 1392 1702
19847 1073 1705 1394 1706
19848 1073 1705 1394 1707
19849 1073 1706 1394 1707
19850 1073 1723 1408 1724
19851 1073 1723 1408 1725
19852 1073 1724 1408 1725
19853 1073 1729 1413 1730
19854 1073 1729 1413 1731
19855 1073 1730 1413 1731
19856 1073 1748 1430 1749
19857 1073 1748 1430 1750
19858 1073 1749 1430 1750
19859 1073 1754 1435 1755
19860 1073 1754 1435 1756
19861 1073 1755 1435 1756
19862 1073 1772 1452 1773
19863 1073 1772 1452 1774
19864 1073 1773 1452 1774
19865 1073 1778 1457 1779
19866 1073 1778 1457 1780
19867 1073 1779 1457 1780
19868 1073 1816 1482 1817
19869 1073 1816 1482 1818
19870 1073 1817 1482 1818
19871 1073 1820 1487 1821
19872 1073 1820 1487 1822
19873 1073 1821 1487 1822
19874 1073 1825 1489 1826
19875 1073 1825 1489 1827
19876 1073 1826 1489 1827
19877 1073 1843 1503 1844
19878 1073 1843 1503 1845
19879 1073 1844 1503 1845
19880 1073 1849 1508 1850
19881 1073 1849 1508 1851
19882 1073 1850 1508 1851
19883 1073 1871 1526 1872
19884 1073 1871 1526 1873
19885 1073 1872 1526 1873
19886 1073 1877 1531 1878
19887 1073 1877 1531 1879
19888 1073 1878 1531 1879
19889 1073 1895 1547 1896
19890 1073 1895 1547 1897
19891 1073 1896 1547 1897
19892 1073 1901 1552 1902
19893 1073 1901 1552 1903
19894 1073 1902 1552 1903
19895 1073 1939 1577 1940
19896 1073 1939 1577 1941
19897 1073 1940 1577 1941
19898 1073 1943 1582 1944
19899 1073 1943 1582 1945
19900 1073 1944 1582 1945
19901 1073 1948 1584 1949
19902 1073 1948 1584 1950
19903 1073 1949 1584 1950
19904 1073 2250 1964 2251
19905 1073 2250 1964 2252
19906 1073 2251 1964 2252
19907 1073 2256 1969 2257
19908 1073 2256 1969 2258
19909 1073 2257 1969 2258
19910 1073 2275 1985 2276
19911 1073 2275 1985 2277
19912 1073 2276 1985 2277
19913 1073 2281 1990 2282
19914 1073 2281 1990 2283
19915 1073 2282 1990 2283
19916 1073 2302 2007 2303
19917 1073 2302 2007 2304
19918 1073 2303 2007 2304
19919 1073 2308 2012 2309
19920 1073 2308 2012 2310
19921 1073 2309 2012 2310
19922 1073 2346 2037 2347
19923 1073 2346 2037 2348
19924 1073 2347 2037 2348
19925 1073 2350 2042 2351
19926 1073 2350 2042 2352
19927 1073 2351 2042 2352
19928 1073 2355 2044 2356
19929 1073 2355 2044 2357
19930 1073 2356 2044 2357
19931 1073 2373 2058 2374
19932 1073 2373 2058 2375
19933 1073 2374 2058 2375
19934 1073 2379 2063 2380
19935 1073 2379 2063 2381
19936 1073 2380 2063 2381
19937 1073 2398 2080 2399
19938 1073 2398 2080 2400
19939 1073 2399 2080 2400
19940 1073 2404 2085 2405
19941 1073 2404 2085 2406
19942 1073 2405 2085 2406
19943 1073 2422 2102 2423
19944 1073 2422 2102 2424
19945 1073 2423 2102 2424
19946 1073 2428 2107 2429
19947 1073 2428 2107 2430
19948 1073 2429 2107 2430
19949 1073 2466 2132 2467
19950 1073 2466 2132 2468
19951 1073 2467 2132 2468
19952 1073 2470 2137 2471
19953 1073 2470 2137 2472
19954 1073 2471 2137 2472
19955 1073 2475 2139 2476
19956 1073 2475 2139 2477
19957 1073 2476 2139 2477
19958 1073 2493 2153 2494
19959 1073 2493 2153 2495
19960 1073 2494 2153 2495
19961 1073 2499 2158 2500
19962 1073 2499 2158 2501
19963 1073 2500 2158 2501
19964 1073 2521 2176 2522
19965 1073 2521 2176 2523
19966 1073 2522 2176 2523
19967 1073 2527 2181 2528
19968 1073 2527 2181 2529
19969 1073 2528 2181 2529
19970 1073 2545 2197 2546
19971 1073 2545 2197 2547
19972 1073 2546 2197 2547
19973 1073 2551 2202 2552
19974 1073 2551 2202 2553
19975 1073 2552 2202 2553
19976 1073 2589 2227 2590
19977 1073 2589 2227 2591
19978 1073 2590 2227 2591
19979 1073 2593 2232 2594
19980 1073 2593 2232 2595
19981 1073 2594 2232 2595
19982 1073 2598 2234 2599
19983 1073 2598 2234 2600
19984 1073 2599 2234 2600
19985 1073 2900 2614 2901
19986 1073 2900 2614 2902
19987 1073 2901 2614 2902
19988 1073 2906 2619 2907
19989 1073 2906 2619 2908
19990 1073 2907 2619 2908
19991 1073 2925 2635 2926
19992 1073 2925 2635 2927
19993 1073 2926 2635 2927
19994 1073 2931 2640 2932
19995 1073 2931 2640 2933
19996 1073 2932 2640 2933
19997 1073 2952 2657 2953
19998 1073 2952 2657 2954
19999 1073 2953 2657 2954
20000 1073 2958 2662 2959
20001 1073 2958 2662 2960
20002 1073 2959 2662 2960
20003 1073 2996 2687 2997
20004 1073 2996 2687 2998
20005 1073 2997 2687 2998
20006 1073 3000 2692 3001
20007 1073 3000 2692 3002
20008 1073 3001 2692 3002
20009 1073 3005 2694 3006
20010 1073 3005 2694 3007
20011 1073 3006 2694 3007
20012 1073 3023 2708 3024
20013 1073 3023 2708 3025
20014 1073 3024 2708 3025
20015 1073 3029 2713 3030
20016 1073 3029 2713 3031
20017 1073 3030 2713 3031
20018 1073 3048 2730 3049
20019 1073 3048 2730 3050
20020 1073 3049 2730 3050
20021 1073 3054 2735 3055
20022 1073 3054 2735 3056
20023 1073 3055 2735 3056
20024 1073 3072 2752 3073
20025 1073 3072 2752 3074
20026 1073 3073 2752 3074
20027 1073 3078 2757 3079
20028 1073 3078 2757 3080
20029 1073 3079 2757 3080
20030 1073 3116 2782 3117
20031 1073 3116 2782 3118
20032 1073 3117 2782 3118
20033 1073 3120 2787 3121
20034 1073 3120 2787 3122
20035 1073 3121 2787 3122
20036 1073 3125 2789 3126
20037 1073 3125 2789 3127
20038 1073 3126 2789 3127
20039 1073 3143 2803 3144
20040 1073 3143 2803 3145
20041 1073 3144 2803 3145
20042 1073 3149 2808 3150
20043 1073 3149 2808 3151
20044 1073 3150 2808 3151
20045 1073 3171 2826 3172
20046 1073 3171 2826 3173
20047 1073 3172 2826 3173
20048 1073 3177 2831 3178
20049 1073 3177 2831 3179
20050 1073 3178 2831 3179
20051 1073 3195 2847 3196
20052 1073 3195 2847 3197
20053 1073 3196 2847 3197
20054 1073 3201 2852 3202
20055 1073 3201 2852 3203
20056 1073 3202 2852 3203
20057 1073 3239 2877 3240
20058 1073 3239 2877 3241
20059 1073 3240 2877 3241
20060 1073 3243 2882 3244
20061 1073 3243 2882 3245
20062 1073 3244 2882 3245
20063 1073 3248 2884 3249
20064 1073 3248 2884 3250
20065 1073 3249 2884 3250
20066 1073 3550 3264 3551
20067 1073 3550 3264 3552
20068 1073 3551 3264 3552
20069 1073 3556 3269 3557
20070 1073 3556 3269 3558
20071 1073 3557 3269 3558
20072 1073 3575 3285 3576
20073 1073 3575 3285 3577
20074 1073 3576 3285 3577
20075 1073 3581 3290 3582
20076 1073 3581 3290 3583
20077 1073 3582 3290 3583
20078 1073 3602 3307 3603
20079 1073 3602 3307 3604
20080 1073 3603 3307 3604
20081 1073 3608 3312 3609
20082 1073 3608 3312 3610
20083 1073 3609 3312 3610
20084 1073 3646 3337 3647
20085 1073 3646 3337 3648
20086 1073 3647 3337 3648
20087 1073 3650 3342 3651
20088 1073 3650 3342 3652
20089 1073 3651 3342 3652
20090 1073 3655 3344 3656
20091 1073 3655 3344 3657
20092 1073 3656 3344 3657
20093 1073 3673 3358 3674
20094 1073 3673 3358 3675
20095 1073 3674 3358 3675
20096 1073 3679 3363 3680
20097 1073 3679 3363 3681
20098 1073 3680 3363 3681
20099 1073 3698 3380 3699
20100 1073 3698 3380 3700
20101 1073 3699 3380 3700
20102 1073 3704 3385 3705
20103 1073 3704 3385 3706
20104 1073 3705 3385 3706
20105 1073 3722 3402 3723
20106 1073 3722 3402 3724
20107 1073 3723 3402 3724
20108 1073 3728 3407 3729
20109 1073 3728 3407 3730
20110 1073 3729 3407 3730
20111 1073 3766 3432 3767
20112 1073 3766 3432 3768
20113 1073 3767 3432 3768
20114 1073 3770 3437 3771
20115 1073 3770 3437 3772
20116 1073 3771 3437 3772
20117 1073 3775 3439 3776
20118 1073 3775 3439 3777
20119 1073 3776 3439 3777
20120 1073 3793 3453 3794
20121 1073 3793 3453 3795
20122 1073 3794 3453 3795
20123 1073 3799 3458 3800
20124 1073 3799 3458 3801
20125 1073 3800 3458 3801
20126 1073 3821 3476 3822
20127 1073 3821 3476 3823
20128 1073 3822 3476 3823
20129 1073 3827 3481 3828
20130 1073 3827 3481 3829
20131 1073 3828 3481 3829
20132 1073 3845 3497 3846
20133 1073 3845 3497 3847
20134 1073 3846 3497 3847
20135 1073 3851 3502 3852
20136 1073 3851 3502 3853
20137 1073 3852 3502 3853
20138 1073 3889 3527 3890
20139 1073 3889 3527 3891
20140 1073 3890 3527 3891
20141 1073 3893 3532 3894
20142 1073 3893 3532 3895
20143 1073 3894 3532 3895
20144 1073 3898 3534 3899
20145 1073 3898 3534 3900
20146 1073 3899 3534 3900
20147 1073 4200 3914 4201
20148 1073 4200 3914 4202
20149 1073 4201 3914 4202
20150 1073 4206 3919 4207
20151 1073 4206 3919 4208
20152 1073 4207 3919 4208
20153 1073 4225 3935 4226
20154 1073 4225 3935 4227
20155 1073 4226 3935 4227
20156 1073 4231 3940 4232
20157 1073 4231 3940 4233
20158 1073 4232 3940 4233
20159 1073 4252 3957 4253
20160 1073 4252 3957 4254
20161 1073 4253 3957 4254
20162 1073 4258 3962 4259
20163 1073 4258 3962 4260
20164 1073 4259 3962 4260
20165 1073 4296 3987 4297
20166 1073 4296 3987 4298
20167 1073 4297 3987 4298
20168 1073 4300 3992 4301
20169 1073 4300 3992 4302
20170 1073 4301 3992 4302
20171 1073 4305 3994 4306
20172 1073 4305 3994 4307
20173 1073 4306 3994 4307
20174 1073 4323 4008 4324
20175 1073 4323 4008 4325
20176 1073 4324 4008 4325
20177 1073 4329 4013 4330
20178 1073 4329 4013 4331
20179 1073 4330 4013 4331
20180 1073 4348 4030 4349
20181 1073 4348 4030 4350
20182 1073 4349 4030 4350
20183 1073 4354 4035 4355
20184 1073 4354 4035 4356
20185 1073 4355 4035 4356
20186 1073 4372 4052 4373
20187 1073 4372 4052 4374
20188 1073 4373 4052 4374
20189 1073 4378 4057 4379
20190 1073 4378 4057 4380
20191 1073 4379 4057 4380
20192 1073 4416 4082 4417
20193 1073 4416 4082 4418
20194 1073 4417 4082 4418
20195 1073 4420 4087 4421
20196 1073 4420 4087 4422
20197 1073 4421 4087 4422
20198 1073 4425 4089 4426
20199 1073 4425 4089 4427
20200 1073 4426 4089 4427
20201 1073 4443 4103 4444
20202 1073 4443 4103 4445
20203 1073 4444 4103 4445
20204 1073 4449 4108 4450
20205 1073 4449 4108 4451
20206 1073 4450 4108 4451
20207 1073 4471 4126 4472
20208 1073 4471 4126 4473
20209 1073 4472 4126 4473
20210 1073 4477 4131 4478
20211 1073 4477 4131 4479
20212 1073 4478 4131 4479
20213 1073 4495 4147 4496
20214 1073 4495 4147 4497
20215 1073 4496 4147 4497
20216 1073 4501 4152 4502
20217 1073 4501 4152 4503
20218 1073 4502 4152 4503
20219 1073 4539 4177 4540
20220 1073 4539 4177 4541
20221 1073 4540 4177 4541
20222 1073 4543 4182 4544
20223 1073 4543 4182 4545
20224 1073 4544 4182 4545
20225 1073 4548 4184 4549
20226 1073 4548 4184 4550
20227 1073 4549 4184 4550
20228 1073 4850 4564 4851
20229 1073 4850 4564 4852
20230 1073 4851 4564 4852
20231 1073 4856 4569 4857
20232 1073 4856 4569 4858
20233 1073 4857 4569 4858
20234 1073 4875 4585 4876
20235 1073 4875 4585 4877
20236 1073 4876 4585 4877
20237 1073 4881 4590 4882
20238 1073 4881 4590 4883
20239 1073 4882 4590 4883
20240 1073 4902 4607 4903
20241 1073 4902 4607 4904
20242 1073 4903 4607 4904
20243 1073 4908 4612 4909
20244 1073 4908 4612 4910
20245 1073 4909 4612 4910
20246 1073 4946 4637 4947
20247 1073 4946 4637 4948
20248 1073 4947 4637 4948
20249 1073 4950 4642 4951
20250 1073 4950 4642 4952
20251 1073 4951 4642 4952
20252 1073 4955 4644 4956
20253 1073 4955 4644 4957
20254 1073 4956 4644 4957
20255 1073 4973 4658 4974
20256 1073 4973 4658 4975
20257 1073 4974 4658 4975
20258 1073 4979 4663 4980
20259 1073 4979 4663 4981
20260 1073 4980 4663 4981
20261 1073 4998 4680 4999
20262 1073 4998 4680 5000
20263 1073 4999 4680 5000
20264 1073 5004 4685 5005
20265 1073 5004 4685 5006
20266 1073 5005 4685 5006
20267 1073 5022 4702 5023
20268 1073 5022 4702 5024
20269 1073 5023 4702 5024
20270 1073 5028 4707 5029
20271 1073 5028 4707 5030
20272 1073 5029 4707 5030
20273 1073 5066 4732 5067
20274 1073 5066 4732 5068
20275 1073 5067 4732 5068
20276 1073 5070 4737 5071
20277 1073 5070 4737 5072
20278 1073 5071 4737 5072
20279 1073 5075 4739 5076
20280 1073 5075 4739 5077
20281 1073 5076 4739 5077
20282 1073 5093 4753 5094
20283 1073 5093 4753 5095
20284 1073 5094 4753 5095
20285 1073 5099 4758 5100
20286 1073 5099 4758 5101
20287 1073 5100 4758 5101
20288 1073 5121 4776 5122
20289 1073 5121 4776 5123
20290 1073 5122 4776 5123
20291 1073 5127 4781 5128
20292 1073 5127 4781 5129
20293 1073 5128 4781 5129
20294 1073 5145 4797 5146
20295 1073 5145 4797 5147
20296 1073 5146 4797 5147
20297 1073 5151 4802 5152
20298 1073 5151 4802 5153
20299 1073 5152 4802 5153
20300 1073 5189 4827 5190
20301 1073 5189 4827 5191
20302 1073 5190 4827 5191
20303 1073 5193 4832 5194
20304 1073 5193 4832 5195
20305 1073 5194 4832 5195
20306 1073 5198 4834 5199
20307 1073 5198 4834 5200
20308 1073 5199 4834 5200
20309 1073 5500 5214 5501
20310 1073 5500 5214 5502
20311 1073 5501 5214 5502
20312 1073 5506 5219 5507
20313 1073 5506 5219 5508
20314 1073 5507 5219 5508
20315 1073 5525 5235 5526
20316 1073 5525 5235 5527
20317 1073 5526 5235 5527
20318 1073 5531 5240 5532
20319 1073 5531 5240 5533
20320 1073 5532 5240 5533
20321 1073 5552 5257 5553
20322 1073 5552 5257 5554
20323 1073 5553 5257 5554
20324 1073 5558 5262 5559
20325 1073 5558 5262 5560
20326 1073 5559 5262 5560
20327 1073 5596 5287 5597
20328 1073 5596 5287 5598
20329 1073 5597 5287 5598
20330 1073 5600 5292 5601
20331 1073 5600 5292 5602
20332 1073 5601 5292 5602
20333 1073 5605 5294 5606
20334 1073 5605 5294 5607
20335 1073 5606 5294 5607
20336 1073 5623 5308 5624
20337 1073 5623 5308 5625
20338 1073 5624 5308 5625
20339 1073 5629 5313 5630
20340 1073 5629 5313 5631
20341 1073 5630 5313 5631
20342 1073 5648 5330 5649
20343 1073 5648 5330 5650
20344 1073 5649 5330 5650
20345 1073 5654 5335 5655
20346 1073 5654 5335 5656
20347 1073 5655 5335 5656
20348 1073 5672 5352 5673
20349 1073 5672 5352 5674
20350 1073 5673 5352 5674
20351 1073 5678 5357 5679
20352 1073 5678 5357 5680
20353 1073 5679 5357 5680
20354 1073 5716 5382 5717
20355 1073 5716 5382 5718
20356 1073 5717 5382 5718
20357 1073 5720 5387 5721
20358 1073 5720 5387 5722
20359 1073 5721 5387 5722
20360 1073 5725 5389 5726
20361 1073 5725 5389 5727
20362 1073 5726 5389 5727
20363 1073 5743 5403 5744
20364 1073 5743 5403 5745
20365 1073 5744 5403 5745
20366 1073 5749 5408 5750
20367 1073 5749 5408 5751
20368 1073 5750 5408 5751
20369 1073 5771 5426 5772
20370 1073 5771 5426 5773
20371 1073 5772 5426 5773
20372 1073 5777 5431 5778
20373 1073 5777 5431 5779
20374 1073 5778 5431 5779
20375 1073 5795 5447 5796
20376 1073 5795 5447 5797
20377 1073 5796 5447 5797
20378 1073 5801 5452 5802
20379 1073 5801 5452 5803
20380 1073 5802 5452 5803
20381 1073 5839 5477 5840
20382 1073 5839 5477 5841
20383 1073 5840 5477 5841
20384 1073 5843 5482 5844
20385 1073 5843 5482 5845
20386 1073 5844 5482 5845
20387 1073 5848 5484 5849
20388 1073 5848 5484 5850
20389 1073 5849 5484 5850
20390 1073 6150 5864 6151
20391 1073 6150 5864 6152
20392 1073 6151 5864 6152
20393 1073 6156 5869 6157
20394 1073 6156 5869 6158
20395 1073 6157 5869 6158
20396 1073 6175 5885 6176
20397 1073 6175 5885 6177
20398 1073 6176 5885 6177
20399 1073 6181 5890 6182
20400 1073 6181 5890 6183
20401 1073 6182 5890 6183
20402 1073 6202 5907 6203
20403 1073 6202 5907 6204
20404 1073 6203 5907 6204
20405 1073 6208 5912 6209
20406 1073 6208 5912 6210
20407 1073 6209 5912 6210
20408 1073 6246 5937 6247
20409 1073 6246 5937 6248
20410 1073 6247 5937 6248
20411 1073 6250 5942 6251
20412 1073 6250 5942 6252
20413 1073 6251 5942 6252
20414 1073 6255 5944 6256
20415 1073 6255 5944 6257
20416 1073 6256 5944 6257
20417 1073 6273 5958 6274
20418 1073 6273 5958 6275
20419 1073 6274 5958 6275
20420 1073 6279 5963 6280
20421 1073 6279 5963 6281
20422 1073 6280 5963 6281
20423 1073 6298 5980 6299
20424 1073 6298 5980 6300
20425 1073 6299 5980 6300
20426 1073 6304 5985 6305
20427 1073 6304 5985 6306
20428 1073 6305 5985 6306
20429 1073 6322 6002 6323
20430 1073 6322 6002 6324
20431 1073 6323 6002 6324
20432 1073 6328 6007 6329
20433 1073 6328 6007 6330
20434 1073 6329 6007 6330
20435 1073 6366 6032 6367
20436 1073 6366 6032 6368
20437 1073 6367 6032 6368
20438 1073 6370 6037 6371
20439 1073 6370 6037 6372
20440 1073 6371 6037 6372
20441 1073 6375 6039 6376
20442 1073 6375 6039 6377
20443 1073 6376 6039 6377
20444 1073 6393 6053 6394
20445 1073 6393 6053 6395
20446 1073 6394 6053 6395
20447 1073 6399 6058 6400
20448 1073 6399 6058 6401
20449 1073 6400 6058 6401
20450 1073 6421 6076 6422
20451 1073 6421 6076 6423
20452 1073 6422 6076 6423
20453 1073 6427 6081 6428
20454 1073 6427 6081 6429
20455 1073 6428 6081 6429
20456 1073 6445 6097 6446
20457 1073 6445 6097 6447
20458 1073 6446 6097 6447
20459 1073 6451 6102 6452
20460 1073 6451 6102 6453
20461 1073 6452 6102 6453
20462 1073 6489 6127 6490
20463 1073 6489 6127 6491
20464 1073 6490 6127 6491
20465 1073 6493 6132 6494
20466 1073 6493 6132 6495
20467 1073 6494 6132 6495
20468 1073 6498 6134 6499
20469 1073 6498 6134 6500
20470 1073 6499 6134 6500
20471 1073 6800 6514 6801
20472 1073 6800 6514 6802
20473 1073 6801 6514 6802
20474 1073 6806 6519 6807
20475 1073 6806 6519 6808
20476 1073 6807 6519 6808
20477 1073 6825 6535 6826
20478 1073 6825 6535 6827
20479 1073 6826 6535 6827
20480 1073 6831 6540 6832
20481 1073 6831 6540 6833
20482 1073 6832 6540 6833
20483 1073 6852 6557 6853
20484 1073 6852 6557 6854
20485 1073 6853 6557 6854
20486 1073 6858 6562 6859
20487 1073 6858 6562 6860
20488 1073 6859 6562 6860
20489 1073 6896 6587 6897
20490 1073 6896 6587 6898
20491 1073 6897 6587 6898
20492 1073 6900 6592 6901
20493 1073 6900 6592 6902
20494 1073 6901 6592 6902
20495 1073 6905 6594 6906
20496 1073 6905 6594 6907
20497 1073 6906 6594 6907
20498 1073 6923 6608 6924
20499 1073 6923 6608 6925
20500 1073 6924 6608 6925
20501 1073 6929 6613 6930
20502 1073 6929 6613 6931
20503 1073 6930 6613 6931
20504 1073 6948 6630 6949
20505 1073 6948 6630 6950
20506 1073 6949 6630 6950
20507 1073 6954 6635 6955
20508 1073 6954 6635 6956
20509 1073 6955 6635 6956
20510 1073 6972 6652 6973
20511 1073 6972 6652 6974
20512 1073 6973 6652 6974
20513 1073 6978 6657 6979
20514 1073 6978 6657 6980
20515 1073 6979 6657 6980
20516 1073 7016 6682 7017
20517 1073 7016 6682 7018
20518 1073 7017 6682 7018
20519 1073 7020 6687 7021
20520 1073 7020 6687 7022
20521 1073 7021 6687 7022
20522 1073 7025 6689 7026
20523 1073 7025 6689 7027
20524 1073 7026 6689 7027
20525 1073 7043 6703 7044
20526 1073 7043 6703 7045
20527 1073 7044 6703 7045
20528 1073 7049 6708 7050
20529 1073 7049 6708 7051
20530 1073 7050 6708 7051
20531 1073 7071 6726 7072
20532 1073 7071 6726 7073
20533 1073 7072 6726 7073
20534 1073 7077 6731 7078
20535 1073 7077 6731 7079
20536 1073 7078 6731 7079
20537 1073 7095 6747 7096
20538 1073 7095 6747 7097
20539 1073 7096 6747 7097
20540 1073 7101 6752 7102
20541 1073 7101 6752 7103
20542 1073 7102 6752 7103
20543 1073 7139 6777 7140
20544 1073 7139 6777 7141
20545 1073 7140 6777 7141
20546 1073 7143 6782 7144
20547 1073 7143 6782 7145
20548 1073 7144 6782 7145
20549 1073 7148 6784 7149
20550 1073 7148 6784 7150
20551 1073 7149 6784 7150
20552 1073 7450 7164 7451
20553 1073 7450 7164 7452
20554 1073 7451 7164 7452
20555 1073 7456 7169 7457
20556 1073 7456 7169 7458
20557 1073 7457 7169 7458
20558 1073 7475 7185 7476
20559 1073 7475 7185 7477
20560 1073 7476 7185 7477
20561 1073 7481 7190 7482
20562 1073 7481 7190 7483
20563 1073 7482 7190 7483
20564 1073 7502 7207 7503
20565 1073 7502 7207 7504
20566 1073 7503 7207 7504
20567 1073 7508 7212 7509
20568 1073 7508 7212 7510
20569 1073 7509 7212 7510
20570 1073 7546 7237 7547
20571 1073 7546 7237 7548
20572 1073 7547 7237 7548
20573 1073 7550 7242 7551
20574 1073 7550 7242 7552
20575 1073 7551 7242 7552
20576 1073 7555 7244 7556
20577 1073 7555 7244 7557
20578 1073 7556 7244 7557
20579 1073 7573 7258 7574
20580 1073 7573 7258 7575
20581 1073 7574 7258 7575
20582 1073 7579 7263 7580
20583 1073 7579 7263 7581
20584 1073 7580 7263 7581
20585 1073 7598 7280 7599
20586 1073 7598 7280 7600
20587 1073 7599 7280 7600
20588 1073 7604 7285 7605
20589 1073 7604 7285 7606
20590 1073 7605 7285 7606
20591 1073 7622 7302 7623
20592 1073 7622 7302 7624
20593 1073 7623 7302 7624
20594 1073 7628 7307 7629
20595 1073 7628 7307 7630
20596 1073 7629 7307 7630
20597 1073 7666 7332 7667
20598 1073 7666 7332 7668
20599 1073 7667 7332 7668
20600 1073 7670 7337 7671
20601 1073 7670 7337 7672
20602 1073 7671 7337 7672
20603 1073 7675 7339 7676
20604 1073 7675 7339 7677
20605 1073 7676 7339 7677
20606 1073 7693 7353 7694
20607 1073 7693 7353 7695
20608 1073 7694 7353 7695
20609 1073 7699 7358 7700
20610 1073 7699 7358 7701
20611 1073 7700 7358 7701
20612 1073 7721 7376 7722
20613 1073 7721 7376 7723
20614 1073 7722 7376 7723
20615 1073 7727 7381 7728
20616 1073 7727 7381 7729
20617 1073 7728 7381 7729
20618 1073 7745 7397 7746
20619 1073 7745 7397 7747
20620 1073 7746 7397 7747
20621 1073 7751 7402 7752
20622 1073 7751 7402 7753
20623 1073 7752 7402 7753
20624 1073 7789 7427 7790
20625 1073 7789 7427 7791
20626 1073 7790 7427 7791
20627 1073 7793 7432 7794
20628 1073 7793 7432 7795
20629 1073 7794 7432 7795
20630 1073 7798 7434 7799
20631 1073 7798 7434 7800
20632 1073 7799 7434 7800
20633 1073 8100 7814 8101
20634 1073 8100 7814 8102
20635 1073 8101 7814 8102
20636 1073 8106 7819 8107
20637 1073 8106 7819 8108
20638 1073 8107 7819 8108
20639 1073 8125 7835 8126
20640 1073 8125 7835 8127
20641 1073 8126 7835 8127
20642 1073 8131 7840 8132
20643 1073 8131 7840 8133
20644 1073 8132 7840 8133
20645 1073 8152 7857 8153
20646 1073 8152 7857 8154
20647 1073 8153 7857 8154
20648 1073 8158 7862 8159
20649 1073 8158 7862 8160
20650 1073 8159 7862 8160
20651 1073 8196 7887 8197
20652 1073 8196 7887 8198
20653 1073 8197 7887 8198
20654 1073 8200 7892 8201
20655 1073 8200 7892 8202
20656 1073 8201 7892 8202
20657 1073 8205 7894 8206
20658 1073 8205 7894 8207
20659 1073 8206 7894 8207
20660 1073 8223 7908 8224
20661 1073 8223 7908 8225
20662 1073 8224 7908 8225
20663 1073 8229 7913 8230
20664 1073 8229 7913 8231
20665 1073 8230 7913 8231
20666 1073 8248 7930 8249
20667 1073 8248 7930 8250
20668 1073 8249 7930 8250
20669 1073 8254 7935 8255
20670 1073 8254 7935 8256
20671 1073 8255 7935 8256
20672 1073 8272 7952 8273
20673 1073 8272 7952 8274
20674 1073 8273 7952 8274
20675 1073 8278 7957 8279
20676 1073 8278 7957 8280
20677 1073 8279 7957 8280
20678 1073 8316 7982 8317
20679 1073 8316 7982 8318
20680 1073 8317 7982 8318
20681 1073 8320 7987 8321
20682 1073 8320 7987 8322
20683 1073 8321 7987 8322
20684 1073 8325 7989 8326
20685 1073 8325 7989 8327
20686 1073 8326 7989 8327
20687 1073 8343 8003 8344
20688 1073 8343 8003 8345
20689 1073 8344 8003 8345
20690 1073 8349 8008 8350
20691 1073 8349 8008 8351
20692 1073 8350 8008 8351
20693 1073 8371 8026 8372
20694 1073 8371 8026 8373
20695 1073 8372 8026 8373
20696 1073 8377 8031 8378
20697 1073 8377 8031 8379
20698 1073 8378 8031 8379
20699 1073 8395 8047 8396
20700 1073 8395 8047 8397
20701 1073 8396 8047 8397
20702 1073 8401 8052 8402
20703 1073 8401 8052 8403
20704 1073 8402 8052 8403
20705 1073 8439 8077 8440
20706 1073 8439 8077 8441
20707 1073 8440 8077 8441
20708 1073 8443 8082 8444
20709 1073 8443 8082 8445
20710 1073 8444 8082 8445
20711 1073 8448 8084 8449
20712 1073 8448 8084 8450
20713 1073 8449 8084 8450
20714 1073 8750 8464 8751
20715 1073 8750 8464 8752
20716 1073 8751 8464 8752
20717 1073 8756 8469 8757
20718 1073 8756 8469 8758
20719 1073 8757 8469 8758
20720 1073 8775 8485 8776
20721 1073 8775 8485 8777
20722 1073 8776 8485 8777
20723 1073 8781 8490 8782
20724 1073 8781 8490 8783
20725 1073 8782 8490 8783
20726 1073 8802 8507 8803
20727 1073 8802 8507 8804
20728 1073 8803 8507 8804
20729 1073 8808 8512 8809
20730 1073 8808 8512 8810
20731 1073 8809 8512 8810
20732 1073 8846 8537 8847
20733 1073 8846 8537 8848
20734 1073 8847 8537 8848
20735 1073 8850 8542 8851
20736 1073 8850 8542 8852
20737 1073 8851 8542 8852
20738 1073 8855 8544 8856
20739 1073 8855 8544 8857
20740 1073 8856 8544 8857
20741 1073 8873 8558 8874
20742 1073 8873 8558 8875
20743 1073 8874 8558 8875
20744 1073 8879 8563 8880
20745 1073 8879 8563 8881
20746 1073 8880 8563 8881
20747 1073 8898 8580 8899
20748 1073 8898 8580 8900
20749 1073 8899 8580 8900
20750 1073 8904 8585 8905
20751 1073 8904 8585 8906
20752 1073 8905 8585 8906
20753 1073 8922 8602 8923
20754 1073 8922 8602 8924
20755 1073 8923 8602 8924
20756 1073 8928 8607 8929
20757 1073 8928 8607 8930
20758 1073 8929 8607 8930
20759 1073 8966 8632 8967
20760 1073 8966 8632 8968
20761 1073 8967 8632 8968
20762 1073 8970 8637 8971
20763 1073 8970 8637 8972
20764 1073 8971 8637 8972
20765 1073 8975 8639 8976
20766 1073 8975 8639 8977
20767 1073 8976 8639 8977
20768 1073 8993 8653 8994
20769 1073 8993 8653 8995
20770 1073 8994 8653 8995
20771 1073 8999 8658 9000
20772 1073 8999 8658 9001
20773 1073 9000 8658 9001
20774 1073 9021 8676 9022
20775 1073 9021 8676 9023
20776 1073 9022 8676 9023
20777 1073 9027 8681 9028
20778 1073 9027 8681 9029
20779 1073 9028 8681 9029
20780 1073 9045 8697 9046
20781 1073 9045 8697 9047
20782 1073 9046 8697 9047
20783 1073 9051 8702 9052
20784 1073 9051 8702 9053
20785 1073 9052 8702 9053
20786 1073 9089 8727 9090
20787 1073 9089 8727 9091
20788 1073 9090 8727 9091
20789 1073 9093 8732 9094
20790 1073 9093 8732 9095
20791 1073 9094 8732 9095
20792 1073 9098 8734 9099
20793 1073 9098 8734 9100
20794 1073 9099 8734 9100
20795 1073 9400 9114 9401
20796 1073 9400 9114 9402
20797 1073 9401 9114 9402
20798 1073 9406 9119 9407
20799 1073 9406 9119 9408
20800 1073 9407 9119 9408
20801 1073 9425 9135 9426
20802 1073 9425 9135 9427
20803 1073 9426 9135 9427
20804 1073 9431 9140 9432
20805 1073 9431 9140 9433
20806 1073 9432 9140 9433
20807 1073 9452 9157 9453
20808 1073 9452 9157 9454
20809 1073 9453 9157 9454
20810 1073 9458 9162 9459
20811 1073 9458 9162 9460
20812 1073 9459 9162 9460
20813 1073 9496 9187 9497
20814 1073 9496 9187 9498
20815 1073 9497 9187 9498
20816 1073 9500 9192 9501
20817 1073 9500 9192 9502
20818 1073 9501 9192 9502
20819 1073 9505 9194 9506
20820 1073 9505 9194 9507
20821 1073 9506 9194 9507
20822 1073 9523 9208 9524
20823 1073 9523 9208 9525
20824 1073 9524 9208 9525
20825 1073 9529 9213 9530
20826 1073 9529 9213 9531
20827 1073 9530 9213 9531
20828 1073 9548 9230 9549
20829 1073 9548 9230 9550
20830 1073 9549 9230 9550
20831 1073 9554 9235 9555
20832 1073 9554 9235 9556
20833 1073 9555 9235 9556
20834 1073 9572 9252 9573
20835 1073 9572 9252 9574
20836 1073 9573 9252 9574
20837 1073 9578 9257 9579
20838 1073 9578 9257 9580
20839 1073 9579 9257 9580
20840 1073 9616 9282 9617
20841 1073 9616 9282 9618
20842 1073 9617 9282 9618
20843 1073 9620 9287 9621
20844 1073 9620 9287 9622
20845 1073 9621 9287 9622
20846 1073 9625 9289 9626
20847 1073 9625 9289 9627
20848 1073 9626 9289 9627
20849 1073 9643 9303 9644
20850 1073 9643 9303 9645
20851 1073 9644 9303 9645
20852 1073 9649 9308 9650
20853 1073 9649 9308 9651
20854 1073 9650 9308 9651
20855 1073 9671 9326 9672
20856 1073 9671 9326 9673
20857 1073 9672 9326 9673
20858 1073 9677 9331 9678
20859 1073 9677 9331 9679
20860 1073 9678 9331 9679
20861 1073 9695 9347 9696
20862 1073 9695 9347 9697
20863 1073 9696 9347 9697
20864 1073 9701 9352 9702
20865 1073 9701 9352 9703
20866 1073 9702 9352 9703
20867 1073 9739 9377 9740
20868 1073 9739 9377 9741
20869 1073 9740 9377 9741
20870 1073 9743 9382 9744
20871 1073 9743 9382 9745
20872 1073 9744 9382 9745
20873 1073 9748 9384 9749
20874 1073 9748 9384 9750
20875 1073 9749 9384 9750
20876 1073 10050 9764 10051
20877 1073 10050 9764 10052
20878 1073 10051 9764 10052
20879 1073 10056 9769 10057
20880 1073 10056 9769 10058
20881 1073 10057 9769 10058
20882 1073 10075 9785 10076
20883 1073 10075 9785 10077
20884 1073 10076 9785 10077
20885 1073 10081 9790 10082
20886 1073 10081 9790 10083
20887 1073 10082 9790 10083
20888 1073 10102 9807 10103
20889 1073 10102 9807 10104
20890 1073 10103 9807 10104
20891 1073 10108 9812 10109
20892 1073 10108 9812 10110
20893 1073 10109 9812 10110
20894 1073 10146 9837 10147
20895 1073 10146 9837 10148
20896 1073 10147 9837 10148
20897 1073 10150 9842 10151
20898 1073 10150 9842 10152
20899 1073 10151 9842 10152
20900 1073 10155 9844 10156
20901 1073 10155 9844 10157
20902 1073 10156 9844 10157
20903 1073 10173 9858 10174
20904 1073 10173 9858 10175
20905 1073 10174 9858 10175
20906 1073 10179 9863 10180
20907 1073 10179 9863 10181
20908 1073 10180 9863 10181
20909 1073 10198 9880 10199
20910 1073 10198 9880 10200
20911 1073 10199 9880 10200
20912 1073 10204 9885 10205
20913 1073 10204 9885 10206
20914 1073 10205 9885 10206
20915 1073 10222 9902 10223
20916 1073 10222 9902 10224
20917 1073 10223 9902 10224
20918 1073 10228 9907 10229
20919 1073 10228 9907 10230
20920 1073 10229 9907 10230
20921 1073 10266 9932 10267
20922 1073 10266 9932 10268
20923 1073 10267 9932 10268
20924 1073 10270 9937 10271
20925 1073 10270 9937 10272
20926 1073 10271 9937 10272
20927 1073 10275 9939 10276
20928 1073 10275 9939 10277
20929 1073 10276 9939 10277
20930 1073 10293 9953 10294
20931 1073 10293 9953 10295
20932 1073 10294 9953 10295
20933 1073 10299 9958 10300
20934 1073 10299 9958 10301
20935 1073 10300 9958 10301
20936 1073 10321 9976 10322
20937 1073 10321 9976 10323
20938 1073 10322 9976 10323
20939 1073 10327 9981 10328
20940 1073 10327 9981 10329
20941 1073 10328 9981 10329
20942 1073 10345 9997 10346
20943 1073 10345 9997 10347
20944 1073 10346 9997 10347
20945 1073 10351 10002 10352
20946 1073 10351 10002 10353
20947 1073 10352 10002 10353
20948 1073 10389 10027 10390
20949 1073 10389 10027 10391
20950 1073 10390 10027 10391
20951 1073 10393 10032 10394
20952 1073 10393 10032 10395
20953 1073 10394 10032 10395
20954 1073 10398 10034 10399
20955 1073 10398 10034 10400
20956 1073 10399 10034 10400
20957 1073 10700 10414 10701
20958 1073 10700 10414 10702
20959 1073 10701 10414 10702
20960 1073 10706 10419 10707
20961 1073 10706 10419 10708
20962 1073 10707 10419 10708
20963 1073 10725 10435 10726
20964 1073 10725 10435 10727
20965 1073 10726 10435 10727
20966 1073 10731 10440 10732
20967 1073 10731 10440 10733
20968 1073 10732 10440 10733
20969 1073 10752 10457 10753
20970 1073 10752 10457 10754
20971 1073 10753 10457 10754
20972 1073 10758 10462 10759
20973 1073 10758 10462 10760
20974 1073 10759 10462 10760
20975 1073 10796 10487 10797
20976 1073 10796 10487 10798
20977 1073 10797 10487 10798
20978 1073 10800 10492 10801
20979 1073 10800 10492 10802
20980 1073 10801 10492 10802
20981 1073 10805 10494 10806
20982 1073 10805 10494 10807
20983 1073 10806 10494 10807
20984 1073 10823 10508 10824
20985 1073 10823 10508 10825
20986 1073 10824 10508 10825
20987 1073 10829 10513 10830
20988 1073 10829 10513 10831
20989 1073 10830 10513 10831
20990 1073 10848 10530 10849
20991 1073 10848 10530 10850
20992 1073 10849 10530 10850
20993 1073 10854 10535 10855
20994 1073 10854 10535 10856
20995 1073 10855 10535 10856
20996 1073 10872 10552 10873
20997 1073 10872 10552 10874
20998 1073 10873 10552 10874
20999 1073 10878 10557 10879
21000 1073 10878 10557 10880
21001 1073 10879 10557 10880
21002 1073 10916 10582 10917
21003 1073 10916 10582 10918
21004 1073 10917 10582 10918
21005 1073 10920 10587 10921
21006 1073 10920 10587 10922
21007 1073 10921 10587 10922
21008 1073 10925 10589 10926
21009 1073 10925 10589 10927
21010 1073 10926 10589 10927
21011 1073 10943 10603 10944
21012 1073 10943 10603 10945
21013 1073 10944 10603 10945
21014 1073 10949 10608 10950
21015 1073 10949 10608 10951
21016 1073 10950 10608 10951
21017 1073 10971 10626 10972
21018 1073 10971 10626 10973
21019 1073 10972 10626 10973
21020 1073 10977 10631 10978
21021 1073 10977 10631 10979
21022 1073 10978 10631 10979
21023 1073 10995 10647 10996
21024 1073 10995 10647 10997
21025 1073 10996 10647 10997
21026 1073 11001 10652 11002
21027 1073 11001 10652 11003
21028 1073 11002 10652 11003
21029 1073 11039 10677 11040
21030 1073 11039 10677 11041
21031 1073 11040 10677 11041
21032 1073 11043 10682 11044
21033 1073 11043 10682 11045
21034 1073 11044 10682 11045
21035 1073 11048 10684 11049
21036 1073 11048 10684 11050
21037 1073 11049 10684 11050
21038 1073 11350 11064 11351
21039 1073 11350 11064 11352
21040 1073 11351 11064 11352
21041 1073 11356 11069 11357
21042 1073 11356 11069 11358
21043 1073 11357 11069 11358
21044 1073 11375 11085 11376
21045 1073 11375 11085 11377
21046 1073 11376 11085 11377
21047 1073 11381 11090 11382
21048 1073 11381 11090 11383
21049 1073 11382 11090 11383
21050 1073 11402 11107 11403
21051 1073 11402 11107 11404
21052 1073 11403 11107 11404
21053 1073 11408 11112 11409
21054 1073 11408 11112 11410
21055 1073 11409 11112 11410
21056 1073 11446 11137 11447
21057 1073 11446 11137 11448
21058 1073 11447 11137 11448
21059 1073 11450 11142 11451
21060 1073 11450 11142 11452
21061 1073 11451 11142 11452
21062 1073 11455 11144 11456
21063 1073 11455 11144 11457
21064 1073 11456 11144 11457
21065 1073 11473 11158 11474
21066 1073 11473 11158 11475
21067 1073 11474 11158 11475
21068 1073 11479 11163 11480
21069 1073 11479 11163 11481
21070 1073 11480 11163 11481
21071 1073 11498 11180 11499
21072 1073 11498 11180 11500
21073 1073 11499 11180 11500
21074 1073 11504 11185 11505
21075 1073 11504 11185 11506
21076 1073 11505 11185 11506
21077 1073 11522 11202 11523
21078 1073 11522 11202 11524
21079 1073 11523 11202 11524
21080 1073 11528 11207 11529
21081 1073 11528 11207 11530
21082 1073 11529 11207 11530
21083 1073 11566 11232 11567
21084 1073 11566 11232 11568
21085 1073 11567 11232 11568
21086 1073 11570 11237 11571
21087 1073 11570 11237 11572
21088 1073 11571 11237 11572
21089 1073 11575 11239 11576
21090 1073 11575 11239 11577
21091 1073 11576 11239 11577
21092 1073 11593 11253 11594
21093 1073 11593 11253 11595
21094 1073 11594 11253 11595
21095 1073 11599 11258 11600
21096 1073 11599 11258 11601
21097 1073 11600 11258 11601
21098 1073 11621 11276 11622
21099 1073 11621 11276 11623
21100 1073 11622 11276 11623
21101 1073 11627 11281 11628
21102 1073 11627 11281 11629
21103 1073 11628 11281 11629
21104 1073 11645 11297 11646
21105 1073 11645 11297 11647
21106 1073 11646 11297 11647
21107 1073 11651 11302 11652
21108 1073 11651 11302 11653
21109 1073 11652 11302 11653
21110 1073 11689 11327 11690
21111 1073 11689 11327 11691
21112 1073 11690 11327 11691
21113 1073 11693 11332 11694
21114 1073 11693 11332 11695
21115 1073 11694 11332 11695
21116 1073 11698 11334 11699
21117 1073 11698 11334 11700
21118 1073 11699 11334 11700
21119 1073 12000 11714 12001
21120 1073 12000 11714 12002
21121 1073 12001 11714 12002
21122 1073 12006 11719 12007
21123 1073 12006 11719 12008
21124 1073 12007 11719 12008
21125 1073 12025 11735 12026
21126 1073 12025 11735 12027
21127 1073 12026 11735 12027
21128 1073 12031 11740 12032
21129 1073 12031 11740 12033
21130 1073 12032 11740 12033
21131 1073 12052 11757 12053
21132 1073 12052 11757 12054
21133 1073 12053 11757 12054
21134 1073 12058 11762 12059
21135 1073 12058 11762 12060
21136 1073 12059 11762 12060
21137 1073 12096 11787 12097
21138 1073 12096 11787 12098
21139 1073 12097 11787 12098
21140 1073 12100 11792 12101
21141 1073 12100 11792 12102
21142 1073 12101 11792 12102
21143 1073 12105 11794 12106
21144 1073 12105 11794 12107
21145 1073 12106 11794 12107
21146 1073 12123 11808 12124
21147 1073 12123 11808 12125
21148 1073 12124 11808 12125
21149 1073 12129 11813 12130
21150 1073 12129 11813 12131
21151 1073 12130 11813 12131
21152 1073 12148 11830 12149
21153 1073 12148 11830 12150
21154 1073 12149 11830 12150
21155 1073 12154 11835 12155
21156 1073 12154 11835 12156
21157 1073 12155 11835 12156
21158 1073 12172 11852 12173
21159 1073 12172 11852 12174
21160 1073 12173 11852 12174
21161 1073 12178 11857 12179
21162 1073 12178 11857 12180
21163 1073 12179 11857 12180
21164 1073 12216 11882 12217
21165 1073 12216 11882 12218
21166 1073 12217 11882 12218
21167 1073 12220 11887 12221
21168 1073 12220 11887 12222
21169 1073 12221 11887 12222
21170 1073 12225 11889 12226
21171 1073 12225 11889 12227
21172 1073 12226 11889 12227
21173 1073 12243 11903 12244
21174 1073 12243 11903 12245
21175 1073 12244 11903 12245
21176 1073 12249 11908 12250
21177 1073 12249 11908 12251
21178 1073 12250 11908 12251
21179 1073 12271 11926 12272
21180 1073 12271 11926 12273
21181 1073 12272 11926 12273
21182 1073 12277 11931 12278
21183 1073 12277 11931 12279
21184 1073 12278 11931 12279
21185 1073 12295 11947 12296
21186 1073 12295 11947 12297
21187 1073 12296 11947 12297
21188 1073 12301 11952 12302
21189 1073 12301 11952 12303
21190 1073 12302 11952 12303
21191 1073 12339 11977 12340
21192 1073 12339 11977 12341
21193 1073 12340 11977 12341
21194 1073 12343 11982 12344
21195 1073 12343 11982 12345
21196 1073 12344 11982 12345
21197 1073 12348 11984 12349
21198 1073 12348 11984 12350
21199 1073 12349 11984 12350
21200 1073 12650 12364 12651
21201 1073 12650 12364 12652
21202 1073 12651 12364 12652
21203 1073 12656 12369 12657
21204 1073 12656 12369 12658
21205 1073 12657 12369 12658
21206 1073 12675 12385 12676
21207 1073 12675 12385 12677
21208 1073 12676 12385 12677
21209 1073 12681 12390 12682
21210 1073 12681 12390 12683
21211 1073 12682 12390 12683
21212 1073 12702 12407 12703
21213 1073 12702 12407 12704
21214 1073 12703 12407 12704
21215 1073 12708 12412 12709
21216 1073 12708 12412 12710
21217 1073 12709 12412 12710
21218 1073 12746 12437 12747
21219 1073 12746 12437 12748
21220 1073 12747 12437 12748
21221 1073 12750 12442 12751
21222 1073 12750 12442 12752
21223 1073 12751 12442 12752
21224 1073 12755 12444 12756
21225 1073 12755 12444 12757
21226 1073 12756 12444 12757
21227 1073 12773 12458 12774
21228 1073 12773 12458 12775
21229 1073 12774 12458 12775
21230 1073 12779 12463 12780
21231 1073 12779 12463 12781
21232 1073 12780 12463 12781
21233 1073 12798 12480 12799
21234 1073 12798 12480 12800
21235 1073 12799 12480 12800
21236 1073 12804 12485 12805
21237 1073 12804 12485 12806
21238 1073 12805 12485 12806
21239 1073 12822 12502 12823
21240 1073 12822 12502 12824
21241 1073 12823 12502 12824
21242 1073 12828 12507 12829
21243 1073 12828 12507 12830
21244 1073 12829 12507 12830
21245 1073 12866 12532 12867
21246 1073 12866 12532 12868
21247 1073 12867 12532 12868
21248 1073 12870 12537 12871
21249 1073 12870 12537 12872
21250 1073 12871 12537 12872
21251 1073 12875 12539 12876
21252 1073 12875 12539 12877
21253 1073 12876 12539 12877
21254 1073 12893 12553 12894
21255 1073 12893 12553 12895
21256 1073 12894 12553 12895
21257 1073 12899 12558 12900
21258 1073 12899 12558 12901
21259 1073 12900 12558 12901
21260 1073 12921 12576 12922
21261 1073 12921 12576 12923
21262 1073 12922 12576 12923
21263 1073 12927 12581 12928
21264 1073 12927 12581 12929
21265 1073 12928 12581 12929
21266 1073 12945 12597 12946
21267 1073 12945 12597 12947
21268 1073 12946 12597 12947
21269 1073 12951 12602 12952
21270 1073 12951 12602 12953
21271 1073 12952 12602 12953
21272 1073 12989 12627 12990
21273 1073 12989 12627 12991
21274 1073 12990 12627 12991
21275 1073 12993 12632 12994
21276 1073 12993 12632 12995
21277 1073 12994 12632 12995
21278 1073 12998 12634 12999
21279 1073 12998 12634 13000
21280 1073 12999 12634 13000
21281 1073 303 17 304
21282 1073 328 38 329
21283 1073 355 60 356
21284 1073 394 86 395
21285 1073 426 111 427
21286 1073 451 133 452
21287 1073 475 155 476
21288 1073 514 181 515
21289 1073 546 206 547
21290 1073 574 229 575
21291 1073 598 250 599
21292 1073 637 276 638
21293 1073 953 667 954
21294 1073 978 688 979
21295 1073 1005 710 1006
21296 1073 1044 736 1045
21297 1073 1076 761 1077
21298 1073 1101 783 1102
21299 1073 1125 805 1126
21300 1073 1164 831 1165
21301 1073 1196 856 1197
21302 1073 1224 879 1225
21303 1073 1248 900 1249
21304 1073 1287 926 1288
21305 1073 1603 1317 1604
21306 1073 1628 1338 1629
21307 1073 1655 1360 1656
21308 1073 1694 1386 1695
21309 1073 1726 1411 1727
21310 1073 1751 1433 1752
21311 1073 1775 1455 1776
21312 1073 1814 1481 1815
21313 1073 1846 1506 1847
21314 1073 1874 1529 1875
21315 1073 1898 1550 1899
21316 1073 1937 1576 1938
21317 1073 2253 1967 2254
21318 1073 2278 1988 2279
21319 1073 2305 2010 2306
21320 1073 2344 2036 2345
21321 1073 2376 2061 2377
21322 1073 2401 2083 2402
21323 1073 2425 2105 2426
21324 1073 2464 2131 2465
21325 1073 2496 2156 2497
21326 1073 2524 2179 2525
21327 1073 2548 2200 2549
21328 1073 2587 2226 2588
21329 1073 2903 2617 2904
21330 1073 2928 2638 2929
21331 1073 2955 2660 2956
21332 1073 2994 2686 2995
21333 1073 3026 2711 3027
21334 1073 3051 2733 3052
21335 1073 3075 2755 3076
21336 1073 3114 2781 3115
21337 1073 3146 2806 3147
21338 1073 3174 2829 3175
21339 1073 3198 2850 3199
21340 1073 3237 2876 3238
21341 1073 3553 3267 3554
21342 1073 3578 3288 3579
21343 1073 3605 3310 3606
21344 1073 3644 3336 3645
21345 1073 3676 3361 3677
21346 1073 3701 3383 3702
21347 1073 3725 3405 3726
21348 1073 3764 3431 3765
21349 1073 3796 3456 3797
21350 1073 3824 3479 3825
21351 1073 3848 3500 3849
21352 1073 3887 3526 3888
21353 1073 4203 3917 4204
21354 1073 4228 3938 4229
21355 1073 4255 3960 4256
21356 1073 4294 3986 4295
21357 1073 4326 4011 4327
21358 1073 4351 4033 4352
21359 1073 4375 4055 4376
21360 1073 4414 4081 4415
21361 1073 4446 4106 4447
21362 1073 4474 4129 4475
21363 1073 4498 4150 4499
21364 1073 4537 4176 4538
21365 1073 4853 4567 4854
21366 1073 4878 4588 4879
21367 1073 4905 4610 4906
21368 1073 4944 4636 4945
21369 1073 4976 4661 4977
21370 1073 5001 4683 5002
21371 1073 5025 4705 5026
21372 1073 5064 4731 5065
21373 1073 5096 4756 5097
21374 1073 5124 4779 5125
21375 1073 5148 4800 5149
21376 1073 5187 4826 5188
21377 1073 5503 5217 5504
21378 1073 5528 5238 5529
21379 1073 5555 5260 5556
21380 1073 5594 5286 5595
21381 1073 5626 5311 5627
21382 1073 5651 5333 5652
21383 1073 5675 5355 5676
21384 1073 5714 5381 5715
21385 1073 5746 5406 5747
21386 1073 5774 5429 5775
21387 1073 5798 5450 5799
21388 1073 5837 5476 5838
21389 1073 6153 5867 6154
21390 1073 6178 5888 6179
21391 1073 6205 5910 6206
21392 1073 6244 5936 6245
21393 1073 6276 5961 6277
21394 1073 6301 5983 6302
21395 1073 6325 6005 6326
21396 1073 6364 6031 6365
21397 1073 6396 6056 6397
21398 1073 6424 6079 6425
21399 1073 6448 6100 6449
21400 1073 6487 6126 6488
21401 1073 6803 6517 6804
21402 1073 6828 6538 6829
21403 1073 6855 6560 6856
21404 1073 6894 6586 6895
21405 1073 6926 6611 6927
21406 1073 6951 6633 6952
21407 1073 6975 6655 6976
21408 1073 7014 6681 7015
21409 1073 7046 6706 7047
21410 1073 7074 6729 7075
21411 1073 7098 6750 7099
21412 1073 7137 6776 7138
21413 1073 7453 7167 7454
21414 1073 7478 7188 7479
21415 1073 7505 7210 7506
21416 1073 7544 7236 7545
21417 1073 7576 7261 7577
21418 1073 7601 7283 7602
21419 1073 7625 7305 7626
21420 1073 7664 7331 7665
21421 1073 7696 7356 7697
21422 1073 7724 7379 7725
21423 1073 7748 7400 7749
21424 1073 7787 7426 7788
21425 1073 8103 7817 8104
21426 1073 8128 7838 8129
21427 1073 8155 7860 8156
21428 1073 8194 7886 8195
21429 1073 8226 7911 8227
21430 1073 8251 7933 8252
21431 1073 8275 7955 8276
21432 1073 8314 7981 8315
21433 1073 8346 8006 8347
21434 1073 8374 8029 8375
21435 1073 8398 8050 8399
21436 1073 8437 8076 8438
21437 1073 8753 8467 8754
21438 1073 8778 8488 8779
21439 1073 8805 8510 8806
21440 1073 8844 8536 8845
21441 1073 8876 8561 8877
21442 1073 8901 8583 8902
21443 1073 8925 8605 8926
21444 1073 8964 8631 8965
21445 1073 8996 8656 8997
21446 1073 9024 8679 9025
21447 1073 9048 8700 9049
21448 1073 9087 8726 9088
21449 1073 9403 9117 9404
21450 1073 9428 9138 9429
21451 1073 9455 9160 9456
21452 1073 9494 9186 9495
21453 1073 9526 9211 9527
21454 1073 9551 9233 9552
21455 1073 9575 9255 9576
21456 1073 9614 9281 9615
21457 1073 9646 9306 9647
21458 1073 9674 9329 9675
21459 1073 9698 9350 9699
21460 1073 9737 9376 9738
21461 1073 10053 9767 10054
21462 1073 10078 9788 10079
21463 1073 10105 9810 10106
21464 1073 10144 9836 10145
21465 1073 10176 9861 10177
21466 1073 10201 9883 10202
21467 1073 10225 9905 10226
21468 1073 10264 9931 10265
21469 1073 10296 9956 10297
21470 1073 10324 9979 10325
21471 1073 10348 10000 10349
21472 1073 10387 10026 10388
21473 1073 10703 10417 10704
21474 1073 10728 10438 10729
21475 1073 10755 10460 10756
21476 1073 10794 10486 10795
21477 1073 10826 10511 10827
21478 1073 10851 10533 10852
21479 1073 10875 10555 10876
21480 1073 10914 10581 10915
21481 1073 10946 10606 10947
21482 1073 10974 10629 10975
21483 1073 10998 10650 10999
21484 1073 11037 10676 11038
21485 1073 11353 11067 11354
21486 1073 11378 11088 11379
21487 1073 11405 11110 11406
21488 1073 11444 11136 11445
21489 1073 11476 11161 11477
21490 1073 11501 11183 11502
21491 1073 11525 11205 11526
21492 1073 11564 11231 11565
21493 1073 11596 11256 11597
21494 1073 11624 11279 11625
21495 1073 11648 11300 11649
21496 1073 11687 11326 11688
21497 1073 12003 11717 12004
21498 1073 12028 11738 12029
21499 1073 12055 11760 12056
21500 1073 12094 11786 12095
21501 1073 12126 11811 12127
21502 1073 12151 11833 12152
21503 1073 12175 11855 12176
21504 1073 12214 11881 12215
21505 1073 12246 11906 12247
21506 1073 12274 11929 12275
21507 1073 12298 11950 12299
21508 1073 12337 11976 12338
21509 1073 12653 12367 12654
21510 1073 12678 12388 12679
21511 1073 12705 12410 12706
21512 1073 12744 12436 12745
21513 1073 12776 12461 12777
21514 1073 12801 12483 12802
21515 1073 12825 12505 12826
21516 1073 12864 12531 12865
21517 1073 12896 12556 12897
21518 1073 12924 12579 12925
21519 1073 12948 12600 12949
21520 1073 12987 12626 12988
21521 1073 320 27 321
21522 1073 345 48 346
21523 1073 372 71 373
21524 1073 443 121 444
21525 1073 468 143 469
21526 1073 492 166 493
21527 1073 563 216 564
21528 1073 591 239 592
21529 1073 615 261 616
21530 1073 970 677 971
21531 1073 995 698 996
21532 1073 1022 721 1023
21533 1073 1093 771 1094
21534 1073 1118 793 1119
21535 1073 1142 816 1143
21536 1073 1213 866 1214
21537 1073 1241 889 1242
21538 1073 1265 911 1266
21539 1073 1620 1327 1621
21540 1073 1645 1348 1646
21541 1073 1672 1371 1673
21542 1073 1743 1421 1744
21543 1073 1768 1443 1769
21544 1073 1792 1466 1793
21545 1073 1863 1516 1864
21546 1073 1891 1539 1892
21547 1073 1915 1561 1916
21548 1073 2270 1977 2271
21549 1073 2295 1998 2296
21550 1073 2322 2021 2323
21551 1073 2393 2071 2394
21552 1073 2418 2093 2419
21553 1073 2442 2116 2443
21554 1073 2513 2166 2514
21555 1073 2541 2189 2542
21556 1073 2565 2211 2566
21557 1073 2920 2627 2921
21558 1073 2945 2648 2946
21559 1073 2972 2671 2973
21560 1073 3043 2721 3044
21561 1073 3068 2743 3069
21562 1073 3092 2766 3093
21563 1073 3163 2816 3164
21564 1073 3191 2839 3192
21565 1073 3215 2861 3216
21566 1073 3570 3277 3571
21567 1073 3595 3298 3596
21568 1073 3622 3321 3623
21569 1073 3693 3371 3694
21570 1073 3718 3393 3719
21571 1073 3742 3416 3743
21572 1073 3813 3466 3814
21573 1073 3841 3489 3842
21574 1073 3865 3511 3866
21575 1073 4220 3927 4221
21576 1073 4245 3948 4246
21577 1073 4272 3971 4273
21578 1073 4343 4021 4344
21579 1073 4368 4043 4369
21580 1073 4392 4066 4393
21581 1073 4463 4116 4464
21582 1073 4491 4139 4492
21583 1073 4515 4161 4516
21584 1073 4870 4577 4871
21585 1073 4895 4598 4896
21586 1073 4922 4621 4923
21587 1073 4993 4671 4994
21588 1073 5018 4693 5019
21589 1073 5042 4716 5043
21590 1073 5113 4766 5114
21591 1073 5141 4789 5142
21592 1073 5165 4811 5166
21593 1073 5520 5227 5521
21594 1073 5545 5248 5546
21595 1073 5572 5271 5573
21596 1073 5643 5321 5644
21597 1073 5668 5343 5669
21598 1073 5692 5366 5693
21599 1073 5763 5416 5764
21600 1073 5791 5439 5792
21601 1073 5815 5461 5816
21602 1073 6170 5877 6171
21603 1073 6195 5898 6196
21604 1073 6222 5921 6223
21605 1073 6293 5971 6294
21606 1073 6318 5993 6319
21607 1073 6342 6016 6343
21608 1073 6413 6066 6414
21609 1073 6441 6089 6442
21610 1073 6465 6111 6466
21611 1073 6820 6527 6821
21612 1073 6845 6548 6846
21613 1073 6872 6571 6873
21614 1073 6943 6621 6944
21615 1073 6968 6643 6969
21616 1073 6992 6666 6993
21617 1073 7063 6716 7064
21618 1073 7091 6739 7092
21619 1073 7115 6761 7116
21620 1073 7470 7177 7471
21621 1073 7495 7198 7496
21622 1073 7522 7221 7523
21623 1073 7593 7271 7594
21624 1073 7618 7293 7619
21625 1073 7642 7316 7643
21626 1073 7713 7366 7714
21627 1073 7741 7389 7742
21628 1073 7765 7411 7766
21629 1073 8120 7827 8121
21630 1073 8145 7848 8146
21631 1073 8172 7871 8173
21632 1073 8243 7921 8244
21633 1073 8268 7943 8269
21634 1073 8292 7966 8293
21635 1073 8363 8016 8364
21636 1073 8391 8039 8392
21637 1073 8415 8061 8416
21638 1073 8770 8477 8771
21639 1073 8795 8498 8796
21640 1073 8822 8521 8823
21641 1073 8893 8571 8894
21642 1073 8918 8593 8919
21643 1073 8942 8616 8943
21644 1073 9013 8666 9014
21645 1073 9041 8689 9042
21646 1073 9065 8711 9066
21647 1073 9420 9127 9421
21648 1073 9445 9148 9446
21649 1073 9472 9171 9473
21650 1073 9543 9221 9544
21651 1073 9568 9243 9569
21652 1073 9592 9266 9593
21653 1073 9663 9316 9664
21654 1073 9691 9339 9692
21655 1073 9715 9361 9716
21656 1073 10070 9777 10071
21657 1073 10095 9798 10096
21658 1073 10122 9821 10123
21659 1073 10193 9871 10194
21660 1073 10218 9893 10219
21661 1073 10242 9916 10243
21662 1073 10313 9966 10314
21663 1073 10341 9989 10342
21664 1073 10365 10011 10366
21665 1073 10720 10427 10721
21666 1073 10745 10448 10746
21667 1073 10772 10471 10773
21668 1073 10843 10521 10844
21669 1073 10868 10543 10869
21670 1073 10892 10566 10893
21671 1073 10963 10616 10964
21672 1073 10991 10639 10992
21673 1073 11015 10661 11016
21674 1073 11370 11077 11371
21675 1073 11395 11098 11396
21676 1073 11422 11121 11423
21677 1073 11493 11171 11494
21678 1073 11518 11193 11519
21679 1073 11542 11216 11543
21680 1073 11613 11266 11614
21681 1073 11641 11289 11642
21682 1073 11665 11311 11666
21683 1073 12020 11727 12021
21684 1073 12045 11748 12046
21685 1073 12072 11771 12073
21686 1073 12143 11821 12144
21687 1073 12168 11843 12169
21688 1073 12192 11866 12193
21689 1073 12263 11916 12264
21690 1073 12291 11939 12292
21691 1073 12315 11961 12316
21692 1073 12670 12377 12671
21693 1073 12695 12398 12696
21694 1073 12722 12421 12723
21695 1073 12793 12471 12794
21696 1073 12818 12493 12819
21697 1073 12842 12516 12843
21698 1073 12913 12566 12914
21699 1073 12941 12589 12942
21700 1073 12965 12611 12966
21701 1073 337 43 338
21702 1073 987 693 988
21703 1073 1637 1343 1638
21704 1073 2287 1993 2288
21705 1073 2937 2643 2938
21706 1073 3587 3293 3588
21707 1073 4237 3943 4238
21708 1073 4887 4593 4888
21709 1073 5537 5243 5538
21710 1073 6187 5893 6188
21711 1073 6837 6543 6838
21712 1073 7487 7193 7488
21713 1073 8137 7843 8138
21714 1073 8787 8493 8788
21715 1073 9437 9143 9438
21716 1073 10087 9793 10088
21717 1073 10737 10443 10738
21718 1073 11387 11093 11388
21719 1073 12037 11743 12038
21720 1073 12687 12393 12688
21721 1073 347 52 348
21722 1073 347 52 349
21723 1073 348 52 349
21724 1073 566 222 567
21725 1073 566 222 568
21726 1073 567 222 568
21727 1073 997 702 998
21728 1073 997 702 999
21729 1073 998 702 999
21730 1073 1216 872 1217
21731 1073 1216 872 1218
21732 1073 1217 872 1218
21733 1073 1647 1352 1648
21734 1073 1647 1352 1649
21735 1073 1648 1352 1649
21736 1073 1866 1522 1867
21737 1073 1866 1522 1868
21738 1073 1867 1522 1868
21739 1073 2297 2002 2298
21740 1073 2297 2002 2299
21741 1073 2298 2002 2299
21742 1073 2516 2172 2517
21743 1073 2516 2172 2518
21744 1073 2517 2172 2518
21745 1073 2947 2652 2948
21746 1073 2947 2652 2949
21747 1073 2948 2652 2949
21748 1073 3166 2822 3167
21749 1073 3166 2822 3168
21750 1073 3167 2822 3168
21751 1073 3597 3302 3598
21752 1073 3597 3302 3599
21753 1073 3598 3302 3599
21754 1073 3816 3472 3817
21755 1073 3816 3472 3818
21756 1073 3817 3472 3818
21757 1073 4247 3952 4248
21758 1073 4247 3952 4249
21759 1073 4248 3952 4249
21760 1073 4466 4122 4467
21761 1073 4466 4122 4468
21762 1073 4467 4122 4468
21763 1073 4897 4602 4898
21764 1073 4897 4602 4899
21765 1073 4898 4602 4899
21766 1073 5116 4772 5117
21767 1073 5116 4772 5118
21768 1073 5117 4772 5118
21769 1073 5547 5252 5548
21770 1073 5547 5252 5549
21771 1073 5548 5252 5549
21772 1073 5766 5422 5767
21773 1073 5766 5422 5768
21774 1073 5767 5422 5768
21775 1073 6197 5902 6198
21776 1073 6197 5902 6199
21777 1073 6198 5902 6199
21778 1073 6416 6072 6417
21779 1073 6416 6072 6418
21780 1073 6417 6072 6418
21781 1073 6847 6552 6848
21782 1073 6847 6552 6849
21783 1073 6848 6552 6849
21784 1073 7066 6722 7067
21785 1073 7066 6722 7068
21786 1073 7067 6722 7068
21787 1073 7497 7202 7498
21788 1073 7497 7202 7499
21789 1073 7498 7202 7499
21790 1073 7716 7372 7717
21791 1073 7716 7372 7718
21792 1073 7717 7372 7718
21793 1073 8147 7852 8148
21794 1073 8147 7852 8149
21795 1073 8148 7852 8149
21796 1073 8366 8022 8367
21797 1073 8366 8022 8368
21798 1073 8367 8022 8368
21799 1073 8797 8502 8798
21800 1073 8797 8502 8799
21801 1073 8798 8502 8799
21802 1073 9016 8672 9017
21803 1073 9016 8672 9018
21804 1073 9017 8672 9018
21805 1073 9447 9152 9448
21806 1073 9447 9152 9449
21807 1073 9448 9152 9449
21808 1073 9666 9322 9667
21809 1073 9666 9322 9668
21810 1073 9667 9322 9668
21811 1073 10097 9802 10098
21812 1073 10097 9802 10099
21813 1073 10098 9802 10099
21814 1073 10316 9972 10317
21815 1073 10316 9972 10318
21816 1073 10317 9972 10318
21817 1073 10747 10452 10748
21818 1073 10747 10452 10749
21819 1073 10748 10452 10749
21820 1073 10966 10622 10967
21821 1073 10966 10622 10968
21822 1073 10967 10622 10968
21823 1073 11397 11102 11398
21824 1073 11397 11102 11399
21825 1073 11398 11102 11399
21826 1073 11616 11272 11617
21827 1073 11616 11272 11618
21828 1073 11617 11272 11618
21829 1073 12047 11752 12048
21830 1073 12047 11752 12049
21831 1073 12048 11752 12049
21832 1073 12266 11922 12267
21833 1073 12266 11922 12268
21834 1073 12267 11922 12268
21835 1073 12697 12402 12698
21836 1073 12697 12402 12699
21837 1073 12698 12402 12699
21838 1073 12916 12572 12917
21839 1073 12916 12572 12918
21840 1073 12917 12572 12918
21841 1088 16 17 303
21842 1088 16 17 304
21843 1088 37 38 328
21844 1088 37 38 329
21845 1088 59 60 355
21846 1088 59 60 356
21847 1088 90 86 394
21848 1088 90 86 395
21849 1088 110 111 426
21850 1088 110 111 427
21851 1088 132 133 451
21852 1088 132 133 452
21853 1088 154 155 475
21854 1088 154 155 476
21855 1088 185 181 514
21856 1088 185 181 515
21857 1088 205 206 546
21858 1088 205 206 547
21859 1088 228 229 574
21860 1088 228 229 575
21861 1088 249 250 598
21862 1088 249 250 599
21863 1088 280 276 637
21864 1088 280 276 638
21865 1088 666 667 953
21866 1088 666 667 954
21867 1088 687 688 978
21868 1088 687 688 979
21869 1088 709 710 1005
21870 1088 709 710 1006
21871 1088 740 736 1044
21872 1088 740 736 1045
21873 1088 760 761 1076
21874 1088 760 761 1077
21875 1088 782 783 1101
21876 1088 782 783 1102
21877 1088 804 805 1125
21878 1088 804 805 1126
21879 1088 835 831 1164
21880 1088 835 831 1165
21881 1088 855 856 1196
21882 1088 855 856 1197
21883 1088 878 879 1224
21884 1088 878 879 1225
21885 1088 899 900 1248
21886 1088 899 900 1249
21887 1088 930 926 1287
21888 1088 930 926 1288
21889 1088 1316 1317 1603
21890 1088 1316 1317 1604
21891 1088 1337 1338 1628
21892 1088 1337 1338 1629
21893 1088 1359 1360 1655
21894 1088 1359 1360 1656
21895 1088 1390 1386 1694
21896 1088 1390 1386 1695
21897 1088 1410 1411 1726
21898 1088 1410 1411 1727
21899 1088 1432 1433 1751
21900 1088 1432 1433 1752
21901 1088 1454 1455 1775
21902 1088 1454 1455 1776
21903 1088 1485 1481 1814
21904 1088 1485 1481 1815
21905 1088 1505 1506 1846
21906 1088 1505 1506 1847
21907 1088 1528 1529 1874
21908 1088 1528 1529 1875
21909 1088 1549 1550 1898
21910 1088 1549 1550 1899
21911 1088 1580 1576 1937
21912 1088 1580 1576 1938
21913 1088 1966 1967 2253
21914 1088 1966 1967 2254
21915 1088 1987 1988 2278
21916 1088 1987 1988 2279
21917 1088 2009 2010 2305
21918 1088 2009 2010 2306
21919 1088 2040 2036 2344
21920 1088 2040 2036 2345
21921 1088 2060 2061 2376
21922 1088 2060 2061 2377
21923 1088 2082 2083 2401
21924 1088 2082 2083 2402
21925 1088 2104 2105 2425
21926 1088 2104 2105 2426
21927 1088 2135 2131 2464
21928 1088 2135 2131 2465
21929 1088 2155 2156 2496
21930 1088 2155 2156 2497
21931 1088 2178 2179 2524
21932 1088 2178 2179 2525
21933 1088 2199 2200 2548
21934 1088 2199 2200 2549
21935 1088 2230 2226 2587
21936 1088 2230 2226 2588
21937 1088 2616 2617 2903
21938 1088 2616 2617 2904
21939 1088 2637 2638 2928
21940 1088 2637 2638 2929
21941 1088 2659 2660 2955
21942 1088 2659 2660 2956
21943 1088 2690 2686 2994
21944 1088 2690 2686 2995
21945 1088 2710 2711 3026
21946 1088 2710 2711 3027
21947 1088 2732 2733 3051
21948 1088 2732 2733 3052
21949 1088 2754 2755 3075
21950 1088 2754 2755 3076
21951 1088 2785 2781 3114
21952 1088 2785 2781 3115
21953 1088 2805 2806 3146
21954 1088 2805 2806 3147
21955 1088 2828 2829 3174
21956 1088 2828 2829 3175
21957 1088 2849 2850 3198
21958 1088 2849 2850 3199
21959 1088 2880 2876 3237
21960 1088 2880 2876 3238
21961 1088 3266 3267 3553
21962 1088 3266 3267 3554
21963 1088 3287 3288 3578
21964 1088 3287 3288 3579
21965 1088 3309 3310 3605
21966 1088 3309 3310 3606
21967 1088 3340 3336 3644
21968 1088 3340 3336 3645
21969 1088 3360 3361 3676
21970 1088 3360 3361 3677
21971 1088 3382 3383 3701
21972 1088 3382 3383 3702
21973 1088 3404 3405 3725
21974 1088 3404 3405 3726
21975 1088 3435 3431 3764
21976 1088 3435 3431 3765
21977 1088 3455 3456 3796
21978 1088 3455 3456 3797
21979 1088 3478 3479 3824
21980 1088 3478 3479 3825
21981 1088 3499 3500 3848
21982 1088 3499 3500 3849
21983 1088 3530 3526 3887
21984 1088 3530 3526 3888
21985 1088 3916 3917 4203
21986 1088 3916 3917 4204
21987 1088 3937 3938 4228
21988 1088 3937 3938 4229
21989 1088 3959 3960 4255
21990 1088 3959 3960 4256
21991 1088 3990 3986 4294
21992 1088 3990 3986 4295
21993 1088 4010 4011 4326
21994 1088 4010 4011 4327
21995 1088 4032 4033 4351
21996 1088 4032 4033 4352
21997 1088 4054 4055 4375
21998 1088 4054 4055 4376
21999 1088 4085 4081 4414
22000 1088 4085 4081 4415
22001 1088 4105 4106 4446
22002 1088 4105 4106 4447
22003 1088 4128 4129 4474
22004 1088 4128 4129 4475
22005 1088 4149 4150 4498
22006 1088 4149 4150 4499
22007 1088 4180 4176 4537
22008 1088 4180 4176 4538
22009 1088 4566 4567 4853
22010 1088 4566 4567 4854
22011 1088 4587 4588 4878
22012 1088 4587 4588 4879
22013 1088 4609 4610 4905
22014 1088 4609 4610 4906
22015 1088 4640 4636 4944
22016 1088 4640 4636 4945
22017 1088 4660 4661 4976
22018 1088 4660 4661 4977
22019 1088 4682 4683 5001
22020 1088 4682 4683 5002
22021 1088 4704 4705 5025
22022 1088 4704 4705 5026
22023 1088 4735 4731 5064
22024 1088 4735 4731 5065
22025 1088 4755 4756 5096
22026 1088 4755 4756 5097
22027 1088 4778 4779 5124
22028 1088 4778 4779 5125
22029 1088 4799 4800 5148
22030 1088 4799 4800 5149
22031 1088 4830 4826 5187
22032 1088 4830 4826 5188
22033 1088 5216 5217 5503
22034 1088 5216 5217 5504
22035 1088 5237 5238 5528
22036 1088 5237 5238 5529
22037 1088 5259 5260 5555
22038 1088 5259 5260 5556
22039 1088 5290 5286 5594
22040 1088 5290 5286 5595
22041 1088 5310 5311 5626
22042 1088 5310 5311 5627
22043 1088 5332 5333 5651
22044 1088 5332 5333 5652
22045 1088 5354 5355 5675
22046 1088 5354 5355 5676
22047 1088 5385 5381 5714
22048 1088 5385 5381 5715
22049 1088 5405 5406 5746
22050 1088 5405 5406 5747
22051 1088 5428 5429 5774
22052 1088 5428 5429 5775
22053 1088 5449 5450 5798
22054 1088 5449 5450 5799
22055 1088 5480 5476 5837
22056 1088 5480 5476 5838
22057 1088 5866 5867 6153
22058 1088 5866 5867 6154
22059 1088 5887 5888 6178
22060 1088 5887 5888 6179
22061 1088 5909 5910 6205
22062 1088 5909 5910 6206
22063 1088 5940 5936 6244
22064 1088 5940 5936 6245
22065 1088 5960 5961 6276
22066 1088 5960 5961 6277
22067 1088 5982 5983 6301
22068 1088 5982 5983 6302
22069 1088 6004 6005 6325
22070 1088 6004 6005 6326
22071 1088 6035 6031 6364
22072 1088 6035 6031 6365
22073 1088 6055 6056 6396
22074 1088 6055 6056 6397
22075 1088 6078 6079 6424
22076 1088 6078 6079 6425
22077 1088 6099 6100 6448
22078 1088 6099 6100 6449
22079 1088 6130 6126 6487
22080 1088 6130 6126 6488
22081 1088 6516 6517 6803
22082 1088 6516 6517 6804
22083 1088 6537 6538 6828
22084 1088 6537 6538 6829
22085 1088 6559 6560 6855
22086 1088 6559 6560 6856
22087 1088 6590 6586 6894
22088 1088 6590 6586 6895
22089 1088 6610 6611 6926
22090 1088 6610 6611 6927
22091 1088 6632 6633 6951
22092 1088 6632 6633 6952
22093 1088 6654 6655 6975
22094 1088 6654 6655 6976
22095 1088 6685 6681 7014
22096 1088 6685 6681 7015
22097 1088 6705 6706 7046
22098 1088 6705 6706 7047
22099 1088 6728 6729 7074
22100 1088 6728 6729 7075
22101 1088 6749 6750 7098
22102 1088 6749 6750 7099
22103 1088 6780 6776 7137
22104 1088 6780 6776 7138
22105 1088 7166 7167 7453
22106 1088 7166 7167 7454
22107 1088 7187 7188 7478
22108 1088 7187 7188 7479
22109 1088 7209 7210 7505
22110 1088 7209 7210 7506
22111 1088 7240 7236 7544
22112 1088 7240 7236 7545
22113 1088 7260 7261 7576
22114 1088 7260 7261 7577
22115 1088 7282 7283 7601
22116 1088 7282 7283 7602
22117 1088 7304 7305 7625
22118 1088 7304 7305 7626
22119 1088 7335 7331 7664
22120 1088 7335 7331 7665
22121 1088 7355 7356 7696
22122 1088 7355 7356 7697
22123 1088 7378 7379 7724
22124 1088 7378 7379 7725
22125 1088 7399 7400 7748
22126 1088 7399 7400 7749
22127 1088 7430 7426 7787
22128 1088 7430 7426 7788
22129 1088 7816 7817 8103
22130 1088 7816 7817 8104
22131 1088 7837 7838 8128
22132 1088 7837 7838 8129
22133 1088 7859 7860 8155
22134 1088 7859 7860 8156
22135 1088 7890 7886 8194
22136 1088 7890 7886 8195
22137 1088 7910 7911 8226
22138 1088 7910 7911 8227
22139 1088 7932 7933 8251
22140 1088 7932 7933 8252
22141 1088 7954 7955 8275
22142 1088 7954 7955 8276
22143 1088 7985 7981 8314
22144 1088 7985 7981 8315
22145 1088 8005 8006 8346
22146 1088 8005 8006 8347
22147 1088 8028 8029 8374
22148 1088 8028 8029 8375
22149 1088 8049 8050 8398
22150 1088 8049 8050 8399
22151 1088 8080 8076 8437
22152 1088 8080 8076 8438
22153 1088 8466 8467 8753
22154 1088 8466 8467 8754
22155 1088 8487 8488 8778
22156 1088 8487 8488 8779
22157 1088 8509 8510 8805
22158 1088 8509 8510 8806
22159 1088 8540 8536 8844
22160 1088 8540 8536 8845
22161 1088 8560 8561 8876
22162 1088 8560 8561 8877
22163 1088 8582 8583 8901
22164 1088 8582 8583 8902
22165 1088 8604 8605 8925
22166 1088 8604 8605 8926
22167 1088 8635 8631 8964
22168 1088 8635 8631 8965
22169 1088 8655 8656 8996
22170 1088 8655 8656 8997
22171 1088 8678 8679 9024
22172 1088 8678 8679 9025
22173 1088 8699 8700 9048
22174 1088 8699 8700 9049
22175 1088 8730 8726 9087
22176 1088 8730 8726 9088
22177 1088 9116 9117 9403
22178 1088 9116 9117 9404
22179 1088 9137 9138 9428
22180 1088 9137 9138 9429
22181 1088 9159 9160 9455
22182 1088 9159 9160 9456
22183 1088 9190 9186 9494
22184 1088 9190 9186 9495
22185 1088 9210 9211 9526
22186 1088 9210 9211 9527
22187 1088 9232 9233 9551
22188 1088 9232 9233 9552
22189 1088 9254 9255 9575
22190 1088 9254 9255 9576
22191 1088 9285 9281 9614
22192 1088 9285 9281 9615
22193 1088 9305 9306 9646
22194 1088 9305 9306 9647
22195 1088 9328 9329 9674
22196 1088 9328 9329 9675
22197 1088 9349 9350 9698
22198 1088 9349 9350 9699
22199 1088 9380 9376 9737
22200 1088 9380 9376 9738
22201 1088 9766 9767 10053
22202 1088 9766 9767 10054
22203 1088 9787 9788 10078
22204 1088 9787 9788 10079
22205 1088 9809 9810 10105
22206 1088 9809 9810 10106
22207 1088 9840 9836 10144
22208 1088 9840 9836 10145
22209 1088 9860 9861 10176
22210 1088 9860 9861 10177
22211 1088 9882 9883 10201
22212 1088 9882 9883 10202
22213 1088 9904 9905 10225
22214 1088 9904 9905 10226
22215 1088 9935 9931 10264
22216 1088 9935 9931 10265
22217 1088 9955 9956 10296
22218 1088 9955 9956 10297
22219 1088 9978 9979 10324
22220 1088 9978 9979 10325
22221 1088 9999 10000 10348
22222 1088 9999 10000 10349
22223 1088 10030 10026 10387
22224 1088 10030 10026 10388
22225 1088 10416 10417 10703
22226 1088 10416 10417 10704
22227 1088 10437 10438 10728
22228 1088 10437 10438 10729
22229 1088 10459 10460 10755
22230 1088 10459 10460 10756
22231 1088 10490 10486 10794
22232 1088 10490 10486 10795
22233 1088 10510 10511 10826
22234 1088 10510 10511 10827
22235 1088 10532 10533 10851
22236 1088 10532 10533 10852
22237 1088 10554 10555 10875
22238 1088 10554 10555 10876
22239 1088 10585 10581 10914
22240 1088 10585 10581 10915
22241 1088 10605 10606 10946
22242 1088 10605 10606 10947
22243 1088 10628 10629 10974
22244 1088 10628 10629 10975
22245 1088 10649 10650 10998
22246 1088 10649 10650 10999
22247 1088 10680 10676 11037
22248 1088 10680 10676 11038
22249 1088 11066 11067 11353
22250 1088 11066 11067 11354
22251 1088 11087 11088 11378
22252 1088 11087 11088 11379
22253 1088 11109 11110 11405
22254 1088 11109 11110 11406
22255 1088 11140 11136 11444
22256 1088 11140 11136 11445
22257 1088 11160 11161 11476
22258 1088 11160 11161 11477
22259 1088 11182 11183 11501
22260 1088 11182 11183 11502
22261 1088 11204 11205 11525
22262 1088 11204 11205 11526
22263 1088 11235 11231 11564
22264 1088 11235 11231 11565
22265 1088 11255 11256 11596
22266 1088 11255 11256 11597
22267 1088 11278 11279 11624
22268 1088 11278 11279 11625
22269 1088 11299 11300 11648
22270 1088 11299 11300 11649
22271 1088 11330 11326 11687
22272 1088 11330 11326 11688
22273 1088 11716 11717 12003
22274 1088 11716 11717 12004
22275 1088 11737 11738 12028
22276 1088 11737 11738 12029
22277 1088 11759 11760 12055
22278 1088 11759 11760 12056
22279 1088 11790 11786 12094
22280 1088 11790 11786 12095
22281 1088 11810 11811 12126
22282 1088 11810 11811 12127
22283 1088 11832 11833 12151
22284 1088 11832 11833 12152
22285 1088 11854 11855 12175
22286 1088 11854 11855 12176
22287 1088 11885 11881 12214
22288 1088 11885 11881 12215
22289 1088 11905 11906 12246
22290 1088 11905 11906 12247
22291 1088 11928 11929 12274
22292 1088 11928 11929 12275
22293 1088 11949 11950 12298
22294 1088 11949 11950 12299
22295 1088 11980 11976 12337
22296 1088 11980 11976 12338
22297 1088 12366 12367 12653
22298 1088 12366 12367 12654
22299 1088 12387 12388 12678
22300 1088 12387 12388 12679
22301 1088 12409 12410 12705
22302 1088 12409 12410 12706
22303 1088 12440 12436 12744
22304 1088 12440 12436 12745
22305 1088 12460 12461 12776
22306 1088 12460 12461 12777
22307 1088 12482 12483 12801
22308 1088 12482 12483 12802
22309 1088 12504 12505 12825
22310 1088 12504 12505 12826
22311 1088 12535 12531 12864
22312 1088 12535 12531 12865
22313 1088 12555 12556 12896
22314 1088 12555 12556 12897
22315 1088 12578 12579 12924
22316 1088 12578 12579 12925
22317 1088 12599 12600 12948
22318 1088 12599 12600 12949
22319 1088 12630 12626 12987
22320 1088 12630 12626 12988
22321 1088 29 18 305
22322 1088 50 39 330
22323 1088 73 61 357
22324 1088 123 112 428
22325 1088 145 134 453
22326 1088 168 156 477
22327 1088 218 207 548
22328 1088 241 230 576
22329 1088 263 251 600
22330 1088 679 668 955
22331 1088 700 689 980
22332 1088 723 711 1007
22333 1088 773 762 1078
22334 1088 795 784 1103
22335 1088 818 806 1127
22336 1088 868 857 1198
22337 1088 891 880 1226
22338 1088 913 901 1250
22339 1088 1329 1318 1605
22340 1088 1350 1339 1630
22341 1088 1373 1361 1657
22342 1088 1423 1412 1728
22343 1088 1445 1434 1753
22344 1088 1468 1456 1777
22345 1088 1518 1507 1848
22346 1088 1541 1530 1876
22347 1088 1563 1551 1900
22348 1088 1979 1968 2255
22349 1088 2000 1989 2280
22350 1088 2023 2011 2307
22351 1088 2073 2062 2378
22352 1088 2095 2084 2403
22353 1088 2118 2106 2427
22354 1088 2168 2157 2498
22355 1088 2191 2180 2526
22356 1088 2213 2201 2550
22357 1088 2629 2618 2905
22358 1088 2650 2639 2930
22359 1088 2673 2661 2957
22360 1088 2723 2712 3028
22361 1088 2745 2734 3053
22362 1088 2768 2756 3077
22363 1088 2818 2807 3148
22364 1088 2841 2830 3176
22365 1088 2863 2851 3200
22366 1088 3279 3268 3555
22367 1088 3300 3289 3580
22368 1088 3323 3311 3607
22369 1088 3373 3362 3678
22370 1088 3395 3384 3703
22371 1088 3418 3406 3727
22372 1088 3468 3457 3798
22373 1088 3491 3480 3826
22374 1088 3513 3501 3850
22375 1088 3929 3918 4205
22376 1088 3950 3939 4230
22377 1088 3973 3961 4257
22378 1088 4023 4012 4328
22379 1088 4045 4034 4353
22380 1088 4068 4056 4377
22381 1088 4118 4107 4448
22382 1088 4141 4130 4476
22383 1088 4163 4151 4500
22384 1088 4579 4568 4855
22385 1088 4600 4589 4880
22386 1088 4623 4611 4907
22387 1088 4673 4662 4978
22388 1088 4695 4684 5003
22389 1088 4718 4706 5027
22390 1088 4768 4757 5098
22391 1088 4791 4780 5126
22392 1088 4813 4801 5150
22393 1088 5229 5218 5505
22394 1088 5250 5239 5530
22395 1088 5273 5261 5557
22396 1088 5323 5312 5628
22397 1088 5345 5334 5653
22398 1088 5368 5356 5677
22399 1088 5418 5407 5748
22400 1088 5441 5430 5776
22401 1088 5463 5451 5800
22402 1088 5879 5868 6155
22403 1088 5900 5889 6180
22404 1088 5923 5911 6207
22405 1088 5973 5962 6278
22406 1088 5995 5984 6303
22407 1088 6018 6006 6327
22408 1088 6068 6057 6398
22409 1088 6091 6080 6426
22410 1088 6113 6101 6450
22411 1088 6529 6518 6805
22412 1088 6550 6539 6830
22413 1088 6573 6561 6857
22414 1088 6623 6612 6928
22415 1088 6645 6634 6953
22416 1088 6668 6656 6977
22417 1088 6718 6707 7048
22418 1088 6741 6730 7076
22419 1088 6763 6751 7100
22420 1088 7179 7168 7455
22421 1088 7200 7189 7480
22422 1088 7223 7211 7507
22423 1088 7273 7262 7578
22424 1088 7295 7284 7603
22425 1088 7318 7306 7627
22426 1088 7368 7357 7698
22427 1088 7391 7380 7726
22428 1088 7413 7401 7750
22429 1088 7829 7818 8105
22430 1088 7850 7839 8130
22431 1088 7873 7861 8157
22432 1088 7923 7912 8228
22433 1088 7945 7934 8253
22434 1088 7968 7956 8277
22435 1088 8018 8007 8348
22436 1088 8041 8030 8376
22437 1088 8063 8051 8400
22438 1088 8479 8468 8755
22439 1088 8500 8489 8780
22440 1088 8523 8511 8807
22441 1088 8573 8562 8878
22442 1088 8595 8584 8903
22443 1088 8618 8606 8927
22444 1088 8668 8657 8998
22445 1088 8691 8680 9026
22446 1088 8713 8701 9050
22447 1088 9129 9118 9405
22448 1088 9150 9139 9430
22449 1088 9173 9161 9457
22450 1088 9223 9212 9528
22451 1088 9245 9234 9553
22452 1088 9268 9256 9577
22453 1088 9318 9307 9648
22454 1088 9341 9330 9676
22455 1088 9363 9351 9700
22456 1088 9779 9768 10055
22457 1088 9800 9789 10080
22458 1088 9823 9811 10107
22459 1088 9873 9862 10178
22460 1088 9895 9884 10203
22461 1088 9918 9906 10227
22462 1088 9968 9957 10298
22463 1088 9991 9980 10326
22464 1088 10013 10001 10350
22465 1088 10429 10418 10705
22466 1088 10450 10439 10730
22467 1088 10473 10461 10757
22468 1088 10523 10512 10828
22469 1088 10545 10534 10853
22470 1088 10568 10556 10877
22471 1088 10618 10607 10948
22472 1088 10641 10630 10976
22473 1088 10663 10651 11000
22474 1088 11079 11068 11355
22475 1088 11100 11089 11380
22476 1088 11123 11111 11407
22477 1088 11173 11162 11478
22478 1088 11195 11184 11503
22479 1088 11218 11206 11527
22480 1088 11268 11257 11598
22481 1088 11291 11280 11626
22482 1088 11313 11301 11650
22483 1088 11729 11718 12005
22484 1088 11750 11739 12030
22485 1088 11773 11761 12057
22486 1088 11823 11812 12128
22487 1088 11845 11834 12153
22488 1088 11868 11856 12177
22489 1088 11918 11907 12248
22490 1088 11941 11930 12276
22491 1088 11963 11951 12300
22492 1088 12379 12368 12655
22493 1088 12400 12389 12680
22494 1088 12423 12411 12707
22495 1088 12473 12462 12778
22496 1088 12495 12484 12803
22497 1088 12518 12506 12827
22498 1088 12568 12557 12898
22499 1088 12591 12580 12926
22500 1088 12613 12601 12950
22501 1092 8 9 294
22502 1092 8 9 295
22503 1092 23 22 312
22504 1092 23 22 313
22505 1092 67 66 364
22506 1092 67 66 365
22507 1092 102 103 417
22508 1092 102 103 418
22509 1092 117 116 435
22510 1092 117 116 436
22511 1092 139 138 460
22512 1092 139 138 461
22513 1092 162 161 484
22514 1092 162 161 485
22515 1092 197 198 537
22516 1092 197 198 538
22517 1092 212 211 555
22518 1092 212 211 556
22519 1092 235 234 583
22520 1092 235 234 584
22521 1092 257 256 607
22522 1092 257 256 608
22523 1092 658 659 944
22524 1092 658 659 945
22525 1092 673 672 962
22526 1092 673 672 963
22527 1092 717 716 1014
22528 1092 717 716 1015
22529 1092 752 753 1067
22530 1092 752 753 1068
22531 1092 767 766 1085
22532 1092 767 766 1086
22533 1092 789 788 1110
22534 1092 789 788 1111
22535 1092 812 811 1134
22536 1092 812 811 1135
22537 1092 847 848 1187
22538 1092 847 848 1188
22539 1092 862 861 1205
22540 1092 862 861 1206
22541 1092 885 884 1233
22542 1092 885 884 1234
22543 1092 907 906 1257
22544 1092 907 906 1258
22545 1092 1308 1309 1594
22546 1092 1308 1309 1595
22547 1092 1323 1322 1612
22548 1092 1323 1322 1613
22549 1092 1367 1366 1664
22550 1092 1367 1366 1665
22551 1092 1402 1403 1717
22552 1092 1402 1403 1718
22553 1092 1417 1416 1735
22554 1092 1417 1416 1736
22555 1092 1439 1438 1760
22556 1092 1439 1438 1761
22557 1092 1462 1461 1784
22558 1092 1462 1461 1785
22559 1092 1497 1498 1837
22560 1092 1497 1498 1838
22561 1092 1512 1511 1855
22562 1092 1512 1511 1856
22563 1092 1535 1534 1883
22564 1092 1535 1534 1884
22565 1092 1557 1556 1907
22566 1092 1557 1556 1908
22567 1092 1958 1959 2244
22568 1092 1958 1959 2245
22569 1092 1973 1972 2262
22570 1092 1973 1972 2263
22571 1092 2017 2016 2314
22572 1092 2017 2016 2315
22573 1092 2052 2053 2367
22574 1092 2052 2053 2368
22575 1092 2067 2066 2385
22576 1092 2067 2066 2386
22577 1092 2089 2088 2410
22578 1092 2089 2088 2411
22579 1092 2112 2111 2434
22580 1092 2112 2111 2435
22581 1092 2147 2148 2487
22582 1092 2147 2148 2488
22583 1092 2162 2161 2505
22584 1092 2162 2161 2506
22585 1092 2185 2184 2533
22586 1092 2185 2184 2534
22587 1092 2207 2206 2557
22588 1092 2207 2206 2558
22589 1092 2608 2609 2894
22590 1092 2608 2609 2895
22591 1092 2623 2622 2912
22592 1092 2623 2622 2913
22593 1092 2667 2666 2964
22594 1092 2667 2666 2965
22595 1092 2702 2703 3017
22596 1092 2702 2703 3018
22597 1092 2717 2716 3035
22598 1092 2717 2716 3036
22599 1092 2739 2738 3060
22600 1092 2739 2738 3061
22601 1092 2762 2761 3084
22602 1092 2762 2761 3085
22603 1092 2797 2798 3137
22604 1092 2797 2798 3138
22605 1092 2812 2811 3155
22606 1092 2812 2811 3156
22607 1092 2835 2834 3183
22608 1092 2835 2834 3184
22609 1092 2857 2856 3207
22610 1092 2857 2856 3208
22611 1092 3258 3259 3544
22612 1092 3258 3259 3545
22613 1092 3273 3272 3562
22614 1092 3273 3272 3563
22615 1092 3317 3316 3614
22616 1092 3317 3316 3615
22617 1092 3352 3353 3667
22618 1092 3352 3353 3668
22619 1092 3367 3366 3685
22620 1092 3367 3366 3686
22621 1092 3389 3388 3710
22622 1092 3389 3388 3711
22623 1092 3412 3411 3734
22624 1092 3412 3411 3735
22625 1092 3447 3448 3787
22626 1092 3447 3448 3788
22627 1092 3462 3461 3805
22628 1092 3462 3461 3806
22629 1092 3485 3484 3833
22630 1092 3485 3484 3834
22631 1092 3507 3506 3857
22632 1092 3507 3506 3858
22633 1092 3908 3909 4194
22634 1092 3908 3909 4195
22635 1092 3923 3922 4212
22636 1092 3923 3922 4213
22637 1092 3967 3966 4264
22638 1092 3967 3966 4265
22639 1092 4002 4003 4317
22640 1092 4002 4003 4318
22641 1092 4017 4016 4335
22642 1092 4017 4016 4336
22643 1092 4039 4038 4360
22644 1092 4039 4038 4361
22645 1092 4062 4061 4384
22646 1092 4062 4061 4385
22647 1092 4097 4098 4437
22648 1092 4097 4098 4438
22649 1092 4112 4111 4455
22650 1092 4112 4111 4456
22651 1092 4135 4134 4483
22652 1092 4135 4134 4484
22653 1092 4157 4156 4507
22654 1092 4157 4156 4508
22655 1092 4558 4559 4844
22656 1092 4558 4559 4845
22657 1092 4573 4572 4862
22658 1092 4573 4572 4863
22659 1092 4617 4616 4914
22660 1092 4617 4616 4915
22661 1092 4652 4653 4967
22662 1092 4652 4653 4968
22663 1092 4667 4666 4985
22664 1092 4667 4666 4986
22665 1092 4689 4688 5010
22666 1092 4689 4688 5011
22667 1092 4712 4711 5034
22668 1092 4712 4711 5035
22669 1092 4747 4748 5087
22670 1092 4747 4748 5088
22671 1092 4762 4761 5105
22672 1092 4762 4761 5106
22673 1092 4785 4784 5133
22674 1092 4785 4784 5134
22675 1092 4807 4806 5157
22676 1092 4807 4806 5158
22677 1092 5208 5209 5494
22678 1092 5208 5209 5495
22679 1092 5223 5222 5512
22680 1092 5223 5222 5513
22681 1092 5267 5266 5564
22682 1092 5267 5266 5565
22683 1092 5302 5303 5617
22684 1092 5302 5303 5618
22685 1092 5317 5316 5635
22686 1092 5317 5316 5636
22687 1092 5339 5338 5660
22688 1092 5339 5338 5661
22689 1092 5362 5361 5684
22690 1092 5362 5361 5685
22691 1092 5397 5398 5737
22692 1092 5397 5398 5738
22693 1092 5412 5411 5755
22694 1092 5412 5411 5756
22695 1092 5435 5434 5783
22696 1092 5435 5434 5784
22697 1092 5457 5456 5807
22698 1092 5457 5456 5808
22699 1092 5858 5859 6144
22700 1092 5858 5859 6145
22701 1092 5873 5872 6162
22702 1092 5873 5872 6163
22703 1092 5917 5916 6214
22704 1092 5917 5916 6215
22705 1092 5952 5953 6267
22706 1092 5952 5953 6268
22707 1092 5967 5966 6285
22708 1092 5967 5966 6286
22709 1092 5989 5988 6310
22710 1092 5989 5988 6311
22711 1092 6012 6011 6334
22712 1092 6012 6011 6335
22713 1092 6047 6048 6387
22714 1092 6047 6048 6388
22715 1092 6062 6061 6405
22716 1092 6062 6061 6406
22717 1092 6085 6084 6433
22718 1092 6085 6084 6434
22719 1092 6107 6106 6457
22720 1092 6107 6106 6458
22721 1092 6508 6509 6794
22722 1092 6508 6509 6795
22723 1092 6523 6522 6812
22724 1092 6523 6522 6813
22725 1092 6567 6566 6864
22726 1092 6567 6566 6865
22727 1092 6602 6603 6917
22728 1092 6602 6603 6918
22729 1092 6617 6616 6935
22730 1092 6617 6616 6936
22731 1092 6639 6638 6960
22732 1092 6639 6638 6961
22733 1092 6662 6661 6984
22734 1092 6662 6661 6985
22735 1092 6697 6698 7037
22736 1092 6697 6698 7038
22737 1092 6712 6711 7055
22738 1092 6712 6711 7056
22739 1092 6735 6734 7083
22740 1092 6735 6734 7084
22741 1092 6757 6756 7107
22742 1092 6757 6756 7108
22743 1092 7158 7159 7444
22744 1092 7158 7159 7445
22745 1092 7173 7172 7462
22746 1092 7173 7172 7463
22747 1092 7217 7216 7514
22748 1092 7217 7216 7515
22749 1092 7252 7253 7567
22750 1092 7252 7253 7568
22751 1092 7267 7266 7585
22752 1092 7267 7266 7586
22753 1092 7289 7288 7610
22754 1092 7289 7288 7611
22755 1092 7312 7311 7634
22756 1092 7312 7311 7635
22757 1092 7347 7348 7687
22758 1092 7347 7348 7688
22759 1092 7362 7361 7705
22760 1092 7362 7361 7706
22761 1092 7385 7384 7733
22762 1092 7385 7384 7734
22763 1092 7407 7406 7757
22764 1092 7407 7406 7758
22765 1092 7808 7809 8094
22766 1092 7808 7809 8095
22767 1092 7823 7822 8112
22768 1092 7823 7822 8113
22769 1092 7867 7866 8164
22770 1092 7867 7866 8165
22771 1092 7902 7903 8217
22772 1092 7902 7903 8218
22773 1092 7917 7916 8235
22774 1092 7917 7916 8236
22775 1092 7939 7938 8260
22776 1092 7939 7938 8261
22777 1092 7962 7961 8284
22778 1092 7962 7961 8285
22779 1092 7997 7998 8337
22780 1092 7997 7998 8338
22781 1092 8012 8011 8355
22782 1092 8012 8011 8356
22783 1092 8035 8034 8383
22784 1092 8035 8034 8384
22785 1092 8057 8056 8407
22786 1092 8057 8056 8408
22787 1092 8458 8459 8744
22788 1092 8458 8459 8745
22789 1092 8473 8472 8762
22790 1092 8473 8472 8763
22791 1092 8517 8516 8814
22792 1092 8517 8516 8815
22793 1092 8552 8553 8867
22794 1092 8552 8553 8868
22795 1092 8567 8566 8885
22796 1092 8567 8566 8886
22797 1092 8589 8588 8910
22798 1092 8589 8588 8911
22799 1092 8612 8611 8934
22800 1092 8612 8611 8935
22801 1092 8647 8648 8987
22802 1092 8647 8648 8988
22803 1092 8662 8661 9005
22804 1092 8662 8661 9006
22805 1092 8685 8684 9033
22806 1092 8685 8684 9034
22807 1092 8707 8706 9057
22808 1092 8707 8706 9058
22809 1092 9108 9109 9394
22810 1092 9108 9109 9395
22811 1092 9123 9122 9412
22812 1092 9123 9122 9413
22813 1092 9167 9166 9464
22814 1092 9167 9166 9465
22815 1092 9202 9203 9517
22816 1092 9202 9203 9518
22817 1092 9217 9216 9535
22818 1092 9217 9216 9536
22819 1092 9239 9238 9560
22820 1092 9239 9238 9561
22821 1092 9262 9261 9584
22822 1092 9262 9261 9585
22823 1092 9297 9298 9637
22824 1092 9297 9298 9638
22825 1092 9312 9311 9655
22826 1092 9312 9311 9656
22827 1092 9335 9334 9683
22828 1092 9335 9334 9684
22829 1092 9357 9356 9707
22830 1092 9357 9356 9708
22831 1092 9758 9759 10044
22832 1092 9758 9759 10045
22833 1092 9773 9772 10062
22834 1092 9773 9772 10063
22835 1092 9817 9816 10114
22836 1092 9817 9816 10115
22837 1092 9852 9853 10167
22838 1092 9852 9853 10168
22839 1092 9867 9866 10185
22840 1092 9867 9866 10186
22841 1092 9889 9888 10210
22842 1092 9889 9888 10211
22843 1092 9912 9911 10234
22844 1092 9912 9911 10235
22845 1092 9947 9948 10287
22846 1092 9947 9948 10288
22847 1092 9962 9961 10305
22848 1092 9962 9961 10306
22849 1092 9985 9984 10333
22850 1092 9985 9984 10334
22851 1092 10007 10006 10357
22852 1092 10007 10006 10358
22853 1092 10408 10409 10694
22854 1092 10408 10409 10695
22855 1092 10423 10422 10712
22856 1092 10423 10422 10713
22857 1092 10467 10466 10764
22858 1092 10467 10466 10765
22859 1092 10502 10503 10817
22860 1092 10502 10503 10818
22861 1092 10517 10516 10835
22862 1092 10517 10516 10836
22863 1092 10539 10538 10860
22864 1092 10539 10538 10861
22865 1092 10562 10561 10884
22866 1092 10562 10561 10885
22867 1092 10597 10598 10937
22868 1092 10597 10598 10938
22869 1092 10612 10611 10955
22870 1092 10612 10611 10956
22871 1092 10635 10634 10983
22872 1092 10635 10634 10984
22873 1092 10657 10656 11007
22874 1092 10657 10656 11008
22875 1092 11058 11059 11344
22876 1092 11058 11059 11345
22877 1092 11073 11072 11362
22878 1092 11073 11072 11363
22879 1092 11117 11116 11414
22880 1092 11117 11116 11415
22881 1092 11152 11153 11467
22882 1092 11152 11153 11468
22883 1092 11167 11166 11485
22884 1092 11167 11166 11486
22885 1092 11189 11188 11510
22886 1092 11189 11188 11511
22887 1092 11212 11211 11534
22888 1092 11212 11211 11535
22889 1092 11247 11248 11587
22890 1092 11247 11248 11588
22891 1092 11262 11261 11605
22892 1092 11262 11261 11606
22893 1092 11285 11284 11633
22894 1092 11285 11284 11634
22895 1092 11307 11306 11657
22896 1092 11307 11306 11658
22897 1092 11708 11709 11994
22898 1092 11708 11709 11995
22899 1092 11723 11722 12012
22900 1092 11723 11722 12013
22901 1092 11767 11766 12064
22902 1092 11767 11766 12065
22903 1092 11802 11803 12117
22904 1092 11802 11803 12118
22905 1092 11817 11816 12135
22906 1092 11817 11816 12136
22907 1092 11839 11838 12160
22908 1092 11839 11838 12161
22909 1092 11862 11861 12184
22910 1092 11862 11861 12185
22911 1092 11897 11898 12237
22912 1092 11897 11898 12238
22913 1092 11912 11911 12255
22914 1092 11912 11911 12256
22915 1092 11935 11934 12283
22916 1092 11935 11934 12284
22917 1092 11957 11956 12307
22918 1092 11957 11956 12308
22919 1092 12358 12359 12644
22920 1092 12358 12359 12645
22921 1092 12373 12372 12662
22922 1092 12373 12372 12663
22923 1092 12417 12416 12714
22924 1092 12417 12416 12715
22925 1092 12452 12453 12767
22926 1092 12452 12453 12768
22927 1092 12467 12466 12785
22928 1092 12467 12466 12786
22929 1092 12489 12488 12810
22930 1092 12489 12488 12811
22931 1092 12512 12511 12834
22932 1092 12512 12511 12835
22933 1092 12547 12548 12887
22934 1092 12547 12548 12888
22935 1092 12562 12561 12905
22936 1092 12562 12561 12906
22937 1092 12585 12584 12933
22938 1092 12585 12584 12934
22939 1092 12607 12606 12957
22940 1092 12607 12606 12958
22941 1092 75 20 309
22942 1092 147 31 322
22943 1092 53 41 334
22944 1092 63 64 361
22945 1092 170 114 432
22946 1092 125 126 445
22947 1092 148 136 457
22948 1092 158 159 481
22949 1092 265 209 552
22950 1092 243 232 580
22951 1092 253 254 604
22952 1092 725 670 959
22953 1092 797 681 972
22954 1092 703 691 984
22955 1092 713 714 1011
22956 1092 820 764 1082
22957 1092 775 776 1095
22958 1092 798 786 1107
22959 1092 808 809 1131
22960 1092 915 859 1202
22961 1092 893 882 1230
22962 1092 903 904 1254
22963 1092 1375 1320 1609
22964 1092 1447 1331 1622
22965 1092 1353 1341 1634
22966 1092 1363 1364 1661
22967 1092 1470 1414 1732
22968 1092 1425 1426 1745
22969 1092 1448 1436 1757
22970 1092 1458 1459 1781
22971 1092 1565 1509 1852
22972 1092 1543 1532 1880
22973 1092 1553 1554 1904
22974 1092 2025 1970 2259
22975 1092 2097 1981 2272
22976 1092 2003 1991 2284
22977 1092 2013 2014 2311
22978 1092 2120 2064 2382
22979 1092 2075 2076 2395
22980 1092 2098 2086 2407
22981 1092 2108 2109 2431
22982 1092 2215 2159 2502
22983 1092 2193 2182 2530
22984 1092 2203 2204 2554
22985 1092 2675 2620 2909
22986 1092 2747 2631 2922
22987 1092 2653 2641 2934
22988 1092 2663 2664 2961
22989 1092 2770 2714 3032
22990 1092 2725 2726 3045
22991 1092 2748 2736 3057
22992 1092 2758 2759 3081
22993 1092 2865 2809 3152
22994 1092 2843 2832 3180
22995 1092 2853 2854 3204
22996 1092 3325 3270 3559
22997 1092 3397 3281 3572
22998 1092 3303 3291 3584
22999 1092 3313 3314 3611
23000 1092 3420 3364 3682
23001 1092 3375 3376 3695
23002 1092 3398 3386 3707
23003 1092 3408 3409 3731
23004 1092 3515 3459 3802
23005 1092 3493 3482 3830
23006 1092 3503 3504 3854
23007 1092 3975 3920 4209
23008 1092 4047 3931 4222
23009 1092 3953 3941 4234
23010 1092 3963 3964 4261
23011 1092 4070 4014 4332
23012 1092 4025 4026 4345
23013 1092 4048 4036 4357
23014 1092 4058 4059 4381
23015 1092 4165 4109 4452
23016 1092 4143 4132 4480
23017 1092 4153 4154 4504
23018 1092 4625 4570 4859
23019 1092 4697 4581 4872
23020 1092 4603 4591 4884
23021 1092 4613 4614 4911
23022 1092 4720 4664 4982
23023 1092 4675 4676 4995
23024 1092 4698 4686 5007
23025 1092 4708 4709 5031
23026 1092 4815 4759 5102
23027 1092 4793 4782 5130
23028 1092 4803 4804 5154
23029 1092 5275 5220 5509
23030 1092 5347 5231 5522
23031 1092 5253 5241 5534
23032 1092 5263 5264 5561
23033 1092 5370 5314 5632
23034 1092 5325 5326 5645
23035 1092 5348 5336 5657
23036 1092 5358 5359 5681
23037 1092 5465 5409 5752
23038 1092 5443 5432 5780
23039 1092 5453 5454 5804
23040 1092 5925 5870 6159
23041 1092 5997 5881 6172
23042 1092 5903 5891 6184
23043 1092 5913 5914 6211
23044 1092 6020 5964 6282
23045 1092 5975 5976 6295
23046 1092 5998 5986 6307
23047 1092 6008 6009 6331
23048 1092 6115 6059 6402
23049 1092 6093 6082 6430
23050 1092 6103 6104 6454
23051 1092 6575 6520 6809
23052 1092 6647 6531 6822
23053 1092 6553 6541 6834
23054 1092 6563 6564 6861
23055 1092 6670 6614 6932
23056 1092 6625 6626 6945
23057 1092 6648 6636 6957
23058 1092 6658 6659 6981
23059 1092 6765 6709 7052
23060 1092 6743 6732 7080
23061 1092 6753 6754 7104
23062 1092 7225 7170 7459
23063 1092 7297 7181 7472
23064 1092 7203 7191 7484
23065 1092 7213 7214 7511
23066 1092 7320 7264 7582
23067 1092 7275 7276 7595
23068 1092 7298 7286 7607
23069 1092 7308 7309 7631
23070 1092 7415 7359 7702
23071 1092 7393 7382 7730
23072 1092 7403 7404 7754
23073 1092 7875 7820 8109
23074 1092 7947 7831 8122
23075 1092 7853 7841 8134
23076 1092 7863 7864 8161
23077 1092 7970 7914 8232
23078 1092 7925 7926 8245
23079 1092 7948 7936 8257
23080 1092 7958 7959 8281
23081 1092 8065 8009 8352
23082 1092 8043 8032 8380
23083 1092 8053 8054 8404
23084 1092 8525 8470 8759
23085 1092 8597 8481 8772
23086 1092 8503 8491 8784
23087 1092 8513 8514 8811
23088 1092 8620 8564 8882
23089 1092 8575 8576 8895
23090 1092 8598 8586 8907
23091 1092 8608 8609 8931
23092 1092 8715 8659 9002
23093 1092 8693 8682 9030
23094 1092 8703 8704 9054
23095 1092 9175 9120 9409
23096 1092 9247 9131 9422
23097 1092 9153 9141 9434
23098 1092 9163 9164 9461
23099 1092 9270 9214 9532
23100 1092 9225 9226 9545
23101 1092 9248 9236 9557
23102 1092 9258 9259 9581
23103 1092 9365 9309 9652
23104 1092 9343 9332 9680
23105 1092 9353 9354 9704
23106 1092 9825 9770 10059
23107 1092 9897 9781 10072
23108 1092 9803 9791 10084
23109 1092 9813 9814 10111
23110 1092 9920 9864 10182
23111 1092 9875 9876 10195
23112 1092 9898 9886 10207
23113 1092 9908 9909 10231
23114 1092 10015 9959 10302
23115 1092 9993 9982 10330
23116 1092 10003 10004 10354
23117 1092 10475 10420 10709
23118 1092 10547 10431 10722
23119 1092 10453 10441 10734
23120 1092 10463 10464 10761
23121 1092 10570 10514 10832
23122 1092 10525 10526 10845
23123 1092 10548 10536 10857
23124 1092 10558 10559 10881
23125 1092 10665 10609 10952
23126 1092 10643 10632 10980
23127 1092 10653 10654 11004
23128 1092 11125 11070 11359
23129 1092 11197 11081 11372
23130 1092 11103 11091 11384
23131 1092 11113 11114 11411
23132 1092 11220 11164 11482
23133 1092 11175 11176 11495
23134 1092 11198 11186 11507
23135 1092 11208 11209 11531
23136 1092 11315 11259 11602
23137 1092 11293 11282 11630
23138 1092 11303 11304 11654
23139 1092 11775 11720 12009
23140 1092 11847 11731 12022
23141 1092 11753 11741 12034
23142 1092 11763 11764 12061
23143 1092 11870 11814 12132
23144 1092 11825 11826 12145
23145 1092 11848 11836 12157
23146 1092 11858 11859 12181
23147 1092 11965 11909 12252
23148 1092 11943 11932 12280
23149 1092 11953 11954 12304
23150 1092 12425 12370 12659
23151 1092 12497 12381 12672
23152 1092 12403 12391 12684
23153 1092 12413 12414 12711
23154 1092 12520 12464 12782
23155 1092 12475 12476 12795
23156 1092 12498 12486 12807
23157 1092 12508 12509 12831
23158 1092 12615 12559 12902
23159 1092 12593 12582 12930
23160 1092 12603 12604 12954
23161 1092 44 43 337
23162 1092 44 43 338
23163 1092 694 693 987
23164 1092 694 693 988
23165 1092 1344 1343 1637
23166 1092 1344 1343 1638
23167 1092 1994 1993 2287
23168 1092 1994 1993 2288
23169 1092 2644 2643 2937
23170 1092 2644 2643 2938
23171 1092 3294 3293 3587
23172 1092 3294 3293 3588
23173 1092 3944 3943 4237
23174 1092 3944 3943 4238
23175 1092 4594 4593 4887
23176 1092 4594 4593 4888
23177 1092 5244 5243 5537
23178 1092 5244 5243 5538
23179 1092 5894 5893 6187
23180 1092 5894 5893 6188
23181 1092 6544 6543 6837
23182 1092 6544 6543 6838
23183 1092 7194 7193 7487
23184 1092 7194 7193 7488
23185 1092 7844 7843 8137
23186 1092 7844 7843 8138
23187 1092 8494 8493 8787
23188 1092 8494 8493 8788
23189 1092 9144 9143 9437
23190 1092 9144 9143 9438
23191 1092 9794 9793 10087
23192 1092 9794 9793 10088
23193 1092 10444 10443 10737
23194 1092 10444 10443 10738
23195 1092 11094 11093 11387
23196 1092 11094 11093 11388
23197 1092 11744 11743 12037
23198 1092 11744 11743 12038
23199 1092 12394 12393 12687
23200 1092 12394 12393 12688
23201 1092 44 52 347
23202 1092 44 52 348
23203 1092 44 52 349
23204 1092 220 222 566
23205 1092 220 222 567
23206 1092 220 222 568
23207 1092 694 702 997
23208 1092 694 702 998
23209 1092 694 702 999
23210 1092 870 872 1216
23211 1092 870 872 1217
23212 1092 870 872 1218
23213 1092 1344 1352 1647
23214 1092 1344 1352 1648
23215 1092 1344 1352 1649
23216 1092 1520 1522 1866
23217 1092 1520 1522 1867
23218 1092 1520 1522 1868
23219 1092 1994 2002 2297
23220 1092 1994 2002 2298
23221 1092 1994 2002 2299
23222 1092 2170 2172 2516
23223 1092 2170 2172 2517
23224 1092 2170 2172 2518
23225 1092 2644 2652 2947
23226 1092 2644 2652 2948
23227 1092 2644 2652 2949
23228 1092 2820 2822 3166
23229 1092 2820 2822 3167
23230 1092 2820 2822 3168
23231 1092 3294 3302 3597
23232 1092 3294 3302 3598
23233 1092 3294 3302 3599
23234 1092 3470 3472 3816
23235 1092 3470 3472 3817
23236 1092 3470 3472 3818
23237 1092 3944 3952 4247
23238 1092 3944 3952 4248
23239 1092 3944 3952 4249
23240 1092 4120 4122 4466
23241 1092 4120 4122 4467
23242 1092 4120 4122 4468
23243 1092 4594 4602 4897
23244 1092 4594 4602 4898
23245 1092 4594 4602 4899
23246 1092 4770 4772 5116
23247 1092 4770 4772 5117
23248 1092 4770 4772 5118
23249 1092 5244 5252 5547
23250 1092 5244 5252 5548
23251 1092 5244 5252 5549
23252 1092 5420 5422 5766
23253 1092 5420 5422 5767
23254 1092 5420 5422 5768
23255 1092 5894 5902 6197
23256 1092 5894 5902 6198
23257 1092 5894 5902 6199
23258 1092 6070 6072 6416
23259 1092 6070 6072 6417
23260 1092 6070 6072 6418
23261 1092 6544 6552 6847
23262 1092 6544 6552 6848
23263 1092 6544 6552 6849
23264 1092 6720 6722 7066
23265 1092 6720 6722 7067
23266 1092 6720 6722 7068
23267 1092 7194 7202 7497
23268 1092 7194 7202 7498
23269 1092 7194 7202 7499
23270 1092 7370 7372 7716
23271 1092 7370 7372 7717
23272 1092 7370 7372 7718
23273 1092 7844 7852 8147
23274 1092 7844 7852 8148
23275 1092 7844 7852 8149
23276 1092 8020 8022 8366
23277 1092 8020 8022 8367
23278 1092 8020 8022 8368
23279 1092 8494 8502 8797
23280 1092 8494 8502 8798
23281 1092 8494 8502 8799
23282 1092 8670 8672 9016
23283 1092 8670 8672 9017
23284 1092 8670 8672 9018
23285 1092 9144 9152 9447
23286 1092 9144 9152 9448
23287 1092 9144 9152 9449
23288 1092 9320 9322 9666
23289 1092 9320 9322 9667
23290 1092 9320 9322 9668
23291 1092 9794 9802 10097
23292 1092 9794 9802 10098
23293 1092 9794 9802 10099
23294 1092 9970 9972 10316
23295 1092 9970 9972 10317
23296 1092 9970 9972 10318
23297 1092 10444 10452 10747
23298 1092 10444 10452 10748
23299 1092 10444 10452 10749
23300 1092 10620 10622 10966
23301 1092 10620 10622 10967
23302 1092 10620 10622 10968
23303 1092 11094 11102 11397
23304 1092 11094 11102 11398
23305 1092 11094 11102 11399
23306 1092 11270 11272 11616
23307 1092 11270 11272 11617
23308 1092 11270 11272 11618
23309 1092 11744 11752 12047
23310 1092 11744 11752 12048
23311 1092 11744 11752 12049
23312 1092 11920 11922 12266
23313 1092 11920 11922 12267
23314 1092 11920 11922 12268
23315 1092 12394 12402 12697
23316 1092 12394 12402 12698
23317 1092 12394 12402 12699
23318 1092 12570 12572 12916
23319 1092 12570 12572 12917
23320 1092 12570 12572 12918
23321 1092 220 221 565
23322 1092 870 871 1215
23323 1092 1520 1521 1865
23324 1092 2170 2171 2515
23325 1092 2820 2821 3165
23326 1092 3470 3471 3815
23327 1092 4120 4121 4465
23328 1092 4770 4771 5115
23329 1092 5420 5421 5765
23330 1092 6070 6071 6415
23331 1092 6720 6721 7065
23332 1092 7370 7371 7715
23333 1092 8020 8021 8365
23334 1092 8670 8671 9015
23335 1092 9320 9321 9665
23336 1092 9970 9971 10315
23337 1092 10620 10621 10965
23338 1092 11270 11271 11615
23339 1092 11920 11921 12265
23340 1092 12570 12571 12915
23341 1356 12 11 16
23342 1356 106 105 110
23343 1356 201 200 205
23344 1356 662 661 666
23345 1356 756 755 760
23346 1356 851 850 855
23347 1356 1312 1311 1316
23348 1356 1406 1405 1410
23349 1356 1501 1500 1505
23350 1356 1962 1961 1966
23351 1356 2056 2055 2060
23352 1356 2151 2150 2155
23353 1356 2612 2611 2616
23354 1356 2706 2705 2710
23355 1356 2801 2800 2805
23356 1356 3262 3261 3266
23357 1356 3356 3355 3360
23358 1356 3451 3450 3455
23359 1356 3912 3911 3916
23360 1356 4006 4005 4010
23361 1356 4101 4100 4105
23362 1356 4562 4561 4566
23363 1356 4656 4655 4660
23364 1356 4751 4750 4755
23365 1356 5212 5211 5216
23366 1356 5306 5305 5310
23367 1356 5401 5400 5405
23368 1356 5862 5861 5866
23369 1356 5956 5955 5960
23370 1356 6051 6050 6055
23371 1356 6512 6511 6516
23372 1356 6606 6605 6610
23373 1356 6701 6700 6705
23374 1356 7162 7161 7166
23375 1356 7256 7255 7260
23376 1356 7351 7350 7355
23377 1356 7812 7811 7816
23378 1356 7906 7905 7910
23379 1356 8001 8000 8005
23380 1356 8462 8461 8466
23381 1356 8556 8555 8560
23382 1356 8651 8650 8655
23383 1356 9112 9111 9116
23384 1356 9206 9205 9210
23385 1356 9301 9300 9305
23386 1356 9762 9761 9766
23387 1356 9856 9855 9860
23388 1356 9951 9950 9955
23389 1356 10412 10411 10416
23390 1356 10506 10505 10510
23391 1356 10601 10600 10605
23392 1356 11062 11061 11066
23393 1356 11156 11155 11160
23394 1356 11251 11250 11255
23395 1356 11712 11711 11716
23396 1356 11806 11805 11810
23397 1356 11901 11900 11905
23398 1356 12362 12361 12366
23399 1356 12456 12455 12460
23400 1356 12551 12550 12555
23401 1356 27 28 29
23402 1356 48 49 50
23403 1356 71 72 73
23404 1356 121 122 123
23405 1356 143 144 145
23406 1356 166 167 168
23407 1356 216 217 218
23408 1356 239 240 241
23409 1356 261 262 263
23410 1356 677 678 679
23411 1356 698 699 700
23412 1356 721 722 723
23413 1356 771 772 773
23414 1356 793 794 795
23415 1356 816 817 818
23416 1356 866 867 868
23417 1356 889 890 891
23418 1356 911 912 913
23419 1356 1327 1328 1329
23420 1356 1348 1349 1350
23421 1356 1371 1372 1373
23422 1356 1421 1422 1423
23423 1356 1443 1444 1445
23424 1356 1466 1467 1468
23425 1356 1516 1517 1518
23426 1356 1539 1540 1541
23427 1356 1561 1562 1563
23428 1356 1977 1978 1979
23429 1356 1998 1999 2000
23430 1356 2021 2022 2023
23431 1356 2071 2072 2073
23432 1356 2093 2094 2095
23433 1356 2116 2117 2118
23434 1356 2166 2167 2168
23435 1356 2189 2190 2191
23436 1356 2211 2212 2213
23437 1356 2627 2628 2629
23438 1356 2648 2649 2650
23439 1356 2671 2672 2673
23440 1356 2721 2722 2723
23441 1356 2743 2744 2745
23442 1356 2766 2767 2768
23443 1356 2816 2817 2818
23444 1356 2839 2840 2841
23445 1356 2861 2862 2863
23446 1356 3277 3278 3279
23447 1356 3298 3299 3300
23448 1356 3321 3322 3323
23449 1356 3371 3372 3373
23450 1356 3393 3394 3395
23451 1356 3416 3417 3418
23452 1356 3466 3467 3468
23453 1356 3489 3490 3491
23454 1356 3511 3512 3513
23455 1356 3927 3928 3929
23456 1356 3948 3949 3950
23457 1356 3971 3972 3973
23458 1356 4021 4022 4023
23459 1356 4043 4044 4045
23460 1356 4066 4067 4068
23461 1356 4116 4117 4118
23462 1356 4139 4140 4141
23463 1356 4161 4162 4163
23464 1356 4577 4578 4579
23465 1356 4598 4599 4600
23466 1356 4621 4622 4623
23467 1356 4671 4672 4673
23468 1356 4693 4694 4695
23469 1356 4716 4717 4718
23470 1356 4766 4767 4768
23471 1356 4789 4790 4791
23472 1356 4811 4812 4813
23473 1356 5227 5228 5229
23474 1356 5248 5249 5250
23475 1356 5271 5272 5273
23476 1356 5321 5322 5323
23477 1356 5343 5344 5345
23478 1356 5366 5367 5368
23479 1356 5416 5417 5418
23480 1356 5439 5440 5441
23481 1356 5461 5462 5463
23482 1356 5877 5878 5879
23483 1356 5898 5899 5900
23484 1356 5921 5922 5923
23485 1356 5971 5972 5973
23486 1356 5993 5994 5995
23487 1356 6016 6017 6018
23488 1356 6066 6067 6068
23489 1356 6089 6090 6091
23490 1356 6111 6112 6113
23491 1356 6527 6528 6529
23492 1356 6548 6549 6550
23493 1356 6571 6572 6573
23494 1356 6621 6622 6623
23495 1356 6643 6644 6645
23496 1356 6666 6667 6668
23497 1356 6716 6717 6718
23498 1356 6739 6740 6741
23499 1356 6761 6762 6763
23500 1356 7177 7178 7179
23501 1356 7198 7199 7200
23502 1356 7221 7222 7223
23503 1356 7271 7272 7273
23504 1356 7293 7294 7295
23505 1356 7316 7317 7318
23506 1356 7366 7367 7368
23507 1356 7389 7390 7391
23508 1356 7411 7412 7413
23509 1356 7827 7828 7829
23510 1356 7848 7849 7850
23511 1356 7871 7872 7873
23512 1356 7921 7922 7923
23513 1356 7943 7944 7945
23514 1356 7966 7967 7968
23515 1356 8016 8017 8018
23516 1356 8039 8040 8041
23517 1356 8061 8062 8063
23518 1356 8477 8478 8479
23519 1356 8498 8499 8500
23520 1356 8521 8522 8523
23521 1356 8571 8572 8573
23522 1356 8593 8594 8595
23523 1356 8616 8617 8618
23524 1356 8666 8667 8668
23525 1356 8689 8690 8691
23526 1356 8711 8712 8713
23527 1356 9127 9128 9129
23528 1356 9148 9149 9150
23529 1356 9171 9172 9173
23530 1356 9221 9222 9223
23531 1356 9243 9244 9245
23532 1356 9266 9267 9268
23533 1356 9316 9317 9318
23534 1356 9339 9340 9341
23535 1356 9361 9362 9363
23536 1356 9777 9778 9779
23537 1356 9798 9799 9800
23538 1356 9821 9822 9823
23539 1356 9871 9872 9873
23540 1356 9893 9894 9895
23541 1356 9916 9917 9918
23542 1356 9966 9967 9968
23543 1356 9989 9990 9991
23544 1356 10011 10012 10013
23545 1356 10427 10428 10429
23546 1356 10448 10449 10450
23547 1356 10471 10472 10473
23548 1356 10521 10522 10523
23549 1356 10543 10544 10545
23550 1356 10566 10567 10568
23551 1356 10616 10617 10618
23552 1356 10639 10640 10641
23553 1356 10661 10662 10663
23554 1356 11077 11078 11079
23555 1356 11098 11099 11100
23556 1356 11121 11122 11123
23557 1356 11171 11172 11173
23558 1356 11193 11194 11195
23559 1356 11216 11217 11218
23560 1356 11266 11267 11268
23561 1356 11289 11290 11291
23562 1356 11311 11312 11313
23563 1356 11727 11728 11729
23564 1356 11748 11749 11750
23565 1356 11771 11772 11773
23566 1356 11821 11822 11823
23567 1356 11843 11844 11845
23568 1356 11866 11867 11868
23569 1356 11916 11917 11918
23570 1356 11939 11940 11941
23571 1356 11961 11962 11963
23572 1356 12377 12378 12379
23573 1356 12398 12399 12400
23574 1356 12421 12422 12423
23575 1356 12471 12472 12473
23576 1356 12493 12494 12495
23577 1356 12516 12517 12518
23578 1356 12566 12567 12568
23579 1356 12589 12590 12591
23580 1356 12611 12612 12613
23581 1356 88 89 90
23582 1356 183 184 185
23583 1356 278 279 280
23584 1356 738 739 740
23585 1356 833 834 835
23586 1356 928 929 930
23587 1356 1388 1389 1390
23588 1356 1483 1484 1485
23589 1356 1578 1579 1580
23590 1356 2038 2039 2040
23591 1356 2133 2134 2135
23592 1356 2228 2229 2230
23593 1356 2688 2689 2690
23594 1356 2783 2784 2785
23595 1356 2878 2879 2880
23596 1356 3338 3339 3340
23597 1356 3433 3434 3435
23598 1356 3528 3529 3530
23599 1356 3988 3989 3990
23600 1356 4083 4084 4085
23601 1356 4178 4179 4180
23602 1356 4638 4639 4640
23603 1356 4733 4734 4735
23604 1356 4828 4829 4830
23605 1356 5288 5289 5290
23606 1356 5383 5384 5385
23607 1356 5478 5479 5480
23608 1356 5938 5939 5940
23609 1356 6033 6034 6035
23610 1356 6128 6129 6130
23611 1356 6588 6589 6590
23612 1356 6683 6684 6685
23613 1356 6778 6779 6780
23614 1356 7238 7239 7240
23615 1356 7333 7334 7335
23616 1356 7428 7429 7430
23617 1356 7888 7889 7890
23618 1356 7983 7984 7985
23619 1356 8078 8079 8080
23620 1356 8538 8539 8540
23621 1356 8633 8634 8635
23622 1356 8728 8729 8730
23623 1356 9188 9189 9190
23624 1356 9283 9284 9285
23625 1356 9378 9379 9380
23626 1356 9838 9839 9840
23627 1356 9933 9934 9935
23628 1356 10028 10029 10030
23629 1356 10488 10489 10490
23630 1356 10583 10584 10585
23631 1356 10678 10679 10680
23632 1356 11138 11139 11140
23633 1356 11233 11234 11235
23634 1356 11328 11329 11330
23635 1356 11788 11789 11790
23636 1356 11883 11884 11885
23637 1356 11978 11979 11980
23638 1356 12438 12439 12440
23639 1356 12533 12534 12535
23640 1356 12628 12629 12630
23641 1378 1 3 2
23642 1378 95 97 96
23643 1378 190 192 191
23644 1378 651 653 652
23645 1378 745 747 746
23646 1378 840 842 841
23647 1378 1301 1303 1302
23648 1378 1395 1397 1396
23649 1378 1490 1492 1491
23650 1378 1951 1953 1952
23651 1378 2045 2047 2046
23652 1378 2140 2142 2141
23653 1378 2601 2603 2602
23654 1378 2695 2697 2696
23655 1378 2790 2792 2791
23656 1378 3251 3253 3252
23657 1378 3345 3347 3346
23658 1378 3440 3442 3441
23659 1378 3901 3903 3902
23660 1378 3995 3997 3996
23661 1378 4090 4092 4091
23662 1378 4551 4553 4552
23663 1378 4645 4647 4646
23664 1378 4740 4742 4741
23665 1378 5201 5203 5202
23666 1378 5295 5297 5296
23667 1378 5390 5392 5391
23668 1378 5851 5853 5852
23669 1378 5945 5947 5946
23670 1378 6040 6042 6041
23671 1378 6501 6503 6502
23672 1378 6595 6597 6596
23673 1378 6690 6692 6691
23674 1378 7151 7153 7152
23675 1378 7245 7247 7246
23676 1378 7340 7342 7341
23677 1378 7801 7803 7802
23678 1378 7895 7897 7896
23679 1378 7990 7992 7991
23680 1378 8451 8453 8452
23681 1378 8545 8547 8546
23682 1378 8640 8642 8641
23683 1378 9101 9103 9102
23684 1378 9195 9197 9196
23685 1378 9290 9292 9291
23686 1378 9751 9753 9752
23687 1378 9845 9847 9846
23688 1378 9940 9942 9941
23689 1378 10401 10403 10402
23690 1378 10495 10497 10496
23691 1378 10590 10592 10591
23692 1378 11051 11053 11052
23693 1378 11145 11147 11146
23694 1378 11240 11242 11241
23695 1378 11701 11703 11702
23696 1378 11795 11797 11796
23697 1378 11890 11892 11891
23698 1378 12351 12353 12352
23699 1378 12445 12447 12446
23700 1378 12540 12542 12541
23701 1379 15 11 16
23702 1379 29 28 30
23703 1379 36 32 37
23704 1379 50 49 51
23705 1379 58 54 59
23706 1379 73 72 74
23707 1379 90 89 91
23708 1379 109 105 110
23709 1379 123 122 124
23710 1379 131 127 132
23711 1379 145 144 146
23712 1379 153 149 154
23713 1379 168 167 169
23714 1379 185 184 186
23715 1379 204 200 205
23716 1379 218 217 219
23717 1379 227 223 228
23718 1379 241 240 242
23719 1379 248 244 249
23720 1379 263 262 264
23721 1379 280 279 281
23722 1379 665 661 666
23723 1379 679 678 680
23724 1379 686 682 687
23725 1379 700 699 701
23726 1379 708 704 709
23727 1379 723 722 724
23728 1379 740 739 741
23729 1379 759 755 760
23730 1379 773 772 774
23731 1379 781 777 782
23732 1379 795 794 796
23733 1379 803 799 804
23734 1379 818 817 819
23735 1379 835 834 836
23736 1379 854 850 855
23737 1379 868 867 869
23738 1379 877 873 878
23739 1379 891 890 892
23740 1379 898 894 899
23741 1379 913 912 914
23742 1379 930 929 931
23743 1379 1315 1311 1316
23744 1379 1329 1328 1330
23745 1379 1336 1332 1337
23746 1379 1350 1349 1351
23747 1379 1358 1354 1359
23748 1379 1373 1372 1374
23749 1379 1390 1389 1391
23750 1379 1409 1405 1410
23751 1379 1423 1422 1424
23752 1379 1431 1427 1432
23753 1379 1445 1444 1446
23754 1379 1453 1449 1454
23755 1379 1468 1467 1469
23756 1379 1485 1484 1486
23757 1379 1504 1500 1505
23758 1379 1518 1517 1519
23759 1379 1527 1523 1528
23760 1379 1541 1540 1542
23761 1379 1548 1544 1549
23762 1379 1563 1562 1564
23763 1379 1580 1579 1581
23764 1379 1965 1961 1966
23765 1379 1979 1978 1980
23766 1379 1986 1982 1987
23767 1379 2000 1999 2001
23768 1379 2008 2004 2009
23769 1379 2023 2022 2024
23770 1379 2040 2039 2041
23771 1379 2059 2055 2060
23772 1379 2073 2072 2074
23773 1379 2081 2077 2082
23774 1379 2095 2094 2096
23775 1379 2103 2099 2104
23776 1379 2118 2117 2119
23777 1379 2135 2134 2136
23778 1379 2154 2150 2155
23779 1379 2168 2167 2169
23780 1379 2177 2173 2178
23781 1379 2191 2190 2192
23782 1379 2198 2194 2199
23783 1379 2213 2212 2214
23784 1379 2230 2229 2231
23785 1379 2615 2611 2616
23786 1379 2629 2628 2630
23787 1379 2636 2632 2637
23788 1379 2650 2649 2651
23789 1379 2658 2654 2659
23790 1379 2673 2672 2674
23791 1379 2690 2689 2691
23792 1379 2709 2705 2710
23793 1379 2723 2722 2724
23794 1379 2731 2727 2732
23795 1379 2745 2744 2746
23796 1379 2753 2749 2754
23797 1379 2768 2767 2769
23798 1379 2785 2784 2786
23799 1379 2804 2800 2805
23800 1379 2818 2817 2819
23801 1379 2827 2823 2828
23802 1379 2841 2840 2842
23803 1379 2848 2844 2849
23804 1379 2863 2862 2864
23805 1379 2880 2879 2881
23806 1379 3265 3261 3266
23807 1379 3279 3278 3280
23808 1379 3286 3282 3287
23809 1379 3300 3299 3301
23810 1379 3308 3304 3309
23811 1379 3323 3322 3324
23812 1379 3340 3339 3341
23813 1379 3359 3355 3360
23814 1379 3373 3372 3374
23815 1379 3381 3377 3382
23816 1379 3395 3394 3396
23817 1379 3403 3399 3404
23818 1379 3418 3417 3419
23819 1379 3435 3434 3436
23820 1379 3454 3450 3455
23821 1379 3468 3467 3469
23822 1379 3477 3473 3478
23823 1379 3491 3490 3492
23824 1379 3498 3494 3499
23825 1379 3513 3512 3514
23826 1379 3530 3529 3531
23827 1379 3915 3911 3916
23828 1379 3929 3928 3930
23829 1379 3936 3932 3937
23830 1379 3950 3949 3951
23831 1379 3958 3954 3959
23832 1379 3973 3972 3974
23833 1379 3990 3989 3991
23834 1379 4009 4005 4010
23835 1379 4023 4022 4024
23836 1379 4031 4027 4032
23837 1379 4045 4044 4046
23838 1379 4053 4049 4054
23839 1379 4068 4067 4069
23840 1379 4085 4084 4086
23841 1379 4104 4100 4105
23842 1379 4118 4117 4119
23843 1379 4127 4123 4128
23844 1379 4141 4140 4142
23845 1379 4148 4144 4149
23846 1379 4163 4162 4164
23847 1379 4180 4179 4181
23848 1379 4565 4561 4566
23849 1379 4579 4578 4580
23850 1379 4586 4582 4587
23851 1379 4600 4599 4601
23852 1379 4608 4604 4609
23853 1379 4623 4622 4624
23854 1379 4640 4639 4641
23855 1379 4659 4655 4660
23856 1379 4673 4672 4674
23857 1379 4681 4677 4682
23858 1379 4695 4694 4696
23859 1379 4703 4699 4704
23860 1379 4718 4717 4719
23861 1379 4735 4734 4736
23862 1379 4754 4750 4755
23863 1379 4768 4767 4769
23864 1379 4777 4773 4778
23865 1379 4791 4790 4792
23866 1379 4798 4794 4799
23867 1379 4813 4812 4814
23868 1379 4830 4829 4831
23869 1379 5215 5211 5216
23870 1379 5229 5228 5230
23871 1379 5236 5232 5237
23872 1379 5250 5249 5251
23873 1379 5258 5254 5259
23874 1379 5273 5272 5274
23875 1379 5290 5289 5291
23876 1379 5309 5305 5310
23877 1379 5323 5322 5324
23878 1379 5331 5327 5332
23879 1379 5345 5344 5346
23880 1379 5353 5349 5354
23881 1379 5368 5367 5369
23882 1379 5385 5384 5386
23883 1379 5404 5400 5405
23884 1379 5418 5417 5419
23885 1379 5427 5423 5428
23886 1379 5441 5440 5442
23887 1379 5448 5444 5449
23888 1379 5463 5462 5464
23889 1379 5480 5479 5481
23890 1379 5865 5861 5866
23891 1379 5879 5878 5880
23892 1379 5886 5882 5887
23893 1379 5900 5899 5901
23894 1379 5908 5904 5909
23895 1379 5923 5922 5924
23896 1379 5940 5939 5941
23897 1379 5959 5955 5960
23898 1379 5973 5972 5974
23899 1379 5981 5977 5982
23900 1379 5995 5994 5996
23901 1379 6003 5999 6004
23902 1379 6018 6017 6019
23903 1379 6035 6034 6036
23904 1379 6054 6050 6055
23905 1379 6068 6067 6069
23906 1379 6077 6073 6078
23907 1379 6091 6090 6092
23908 1379 6098 6094 6099
23909 1379 6113 6112 6114
23910 1379 6130 6129 6131
23911 1379 6515 6511 6516
23912 1379 6529 6528 6530
23913 1379 6536 6532 6537
23914 1379 6550 6549 6551
23915 1379 6558 6554 6559
23916 1379 6573 6572 6574
23917 1379 6590 6589 6591
23918 1379 6609 6605 6610
23919 1379 6623 6622 6624
23920 1379 6631 6627 6632
23921 1379 6645 6644 6646
23922 1379 6653 6649 6654
23923 1379 6668 6667 6669
23924 1379 6685 6684 6686
23925 1379 6704 6700 6705
23926 1379 6718 6717 6719
23927 1379 6727 6723 6728
23928 1379 6741 6740 6742
23929 1379 6748 6744 6749
23930 1379 6763 6762 6764
23931 1379 6780 6779 6781
23932 1379 7165 7161 7166
23933 1379 7179 7178 7180
23934 1379 7186 7182 7187
23935 1379 7200 7199 7201
23936 1379 7208 7204 7209
23937 1379 7223 7222 7224
23938 1379 7240 7239 7241
23939 1379 7259 7255 7260
23940 1379 7273 7272 7274
23941 1379 7281 7277 7282
23942 1379 7295 7294 7296
23943 1379 7303 7299 7304
23944 1379 7318 7317 7319
23945 1379 7335 7334 7336
23946 1379 7354 7350 7355
23947 1379 7368 7367 7369
23948 1379 7377 7373 7378
23949 1379 7391 7390 7392
23950 1379 7398 7394 7399
23951 1379 7413 7412 7414
23952 1379 7430 7429 7431
23953 1379 7815 7811 7816
23954 1379 7829 7828 7830
23955 1379 7836 7832 7837
23956 1379 7850 7849 7851
23957 1379 7858 7854 7859
23958 1379 7873 7872 7874
23959 1379 7890 7889 7891
23960 1379 7909 7905 7910
23961 1379 7923 7922 7924
23962 1379 7931 7927 7932
23963 1379 7945 7944 7946
23964 1379 7953 7949 7954
23965 1379 7968 7967 7969
23966 1379 7985 7984 7986
23967 1379 8004 8000 8005
23968 1379 8018 8017 8019
23969 1379 8027 8023 8028
23970 1379 8041 8040 8042
23971 1379 8048 8044 8049
23972 1379 8063 8062 8064
23973 1379 8080 8079 8081
23974 1379 8465 8461 8466
23975 1379 8479 8478 8480
23976 1379 8486 8482 8487
23977 1379 8500 8499 8501
23978 1379 8508 8504 8509
23979 1379 8523 8522 8524
23980 1379 8540 8539 8541
23981 1379 8559 8555 8560
23982 1379 8573 8572 8574
23983 1379 8581 8577 8582
23984 1379 8595 8594 8596
23985 1379 8603 8599 8604
23986 1379 8618 8617 8619
23987 1379 8635 8634 8636
23988 1379 8654 8650 8655
23989 1379 8668 8667 8669
23990 1379 8677 8673 8678
23991 1379 8691 8690 8692
23992 1379 8698 8694 8699
23993 1379 8713 8712 8714
23994 1379 8730 8729 8731
23995 1379 9115 9111 9116
23996 1379 9129 9128 9130
23997 1379 9136 9132 9137
23998 1379 9150 9149 9151
23999 1379 9158 9154 9159
24000 1379 9173 9172 9174
24001 1379 9190 9189 9191
24002 1379 9209 9205 9210
24003 1379 9223 9222 9224
24004 1379 9231 9227 9232
24005 1379 9245 9244 9246
24006 1379 9253 9249 9254
24007 1379 9268 9267 9269
24008 1379 9285 9284 9286
24009 1379 9304 9300 9305
24010 1379 9318 9317 9319
24011 1379 9327 9323 9328
24012 1379 9341 9340 9342
24013 1379 9348 9344 9349
24014 1379 9363 9362 9364
24015 1379 9380 9379 9381
24016 1379 9765 9761 9766
24017 1379 9779 9778 9780
24018 1379 9786 9782 9787
24019 1379 9800 9799 9801
24020 1379 9808 9804 9809
24021 1379 9823 9822 9824
24022 1379 9840 9839 9841
24023 1379 9859 9855 9860
24024 1379 9873 9872 9874
24025 1379 9881 9877 9882
24026 1379 9895 9894 9896
24027 1379 9903 9899 9904
24028 1379 9918 9917 9919
24029 1379 9935 9934 9936
24030 1379 9954 9950 9955
24031 1379 9968 9967 9969
24032 1379 9977 9973 9978
24033 1379 9991 9990 9992
24034 1379 9998 9994 9999
24035 1379 10013 10012 10014
24036 1379 10030 10029 10031
24037 1379 10415 10411 10416
24038 1379 10429 10428 10430
24039 1379 10436 10432 10437
24040 1379 10450 10449 10451
24041 1379 10458 10454 10459
24042 1379 10473 10472 10474
24043 1379 10490 10489 10491
24044 1379 10509 10505 10510
24045 1379 10523 10522 10524
24046 1379 10531 10527 10532
24047 1379 10545 10544 10546
24048 1379 10553 10549 10554
24049 1379 10568 10567 10569
24050 1379 10585 10584 10586
24051 1379 10604 10600 10605
24052 1379 10618 10617 10619
24053 1379 10627 10623 10628
24054 1379 10641 10640 10642
24055 1379 10648 10644 10649
24056 1379 10663 10662 10664
24057 1379 10680 10679 10681
24058 1379 11065 11061 11066
24059 1379 11079 11078 11080
24060 1379 11086 11082 11087
24061 1379 11100 11099 11101
24062 1379 11108 11104 11109
24063 1379 11123 11122 11124
24064 1379 11140 11139 11141
24065 1379 11159 11155 11160
24066 1379 11173 11172 11174
24067 1379 11181 11177 11182
24068 1379 11195 11194 11196
24069 1379 11203 11199 11204
24070 1379 11218 11217 11219
24071 1379 11235 11234 11236
24072 1379 11254 11250 11255
24073 1379 11268 11267 11269
24074 1379 11277 11273 11278
24075 1379 11291 11290 11292
24076 1379 11298 11294 11299
24077 1379 11313 11312 11314
24078 1379 11330 11329 11331
24079 1379 11715 11711 11716
24080 1379 11729 11728 11730
24081 1379 11736 11732 11737
24082 1379 11750 11749 11751
24083 1379 11758 11754 11759
24084 1379 11773 11772 11774
24085 1379 11790 11789 11791
24086 1379 11809 11805 11810
24087 1379 11823 11822 11824
24088 1379 11831 11827 11832
24089 1379 11845 11844 11846
24090 1379 11853 11849 11854
24091 1379 11868 11867 11869
24092 1379 11885 11884 11886
24093 1379 11904 11900 11905
24094 1379 11918 11917 11919
24095 1379 11927 11923 11928
24096 1379 11941 11940 11942
24097 1379 11948 11944 11949
24098 1379 11963 11962 11964
24099 1379 11980 11979 11981
24100 1379 12365 12361 12366
24101 1379 12379 12378 12380
24102 1379 12386 12382 12387
24103 1379 12400 12399 12401
24104 1379 12408 12404 12409
24105 1379 12423 12422 12424
24106 1379 12440 12439 12441
24107 1379 12459 12455 12460
24108 1379 12473 12472 12474
24109 1379 12481 12477 12482
24110 1379 12495 12494 12496
24111 1379 12503 12499 12504
24112 1379 12518 12517 12519
24113 1379 12535 12534 12536
24114 1379 12554 12550 12555
24115 1379 12568 12567 12569
24116 1379 12577 12573 12578
24117 1379 12591 12590 12592
24118 1379 12598 12594 12599
24119 1379 12613 12612 12614
24120 1379 12630 12629 12631
24121 1428 13002 13001 13003
24122 1428 13005 13004 13006
24123 1428 13008 13007 13009
24124 1428 13011 13010 13012
24125 1428 13014 13013 13015
24126 1428 13017 13016 13018
24127 1428 13020 13019 13021
24128 1428 13023 13022 13024
24129 1428 13026 13025 13027
24130 1428 13029 13028 13030
24131 1428 13032 13031 13033
24132 1428 13035 13034 13036
24133 1428 13038 13037 13039
24134 1428 13041 13040 13042
24135 1428 13044 13043 13045
24136 1428 13047 13046 13048
24137 1428 13050 13049 13051
24138 1428 13053 13052 13054
24139 1428 13056 13055 13057
24140 1428 13059 13058 13060
24141 1428 13062 13061 13063
24142 1428 13065 13064 13066
24143 1428 13068 13067 13069
24144 1428 13071 13070 13072
24145 1428 13074 13073 13075
24146 1428 13077 13076 13078
24147 1428 13080 13079 13081
24148 1428 13083 13082 13084
24149 1428 13086 13085 13087
24150 1428 13089 13088 13090
24151 1428 13092 13091 13093
24152 1428 13095 13094 13096
24153 1428 13098 13097 13099
24154 1428 13101 13100 13102
24155 1428 13104 13103 13105
24156 1428 13107 13106 13108
24157 1428 13110 13109 13111
24158 1428 13113 13112 13114
24159 1428 13116 13115 13117
24160 1428 13119 13118 13120
24161 1428 13122 13121 13123
24162 1428 13125 13124 13126
24163 1428 13128 13127 13129
24164 1428 13131 13130 13132
24165 1428 13134 13133 13135
24166 1428 13137 13136 13138
24167 1428 13140 13139 13141
24168 1428 13143 13142 13144
24169 1428 13146 13145 13147
24170 1428 13149 13148 13150
24171 1428 13152 13151 13153
24172 1428 13155 13154 13156
24173 1428 13158 13157 13159
24174 1428 13161 13160 13162
24175 1428 13164 13163 13165
24176 1428 13167 13166 13168
24177 1428 13170 13169 13171
24178 1428 13173 13172 13174
24179 1428 13176 13175 13177
24180 1428 13179 13178 13180
24181 1428 13182 13181 13183
24182 1428 13185 13184 13186
24183 1428 13188 13187 13189
24184 1428 13191 13190 13192
24185 1428 13194 13193 13195
24186 1428 13197 13196 13198
24187 1428 13200 13199 13201
24188 1428 13203 13202 13204
24189 1428 13206 13205 13207
24190 1428 13209 13208 13210
24191 1428 13212 13211 13213
24192 1428 13215 13214 13216
24193 1428 13218 13217 13219
24194 1428 13221 13220 13222
24195 1428 13224 13223 13225
24196 1428 13227 13226 13228
24197 1428 13230 13229 13231
24198 1428 13233 13232 13234
24199 1428 13236 13235 13237
24200 1428 13239 13238 13240
24201 1428 13242 13241 13243
24202 1428 13245 13244 13246
24203 1428 13248 13247 13249
24204 1428 13251 13250 13252
24205 1428 13254 13253 13255
24206 1428 13257 13256 13258
24207 1428 13260 13259 13261
24208 1428 13263 13262 13264
24209 1428 13266 13265 13267
24210 1428 13269 13268 13270
24211 1428 13272 13271 13273
24212 1428 13275 13274 13276
24213 1428 13278 13277 13279
24214 1428 13281 13280 13282
24215 1428 13284 13283 13285
24216 1428 13287 13286 13288
24217 1428 13290 13289 13291
24218 1428 13293 13292 13294
24219 1428 13296 13295 13297
24220 1428 13299 13298 13300
24221 1428 13302 13301 13303
24222 1428 13305 13304 13306
24223 1428 13308 13307 13309
24224 1428 13311 13310 13312
24225 1428 13314 13313 13315
24226 1428 13317 13316 13318
24227 1428 13320 13319 13321
24228 1428 13323 13322 13324
24229 1428 13326 13325 13327
24230 1428 13329 13328 13330
24231 1428 13332 13331 13333
24232 1428 13335 13334 13336
24233 1428 13338 13337 13339
24234 1428 13341 13340 13342
24235 1428 13344 13343 13345
24236 1428 13347 13346 13348
24237 1428 13350 13349 13351
24238 1428 13353 13352 13354
24239 1428 13356 13355 13357
24240 1428 13359 13358 13360
24241 1428 13362 13361 13363
24242 1428 13365 13364 13366
24243 1428 13368 13367 13369
24244 1428 13371 13370 13372
24245 1428 13374 13373 13375
24246 1428 13377 13376 13378
24247 1428 13380 13379 13381
24248 1428 13383 13382 13384
24249 1428 13386 13385 13387
24250 1428 13389 13388 13390
24251 1428 13392 13391 13393
24252 1428 13395 13394 13396
24253 1428 13398 13397 13399
24254 1428 13401 13400 13402
24255 1428 13404 13403 13405
24256 1428 13407 13406 13408
24257 1428 13410 13409 13411
24258 1428 13413 13412 13414
24259 1428 13416 13415 13417
24260 1428 13419 13418 13420
24261 1428 13422 13421 13423
24262 1428 13425 13424 13426
24263 1428 13428 13427 13429
24264 1428 13431 13430 13432
24265 1428 13434 13433 13435
24266 1428 13437 13436 13438
24267 1428 13440 13439 13441
24268 1428 13443 13442 13444
24269 1428 13446 13445 13447
24270 1428 13449 13448 13450
24271 1428 13452 13451 13453
24272 1428 13455 13454 13456
24273 1428 13458 13457 13459
24274 1428 13461 13460 13462
24275 1428 13464 13463 13465
24276 1428 13467 13466 13468
24277 1428 13470 13469 13471
24278 1428 13473 13472 13474
24279 1428 13476 13475 13477
24280 1428 13479 13478 13480
24281 1428 13482 13481 13483
24282 1428 13485 13484 13486
24283 1428 13488 13487 13489
24284 1428 13491 13490 13492
24285 1428 13494 13493 13495
24286 1428 13497 13496 13498
24287 1428 13500 13499 13501
24288 1428 13503 13502 13504
24289 1428 13506 13505 13507
24290 1428 13509 13508 13510
24291 1428 13512 13511 13513
24292 1428 13515 13514 13516
24293 1428 13518 13517 13519
24294 1428 13521 13520 13522
24295 1428 13524 13523 13525
24296 1428 13527 13526 13528
24297 1428 13530 13529 13531
24298 1428 13533 13532 13534
24299 1428 13536 13535 13537
24300 1428 13539 13538 13540
24301 1428 13542 13541 13543
24302 1428 13545 13544 13546
24303 1428 13548 13547 13549
24304 1428 13551 13550 13552
24305 1428 13554 13553 13555
24306 1428 13557 13556 13558
24307 1428 13560 13559 13561
24308 1428 13563 13562 13564
24309 1428 13566 13565 13567
24310 1428 13569 13568 13570
24311 1428 13572 13571 13573
24312 1428 13575 13574 13576
24313 1428 13578 13577 13579
24314 1428 13581 13580 13582
24315 1428 13584 13583 13585
24316 1428 13587 13586 13588
24317 1428 13590 13589 13591
24318 1428 13593 13592 13594
24319 1428 13596 13595 13597
24320 1428 13599 13598 13600
24321 1428 13602 13601 13603
24322 1428 13605 13604 13606
24323 1428 13608 13607 13609
24324 1428 13611 13610 13612
24325 1428 13614 13613 13615
24326 1428 13617 13616 13618
24327 1428 13620 13619 13621
24328 1428 13623 13622 13624
24329 1428 13626 13625 13627
24330 1428 13629 13628 13630
24331 1428 13632 13631 13633
24332 1428 13635 13634 13636
24333 1428 13638 13637 13639
24334 1428 13641 13640 13642
24335 1428 13644 13643 13645
24336 1428 13647 13646 13648
24337 1428 13650 13649 13651
24338 1428 13653 13652 13654
24339 1428 13656 13655 13657
24340 1428 13659 13658 13660
24341 1428 13662 13661 13663
24342 1428 13665 13664 13666
24343 1428 13668 13667 13669
24344 1428 13671 13670 13672
24345 1428 13674 13673 13675
24346 1428 13677 13676 13678
24347 1428 13680 13679 13681
24348 1428 13683 13682 13684
24349 1428 13686 13685 13687
24350 1428 13689 13688 13690
24351 1428 13692 13691 13693
24352 1428 13695 13694 13696
24353 1428 13698 13697 13699
24354 1428 13701 13700 13702
24355 1428 13704 13703 13705
24356 1428 13707 13706 13708
24357 1428 13710 13709 13711
24358 1428 13713 13712 13714
24359 1428 13716 13715 13717
24360 1428 13719 13718 13720
24361 1428 13722 13721 13723
24362 1428 13725 13724 13726
24363 1428 13728 13727 13729
24364 1428 13731 13730 13732
24365 1428 13734 13733 13735
24366 1428 13737 13736 13738
24367 1428 13740 13739 13741
24368 1428 13743 13742 13744
24369 1428 13746 13745 13747
24370 1428 13749 13748 13750
24371 1428 13752 13751 13753
24372 1428 13755 13754 13756
24373 1428 13758 13757 13759
24374 1428 13761 13760 13762
24375 1428 13764 13763 13765
24376 1428 13767 13766 13768
24377 1428 13770 13769 13771
24378 1428 13773 13772 13774
24379 1428 13776 13775 13777
24380 1428 13779 13778 13780
24381 1428 13782 13781 13783
24382 1428 13785 13784 13786
24383 1428 13788 13787 13789
24384 1428 13791 13790 13792
24385 1428 13794 13793 13795
24386 1428 13797 13796 13798
24387 1428 13800 13799 13801
24388 1428 13803 13802 13804
24389 1428 13806 13805 13807
24390 1428 13809 13808 13810
24391 1428 13812 13811 13813
24392 1428 13815 13814 13816
24393 1428 13818 13817 13819
24394 1428 13821 13820 13822
24395 1428 13824 13823 13825
24396 1428 13827 13826 13828
24397 1428 13830 13829 13831
24398 1428 13833 13832 13834
24399 1428 13836 13835 13837
24400 1428 13839 13838 13840
24401 1428 13842 13841 13843
24402 1428 13845 13844 13846
24403 1428 13848 13847 13849
24404 1428 13851 13850 13852
24405 1428 13854 13853 13855
24406 1428 13857 13856 13858
24407 1428 13860 13859 13861
24408 1428 13863 13862 13864
24409 1428 13866 13865 13867
24410 1428 13869 13868 13870
24411 1428 13872 13871 13873
24412 1428 13875 13874 13876
24413 1428 13878 13877 13879
24414 1428 13881 13880 13882
24415 1428 13884 13883 13885
24416 1428 13887 13886 13888
24417 1428 13890 13889 13891
24418 1428 13893 13892 13894
24419 1428 13896 13895 13897
24420 1428 13899 13898 13900
24421 1428 13902 13901 13903
24422 1428 13905 13904 13906
24423 1428 13908 13907 13909
24424 1428 13911 13910 13912
24425 1428 13914 13913 13915
24426 1428 13917 13916 13918
24427 1428 13920 13919 13921
24428 1428 13923 13922 13924
24429 1428 13926 13925 13927
24430 1428 13929 13928 13930
24431 1428 13932 13931 13933
24432 1428 13935 13934 13936
24433 1428 13938 13937 13939
24434 1428 13941 13940 13942
24435 1428 13944 13943 13945
24436 1428 13947 13946 13948
24437 1428 13950 13949 13951
24438 1428 13953 13952 13954
24439 1428 13956 13955 13957
24440 1428 13959 13958 13960
24441 1428 13962 13961 13963
24442 1428 13965 13964 13966
24443 1428 13968 13967 13969
24444 1428 13971 13970 13972
24445 1428 13974 13973 13975
24446 1428 13977 13976 13978
24447 1428 13980 13979 13981
24448 1428 13983 13982 13984
24449 1428 13986 13985 13987
24450 1428 13989 13988 13990
24451 1428 13992 13991 13993
24452 1428 13995 13994 13996
24453 1428 13998 13997 13999
24454 1428 14001 14000 14002
24455 1428 14004 14003 14005
24456 1428 14007 14006 14008
24457 1428 14010 14009 14011
24458 1428 14013 14012 14014
24459 1428 14016 14015 14017
24460 1428 14019 14018 14020
24461 1428 14022 14021 14023
24462 1428 14025 14024 14026
24463 1428 14028 14027 14029
24464 1428 14031 14030 14032
24465 1428 14034 14033 14035
24466 1428 14037 14036 14038
24467 1428 14040 14039 14041
24468 1428 14043 14042 14044
24469 1428 14046 14045 14047
24470 1428 14049 14048 14050
24471 1428 14052 14051 14053
24472 1428 14055 14054 14056
24473 1428 14058 14057 14059
24474 1428 14061 14060 14062
24475 1428 14064 14063 14065
24476 1428 14067 14066 14068
24477 1428 14070 14069 14071
24478 1428 14073 14072 14074
24479 1428 14076 14075 14077
24480 1428 14079 14078 14080
24481 1428 14082 14081 14083
24482 1428 14085 14084 14086
24483 1428 14088 14087 14089
24484 1428 14091 14090 14092
24485 1428 14094 14093 14095
24486 1428 14097 14096 14098
24487 1428 14100 14099 14101
24488 1428 14103 14102 14104
24489 1428 14106 14105 14107
24490 1428 14109 14108 14110
24491 1428 14112 14111 14113
24492 1428 14115 14114 14116
24493 1428 14118 14117 14119
24494 1428 14121 14120 14122
24495 1428 14124 14123 14125
24496 1428 14127 14126 14128
24497 1428 14130 14129 14131
24498 1428 14133 14132 14134
24499 1428 14136 14135 14137
24500 1428 14139 14138 14140
24501 1428 14142 14141 14143
24502 1428 14145 14144 14146
24503 1428 14148 14147 14149
24504 1428 14151 14150 14152
24505 1428 14154 14153 14155
24506 1428 14157 14156 14158
24507 1428 14160 14159 14161
24508 1428 14163 14162 14164
24509 1428 14166 14165 14167
24510 1428 14169 14168 14170
24511 1428 14172 14171 14173
24512 1428 14175 14174 14176
24513 1428 14178 14177 14179
24514 1428 14181 14180 14182
24515 1428 14184 14183 14185
24516 1428 14187 14186 14188
24517 1428 14190 14189 14191
24518 1428 14193 14192 14194
24519 1428 14196 14195 14197
24520 1428 14199 14198 14200
24521 1428 14202 14201 14203
24522 1428 14205 14204 14206
24523 1428 14208 14207 14209
24524 1428 14211 14210 14212
24525 1428 14214 14213 14215
24526 1428 14217 14216 14218
24527 1428 14220 14219 14221
24528 1428 14223 14222 14224
24529 1428 14226 14225 14227
24530 1428 14229 14228 14230
24531 1428 14232 14231 14233
24532 1428 14235 14234 14236
24533 1428 14238 14237 14239
24534 1428 14241 14240 14242
24535 1428 14244 14243 14245
24536 1428 14247 14246 14248
24537 1428 14250 14249 14251
24538 1428 14253 14252 14254
24539 1428 14256 14255 14257
24540 1428 14259 14258 14260
24541 1428 14262 14261 14263
24542 1428 14265 14264 14266
24543 1428 14268 14267 14269
24544 1428 14271 14270 14272
24545 1428 14274 14273 14275
24546 1428 14277 14276 14278
24547 1428 14280 14279 14281
24548 1428 14283 14282 14284
24549 1428 14286 14285 14287
24550 1428 14289 14288 14290
24551 1428 14292 14291 14293
24552 1428 14295 14294 14296
24553 1428 14298 14297 14299
24554 1428 14301 14300 14302
24555 1428 14304 14303 14305
24556 1428 14307 14306 14308
24557 1428 14310 14309 14311
24558 1428 14313 14312 14314
24559 1428 14316 14315 14317
24560 1428 14319 14318 14320
24561 1428 14322 14321 14323
24562 1428 14325 14324 14326
24563 1428 14328 14327 14329
24564 1428 14331 14330 14332
24565 1428 14334 14333 14335
24566 1428 14337 14336 14338
24567 1428 14340 14339 14341
24568 1428 14343 14342 14344
24569 1428 14346 14345 14347
24570 1428 14349 14348 14350
24571 1428 14352 14351 14353
24572 1428 14355 14354 14356
24573 1428 14358 14357 14359
24574 1428 14361 14360 14362
24575 1428 14364 14363 14365
24576 1428 14367 14366 14368
24577 1428 14370 14369 14371
24578 1428 14373 14372 14374
24579 1428 14376 14375 14377
24580 1428 14379 14378 14380
24581 1428 14382 14381 14383
24582 1428 14385 14384 14386
24583 1428 14388 14387 14389
24584 1428 14391 14390 14392
24585 1428 14394 14393 14395
24586 1428 14397 14396 14398
24587 1428 14400 14399 14401
24588 1428 14403 14402 14404
24589 1428 14406 14405 14407
24590 1428 14409 14408 14410
24591 1428 14412 14411 14413
24592 1428 14415 14414 14416
24593 1428 14418 14417 14419
24594 1428 14421 14420 14422
24595 1428 14424 14423 14425
24596 1428 14427 14426 14428
24597 1428 14430 14429 14431
24598 1428 14433 14432 14434
24599 1428 14436 14435 14437
24600 1428 14439 14438 14440
24601 1428 14442 14441 14443
24602 1428 14445 14444 14446
24603 1428 14448 14447 14449
24604 1428 14451 14450 14452
24605 1428 14454 14453 14455
24606 1428 14457 14456 14458
24607 1428 14460 14459 14461
24608 1428 14463 14462 14464
24609 1428 14466 14465 14467
24610 1428 14469 14468 14470
24611 1428 14472 14471 14473
24612 1428 14475 14474 14476
24613 1428 14478 14477 14479
24614 1428 14481 14480 14482
24615 1428 14484 14483 14485
24616 1428 14487 14486 14488
24617 1428 14490 14489 14491
24618 1428 14493 14492 14494
24619 1428 14496 14495 14497
24620 1428 14499 14498 14500
24621 1428 14502 14501 14503
24622 1428 14505 14504 14506
24623 1428 14508 14507 14509
24624 1428 14511 14510 14512
24625 1428 14514 14513 14515
24626 1428 14517 14516 14518
24627 1428 14520 14519 14521
24628 1428 14523 14522 14524
24629 1428 14526 14525 14527
24630 1428 14529 14528 14530
24631 1428 14532 14531 14533
24632 1428 14535 14534 14536
24633 1428 14538 14537 14539
24634 1428 14541 14540 14542
24635 1428 14544 14543 14545
24636 1428 14547 14546 14548
24637 1428 14550 14549 14551
24638 1428 14553 14552 14554
24639 1428 14556 14555 14557
24640 1428 14559 14558 14560
24641 1428 14562 14561 14563
24642 1428 14565 14564 14566
24643 1428 14568 14567 14569
24644 1428 14571 14570 14572
24645 1428 14574 14573 14575
24646 1428 14577 14576 14578
24647 1428 14580 14579 14581
24648 1428 14583 14582 14584
24649 1428 14586 14585 14587
24650 1428 14589 14588 14590
24651 1428 14592 14591 14593
24652 1428 14595 14594 14596
24653 1428 14598 14597 14599
24654 1428 14601 14600 14602
24655 1428 14604 14603 14605
24656 1428 14607 14606 14608
24657 1428 14610 14609 14611
24658 1428 14613 14612 14614
24659 1428 14616 14615 14617
24660 1428 14619 14618 14620
24661 1428 14622 14621 14623
24662 1428 14625 14624 14626
24663 1428 14628 14627 14629
24664 1428 14631 14630 14632
24665 1428 14634 14633 14635
24666 1428 14637 14636 14638
24667 1428 14640 14639 14641
24668 1428 14643 14642 14644
24669 1428 14646 14645 14647
24670 1428 14649 14648 14650
24671 1428 14652 14651 14653
24672 1428 14655 14654 14656
24673 1428 14658 14657 14659
24674 1428 14661 14660 14662
24675 1428 14664 14663 14665
24676 1428 14667 14666 14668
24677 1428 14670 14669 14671
24678 1428 14673 14672 14674
24679 1428 14676 14675 14677
24680 1428 14679 14678 14680
24681 1428 14682 14681 14683
24682 1428 14685 14684 14686
24683 1428 14688 14687 14689
24684 1428 14691 14690 14692
24685 1428 14694 14693 14695
24686 1428 14697 14696 14698
24687 1428 14700 14699 14701
24688 1428 14703 14702 14704
24689 1428 14706 14705 14707
24690 1428 14709 14708 14710
24691 1428 14712 14711 14713
24692 1428 14715 14714 14716
24693 1428 14718 14717 14719
24694 1428 14721 14720 14722
24695 1428 14724 14723 14725
24696 1428 14727 14726 14728
24697 1428 14730 14729 14731
24698 1428 14733 14732 14734
24699 1428 14736 14735 14737
24700 1428 14739 14738 14740
24701 1428 14742 14741 14743
24702 1428 14745 14744 14746
24703 1428 14748 14747 14749
24704 1428 14751 14750 14752
24705 1428 14754 14753 14755
24706 1428 14757 14756 14758
24707 1428 14760 14759 14761
24708 1428 14763 14762 14764
24709 1428 14766 14765 14767
24710 1428 14769 14768 14770
24711 1428 14772 14771 14773
24712 1428 14775 14774 14776
24713 1428 14778 14777 14779
24714 1428 14781 14780 14782
24715 1428 14784 14783 14785
24716 1428 14787 14786 14788
24717 1428 14790 14789 14791
24718 1428 14793 14792 14794
24719 1428 14796 14795 14797
24720 1428 14799 14798 14800
24721 1428 14802 14801 14803
24722 1428 14805 14804 14806
24723 1428 14808 14807 14809
24724 1428 14811 14810 14812
24725 1428 14814 14813 14815
24726 1428 14817 14816 14818
24727 1428 14820 14819 14821
24728 1428 14823 14822 14824
24729 1428 14826 14825 14827
24730 1428 14829 14828 14830
24731 1428 14832 14831 14833
24732 1428 14835 14834 14836
24733 1428 14838 14837 14839
24734 1428 14841 14840 14842
24735 1428 14844 14843 14845
24736 1428 14847 14846 14848
24737 1428 14850 14849 14851
24738 1428 14853 14852 14854
24739 1428 14856 14855 14857
24740 1428 14859 14858 14860
24741 1428 14862 14861 14863
24742 1428 14865 14864 14866
24743 1428 14868 14867 14869
24744 1428 14871 14870 14872
24745 1428 14874 14873 14875
24746 1428 14877 14876 14878
24747 1428 14880 14879 14881
24748 1428 14883 14882 14884
24749 1428 14886 14885 14887
24750 1428 14889 14888 14890
24751 1428 14892 14891 14893
24752 1428 14895 14894 14896
24753 1428 14898 14897 14899
24754 1428 14901 14900 14902
24755 1428 14904 14903 14905
24756 1428 14907 14906 14908
24757 1428 14910 14909 14911
24758 1428 14913 14912 14914
24759 1428 14916 14915 14917
24760 1428 14919 14918 14920
24761 1428 14922 14921 14923
24762 1428 14925 14924 14926
24763 1428 14928 14927 14929
24764 1428 14931 14930 14932
24765 1428 14934 14933 14935
24766 1428 14937 14936 14938
24767 1428 14940 14939 14941
24768 1428 14943 14942 14944
24769 1428 14946 14945 14947
24770 1428 14949 14948 14950
24771 1428 14952 14951 14953
24772 1428 14955 14954 14956
24773 1428 14958 14957 14959
24774 1428 14961 14960 14962
24775 1428 14964 14963 14965
24776 1428 14967 14966 14968
24777 1428 14970 14969 14971
24778 1428 14973 14972 14974
24779 1428 14976 14975 14977
24780 1428 14979 14978 14980
24781 1428 14982 14981 14983
24782 1428 14985 14984 14986
24783 1428 14988 14987 14989
24784 1428 14991 14990 14992
24785 1428 14994 14993 14995
24786 1428 14997 14996 14998
24787 1428 15000 14999 15001
24788 1428 15003 15002 15004
24789 1428 15006 15005 15007
24790 1428 15009 15008 15010
24791 1428 15012 15011 15013
24792 1428 15015 15014 15016
24793 1428 15018 15017 15019
24794 1428 15021 15020 15022
24795 1428 15024 15023 15025
24796 1428 15027 15026 15028
24797 1428 15030 15029 15031
24798 1428 15033 15032 15034
24799 1428 15036 15035 15037
24800 1428 15039 15038 15040
24801 1428 15042 15041 15043
24802 1428 15045 15044 15046
24803 1428 15048 15047 15049
24804 1428 15051 15050 15052
24805 1428 15054 15053 15055
24806 1428 15057 15056 15058
24807 1428 15060 15059 15061
24808 1428 15063 15062 15064
24809 1428 15066 15065 15067
24810 1428 15069 15068 15070
24811 1428 15072 15071 15073
24812 1428 15075 15074 15076
24813 1428 15078 15077 15079
24814 1428 15081 15080 15082
24815 1428 15084 15083 15085
24816 1428 15087 15086 15088
24817 1428 15090 15089 15091
24818 1428 15093 15092 15094
24819 1428 15096 15095 15097
24820 1428 15099 15098 15100
24821 1428 15102 15101 15103
24822 1428 15105 15104 15106
24823 1428 15108 15107 15109
24824 1428 15111 15110 15112
24825 1428 15114 15113 15115
24826 1428 15117 15116 15118
24827 1428 15120 15119 15121
24828 1428 15123 15122 15124
24829 1428 15126 15125 15127
24830 1428 15129 15128 15130
24831 1428 15132 15131 15133
24832 1428 15135 15134 15136
24833 1428 15138 15137 15139
24834 1428 15141 15140 15142
24835 1428 15144 15143 15145
24836 1428 15147 15146 15148
24837 1428 15150 15149 15151
24838 1428 15153 15152 15154
24839 1428 15156 15155 15157
24840 1428 15159 15158 15160
24841 1428 15162 15161 15163
24842 1428 15165 15164 15166
24843 1428 15168 15167 15169
24844 1428 15171 15170 15172
24845 1428 15174 15173 15175
24846 1428 15177 15176 15178
24847 1428 15180 15179 15181
24848 1428 15183 15182 15184
24849 1428 15186 15185 15187
24850 1428 15189 15188 15190
24851 1428 15192 15191 15193
24852 1428 15195 15194 15196
24853 1428 15198 15197 15199
24854 1428 15201 15200 15202
24855 1428 15204 15203 15205
24856 1428 15207 15206 15208
24857 1428 15210 15209 15211
24858 1428 15213 15212 15214
24859 1428 15216 15215 15217
24860 1428 15219 15218 15220
24861 1428 15222 15221 15223
24862 1428 15225 15224 15226
24863 1428 15228 15227 15229
24864 1428 15231 15230 15232
24865 1428 15234 15233 15235
24866 1428 15237 15236 15238
24867 1428 15240 15239 15241
24868 1428 15243 15242 15244
24869 1428 15246 15245 15247
24870 1428 15249 15248 15250
24871 1428 15252 15251 15253
24872 1428 15255 15254 15256
24873 1428 15258 15257 15259
24874 1428 15261 15260 15262
24875 1428 15264 15263 15265
24876 1428 15267 15266 15268
24877 1428 15270 15269 15271
24878 1428 15273 15272 15274
24879 1428 15276 15275 15277
24880 1428 15279 15278 15280
24881 1428 15282 15281 15283
24882 1428 15285 15284 15286
24883 1428 15288 15287 15289
24884 1428 15291 15290 15292
24885 1428 15294 15293 15295
24886 1428 15297 15296 15298
24887 1428 15300 15299 15301
24888 1428 15303 15302 15304
24889 1428 15306 15305 15307
24890 1428 15309 15308 15310
24891 1428 15312 15311 15313
24892 1428 15315 15314 15316
24893 1428 15318 15317 15319
24894 1428 15321 15320 15322
24895 1428 15324 15323 15325
24896 1428 15327 15326 15328
24897 1428 15330 15329 15331
24898 1428 15333 15332 15334
24899 1428 15336 15335 15337
24900 1428 15339 15338 15340
24901 1428 15342 15341 15343
24902 1428 15345 15344 15346
24903 1428 15348 15347 15349
24904 1428 15351 15350 15352
24905 1428 15354 15353 15355
24906 1428 15357 15356 15358
24907 1428 15360 15359 15361
24908 1428 15363 15362 15364
24909 1428 15366 15365 15367
24910 1428 15369 15368 15370
24911 1428 15372 15371 15373
24912 1428 15375 15374 15376
24913 1428 15378 15377 15379
24914 1428 15381 15380 15382
24915 1428 15384 15383 15385
24916 1428 15387 15386 15388
24917 1428 15390 15389 15391
24918 1428 15393 15392 15394
24919 1428 15396 15395 15397
24920 1428 15399 15398 15400
24921 1428 15402 15401 15403
24922 1428 15405 15404 15406
24923 1428 15408 15407 15409
24924 1428 15411 15410 15412
24925 1428 15414 15413 15415
24926 1428 15417 15416 15418
24927 1428 15420 15419 15421
24928 1428 15423 15422 15424
24929 1428 15426 15425 15427
24930 1428 15429 15428 15430
24931 1428 15432 15431 15433
24932 1428 15435 15434 15436
24933 1428 15438 15437 15439
24934 1428 15441 15440 15442
24935 1428 15444 15443 15445
24936 1428 15447 15446 15448
24937 1428 15450 15449 15451
24938 1428 15453 15452 15454
24939 1428 15456 15455 15457
24940 1428 15459 15458 15460
24941 1428 15462 15461 15463
24942 1428 15465 15464 15466
24943 1428 15468 15467 15469
24944 1428 15471 15470 15472
24945 1428 15474 15473 15475
24946 1428 15477 15476 15478
24947 1428 15480 15479 15481
24948 1428 15483 15482 15484
24949 1428 15486 15485 15487
24950 1428 15489 15488 15490
24951 1428 15492 15491 15493
24952 1428 15495 15494 15496
24953 1428 15498 15497 15499
24954 1428 15501 15500 15502
24955 1428 15504 15503 15505
24956 1428 15507 15506 15508
24957 1428 15510 15509 15511
24958 1428 15513 15512 15514
24959 1428 15516 15515 15517
24960 1428 15519 15518 15520
24961 1428 15522 15521 15523
24962 1428 15525 15524 15526
24963 1428 15528 15527 15529
24964 1428 15531 15530 15532
24965 1428 15534 15533 15535
24966 1428 15537 15536 15538
24967 1428 15540 15539 15541
24968 1428 15543 15542 15544
24969 1428 15546 15545 15547
24970 1428 15549 15548 15550
24971 1428 15552 15551 15553
24972 1428 15555 15554 15556
24973 1428 15558 15557 15559
24974 1428 15561 15560 15562
24975 1428 15564 15563 15565
24976 1428 15567 15566 15568
24977 1428 15570 15569 15571
24978 1428 15573 15572 15574
24979 1428 15576 15575 15577
24980 1428 15579 15578 15580
24981 1428 15582 15581 15583
24982 1428 15585 15584 15586
24983 1428 15588 15587 15589
24984 1428 15591 15590 15592
24985 1428 15594 15593 15595
24986 1428 15597 15596 15598
24987 1428 15600 15599 15601
24988 1428 15603 15602 15604
24989 1428 15606 15605 15607
24990 1428 15609 15608 15610
24991 1428 15612 15611 15613
24992 1428 15615 15614 15616
24993 1428 15618 15617 15619
24994 1428 15621 15620 15622
24995 1428 15624 15623 15625
24996 1428 15627 15626 15628
24997 1428 15630 15629 15631
24998 1428 15633 15632 15634
24999 1428 15636 15635 15637
25000 1428 15639 15638 15640
25001 1428 15642 15641 15643
25002 1428 15645 15644 15646
25003 1428 15648 15647 15649
25004 1428 15651 15650 15652
25005 1428 15654 15653 15655
25006 1428 15657 15656 15658
25007 1428 15660 15659 15661
25008 1428 15663 15662 15664
25009 1428 15666 15665 15667
25010 1428 15669 15668 15670
25011 1428 15672 15671 15673
25012 1428 15675 15674 15676
25013 1428 15678 15677 15679
25014 1428 15681 15680 15682
25015 1428 15684 15683 15685
25016 1428 15687 15686 15688
25017 1428 15690 15689 15691
25018 1428 15693 15692 15694
25019 1428 15696 15695 15697
25020 1428 15699 15698 15700
25021 1428 15702 15701 15703
25022 1428 15705 15704 15706
25023 1428 15708 15707 15709
25024 1428 15711 15710 15712
25025 1428 15714 15713 15715
25026 1428 15717 15716 15718
25027 1428 15720 15719 15721
25028 1428 15723 15722 15724
25029 1428 15726 15725 15727
25030 1428 15729 15728 15730
25031 1428 15732 15731 15733
25032 1428 15735 15734 15736
25033 1428 15738 15737 15739
25034 1428 15741 15740 15742
25035 1428 15744 15743 15745
25036 1428 15747 15746 15748
25037 1428 15750 15749 15751
25038 1428 15753 15752 15754
25039 1428 15756 15755 15757
25040 1428 15759 15758 15760
25041 1428 15762 15761 15763
25042 1428 15765 15764 15766
25043 1428 15768 15767 15769
25044 1428 15771 15770 15772
25045 1428 15774 15773 15775
25046 1428 15777 15776 15778
25047 1428 15780 15779 15781
25048 1428 15783 15782 15784
25049 1428 15786 15785 15787
25050 1428 15789 15788 15790
25051 1428 15792 15791 15793
25052 1428 15795 15794 15796
25053 1428 15798 15797 15799
25054 1428 15801 15800 15802
25055 1428 15804 15803 15805
25056 1428 15807 15806 15808
25057 1428 15810 15809 15811
25058 1428 15813 15812 15814
25059 1428 15816 15815 15817
25060 1428 15819 15818 15820
25061 1428 15822 15821 15823
25062 1428 15825 15824 15826
25063 1428 15828 15827 15829
25064 1428 15831 15830 15832
25065 1428 15834 15833 15835
25066 1428 15837 15836 15838
25067 1428 15840 15839 15841
25068 1428 15843 15842 15844
25069 1428 15846 15845 15847
25070 1428 15849 15848 15850
25071 1428 15852 15851 15853
25072 1428 15855 15854 15856
25073 1428 15858 15857 15859
25074 1428 15861 15860 15862
25075 1428 15864 15863 15865
25076 1428 15867 15866 15868
25077 1428 15870 15869 15871
25078 1428 15873 15872 15874
25079 1428 15876 15875 15877
25080 1428 15879 15878 15880
25081 1428 15882 15881 15883
25082 1428 15885 15884 15886
25083 1428 15888 15887 15889
25084 1428 15891 15890 15892
25085 1428 15894 15893 15895
25086 1428 15897 15896 15898
25087 1428 15900 15899 15901
25088 1428 15903 15902 15904
25089 1428 15906 15905 15907
25090 1428 15909 15908 15910
25091 1428 15912 15911 15913
25092 1428 15915 15914 15916
25093 1428 15918 15917 15919
25094 1428 15921 15920 15922
25095 1428 15924 15923 15925
25096 1428 15927 15926 15928
25097 1428 15930 15929 15931
25098 1428 15933 15932 15934
25099 1428 15936 15935 15937
25100 1428 15939 15938 15940
25101 1428 15942 15941 15943
25102 1428 15945 15944 15946
25103 1428 15948 15947 15949
25104 1428 15951 15950 15952
25105 1428 15954 15953 15955
25106 1428 15957 15956 15958
25107 1428 15960 15959 15961
25108 1428 15963 15962 15964
25109 1428 15966 15965 15967
25110 1428 15969 15968 15970
25111 1428 15972 15971 15973
25112 1428 15975 15974 15976
25113 1428 15978 15977 15979
25114 1428 15981 15980 15982
25115 1428 15984 15983 15985
25116 1428 15987 15986 15988
25117 1428 15990 15989 15991
25118 1428 15993 15992 15994
25119 1428 15996 15995 15997
25120 1428 15999 15998 16000
25121 1428 16002 16001 16003
25122 1428 16005 16004 16006
25123 1428 16008 16007 16009
25124 1428 16011 16010 16012
25125 1428 16014 16013 16015
25126 1428 16017 16016 16018
25127 1428 16020 16019 16021
25128 1428 16023 16022 16024
25129 1428 16026 16025 16027
25130 1428 16029 16028 16030
25131 1428 16032 16031 16033
25132 1428 16035 16034 16036
25133 1428 16038 16037 16039
25134 1428 16041 16040 16042
25135 1428 16044 16043 16045
25136 1428 16047 16046 16048
25137 1428 16050 16049 16051
25138 1428 16053 16052 16054
25139 1428 16056 16055 16057
25140 1428 16059 16058 16060
25141 1428 16062 16061 16063
25142 1428 16065 16064 16066
25143 1428 16068 16067 16069
25144 1428 16071 16070 16072
25145 1428 16074 16073 16075
25146 1428 16077 16076 16078
25147 1428 16080 16079 16081
25148 1428 16083 16082 16084
25149 1428 16086 16085 16087
25150 1428 16089 16088 16090
25151 1428 16092 16091 16093
25152 1428 16095 16094 16096
25153 1428 16098 16097 16099
25154 1428 16101 16100 16102
25155 1428 16104 16103 16105
25156 1428 16107 16106 16108
25157 1428 16110 16109 16111
25158 1428 16113 16112 16114
25159 1428 16116 16115 16117
25160 1428 16119 16118 16120
25161 1428 16122 16121 16123
25162 1428 16125 16124 16126
25163 1428 16128 16127 16129
25164 1428 16131 16130 16132
25165 1428 16134 16133 16135
25166 1428 16137 16136 16138
25167 1428 16140 16139 16141
25168 1428 16143 16142 16144
25169 1428 16146 16145 16147
25170 1428 16149 16148 16150
25171 1428 16152 16151 16153
25172 1428 16155 16154 16156
25173 1428 16158 16157 16159
25174 1428 16161 16160 16162
25175 1428 16164 16163 16165
25176 1428 16167 16166 16168
25177 1428 16170 16169 16171
25178 1428 16173 16172 16174
25179 1428 16176 16175 16177
25180 1428 16179 16178 16180
25181 1428 16182 16181 16183
25182 1428 16185 16184 16186
25183 1428 16188 16187 16189
25184 1428 16191 16190 16192
25185 1428 16194 16193 16195
25186 1428 16197 16196 16198
25187 1428 16200 16199 16201
25188 1428 16203 16202 16204
25189 1428 16206 16205 16207
25190 1428 16209 16208 16210
25191 1428 16212 16211 16213
25192 1428 16215 16214 16216
25193 1428 16218 16217 16219
25194 1428 16221 16220 16222
25195 1428 16224 16223 16225
25196 1428 16227 16226 16228
25197 1428 16230 16229 16231
25198 1428 16233 16232 16234
25199 1428 16236 16235 16237
25200 1428 16239 16238 16240
25201 1428 16242 16241 16243
25202 1428 16245 16244 16246
25203 1428 16248 16247 16249
25204 1428 16251 16250 16252
25205 1428 16254 16253 16255
25206 1428 16257 16256 16258
25207 1428 16260 16259 16261
25208 1428 16263 16262 16264
25209 1428 16266 16265 16267
25210 1428 16269 16268 16270
25211 1428 16272 16271 16273
25212 1428 16275 16274 16276
25213 1428 16278 16277 16279
25214 1428 16281 16280 16282
25215 1428 16284 16283 16285
25216 1428 16287 16286 16288
25217 1428 16290 16289 16291
25218 1428 16293 16292 16294
25219 1428 16296 16295 16297
25220 1428 16299 16298 16300
25221 1428 16302 16301 16303
25222 1428 16305 16304 16306
25223 1428 16308 16307 16309
25224 1428 16311 16310 16312
25225 1428 16314 16313 16315
25226 1428 16317 16316 16318
25227 1428 16320 16319 16321
25228 1428 16323 16322 16324
25229 1428 16326 16325 16327
25230 1428 16329 16328 16330
25231 1428 16332 16331 16333
25232 1428 16335 16334 16336
25233 1428 16338 16337 16339
25234 1428 16341 16340 16342
25235 1428 16344 16343 16345
25236 1428 16347 16346 16348
25237 1428 16350 16349 16351
25238 1428 16353 16352 16354
25239 1428 16356 16355 16357
25240 1428 16359 16358 16360
25241 1428 16362 16361 16363
25242 1428 16365 16364 16366
25243 1428 16368 16367 16369
25244 1428 16371 16370 16372
25245 1428 16374 16373 16375
25246 1428 16377 16376 16378
25247 1428 16380 16379 16381
25248 1428 16383 16382 16384
25249 1428 16386 16385 16387
25250 1428 16389 16388 16390
25251 1428 16392 16391 16393
25252 1428 16395 16394 16396
25253 1428 16398 16397 16399
25254 1428 16401 16400 16402
25255 1428 16404 16403 16405
25256 1428 16407 16406 16408
25257 1428 16410 16409 16411
25258 1428 16413 16412 16414
25259 1428 16416 16415 16417
25260 1428 16419 16418 16420
25261 1428 16422 16421 16423
25262 1428 16425 16424 16426
25263 1428 16428 16427 16429
25264 1428 16431 16430 16432
25265 1428 16434 16433 16435
25266 1428 16437 16436 16438
25267 1428 16440 16439 16441
25268 1428 16443 16442 16444
25269 1428 16446 16445 16447
25270 1428 16449 16448 16450
25271 1428 16452 16451 16453
25272 1428 16455 16454 16456
25273 1428 16458 16457 16459
25274 1428 16461 16460 16462
25275 1428 16464 16463 16465
25276 1428 16467 16466 16468
25277 1428 16470 16469 16471
25278 1428 16473 16472 16474
25279 1428 16476 16475 16477
25280 1428 16479 16478 16480
25281 1428 16482 16481 16483
25282 1428 16485 16484 16486
25283 1428 16488 16487 16489
25284 1428 16491 16490 16492
25285 1428 16494 16493 16495
25286 1428 16497 16496 16498
25287 1428 16500 16499 16501
25288 1428 16503 16502 16504
25289 1428 16506 16505 16507
25290 1428 16509 16508 16510
25291 1428 16512 16511 16513
25292 1428 16515 16514 16516
25293 1428 16518 16517 16519
25294 1428 16521 16520 16522
25295 1428 16524 16523 16525
25296 1428 16527 16526 16528
25297 1428 16530 16529 16531
25298 1428 16533 16532 16534
25299 1428 16536 16535 16537
25300 1428 16539 16538 16540
25301 1428 16542 16541 16543
25302 1428 16545 16544 16546
25303 1428 16548 16547 16549
25304 1428 16551 16550 16552
25305 1428 16554 16553 16555
25306 1428 16557 16556 16558
25307 1428 16560 16559 16561
25308 1428 16563 16562 16564
25309 1428 16566 16565 16567
25310 1428 16569 16568 16570
25311 1428 16572 16571 16573
25312 1428 16575 16574 16576
25313 1428 16578 16577 16579
25314 1428 16581 16580 16582
25315 1428 16584 16583 16585
25316 1428 16587 16586 16588
25317 1428 16590 16589 16591
25318 1428 16593 16592 16594
25319 1428 16596 16595 16597
25320 1428 16599 16598 16600
25321 1428 16602 16601 16603
25322 1428 16605 16604 16606
25323 1428 16608 16607 16609
25324 1428 16611 16610 16612
25325 1428 16614 16613 16615
25326 1428 16617 16616 16618
25327 1428 16620 16619 16621
25328 1428 16623 16622 16624
25329 1428 16626 16625 16627
25330 1428 16629 16628 16630
25331 1428 16632 16631 16633
25332 1428 16635 16634 16636
25333 1428 16638 16637 16639
25334 1428 16641 16640 16642
25335 1428 16644 16643 16645
25336 1428 16647 16646 16648
25337 1428 16650 16649 16651
25338 1428 16653 16652 16654
25339 1428 16656 16655 16657
25340 1428 16659 16658 16660
25341 1428 16662 16661 16663
25342 1428 16665 16664 16666
25343 1428 16668 16667 16669
25344 1428 16671 16670 16672
25345 1428 16674 16673 16675
25346 1428 16677 16676 16678
25347 1428 16680 16679 16681
25348 1428 16683 16682 16684
25349 1428 16686 16685 16687
25350 1428 16689 16688 16690
25351 1428 16692 16691 16693
25352 1428 16695 16694 16696
25353 1428 16698 16697 16699
25354 1428 16701 16700 16702
25355 1428 16704 16703 16705
25356 1428 16707 16706 16708
25357 1428 16710 16709 16711
25358 1428 16713 16712 16714
25359 1428 16716 16715 16717
25360 1428 16719 16718 16720
25361 1428 16722 16721 16723
25362 1428 16725 16724 16726
25363 1428 16728 16727 16729
25364 1428 16731 16730 16732
25365 1428 16734 16733 16735
25366 1428 16737 16736 16738
25367 1428 16740 16739 16741
25368 1428 16743 16742 16744
25369 1428 16746 16745 16747
25370 1428 16749 16748 16750
25371 1428 16752 16751 16753
25372 1428 16755 16754 16756
25373 1428 16758 16757 16759
25374 1428 16761 16760 16762
25375 1428 16764 16763 16765
25376 1428 16767 16766 16768
25377 1428 16770 16769 16771
25378 1428 16773 16772 16774
25379 1428 16776 16775 16777
25380 1428 16779 16778 16780
25381 1428 16782 16781 16783
25382 1428 16785 16784 16786
25383 1428 16788 16787 16789
25384 1428 16791 16790 16792
25385 1428 16794 16793 16795
25386 1428 16797 16796 16798
25387 1428 16800 16799 16801
25388 1428 16803 16802 16804
25389 1428 16806 16805 16807
25390 1428 16809 16808 16810
25391 1428 16812 16811 16813
25392 1428 16815 16814 16816
25393 1428 16818 16817 16819
25394 1428 16821 16820 16822
25395 1428 16824 16823 16825
25396 1428 16827 16826 16828
25397 1428 16830 16829 16831
25398 1428 16833 16832 16834
25399 1428 16836 16835 16837
25400 1428 16839 16838 16840
25401 1428 16842 16841 16843
25402 1428 16845 16844 16846
25403 1428 16848 16847 16849
25404 1428 16851 16850 16852
25405 1428 16854 16853 16855
25406 1428 16857 16856 16858
25407 1428 16860 16859 16861
25408 1428 16863 16862 16864
25409 1428 16866 16865 16867
25410 1428 16869 16868 16870
25411 1428 16872 16871 16873
25412 1428 16875 16874 16876
25413 1428 16878 16877 16879
25414 1428 16881 16880 16882
25415 1428 16884 16883 16885
25416 1428 16887 16886 16888
25417 1428 16890 16889 16891
25418 1428 16893 16892 16894
25419 1428 16896 16895 16897
25420 1428 16899 16898 16900
25421 1428 16902 16901 16903
25422 1428 16905 16904 16906
25423 1428 16908 16907 16909
25424 1428 16911 16910 16912
25425 1428 16914 16913 16915
25426 1428 16917 16916 16918
25427 1428 16920 16919 16921
25428 1428 16923 16922 16924
25429 1428 16926 16925 16927
25430 1428 16929 16928 16930
25431 1428 16932 16931 16933
25432 1428 16935 16934 16936
25433 1428 16938 16937 16939
25434 1428 16941 16940 16942
25435 1428 16944 16943 16945
25436 1428 16947 16946 16948
25437 1428 16950 16949 16951
25438 1428 16953 16952 16954
25439 1428 16956 16955 16957
25440 1428 16959 16958 16960
25441 1428 16962 16961 16963
25442 1428 16965 16964 16966
25443 1428 16968 16967 16969
25444 1428 16971 16970 16972
25445 1428 16974 16973 16975
25446 1428 16977 16976 16978
25447 1428 16980 16979 16981
25448 1428 16983 16982 16984
25449 1428 16986 16985 16987
25450 1428 16989 16988 16990
25451 1428 16992 16991 16993
25452 1428 16995 16994 16996
25453 1428 16998 16997 16999
25454 1428 17001 17000 17002
25455 1428 17004 17003 17005
25456 1428 17007 17006 17008
25457 1428 17010 17009 17011
25458 1428 17013 17012 17014
25459 1428 17016 17015 17017
25460 1428 17019 17018 17020
25461 1428 17022 17021 17023
25462 1428 17025 17024 17026
25463 1428 17028 17027 17029
25464 1428 17031 17030 17032
25465 1428 17034 17033 17035
25466 1428 17037 17036 17038
25467 1428 17040 17039 17041
25468 1428 17043 17042 17044
25469 1428 17046 17045 17047
25470 1428 17049 17048 17050
25471 1428 17052 17051 17053
25472 1428 17055 17054 17056
25473 1428 17058 17057 17059
25474 1428 17061 17060 17062
25475 1428 17064 17063 17065
25476 1428 17067 17066 17068
25477 1428 17070 17069 17071
25478 1428 17073 17072 17074
25479 1428 17076 17075 17077
25480 1428 17079 17078 17080
25481 1428 17082 17081 17083
25482 1428 17085 17084 17086
25483 1428 17088 17087 17089
25484 1428 17091 17090 17092
25485 1428 17094 17093 17095
25486 1428 17097 17096 17098
25487 1428 17100 17099 17101
25488 1428 17103 17102 17104
25489 1428 17106 17105 17107
25490 1428 17109 17108 17110
25491 1428 17112 17111 17113
25492 1428 17115 17114 17116
25493 1428 17118 17117 17119
25494 1428 17121 17120 17122
25495 1428 17124 17123 17125
25496 1428 17127 17126 17128
25497 1428 17130 17129 17131
25498 1428 17133 17132 17134
25499 1428 17136 17135 17137
25500 1428 17139 17138 17140
25501 1428 17142 17141 17143
25502 1428 17145 17144 17146
25503 1428 17148 17147 17149
25504 1428 17151 17150 17152
25505 1428 17154 17153 17155
25506 1428 17157 17156 17158
25507 1428 17160 17159 17161
25508 1428 17163 17162 17164
25509 1428 17166 17165 17167
25510 1428 17169 17168 17170
25511 1428 17172 17171 17173
25512 1428 17175 17174 17176
25513 1428 17178 17177 17179
25514 1428 17181 17180 17182
25515 1428 17184 17183 17185
25516 1428 17187 17186 17188
25517 1428 17190 17189 17191
25518 1428 17193 17192 17194
25519 1428 17196 17195 17197
25520 1428 17199 17198 17200
25521 1428 17202 17201 17203
25522 1428 17205 17204 17206
25523 1428 17208 17207 17209
25524 1428 17211 17210 17212
25525 1428 17214 17213 17215
25526 1428 17217 17216 17218
25527 1428 17220 17219 17221
25528 1428 17223 17222 17224
25529 1428 17226 17225 17227
25530 1428 17229 17228 17230
25531 1428 17232 17231 17233
25532 1428 17235 17234 17236
25533 1428 17238 17237 17239
25534 1428 17241 17240 17242
25535 1428 17244 17243 17245
25536 1428 17247 17246 17248
25537 1428 17250 17249 17251
25538 1428 17253 17252 17254
25539 1428 17256 17255 17257
25540 1428 17259 17258 17260
25541 1428 17262 17261 17263
25542 1428 17265 17264 17266
25543 1428 17268 17267 17269
25544 1428 17271 17270 17272
25545 1428 17274 17273 17275
25546 1428 17277 17276 17278
25547 1428 17280 17279 17281
25548 1428 17283 17282 17284
25549 1428 17286 17285 17287
25550 1428 17289 17288 17290
25551 1428 17292 17291 17293
25552 1428 17295 17294 17296
25553 1428 17298 17297 17299
25554 1428 17301 17300 17302
25555 1428 17304 17303 17305
25556 1428 17307 17306 17308
25557 1428 17310 17309 17311
25558 1428 17313 17312 17314
25559 1428 17316 17315 17317
25560 1428 17319 17318 17320
25561 1428 17322 17321 17323
25562 1428 17325 17324 17326
25563 1428 17328 17327 17329
25564 1428 17331 17330 17332
25565 1428 17334 17333 17335
25566 1428 17337 17336 17338
25567 1428 17340 17339 17341
25568 1428 17343 17342 17344
25569 1428 17346 17345 17347
25570 1428 17349 17348 17350
25571 1428 17352 17351 17353
25572 1428 17355 17354 17356
25573 1428 17358 17357 17359
25574 1428 17361 17360 17362
25575 1428 17364 17363 17365
25576 1428 17367 17366 17368
25577 1428 17370 17369 17371
25578 1428 17373 17372 17374
25579 1428 17376 17375 17377
25580 1428 17379 17378 17380
25581 1428 17382 17381 17383
25582 1428 17385 17384 17386
25583 1428 17388 17387 17389
25584 1428 17391 17390 17392
25585 1428 17394 17393 17395
25586 1428 17397 17396 17398
25587 1428 17400 17399 17401
25588 1428 17403 17402 17404
25589 1428 17406 17405 17407
25590 1428 17409 17408 17410
25591 1428 17412 17411 17413
25592 1428 17415 17414 17416
25593 1428 17418 17417 17419
25594 1428 17421 17420 17422
25595 1428 17424 17423 17425
25596 1428 17427 17426 17428
25597 1428 17430 17429 17431
25598 1428 17433 17432 17434
25599 1428 17436 17435 17437
25600 1428 17439 17438 17440
25601 1428 17442 17441 17443
25602 1428 17445 17444 17446
25603 1428 17448 17447 17449
25604 1428 17451 17450 17452
25605 1428 17454 17453 17455
25606 1428 17457 17456 17458
25607 1428 17460 17459 17461
25608 1428 17463 17462 17464
25609 1428 17466 17465 17467
25610 1428 17469 17468 17470
25611 1428 17472 17471 17473
25612 1428 17475 17474 17476
25613 1428 17478 17477 17479
25614 1428 17481 17480 17482
25615 1428 17484 17483 17485
25616 1428 17487 17486 17488
25617 1428 17490 17489 17491
25618 1428 17493 17492 17494
25619 1428 17496 17495 17497
25620 1428 17499 17498 17500
25621 1428 17502 17501 17503
25622 1428 17505 17504 17506
25623 1428 17508 17507 17509
25624 1428 17511 17510 17512
25625 1428 17514 17513 17515
25626 1428 17517 17516 17518
25627 1428 17520 17519 17521
25628 1428 17523 17522 17524
25629 1428 17526 17525 17527
25630 1428 17529 17528 17530
25631 1428 17532 17531 17533
25632 1428 17535 17534 17536
25633 1428 17538 17537 17539
25634 1428 17541 17540 17542
25635 1428 17544 17543 17545
25636 1428 17547 17546 17548
25637 1428 17550 17549 17551
25638 1428 17553 17552 17554
25639 1428 17556 17555 17557
25640 1428 17559 17558 17560
25641 1428 17562 17561 17563
25642 1428 17565 17564 17566
25643 1428 17568 17567 17569
25644 1428 17571 17570 17572
25645 1428 17574 17573 17575
25646 1428 17577 17576 17578
25647 1428 17580 17579 17581
25648 1428 17583 17582 17584
25649 1428 17586 17585 17587
25650 1428 17589 17588 17590
25651 1428 17592 17591 17593
25652 1428 17595 17594 17596
25653 1428 17598 17597 17599
25654 1428 17601 17600 17602
25655 1428 17604 17603 17605
25656 1428 17607 17606 17608
25657 1428 17610 17609 17611
25658 1428 17613 17612 17614
25659 1428 17616 17615 17617
25660 1428 17619 17618 17620
25661 1428 17622 17621 17623
25662 1428 17625 17624 17626
25663 1428 17628 17627 17629
25664 1428 17631 17630 17632
25665 1428 17634 17633 17635
25666 1428 17637 17636 17638
25667 1428 17640 17639 17641
25668 1428 17643 17642 17644
25669 1428 17646 17645 17647
25670 1428 17649 17648 17650
25671 1428 17652 17651 17653
25672 1428 17655 17654 17656
25673 1428 17658 17657 17659
25674 1428 17661 17660 17662
25675 1428 17664 17663 17665
25676 1428 17667 17666 17668
25677 1428 17670 17669 17671
25678 1428 17673 17672 17674
25679 1428 17676 17675 17677
25680 1428 17679 17678 17680
25681 1428 17682 17681 17683
25682 1428 17685 17684 17686
25683 1428 17688 17687 17689
25684 1428 17691 17690 17692
25685 1428 17694 17693 17695
25686 1428 17697 17696 17698
25687 1428 17700 17699 17701
25688 1428 17703 17702 17704
25689 1428 17706 17705 17707
25690 1428 17709 17708 17710
25691 1428 17712 17711 17713
25692 1428 17715 17714 17716
25693 1428 17718 17717 17719
25694 1428 17721 17720 17722
25695 1428 17724 17723 17725
25696 1428 17727 17726 17728
25697 1428 17730 17729 17731
25698 1428 17733 17732 17734
25699 1428 17736 17735 17737
25700 1428 17739 17738 17740
25701 1428 17742 17741 17743
25702 1428 17745 17744 17746
25703 1428 17748 17747 17749
25704 1428 17751 17750 17752
25705 1428 17754 17753 17755
25706 1428 17757 17756 17758
25707 1428 17760 17759 17761
25708 1428 17763 17762 17764
25709 1428 17766 17765 17767
25710 1428 17769 17768 17770
25711 1428 17772 17771 17773
25712 1428 17775 17774 17776
25713 1428 17778 17777 17779
25714 1428 17781 17780 17782
25715 1428 17784 17783 17785
25716 1428 17787 17786 17788
25717 1428 17790 17789 17791
25718 1428 17793 17792 17794
25719 1428 17796 17795 17797
25720 1428 17799 17798 17800
25721 1428 17802 17801 17803
25722 1428 17805 17804 17806
25723 1428 17808 17807 17809
25724 1428 17811 17810 17812
25725 1428 17814 17813 17815
25726 1428 17817 17816 17818
25727 1428 17820 17819 17821
25728 1428 17823 17822 17824
25729 1428 17826 17825 17827
25730 1428 17829 17828 17830
25731 1428 17832 17831 17833
25732 1428 17835 17834 17836
25733 1428 17838 17837 17839
25734 1428 17841 17840 17842
25735 1428 17844 17843 17845
25736 1428 17847 17846 17848
25737 1428 17850 17849 17851
25738 1428 17853 17852 17854
25739 1428 17856 17855 17857
25740 1428 17859 17858 17860
25741 1428 17862 17861 17863
25742 1428 17865 17864 17866
25743 1428 17868 17867 17869
25744 1428 17871 17870 17872
25745 1428 17874 17873 17875
25746 1428 17877 17876 17878
25747 1428 17880 17879 17881
25748 1428 17883 17882 17884
25749 1428 17886 17885 17887
25750 1428 17889 17888 17890
25751 1428 17892 17891 17893
25752 1428 17895 17894 17896
25753 1428 17898 17897 17899
25754 1428 17901 17900 17902
25755 1428 17904 17903 17905
25756 1428 17907 17906 17908
25757 1428 17910 17909 17911
25758 1428 17913 17912 17914
25759 1428 17916 17915 17917
25760 1428 17919 17918 17920
25761 1428 17922 17921 17923
25762 1428 17925 17924 17926
25763 1428 17928 17927 17929
25764 1428 17931 17930 17932
25765 1428 17934 17933 17935
25766 1428 17937 17936 17938
25767 1428 17940 17939 17941
25768 1428 17943 17942 17944
25769 1428 17946 17945 17947
25770 1428 17949 17948 17950
25771 1428 17952 17951 17953
25772 1428 17955 17954 17956
25773 1428 17958 17957 17959
25774 1428 17961 17960 17962
25775 1428 17964 17963 17965
25776 1428 17967 17966 17968
25777 1428 17970 17969 17971
25778 1428 17973 17972 17974
25779 1428 17976 17975 17977
25780 1428 17979 17978 17980
25781 1428 17982 17981 17983
25782 1428 17985 17984 17986
25783 1428 17988 17987 17989
25784 1428 17991 17990 17992
25785 1428 17994 17993 17995
25786 1428 17997 17996 17998
25787 1428 18000 17999 18001
25788 1428 18003 18002 18004
25789 1428 18006 18005 18007
25790 1428 18009 18008 18010
25791 1428 18012 18011 18013
25792 1428 18015 18014 18016
25793 1428 18018 18017 18019
25794 1428 18021 18020 18022
25795 1428 18024 18023 18025
25796 1428 18027 18026 18028
25797 1428 18030 18029 18031
25798 1428 18033 18032 18034
25799 1428 18036 18035 18037
25800 1428 18039 18038 18040
25801 1428 18042 18041 18043
25802 1428 18045 18044 18046
25803 1428 18048 18047 18049
25804 1428 18051 18050 18052
25805 1428 18054 18053 18055
25806 1428 18057 18056 18058
25807 1428 18060 18059 18061
25808 1428 18063 18062 18064
25809 1428 18066 18065 18067
25810 1428 18069 18068 18070
25811 1428 18072 18071 18073
25812 1428 18075 18074 18076
25813 1428 18078 18077 18079
25814 1428 18081 18080 18082
25815 1428 18084 18083 18085
25816 1428 18087 18086 18088
25817 1428 18090 18089 18091
25818 1428 18093 18092 18094
25819 1428 18096 18095 18097
25820 1428 18099 18098 18100
25821 1428 18102 18101 18103
25822 1428 18105 18104 18106
25823 1428 18108 18107 18109
25824 1428 18111 18110 18112
25825 1428 18114 18113 18115
25826 1428 18117 18116 18118
25827 1428 18120 18119 18121
25828 1428 18123 18122 18124
25829 1428 18126 18125 18127
25830 1428 18129 18128 18130
25831 1428 18132 18131 18133
25832 1428 18135 18134 18136
25833 1428 18138 18137 18139
25834 1428 18141 18140 18142
25835 1428 18144 18143 18145
25836 1428 18147 18146 18148
25837 1428 18150 18149 18151
25838 1428 18153 18152 18154
25839 1428 18156 18155 18157
25840 1428 18159 18158 18160
25841 1428 18162 18161 18163
25842 1428 18165 18164 18166
25843 1428 18168 18167 18169
25844 1428 18171 18170 18172
25845 1428 18174 18173 18175
25846 1428 18177 18176 18178
25847 1428 18180 18179 18181
25848 1428 18183 18182 18184
25849 1428 18186 18185 18187
25850 1428 18189 18188 18190
25851 1428 18192 18191 18193
25852 1428 18195 18194 18196
25853 1428 18198 18197 18199
25854 1428 18201 18200 18202
25855 1428 18204 18203 18205
25856 1428 18207 18206 18208
25857 1428 18210 18209 18211
25858 1428 18213 18212 18214
25859 1428 18216 18215 18217
25860 1428 18219 18218 18220
25861 1428 18222 18221 18223
25862 1428 18225 18224 18226
25863 1428 18228 18227 18229
25864 1428 18231 18230 18232
25865 1428 18234 18233 18235
25866 1428 18237 18236 18238
25867 1428 18240 18239 18241
25868 1428 18243 18242 18244
25869 1428 18246 18245 18247
25870 1428 18249 18248 18250
25871 1428 18252 18251 18253
25872 1428 18255 18254 18256
25873 1428 18258 18257 18259
25874 1428 18261 18260 18262
25875 1428 18264 18263 18265
25876 1428 18267 18266 18268
25877 1428 18270 18269 18271
25878 1428 18273 18272 18274
25879 1428 18276 18275 18277
25880 1428 18279 18278 18280
25881 1428 18282 18281 18283
25882 1428 18285 18284 18286
25883 1428 18288 18287 18289
25884 1428 18291 18290 18292
25885 1428 18294 18293 18295
25886 1428 18297 18296 18298
25887 1428 18300 18299 18301
25888 1428 18303 18302 18304
25889 1428 18306 18305 18307
25890 1428 18309 18308 18310
25891 1428 18312 18311 18313
25892 1428 18315 18314 18316
25893 1428 18318 18317 18319
25894 1428 18321 18320 18322
25895 1428 18324 18323 18325
25896 1428 18327 18326 18328
25897 1428 18330 18329 18331
25898 1428 18333 18332 18334
25899 1428 18336 18335 18337
25900 1428 18339 18338 18340
25901 1428 18342 18341 18343
25902 1428 18345 18344 18346
25903 1428 18348 18347 18349
25904 1428 18351 18350 18352
25905 1428 18354 18353 18355
25906 1428 18357 18356 18358
25907 1428 18360 18359 18361
25908 1428 18363 18362 18364
25909 1428 18366 18365 18367
25910 1428 18369 18368 18370
25911 1428 18372 18371 18373
25912 1428 18375 18374 18376
25913 1428 18378 18377 18379
25914 1428 18381 18380 18382
25915 1428 18384 18383 18385
25916 1428 18387 18386 18388
25917 1428 18390 18389 18391
25918 1428 18393 18392 18394
25919 1428 18396 18395 18397
25920 1428 18399 18398 18400
25921 1428 18402 18401 18403
25922 1428 18405 18404 18406
25923 1428 18408 18407 18409
25924 1428 18411 18410 18412
25925 1428 18414 18413 18415
25926 1428 18417 18416 18418
25927 1428 18420 18419 18421
25928 1428 18423 18422 18424
25929 1428 18426 18425 18427
25930 1428 18429 18428 18430
25931 1428 18432 18431 18433
25932 1428 18435 18434 18436
25933 1428 18438 18437 18439
25934 1428 18441 18440 18442
25935 1428 18444 18443 18445
25936 1428 18447 18446 18448
25937 1428 18450 18449 18451
25938 1428 18453 18452 18454
25939 1428 18456 18455 18457
25940 1428 18459 18458 18460
25941 1428 18462 18461 18463
25942 1428 18465 18464 18466
25943 1428 18468 18467 18469
25944 1428 18471 18470 18472
25945 1428 18474 18473 18475
25946 1428 18477 18476 18478
25947 1428 18480 18479 18481
25948 1428 18483 18482 18484
25949 1428 18486 18485 18487
25950 1428 18489 18488 18490
25951 1428 18492 18491 18493
25952 1428 18495 18494 18496
25953 1428 18498 18497 18499
25954 1428 18501 18500 18502
25955 1428 18504 18503 18505
25956 1428 18507 18506 18508
25957 1428 18510 18509 18511
25958 1428 18513 18512 18514
25959 1428 18516 18515 18517
25960 1428 18519 18518 18520
25961 1428 18522 18521 18523
25962 1428 18525 18524 18526
25963 1428 18528 18527 18529
25964 1428 18531 18530 18532
25965 1428 18534 18533 18535
25966 1428 18537 18536 18538
25967 1428 18540 18539 18541
25968 1428 18543 18542 18544
25969 1428 18546 18545 18547
25970 1428 18549 18548 18550
25971 1428 18552 18551 18553
25972 1428 18555 18554 18556
25973 1428 18558 18557 18559
25974 1428 18561 18560 18562
25975 1428 18564 18563 18565
25976 1428 18567 18566 18568
25977 1428 18570 18569 18571
25978 1428 18573 18572 18574
25979 1428 18576 18575 18577
25980 1428 18579 18578 18580
25981 1428 18582 18581 18583
25982 1428 18585 18584 18586
25983 1428 18588 18587 18589
25984 1428 18591 18590 18592
25985 1428 18594 18593 18595
25986 1428 18597 18596 18598
25987 1428 18600 18599 18601
25988 1428 18603 18602 18604
25989 1428 18606 18605 18607
25990 1428 18609 18608 18610
25991 1428 18612 18611 18613
25992 1428 18615 18614 18616
25993 1428 18618 18617 18619
25994 1428 18621 18620 18622
25995 1428 18624 18623 18625
25996 1428 18627 18626 18628
25997 1428 18630 18629 18631
25998 1428 18633 18632 18634
25999 1428 18636 18635 18637
26000 1428 18639 18638 18640
26001 1428 18642 18641 18643
26002 1428 18645 18644 18646
26003 1428 18648 18647 18649
26004 1428 18651 18650 18652
26005 1428 18654 18653 18655
26006 1428 18657 18656 18658
26007 1428 18660 18659 18661
26008 1428 18663 18662 18664
26009 1428 18666 18665 18667
26010 1428 18669 18668 18670
26011 1428 18672 18671 18673
26012 1428 18675 18674 18676
26013 1428 18678 18677 18679
26014 1428 18681 18680 18682
26015 1428 18684 18683 18685
26016 1428 18687 18686 18688
26017 1428 18690 18689 18691
26018 1428 18693 18692 18694
26019 1428 18696 18695 18697
26020 1428 18699 18698 18700
26021 1428 18702 18701 18703
26022 1428 18705 18704 18706
26023 1428 18708 18707 18709
26024 1428 18711 18710 18712
26025 1428 18714 18713 18715
26026 1428 18717 18716 18718
26027 1428 18720 18719 18721
26028 1428 18723 18722 18724
26029 1428 18726 18725 18727
26030 1428 18729 18728 18730
26031 1428 18732 18731 18733
26032 1428 18735 18734 18736
26033 1428 18738 18737 18739
26034 1428 18741 18740 18742
26035 1428 18744 18743 18745
26036 1428 18747 18746 18748
26037 1428 18750 18749 18751
26038 1428 18753 18752 18754
26039 1428 18756 18755 18757
26040 1428 18759 18758 18760
26041 1428 18762 18761 18763
26042 1428 18765 18764 18766
26043 1428 18768 18767 18769
26044 1428 18771 18770 18772
26045 1428 18774 18773 18775
26046 1428 18777 18776 18778
26047 1428 18780 18779 18781
26048 1428 18783 18782 18784
26049 1428 18786 18785 18787
26050 1428 18789 18788 18790
26051 1428 18792 18791 18793
26052 1428 18795 18794 18796
26053 1428 18798 18797 18799
26054 1428 18801 18800 18802
26055 1428 18804 18803 18805
26056 1428 18807 18806 18808
26057 1428 18810 18809 18811
26058 1428 18813 18812 18814
26059 1428 18816 18815 18817
26060 1428 18819 18818 18820
26061 1428 18822 18821 18823
26062 1428 18825 18824 18826
26063 1428 18828 18827 18829
26064 1428 18831 18830 18832
26065 1428 18834 18833 18835
26066 1428 18837 18836 18838
26067 1428 18840 18839 18841
26068 1428 18843 18842 18844
26069 1428 18846 18845 18847
26070 1428 18849 18848 18850
26071 1428 18852 18851 18853
26072 1428 18855 18854 18856
26073 1428 18858 18857 18859
26074 1428 18861 18860 18862
26075 1428 18864 18863 18865
26076 1428 18867 18866 18868
26077 1428 18870 18869 18871
26078 1428 18873 18872 18874
26079 1428 18876 18875 18877
26080 1428 18879 18878 18880
26081 1428 18882 18881 18883
26082 1428 18885 18884 18886
26083 1428 18888 18887 18889
26084 1428 18891 18890 18892
26085 1428 18894 18893 18895
26086 1428 18897 18896 18898
26087 1428 18900 18899 18901
26088 1428 18903 18902 18904
26089 1428 18906 18905 18907
26090 1428 18909 18908 18910
26091 1428 18912 18911 18913
26092 1428 18915 18914 18916
26093 1428 18918 18917 18919
26094 1428 18921 18920 18922
26095 1428 18924 18923 18925
26096 1428 18927 18926 18928
26097 1428 18930 18929 18931
26098 1428 18933 18932 18934
26099 1428 18936 18935 18937
26100 1428 18939 18938 18940
26101 1428 18942 18941 18943
26102 1428 18945 18944 18946
26103 1428 18948 18947 18949
26104 1428 18951 18950 18952
26105 1428 18954 18953 18955
26106 1428 18957 18956 18958
26107 1428 18960 18959 18961
26108 1428 18963 18962 18964
26109 1428 18966 18965 18967
26110 1428 18969 18968 18970
26111 1428 18972 18971 18973
26112 1428 18975 18974 18976
26113 1428 18978 18977 18979
26114 1428 18981 18980 18982
26115 1428 18984 18983 18985
26116 1428 18987 18986 18988
26117 1428 18990 18989 18991
26118 1428 18993 18992 18994
26119 1428 18996 18995 18997
26120 1428 18999 18998 19000
26121 1428 19002 19001 19003
26122 1428 19005 19004 19006
26123 1428 19008 19007 19009
26124 1428 19011 19010 19012
26125 1428 19014 19013 19015
26126 1428 19017 19016 19018
26127 1428 19020 19019 19021
26128 1428 19023 19022 19024
26129 1428 19026 19025 19027
26130 1428 19029 19028 19030
26131 1428 19032 19031 19033
26132 1428 19035 19034 19036
26133 1428 19038 19037 19039
26134 1428 19041 19040 19042
26135 1428 19044 19043 19045
26136 1428 19047 19046 19048
26137 1428 19050 19049 19051
26138 1428 19053 19052 19054
26139 1428 19056 19055 19057
26140 1428 19059 19058 19060
26141 1428 19062 19061 19063
26142 1428 19065 19064 19066
26143 1428 19068 19067 19069
26144 1428 19071 19070 19072
26145 1428 19074 19073 19075
26146 1428 19077 19076 19078
26147 1428 19080 19079 19081
26148 1428 19083 19082 19084
26149 1428 19086 19085 19087
26150 1428 19089 19088 19090
26151 1428 19092 19091 19093
26152 1428 19095 19094 19096
26153 1428 19098 19097 19099
26154 1428 19101 19100 19102
26155 1428 19104 19103 19105
26156 1428 19107 19106 19108
26157 1428 19110 19109 19111
26158 1428 19113 19112 19114
26159 1428 19116 19115 19117
26160 1428 19119 19118 19120
26161 1428 19122 19121 19123
26162 1428 19125 19124 19126
26163 1428 19128 19127 19129
26164 1428 19131 19130 19132
26165 1428 19134 19133 19135
26166 1428 19137 19136 19138
26167 1428 19140 19139 19141
26168 1428 19143 19142 19144
26169 1428 19146 19145 19147
26170 1428 19149 19148 19150
26171 1428 19152 19151 19153
26172 1428 19155 19154 19156
26173 1428 19158 19157 19159
26174 1428 19161 19160 19162
26175 1428 19164 19163 19165
26176 1428 19167 19166 19168
26177 1428 19170 19169 19171
26178 1428 19173 19172 19174
26179 1428 19176 19175 19177
26180 1428 19179 19178 19180
26181 1428 19182 19181 19183
26182 1428 19185 19184 19186
26183 1428 19188 19187 19189
26184 1428 19191 19190 19192
26185 1428 19194 19193 19195
26186 1428 19197 19196 19198
26187 1428 19200 19199 19201
26188 1428 19203 19202 19204
26189 1428 19206 19205 19207
26190 1428 19209 19208 19210
26191 1428 19212 19211 19213
26192 1428 19215 19214 19216
26193 1428 19218 19217 19219
26194 1428 19221 19220 19222
26195 1428 19224 19223 19225
26196 1428 19227 19226 19228
26197 1428 19230 19229 19231
26198 1428 19233 19232 19234
26199 1428 19236 19235 19237
26200 1428 19239 19238 19240
26201 1428 19242 19241 19243
26202 1428 19245 19244 19246
26203 1428 19248 19247 19249
26204 1428 19251 19250 19252
26205 1428 19254 19253 19255
26206 1428 19257 19256 19258
26207 1428 19260 19259 19261
26208 1428 19263 19262 19264
26209 1428 19266 19265 19267
26210 1428 19269 19268 19270
26211 1428 19272 19271 19273
26212 1428 19275 19274 19276
26213 1428 19278 19277 19279
26214 1428 19281 19280 19282
26215 1428 19284 19283 19285
26216 1428 19287 19286 19288
26217 1428 19290 19289 19291
26218 1428 19293 19292 19294
26219 1428 19296 19295 19297
26220 1428 19299 19298 19300
26221 1428 19302 19301 19303
26222 1428 19305 19304 19306
26223 1428 19308 19307 19309
26224 1428 19311 19310 19312
26225 1428 19314 19313 19315
26226 1428 19317 19316 19318
26227 1428 19320 19319 19321
26228 1428 19323 19322 19324
26229 1428 19326 19325 19327
26230 1428 19329 19328 19330
26231 1428 19332 19331 19333
26232 1428 19335 19334 19336
26233 1428 19338 19337 19339
26234 1428 19341 19340 19342
26235 1428 19344 19343 19345
26236 1428 19347 19346 19348
26237 1428 19350 19349 19351
26238 1428 19353 19352 19354
26239 1428 19356 19355 19357
26240 1428 19359 19358 19360
26241 1428 19362 19361 19363
26242 1428 19365 19364 19366
26243 1428 19368 19367 19369
26244 1428 19371 19370 19372
26245 1428 19374 19373 19375
26246 1428 19377 19376 19378
26247 1428 19380 19379 19381
26248 1428 19383 19382 19384
26249 1428 19386 19385 19387
26250 1428 19389 19388 19390
26251 1428 19392 19391 19393
26252 1428 19395 19394 19396
26253 1428 19398 19397 19399
26254 1428 19401 19400 19402
26255 1428 19404 19403 19405
26256 1428 19407 19406 19408
26257 1428 19410 19409 19411
26258 1428 19413 19412 19414
26259 1428 19416 19415 19417
26260 1428 19419 19418 19420
26261 1428 19422 19421 19423
26262 1428 19425 19424 19426
26263 1428 19428 19427 19429
26264 1428 19431 19430 19432
26265 1428 19434 19433 19435
26266 1428 19437 19436 19438
26267 1428 19440 19439 19441
26268 1428 19443 19442 19444
26269 1428 19446 19445 19447
26270 1428 19449 19448 19450
26271 1428 19452 19451 19453
26272 1428 19455 19454 19456
26273 1428 19458 19457 19459
26274 1428 19461 19460 19462
26275 1428 19464 19463 19465
26276 1428 19467 19466 19468
26277 1428 19470 19469 19471
26278 1428 19473 19472 19474
26279 1428 19476 19475 19477
26280 1428 19479 19478 19480
26281 1428 19482 19481 19483
26282 1428 19485 19484 19486
26283 1428 19488 19487 19489
26284 1428 19491 19490 19492
26285 1428 19494 19493 19495
26286 1428 19497 19496 19498
26287 1428 19500 19499 19501
26288 1428 19503 19502 19504
26289 1428 19506 19505 19507
26290 1428 19509 19508 19510
26291 1428 19512 19511 19513
26292 1428 19515 19514 19516
26293 1428 19518 19517 19519
26294 1428 19521 19520 19522
26295 1428 19524 19523 19525
26296 1428 19527 19526 19528
26297 1428 19530 19529 19531
26298 1428 19533 19532 19534
26299 1428 19536 19535 19537
26300 1428 19539 19538 19540
26301 1428 19542 19541 19543
26302 1428 19545 19544 19546
26303 1428 19548 19547 19549
26304 1428 19551 19550 19552
26305 1428 19554 19553 19555
26306 1428 19557 19556 19558
26307 1428 19560 19559 19561
26308 1428 19563 19562 19564
26309 1428 19566 19565 19567
26310 1428 19569 19568 19570
26311 1428 19572 19571 19573
26312 1428 19575 19574 19576
26313 1428 19578 19577 19579
26314 1428 19581 19580 19582
26315 1428 19584 19583 19585
26316 1428 19587 19586 19588
26317 1428 19590 19589 19591
26318 1428 19593 19592 19594
26319 1428 19596 19595 19597
26320 1428 19599 19598 19600
26321 1428 19602 19601 19603
26322 1428 19605 19604 19606
26323 1428 19608 19607 19609
26324 1428 19611 19610 19612
26325 1428 19614 19613 19615
26326 1428 19617 19616 19618
26327 1428 19620 19619 19621
26328 1428 19623 19622 19624
26329 1428 19626 19625 19627
26330 1428 19629 19628 19630
26331 1428 19632 19631 19633
26332 1428 19635 19634 19636
26333 1428 19638 19637 19639
26334 1428 19641 19640 19642
26335 1428 19644 19643 19645
26336 1428 19647 19646 19648
26337 1428 19650 19649 19651
26338 1428 19653 19652 19654
26339 1428 19656 19655 19657
26340 1428 19659 19658 19660
26341 1428 19662 19661 19663
26342 1428 19665 19664 19666
26343 1428 19668 19667 19669
26344 1428 19671 19670 19672
26345 1428 19674 19673 19675
26346 1428 19677 19676 19678
26347 1428 19680 19679 19681
26348 1428 19683 19682 19684
26349 1428 19686 19685 19687
26350 1428 19689 19688 19690
26351 1428 19692 19691 19693
26352 1428 19695 19694 19696
26353 1428 19698 19697 19699
26354 1428 19701 19700 19702
26355 1428 19704 19703 19705
26356 1428 19707 19706 19708
26357 1428 19710 19709 19711
26358 1428 19713 19712 19714
26359 1428 19716 19715 19717
26360 1428 19719 19718 19720
26361 1428 19722 19721 19723
26362 1428 19725 19724 19726
26363 1428 19728 19727 19729
26364 1428 19731 19730 19732
26365 1428 19734 19733 19735
26366 1428 19737 19736 19738
26367 1428 19740 19739 19741
26368 1428 19743 19742 19744
26369 1428 19746 19745 19747
26370 1428 19749 19748 19750
26371 1428 19752 19751 19753
26372 1428 19755 19754 19756
26373 1428 19758 19757 19759
26374 1428 19761 19760 19762
26375 1428 19764 19763 19765
26376 1428 19767 19766 19768
26377 1428 19770 19769 19771
26378 1428 19773 19772 19774
26379 1428 19776 19775 19777
26380 1428 19779 19778 19780
26381 1428 19782 19781 19783
26382 1428 19785 19784 19786
26383 1428 19788 19787 19789
26384 1428 19791 19790 19792
26385 1428 19794 19793 19795
26386 1428 19797 19796 19798
26387 1428 19800 19799 19801
26388 1428 19803 19802 19804
26389 1428 19806 19805 19807
26390 1428 19809 19808 19810
26391 1428 19812 19811 19813
26392 1428 19815 19814 19816
26393 1428 19818 19817 19819
26394 1428 19821 19820 19822
26395 1428 19824 19823 19825
26396 1428 19827 19826 19828
26397 1428 19830 19829 19831
26398 1428 19833 19832 19834
26399 1428 19836 19835 19837
26400 1428 19839 19838 19840
26401 1428 19842 19841 19843
26402 1428 19845 19844 19846
26403 1428 19848 19847 19849
26404 1428 19851 19850 19852
26405 1428 19854 19853 19855
26406 1428 19857 19856 19858
26407 1428 19860 19859 19861
26408 1428 19863 19862 19864
26409 1428 19866 19865 19867
26410 1428 19869 19868 19870
26411 1428 19872 19871 19873
26412 1428 19875 19874 19876
26413 1428 19878 19877 19879
26414 1428 19881 19880 19882
26415 1428 19884 19883 19885
26416 1428 19887 19886 19888
26417 1428 19890 19889 19891
26418 1428 19893 19892 19894
26419 1428 19896 19895 19897
26420 1428 19899 19898 19900
26421 1428 19902 19901 19903
26422 1428 19905 19904 19906
26423 1428 19908 19907 19909
26424 1428 19911 19910 19912
26425 1428 19914 19913 19915
26426 1428 19917 19916 19918
26427 1428 19920 19919 19921
26428 1428 19923 19922 19924
26429 1428 19926 19925 19927
26430 1428 19929 19928 19930
26431 1428 19932 19931 19933
26432 1428 19935 19934 19936
26433 1428 19938 19937 19939
26434 1428 19941 19940 19942
26435 1428 19944 19943 19945
26436 1428 19947 19946 19948
26437 1428 19950 19949 19951
26438 1428 19953 19952 19954
26439 1428 19956 19955 19957
26440 1428 19959 19958 19960
26441 1428 19962 19961 19963
26442 1428 19965 19964 19966
26443 1428 19968 19967 19969
26444 1428 19971 19970 19972
26445 1428 19974 19973 19975
26446 1428 19977 19976 19978
26447 1428 19980 19979 19981
26448 1428 19983 19982 19984
26449 1428 19986 19985 19987
26450 1428 19989 19988 19990
26451 1428 19992 19991 19993
26452 1428 19995 19994 19996
26453 1428 19998 19997 19999
26454 1428 20001 20000 20002
26455 1428 20004 20003 20005
26456 1428 20007 20006 20008
26457 1428 20010 20009 20011
26458 1428 20013 20012 20014
26459 1428 20016 20015 20017
26460 1428 20019 20018 20020
26461 1428 20022 20021 20023
26462 1428 20025 20024 20026
26463 1428 20028 20027 20029
26464 1428 20031 20030 20032
26465 1428 20034 20033 20035
26466 1428 20037 20036 20038
26467 1428 20040 20039 20041
26468 1428 20043 20042 20044
26469 1428 20046 20045 20047
26470 1428 20049 20048 20050
26471 1428 20052 20051 20053
26472 1428 20055 20054 20056
26473 1428 20058 20057 20059
26474 1428 20061 20060 20062
26475 1428 20064 20063 20065
26476 1428 20067 20066 20068
26477 1428 20070 20069 20071
26478 1428 20073 20072 20074
26479 1428 20076 20075 20077
26480 1428 20079 20078 20080
26481 1428 20082 20081 20083
26482 1428 20085 20084 20086
26483 1428 20088 20087 20089
26484 1428 20091 20090 20092
26485 1428 20094 20093 20095
26486 1428 20097 20096 20098
26487 1428 20100 20099 20101
26488 1428 20103 20102 20104
26489 1428 20106 20105 20107
26490 1428 20109 20108 20110
26491 1428 20112 20111 20113
26492 1428 20115 20114 20116
26493 1428 20118 20117 20119
26494 1428 20121 20120 20122
26495 1428 20124 20123 20125
26496 1428 20127 20126 20128
26497 1428 20130 20129 20131
26498 1428 20133 20132 20134
26499 1428 20136 20135 20137
26500 1428 20139 20138 20140
26501 1428 20142 20141 20143
26502 1428 20145 20144 20146
26503 1428 20148 20147 20149
26504 1428 20151 20150 20152
26505 1428 20154 20153 20155
26506 1428 20157 20156 20158
26507 1428 20160 20159 20161
26508 1428 20163 20162 20164
26509 1428 20166 20165 20167
26510 1428 20169 20168 20170
26511 1428 20172 20171 20173
26512 1428 20175 20174 20176
26513 1428 20178 20177 20179
26514 1428 20181 20180 20182
26515 1428 20184 20183 20185
26516 1428 20187 20186 20188
26517 1428 20190 20189 20191
26518 1428 20193 20192 20194
26519 1428 20196 20195 20197
26520 1428 20199 20198 20200
26521 1428 20202 20201 20203
26522 1428 20205 20204 20206
26523 1428 20208 20207 20209
26524 1428 20211 20210 20212
26525 1428 20214 20213 20215
26526 1428 20217 20216 20218
26527 1428 20220 20219 20221
26528 1428 20223 20222 20224
26529 1428 20226 20225 20227
26530 1428 20229 20228 20230
26531 1428 20232 20231 20233
26532 1428 20235 20234 20236
26533 1428 20238 20237 20239
26534 1428 20241 20240 20242
26535 1428 20244 20243 20245
26536 1428 20247 20246 20248
26537 1428 20250 20249 20251
26538 1428 20253 20252 20254
26539 1428 20256 20255 20257
26540 1428 20259 20258 20260
26541 1428 20262 20261 20263
26542 1428 20265 20264 20266
26543 1428 20268 20267 20269
26544 1428 20271 20270 20272
26545 1428 20274 20273 20275
26546 1428 20277 20276 20278
26547 1428 20280 20279 20281
26548 1428 20283 20282 20284
26549 1428 20286 20285 20287
26550 1428 20289 20288 20290
26551 1428 20292 20291 20293
26552 1428 20295 20294 20296
26553 1428 20298 20297 20299
26554 1428 20301 20300 20302
26555 1428 20304 20303 20305
26556 1428 20307 20306 20308
26557 1428 20310 20309 20311
26558 1428 20313 20312 20314
26559 1428 20316 20315 20317
26560 1428 20319 20318 20320
26561 1428 20322 20321 20323
26562 1428 20325 20324 20326
26563 1428 20328 20327 20329
26564 1428 20331 20330 20332
26565 1428 20334 20333 20335
26566 1428 20337 20336 20338
26567 1428 20340 20339 20341
26568 1428 20343 20342 20344
26569 1428 20346 20345 20347
26570 1428 20349 20348 20350
26571 1428 20352 20351 20353
26572 1428 20355 20354 20356
26573 1428 20358 20357 20359
26574 1428 20361 20360 20362
26575 1428 20364 20363 20365
26576 1428 20367 20366 20368
26577 1428 20370 20369 20371
26578 1428 20373 20372 20374
26579 1428 20376 20375 20377
26580 1428 20379 20378 20380
26581 1428 20382 20381 20383
26582 1428 20385 20384 20386
26583 1428 20388 20387 20389
26584 1428 20391 20390 20392
26585 1428 20394 20393 20395
26586 1428 20397 20396 20398
26587 1428 20400 20399 20401
26588 1428 20403 20402 20404
26589 1428 20406 20405 20407
26590 1428 20409 20408 20410
26591 1428 20412 20411 20413
26592 1428 20415 20414 20416
26593 1428 20418 20417 20419
26594 1428 20421 20420 20422
26595 1428 20424 20423 20425
26596 1428 20427 20426 20428
26597 1428 20430 20429 20431
26598 1428 20433 20432 20434
26599 1428 20436 20435 20437
26600 1428 20439 20438 20440
26601 1428 20442 20441 20443
26602 1428 20445 20444 20446
26603 1428 20448 20447 20449
26604 1428 20451 20450 20452
26605 1428 20454 20453 20455
26606 1428 20457 20456 20458
26607 1428 20460 20459 20461
26608 1428 20463 20462 20464
26609 1428 20466 20465 20467
26610 1428 20469 20468 20470
26611 1428 20472 20471 20473
26612 1428 20475 20474 20476
26613 1428 20478 20477 20479
26614 1428 20481 20480 20482
26615 1428 20484 20483 20485
26616 1428 20487 20486 20488
26617 1428 20490 20489 20491
26618 1428 20493 20492 20494
26619 1428 20496 20495 20497
26620 1428 20499 20498 20500
26621 1428 20502 20501 20503
26622 1428 20505 20504 20506
26623 1428 20508 20507 20509
26624 1428 20511 20510 20512
26625 1428 20514 20513 20515
26626 1428 20517 20516 20518
26627 1428 20520 20519 20521
26628 1428 20523 20522 20524
26629 1428 20526 20525 20527
26630 1428 20529 20528 20530
26631 1428 20532 20531 20533
26632 1428 20535 20534 20536
26633 1428 20538 20537 20539
26634 1428 20541 20540 20542
26635 1428 20544 20543 20545
26636 1428 20547 20546 20548
26637 1428 20550 20549 20551
26638 1428 20553 20552 20554
26639 1428 20556 20555 20557
26640 1428 20559 20558 20560
26641 1428 20562 20561 20563
26642 1428 20565 20564 20566
26643 1428 20568 20567 20569
26644 1428 20571 20570 20572
26645 1428 20574 20573 20575
26646 1428 20577 20576 20578
26647 1428 20580 20579 20581
26648 1428 20583 20582 20584
26649 1428 20586 20585 20587
26650 1428 20589 20588 20590
26651 1428 20592 20591 20593
26652 1428 20595 20594 20596
26653 1428 20598 20597 20599
26654 1428 20601 20600 20602
26655 1428 20604 20603 20605
26656 1428 20607 20606 20608
26657 1428 20610 20609 20611
26658 1428 20613 20612 20614
26659 1428 20616 20615 20617
26660 1428 20619 20618 20620
26661 1428 20622 20621 20623
26662 1428 20625 20624 20626
26663 1428 20628 20627 20629
26664 1428 20631 20630 20632
26665 1428 20634 20633 20635
26666 1428 20637 20636 20638
26667 1428 20640 20639 20641
26668 1428 20643 20642 20644
26669 1428 20646 20645 20647
26670 1428 20649 20648 20650
26671 1428 20652 20651 20653
26672 1428 20655 20654 20656
26673 1428 20658 20657 20659
26674 1428 20661 20660 20662
26675 1428 20664 20663 20665
26676 1428 20667 20666 20668
26677 1428 20670 20669 20671
26678 1428 20673 20672 20674
26679 1428 20676 20675 20677
26680 1428 20679 20678 20680
26681 1428 20682 20681 20683
26682 1428 20685 20684 20686
26683 1428 20688 20687 20689
26684 1428 20691 20690 20692
26685 1428 20694 20693 20695
26686 1428 20697 20696 20698
26687 1428 20700 20699 20701
26688 1428 20703 20702 20704
26689 1428 20706 20705 20707
26690 1428 20709 20708 20710
26691 1428 20712 20711 20713
26692 1428 20715 20714 20716
26693 1428 20718 20717 20719
26694 1428 20721 20720 20722
26695 1428 20724 20723 20725
26696 1428 20727 20726 20728
26697 1428 20730 20729 20731
26698 1428 20733 20732 20734
26699 1428 20736 20735 20737
26700 1428 20739 20738 20740
26701 1428 20742 20741 20743
26702 1428 20745 20744 20746
26703 1428 20748 20747 20749
26704 1428 20751 20750 20752
26705 1428 20754 20753 20755
26706 1428 20757 20756 20758
26707 1428 20760 20759 20761
26708 1428 20763 20762 20764
26709 1428 20766 20765 20767
26710 1428 20769 20768 20770
26711 1428 20772 20771 20773
26712 1428 20775 20774 20776
26713 1428 20778 20777 20779
26714 1428 20781 20780 20782
26715 1428 20784 20783 20785
26716 1428 20787 20786 20788
26717 1428 20790 20789 20791
26718 1428 20793 20792 20794
26719 1428 20796 20795 20797
26720 1428 20799 20798 20800
26721 1428 20802 20801 20803
26722 1428 20805 20804 20806
26723 1428 20808 20807 20809
26724 1428 20811 20810 20812
26725 1428 20814 20813 20815
26726 1428 20817 20816 20818
26727 1428 20820 20819 20821
26728 1428 20823 20822 20824
26729 1428 20826 20825 20827
26730 1428 20829 20828 20830
26731 1428 20832 20831 20833
26732 1428 20835 20834 20836
26733 1428 20838 20837 20839
26734 1428 20841 20840 20842
26735 1428 20844 20843 20845
26736 1428 20847 20846 20848
26737 1428 20850 20849 20851
26738 1428 20853 20852 20854
26739 1428 20856 20855 20857
26740 1428 20859 20858 20860
26741 1428 20862 20861 20863
26742 1428 20865 20864 20866
26743 1428 20868 20867 20869
26744 1428 20871 20870 20872
26745 1428 20874 20873 20875
26746 1428 20877 20876 20878
26747 1428 20880 20879 20881
26748 1428 20883 20882 20884
26749 1428 20886 20885 20887
26750 1428 20889 20888 20890
26751 1428 20892 20891 20893
26752 1428 20895 20894 20896
26753 1428 20898 20897 20899
26754 1428 20901 20900 20902
26755 1428 20904 20903 20905
26756 1428 20907 20906 20908
26757 1428 20910 20909 20911
26758 1428 20913 20912 20914
26759 1428 20916 20915 20917
26760 1428 20919 20918 20920
26761 1428 20922 20921 20923
26762 1428 20925 20924 20926
26763 1428 20928 20927 20929
26764 1428 20931 20930 20932
26765 1428 20934 20933 20935
26766 1428 20937 20936 20938
26767 1428 20940 20939 20941
26768 1428 20943 20942 20944
26769 1428 20946 20945 20947
26770 1428 20949 20948 20950
26771 1428 20952 20951 20953
26772 1428 20955 20954 20956
26773 1428 20958 20957 20959
26774 1428 20961 20960 20962
26775 1428 20964 20963 20965
26776 1428 20967 20966 20968
26777 1428 20970 20969 20971
26778 1428 20973 20972 20974
26779 1428 20976 20975 20977
26780 1428 20979 20978 20980
26781 1428 20982 20981 20983
26782 1428 20985 20984 20986
26783 1428 20988 20987 20989
26784 1428 20991 20990 20992
26785 1428 20994 20993 20995
26786 1428 20997 20996 20998
26787 1428 21000 20999 21001
26788 1428 21003 21002 21004
26789 1428 21006 21005 21007
26790 1428 21009 21008 21010
26791 1428 21012 21011 21013
26792 1428 21015 21014 21016
26793 1428 21018 21017 21019
26794 1428 21021 21020 21022
26795 1428 21024 21023 21025
26796 1428 21027 21026 21028
26797 1428 21030 21029 21031
26798 1428 21033 21032 21034
26799 1428 21036 21035 21037
26800 1428 21039 21038 21040
26801 1428 21042 21041 21043
26802 1428 21045 21044 21046
26803 1428 21048 21047 21049
26804 1428 21051 21050 21052
26805 1428 21054 21053 21055
26806 1428 21057 21056 21058
26807 1428 21060 21059 21061
26808 1428 21063 21062 21064
26809 1428 21066 21065 21067
26810 1428 21069 21068 21070
26811 1428 21072 21071 21073
26812 1428 21075 21074 21076
26813 1428 21078 21077 21079
26814 1428 21081 21080 21082
26815 1428 21084 21083 21085
26816 1428 21087 21086 21088
26817 1428 21090 21089 21091
26818 1428 21093 21092 21094
26819 1428 21096 21095 21097
26820 1428 21099 21098 21100
26821 1428 21102 21101 21103
26822 1428 21105 21104 21106
26823 1428 21108 21107 21109
26824 1428 21111 21110 21112
26825 1428 21114 21113 21115
26826 1428 21117 21116 21118
26827 1428 21120 21119 21121
26828 1428 21123 21122 21124
26829 1428 21126 21125 21127
26830 1428 21129 21128 21130
26831 1428 21132 21131 21133
26832 1428 21135 21134 21136
26833 1428 21138 21137 21139
26834 1428 21141 21140 21142
26835 1428 21144 21143 21145
26836 1428 21147 21146 21148
26837 1428 21150 21149 21151
26838 1428 21153 21152 21154
26839 1428 21156 21155 21157
26840 1428 21159 21158 21160
26841 1428 21162 21161 21163
26842 1428 21165 21164 21166
26843 1428 21168 21167 21169
26844 1428 21171 21170 21172
26845 1428 21174 21173 21175
26846 1428 21177 21176 21178
26847 1428 21180 21179 21181
26848 1428 21183 21182 21184
26849 1428 21186 21185 21187
26850 1428 21189 21188 21190
26851 1428 21192 21191 21193
26852 1428 21195 21194 21196
26853 1428 21198 21197 21199
26854 1428 21201 21200 21202
26855 1428 21204 21203 21205
26856 1428 21207 21206 21208
26857 1428 21210 21209 21211
26858 1428 21213 21212 21214
26859 1428 21216 21215 21217
26860 1428 21219 21218 21220
26861 1428 21222 21221 21223
26862 1428 21225 21224 21226
26863 1428 21228 21227 21229
26864 1428 21231 21230 21232
26865 1428 21234 21233 21235
26866 1428 21237 21236 21238
26867 1428 21240 21239 21241
26868 1428 21243 21242 21244
26869 1428 21246 21245 21247
26870 1428 21249 21248 21250
26871 1428 21252 21251 21253
26872 1428 21255 21254 21256
26873 1428 21258 21257 21259
26874 1428 21261 21260 21262
26875 1428 21264 21263 21265
26876 1428 21267 21266 21268
26877 1428 21270 21269 21271
26878 1428 21273 21272 21274
26879 1428 21276 21275 21277
26880 1428 21279 21278 21280
26881 1428 21282 21281 21283
26882 1428 21285 21284 21286
26883 1428 21288 21287 21289
26884 1428 21291 21290 21292
26885 1428 21294 21293 21295
26886 1428 21297 21296 21298
26887 1428 21300 21299 21301
26888 1428 21303 21302 21304
26889 1428 21306 21305 21307
26890 1428 21309 21308 21310
26891 1428 21312 21311 21313
26892 1428 21315 21314 21316
26893 1428 21318 21317 21319
26894 1428 21321 21320 21322
26895 1428 21324 21323 21325
26896 1428 21327 21326 21328
26897 1428 21330 21329 21331
26898 1428 21333 21332 21334
26899 1428 21336 21335 21337
26900 1428 21339 21338 21340
26901 1428 21342 21341 21343
26902 1428 21345 21344 21346
26903 1428 21348 21347 21349
26904 1428 21351 21350 21352
26905 1428 21354 21353 21355
26906 1428 21357 21356 21358
26907 1428 21360 21359 21361
26908 1428 21363 21362 21364
26909 1428 21366 21365 21367
26910 1428 21369 21368 21370
26911 1428 21372 21371 21373
26912 1428 21375 21374 21376
26913 1428 21378 21377 21379
26914 1428 21381 21380 21382
26915 1428 21384 21383 21385
26916 1428 21387 21386 21388
26917 1428 21390 21389 21391
26918 1428 21393 21392 21394
26919 1428 21396 21395 21397
26920 1428 21399 21398 21400
26921 1428 21402 21401 21403
26922 1428 21405 21404 21406
26923 1428 21408 21407 21409
26924 1428 21411 21410 21412
26925 1428 21414 21413 21415
26926 1428 21417 21416 21418
26927 1428 21420 21419 21421
26928 1428 21423 21422 21424
26929 1428 21426 21425 21427
26930 1428 21429 21428 21430
26931 1428 21432 21431 21433
26932 1428 21435 21434 21436
26933 1428 21438 21437 21439
26934 1428 21441 21440 21442
26935 1428 21444 21443 21445
26936 1428 21447 21446 21448
26937 1428 21450 21449 21451
26938 1428 21453 21452 21454
26939 1428 21456 21455 21457
26940 1428 21459 21458 21460
26941 1428 21462 21461 21463
26942 1428 21465 21464 21466
26943 1428 21468 21467 21469
26944 1428 21471 21470 21472
26945 1428 21474 21473 21475
26946 1428 21477 21476 21478
26947 1428 21480 21479 21481
26948 1428 21483 21482 21484
26949 1428 21486 21485 21487
26950 1428 21489 21488 21490
26951 1428 21492 21491 21493
26952 1428 21495 21494 21496
26953 1428 21498 21497 21499
26954 1428 21501 21500 21502
26955 1428 21504 21503 21505
26956 1428 21507 21506 21508
26957 1428 21510 21509 21511
26958 1428 21513 21512 21514
26959 1428 21516 21515 21517
26960 1428 21519 21518 21520
26961 1428 21522 21521 21523
26962 1428 21525 21524 21526
26963 1428 21528 21527 21529
26964 1428 21531 21530 21532
26965 1428 21534 21533 21535
26966 1428 21537 21536 21538
26967 1428 21540 21539 21541
26968 1428 21543 21542 21544
26969 1428 21546 21545 21547
26970 1428 21549 21548 21550
26971 1428 21552 21551 21553
26972 1428 21555 21554 21556
26973 1428 21558 21557 21559
26974 1428 21561 21560 21562
26975 1428 21564 21563 21565
26976 1428 21567 21566 21568
26977 1428 21570 21569 21571
26978 1428 21573 21572 21574
26979 1428 21576 21575 21577
26980 1428 21579 21578 21580
26981 1428 21582 21581 21583
26982 1428 21585 21584 21586
26983 1428 21588 21587 21589
26984 1428 21591 21590 21592
26985 1428 21594 21593 21595
26986 1428 21597 21596 21598
26987 1428 21600 21599 21601
26988 1428 21603 21602 21604
26989 1428 21606 21605 21607
26990 1428 21609 21608 21610
26991 1428 21612 21611 21613
26992 1428 21615 21614 21616
26993 1428 21618 21617 21619
26994 1428 21621 21620 21622
26995 1428 21624 21623 21625
26996 1428 21627 21626 21628
26997 1428 21630 21629 21631
26998 1428 21633 21632 21634
26999 1428 21636 21635 21637
27000 1428 21639 21638 21640
27001 1428 21642 21641 21643
27002 1428 21645 21644 21646
27003 1428 21648 21647 21649
27004 1428 21651 21650 21652
27005 1428 21654 21653 21655
27006 1428 21657 21656 21658
27007 1428 21660 21659 21661
27008 1428 21663 21662 21664
27009 1428 21666 21665 21667
27010 1428 21669 21668 21670
27011 1428 21672 21671 21673
27012 1428 21675 21674 21676
27013 1428 21678 21677 21679
27014 1428 21681 21680 21682
27015 1428 21684 21683 21685
27016 1428 21687 21686 21688
27017 1428 21690 21689 21691
27018 1428 21693 21692 21694
27019 1428 21696 21695 21697
27020 1428 21699 21698 21700
27021 1428 21702 21701 21703
27022 1428 21705 21704 21706
27023 1428 21708 21707 21709
27024 1428 21711 21710 21712
27025 1428 21714 21713 21715
27026 1428 21717 21716 21718
27027 1428 21720 21719 21721
27028 1428 21723 21722 21724
27029 1428 21726 21725 21727
27030 1428 21729 21728 21730
27031 1428 21732 21731 21733
27032 1428 21735 21734 21736
27033 1428 21738 21737 21739
27034 1428 21741 21740 21742
27035 1428 21744 21743 21745
27036 1428 21747 21746 21748
27037 1428 21750 21749 21751
27038 1428 21753 21752 21754
27039 1428 21756 21755 21757
27040 1428 21759 21758 21760
27041 1428 21762 21761 21763
27042 1428 21765 21764 21766
27043 1428 21768 21767 21769
27044 1428 21771 21770 21772
27045 1428 21774 21773 21775
27046 1428 21777 21776 21778
27047 1428 21780 21779 21781
27048 1428 21783 21782 21784
27049 1428 21786 21785 21787
27050 1428 21789 21788 21790
27051 1428 21792 21791 21793
27052 1428 21795 21794 21796
27053 1428 21798 21797 21799
27054 1428 21801 21800 21802
27055 1428 21804 21803 21805
27056 1428 21807 21806 21808
27057 1428 21810 21809 21811
27058 1428 21813 21812 21814
27059 1428 21816 21815 21817
27060 1428 21819 21818 21820
27061 1428 21822 21821 21823
27062 1428 21825 21824 21826
27063 1428 21828 21827 21829
27064 1428 21831 21830 21832
27065 1428 21834 21833 21835
27066 1428 21837 21836 21838
27067 1428 21840 21839 21841
27068 1428 21843 21842 21844
27069 1428 21846 21845 21847
27070 1428 21849 21848 21850
27071 1428 21852 21851 21853
27072 1428 21855 21854 21856
27073 1428 21858 21857 21859
27074 1428 21861 21860 21862
27075 1428 21864 21863 21865
27076 1428 21867 21866 21868
27077 1428 21870 21869 21871
27078 1428 21873 21872 21874
27079 1428 21876 21875 21877
27080 1428 21879 21878 21880
27081 1428 21882 21881 21883
27082 1428 21885 21884 21886
27083 1428 21888 21887 21889
27084 1428 21891 21890 21892
27085 1428 21894 21893 21895
27086 1428 21897 21896 21898
27087 1428 21900 21899 21901
27088 1428 21903 21902 21904
27089 1428 21906 21905 21907
27090 1428 21909 21908 21910
27091 1428 21912 21911 21913
27092 1428 21915 21914 21916
27093 1428 21918 21917 21919
27094 1428 21921 21920 21922
27095 1428 21924 21923 21925
27096 1428 21927 21926 21928
27097 1428 21930 21929 21931
27098 1428 21933 21932 21934
27099 1428 21936 21935 21937
27100 1428 21939 21938 21940
27101 1428 21942 21941 21943
27102 1428 21945 21944 21946
27103 1428 21948 21947 21949
27104 1428 21951 21950 21952
27105 1428 21954 21953 21955
27106 1428 21957 21956 21958
27107 1428 21960 21959 21961
27108 1428 21963 21962 21964
27109 1428 21966 21965 21967
27110 1428 21969 21968 21970
27111 1428 21972 21971 21973
27112 1428 21975 21974 21976
27113 1428 21978 21977 21979
27114 1428 21981 21980 21982
27115 1428 21984 21983 21985
27116 1428 21987 21986 21988
27117 1428 21990 21989 21991
27118 1428 21993 21992 21994
27119 1428 21996 21995 21997
27120 1428 21999 21998 22000
27121 1428 22002 22001 22003
27122 1428 22005 22004 22006
27123 1428 22008 22007 22009
27124 1428 22011 22010 22012
27125 1428 22014 22013 22015
27126 1428 22017 22016 22018
27127 1428 22020 22019 22021
27128 1428 22023 22022 22024
27129 1428 22026 22025 22027
27130 1428 22029 22028 22030
27131 1428 22032 22031 22033
27132 1428 22035 22034 22036
27133 1428 22038 22037 22039
27134 1428 22041 22040 22042
27135 1428 22044 22043 22045
27136 1428 22047 22046 22048
27137 1428 22050 22049 22051
27138 1428 22053 22052 22054
27139 1428 22056 22055 22057
27140 1428 22059 22058 22060
27141 1428 22062 22061 22063
27142 1428 22065 22064 22066
27143 1428 22068 22067 22069
27144 1428 22071 22070 22072
27145 1428 22074 22073 22075
27146 1428 22077 22076 22078
27147 1428 22080 22079 22081
27148 1428 22083 22082 22084
27149 1428 22086 22085 22087
27150 1428 22089 22088 22090
27151 1428 22092 22091 22093
27152 1428 22095 22094 22096
27153 1428 22098 22097 22099
27154 1428 22101 22100 22102
27155 1428 22104 22103 22105
27156 1428 22107 22106 22108
27157 1428 22110 22109 22111
27158 1428 22113 22112 22114
27159 1428 22116 22115 22117
27160 1428 22119 22118 22120
27161 1428 22122 22121 22123
27162 1428 22125 22124 22126
27163 1428 22128 22127 22129
27164 1428 22131 22130 22132
27165 1428 22134 22133 22135
27166 1428 22137 22136 22138
27167 1428 22140 22139 22141
27168 1428 22143 22142 22144
27169 1428 22146 22145 22147
27170 1428 22149 22148 22150
27171 1428 22152 22151 22153
27172 1428 22155 22154 22156
27173 1428 22158 22157 22159
27174 1428 22161 22160 22162
27175 1428 22164 22163 22165
27176 1428 22167 22166 22168
27177 1428 22170 22169 22171
27178 1428 22173 22172 22174
27179 1428 22176 22175 22177
27180 1428 22179 22178 22180
27181 1428 22182 22181 22183
27182 1428 22185 22184 22186
27183 1428 22188 22187 22189
27184 1428 22191 22190 22192
27185 1428 22194 22193 22195
27186 1428 22197 22196 22198
27187 1428 22200 22199 22201
27188 1428 22203 22202 22204
27189 1428 22206 22205 22207
27190 1428 22209 22208 22210
27191 1428 22212 22211 22213
27192 1428 22215 22214 22216
27193 1428 22218 22217 22219
27194 1428 22221 22220 22222
27195 1428 22224 22223 22225
27196 1428 22227 22226 22228
27197 1428 22230 22229 22231
27198 1428 22233 22232 22234
27199 1428 22236 22235 22237
27200 1428 22239 22238 22240
27201 1428 22242 22241 22243
27202 1428 22245 22244 22246
27203 1428 22248 22247 22249
27204 1428 22251 22250 22252
27205 1428 22254 22253 22255
27206 1428 22257 22256 22258
27207 1428 22260 22259 22261
27208 1428 22263 22262 22264
27209 1428 22266 22265 22267
27210 1428 22269 22268 22270
27211 1428 22272 22271 22273
27212 1428 22275 22274 22276
27213 1428 22278 22277 22279
27214 1428 22281 22280 22282
27215 1428 22284 22283 22285
27216 1428 22287 22286 22288
27217 1428 22290 22289 22291
27218 1428 22293 22292 22294
27219 1428 22296 22295 22297
27220 1428 22299 22298 22300
27221 1428 22302 22301 22303
27222 1428 22305 22304 22306
27223 1428 22308 22307 22309
27224 1428 22311 22310 22312
27225 1428 22314 22313 22315
27226 1428 22317 22316 22318
27227 1428 22320 22319 22321
27228 1428 22323 22322 22324
27229 1428 22326 22325 22327
27230 1428 22329 22328 22330
27231 1428 22332 22331 22333
27232 1428 22335 22334 22336
27233 1428 22338 22337 22339
27234 1428 22341 22340 22342
27235 1428 22344 22343 22345
27236 1428 22347 22346 22348
27237 1428 22350 22349 22351
27238 1428 22353 22352 22354
27239 1428 22356 22355 22357
27240 1428 22359 22358 22360
27241 1428 22362 22361 22363
27242 1428 22365 22364 22366
27243 1428 22368 22367 22369
27244 1428 22371 22370 22372
27245 1428 22374 22373 22375
27246 1428 22377 22376 22378
27247 1428 22380 22379 22381
27248 1428 22383 22382 22384
27249 1428 22386 22385 22387
27250 1428 22389 22388 22390
27251 1428 22392 22391 22393
27252 1428 22395 22394 22396
27253 1428 22398 22397 22399
27254 1428 22401 22400 22402
27255 1428 22404 22403 22405
27256 1428 22407 22406 22408
27257 1428 22410 22409 22411
27258 1428 22413 22412 22414
27259 1428 22416 22415 22417
27260 1428 22419 22418 22420
27261 1428 22422 22421 22423
27262 1428 22425 22424 22426
27263 1428 22428 22427 22429
27264 1428 22431 22430 22432
27265 1428 22434 22433 22435
27266 1428 22437 22436 22438
27267 1428 22440 22439 22441
27268 1428 22443 22442 22444
27269 1428 22446 22445 22447
27270 1428 22449 22448 22450
27271 1428 22452 22451 22453
27272 1428 22455 22454 22456
27273 1428 22458 22457 22459
27274 1428 22461 22460 22462
27275 1428 22464 22463 22465
27276 1428 22467 22466 22468
27277 1428 22470 22469 22471
27278 1428 22473 22472 22474
27279 1428 22476 22475 22477
27280 1428 22479 22478 22480
27281 1428 22482 22481 22483
27282 1428 22485 22484 22486
27283 1428 22488 22487 22489
27284 1428 22491 22490 22492
27285 1428 22494 22493 22495
27286 1428 22497 22496 22498
27287 1428 22500 22499 22501
27288 1428 22503 22502 22504
27289 1428 22506 22505 22507
27290 1428 22509 22508 22510
27291 1428 22512 22511 22513
27292 1428 22515 22514 22516
27293 1428 22518 22517 22519
27294 1428 22521 22520 22522
27295 1428 22524 22523 22525
27296 1428 22527 22526 22528
27297 1428 22530 22529 22531
27298 1428 22533 22532 22534
27299 1428 22536 22535 22537
27300 1428 22539 22538 22540
27301 1428 22542 22541 22543
27302 1428 22545 22544 22546
27303 1428 22548 22547 22549
27304 1428 22551 22550 22552
27305 1428 22554 22553 22555
27306 1428 22557 22556 22558
27307 1428 22560 22559 22561
27308 1428 22563 22562 22564
27309 1428 22566 22565 22567
27310 1428 22569 22568 22570
27311 1428 22572 22571 22573
27312 1428 22575 22574 22576
27313 1428 22578 22577 22579
27314 1428 22581 22580 22582
27315 1428 22584 22583 22585
27316 1428 22587 22586 22588
27317 1428 22590 22589 22591
27318 1428 22593 22592 22594
27319 1428 22596 22595 22597
27320 1428 22599 22598 22600
27321 1428 22602 22601 22603
27322 1428 22605 22604 22606
27323 1428 22608 22607 22609
27324 1428 22611 22610 22612
27325 1428 22614 22613 22615
27326 1428 22617 22616 22618
27327 1428 22620 22619 22621
27328 1428 22623 22622 22624
27329 1428 22626 22625 22627
27330 1428 22629 22628 22630
27331 1428 22632 22631 22633
27332 1428 22635 22634 22636
27333 1428 22638 22637 22639
27334 1428 22641 22640 22642
27335 1428 22644 22643 22645
27336 1428 22647 22646 22648
27337 1428 22650 22649 22651
27338 1428 22653 22652 22654
27339 1428 22656 22655 22657
27340 1428 22659 22658 22660
27341 1428 22662 22661 22663
27342 1428 22665 22664 22666
27343 1428 22668 22667 22669
27344 1428 22671 22670 22672
27345 1428 22674 22673 22675
27346 1428 22677 22676 22678
27347 1428 22680 22679 22681
27348 1428 22683 22682 22684
27349 1428 22686 22685 22687
27350 1428 22689 22688 22690
27351 1428 22692 22691 22693
27352 1428 22695 22694 22696
27353 1428 22698 22697 22699
27354 1428 22701 22700 22702
27355 1428 22704 22703 22705
27356 1428 22707 22706 22708
27357 1428 22710 22709 22711
27358 1428 22713 22712 22714
27359 1428 22716 22715 22717
27360 1428 22719 22718 22720
27361 1428 22722 22721 22723
27362 1428 22725 22724 22726
27363 1428 22728 22727 22729
27364 1428 22731 22730 22732
27365 1428 22734 22733 22735
27366 1428 22737 22736 22738
27367 1428 22740 22739 22741
27368 1428 22743 22742 22744
27369 1428 22746 22745 22747
27370 1428 22749 22748 22750
27371 1428 22752 22751 22753
27372 1428 22755 22754 22756
27373 1428 22758 22757 22759
27374 1428 22761 22760 22762
27375 1428 22764 22763 22765
27376 1428 22767 22766 22768
27377 1428 22770 22769 22771
27378 1428 22773 22772 22774
27379 1428 22776 22775 22777
27380 1428 22779 22778 22780
27381 1428 22782 22781 22783
27382 1428 22785 22784 22786
27383 1428 22788 22787 22789
27384 1428 22791 22790 22792
27385 1428 22794 22793 22795
27386 1428 22797 22796 22798
27387 1428 22800 22799 22801
27388 1428 22803 22802 22804
27389 1428 22806 22805 22807
27390 1428 22809 22808 22810
27391 1428 22812 22811 22813
27392 1428 22815 22814 22816
27393 1428 22818 22817 22819
27394 1428 22821 22820 22822
27395 1428 22824 22823 22825
27396 1428 22827 22826 22828
27397 1428 22830 22829 22831
27398 1428 22833 22832 22834
27399 1428 22836 22835 22837
27400 1428 22839 22838 22840
27401 1428 22842 22841 22843
27402 1428 22845 22844 22846
27403 1428 22848 22847 22849
27404 1428 22851 22850 22852
27405 1428 22854 22853 22855
27406 1428 22857 22856 22858
27407 1428 22860 22859 22861
27408 1428 22863 22862 22864
27409 1428 22866 22865 22867
27410 1428 22869 22868 22870
27411 1428 22872 22871 22873
27412 1428 22875 22874 22876
27413 1428 22878 22877 22879
27414 1428 22881 22880 22882
27415 1428 22884 22883 22885
27416 1428 22887 22886 22888
27417 1428 22890 22889 22891
27418 1428 22893 22892 22894
27419 1428 22896 22895 22897
27420 1428 22899 22898 22900
27421 1428 22902 22901 22903
27422 1428 22905 22904 22906
27423 1428 22908 22907 22909
27424 1428 22911 22910 22912
27425 1428 22914 22913 22915
27426 1428 22917 22916 22918
27427 1428 22920 22919 22921
27428 1428 22923 22922 22924
27429 1428 22926 22925 22927
27430 1428 22929 22928 22930
27431 1428 22932 22931 22933
27432 1428 22935 22934 22936
27433 1428 22938 22937 22939
27434 1428 22941 22940 22942
27435 1428 22944 22943 22945
27436 1428 22947 22946 22948
27437 1428 22950 22949 22951
27438 1428 22953 22952 22954
27439 1428 22956 22955 22957
27440 1428 22959 22958 22960
27441 1428 22962 22961 22963
27442 1428 22965 22964 22966
27443 1428 22968 22967 22969
27444 1428 22971 22970 22972
27445 1428 22974 22973 22975
27446 1428 22977 22976 22978
27447 1428 22980 22979 22981
27448 1428 22983 22982 22984
27449 1428 22986 22985 22987
27450 1428 22989 22988 22990
27451 1428 22992 22991 22993
27452 1428 22995 22994 22996
27453 1428 22998 22997 22999
27454 1428 23001 23000 23002
27455 1428 23004 23003 23005
27456 1428 23007 23006 23008
27457 1428 23010 23009 23011
27458 1428 23013 23012 23014
27459 1428 23016 23015 23017
27460 1428 23019 23018 23020
27461 1428 23022 23021 23023
27462 1428 23025 23024 23026
27463 1428 23028 23027 23029
27464 1428 23031 23030 23032
27465 1428 23034 23033 23035
27466 1428 23037 23036 23038
27467 1428 23040 23039 23041
27468 1428 23043 23042 23044
27469 1428 23046 23045 23047
27470 1428 23049 23048 23050
27471 1428 23052 23051 23053
27472 1428 23055 23054 23056
27473 1428 23058 23057 23059
27474 1428 23061 23060 23062
27475 1428 23064 23063 23065
27476 1428 23067 23066 23068
27477 1428 23070 23069 23071
27478 1428 23073 23072 23074
27479 1428 23076 23075 23077
27480 1428 23079 23078 23080
27481 1428 23082 23081 23083
27482 1428 23085 23084 23086
27483 1428 23088 23087 23089
27484 1428 23091 23090 23092
27485 1428 23094 23093 23095
27486 1428 23097 23096 23098
27487 1428 23100 23099 23101
27488 1428 23103 23102 23104
27489 1428 23106 23105 23107
27490 1428 23109 23108 23110
27491 1428 23112 23111 23113
27492 1428 23115 23114 23116
27493 1428 23118 23117 23119
27494 1428 23121 23120 23122
27495 1428 23124 23123 23125
27496 1428 23127 23126 23128
27497 1428 23130 23129 23131
27498 1428 23133 23132 23134
27499 1428 23136 23135 23137
27500 1428 23139 23138 23140
27501 1428 23142 23141 23143
27502 1428 23145 23144 23146
27503 1428 23148 23147 23149
27504 1428 23151 23150 23152
27505 1428 23154 23153 23155
27506 1428 23157 23156 23158
27507 1428 23160 23159 23161
27508 1428 23163 23162 23164
27509 1428 23166 23165 23167
27510 1428 23169 23168 23170
27511 1428 23172 23171 23173
27512 1428 23175 23174 23176
27513 1428 23178 23177 23179
27514 1428 23181 23180 23182
27515 1428 23184 23183 23185
27516 1428 23187 23186 23188
27517 1428 23190 23189 23191
27518 1428 23193 23192 23194
27519 1428 23196 23195 23197
27520 1428 23199 23198 23200
27521 1428 23202 23201 23203
27522 1428 23205 23204 23206
27523 1428 23208 23207 23209
27524 1428 23211 23210 23212
27525 1428 23214 23213 23215
27526 1428 23217 23216 23218
27527 1428 23220 23219 23221
27528 1428 23223 23222 23224
27529 1428 23226 23225 23227
27530 1428 23229 23228 23230
27531 1428 23232 23231 23233
27532 1428 23235 23234 23236
27533 1428 23238 23237 23239
27534 1428 23241 23240 23242
27535 1428 23244 23243 23245
27536 1428 23247 23246 23248
27537 1428 23250 23249 23251
27538 1428 23253 23252 23254
27539 1428 23256 23255 23257
27540 1428 23259 23258 23260
27541 1428 23262 23261 23263
27542 1428 23265 23264 23266
27543 1428 23268 23267 23269
27544 1428 23271 23270 23272
27545 1428 23274 23273 23275
27546 1428 23277 23276 23278
27547 1428 23280 23279 23281
27548 1428 23283 23282 23284
27549 1428 23286 23285 23287
27550 1428 23289 23288 23290
27551 1428 23292 23291 23293
27552 1428 23295 23294 23296
27553 1428 23298 23297 23299
27554 1428 23301 23300 23302
27555 1428 23304 23303 23305
27556 1428 23307 23306 23308
27557 1428 23310 23309 23311
27558 1428 23313 23312 23314
27559 1428 23316 23315 23317
27560 1428 23319 23318 23320
27561 1428 23322 23321 23323
27562 1428 23325 23324 23326
27563 1428 23328 23327 23329
27564 1428 23331 23330 23332
27565 1428 23334 23333 23335
27566 1428 23337 23336 23338
27567 1428 23340 23339 23341
27568 1428 23343 23342 23344
27569 1428 23346 23345 23347
27570 1428 23349 23348 23350
27571 1428 23352 23351 23353
27572 1428 23355 23354 23356
27573 1428 23358 23357 23359
27574 1428 23361 23360 23362
27575 1428 23364 23363 23365
27576 1428 23367 23366 23368
27577 1428 23370 23369 23371
27578 1428 23373 23372 23374
27579 1428 23376 23375 23377
27580 1428 23379 23378 23380
27581 1428 23382 23381 23383
27582 1428 23385 23384 23386
27583 1428 23388 23387 23389
27584 1428 23391 23390 23392
27585 1428 23394 23393 23395
27586 1428 23397 23396 23398
27587 1428 23400 23399 23401
27588 1428 23403 23402 23404
27589 1428 23406 23405 23407
27590 1428 23409 23408 23410
27591 1428 23412 23411 23413
27592 1428 23415 23414 23416
27593 1428 23418 23417 23419
27594 1428 23421 23420 23422
27595 1428 23424 23423 23425
27596 1428 23427 23426 23428
27597 1428 23430 23429 23431
27598 1428 23433 23432 23434
27599 1428 23436 23435 23437
27600 1428 23439 23438 23440
27601 1428 23442 23441 23443
27602 1428 23445 23444 23446
27603 1428 23448 23447 23449
27604 1428 23451 23450 23452
27605 1428 23454 23453 23455
27606 1428 23457 23456 23458
27607 1428 23460 23459 23461
27608 1428 23463 23462 23464
27609 1428 23466 23465 23467
27610 1428 23469 23468 23470
27611 1428 23472 23471 23473
27612 1428 23475 23474 23476
27613 1428 23478 23477 23479
27614 1428 23481 23480 23482
27615 1428 23484 23483 23485
27616 1428 23487 23486 23488
27617 1428 23490 23489 23491
27618 1428 23493 23492 23494
27619 1428 23496 23495 23497
27620 1428 23499 23498 23500
27621 1428 23502 23501 23503
27622 1428 23505 23504 23506
27623 1428 23508 23507 23509
27624 1428 23511 23510 23512
27625 1428 23514 23513 23515
27626 1428 23517 23516 23518
27627 1428 23520 23519 23521
27628 1428 23523 23522 23524
27629 1428 23526 23525 23527
27630 1428 23529 23528 23530
27631 1428 23532 23531 23533
27632 1428 23535 23534 23536
27633 1428 23538 23537 23539
27634 1428 23541 23540 23542
27635 1428 23544 23543 23545
27636 1428 23547 23546 23548
27637 1428 23550 23549 23551
27638 1428 23553 23552 23554
27639 1428 23556 23555 23557
27640 1428 23559 23558 23560
27641 1428 23562 23561 23563
27642 1428 23565 23564 23566
27643 1428 23568 23567 23569
27644 1428 23571 23570 23572
27645 1428 23574 23573 23575
27646 1428 23577 23576 23578
27647 1428 23580 23579 23581
27648 1428 23583 23582 23584
27649 1428 23586 23585 23587
27650 1428 23589 23588 23590
27651 1428 23592 23591 23593
27652 1428 23595 23594 23596
27653 1428 23598 23597 23599
27654 1428 23601 23600 23602
27655 1428 23604 23603 23605
27656 1428 23607 23606 23608
27657 1428 23610 23609 23611
27658 1428 23613 23612 23614
27659 1428 23616 23615 23617
27660 1428 23619 23618 23620
27661 1428 23622 23621 23623
27662 1428 23625 23624 23626
27663 1428 23628 23627 23629
27664 1428 23631 23630 23632
27665 1428 23634 23633 23635
27666 1428 23637 23636 23638
27667 1428 23640 23639 23641
27668 1428 23643 23642 23644
27669 1428 23646 23645 23647
27670 1428 23649 23648 23650
27671 1428 23652 23651 23653
27672 1428 23655 23654 23656
27673 1428 23658 23657 23659
27674 1428 23661 23660 23662
27675 1428 23664 23663 23665
27676 1428 23667 23666 23668
27677 1428 23670 23669 23671
27678 1428 23673 23672 23674
27679 1428 23676 23675 23677
27680 1428 23679 23678 23680
27681 1428 23682 23681 23683
27682 1428 23685 23684 23686
27683 1428 23688 23687 23689
27684 1428 23691 23690 23692
27685 1428 23694 23693 23695
27686 1428 23697 23696 23698
27687 1428 23700 23699 23701
27688 1428 23703 23702 23704
27689 1428 23706 23705 23707
27690 1428 23709 23708 23710
27691 1428 23712 23711 23713
27692 1428 23715 23714 23716
27693 1428 23718 23717 23719
27694 1428 23721 23720 23722
27695 1428 23724 23723 23725
27696 1428 23727 23726 23728
27697 1428 23730 23729 23731
27698 1428 23733 23732 23734
27699 1428 23736 23735 23737
27700 1428 23739 23738 23740
27701 1428 23742 23741 23743
27702 1428 23745 23744 23746
27703 1428 23748 23747 23749
27704 1428 23751 23750 23752
27705 1428 23754 23753 23755
27706 1428 23757 23756 23758
27707 1428 23760 23759 23761
27708 1428 23763 23762 23764
27709 1428 23766 23765 23767
27710 1428 23769 23768 23770
27711 1428 23772 23771 23773
27712 1428 23775 23774 23776
27713 1428 23778 23777 23779
27714 1428 23781 23780 23782
27715 1428 23784 23783 23785
27716 1428 23787 23786 23788
27717 1428 23790 23789 23791
27718 1428 23793 23792 23794
27719 1428 23796 23795 23797
27720 1428 23799 23798 23800
27721 1428 23802 23801 23803
27722 1428 23805 23804 23806
27723 1428 23808 23807 23809
27724 1428 23811 23810 23812
27725 1428 23814 23813 23815
27726 1428 23817 23816 23818
27727 1428 23820 23819 23821
27728 1428 23823 23822 23824
27729 1428 23826 23825 23827
27730 1428 23829 23828 23830
27731 1428 23832 23831 23833
27732 1428 23835 23834 23836
27733 1428 23838 23837 23839
27734 1428 23841 23840 23842
27735 1428 23844 23843 23845
27736 1428 23847 23846 23848
27737 1428 23850 23849 23851
27738 1428 23853 23852 23854
27739 1428 23856 23855 23857
27740 1428 23859 23858 23860
27741 1428 23862 23861 23863
27742 1428 23865 23864 23866
27743 1428 23868 23867 23869
27744 1428 23871 23870 23872
27745 1428 23874 23873 23875
27746 1428 23877 23876 23878
27747 1428 23880 23879 23881
27748 1428 23883 23882 23884
27749 1428 23886 23885 23887
27750 1428 23889 23888 23890
27751 1428 23892 23891 23893
27752 1428 23895 23894 23896
27753 1428 23898 23897 23899
27754 1428 23901 23900 23902
27755 1428 23904 23903 23905
27756 1428 23907 23906 23908
27757 1428 23910 23909 23911
27758 1428 23913 23912 23914
27759 1428 23916 23915 23917
27760 1428 23919 23918 23920
27761 1428 23922 23921 23923
27762 1428 23925 23924 23926
27763 1428 23928 23927 23929
27764 1428 23931 23930 23932
27765 1428 23934 23933 23935
27766 1428 23937 23936 23938
27767 1428 23940 23939 23941
27768 1428 23943 23942 23944
27769 1428 23946 23945 23947
27770 1428 23949 23948 23950
27771 1428 23952 23951 23953
27772 1428 23955 23954 23956
27773 1428 23958 23957 23959
27774 1428 23961 23960 23962
27775 1428 23964 23963 23965
27776 1428 23967 23966 23968
27777 1428 23970 23969 23971
27778 1428 23973 23972 23974
27779 1428 23976 23975 23977
27780 1428 23979 23978 23980
27781 1428 23982 23981 23983
27782 1428 23985 23984 23986
27783 1428 23988 23987 23989
27784 1428 23991 23990 23992
27785 1428 23994 23993 23995
27786 1428 23997 23996 23998
27787 1428 24000 23999 24001
27788 1428 24003 24002 24004
27789 1428 24006 24005 24007
27790 1428 24009 24008 24010
27791 1428 24012 24011 24013
27792 1428 24015 24014 24016
27793 1428 24018 24017 24019
27794 1428 24021 24020 24022
27795 1428 24024 24023 24025
27796 1428 24027 24026 24028
27797 1428 24030 24029 24031
27798 1428 24033 24032 24034
27799 1428 24036 24035 24037
27800 1428 24039 24038 24040
27801 1428 24042 24041 24043
27802 1428 24045 24044 24046
27803 1428 24048 24047 24049
27804 1428 24051 24050 24052
27805 1428 24054 24053 24055
27806 1428 24057 24056 24058
27807 1428 24060 24059 24061
27808 1428 24063 24062 24064
27809 1428 24066 24065 24067
27810 1428 24069 24068 24070
27811 1428 24072 24071 24073
27812 1428 24075 24074 24076
27813 1428 24078 24077 24079
27814 1428 24081 24080 24082
27815 1428 24084 24083 24085
27816 1428 24087 24086 24088
27817 1428 24090 24089 24091
27818 1428 24093 24092 24094
27819 1428 24096 24095 24097
27820 1428 24099 24098 24100
27821 1428 24102 24101 24103
27822 1428 24105 24104 24106
27823 1428 24108 24107 24109
27824 1428 24111 24110 24112
27825 1428 24114 24113 24115
27826 1428 24117 24116 24118
27827 1428 24120 24119 24121
27828 1428 24123 24122 24124
27829 1428 24126 24125 24127
27830 1428 24129 24128 24130
27831 1428 24132 24131 24133
27832 1428 24135 24134 24136
27833 1428 24138 24137 24139
27834 1428 24141 24140 24142
27835 1428 24144 24143 24145
27836 1428 24147 24146 24148
27837 1428 24150 24149 24151
27838 1428 24153 24152 24154
27839 1428 24156 24155 24157
27840 1428 24159 24158 24160
27841 1428 24162 24161 24163
27842 1428 24165 24164 24166
27843 1428 24168 24167 24169
27844 1428 24171 24170 24172
27845 1428 24174 24173 24175
27846 1428 24177 24176 24178
27847 1428 24180 24179 24181
27848 1428 24183 24182 24184
27849 1428 24186 24185 24187
27850 1428 24189 24188 24190
27851 1428 24192 24191 24193
27852 1428 24195 24194 24196
27853 1428 24198 24197 24199
27854 1428 24201 24200 24202
27855 1428 24204 24203 24205
27856 1428 24207 24206 24208
27857 1428 24210 24209 24211
27858 1428 24213 24212 24214
27859 1428 24216 24215 24217
27860 1428 24219 24218 24220
27861 1428 24222 24221 24223
27862 1428 24225 24224 24226
27863 1428 24228 24227 24229
27864 1428 24231 24230 24232
27865 1428 24234 24233 24235
27866 1428 24237 24236 24238
27867 1428 24240 24239 24241
27868 1428 24243 24242 24244
27869 1428 24246 24245 24247
27870 1428 24249 24248 24250
27871 1428 24252 24251 24253
27872 1428 24255 24254 24256
27873 1428 24258 24257 24259
27874 1428 24261 24260 24262
27875 1428 24264 24263 24265
27876 1428 24267 24266 24268
27877 1428 24270 24269 24271
27878 1428 24273 24272 24274
27879 1428 24276 24275 24277
27880 1428 24279 24278 24280
27881 1428 24282 24281 24283
27882 1428 24285 24284 24286
27883 1428 24288 24287 24289
27884 1428 24291 24290 24292
27885 1428 24294 24293 24295
27886 1428 24297 24296 24298
27887 1428 24300 24299 24301
27888 1428 24303 24302 24304
27889 1428 24306 24305 24307
27890 1428 24309 24308 24310
27891 1428 24312 24311 24313
27892 1428 24315 24314 24316
27893 1428 24318 24317 24319
27894 1428 24321 24320 24322
27895 1428 24324 24323 24325
27896 1428 24327 24326 24328
27897 1428 24330 24329 24331
27898 1428 24333 24332 24334
27899 1428 24336 24335 24337
27900 1428 24339 24338 24340
27901 1428 24342 24341 24343
27902 1428 24345 24344 24346
27903 1428 24348 24347 24349
27904 1428 24351 24350 24352
27905 1428 24354 24353 24355
27906 1428 24357 24356 24358
27907 1428 24360 24359 24361
27908 1428 24363 24362 24364
27909 1428 24366 24365 24367
27910 1428 24369 24368 24370
27911 1428 24372 24371 24373
27912 1428 24375 24374 24376
27913 1428 24378 24377 24379
27914 1428 24381 24380 24382
27915 1428 24384 24383 24385
27916 1428 24387 24386 24388
27917 1428 24390 24389 24391
27918 1428 24393 24392 24394
27919 1428 24396 24395 24397
27920 1428 24399 24398 24400
27921 1428 24402 24401 24403
27922 1428 24405 24404 24406
27923 1428 24408 24407 24409
27924 1428 24411 24410 24412
27925 1428 24414 24413 24415
27926 1428 24417 24416 24418
27927 1428 24420 24419 24421
27928 1428 24423 24422 24424
27929 1428 24426 24425 24427
27930 1428 24429 24428 24430
27931 1428 24432 24431 24433
27932 1428 24435 24434 24436
27933 1428 24438 24437 24439
27934 1428 24441 24440 24442
27935 1428 24444 24443 24445
27936 1428 24447 24446 24448
27937 1428 24450 24449 24451
27938 1428 24453 24452 24454
27939 1428 24456 24455 24457
27940 1428 24459 24458 24460
27941 1428 24462 24461 24463
27942 1428 24465 24464 24466
27943 1428 24468 24467 24469
27944 1428 24471 24470 24472
27945 1428 24474 24473 24475
27946 1428 24477 24476 24478
27947 1428 24480 24479 24481
27948 1428 24483 24482 24484
27949 1428 24486 24485 24487
27950 1428 24489 24488 24490
27951 1428 24492 24491 24493
27952 1428 24495 24494 24496
27953 1428 24498 24497 24499
27954 1428 24501 24500 24502
27955 1428 24504 24503 24505
27956 1428 24507 24506 24508
27957 1428 24510 24509 24511
27958 1428 24513 24512 24514
27959 1428 24516 24515 24517
27960 1428 24519 24518 24520
27961 1428 24522 24521 24523
27962 1428 24525 24524 24526
27963 1428 24528 24527 24529
27964 1428 24531 24530 24532
27965 1428 24534 24533 24535
27966 1428 24537 24536 24538
27967 1428 24540 24539 24541
27968 1428 24543 24542 24544
27969 1428 24546 24545 24547
27970 1428 24549 24548 24550
27971 1428 24552 24551 24553
27972 1428 24555 24554 24556
27973 1428 24558 24557 24559
27974 1428 24561 24560 24562
27975 1428 24564 24563 24565
27976 1428 24567 24566 24568
27977 1428 24570 24569 24571
27978 1428 24573 24572 24574
27979 1428 24576 24575 24577
27980 1428 24579 24578 24580
27981 1428 24582 24581 24583
27982 1428 24585 24584 24586
27983 1428 24588 24587 24589
27984 1428 24591 24590 24592
27985 1428 24594 24593 24595
27986 1428 24597 24596 24598
27987 1428 24600 24599 24601
27988 1428 24603 24602 24604
27989 1428 24606 24605 24607
27990 1428 24609 24608 24610
27991 1428 24612 24611 24613
27992 1428 24615 24614 24616
27993 1428 24618 24617 24619
27994 1428 24621 24620 24622
27995 1428 24624 24623 24625
27996 1428 24627 24626 24628
27997 1428 24630 24629 24631
27998 1428 24633 24632 24634
27999 1428 24636 24635 24637
28000 1428 24639 24638 24640
28001 1428 24642 24641 24643
28002 1428 24645 24644 24646
28003 1428 24648 24647 24649
28004 1428 24651 24650 24652
28005 1428 24654 24653 24655
28006 1428 24657 24656 24658
28007 1428 24660 24659 24661
28008 1428 24663 24662 24664
28009 1428 24666 24665 24667
28010 1428 24669 24668 24670
28011 1428 24672 24671 24673
28012 1428 24675 24674 24676
28013 1428 24678 24677 24679
28014 1428 24681 24680 24682
28015 1428 24684 24683 24685
28016 1428 24687 24686 24688
28017 1428 24690 24689 24691
28018 1428 24693 24692 24694
28019 1428 24696 24695 24697
28020 1428 24699 24698 24700
28021 1428 24702 24701 24703
28022 1428 24705 24704 24706
28023 1428 24708 24707 24709
28024 1428 24711 24710 24712
28025 1428 24714 24713 24715
28026 1428 24717 24716 24718
28027 1428 24720 24719 24721
28028 1428 24723 24722 24724
28029 1428 24726 24725 24727
28030 1428 24729 24728 24730
28031 1428 24732 24731 24733
28032 1428 24735 24734 24736
28033 1428 24738 24737 24739
28034 1428 24741 24740 24742
28035 1428 24744 24743 24745
28036 1428 24747 24746 24748
28037 1428 24750 24749 24751
28038 1428 24753 24752 24754
28039 1428 24756 24755 24757
28040 1428 24759 24758 24760
28041 1428 24762 24761 24763
28042 1428 24765 24764 24766
28043 1428 24768 24767 24769
28044 1428 24771 24770 24772
28045 1428 24774 24773 24775
28046 1428 24777 24776 24778
28047 1428 24780 24779 24781
28048 1428 24783 24782 24784
28049 1428 24786 24785 24787
28050 1428 24789 24788 24790
28051 1428 24792 24791 24793
28052 1428 24795 24794 24796
28053 1428 24798 24797 24799
28054 1428 24801 24800 24802
28055 1428 24804 24803 24805
28056 1428 24807 24806 24808
28057 1428 24810 24809 24811
28058 1428 24813 24812 24814
28059 1428 24816 24815 24817
28060 1428 24819 24818 24820
28061 1428 24822 24821 24823
28062 1428 24825 24824 24826
28063 1428 24828 24827 24829
28064 1428 24831 24830 24832
28065 1428 24834 24833 24835
28066 1428 24837 24836 24838
28067 1428 24840 24839 24841
28068 1428 24843 24842 24844
28069 1428 24846 24845 24847
28070 1428 24849 24848 24850
28071 1428 24852 24851 24853
28072 1428 24855 24854 24856
28073 1428 24858 24857 24859
28074 1428 24861 24860 24862
28075 1428 24864 24863 24865
28076 1428 24867 24866 24868
28077 1428 24870 24869 24871
28078 1428 24873 24872 24874
28079 1428 24876 24875 24877
28080 1428 24879 24878 24880
28081 1428 24882 24881 24883
28082 1428 24885 24884 24886
28083 1428 24888 24887 24889
28084 1428 24891 24890 24892
28085 1428 24894 24893 24895
28086 1428 24897 24896 24898
28087 1428 24900 24899 24901
28088 1428 24903 24902 24904
28089 1428 24906 24905 24907
28090 1428 24909 24908 24910
28091 1428 24912 24911 24913
28092 1428 24915 24914 24916
28093 1428 24918 24917 24919
28094 1428 24921 24920 24922
28095 1428 24924 24923 24925
28096 1428 24927 24926 24928
28097 1428 24930 24929 24931
28098 1428 24933 24932 24934
28099 1428 24936 24935 24937
28100 1428 24939 24938 24940
28101 1428 24942 24941 24943
28102 1428 24945 24944 24946
28103 1428 24948 24947 24949
28104 1428 24951 24950 24952
28105 1428 24954 24953 24955
28106 1428 24957 24956 24958
28107 1428 24960 24959 24961
28108 1428 24963 24962 24964
28109 1428 24966 24965 24967
28110 1428 24969 24968 24970
28111 1428 24972 24971 24973
28112 1428 24975 24974 24976
28113 1428 24978 24977 24979
28114 1428 24981 24980 24982
28115 1428 24984 24983 24985
28116 1428 24987 24986 24988
28117 1428 24990 24989 24991
28118 1428 24993 24992 24994
28119 1428 24996 24995 24997
28120 1428 24999 24998 25000
28121 1428 25002 25001 25003
28122 1428 25005 25004 25006
28123 1428 25008 25007 25009
28124 1428 25011 25010 25012
28125 1428 25014 25013 25015
28126 1428 25017 25016 25018
28127 1428 25020 25019 25021
28128 1428 25023 25022 25024
28129 1428 25026 25025 25027
28130 1428 25029 25028 25030
28131 1428 25032 25031 25033
28132 1428 25035 25034 25036
28133 1428 25038 25037 25039
28134 1428 25041 25040 25042
28135 1428 25044 25043 25045
28136 1428 25047 25046 25048
28137 1428 25050 25049 25051
28138 1428 25053 25052 25054
28139 1428 25056 25055 25057
28140 1428 25059 25058 25060
28141 1428 25062 25061 25063
28142 1428 25065 25064 25066
28143 1428 25068 25067 25069
28144 1428 25071 25070 25072
28145 1428 25074 25073 25075
28146 1428 25077 25076 25078
28147 1428 25080 25079 25081
28148 1428 25083 25082 25084
28149 1428 25086 25085 25087
28150 1428 25089 25088 25090
28151 1428 25092 25091 25093
28152 1428 25095 25094 25096
28153 1428 25098 25097 25099
28154 1428 25101 25100 25102
28155 1428 25104 25103 25105
28156 1428 25107 25106 25108
28157 1428 25110 25109 25111
28158 1428 25113 25112 25114
28159 1428 25116 25115 25117
28160 1428 25119 25118 25120
28161 1428 25122 25121 25123
28162 1428 25125 25124 25126
28163 1428 25128 25127 25129
28164 1428 25131 25130 25132
28165 1428 25134 25133 25135
28166 1428 25137 25136 25138
28167 1428 25140 25139 25141
28168 1428 25143 25142 25144
28169 1428 25146 25145 25147
28170 1428 25149 25148 25150
28171 1428 25152 25151 25153
28172 1428 25155 25154 25156
28173 1428 25158 25157 25159
28174 1428 25161 25160 25162
28175 1428 25164 25163 25165
28176 1428 25167 25166 25168
28177 1428 25170 25169 25171
28178 1428 25173 25172 25174
28179 1428 25176 25175 25177
28180 1428 25179 25178 25180
28181 1428 25182 25181 25183
28182 1428 25185 25184 25186
28183 1428 25188 25187 25189
28184 1428 25191 25190 25192
28185 1428 25194 25193 25195
28186 1428 25197 25196 25198
28187 1428 25200 25199 25201
28188 1428 25203 25202 25204
28189 1428 25206 25205 25207
28190 1428 25209 25208 25210
28191 1428 25212 25211 25213
28192 1428 25215 25214 25216
28193 1428 25218 25217 25219
28194 1428 25221 25220 25222
28195 1428 25224 25223 25225
28196 1428 25227 25226 25228
28197 1428 25230 25229 25231
28198 1428 25233 25232 25234
28199 1428 25236 25235 25237
28200 1428 25239 25238 25240
28201 1428 25242 25241 25243
28202 1428 25245 25244 25246
28203 1428 25248 25247 25249
28204 1428 25251 25250 25252
28205 1428 25254 25253 25255
28206 1428 25257 25256 25258
28207 1428 25260 25259 25261
28208 1428 25263 25262 25264
28209 1428 25266 25265 25267
28210 1428 25269 25268 25270
28211 1428 25272 25271 25273
28212 1428 25275 25274 25276
28213 1428 25278 25277 25279
28214 1428 25281 25280 25282
28215 1428 25284 25283 25285
28216 1428 25287 25286 25288
28217 1428 25290 25289 25291
28218 1428 25293 25292 25294
28219 1428 25296 25295 25297
28220 1428 25299 25298 25300
28221 1428 25302 25301 25303
28222 1428 25305 25304 25306
28223 1428 25308 25307 25309
28224 1428 25311 25310 25312
28225 1428 25314 25313 25315
28226 1428 25317 25316 25318
28227 1428 25320 25319 25321
28228 1428 25323 25322 25324
28229 1428 25326 25325 25327
28230 1428 25329 25328 25330
28231 1428 25332 25331 25333
28232 1428 25335 25334 25336
28233 1428 25338 25337 25339
28234 1428 25341 25340 25342
28235 1428 25344 25343 25345
28236 1428 25347 25346 25348
28237 1428 25350 25349 25351
28238 1428 25353 25352 25354
28239 1428 25356 25355 25357
28240 1428 25359 25358 25360
28241 1428 25362 25361 25363
28242 1428 25365 25364 25366
28243 1428 25368 25367 25369
28244 1428 25371 25370 25372
28245 1428 25374 25373 25375
28246 1428 25377 25376 25378
28247 1428 25380 25379 25381
28248 1428 25383 25382 25384
28249 1428 25386 25385 25387
28250 1428 25389 25388 25390
28251 1428 25392 25391 25393
28252 1428 25395 25394 25396
28253 1428 25398 25397 25399
28254 1428 25401 25400 25402
28255 1428 25404 25403 25405
28256 1428 25407 25406 25408
28257 1428 25410 25409 25411
28258 1428 25413 25412 25414
28259 1428 25416 25415 25417
28260 1428 25419 25418 25420
28261 1428 25422 25421 25423
28262 1428 25425 25424 25426
28263 1428 25428 25427 25429
28264 1428 25431 25430 25432
28265 1428 25434 25433 25435
28266 1428 25437 25436 25438
28267 1428 25440 25439 25441
28268 1428 25443 25442 25444
28269 1428 25446 25445 25447
28270 1428 25449 25448 25450
28271 1428 25452 25451 25453
28272 1428 25455 25454 25456
28273 1428 25458 25457 25459
28274 1428 25461 25460 25462
28275 1428 25464 25463 25465
28276 1428 25467 25466 25468
28277 1428 25470 25469 25471
28278 1428 25473 25472 25474
28279 1428 25476 25475 25477
28280 1428 25479 25478 25480
28281 1428 25482 25481 25483
28282 1428 25485 25484 25486
28283 1428 25488 25487 25489
28284 1428 25491 25490 25492
28285 1428 25494 25493 25495
28286 1428 25497 25496 25498
28287 1428 25500 25499 25501
28288 1428 25503 25502 25504
28289 1428 25506 25505 25507
28290 1428 25509 25508 25510
28291 1428 25512 25511 25513
28292 1428 25515 25514 25516
28293 1428 25518 25517 25519
28294 1428 25521 25520 25522
28295 1428 25524 25523 25525
28296 1428 25527 25526 25528
28297 1428 25530 25529 25531
28298 1428 25533 25532 25534
28299 1428 25536 25535 25537
28300 1428 25539 25538 25540
28301 1428 25542 25541 25543
28302 1428 25545 25544 25546
28303 1428 25548 25547 25549
28304 1428 25551 25550 25552
28305 1428 25554 25553 25555
28306 1428 25557 25556 25558
28307 1428 25560 25559 25561
28308 1428 25563 25562 25564
28309 1428 25566 25565 25567
28310 1428 25569 25568 25570
28311 1428 25572 25571 25573
28312 1428 25575 25574 25576
28313 1428 25578 25577 25579
28314 1428 25581 25580 25582
28315 1428 25584 25583 25585
28316 1428 25587 25586 25588
28317 1428 25590 25589 25591
28318 1428 25593 25592 25594
28319 1428 25596 25595 25597
28320 1428 25599 25598 25600
28321 1428 25602 25601 25603
28322 1428 25605 25604 25606
28323 1428 25608 25607 25609
28324 1428 25611 25610 25612
28325 1428 25614 25613 25615
28326 1428 25617 25616 25618
28327 1428 25620 25619 25621
28328 1428 25623 25622 25624
28329 1428 25626 25625 25627
28330 1428 25629 25628 25630
28331 1428 25632 25631 25633
28332 1428 25635 25634 25636
28333 1428 25638 25637 25639
28334 1428 25641 25640 25642
28335 1428 25644 25643 25645
28336 1428 25647 25646 25648
28337 1428 25650 25649 25651
28338 1428 25653 25652 25654
28339 1428 25656 25655 25657
28340 1428 25659 25658 25660
28341 1428 25662 25661 25663
28342 1428 25665 25664 25666
28343 1428 25668 25667 25669
28344 1428 25671 25670 25672
28345 1428 25674 25673 25675
28346 1428 25677 25676 25678
28347 1428 25680 25679 25681
28348 1428 25683 25682 25684
28349 1428 25686 25685 25687
28350 1428 25689 25688 25690
28351 1428 25692 25691 25693
28352 1428 25695 25694 25696
28353 1428 25698 25697 25699
28354 1428 25701 25700 25702
28355 1428 25704 25703 25705
28356 1428 25707 25706 25708
28357 1428 25710 25709 25711
28358 1428 25713 25712 25714
28359 1428 25716 25715 25717
28360 1428 25719 25718 25720
28361 1428 25722 25721 25723
28362 1428 25725 25724 25726
28363 1428 25728 25727 25729
28364 1428 25731 25730 25732
28365 1428 25734 25733 25735
28366 1428 25737 25736 25738
28367 1428 25740 25739 25741
28368 1428 25743 25742 25744
28369 1428 25746 25745 25747
28370 1428 25749 25748 25750
28371 1428 25752 25751 25753
28372 1428 25755 25754 25756
28373 1428 25758 25757 25759
28374 1428 25761 25760 25762
28375 1428 25764 25763 25765
28376 1428 25767 25766 25768
28377 1428 25770 25769 25771
28378 1428 25773 25772 25774
28379 1428 25776 25775 25777
28380 1428 25779 25778 25780
28381 1428 25782 25781 25783
28382 1428 25785 25784 25786
28383 1428 25788 25787 25789
28384 1428 25791 25790 25792
28385 1428 25794 25793 25795
28386 1428 25797 25796 25798
28387 1428 25800 25799 25801
28388 1428 25803 25802 25804
28389 1428 25806 25805 25807
28390 1428 25809 25808 25810
28391 1428 25812 25811 25813
28392 1428 25815 25814 25816
28393 1428 25818 25817 25819
28394 1428 25821 25820 25822
28395 1428 25824 25823 25825
28396 1428 25827 25826 25828
28397 1428 25830 25829 25831
28398 1428 25833 25832 25834
28399 1428 25836 25835 25837
28400 1428 25839 25838 25840
28401 1428 25842 25841 25843
28402 1428 25845 25844 25846
28403 1428 25848 25847 25849
28404 1428 25851 25850 25852
28405 1428 25854 25853 25855
28406 1428 25857 25856 25858
28407 1428 25860 25859 25861
28408 1428 25863 25862 25864
28409 1428 25866 25865 25867
28410 1428 25869 25868 25870
28411 1428 25872 25871 25873
28412 1428 25875 25874 25876
28413 1428 25878 25877 25879
28414 1428 25881 25880 25882
28415 1428 25884 25883 25885
28416 1428 25887 25886 25888
28417 1428 25890 25889 25891
28418 1428 25893 25892 25894
28419 1428 25896 25895 25897
28420 1428 25899 25898 25900
28421 1428 25902 25901 25903
28422 1428 25905 25904 25906
28423 1428 25908 25907 25909
28424 1428 25911 25910 25912
28425 1428 25914 25913 25915
28426 1428 25917 25916 25918
28427 1428 25920 25919 25921
28428 1428 25923 25922 25924
28429 1428 25926 25925 25927
28430 1428 25929 25928 25930
28431 1428 25932 25931 25933
28432 1428 25935 25934 25936
28433 1428 25938 25937 25939
28434 1428 25941 25940 25942
28435 1428 25944 25943 25945
28436 1428 25947 25946 25948
28437 1428 25950 25949 25951
28438 1428 25953 25952 25954
28439 1428 25956 25955 25957
28440 1428 25959 25958 25960
28441 1428 25962 25961 25963
28442 1428 25965 25964 25966
28443 1428 25968 25967 25969
28444 1428 25971 25970 25972
28445 1428 25974 25973 25975
28446 1428 25977 25976 25978
28447 1428 25980 25979 25981
28448 1428 25983 25982 25984
28449 1428 25986 25985 25987
28450 1428 25989 25988 25990
28451 1428 25992 25991 25993
28452 1428 25995 25994 25996
28453 1428 25998 25997 25999
28454 1428 26001 26000 26002
28455 1428 26004 26003 26005
28456 1428 26007 26006 26008
28457 1428 26010 26009 26011
28458 1428 26013 26012 26014
28459 1428 26016 26015 26017
28460 1428 26019 26018 26020
28461 1428 26022 26021 26023
28462 1428 26025 26024 26026
28463 1428 26028 26027 26029
28464 1428 26031 26030 26032
28465 1428 26034 26033 26035
28466 1428 26037 26036 26038
28467 1428 26040 26039 26041
28468 1428 26043 26042 26044
28469 1428 26046 26045 26047
28470 1428 26049 26048 26050
28471 1428 26052 26051 26053
28472 1428 26055 26054 26056
28473 1428 26058 26057 26059
28474 1428 26061 26060 26062
28475 1428 26064 26063 26065
28476 1428 26067 26066 26068
28477 1428 26070 26069 26071
28478 1428 26073 26072 26074
28479 1428 26076 26075 26077
28480 1428 26079 26078 26080
28481 1428 26082 26081 26083
28482 1428 26085 26084 26086
28483 1428 26088 26087 26089
28484 1428 26091 26090 26092
28485 1428 26094 26093 26095
28486 1428 26097 26096 26098
28487 1428 26100 26099 26101
28488 1428 26103 26102 26104
28489 1428 26106 26105 26107
28490 1428 26109 26108 26110
28491 1428 26112 26111 26113
28492 1428 26115 26114 26116
28493 1428 26118 26117 26119
28494 1428 26121 26120 26122
28495 1428 26124 26123 26125
28496 1428 26127 26126 26128
28497 1428 26130 26129 26131
28498 1428 26133 26132 26134
28499 1428 26136 26135 26137
28500 1428 26139 26138 26140
28501 1428 26142 26141 26143
28502 1428 26145 26144 26146
28503 1428 26148 26147 26149
28504 1428 26151 26150 26152
28505 1428 26154 26153 26155
28506 1428 26157 26156 26158
28507 1428 26160 26159 26161
28508 1428 26163 26162 26164
28509 1428 26166 26165 26167
28510 1428 26169 26168 26170
28511 1428 26172 26171 26173
28512 1428 26175 26174 26176
28513 1428 26178 26177 26179
28514 1428 26181 26180 26182
28515 1428 26184 26183 26185
28516 1428 26187 26186 26188
28517 1428 26190 26189 26191
28518 1428 26193 26192 26194
28519 1428 26196 26195 26197
28520 1428 26199 26198 26200
28521 1428 26202 26201 26203
28522 1428 26205 26204 26206
28523 1428 26208 26207 26209
28524 1428 26211 26210 26212
28525 1428 26214 26213 26215
28526 1428 26217 26216 26218
28527 1428 26220 26219 26221
28528 1428 26223 26222 26224
28529 1428 26226 26225 26227
28530 1428 26229 26228 26230
28531 1428 26232 26231 26233
28532 1428 26235 26234 26236
28533 1428 26238 26237 26239
28534 1428 26241 26240 26242
28535 1428 26244 26243 26245
28536 1428 26247 26246 26248
28537 1428 26250 26249 26251
28538 1428 26253 26252 26254
28539 1428 26256 26255 26257
28540 1428 26259 26258 26260
28541 1428 26262 26261 26263
28542 1428 26265 26264 26266
28543 1428 26268 26267 26269
28544 1428 26271 26270 26272
28545 1428 26274 26273 26275
28546 1428 26277 26276 26278
28547 1428 26280 26279 26281
28548 1428 26283 26282 26284
28549 1428 26286 26285 26287
28550 1428 26289 26288 26290
28551 1428 26292 26291 26293
28552 1428 26295 26294 26296
28553 1428 26298 26297 26299
28554 1428 26301 26300 26302
28555 1428 26304 26303 26305
28556 1428 26307 26306 26308
28557 1428 26310 26309 26311
28558 1428 26313 26312 26314
28559 1428 26316 26315 26317
28560 1428 26319 26318 26320
28561 1428 26322 26321 26323
28562 1428 26325 26324 26326
28563 1428 26328 26327 26329
28564 1428 26331 26330 26332
28565 1428 26334 26333 26335
28566 1428 26337 26336 26338
28567 1428 26340 26339 26341
28568 1428 26343 26342 26344
28569 1428 26346 26345 26347
28570 1428 26349 26348 26350
28571 1428 26352 26351 26353
28572 1428 26355 26354 26356
28573 1428 26358 26357 26359
28574 1428 26361 26360 26362
28575 1428 26364 26363 26365
28576 1428 26367 26366 26368
28577 1428 26370 26369 26371
28578 1428 26373 26372 26374
28579 1428 26376 26375 26377
28580 1428 26379 26378 26380
28581 1428 26382 26381 26383
28582 1428 26385 26384 26386
28583 1428 26388 26387 26389
28584 1428 26391 26390 26392
28585 1428 26394 26393 26395
28586 1428 26397 26396 26398
28587 1428 26400 26399 26401
28588 1428 26403 26402 26404
28589 1428 26406 26405 26407
28590 1428 26409 26408 26410
28591 1428 26412 26411 26413
28592 1428 26415 26414 26416
28593 1428 26418 26417 26419
28594 1428 26421 26420 26422
28595 1428 26424 26423 26425
28596 1428 26427 26426 26428
28597 1428 26430 26429 26431
28598 1428 26433 26432 26434
28599 1428 26436 26435 26437
28600 1428 26439 26438 26440
28601 1428 26442 26441 26443
28602 1428 26445 26444 26446
28603 1428 26448 26447 26449
28604 1428 26451 26450 26452
28605 1428 26454 26453 26455
28606 1428 26457 26456 26458
28607 1428 26460 26459 26461
28608 1428 26463 26462 26464
28609 1428 26466 26465 26467
28610 1428 26469 26468 26470
28611 1428 26472 26471 26473
28612 1428 26475 26474 26476
28613 1428 26478 26477 26479
28614 1428 26481 26480 26482
28615 1428 26484 26483 26485
28616 1428 26487 26486 26488
28617 1428 26490 26489 26491
28618 1428 26493 26492 26494
28619 1428 26496 26495 26497
28620 1428 26499 26498 26500
28621 1428 26502 26501 26503
28622 1428 26505 26504 26506
28623 1428 26508 26507 26509
28624 1428 26511 26510 26512
28625 1428 26514 26513 26515
28626 1428 26517 26516 26518
28627 1428 26520 26519 26521
28628 1428 26523 26522 26524
28629 1428 26526 26525 26527
28630 1428 26529 26528 26530
28631 1428 26532 26531 26533
28632 1428 26535 26534 26536
28633 1428 26538 26537 26539
28634 1428 26541 26540 26542
28635 1428 26544 26543 26545
28636 1428 26547 26546 26548
28637 1428 26550 26549 26551
28638 1428 26553 26552 26554
28639 1428 26556 26555 26557
28640 1428 26559 26558 26560
28641 1428 26562 26561 26563
28642 1428 26565 26564 26566
28643 1428 26568 26567 26569
28644 1428 26571 26570 26572
28645 1428 26574 26573 26575
28646 1428 26577 26576 26578
28647 1428 26580 26579 26581
28648 1428 26583 26582 26584
28649 1428 26586 26585 26587
28650 1428 26589 26588 26590
28651 1428 26592 26591 26593
28652 1428 26595 26594 26596
28653 1428 26598 26597 26599
28654 1428 26601 26600 26602
28655 1428 26604 26603 26605
28656 1428 26607 26606 26608
28657 1428 26610 26609 26611
28658 1428 26613 26612 26614
28659 1428 26616 26615 26617
28660 1428 26619 26618 26620
28661 1428 26622 26621 26623
28662 1428 26625 26624 26626
28663 1428 26628 26627 26629
28664 1428 26631 26630 26632
28665 1428 26634 26633 26635
28666 1428 26637 26636 26638
28667 1428 26640 26639 26641
28668 1428 26643 26642 26644
28669 1428 26646 26645 26647
28670 1428 26649 26648 26650
28671 1428 26652 26651 26653
28672 1428 26655 26654 26656
28673 1428 26658 26657 26659
28674 1428 26661 26660 26662
28675 1428 26664 26663 26665
28676 1428 26667 26666 26668
28677 1428 26670 26669 26671
28678 1428 26673 26672 26674
28679 1428 26676 26675 26677
28680 1428 26679 26678 26680
28681 1428 26682 26681 26683
28682 1428 26685 26684 26686
28683 1428 26688 26687 26689
28684 1428 26691 26690 26692
28685 1428 26694 26693 26695
28686 1428 26697 26696 26698
28687 1428 26700 26699 26701
28688 1428 26703 26702 26704
28689 1428 26706 26705 26707
28690 1428 26709 26708 26710
28691 1428 26712 26711 26713
28692 1428 26715 26714 26716
28693 1428 26718 26717 26719
28694 1428 26721 26720 26722
28695 1428 26724 26723 26725
28696 1428 26727 26726 26728
28697 1428 26730 26729 26731
28698 1428 26733 26732 26734
28699 1428 26736 26735 26737
28700 1428 26739 26738 26740
28701 1428 26742 26741 26743
28702 1428 26745 26744 26746
28703 1428 26748 26747 26749
28704 1428 26751 26750 26752
28705 1428 26754 26753 26755
28706 1428 26757 26756 26758
28707 1428 26760 26759 26761
28708 1428 26763 26762 26764
28709 1428 26766 26765 26767
28710 1428 26769 26768 26770
28711 1428 26772 26771 26773
28712 1428 26775 26774 26776
28713 1428 26778 26777 26779
28714 1428 26781 26780 26782
28715 1428 26784 26783 26785
28716 1428 26787 26786 26788
28717 1428 26790 26789 26791
28718 1428 26793 26792 26794
28719 1428 26796 26795 26797
28720 1428 26799 26798 26800
28721 1428 26802 26801 26803
28722 1428 26805 26804 26806
28723 1428 26808 26807 26809
28724 1428 26811 26810 26812
28725 1428 26814 26813 26815
28726 1428 26817 26816 26818
28727 1428 26820 26819 26821
28728 1428 26823 26822 26824
28729 1428 26826 26825 26827
28730 1428 26829 26828 26830
28731 1428 26832 26831 26833
28732 1428 26835 26834 26836
28733 1428 26838 26837 26839
28734 1428 26841 26840 26842
28735 1428 26844 26843 26845
28736 1428 26847 26846 26848
28737 1428 26850 26849 26851
28738 1428 26853 26852 26854
28739 1428 26856 26855 26857
28740 1428 26859 26858 26860
28741 1428 26862 26861 26863
28742 1428 26865 26864 26866
28743 1428 26868 26867 26869
28744 1428 26871 26870 26872
28745 1428 26874 26873 26875
28746 1428 26877 26876 26878
28747 1428 26880 26879 26881
28748 1428 26883 26882 26884
28749 1428 26886 26885 26887
28750 1428 26889 26888 26890
28751 1428 26892 26891 26893
28752 1428 26895 26894 26896
28753 1428 26898 26897 26899
28754 1428 26901 26900 26902
28755 1428 26904 26903 26905
28756 1428 26907 26906 26908
28757 1428 26910 26909 26911
28758 1428 26913 26912 26914
28759 1428 26916 26915 26917
28760 1428 26919 26918 26920
28761 1428 26922 26921 26923
28762 1428 26925 26924 26926
28763 1428 26928 26927 26929
28764 1428 26931 26930 26932
28765 1428 26934 26933 26935
28766 1428 26937 26936 26938
28767 1428 26940 26939 26941
28768 1428 26943 26942 26944
28769 1428 26946 26945 26947
28770 1428 26949 26948 26950
28771 1428 26952 26951 26953
28772 1428 26955 26954 26956
28773 1428 26958 26957 26959
28774 1428 26961 26960 26962
28775 1428 26964 26963 26965
28776 1428 26967 26966 26968
28777 1428 26970 26969 26971
28778 1428 26973 26972 26974
28779 1428 26976 26975 26977
28780 1428 26979 26978 26980
28781 1428 26982 26981 26983
28782 1428 26985 26984 26986
28783 1428 26988 26987 26989
28784 1428 26991 26990 26992
28785 1428 26994 26993 26995
28786 1428 26997 26996 26998
28787 1428 27000 26999 27001
28788 1428 27003 27002 27004
28789 1428 27006 27005 27007
28790 1428 27009 27008 27010
28791 1428 27012 27011 27013
28792 1428 27015 27014 27016
28793 1428 27018 27017 27019
28794 1428 27021 27020 27022
28795 1428 27024 27023 27025
28796 1428 27027 27026 27028
28797 1428 27030 27029 27031
28798 1428 27033 27032 27034
28799 1428 27036 27035 27037
28800 1428 27039 27038 27040
28801 1428 27042 27041 27043
28802 1428 27045 27044 27046
28803 1428 27048 27047 27049
28804 1428 27051 27050 27052
28805 1428 27054 27053 27055
28806 1428 27057 27056 27058
28807 1428 27060 27059 27061
28808 1428 27063 27062 27064
28809 1428 27066 27065 27067
28810 1428 27069 27068 27070
28811 1428 27072 27071 27073
28812 1428 27075 27074 27076
28813 1428 27078 27077 27079
28814 1428 27081 27080 27082
28815 1428 27084 27083 27085
28816 1428 27087 27086 27088
28817 1428 27090 27089 27091
28818 1428 27093 27092 27094
28819 1428 27096 27095 27097
28820 1428 27099 27098 27100
28821 1428 27102 27101 27103
28822 1428 27105 27104 27106
28823 1428 27108 27107 27109
28824 1428 27111 27110 27112
28825 1428 27114 27113 27115
28826 1428 27117 27116 27118
28827 1428 27120 27119 27121
28828 1428 27123 27122 27124
28829 1428 27126 27125 27127
28830 1428 27129 27128 27130
28831 1428 27132 27131 27133
28832 1428 27135 27134 27136
28833 1428 27138 27137 27139
28834 1428 27141 27140 27142
28835 1428 27144 27143 27145
28836 1428 27147 27146 27148
28837 1428 27150 27149 27151
28838 1428 27153 27152 27154
28839 1428 27156 27155 27157
28840 1428 27159 27158 27160
28841 1428 27162 27161 27163
28842 1428 27165 27164 27166
28843 1428 27168 27167 27169
28844 1428 27171 27170 27172
28845 1428 27174 27173 27175
28846 1428 27177 27176 27178
28847 1428 27180 27179 27181
28848 1428 27183 27182 27184
28849 1428 27186 27185 27187
28850 1428 27189 27188 27190
28851 1428 27192 27191 27193
28852 1428 27195 27194 27196
28853 1428 27198 27197 27199
28854 1428 27201 27200 27202
28855 1428 27204 27203 27205
28856 1428 27207 27206 27208
28857 1428 27210 27209 27211
28858 1428 27213 27212 27214
28859 1428 27216 27215 27217
28860 1428 27219 27218 27220
28861 1428 27222 27221 27223
28862 1428 27225 27224 27226
28863 1428 27228 27227 27229
28864 1428 27231 27230 27232
28865 1428 27234 27233 27235
28866 1428 27237 27236 27238
28867 1428 27240 27239 27241
28868 1428 27243 27242 27244
28869 1428 27246 27245 27247
28870 1428 27249 27248 27250
28871 1428 27252 27251 27253
28872 1428 27255 27254 27256
28873 1428 27258 27257 27259
28874 1428 27261 27260 27262
28875 1428 27264 27263 27265
28876 1428 27267 27266 27268
28877 1428 27270 27269 27271
28878 1428 27273 27272 27274
28879 1428 27276 27275 27277
28880 1428 27279 27278 27280
28881 1428 27282 27281 27283
28882 1428 27285 27284 27286
28883 1428 27288 27287 27289
28884 1428 27291 27290 27292
28885 1428 27294 27293 27295
28886 1428 27297 27296 27298
28887 1428 27300 27299 27301
28888 1428 27303 27302 27304
28889 1428 27306 27305 27307
28890 1428 27309 27308 27310
28891 1428 27312 27311 27313
28892 1428 27315 27314 27316
28893 1428 27318 27317 27319
28894 1428 27321 27320 27322
28895 1428 27324 27323 27325
28896 1428 27327 27326 27328
28897 1428 27330 27329 27331
28898 1428 27333 27332 27334
28899 1428 27336 27335 27337
28900 1428 27339 27338 27340
28901 1428 27342 27341 27343
28902 1428 27345 27344 27346
28903 1428 27348 27347 27349
28904 1428 27351 27350 27352
28905 1428 27354 27353 27355
28906 1428 27357 27356 27358
28907 1428 27360 27359 27361
28908 1428 27363 27362 27364
28909 1428 27366 27365 27367
28910 1428 27369 27368 27370
28911 1428 27372 27371 27373
28912 1428 27375 27374 27376
28913 1428 27378 27377 27379
28914 1428 27381 27380 27382
28915 1428 27384 27383 27385
28916 1428 27387 27386 27388
28917 1428 27390 27389 27391
28918 1428 27393 27392 27394
28919 1428 27396 27395 27397
28920 1428 27399 27398 27400
28921 1428 27402 27401 27403
28922 1428 27405 27404 27406
28923 1428 27408 27407 27409
28924 1428 27411 27410 27412
28925 1428 27414 27413 27415
28926 1428 27417 27416 27418
28927 1428 27420 27419 27421
28928 1428 27423 27422 27424
28929 1428 27426 27425 27427
28930 1428 27429 27428 27430
28931 1428 27432 27431 27433
28932 1428 27435 27434 27436
28933 1428 27438 27437 27439
28934 1428 27441 27440 27442
28935 1428 27444 27443 27445
28936 1428 27447 27446 27448
28937 1428 27450 27449 27451
28938 1428 27453 27452 27454
28939 1428 27456 27455 27457
28940 1428 27459 27458 27460
28941 1428 27462 27461 27463
28942 1428 27465 27464 27466
28943 1428 27468 27467 27469
28944 1428 27471 27470 27472
28945 1428 27474 27473 27475
28946 1428 27477 27476 27478
28947 1428 27480 27479 27481
28948 1428 27483 27482 27484
28949 1428 27486 27485 27487
28950 1428 27489 27488 27490
28951 1428 27492 27491 27493
28952 1428 27495 27494 27496
28953 1428 27498 27497 27499
28954 1428 27501 27500 27502
28955 1428 27504 27503 27505
28956 1428 27507 27506 27508
28957 1428 27510 27509 27511
28958 1428 27513 27512 27514
28959 1428 27516 27515 27517
28960 1428 27519 27518 27520
28961 1428 27522 27521 27523
28962 1428 27525 27524 27526
28963 1428 27528 27527 27529
28964 1428 27531 27530 27532
28965 1428 27534 27533 27535
28966 1428 27537 27536 27538
28967 1428 27540 27539 27541
28968 1428 27543 27542 27544
28969 1428 27546 27545 27547
28970 1428 27549 27548 27550
28971 1428 27552 27551 27553
28972 1428 27555 27554 27556
28973 1428 27558 27557 27559
28974 1428 27561 27560 27562
28975 1428 27564 27563 27565
28976 1428 27567 27566 27568
28977 1428 27570 27569 27571
28978 1428 27573 27572 27574
28979 1428 27576 27575 27577
28980 1428 27579 27578 27580
28981 1428 27582 27581 27583
28982 1428 27585 27584 27586
28983 1428 27588 27587 27589
28984 1428 27591 27590 27592
28985 1428 27594 27593 27595
28986 1428 27597 27596 27598
28987 1428 27600 27599 27601
28988 1428 27603 27602 27604
28989 1428 27606 27605 27607
28990 1428 27609 27608 27610
28991 1428 27612 27611 27613
28992 1428 27615 27614 27616
28993 1428 27618 27617 27619
28994 1428 27621 27620 27622
28995 1428 27624 27623 27625
28996 1428 27627 27626 27628
28997 1428 27630 27629 27631
28998 1428 27633 27632 27634
28999 1428 27636 27635 27637
29000 1428 27639 27638 27640
29001 1428 27642 27641 27643
29002 1428 27645 27644 27646
29003 1428 27648 27647 27649
29004 1428 27651 27650 27652
29005 1428 27654 27653 27655
29006 1428 27657 27656 27658
29007 1428 27660 27659 27661
29008 1428 27663 27662 27664
29009 1428 27666 27665 27667
29010 1428 27669 27668 27670
29011 1428 27672 27671 27673
29012 1428 27675 27674 27676
29013 1428 27678 27677 27679
29014 1428 27681 27680 27682
29015 1428 27684 27683 27685
29016 1428 27687 27686 27688
29017 1428 27690 27689 27691
29018 1428 27693 27692 27694
29019 1428 27696 27695 27697
29020 1428 27699 27698 27700
29021 1428 27702 27701 27703
29022 1428 27705 27704 27706
29023 1428 27708 27707 27709
29024 1428 27711 27710 27712
29025 1428 27714 27713 27715
29026 1428 27717 27716 27718
29027 1428 27720 27719 27721
29028 1428 27723 27722 27724
29029 1428 27726 27725 27727
29030 1428 27729 27728 27730
29031 1428 27732 27731 27733
29032 1428 27735 27734 27736
29033 1428 27738 27737 27739
29034 1428 27741 27740 27742
29035 1428 27744 27743 27745
29036 1428 27747 27746 27748
29037 1428 27750 27749 27751
29038 1428 27753 27752 27754
29039 1428 27756 27755 27757
29040 1428 27759 27758 27760
29041 1428 27762 27761 27763
29042 1428 27765 27764 27766
29043 1428 27768 27767 27769
29044 1428 27771 27770 27772
29045 1428 27774 27773 27775
29046 1428 27777 27776 27778
29047 1428 27780 27779 27781
29048 1428 27783 27782 27784
29049 1428 27786 27785 27787
29050 1428 27789 27788 27790
29051 1428 27792 27791 27793
29052 1428 27795 27794 27796
29053 1428 27798 27797 27799
29054 1428 27801 27800 27802
29055 1428 27804 27803 27805
29056 1428 27807 27806 27808
29057 1428 27810 27809 27811
29058 1428 27813 27812 27814
29059 1428 27816 27815 27817
29060 1428 27819 27818 27820
29061 1428 27822 27821 27823
29062 1428 27825 27824 27826
29063 1428 27828 27827 27829
29064 1428 27831 27830 27832
29065 1428 27834 27833 27835
29066 1428 27837 27836 27838
29067 1428 27840 27839 27841
29068 1428 27843 27842 27844
29069 1428 27846 27845 27847
29070 1428 27849 27848 27850
29071 1428 27852 27851 27853
29072 1428 27855 27854 27856
29073 1428 27858 27857 27859
29074 1428 27861 27860 27862
29075 1428 27864 27863 27865
29076 1428 27867 27866 27868
29077 1428 27870 27869 27871
29078 1428 27873 27872 27874
29079 1428 27876 27875 27877
29080 1428 27879 27878 27880
29081 1428 27882 27881 27883
29082 1428 27885 27884 27886
29083 1428 27888 27887 27889
29084 1428 27891 27890 27892
29085 1428 27894 27893 27895
29086 1428 27897 27896 27898
29087 1428 27900 27899 27901
29088 1428 27903 27902 27904
29089 1428 27906 27905 27907
29090 1428 27909 27908 27910
29091 1428 27912 27911 27913
29092 1428 27915 27914 27916
29093 1428 27918 27917 27919
29094 1428 27921 27920 27922
29095 1428 27924 27923 27925
29096 1428 27927 27926 27928
29097 1428 27930 27929 27931
29098 1428 27933 27932 27934
29099 1428 27936 27935 27937
29100 1428 27939 27938 27940
29101 1428 27942 27941 27943
29102 1428 27945 27944 27946
29103 1428 27948 27947 27949
29104 1428 27951 27950 27952
29105 1428 27954 27953 27955
29106 1428 27957 27956 27958
29107 1428 27960 27959 27961
29108 1428 27963 27962 27964
29109 1428 27966 27965 27967
29110 1428 27969 27968 27970
29111 1428 27972 27971 27973
29112 1428 27975 27974 27976
29113 1428 27978 27977 27979
29114 1428 27981 27980 27982
29115 1428 27984 27983 27985
29116 1428 27987 27986 27988
29117 1428 27990 27989 27991
29118 1428 27993 27992 27994
29119 1428 27996 27995 27997
29120 1428 27999 27998 28000
29121 1428 28002 28001 28003
29122 1428 28005 28004 28006
29123 1428 28008 28007 28009
29124 1428 28011 28010 28012
29125 1428 28014 28013 28015
29126 1428 28017 28016 28018
29127 1428 28020 28019 28021
29128 1428 28023 28022 28024
29129 1428 28026 28025 28027
29130 1428 28029 28028 28030
29131 1428 28032 28031 28033
29132 1428 28035 28034 28036
29133 1428 28038 28037 28039
29134 1428 28041 28040 28042
29135 1428 28044 28043 28045
29136 1428 28047 28046 28048
29137 1428 28050 28049 28051
29138 1428 28053 28052 28054
29139 1428 28056 28055 28057
29140 1428 28059 28058 28060
29141 1428 28062 28061 28063
29142 1428 28065 28064 28066
29143 1428 28068 28067 28069
29144 1428 28071 28070 28072
29145 1428 28074 28073 28075
29146 1428 28077 28076 28078
29147 1428 28080 28079 28081
29148 1428 28083 28082 28084
29149 1428 28086 28085 28087
29150 1428 28089 28088 28090
29151 1428 28092 28091 28093
29152 1428 28095 28094 28096
29153 1428 28098 28097 28099
29154 1428 28101 28100 28102
29155 1428 28104 28103 28105
29156 1428 28107 28106 28108
29157 1428 28110 28109 28111
29158 1428 28113 28112 28114
29159 1428 28116 28115 28117
29160 1428 28119 28118 28120
29161 1428 28122 28121 28123
29162 1428 28125 28124 28126
29163 1428 28128 28127 28129
29164 1428 28131 28130 28132
29165 1428 28134 28133 28135
29166 1428 28137 28136 28138
29167 1428 28140 28139 28141
29168 1428 28143 28142 28144
29169 1428 28146 28145 28147
29170 1428 28149 28148 28150
29171 1428 28152 28151 28153
29172 1428 28155 28154 28156
29173 1428 28158 28157 28159
29174 1428 28161 28160 28162
29175 1428 28164 28163 28165
29176 1428 28167 28166 28168
29177 1428 28170 28169 28171
29178 1428 28173 28172 28174
29179 1428 28176 28175 28177
29180 1428 28179 28178 28180
29181 1428 28182 28181 28183
29182 1428 28185 28184 28186
29183 1428 28188 28187 28189
29184 1428 28191 28190 28192
29185 1428 28194 28193 28195
29186 1428 28197 28196 28198
29187 1428 28200 28199 28201
29188 1428 28203 28202 28204
29189 1428 28206 28205 28207
29190 1428 28209 28208 28210
29191 1428 28212 28211 28213
29192 1428 28215 28214 28216
29193 1428 28218 28217 28219
29194 1428 28221 28220 28222
29195 1428 28224 28223 28225
29196 1428 28227 28226 28228
29197 1428 28230 28229 28231
29198 1428 28233 28232 28234
29199 1428 28236 28235 28237
29200 1428 28239 28238 28240
29201 1428 28242 28241 28243
29202 1428 28245 28244 28246
29203 1428 28248 28247 28249
29204 1428 28251 28250 28252
29205 1428 28254 28253 28255
29206 1428 28257 28256 28258
29207 1428 28260 28259 28261
29208 1428 28263 28262 28264
29209 1428 28266 28265 28267
29210 1428 28269 28268 28270
29211 1428 28272 28271 28273
29212 1428 28275 28274 28276
29213 1428 28278 28277 28279
29214 1428 28281 28280 28282
29215 1428 28284 28283 28285
29216 1428 28287 28286 28288
29217 1428 28290 28289 28291
29218 1428 28293 28292 28294
29219 1428 28296 28295 28297
29220 1428 28299 28298 28300
29221 1428 28302 28301 28303
29222 1428 28305 28304 28306
29223 1428 28308 28307 28309
29224 1428 28311 28310 28312
29225 1428 28314 28313 28315
29226 1428 28317 28316 28318
29227 1428 28320 28319 28321
29228 1428 28323 28322 28324
29229 1428 28326 28325 28327
29230 1428 28329 28328 28330
29231 1428 28332 28331 28333
29232 1428 28335 28334 28336
29233 1428 28338 28337 28339
29234 1428 28341 28340 28342
29235 1428 28344 28343 28345
29236 1428 28347 28346 28348
29237 1428 28350 28349 28351
29238 1428 28353 28352 28354
29239 1428 28356 28355 28357
29240 1428 28359 28358 28360
29241 1428 28362 28361 28363
29242 1428 28365 28364 28366
29243 1428 28368 28367 28369
29244 1428 28371 28370 28372
29245 1428 28374 28373 28375
29246 1428 28377 28376 28378
29247 1428 28380 28379 28381
29248 1428 28383 28382 28384
29249 1428 28386 28385 28387
29250 1428 28389 28388 28390
29251 1428 28392 28391 28393
29252 1428 28395 28394 28396
29253 1428 28398 28397 28399
29254 1428 28401 28400 28402
29255 1428 28404 28403 28405
29256 1428 28407 28406 28408
29257 1428 28410 28409 28411
29258 1428 28413 28412 28414
29259 1428 28416 28415 28417
29260 1428 28419 28418 28420
29261 1428 28422 28421 28423
29262 1428 28425 28424 28426
29263 1428 28428 28427 28429
29264 1428 28431 28430 28432
29265 1428 28434 28433 28435
29266 1428 28437 28436 28438
29267 1428 28440 28439 28441
29268 1428 28443 28442 28444
29269 1428 28446 28445 28447
29270 1428 28449 28448 28450
29271 1428 28452 28451 28453
29272 1428 28455 28454 28456
29273 1428 28458 28457 28459
29274 1428 28461 28460 28462
29275 1428 28464 28463 28465
29276 1428 28467 28466 28468
29277 1428 28470 28469 28471
29278 1428 28473 28472 28474
29279 1428 28476 28475 28477
29280 1428 28479 28478 28480
29281 1428 28482 28481 28483
29282 1428 28485 28484 28486
29283 1428 28488 28487 28489
29284 1428 28491 28490 28492
29285 1428 28494 28493 28495
29286 1428 28497 28496 28498
29287 1428 28500 28499 28501
29288 1428 28503 28502 28504
29289 1428 28506 28505 28507
29290 1428 28509 28508 28510
29291 1428 28512 28511 28513
29292 1428 28515 28514 28516
29293 1428 28518 28517 28519
29294 1428 28521 28520 28522
29295 1428 28524 28523 28525
29296 1428 28527 28526 28528
29297 1428 28530 28529 28531
29298 1428 28533 28532 28534
29299 1428 28536 28535 28537
29300 1428 28539 28538 28540
29301 1428 28542 28541 28543
29302 1428 28545 28544 28546
29303 1428 28548 28547 28549
29304 1428 28551 28550 28552
29305 1428 28554 28553 28555
29306 1428 28557 28556 28558
29307 1428 28560 28559 28561
29308 1428 28563 28562 28564
29309 1428 28566 28565 28567
29310 1428 28569 28568 28570
29311 1428 28572 28571 28573
29312 1428 28575 28574 28576
29313 1428 28578 28577 28579
29314 1428 28581 28580 28582
29315 1428 28584 28583 28585
29316 1428 28587 28586 28588
29317 1428 28590 28589 28591
29318 1428 28593 28592 28594
29319 1428 28596 28595 28597
29320 1428 28599 28598 28600
29321 1428 28602 28601 28603
29322 1428 28605 28604 28606
29323 1428 28608 28607 28609
29324 1428 28611 28610 28612
29325 1428 28614 28613 28615
29326 1428 28617 28616 28618
29327 1428 28620 28619 28621
29328 1428 28623 28622 28624
29329 1428 28626 28625 28627
29330 1428 28629 28628 28630
29331 1428 28632 28631 28633
29332 1428 28635 28634 28636
29333 1428 28638 28637 28639
29334 1428 28641 28640 28642
29335 1428 28644 28643 28645
29336 1428 28647 28646 28648
29337 1428 28650 28649 28651
29338 1428 28653 28652 28654
29339 1428 28656 28655 28657
29340 1428 28659 28658 28660
29341 1428 28662 28661 28663
29342 1428 28665 28664 28666
29343 1428 28668 28667 28669
29344 1428 28671 28670 28672
29345 1428 28674 28673 28675
29346 1428 28677 28676 28678
29347 1428 28680 28679 28681
29348 1428 28683 28682 28684
29349 1428 28686 28685 28687
29350 1428 28689 28688 28690
29351 1428 28692 28691 28693
29352 1428 28695 28694 28696
29353 1428 28698 28697 28699
29354 1428 28701 28700 28702
29355 1428 28704 28703 28705
29356 1428 28707 28706 28708
29357 1428 28710 28709 28711
29358 1428 28713 28712 28714
29359 1428 28716 28715 28717
29360 1428 28719 28718 28720
29361 1428 28722 28721 28723
29362 1428 28725 28724 28726
29363 1428 28728 28727 28729
29364 1428 28731 28730 28732
29365 1428 28734 28733 28735
29366 1428 28737 28736 28738
29367 1428 28740 28739 28741
29368 1428 28743 28742 28744
29369 1428 28746 28745 28747
29370 1428 28749 28748 28750
29371 1428 28752 28751 28753
29372 1428 28755 28754 28756
29373 1428 28758 28757 28759
29374 1428 28761 28760 28762
29375 1428 28764 28763 28765
29376 1428 28767 28766 28768
29377 1428 28770 28769 28771
29378 1428 28773 28772 28774
29379 1428 28776 28775 28777
29380 1428 28779 28778 28780
29381 1428 28782 28781 28783
29382 1428 28785 28784 28786
29383 1428 28788 28787 28789
29384 1428 28791 28790 28792
29385 1428 28794 28793 28795
29386 1428 28797 28796 28798
29387 1428 28800 28799 28801
29388 1428 28803 28802 28804
29389 1428 28806 28805 28807
29390 1428 28809 28808 28810
29391 1428 28812 28811 28813
29392 1428 28815 28814 28816
29393 1428 28818 28817 28819
29394 1428 28821 28820 28822
29395 1428 28824 28823 28825
29396 1428 28827 28826 28828
29397 1428 28830 28829 28831
29398 1428 28833 28832 28834
29399 1428 28836 28835 28837
29400 1428 28839 28838 28840
29401 1428 28842 28841 28843
29402 1428 28845 28844 28846
29403 1428 28848 28847 28849
29404 1428 28851 28850 28852
29405 1428 28854 28853 28855
29406 1428 28857 28856 28858
29407 1428 28860 28859 28861
29408 1428 28863 28862 28864
29409 1428 28866 28865 28867
29410 1428 28869 28868 28870
29411 1428 28872 28871 28873
29412 1428 28875 28874 28876
29413 1428 28878 28877 28879
29414 1428 28881 28880 28882
29415 1428 28884 28883 28885
29416 1428 28887 28886 28888
29417 1428 28890 28889 28891
29418 1428 28893 28892 28894
29419 1428 28896 28895 28897
29420 1428 28899 28898 28900
29421 1428 28902 28901 28903
29422 1428 28905 28904 28906
29423 1428 28908 28907 28909
29424 1428 28911 28910 28912
29425 1428 28914 28913 28915
29426 1428 28917 28916 28918
29427 1428 28920 28919 28921
29428 1428 28923 28922 28924
29429 1428 28926 28925 28927
29430 1428 28929 28928 28930
29431 1428 28932 28931 28933
29432 1428 28935 28934 28936
29433 1428 28938 28937 28939
29434 1428 28941 28940 28942
29435 1428 28944 28943 28945
29436 1428 28947 28946 28948
29437 1428 28950 28949 28951
29438 1428 28953 28952 28954
29439 1428 28956 28955 28957
29440 1428 28959 28958 28960
29441 1428 28962 28961 28963
29442 1428 28965 28964 28966
29443 1428 28968 28967 28969
29444 1428 28971 28970 28972
29445 1428 28974 28973 28975
29446 1428 28977 28976 28978
29447 1428 28980 28979 28981
29448 1428 28983 28982 28984
29449 1428 28986 28985 28987
29450 1428 28989 28988 28990
29451 1428 28992 28991 28993
29452 1428 28995 28994 28996
29453 1428 28998 28997 28999
29454 1428 29001 29000 29002
29455 1428 29004 29003 29005
29456 1428 29007 29006 29008
29457 1428 29010 29009 29011
29458 1428 29013 29012 29014
29459 1428 29016 29015 29017
29460 1428 29019 29018 29020
29461 1428 29022 29021 29023
29462 1428 29025 29024 29026
29463 1428 29028 29027 29029
29464 1428 29031 29030 29032
29465 1428 29034 29033 29035
29466 1428 29037 29036 29038
29467 1428 29040 29039 29041
29468 1428 29043 29042 29044
29469 1428 29046 29045 29047
29470 1428 29049 29048 29050
29471 1428 29052 29051 29053
29472 1428 29055 29054 29056
29473 1428 29058 29057 29059
29474 1428 29061 29060 29062
29475 1428 29064 29063 29065
29476 1428 29067 29066 29068
29477 1428 29070 29069 29071
29478 1428 29073 29072 29074
29479 1428 29076 29075 29077
29480 1428 29079 29078 29080
29481 1428 29082 29081 29083
29482 1428 29085 29084 29086
29483 1428 29088 29087 29089
29484 1428 29091 29090 29092
29485 1428 29094 29093 29095
29486 1428 29097 29096 29098
29487 1428 29100 29099 29101
29488 1428 29103 29102 29104
29489 1428 29106 29105 29107
29490 1428 29109 29108 29110
29491 1428 29112 29111 29113
29492 1428 29115 29114 29116
29493 1428 29118 29117 29119
29494 1428 29121 29120 29122
29495 1428 29124 29123 29125
29496 1428 29127 29126 29128
29497 1428 29130 29129 29131
29498 1428 29133 29132 29134
29499 1428 29136 29135 29137
29500 1428 29139 29138 29140
29501 1428 29142 29141 29143
29502 1428 29145 29144 29146
29503 1428 29148 29147 29149
29504 1428 29151 29150 29152
29505 1428 29154 29153 29155
29506 1428 29157 29156 29158
29507 1428 29160 29159 29161
29508 1428 29163 29162 29164
29509 1428 29166 29165 29167
29510 1428 29169 29168 29170
29511 1428 29172 29171 29173
29512 1428 29175 29174 29176
29513 1428 29178 29177 29179
29514 1428 29181 29180 29182
29515 1428 29184 29183 29185
29516 1428 29187 29186 29188
29517 1428 29190 29189 29191
29518 1428 29193 29192 29194
29519 1428 29196 29195 29197
29520 1428 29199 29198 29200
29521 1428 29202 29201 29203
29522 1428 29205 29204 29206
29523 1428 29208 29207 29209
29524 1428 29211 29210 29212
29525 1428 29214 29213 29215
29526 1428 29217 29216 29218
29527 1428 29220 29219 29221
29528 1428 29223 29222 29224
29529 1428 29226 29225 29227
29530 1428 29229 29228 29230
29531 1428 29232 29231 29233
29532 1428 29235 29234 29236
29533 1428 29238 29237 29239
29534 1428 29241 29240 29242
29535 1428 29244 29243 29245
29536 1428 29247 29246 29248
29537 1428 29250 29249 29251
29538 1428 29253 29252 29254
29539 1428 29256 29255 29257
29540 1428 29259 29258 29260
29541 1428 29262 29261 29263
29542 1428 29265 29264 29266
29543 1428 29268 29267 29269
29544 1428 29271 29270 29272
29545 1428 29274 29273 29275
29546 1428 29277 29276 29278
29547 1428 29280 29279 29281
29548 1428 29283 29282 29284
29549 1428 29286 29285 29287
29550 1428 29289 29288 29290
29551 1428 29292 29291 29293
29552 1428 29295 29294 29296
29553 1428 29298 29297 29299
29554 1428 29301 29300 29302
29555 1428 29304 29303 29305
29556 1428 29307 29306 29308
29557 1428 29310 29309 29311
29558 1428 29313 29312 29314
29559 1428 29316 29315 29317
29560 1428 29319 29318 29320
29561 1428 29322 29321 29323
29562 1428 29325 29324 29326
29563 1428 29328 29327 29329
29564 1428 29331 29330 29332
29565 1428 29334 29333 29335
29566 1428 29337 29336 29338
29567 1428 29340 29339 29341
29568 1428 29343 29342 29344
29569 1428 29346 29345 29347
29570 1428 29349 29348 29350
29571 1428 29352 29351 29353
29572 1428 29355 29354 29356
29573 1428 29358 29357 29359
29574 1428 29361 29360 29362
29575 1428 29364 29363 29365
29576 1428 29367 29366 29368
29577 1428 29370 29369 29371
29578 1428 29373 29372 29374
29579 1428 29376 29375 29377
29580 1428 29379 29378 29380
29581 1428 29382 29381 29383
29582 1428 29385 29384 29386
29583 1428 29388 29387 29389
29584 1428 29391 29390 29392
29585 1428 29394 29393 29395
29586 1428 29397 29396 29398
29587 1428 29400 29399 29401
29588 1428 29403 29402 29404
29589 1428 29406 29405 29407
29590 1428 29409 29408 29410
29591 1428 29412 29411 29413
29592 1428 29415 29414 29416
29593 1428 29418 29417 29419
29594 1428 29421 29420 29422
29595 1428 29424 29423 29425
29596 1428 29427 29426 29428
29597 1428 29430 29429 29431
29598 1428 29433 29432 29434
29599 1428 29436 29435 29437
29600 1428 29439 29438 29440
29601 1428 29442 29441 29443
29602 1428 29445 29444 29446
29603 1428 29448 29447 29449
29604 1428 29451 29450 29452
29605 1428 29454 29453 29455
29606 1428 29457 29456 29458
29607 1428 29460 29459 29461
29608 1428 29463 29462 29464
29609 1428 29466 29465 29467
29610 1428 29469 29468 29470
29611 1428 29472 29471 29473
29612 1428 29475 29474 29476
29613 1428 29478 29477 29479
29614 1428 29481 29480 29482
29615 1428 29484 29483 29485
29616 1428 29487 29486 29488
29617 1428 29490 29489 29491
29618 1428 29493 29492 29494
29619 1428 29496 29495 29497
29620 1428 29499 29498 29500
29621 1428 29502 29501 29503
29622 1428 29505 29504 29506
29623 1428 29508 29507 29509
29624 1428 29511 29510 29512
29625 1428 29514 29513 29515
29626 1428 29517 29516 29518
29627 1428 29520 29519 29521
29628 1428 29523 29522 29524
29629 1428 29526 29525 29527
29630 1428 29529 29528 29530
29631 1428 29532 29531 29533
29632 1428 29535 29534 29536
29633 1428 29538 29537 29539
29634 1428 29541 29540 29542
29635 1428 29544 29543 29545
29636 1428 29547 29546 29548
29637 1428 29550 29549 29551
29638 1428 29553 29552 29554
29639 1428 29556 29555 29557
29640 1428 29559 29558 29560
29641 1428 29562 29561 29563
29642 1428 29565 29564 29566
29643 1428 29568 29567 29569
29644 1428 29571 29570 29572
29645 1428 29574 29573 29575
29646 1428 29577 29576 29578
29647 1428 29580 29579 29581
29648 1428 29583 29582 29584
29649 1428 29586 29585 29587
29650 1428 29589 29588 29590
29651 1428 29592 29591 29593
29652 1428 29595 29594 29596
29653 1428 29598 29597 29599
29654 1428 29601 29600 29602
29655 1428 29604 29603 29605
29656 1428 29607 29606 29608
29657 1428 29610 29609 29611
29658 1428 29613 29612 29614
29659 1428 29616 29615 29617
29660 1428 29619 29618 29620
29661 1428 29622 29621 29623
29662 1428 29625 29624 29626
29663 1428 29628 29627 29629
29664 1428 29631 29630 29632
29665 1428 29634 29633 29635
29666 1428 29637 29636 29638
29667 1428 29640 29639 29641
29668 1428 29643 29642 29644
29669 1428 29646 29645 29647
29670 1428 29649 29648 29650
29671 1428 29652 29651 29653
29672 1428 29655 29654 29656
29673 1428 29658 29657 29659
29674 1428 29661 29660 29662
29675 1428 29664 29663 29665
29676 1428 29667 29666 29668
29677 1428 29670 29669 29671
29678 1428 29673 29672 29674
29679 1428 29676 29675 29677
29680 1428 29679 29678 29680
29681 1428 29682 29681 29683
29682 1428 29685 29684 29686
29683 1428 29688 29687 29689
29684 1428 29691 29690 29692
29685 1428 29694 29693 29695
29686 1428 29697 29696 29698
29687 1428 29700 29699 29701
29688 1428 29703 29702 29704
29689 1428 29706 29705 29707
29690 1428 29709 29708 29710
29691 1428 29712 29711 29713
29692 1428 29715 29714 29716
29693 1428 29718 29717 29719
29694 1428 29721 29720 29722
29695 1428 29724 29723 29725
29696 1428 29727 29726 29728
29697 1428 29730 29729 29731
29698 1428 29733 29732 29734
29699 1428 29736 29735 29737
29700 1428 29739 29738 29740
29701 1428 29742 29741 29743
29702 1428 29745 29744 29746
29703 1428 29748 29747 29749
29704 1428 29751 29750 29752
29705 1428 29754 29753 29755
29706 1428 29757 29756 29758
29707 1428 29760 29759 29761
29708 1428 29763 29762 29764
29709 1428 29766 29765 29767
29710 1428 29769 29768 29770
29711 1428 29772 29771 29773
29712 1428 29775 29774 29776
29713 1428 29778 29777 29779
29714 1428 29781 29780 29782
29715 1428 29784 29783 29785
29716 1428 29787 29786 29788
29717 1428 29790 29789 29791
29718 1428 29793 29792 29794
29719 1428 29796 29795 29797
29720 1428 29799 29798 29800
29721 1428 29802 29801 29803
29722 1428 29805 29804 29806
29723 1428 29808 29807 29809
29724 1428 29811 29810 29812
29725 1428 29814 29813 29815
29726 1428 29817 29816 29818
29727 1428 29820 29819 29821
29728 1428 29823 29822 29824
29729 1428 29826 29825 29827
29730 1428 29829 29828 29830
29731 1428 29832 29831 29833
29732 1428 29835 29834 29836
29733 1428 29838 29837 29839
29734 1428 29841 29840 29842
29735 1428 29844 29843 29845
29736 1428 29847 29846 29848
29737 1428 29850 29849 29851
29738 1428 29853 29852 29854
29739 1428 29856 29855 29857
29740 1428 29859 29858 29860
29741 1428 29862 29861 29863
29742 1428 29865 29864 29866
29743 1428 29868 29867 29869
29744 1428 29871 29870 29872
29745 1428 29874 29873 29875
29746 1428 29877 29876 29878
29747 1428 29880 29879 29881
29748 1428 29883 29882 29884
29749 1428 29886 29885 29887
29750 1428 29889 29888 29890
29751 1428 29892 29891 29893
29752 1428 29895 29894 29896
29753 1428 29898 29897 29899
29754 1428 29901 29900 29902
29755 1428 29904 29903 29905
29756 1428 29907 29906 29908
29757 1428 29910 29909 29911
29758 1428 29913 29912 29914
29759 1428 29916 29915 29917
29760 1428 29919 29918 29920
29761 1428 29922 29921 29923
29762 1428 29925 29924 29926
29763 1428 29928 29927 29929
29764 1428 29931 29930 29932
29765 1428 29934 29933 29935
29766 1428 29937 29936 29938
29767 1428 29940 29939 29941
29768 1428 29943 29942 29944
29769 1428 29946 29945 29947
29770 1428 29949 29948 29950
29771 1428 29952 29951 29953
29772 1428 29955 29954 29956
29773 1428 29958 29957 29959
29774 1428 29961 29960 29962
29775 1428 29964 29963 29965
29776 1428 29967 29966 29968
29777 1428 29970 29969 29971
29778 1428 29973 29972 29974
29779 1428 29976 29975 29977
29780 1428 29979 29978 29980
29781 1428 29982 29981 29983
29782 1428 29985 29984 29986
29783 1428 29988 29987 29989
29784 1428 29991 29990 29992
29785 1428 29994 29993 29995
29786 1428 29997 29996 29998
29787 1428 30000 29999 30001
29788 1428 30003 30002 30004
29789 1428 30006 30005 30007
29790 1428 30009 30008 30010
29791 1428 30012 30011 30013
29792 1428 30015 30014 30016
29793 1428 30018 30017 30019
29794 1428 30021 30020 30022
29795 1428 30024 30023 30025
29796 1428 30027 30026 30028
29797 1428 30030 30029 30031
29798 1428 30033 30032 30034
29799 1428 30036 30035 30037
29800 1428 30039 30038 30040
29801 1428 30042 30041 30043
29802 1428 30045 30044 30046
29803 1428 30048 30047 30049
29804 1428 30051 30050 30052
29805 1428 30054 30053 30055
29806 1428 30057 30056 30058
29807 1428 30060 30059 30061
29808 1428 30063 30062 30064
29809 1428 30066 30065 30067
29810 1428 30069 30068 30070
29811 1428 30072 30071 30073
29812 1428 30075 30074 30076
29813 1428 30078 30077 30079
29814 1428 30081 30080 30082
29815 1428 30084 30083 30085
29816 1428 30087 30086 30088
29817 1428 30090 30089 30091
29818 1428 30093 30092 30094
29819 1428 30096 30095 30097
29820 1428 30099 30098 30100
29821 1428 30102 30101 30103
29822 1428 30105 30104 30106
29823 1428 30108 30107 30109
29824 1428 30111 30110 30112
29825 1428 30114 30113 30115
29826 1428 30117 30116 30118
29827 1428 30120 30119 30121
29828 1428 30123 30122 30124
29829 1428 30126 30125 30127
29830 1428 30129 30128 30130
29831 1428 30132 30131 30133
29832 1428 30135 30134 30136
29833 1428 30138 30137 30139
29834 1428 30141 30140 30142
29835 1428 30144 30143 30145
29836 1428 30147 30146 30148
29837 1428 30150 30149 30151
29838 1428 30153 30152 30154
29839 1428 30156 30155 30157
29840 1428 30159 30158 30160
29841 1428 30162 30161 30163
29842 1428 30165 30164 30166
29843 1428 30168 30167 30169
29844 1428 30171 30170 30172
29845 1428 30174 30173 30175
29846 1428 30177 30176 30178
29847 1428 30180 30179 30181
29848 1428 30183 30182 30184
29849 1428 30186 30185 30187
29850 1428 30189 30188 30190
29851 1428 30192 30191 30193
29852 1428 30195 30194 30196
29853 1428 30198 30197 30199
29854 1428 30201 30200 30202
29855 1428 30204 30203 30205
29856 1428 30207 30206 30208
29857 1428 30210 30209 30211
29858 1428 30213 30212 30214
29859 1428 30216 30215 30217
29860 1428 30219 30218 30220
29861 1428 30222 30221 30223
29862 1428 30225 30224 30226
29863 1428 30228 30227 30229
29864 1428 30231 30230 30232
29865 1428 30234 30233 30235
29866 1428 30237 30236 30238
29867 1428 30240 30239 30241
29868 1428 30243 30242 30244
29869 1428 30246 30245 30247
29870 1428 30249 30248 30250
29871 1428 30252 30251 30253
29872 1428 30255 30254 30256
29873 1428 30258 30257 30259
29874 1428 30261 30260 30262
29875 1428 30264 30263 30265
29876 1428 30267 30266 30268
29877 1428 30270 30269 30271
29878 1428 30273 30272 30274
29879 1428 30276 30275 30277
29880 1428 30279 30278 30280
29881 1428 30282 30281 30283
29882 1428 30285 30284 30286
29883 1428 30288 30287 30289
29884 1428 30291 30290 30292
29885 1428 30294 30293 30295
29886 1428 30297 30296 30298
29887 1428 30300 30299 30301
29888 1428 30303 30302 30304
29889 1428 30306 30305 30307
29890 1428 30309 30308 30310
29891 1428 30312 30311 30313
29892 1428 30315 30314 30316
29893 1428 30318 30317 30319
29894 1428 30321 30320 30322
29895 1428 30324 30323 30325
29896 1428 30327 30326 30328
29897 1428 30330 30329 30331
29898 1428 30333 30332 30334
29899 1428 30336 30335 30337
29900 1428 30339 30338 30340
29901 1428 30342 30341 30343
29902 1428 30345 30344 30346
29903 1428 30348 30347 30349
29904 1428 30351 30350 30352
29905 1428 30354 30353 30355
29906 1428 30357 30356 30358
29907 1428 30360 30359 30361
29908 1428 30363 30362 30364
29909 1428 30366 30365 30367
29910 1428 30369 30368 30370
29911 1428 30372 30371 30373
29912 1428 30375 30374 30376
29913 1428 30378 30377 30379
29914 1428 30381 30380 30382
29915 1428 30384 30383 30385
29916 1428 30387 30386 30388
29917 1428 30390 30389 30391
29918 1428 30393 30392 30394
29919 1428 30396 30395 30397
29920 1428 30399 30398 30400
29921 1428 30402 30401 30403
29922 1428 30405 30404 30406
29923 1428 30408 30407 30409
29924 1428 30411 30410 30412
29925 1428 30414 30413 30415
29926 1428 30417 30416 30418
29927 1428 30420 30419 30421
29928 1428 30423 30422 30424
29929 1428 30426 30425 30427
29930 1428 30429 30428 30430
29931 1428 30432 30431 30433
29932 1428 30435 30434 30436
29933 1428 30438 30437 30439
29934 1428 30441 30440 30442
29935 1428 30444 30443 30445
29936 1428 30447 30446 30448
29937 1428 30450 30449 30451
29938 1428 30453 30452 30454
29939 1428 30456 30455 30457
29940 1428 30459 30458 30460
29941 1428 30462 30461 30463
29942 1428 30465 30464 30466
29943 1428 30468 30467 30469
29944 1428 30471 30470 30472
29945 1428 30474 30473 30475
29946 1428 30477 30476 30478
29947 1428 30480 30479 30481
29948 1428 30483 30482 30484
29949 1428 30486 30485 30487
29950 1428 30489 30488 30490
29951 1428 30492 30491 30493
29952 1428 30495 30494 30496
29953 1428 30498 30497 30499
29954 1428 30501 30500 30502
29955 1428 30504 30503 30505
29956 1428 30507 30506 30508
29957 1428 30510 30509 30511
29958 1428 30513 30512 30514
29959 1428 30516 30515 30517
29960 1428 30519 30518 30520
29961 1428 30522 30521 30523
29962 1428 30525 30524 30526
29963 1428 30528 30527 30529
29964 1428 30531 30530 30532
29965 1428 30534 30533 30535
29966 1428 30537 30536 30538
29967 1428 30540 30539 30541
29968 1428 30543 30542 30544
29969 1428 30546 30545 30547
29970 1428 30549 30548 30550
29971 1428 30552 30551 30553
29972 1428 30555 30554 30556
29973 1428 30558 30557 30559
29974 1428 30561 30560 30562
29975 1428 30564 30563 30565
29976 1428 30567 30566 30568
29977 1428 30570 30569 30571
29978 1428 30573 30572 30574
29979 1428 30576 30575 30577
29980 1428 30579 30578 30580
29981 1428 30582 30581 30583
29982 1428 30585 30584 30586
29983 1428 30588 30587 30589
29984 1428 30591 30590 30592
29985 1428 30594 30593 30595
29986 1428 30597 30596 30598
29987 1428 30600 30599 30601
29988 1428 30603 30602 30604
29989 1428 30606 30605 30607
29990 1428 30609 30608 30610
29991 1428 30612 30611 30613
29992 1428 30615 30614 30616
29993 1428 30618 30617 30619
29994 1428 30621 30620 30622
29995 1428 30624 30623 30625
29996 1428 30627 30626 30628
29997 1428 30630 30629 30631
29998 1428 30633 30632 30634
29999 1428 30636 30635 30637
30000 1428 30639 30638 30640
30001 1428 30642 30641 30643
30002 1428 30645 30644 30646
30003 1428 30648 30647 30649
30004 1428 30651 30650 30652
30005 1428 30654 30653 30655
30006 1428 30657 30656 30658
30007 1428 30660 30659 30661
30008 1428 30663 30662 30664
30009 1428 30666 30665 30667
30010 1428 30669 30668 30670
30011 1428 30672 30671 30673
30012 1428 30675 30674 30676
30013 1428 30678 30677 30679
30014 1428 30681 30680 30682
30015 1428 30684 30683 30685
30016 1428 30687 30686 30688
30017 1428 30690 30689 30691
30018 1428 30693 30692 30694
30019 1428 30696 30695 30697
30020 1428 30699 30698 30700
30021 1428 30702 30701 30703
30022 1428 30705 30704 30706
30023 1428 30708 30707 30709
30024 1428 30711 30710 30712
30025 1428 30714 30713 30715
30026 1428 30717 30716 30718
30027 1428 30720 30719 30721
30028 1428 30723 30722 30724
30029 1428 30726 30725 30727
30030 1428 30729 30728 30730
30031 1428 30732 30731 30733
30032 1428 30735 30734 30736
30033 1428 30738 30737 30739
30034 1428 30741 30740 30742
30035 1428 30744 30743 30745
30036 1428 30747 30746 30748
30037 1428 30750 30749 30751
30038 1428 30753 30752 30754
30039 1428 30756 30755 30757
30040 1428 30759 30758 30760
30041 1428 30762 30761 30763
30042 1428 30765 30764 30766
30043 1428 30768 30767 30769
30044 1428 30771 30770 30772
30045 1428 30774 30773 30775
30046 1428 30777 30776 30778
30047 1428 30780 30779 30781
30048 1428 30783 30782 30784
30049 1428 30786 30785 30787
30050 1428 30789 30788 30790
30051 1428 30792 30791 30793
30052 1428 30795 30794 30796
30053 1428 30798 30797 30799
30054 1428 30801 30800 30802
30055 1428 30804 30803 30805
30056 1428 30807 30806 30808
30057 1428 30810 30809 30811
30058 1428 30813 30812 30814
30059 1428 30816 30815 30817
30060 1428 30819 30818 30820
30061 1428 30822 30821 30823
30062 1428 30825 30824 30826
30063 1428 30828 30827 30829
30064 1428 30831 30830 30832
30065 1428 30834 30833 30835
30066 1428 30837 30836 30838
30067 1428 30840 30839 30841
30068 1428 30843 30842 30844
30069 1428 30846 30845 30847
30070 1428 30849 30848 30850
30071 1428 30852 30851 30853
30072 1428 30855 30854 30856
30073 1428 30858 30857 30859
30074 1428 30861 30860 30862
30075 1428 30864 30863 30865
30076 1428 30867 30866 30868
30077 1428 30870 30869 30871
30078 1428 30873 30872 30874
30079 1428 30876 30875 30877
30080 1428 30879 30878 30880
30081 1428 30882 30881 30883
30082 1428 30885 30884 30886
30083 1428 30888 30887 30889
30084 1428 30891 30890 30892
30085 1428 30894 30893 30895
30086 1428 30897 30896 30898
30087 1428 30900 30899 30901
30088 1428 30903 30902 30904
30089 1428 30906 30905 30907
30090 1428 30909 30908 30910
30091 1428 30912 30911 30913
30092 1428 30915 30914 30916
30093 1428 30918 30917 30919
30094 1428 30921 30920 30922
30095 1428 30924 30923 30925
30096 1428 30927 30926 30928
30097 1428 30930 30929 30931
30098 1428 30933 30932 30934
30099 1428 30936 30935 30937
30100 1428 30939 30938 30940
30101 1428 30942 30941 30943
30102 1428 30945 30944 30946
30103 1428 30948 30947 30949
30104 1428 30951 30950 30952
30105 1428 30954 30953 30955
30106 1428 30957 30956 30958
30107 1428 30960 30959 30961
30108 1428 30963 30962 30964
30109 1428 30966 30965 30967
30110 1428 30969 30968 30970
30111 1428 30972 30971 30973
30112 1428 30975 30974 30976
30113 1428 30978 30977 30979
30114 1428 30981 30980 30982
30115 1428 30984 30983 30985
30116 1428 30987 30986 30988
30117 1428 30990 30989 30991
30118 1428 30993 30992 30994
30119 1428 30996 30995 30997
30120 1428 30999 30998 31000
30121 1428 31002 31001 31003
30122 1428 31005 31004 31006
30123 1428 31008 31007 31009
30124 1428 31011 31010 31012
30125 1428 31014 31013 31015
30126 1428 31017 31016 31018
30127 1428 31020 31019 31021
30128 1428 31023 31022 31024
30129 1428 31026 31025 31027
30130 1428 31029 31028 31030
30131 1428 31032 31031 31033
30132 1428 31035 31034 31036
30133 1428 31038 31037 31039
30134 1428 31041 31040 31042
30135 1428 31044 31043 31045
30136 1428 31047 31046 31048
30137 1428 31050 31049 31051
30138 1428 31053 31052 31054
30139 1428 31056 31055 31057
30140 1428 31059 31058 31060
30141 1428 31062 31061 31063
30142 1428 31065 31064 31066
30143 1428 31068 31067 31069
30144 1428 31071 31070 31072
30145 1428 31074 31073 31075
30146 1428 31077 31076 31078
30147 1428 31080 31079 31081
30148 1428 31083 31082 31084
30149 1428 31086 31085 31087
30150 1428 31089 31088 31090
30151 1428 31092 31091 31093
30152 1428 31095 31094 31096
30153 1428 31098 31097 31099
30154 1428 31101 31100 31102
30155 1428 31104 31103 31105
30156 1428 31107 31106 31108
30157 1428 31110 31109 31111
30158 1428 31113 31112 31114
30159 1428 31116 31115 31117
30160 1428 31119 31118 31120
30161 1428 31122 31121 31123
30162 1428 31125 31124 31126
30163 1428 31128 31127 31129
30164 1428 31131 31130 31132
30165 1428 31134 31133 31135
30166 1428 31137 31136 31138
30167 1428 31140 31139 31141
30168 1428 31143 31142 31144
30169 1428 31146 31145 31147
30170 1428 31149 31148 31150
30171 1428 31152 31151 31153
30172 1428 31155 31154 31156
30173 1428 31158 31157 31159
30174 1428 31161 31160 31162
30175 1428 31164 31163 31165
30176 1428 31167 31166 31168
30177 1428 31170 31169 31171
30178 1428 31173 31172 31174
30179 1428 31176 31175 31177
30180 1428 31179 31178 31180
30181 1428 31182 31181 31183
30182 1428 31185 31184 31186
30183 1428 31188 31187 31189
30184 1428 31191 31190 31192
30185 1428 31194 31193 31195
30186 1428 31197 31196 31198
30187 1428 31200 31199 31201
30188 1428 31203 31202 31204
30189 1428 31206 31205 31207
30190 1428 31209 31208 31210
30191 1428 31212 31211 31213
30192 1428 31215 31214 31216
30193 1428 31218 31217 31219
30194 1428 31221 31220 31222
30195 1428 31224 31223 31225
30196 1428 31227 31226 31228
30197 1428 31230 31229 31231
30198 1428 31233 31232 31234
30199 1428 31236 31235 31237
30200 1428 31239 31238 31240
30201 1428 31242 31241 31243
30202 1428 31245 31244 31246
30203 1428 31248 31247 31249
30204 1428 31251 31250 31252
30205 1428 31254 31253 31255
30206 1428 31257 31256 31258
30207 1428 31260 31259 31261
30208 1428 31263 31262 31264
30209 1428 31266 31265 31267
30210 1428 31269 31268 31270
30211 1428 31272 31271 31273
30212 1428 31275 31274 31276
30213 1428 31278 31277 31279
30214 1428 31281 31280 31282
30215 1428 31284 31283 31285
30216 1428 31287 31286 31288
30217 1428 31290 31289 31291
30218 1428 31293 31292 31294
30219 1428 31296 31295 31297
30220 1428 31299 31298 31300
30221 1428 31302 31301 31303
30222 1428 31305 31304 31306
30223 1428 31308 31307 31309
30224 1428 31311 31310 31312
30225 1428 31314 31313 31315
30226 1428 31317 31316 31318
30227 1428 31320 31319 31321
30228 1428 31323 31322 31324
30229 1428 31326 31325 31327
30230 1428 31329 31328 31330
30231 1428 31332 31331 31333
30232 1428 31335 31334 31336
30233 1428 31338 31337 31339
30234 1428 31341 31340 31342
30235 1428 31344 31343 31345
30236 1428 31347 31346 31348
30237 1428 31350 31349 31351
30238 1428 31353 31352 31354
30239 1428 31356 31355 31357
30240 1428 31359 31358 31360
30241 1428 31362 31361 31363
30242 1428 31365 31364 31366
30243 1428 31368 31367 31369
30244 1428 31371 31370 31372
30245 1428 31374 31373 31375
30246 1428 31377 31376 31378
30247 1428 31380 31379 31381
30248 1428 31383 31382 31384
30249 1428 31386 31385 31387
30250 1428 31389 31388 31390
30251 1428 31392 31391 31393
30252 1428 31395 31394 31396
30253 1428 31398 31397 31399
30254 1428 31401 31400 31402
30255 1428 31404 31403 31405
30256 1428 31407 31406 31408
30257 1428 31410 31409 31411
30258 1428 31413 31412 31414
30259 1428 31416 31415 31417
30260 1428 31419 31418 31420
30261 1428 31422 31421 31423
30262 1428 31425 31424 31426
30263 1428 31428 31427 31429
30264 1428 31431 31430 31432
30265 1428 31434 31433 31435
30266 1428 31437 31436 31438
30267 1428 31440 31439 31441
30268 1428 31443 31442 31444
30269 1428 31446 31445 31447
30270 1428 31449 31448 31450
30271 1428 31452 31451 31453
30272 1428 31455 31454 31456
30273 1428 31458 31457 31459
30274 1428 31461 31460 31462
30275 1428 31464 31463 31465
30276 1428 31467 31466 31468
30277 1428 31470 31469 31471
30278 1428 31473 31472 31474
30279 1428 31476 31475 31477
30280 1428 31479 31478 31480
30281 1428 31482 31481 31483
30282 1428 31485 31484 31486
30283 1428 31488 31487 31489
30284 1428 31491 31490 31492
30285 1428 31494 31493 31495
30286 1428 31497 31496 31498
30287 1428 31500 31499 31501
30288 1428 31503 31502 31504
30289 1428 31506 31505 31507
30290 1428 31509 31508 31510
30291 1428 31512 31511 31513
30292 1428 31515 31514 31516
30293 1428 31518 31517 31519
30294 1428 31521 31520 31522
30295 1428 31524 31523 31525
30296 1428 31527 31526 31528
30297 1428 31530 31529 31531
30298 1428 31533 31532 31534
30299 1428 31536 31535 31537
30300 1428 31539 31538 31540
30301 1428 31542 31541 31543
30302 1428 31545 31544 31546
30303 1428 31548 31547 31549
30304 1428 31551 31550 31552
30305 1428 31554 31553 31555
30306 1428 31557 31556 31558
30307 1428 31560 31559 31561
30308 1428 31563 31562 31564
30309 1428 31566 31565 31567
30310 1428 31569 31568 31570
30311 1428 31572 31571 31573
30312 1428 31575 31574 31576
30313 1428 31578 31577 31579
30314 1428 31581 31580 31582
30315 1428 31584 31583 31585
30316 1428 31587 31586 31588
30317 1428 31590 31589 31591
30318 1428 31593 31592 31594
30319 1428 31596 31595 31597
30320 1428 31599 31598 31600
30321 1428 31602 31601 31603
30322 1428 31605 31604 31606
30323 1428 31608 31607 31609
30324 1428 31611 31610 31612
30325 1428 31614 31613 31615
30326 1428 31617 31616 31618
30327 1428 31620 31619 31621
30328 1428 31623 31622 31624
30329 1428 31626 31625 31627
30330 1428 31629 31628 31630
30331 1428 31632 31631 31633
30332 1428 31635 31634 31636
30333 1428 31638 31637 31639
30334 1428 31641 31640 31642
30335 1428 31644 31643 31645
30336 1428 31647 31646 31648
30337 1428 31650 31649 31651
30338 1428 31653 31652 31654
30339 1428 31656 31655 31657
30340 1428 31659 31658 31660
30341 1428 31662 31661 31663
30342 1428 31665 31664 31666
30343 1428 31668 31667 31669
30344 1428 31671 31670 31672
30345 1428 31674 31673 31675
30346 1428 31677 31676 31678
30347 1428 31680 31679 31681
30348 1428 31683 31682 31684
30349 1428 31686 31685 31687
30350 1428 31689 31688 31690
30351 1428 31692 31691 31693
30352 1428 31695 31694 31696
30353 1428 31698 31697 31699
30354 1428 31701 31700 31702
30355 1428 31704 31703 31705
30356 1428 31707 31706 31708
30357 1428 31710 31709 31711
30358 1428 31713 31712 31714
30359 1428 31716 31715 31717
30360 1428 31719 31718 31720
30361 1428 31722 31721 31723
30362 1428 31725 31724 31726
30363 1428 31728 31727 31729
30364 1428 31731 31730 31732
30365 1428 31734 31733 31735
30366 1428 31737 31736 31738
30367 1428 31740 31739 31741
30368 1428 31743 31742 31744
30369 1428 31746 31745 31747
30370 1428 31749 31748 31750
30371 1428 31752 31751 31753
30372 1428 31755 31754 31756
30373 1428 31758 31757 31759
30374 1428 31761 31760 31762
30375 1428 31764 31763 31765
30376 1428 31767 31766 31768
30377 1428 31770 31769 31771
30378 1428 31773 31772 31774
30379 1428 31776 31775 31777
30380 1428 31779 31778 31780
30381 1428 31782 31781 31783
30382 1428 31785 31784 31786
30383 1428 31788 31787 31789
30384 1428 31791 31790 31792
30385 1428 31794 31793 31795
30386 1428 31797 31796 31798
30387 1428 31800 31799 31801
30388 1428 31803 31802 31804
30389 1428 31806 31805 31807
30390 1428 31809 31808 31810
30391 1428 31812 31811 31813
30392 1428 31815 31814 31816
30393 1428 31818 31817 31819
30394 1428 31821 31820 31822
30395 1428 31824 31823 31825
30396 1428 31827 31826 31828
30397 1428 31830 31829 31831
30398 1428 31833 31832 31834
30399 1428 31836 31835 31837
30400 1428 31839 31838 31840
30401 1428 31842 31841 31843
30402 1428 31845 31844 31846
30403 1428 31848 31847 31849
30404 1428 31851 31850 31852
30405 1428 31854 31853 31855
30406 1428 31857 31856 31858
30407 1428 31860 31859 31861
30408 1428 31863 31862 31864
30409 1428 31866 31865 31867
30410 1428 31869 31868 31870
30411 1428 31872 31871 31873
30412 1428 31875 31874 31876
30413 1428 31878 31877 31879
30414 1428 31881 31880 31882
30415 1428 31884 31883 31885
30416 1428 31887 31886 31888
30417 1428 31890 31889 31891
30418 1428 31893 31892 31894
30419 1428 31896 31895 31897
30420 1428 31899 31898 31900
30421 1428 31902 31901 31903
30422 1428 31905 31904 31906
30423 1428 31908 31907 31909
30424 1428 31911 31910 31912
30425 1428 31914 31913 31915
30426 1428 31917 31916 31918
30427 1428 31920 31919 31921
30428 1428 31923 31922 31924
30429 1428 31926 31925 31927
30430 1428 31929 31928 31930
30431 1428 31932 31931 31933
30432 1428 31935 31934 31936
30433 1428 31938 31937 31939
30434 1428 31941 31940 31942
30435 1428 31944 31943 31945
30436 1428 31947 31946 31948
30437 1428 31950 31949 31951
30438 1428 31953 31952 31954
30439 1428 31956 31955 31957
30440 1428 31959 31958 31960
30441 1428 31962 31961 31963
30442 1428 31965 31964 31966
30443 1428 31968 31967 31969
30444 1428 31971 31970 31972
30445 1428 31974 31973 31975
30446 1428 31977 31976 31978
30447 1428 31980 31979 31981
30448 1428 31983 31982 31984
30449 1428 31986 31985 31987
30450 1428 31989 31988 31990
30451 1428 31992 31991 31993
30452 1428 31995 31994 31996
30453 1428 31998 31997 31999
30454 1428 32001 32000 32002
30455 1428 32004 32003 32005
30456 1428 32007 32006 32008
30457 1428 32010 32009 32011
30458 1428 32013 32012 32014
30459 1428 32016 32015 32017
30460 1428 32019 32018 32020
30461 1428 32022 32021 32023
30462 1428 32025 32024 32026
30463 1428 32028 32027 32029
30464 1428 32031 32030 32032
30465 1428 32034 32033 32035
30466 1428 32037 32036 32038
30467 1428 32040 32039 32041
30468 1428 32043 32042 32044
30469 1428 32046 32045 32047
30470 1428 32049 32048 32050
30471 1428 32052 32051 32053
30472 1428 32055 32054 32056
30473 1428 32058 32057 32059
30474 1428 32061 32060 32062
30475 1428 32064 32063 32065
30476 1428 32067 32066 32068
30477 1428 32070 32069 32071
30478 1428 32073 32072 32074
30479 1428 32076 32075 32077
30480 1428 32079 32078 32080
30481 1428 32082 32081 32083
30482 1428 32085 32084 32086
30483 1428 32088 32087 32089
30484 1428 32091 32090 32092
30485 1428 32094 32093 32095
30486 1428 32097 32096 32098
30487 1428 32100 32099 32101
30488 1428 32103 32102 32104
30489 1428 32106 32105 32107
30490 1428 32109 32108 32110
30491 1428 32112 32111 32113
30492 1428 32115 32114 32116
30493 1428 32118 32117 32119
30494 1428 32121 32120 32122
30495 1428 32124 32123 32125
30496 1428 32127 32126 32128
30497 1428 32130 32129 32131
30498 1428 32133 32132 32134
30499 1428 32136 32135 32137
30500 1428 32139 32138 32140
30501 1428 32142 32141 32143
30502 1428 32145 32144 32146
30503 1428 32148 32147 32149
30504 1428 32151 32150 32152
30505 1428 32154 32153 32155
30506 1428 32157 32156 32158
30507 1428 32160 32159 32161
30508 1428 32163 32162 32164
30509 1428 32166 32165 32167
30510 1428 32169 32168 32170
30511 1428 32172 32171 32173
30512 1428 32175 32174 32176
30513 1428 32178 32177 32179
30514 1428 32181 32180 32182
30515 1428 32184 32183 32185
30516 1428 32187 32186 32188
30517 1428 32190 32189 32191
30518 1428 32193 32192 32194
30519 1428 32196 32195 32197
30520 1428 32199 32198 32200
30521 1428 32202 32201 32203
30522 1428 32205 32204 32206
30523 1428 32208 32207 32209
30524 1428 32211 32210 32212
30525 1428 32214 32213 32215
30526 1428 32217 32216 32218
30527 1428 32220 32219 32221
30528 1428 32223 32222 32224
30529 1428 32226 32225 32227
30530 1428 32229 32228 32230
30531 1428 32232 32231 32233
30532 1428 32235 32234 32236
30533 1428 32238 32237 32239
30534 1428 32241 32240 32242
30535 1428 32244 32243 32245
30536 1428 32247 32246 32248
30537 1428 32250 32249 32251
30538 1428 32253 32252 32254
30539 1428 32256 32255 32257
30540 1428 32259 32258 32260
30541 1428 32262 32261 32263
30542 1428 32265 32264 32266
30543 1428 32268 32267 32269
30544 1428 32271 32270 32272
30545 1428 32274 32273 32275
30546 1428 32277 32276 32278
30547 1428 32280 32279 32281
30548 1428 32283 32282 32284
30549 1428 32286 32285 32287
30550 1428 32289 32288 32290
30551 1428 32292 32291 32293
30552 1428 32295 32294 32296
30553 1428 32298 32297 32299
30554 1428 32301 32300 32302
30555 1428 32304 32303 32305
30556 1428 32307 32306 32308
30557 1428 32310 32309 32311
30558 1428 32313 32312 32314
30559 1428 32316 32315 32317
30560 1428 32319 32318 32320
30561 1428 32322 32321 32323
30562 1428 32325 32324 32326
30563 1428 32328 32327 32329
30564 1428 32331 32330 32332
30565 1428 32334 32333 32335
30566 1428 32337 32336 32338
30567 1428 32340 32339 32341
30568 1428 32343 32342 32344
30569 1428 32346 32345 32347
30570 1428 32349 32348 32350
30571 1428 32352 32351 32353
30572 1428 32355 32354 32356
30573 1428 32358 32357 32359
30574 1428 32361 32360 32362
30575 1428 32364 32363 32365
30576 1428 32367 32366 32368
30577 1428 32370 32369 32371
30578 1428 32373 32372 32374
30579 1428 32376 32375 32377
30580 1428 32379 32378 32380
30581 1428 32382 32381 32383
30582 1428 32385 32384 32386
30583 1428 32388 32387 32389
30584 1428 32391 32390 32392
30585 1428 32394 32393 32395
30586 1428 32397 32396 32398
30587 1428 32400 32399 32401
30588 1428 32403 32402 32404
30589 1428 32406 32405 32407
30590 1428 32409 32408 32410
30591 1428 32412 32411 32413
30592 1428 32415 32414 32416
30593 1428 32418 32417 32419
30594 1428 32421 32420 32422
30595 1428 32424 32423 32425
30596 1428 32427 32426 32428
30597 1428 32430 32429 32431
30598 1428 32433 32432 32434
30599 1428 32436 32435 32437
30600 1428 32439 32438 32440
30601 1428 32442 32441 32443
30602 1428 32445 32444 32446
30603 1428 32448 32447 32449
30604 1428 32451 32450 32452
30605 1428 32454 32453 32455
30606 1428 32457 32456 32458
30607 1428 32460 32459 32461
30608 1428 32463 32462 32464
30609 1428 32466 32465 32467
30610 1428 32469 32468 32470
30611 1428 32472 32471 32473
30612 1428 32475 32474 32476
30613 1428 32478 32477 32479
30614 1428 32481 32480 32482
30615 1428 32484 32483 32485
30616 1428 32487 32486 32488
30617 1428 32490 32489 32491
30618 1428 32493 32492 32494
30619 1428 32496 32495 32497
30620 1428 32499 32498 32500
30621 1428 32502 32501 32503
30622 1428 32505 32504 32506
30623 1428 32508 32507 32509
30624 1428 32511 32510 32512
30625 1428 32514 32513 32515
30626 1428 32517 32516 32518
30627 1428 32520 32519 32521
30628 1428 32523 32522 32524
30629 1428 32526 32525 32527
30630 1428 32529 32528 32530
30631 1428 32532 32531 32533
30632 1428 32535 32534 32536
30633 1428 32538 32537 32539
30634 1428 32541 32540 32542
30635 1428 32544 32543 32545
30636 1428 32547 32546 32548
30637 1428 32550 32549 32551
30638 1428 32553 32552 32554
30639 1428 32556 32555 32557
30640 1428 32559 32558 32560
30641 1428 32562 32561 32563
30642 1428 32565 32564 32566
30643 1428 32568 32567 32569
30644 1428 32571 32570 32572
30645 1428 32574 32573 32575
30646 1428 32577 32576 32578
30647 1428 32580 32579 32581
30648 1428 32583 32582 32584
30649 1428 32586 32585 32587
30650 1428 32589 32588 32590
30651 1428 32592 32591 32593
30652 1428 32595 32594 32596
30653 1428 32598 32597 32599
30654 1428 32601 32600 32602
30655 1428 32604 32603 32605
30656 1428 32607 32606 32608
30657 1428 32610 32609 32611
30658 1428 32613 32612 32614
30659 1428 32616 32615 32617
30660 1428 32619 32618 32620
30661 1428 32622 32621 32623
30662 1428 32625 32624 32626
30663 1428 32628 32627 32629
30664 1428 32631 32630 32632
30665 1428 32634 32633 32635
30666 1428 32637 32636 32638
30667 1428 32640 32639 32641
30668 1428 32643 32642 32644
30669 1428 32646 32645 32647
30670 1428 32649 32648 32650
30671 1428 32652 32651 32653
30672 1428 32655 32654 32656
30673 1428 32658 32657 32659
30674 1428 32661 32660 32662
30675 1428 32664 32663 32665
30676 1428 32667 32666 32668
30677 1428 32670 32669 32671
30678 1428 32673 32672 32674
30679 1428 32676 32675 32677
30680 1428 32679 32678 32680
30681 1428 32682 32681 32683
30682 1428 32685 32684 32686
30683 1428 32688 32687 32689
30684 1428 32691 32690 32692
30685 1428 32694 32693 32695
30686 1428 32697 32696 32698
30687 1428 32700 32699 32701
30688 1428 32703 32702 32704
30689 1428 32706 32705 32707
30690 1428 32709 32708 32710
30691 1428 32712 32711 32713
30692 1428 32715 32714 32716
30693 1428 32718 32717 32719
30694 1428 32721 32720 32722
30695 1428 32724 32723 32725
30696 1428 32727 32726 32728
30697 1428 32730 32729 32731
30698 1428 32733 32732 32734
30699 1428 32736 32735 32737
30700 1428 32739 32738 32740
30701 1428 32742 32741 32743
30702 1428 32745 32744 32746
30703 1428 32748 32747 32749
30704 1428 32751 32750 32752
30705 1428 32754 32753 32755
30706 1428 32757 32756 32758
30707 1428 32760 32759 32761
30708 1428 32763 32762 32764
30709 1428 32766 32765 32767
30710 1428 32769 32768 32770
30711 1428 32772 32771 32773
30712 1428 32775 32774 32776
30713 1428 32778 32777 32779
30714 1428 32781 32780 32782
30715 1428 32784 32783 32785
30716 1428 32787 32786 32788
30717 1428 32790 32789 32791
30718 1428 32793 32792 32794
30719 1428 32796 32795 32797
30720 1428 32799 32798 32800
30721 1428 32802 32801 32803
30722 1428 32805 32804 32806
30723 1428 32808 32807 32809
30724 1428 32811 32810 32812
30725 1428 32814 32813 32815
30726 1428 32817 32816 32818
30727 1428 32820 32819 32821
30728 1428 32823 32822 32824
30729 1428 32826 32825 32827
30730 1428 32829 32828 32830
30731 1428 32832 32831 32833
30732 1428 32835 32834 32836
30733 1428 32838 32837 32839
30734 1428 32841 32840 32842
30735 1428 32844 32843 32845
30736 1428 32847 32846 32848
30737 1428 32850 32849 32851
30738 1428 32853 32852 32854
30739 1428 32856 32855 32857
30740 1428 32859 32858 32860
30741 1428 32862 32861 32863
30742 1428 32865 32864 32866
30743 1428 32868 32867 32869
30744 1428 32871 32870 32872
30745 1428 32874 32873 32875
30746 1428 32877 32876 32878
30747 1428 32880 32879 32881
30748 1428 32883 32882 32884
30749 1428 32886 32885 32887
30750 1428 32889 32888 32890
30751 1428 32892 32891 32893
30752 1428 32895 32894 32896
30753 1428 32898 32897 32899
30754 1428 32901 32900 32902
30755 1428 32904 32903 32905
30756 1428 32907 32906 32908
30757 1428 32910 32909 32911
30758 1428 32913 32912 32914
30759 1428 32916 32915 32917
30760 1428 32919 32918 32920
30761 1428 32922 32921 32923
30762 1428 32925 32924 32926
30763 1428 32928 32927 32929
30764 1428 32931 32930 32932
30765 1428 32934 32933 32935
30766 1428 32937 32936 32938
30767 1428 32940 32939 32941
30768 1428 32943 32942 32944
30769 1428 32946 32945 32947
30770 1428 32949 32948 32950
30771 1428 32952 32951 32953
30772 1428 32955 32954 32956
30773 1428 32958 32957 32959
30774 1428 32961 32960 32962
30775 1428 32964 32963 32965
30776 1428 32967 32966 32968
30777 1428 32970 32969 32971
30778 1428 32973 32972 32974
30779 1428 32976 32975 32977
30780 1428 32979 32978 32980
30781 1428 32982 32981 32983
30782 1428 32985 32984 32986
30783 1428 32988 32987 32989
30784 1428 32991 32990 32992
30785 1428 32994 32993 32995
30786 1428 32997 32996 32998
30787 1428 33000 32999 33001
30788 1428 33003 33002 33004
30789 1428 33006 33005 33007
30790 1428 33009 33008 33010
30791 1428 33012 33011 33013
30792 1428 33015 33014 33016
30793 1428 33018 33017 33019
30794 1428 33021 33020 33022
30795 1428 33024 33023 33025
30796 1428 33027 33026 33028
30797 1428 33030 33029 33031
30798 1428 33033 33032 33034
30799 1428 33036 33035 33037
30800 1428 33039 33038 33040
30801 1428 33042 33041 33043
30802 1428 33045 33044 33046
30803 1428 33048 33047 33049
30804 1428 33051 33050 33052
30805 1428 33054 33053 33055
30806 1428 33057 33056 33058
30807 1428 33060 33059 33061
30808 1428 33063 33062 33064
30809 1428 33066 33065 33067
30810 1428 33069 33068 33070
30811 1428 33072 33071 33073
30812 1428 33075 33074 33076
30813 1428 33078 33077 33079
30814 1428 33081 33080 33082
30815 1428 33084 33083 33085
30816 1428 33087 33086 33088
30817 1428 33090 33089 33091
30818 1428 33093 33092 33094
30819 1428 33096 33095 33097
30820 1428 33099 33098 33100
30821 1428 33102 33101 33103
30822 1428 33105 33104 33106
30823 1428 33108 33107 33109
30824 1428 33111 33110 33112
30825 1428 33114 33113 33115
30826 1428 33117 33116 33118
30827 1428 33120 33119 33121
30828 1428 33123 33122 33124
30829 1428 33126 33125 33127
30830 1428 33129 33128 33130
30831 1428 33132 33131 33133
30832 1428 33135 33134 33136
30833 1428 33138 33137 33139
30834 1428 33141 33140 33142
30835 1428 33144 33143 33145
30836 1428 33147 33146 33148
30837 1428 33150 33149 33151
30838 1428 33153 33152 33154
30839 1428 33156 33155 33157
30840 1428 33159 33158 33160
30841 1428 33162 33161 33163
30842 1428 33165 33164 33166
30843 1428 33168 33167 33169
30844 1428 33171 33170 33172
30845 1428 33174 33173 33175
30846 1428 33177 33176 33178
30847 1428 33180 33179 33181
30848 1428 33183 33182 33184
30849 1428 33186 33185 33187
30850 1428 33189 33188 33190
30851 1428 33192 33191 33193
30852 1428 33195 33194 33196
30853 1428 33198 33197 33199
30854 1428 33201 33200 33202
30855 1428 33204 33203 33205
30856 1428 33207 33206 33208
30857 1428 33210 33209 33211
30858 1428 33213 33212 33214
30859 1428 33216 33215 33217
30860 1428 33219 33218 33220
30861 1428 33222 33221 33223
30862 1428 33225 33224 33226
30863 1428 33228 33227 33229
30864 1428 33231 33230 33232
30865 1428 33234 33233 33235
30866 1428 33237 33236 33238
30867 1428 33240 33239 33241
30868 1428 33243 33242 33244
30869 1428 33246 33245 33247
30870 1428 33249 33248 33250
30871 1428 33252 33251 33253
30872 1428 33255 33254 33256
30873 1428 33258 33257 33259
30874 1428 33261 33260 33262
30875 1428 33264 33263 33265
30876 1428 33267 33266 33268
30877 1428 33270 33269 33271
30878 1428 33273 33272 33274
30879 1428 33276 33275 33277
30880 1428 33279 33278 33280
30881 1428 33282 33281 33283
30882 1428 33285 33284 33286
30883 1428 33288 33287 33289
30884 1428 33291 33290 33292
30885 1428 33294 33293 33295
30886 1428 33297 33296 33298
30887 1428 33300 33299 33301
30888 1428 33303 33302 33304
30889 1428 33306 33305 33307
30890 1428 33309 33308 33310
30891 1428 33312 33311 33313
30892 1428 33315 33314 33316
30893 1428 33318 33317 33319
30894 1428 33321 33320 33322
30895 1428 33324 33323 33325
30896 1428 33327 33326 33328
30897 1428 33330 33329 33331
30898 1428 33333 33332 33334
30899 1428 33336 33335 33337
30900 1428 33339 33338 33340
30901 1428 33342 33341 33343
30902 1428 33345 33344 33346
30903 1428 33348 33347 33349
30904 1428 33351 33350 33352
30905 1428 33354 33353 33355
30906 1428 33357 33356 33358
30907 1428 33360 33359 33361
30908 1428 33363 33362 33364
30909 1428 33366 33365 33367
30910 1428 33369 33368 33370
30911 1428 33372 33371 33373
30912 1428 33375 33374 33376
30913 1428 33378 33377 33379
30914 1428 33381 33380 33382
30915 1428 33384 33383 33385
30916 1428 33387 33386 33388
30917 1428 33390 33389 33391
30918 1428 33393 33392 33394
30919 1428 33396 33395 33397
30920 1428 33399 33398 33400
30921 1428 33402 33401 33403
30922 1428 33405 33404 33406
30923 1428 33408 33407 33409
30924 1428 33411 33410 33412
30925 1428 33414 33413 33415
30926 1428 33417 33416 33418
30927 1428 33420 33419 33421
30928 1428 33423 33422 33424
30929 1428 33426 33425 33427
30930 1428 33429 33428 33430
30931 1428 33432 33431 33433
30932 1428 33435 33434 33436
30933 1428 33438 33437 33439
30934 1428 33441 33440 33442
30935 1428 33444 33443 33445
30936 1428 33447 33446 33448
30937 1428 33450 33449 33451
30938 1428 33453 33452 33454
30939 1428 33456 33455 33457
30940 1428 33459 33458 33460
30941 1428 33462 33461 33463
30942 1428 33465 33464 33466
30943 1428 33468 33467 33469
30944 1428 33471 33470 33472
30945 1428 33474 33473 33475
30946 1428 33477 33476 33478
30947 1428 33480 33479 33481
30948 1428 33483 33482 33484
30949 1428 33486 33485 33487
30950 1428 33489 33488 33490
30951 1428 33492 33491 33493
30952 1428 33495 33494 33496
30953 1428 33498 33497 33499
30954 1428 33501 33500 33502
30955 1428 33504 33503 33505
30956 1428 33507 33506 33508
30957 1428 33510 33509 33511
30958 1428 33513 33512 33514
30959 1428 33516 33515 33517
30960 1428 33519 33518 33520
30961 1428 33522 33521 33523
30962 1428 33525 33524 33526
30963 1428 33528 33527 33529
30964 1428 33531 33530 33532
30965 1428 33534 33533 33535
30966 1428 33537 33536 33538
30967 1428 33540 33539 33541
30968 1428 33543 33542 33544
30969 1428 33546 33545 33547
30970 1428 33549 33548 33550
30971 1428 33552 33551 33553
30972 1428 33555 33554 33556
30973 1428 33558 33557 33559
30974 1428 33561 33560 33562
30975 1428 33564 33563 33565
30976 1428 33567 33566 33568
30977 1428 33570 33569 33571
30978 1428 33573 33572 33574
30979 1428 33576 33575 33577
30980 1428 33579 33578 33580
30981 1428 33582 33581 33583
30982 1428 33585 33584 33586
30983 1428 33588 33587 33589
30984 1428 33591 33590 33592
30985 1428 33594 33593 33595
30986 1428 33597 33596 33598
30987 1428 33600 33599 33601
30988 1428 33603 33602 33604
30989 1428 33606 33605 33607
30990 1428 33609 33608 33610
30991 1428 33612 33611 33613
30992 1428 33615 33614 33616
30993 1428 33618 33617 33619
30994 1428 33621 33620 33622
30995 1428 33624 33623 33625
30996 1428 33627 33626 33628
30997 1428 33630 33629 33631
30998 1428 33633 33632 33634
30999 1428 33636 33635 33637
31000 1428 33639 33638 33640
31001 1428 33642 33641 33643
31002 1428 33645 33644 33646
31003 1428 33648 33647 33649
31004 1428 33651 33650 33652
31005 1428 33654 33653 33655
31006 1428 33657 33656 33658
31007 1428 33660 33659 33661
31008 1428 33663 33662 33664
31009 1428 33666 33665 33667
31010 1428 33669 33668 33670
31011 1428 33672 33671 33673
31012 1428 33675 33674 33676
31013 1428 33678 33677 33679
31014 1428 33681 33680 33682
31015 1428 33684 33683 33685
31016 1428 33687 33686 33688
31017 1428 33690 33689 33691
31018 1428 33693 33692 33694
31019 1428 33696 33695 33697
31020 1428 33699 33698 33700
31021 1428 33702 33701 33703
31022 1428 33705 33704 33706
31023 1428 33708 33707 33709
31024 1428 33711 33710 33712
31025 1428 33714 33713 33715
31026 1428 33717 33716 33718
31027 1428 33720 33719 33721
31028 1428 33723 33722 33724
31029 1428 33726 33725 33727
31030 1428 33729 33728 33730
31031 1428 33732 33731 33733
31032 1428 33735 33734 33736
31033 1428 33738 33737 33739
31034 1428 33741 33740 33742
31035 1428 33744 33743 33745
31036 1428 33747 33746 33748
31037 1428 33750 33749 33751
31038 1428 33753 33752 33754
31039 1428 33756 33755 33757
31040 1428 33759 33758 33760
31041 1428 33762 33761 33763
31042 1428 33765 33764 33766
31043 1428 33768 33767 33769
31044 1428 33771 33770 33772
31045 1428 33774 33773 33775
31046 1428 33777 33776 33778
31047 1428 33780 33779 33781
31048 1428 33783 33782 33784
31049 1428 33786 33785 33787
31050 1428 33789 33788 33790
31051 1428 33792 33791 33793
31052 1428 33795 33794 33796
31053 1428 33798 33797 33799
31054 1428 33801 33800 33802
31055 1428 33804 33803 33805
31056 1428 33807 33806 33808
31057 1428 33810 33809 33811
31058 1428 33813 33812 33814
31059 1428 33816 33815 33817
31060 1428 33819 33818 33820
31061 1428 33822 33821 33823
31062 1428 33825 33824 33826
31063 1428 33828 33827 33829
31064 1428 33831 33830 33832
31065 1428 33834 33833 33835
31066 1428 33837 33836 33838
31067 1428 33840 33839 33841
31068 1428 33843 33842 33844
31069 1428 33846 33845 33847
31070 1428 33849 33848 33850
31071 1428 33852 33851 33853
31072 1428 33855 33854 33856
31073 1428 33858 33857 33859
31074 1428 33861 33860 33862
31075 1428 33864 33863 33865
31076 1428 33867 33866 33868
31077 1428 33870 33869 33871
31078 1428 33873 33872 33874
31079 1428 33876 33875 33877
31080 1428 33879 33878 33880
31081 1428 33882 33881 33883
31082 1428 33885 33884 33886
31083 1428 33888 33887 33889
31084 1428 33891 33890 33892
31085 1428 33894 33893 33895
31086 1428 33897 33896 33898
31087 1428 33900 33899 33901
31088 1428 33903 33902 33904
31089 1428 33906 33905 33907
31090 1428 33909 33908 33910
31091 1428 33912 33911 33913
31092 1428 33915 33914 33916
31093 1428 33918 33917 33919
31094 1428 33921 33920 33922
31095 1428 33924 33923 33925
31096 1428 33927 33926 33928
31097 1428 33930 33929 33931
31098 1428 33933 33932 33934
31099 1428 33936 33935 33937
31100 1428 33939 33938 33940
31101 1428 33942 33941 33943
31102 1428 33945 33944 33946
31103 1428 33948 33947 33949
31104 1428 33951 33950 33952
31105 1428 33954 33953 33955
31106 1428 33957 33956 33958
31107 1428 33960 33959 33961
31108 1428 33963 33962 33964
31109 1428 33966 33965 33967
31110 1428 33969 33968 33970
31111 1428 33972 33971 33973
31112 1428 33975 33974 33976
31113 1428 33978 33977 33979
31114 1428 33981 33980 33982
31115 1428 33984 33983 33985
31116 1428 33987 33986 33988
31117 1428 33990 33989 33991
31118 1428 33993 33992 33994
31119 1428 33996 33995 33997
31120 1428 33999 33998 34000
31121 1428 34002 34001 34003
31122 1428 34005 34004 34006
31123 1428 34008 34007 34009
31124 1428 34011 34010 34012
31125 1428 34014 34013 34015
31126 1428 34017 34016 34018
31127 1428 34020 34019 34021
31128 1428 34023 34022 34024
31129 1428 34026 34025 34027
31130 1428 34029 34028 34030
31131 1428 34032 34031 34033
31132 1428 34035 34034 34036
31133 1428 34038 34037 34039
31134 1428 34041 34040 34042
31135 1428 34044 34043 34045
31136 1428 34047 34046 34048
31137 1428 34050 34049 34051
31138 1428 34053 34052 34054
31139 1428 34056 34055 34057
31140 1428 34059 34058 34060
31141 1428 34062 34061 34063
31142 1428 34065 34064 34066
31143 1428 34068 34067 34069
31144 1428 34071 34070 34072
31145 1428 34074 34073 34075
31146 1428 34077 34076 34078
31147 1428 34080 34079 34081
31148 1428 34083 34082 34084
31149 1428 34086 34085 34087
31150 1428 34089 34088 34090
31151 1428 34092 34091 34093
31152 1428 34095 34094 34096
31153 1428 34098 34097 34099
31154 1428 34101 34100 34102
31155 1428 34104 34103 34105
31156 1428 34107 34106 34108
31157 1428 34110 34109 34111
31158 1428 34113 34112 34114
31159 1428 34116 34115 34117
31160 1428 34119 34118 34120
31161 1428 34122 34121 34123
31162 1428 34125 34124 34126
31163 1428 34128 34127 34129
31164 1428 34131 34130 34132
31165 1428 34134 34133 34135
31166 1428 34137 34136 34138
31167 1428 34140 34139 34141
31168 1428 34143 34142 34144
31169 1428 34146 34145 34147
31170 1428 34149 34148 34150
31171 1428 34152 34151 34153
31172 1428 34155 34154 34156
31173 1428 34158 34157 34159
31174 1428 34161 34160 34162
31175 1428 34164 34163 34165
31176 1428 34167 34166 34168
31177 1428 34170 34169 34171
31178 1428 34173 34172 34174
31179 1428 34176 34175 34177
31180 1428 34179 34178 34180
31181 1428 34182 34181 34183
31182 1428 34185 34184 34186
31183 1428 34188 34187 34189
31184 1428 34191 34190 34192
31185 1428 34194 34193 34195
31186 1428 34197 34196 34198
31187 1428 34200 34199 34201
31188 1428 34203 34202 34204
31189 1428 34206 34205 34207
31190 1428 34209 34208 34210
31191 1428 34212 34211 34213
31192 1428 34215 34214 34216
31193 1428 34218 34217 34219
31194 1428 34221 34220 34222
31195 1428 34224 34223 34225
31196 1428 34227 34226 34228
31197 1428 34230 34229 34231
31198 1428 34233 34232 34234
31199 1428 34236 34235 34237
31200 1428 34239 34238 34240
31201 1428 34242 34241 34243
31202 1428 34245 34244 34246
31203 1428 34248 34247 34249
31204 1428 34251 34250 34252
31205 1428 34254 34253 34255
31206 1428 34257 34256 34258
31207 1428 34260 34259 34261
31208 1428 34263 34262 34264
31209 1428 34266 34265 34267
31210 1428 34269 34268 34270
31211 1428 34272 34271 34273
31212 1428 34275 34274 34276
31213 1428 34278 34277 34279
31214 1428 34281 34280 34282
31215 1428 34284 34283 34285
31216 1428 34287 34286 34288
31217 1428 34290 34289 34291
31218 1428 34293 34292 34294
31219 1428 34296 34295 34297
31220 1428 34299 34298 34300
31221 1428 34302 34301 34303
31222 1428 34305 34304 34306
31223 1428 34308 34307 34309
31224 1428 34311 34310 34312
31225 1428 34314 34313 34315
31226 1428 34317 34316 34318
31227 1428 34320 34319 34321
31228 1428 34323 34322 34324
31229 1428 34326 34325 34327
31230 1428 34329 34328 34330
31231 1428 34332 34331 34333
31232 1428 34335 34334 34336
31233 1428 34338 34337 34339
31234 1428 34341 34340 34342
31235 1428 34344 34343 34345
31236 1428 34347 34346 34348
31237 1428 34350 34349 34351
31238 1428 34353 34352 34354
31239 1428 34356 34355 34357
31240 1428 34359 34358 34360
31241 1428 34362 34361 34363
31242 1428 34365 34364 34366
31243 1428 34368 34367 34369
31244 1428 34371 34370 34372
31245 1428 34374 34373 34375
31246 1428 34377 34376 34378
31247 1428 34380 34379 34381
31248 1428 34383 34382 34384
31249 1428 34386 34385 34387
31250 1428 34389 34388 34390
31251 1428 34392 34391 34393
31252 1428 34395 34394 34396
31253 1428 34398 34397 34399
31254 1428 34401 34400 34402
31255 1428 34404 34403 34405
31256 1428 34407 34406 34408
31257 1428 34410 34409 34411
31258 1428 34413 34412 34414
31259 1428 34416 34415 34417
31260 1428 34419 34418 34420
31261 1428 34422 34421 34423
31262 1428 34425 34424 34426
31263 1428 34428 34427 34429
31264 1428 34431 34430 34432
31265 1428 34434 34433 34435
31266 1428 34437 34436 34438
31267 1428 34440 34439 34441
31268 1428 34443 34442 34444
31269 1428 34446 34445 34447
31270 1428 34449 34448 34450
31271 1428 34452 34451 34453
31272 1428 34455 34454 34456
31273 1428 34458 34457 34459
31274 1428 34461 34460 34462
31275 1428 34464 34463 34465
31276 1428 34467 34466 34468
31277 1428 34470 34469 34471
31278 1428 34473 34472 34474
31279 1428 34476 34475 34477
31280 1428 34479 34478 34480
31281 1428 34482 34481 34483
31282 1428 34485 34484 34486
31283 1428 34488 34487 34489
31284 1428 34491 34490 34492
31285 1428 34494 34493 34495
31286 1428 34497 34496 34498
31287 1428 34500 34499 34501
31288 1428 34503 34502 34504
31289 1428 34506 34505 34507
31290 1428 34509 34508 34510
31291 1428 34512 34511 34513
31292 1428 34515 34514 34516
31293 1428 34518 34517 34519
31294 1428 34521 34520 34522
31295 1428 34524 34523 34525
31296 1428 34527 34526 34528
31297 1428 34530 34529 34531
31298 1428 34533 34532 34534
31299 1428 34536 34535 34537
31300 1428 34539 34538 34540
31301 1428 34542 34541 34543
31302 1428 34545 34544 34546
31303 1428 34548 34547 34549
31304 1428 34551 34550 34552
31305 1428 34554 34553 34555
31306 1428 34557 34556 34558
31307 1428 34560 34559 34561
31308 1428 34563 34562 34564
31309 1428 34566 34565 34567
31310 1428 34569 34568 34570
31311 1428 34572 34571 34573
31312 1428 34575 34574 34576
31313 1428 34578 34577 34579
31314 1428 34581 34580 34582
31315 1428 34584 34583 34585
31316 1428 34587 34586 34588
31317 1428 34590 34589 34591
31318 1428 34593 34592 34594
31319 1428 34596 34595 34597
31320 1428 34599 34598 34600
31321 1428 34602 34601 34603
31322 1428 34605 34604 34606
31323 1428 34608 34607 34609
31324 1428 34611 34610 34612
31325 1428 34614 34613 34615
31326 1428 34617 34616 34618
31327 1428 34620 34619 34621
31328 1428 34623 34622 34624
31329 1428 34626 34625 34627
31330 1428 34629 34628 34630
31331 1428 34632 34631 34633
31332 1428 34635 34634 34636
31333 1428 34638 34637 34639
31334 1428 34641 34640 34642
31335 1428 34644 34643 34645
31336 1428 34647 34646 34648
31337 1428 34650 34649 34651
31338 1428 34653 34652 34654
31339 1428 34656 34655 34657
31340 1428 34659 34658 34660
31341 1428 34662 34661 34663
31342 1428 34665 34664 34666
31343 1428 34668 34667 34669
31344 1428 34671 34670 34672
31345 1428 34674 34673 34675
31346 1428 34677 34676 34678
31347 1428 34680 34679 34681
31348 1428 34683 34682 34684
31349 1428 34686 34685 34687
31350 1428 34689 34688 34690
31351 1428 34692 34691 34693
31352 1428 34695 34694 34696
31353 1428 34698 34697 34699
31354 1428 34701 34700 34702
31355 1428 34704 34703 34705
31356 1428 34707 34706 34708
31357 1428 34710 34709 34711
31358 1428 34713 34712 34714
31359 1428 34716 34715 34717
31360 1428 34719 34718 34720
31361 1428 34722 34721 34723
31362 1428 34725 34724 34726
31363 1428 34728 34727 34729
31364 1428 34731 34730 34732
31365 1428 34734 34733 34735
31366 1428 34737 34736 34738
31367 1428 34740 34739 34741
31368 1428 34743 34742 34744
31369 1428 34746 34745 34747
31370 1428 34749 34748 34750
31371 1428 34752 34751 34753
31372 1428 34755 34754 34756
31373 1428 34758 34757 34759
31374 1428 34761 34760 34762
31375 1428 34764 34763 34765
31376 1428 34767 34766 34768
31377 1428 34770 34769 34771
31378 1428 34773 34772 34774
31379 1428 34776 34775 34777
31380 1428 34779 34778 34780
31381 1428 34782 34781 34783
31382 1428 34785 34784 34786
31383 1428 34788 34787 34789
31384 1428 34791 34790 34792
31385 1428 34794 34793 34795
31386 1428 34797 34796 34798
31387 1428 34800 34799 34801
31388 1428 34803 34802 34804
31389 1428 34806 34805 34807
31390 1428 34809 34808 34810
31391 1428 34812 34811 34813
31392 1428 34815 34814 34816
31393 1428 34818 34817 34819
31394 1428 34821 34820 34822
31395 1428 34824 34823 34825
31396 1428 34827 34826 34828
31397 1428 34830 34829 34831
31398 1428 34833 34832 34834
31399 1428 34836 34835 34837
31400 1428 34839 34838 34840
31401 1428 34842 34841 34843
31402 1428 34845 34844 34846
31403 1428 34848 34847 34849
31404 1428 34851 34850 34852
31405 1428 34854 34853 34855
31406 1428 34857 34856 34858
31407 1428 34860 34859 34861
31408 1428 34863 34862 34864
31409 1428 34866 34865 34867
31410 1428 34869 34868 34870
31411 1428 34872 34871 34873
31412 1428 34875 34874 34876
31413 1428 34878 34877 34879
31414 1428 34881 34880 34882
31415 1428 34884 34883 34885
31416 1428 34887 34886 34888
31417 1428 34890 34889 34891
31418 1428 34893 34892 34894
31419 1428 34896 34895 34897
31420 1428 34899 34898 34900
31421 1428 34902 34901 34903
31422 1428 34905 34904 34906
31423 1428 34908 34907 34909
31424 1428 34911 34910 34912
31425 1428 34914 34913 34915
31426 1428 34917 34916 34918
31427 1428 34920 34919 34921
31428 1428 34923 34922 34924
31429 1428 34926 34925 34927
31430 1428 34929 34928 34930
31431 1428 34932 34931 34933
31432 1428 34935 34934 34936
31433 1428 34938 34937 34939
31434 1428 34941 34940 34942
31435 1428 34944 34943 34945
31436 1428 34947 34946 34948
31437 1428 34950 34949 34951
31438 1428 34953 34952 34954
31439 1428 34956 34955 34957
31440 1428 34959 34958 34960
31441 1428 34962 34961 34963
31442 1428 34965 34964 34966
31443 1428 34968 34967 34969
31444 1428 34971 34970 34972
31445 1428 34974 34973 34975
31446 1428 34977 34976 34978
31447 1428 34980 34979 34981
31448 1428 34983 34982 34984
31449 1428 34986 34985 34987
31450 1428 34989 34988 34990
31451 1428 34992 34991 34993
31452 1428 34995 34994 34996
31453 1428 34998 34997 34999
31454 1428 35001 35000 35002
31455 1428 35004 35003 35005
31456 1428 35007 35006 35008
31457 1428 35010 35009 35011
31458 1428 35013 35012 35014
31459 1428 35016 35015 35017
31460 1428 35019 35018 35020
31461 1428 35022 35021 35023
31462 1428 35025 35024 35026
31463 1428 35028 35027 35029
31464 1428 35031 35030 35032
31465 1428 35034 35033 35035
31466 1428 35037 35036 35038
31467 1428 35040 35039 35041
31468 1428 35043 35042 35044
31469 1428 35046 35045 35047
31470 1428 35049 35048 35050
31471 1428 35052 35051 35053
31472 1428 35055 35054 35056
31473 1428 35058 35057 35059
31474 1428 35061 35060 35062
31475 1428 35064 35063 35065
31476 1428 35067 35066 35068
31477 1428 35070 35069 35071
31478 1428 35073 35072 35074
31479 1428 35076 35075 35077
31480 1428 35079 35078 35080
31481 1428 35082 35081 35083
31482 1428 35085 35084 35086
31483 1428 35088 35087 35089
31484 1428 35091 35090 35092
31485 1428 35094 35093 35095
31486 1428 35097 35096 35098
31487 1428 35100 35099 35101
31488 1428 35103 35102 35104
31489 1428 35106 35105 35107
31490 1428 35109 35108 35110
31491 1428 35112 35111 35113
31492 1428 35115 35114 35116
31493 1428 35118 35117 35119
31494 1428 35121 35120 35122
31495 1428 35124 35123 35125
31496 1428 35127 35126 35128
31497 1428 35130 35129 35131
31498 1428 35133 35132 35134
31499 1428 35136 35135 35137
31500 1428 35139 35138 35140
31501 1428 35142 35141 35143
31502 1428 35145 35144 35146
31503 1428 35148 35147 35149
31504 1428 35151 35150 35152
31505 1428 35154 35153 35155
31506 1428 35157 35156 35158
31507 1428 35160 35159 35161
31508 1428 35163 35162 35164
31509 1428 35166 35165 35167
31510 1428 35169 35168 35170
31511 1428 35172 35171 35173
31512 1428 35175 35174 35176
31513 1428 35178 35177 35179
31514 1428 35181 35180 35182
31515 1428 35184 35183 35185
31516 1428 35187 35186 35188
31517 1428 35190 35189 35191
31518 1428 35193 35192 35194
31519 1428 35196 35195 35197
31520 1428 35199 35198 35200
31521 1428 35202 35201 35203
31522 1428 35205 35204 35206
31523 1428 35208 35207 35209
31524 1428 35211 35210 35212
31525 1428 35214 35213 35215
31526 1428 35217 35216 35218
31527 1428 35220 35219 35221
31528 1428 35223 35222 35224
31529 1428 35226 35225 35227
31530 1428 35229 35228 35230
31531 1428 35232 35231 35233
31532 1428 35235 35234 35236
31533 1428 35238 35237 35239
31534 1428 35241 35240 35242
31535 1428 35244 35243 35245
31536 1428 35247 35246 35248
31537 1428 35250 35249 35251
31538 1428 35253 35252 35254
31539 1428 35256 35255 35257
31540 1428 35259 35258 35260
31541 1428 35262 35261 35263
31542 1428 35265 35264 35266
31543 1428 35268 35267 35269
31544 1428 35271 35270 35272
31545 1428 35274 35273 35275
31546 1428 35277 35276 35278
31547 1428 35280 35279 35281
31548 1428 35283 35282 35284
31549 1428 35286 35285 35287
31550 1428 35289 35288 35290
31551 1428 35292 35291 35293
31552 1428 35295 35294 35296
31553 1428 35298 35297 35299
31554 1428 35301 35300 35302
31555 1428 35304 35303 35305
31556 1428 35307 35306 35308
31557 1428 35310 35309 35311
31558 1428 35313 35312 35314
31559 1428 35316 35315 35317
31560 1428 35319 35318 35320
31561 1428 35322 35321 35323
31562 1428 35325 35324 35326
31563 1428 35328 35327 35329
31564 1428 35331 35330 35332
31565 1428 35334 35333 35335
31566 1428 35337 35336 35338
31567 1428 35340 35339 35341
31568 1428 35343 35342 35344
31569 1428 35346 35345 35347
31570 1428 35349 35348 35350
31571 1428 35352 35351 35353
31572 1428 35355 35354 35356
31573 1428 35358 35357 35359
31574 1428 35361 35360 35362
31575 1428 35364 35363 35365
31576 1428 35367 35366 35368
31577 1428 35370 35369 35371
31578 1428 35373 35372 35374
31579 1428 35376 35375 35377
31580 1428 35379 35378 35380
31581 1428 35382 35381 35383
31582 1428 35385 35384 35386
31583 1428 35388 35387 35389
31584 1428 35391 35390 35392
31585 1428 35394 35393 35395
31586 1428 35397 35396 35398
31587 1428 35400 35399 35401
31588 1428 35403 35402 35404
31589 1428 35406 35405 35407
31590 1428 35409 35408 35410
31591 1428 35412 35411 35413
31592 1428 35415 35414 35416
31593 1428 35418 35417 35419
31594 1428 35421 35420 35422
31595 1428 35424 35423 35425
31596 1428 35427 35426 35428
31597 1428 35430 35429 35431
31598 1428 35433 35432 35434
31599 1428 35436 35435 35437
31600 1428 35439 35438 35440
31601 1428 35442 35441 35443
31602 1428 35445 35444 35446
31603 1428 35448 35447 35449
31604 1428 35451 35450 35452
31605 1428 35454 35453 35455
31606 1428 35457 35456 35458
31607 1428 35460 35459 35461
31608 1428 35463 35462 35464
31609 1428 35466 35465 35467
31610 1428 35469 35468 35470
31611 1428 35472 35471 35473
31612 1428 35475 35474 35476
31613 1428 35478 35477 35479
31614 1428 35481 35480 35482
31615 1428 35484 35483 35485
31616 1428 35487 35486 35488
31617 1428 35490 35489 35491
31618 1428 35493 35492 35494
31619 1428 35496 35495 35497
31620 1428 35499 35498 35500
31621 1428 35502 35501 35503
31622 1428 35505 35504 35506
31623 1428 35508 35507 35509
31624 1428 35511 35510 35512
31625 1428 35514 35513 35515
31626 1428 35517 35516 35518
31627 1428 35520 35519 35521
31628 1428 35523 35522 35524
31629 1428 35526 35525 35527
31630 1428 35529 35528 35530
31631 1428 35532 35531 35533
31632 1428 35535 35534 35536
31633 1428 35538 35537 35539
31634 1428 35541 35540 35542
31635 1428 35544 35543 35545
31636 1428 35547 35546 35548
31637 1428 35550 35549 35551
31638 1428 35553 35552 35554
31639 1428 35556 35555 35557
31640 1428 35559 35558 35560
31641 1428 35562 35561 35563
31642 1428 35565 35564 35566
31643 1428 35568 35567 35569
31644 1428 35571 35570 35572
31645 1428 35574 35573 35575
31646 1428 35577 35576 35578
31647 1428 35580 35579 35581
31648 1428 35583 35582 35584
31649 1428 35586 35585 35587
31650 1428 35589 35588 35590
31651 1428 35592 35591 35593
31652 1428 35595 35594 35596
31653 1428 35598 35597 35599
31654 1428 35601 35600 35602
31655 1428 35604 35603 35605
31656 1428 35607 35606 35608
31657 1428 35610 35609 35611
31658 1428 35613 35612 35614
31659 1428 35616 35615 35617
31660 1428 35619 35618 35620
31661 1428 35622 35621 35623
31662 1428 35625 35624 35626
31663 1428 35628 35627 35629
31664 1428 35631 35630 35632
31665 1428 35634 35633 35635
31666 1428 35637 35636 35638
31667 1428 35640 35639 35641
31668 1428 35643 35642 35644
31669 1428 35646 35645 35647
31670 1428 35649 35648 35650
31671 1428 35652 35651 35653
31672 1428 35655 35654 35656
31673 1428 35658 35657 35659
31674 1428 35661 35660 35662
31675 1428 35664 35663 35665
31676 1428 35667 35666 35668
31677 1428 35670 35669 35671
31678 1428 35673 35672 35674
31679 1428 35676 35675 35677
31680 1428 35679 35678 35680
31681 1428 35682 35681 35683
31682 1428 35685 35684 35686
31683 1428 35688 35687 35689
31684 1428 35691 35690 35692
31685 1428 35694 35693 35695
31686 1428 35697 35696 35698
31687 1428 35700 35699 35701
31688 1428 35703 35702 35704
31689 1428 35706 35705 35707
31690 1428 35709 35708 35710
31691 1428 35712 35711 35713
31692 1428 35715 35714 35716
31693 1428 35718 35717 35719
31694 1428 35721 35720 35722
31695 1428 35724 35723 35725
31696 1428 35727 35726 35728
31697 1428 35730 35729 35731
31698 1428 35733 35732 35734
31699 1428 35736 35735 35737
31700 1428 35739 35738 35740
31701 1428 35742 35741 35743
31702 1428 35745 35744 35746
31703 1428 35748 35747 35749
31704 1428 35751 35750 35752
31705 1428 35754 35753 35755
31706 1428 35757 35756 35758
31707 1428 35760 35759 35761
31708 1428 35763 35762 35764
31709 1428 35766 35765 35767
31710 1428 35769 35768 35770
31711 1428 35772 35771 35773
31712 1428 35775 35774 35776
31713 1428 35778 35777 35779
31714 1428 35781 35780 35782
31715 1428 35784 35783 35785
31716 1428 35787 35786 35788
31717 1428 35790 35789 35791
31718 1428 35793 35792 35794
31719 1428 35796 35795 35797
31720 1428 35799 35798 35800
31721 1428 35802 35801 35803
31722 1428 35805 35804 35806
31723 1428 35808 35807 35809
31724 1428 35811 35810 35812
31725 1428 35814 35813 35815
31726 1428 35817 35816 35818
31727 1428 35820 35819 35821
31728 1428 35823 35822 35824
31729 1428 35826 35825 35827
31730 1428 35829 35828 35830
31731 1428 35832 35831 35833
31732 1428 35835 35834 35836
31733 1428 35838 35837 35839
31734 1428 35841 35840 35842
31735 1428 35844 35843 35845
31736 1428 35847 35846 35848
31737 1428 35850 35849 35851
31738 1428 35853 35852 35854
31739 1428 35856 35855 35857
31740 1428 35859 35858 35860
31741 1428 35862 35861 35863
31742 1428 35865 35864 35866
31743 1428 35868 35867 35869
31744 1428 35871 35870 35872
31745 1428 35874 35873 35875
31746 1428 35877 35876 35878
31747 1428 35880 35879 35881
31748 1428 35883 35882 35884
31749 1428 35886 35885 35887
31750 1428 35889 35888 35890
31751 1428 35892 35891 35893
31752 1428 35895 35894 35896
31753 1428 35898 35897 35899
31754 1428 35901 35900 35902
31755 1428 35904 35903 35905
31756 1428 35907 35906 35908
31757 1428 35910 35909 35911
31758 1428 35913 35912 35914
31759 1428 35916 35915 35917
31760 1428 35919 35918 35920
31761 1428 35922 35921 35923
31762 1428 35925 35924 35926
31763 1428 35928 35927 35929
31764 1428 35931 35930 35932
31765 1428 35934 35933 35935
31766 1428 35937 35936 35938
31767 1428 35940 35939 35941
31768 1428 35943 35942 35944
31769 1428 35946 35945 35947
31770 1428 35949 35948 35950
31771 1428 35952 35951 35953
31772 1428 35955 35954 35956
31773 1428 35958 35957 35959
31774 1428 35961 35960 35962
31775 1428 35964 35963 35965
31776 1428 35967 35966 35968
31777 1428 35970 35969 35971
31778 1428 35973 35972 35974
31779 1428 35976 35975 35977
31780 1428 35979 35978 35980
31781 1428 35982 35981 35983
31782 1428 35985 35984 35986
31783 1428 35988 35987 35989
31784 1428 35991 35990 35992
31785 1428 35994 35993 35995
31786 1428 35997 35996 35998
31787 1428 36000 35999 36001
31788 1428 36003 36002 36004
31789 1428 36006 36005 36007
31790 1428 36009 36008 36010
31791 1428 36012 36011 36013
31792 1428 36015 36014 36016
31793 1428 36018 36017 36019
31794 1428 36021 36020 36022
31795 1428 36024 36023 36025
31796 1428 36027 36026 36028
31797 1428 36030 36029 36031
31798 1428 36033 36032 36034
31799 1428 36036 36035 36037
31800 1428 36039 36038 36040
31801 1428 36042 36041 36043
31802 1428 36045 36044 36046
31803 1428 36048 36047 36049
31804 1428 36051 36050 36052
31805 1428 36054 36053 36055
31806 1428 36057 36056 36058
31807 1428 36060 36059 36061
31808 1428 36063 36062 36064
31809 1428 36066 36065 36067
31810 1428 36069 36068 36070
31811 1428 36072 36071 36073
31812 1428 36075 36074 36076
31813 1428 36078 36077 36079
31814 1428 36081 36080 36082
31815 1428 36084 36083 36085
31816 1428 36087 36086 36088
31817 1428 36090 36089 36091
31818 1428 36093 36092 36094
31819 1428 36096 36095 36097
31820 1428 36099 36098 36100
31821 1428 36102 36101 36103
31822 1428 36105 36104 36106
31823 1428 36108 36107 36109
31824 1428 36111 36110 36112
31825 1428 36114 36113 36115
31826 1428 36117 36116 36118
31827 1428 36120 36119 36121
31828 1428 36123 36122 36124
31829 1428 36126 36125 36127
31830 1428 36129 36128 36130
31831 1428 36132 36131 36133
31832 1428 36135 36134 36136
31833 1428 36138 36137 36139
31834 1428 36141 36140 36142
31835 1428 36144 36143 36145
31836 1428 36147 36146 36148
31837 1428 36150 36149 36151
31838 1428 36153 36152 36154
31839 1428 36156 36155 36157
31840 1428 36159 36158 36160
31841 1428 36162 36161 36163
31842 1428 36165 36164 36166
31843 1428 36168 36167 36169
31844 1428 36171 36170 36172
31845 1428 36174 36173 36175
31846 1428 36177 36176 36178
31847 1428 36180 36179 36181
31848 1428 36183 36182 36184
31849 1428 36186 36185 36187
31850 1428 36189 36188 36190
31851 1428 36192 36191 36193
31852 1428 36195 36194 36196
31853 1428 36198 36197 36199
31854 1428 36201 36200 36202
31855 1428 36204 36203 36205
31856 1428 36207 36206 36208
31857 1428 36210 36209 36211
31858 1428 36213 36212 36214
31859 1428 36216 36215 36217
31860 1428 36219 36218 36220
31861 1428 36222 36221 36223
31862 1428 36225 36224 36226
31863 1428 36228 36227 36229
31864 1428 36231 36230 36232
31865 1428 36234 36233 36235
31866 1428 36237 36236 36238
31867 1428 36240 36239 36241
31868 1428 36243 36242 36244
31869 1428 36246 36245 36247
31870 1428 36249 36248 36250
31871 1428 36252 36251 36253
31872 1428 36255 36254 36256
31873 1428 36258 36257 36259
31874 1428 36261 36260 36262
31875 1428 36264 36263 36265
31876 1428 36267 36266 36268
31877 1428 36270 36269 36271
31878 1428 36273 36272 36274
31879 1428 36276 36275 36277
31880 1428 36279 36278 36280
31881 1428 36282 36281 36283
31882 1428 36285 36284 36286
31883 1428 36288 36287 36289
31884 1428 36291 36290 36292
31885 1428 36294 36293 36295
31886 1428 36297 36296 36298
31887 1428 36300 36299 36301
31888 1428 36303 36302 36304
31889 1428 36306 36305 36307
31890 1428 36309 36308 36310
31891 1428 36312 36311 36313
31892 1428 36315 36314 36316
31893 1428 36318 36317 36319
31894 1428 36321 36320 36322
31895 1428 36324 36323 36325
31896 1428 36327 36326 36328
31897 1428 36330 36329 36331
31898 1428 36333 36332 36334
31899 1428 36336 36335 36337
31900 1428 36339 36338 36340
31901 1428 36342 36341 36343
31902 1428 36345 36344 36346
31903 1428 36348 36347 36349
31904 1428 36351 36350 36352
31905 1428 36354 36353 36355
31906 1428 36357 36356 36358
31907 1428 36360 36359 36361
31908 1428 36363 36362 36364
31909 1428 36366 36365 36367
31910 1428 36369 36368 36370
31911 1428 36372 36371 36373
31912 1428 36375 36374 36376
31913 1428 36378 36377 36379
31914 1428 36381 36380 36382
31915 1428 36384 36383 36385
31916 1428 36387 36386 36388
31917 1428 36390 36389 36391
31918 1428 36393 36392 36394
31919 1428 36396 36395 36397
31920 1428 36399 36398 36400
31921 1428 36402 36401 36403
31922 1428 36405 36404 36406
31923 1428 36408 36407 36409
31924 1428 36411 36410 36412
31925 1428 36414 36413 36415
31926 1428 36417 36416 36418
31927 1428 36420 36419 36421
31928 1428 36423 36422 36424
31929 1428 36426 36425 36427
31930 1428 36429 36428 36430
31931 1428 36432 36431 36433
31932 1428 36435 36434 36436
31933 1428 36438 36437 36439
31934 1428 36441 36440 36442
31935 1428 36444 36443 36445
31936 1428 36447 36446 36448
31937 1428 36450 36449 36451
31938 1428 36453 36452 36454
31939 1428 36456 36455 36457
31940 1428 36459 36458 36460
31941 1428 36462 36461 36463
31942 1428 36465 36464 36466
31943 1428 36468 36467 36469
31944 1428 36471 36470 36472
31945 1428 36474 36473 36475
31946 1428 36477 36476 36478
31947 1428 36480 36479 36481
31948 1428 36483 36482 36484
31949 1428 36486 36485 36487
31950 1428 36489 36488 36490
31951 1428 36492 36491 36493
31952 1428 36495 36494 36496
31953 1428 36498 36497 36499
31954 1428 36501 36500 36502
31955 1428 36504 36503 36505
31956 1428 36507 36506 36508
31957 1428 36510 36509 36511
31958 1428 36513 36512 36514
31959 1428 36516 36515 36517
31960 1428 36519 36518 36520
31961 1428 36522 36521 36523
31962 1428 36525 36524 36526
31963 1428 36528 36527 36529
31964 1428 36531 36530 36532
31965 1428 36534 36533 36535
31966 1428 36537 36536 36538
31967 1428 36540 36539 36541
31968 1428 36543 36542 36544
31969 1428 36546 36545 36547
31970 1428 36549 36548 36550
31971 1428 36552 36551 36553
31972 1428 36555 36554 36556
31973 1428 36558 36557 36559
31974 1428 36561 36560 36562
31975 1428 36564 36563 36565
31976 1428 36567 36566 36568
31977 1428 36570 36569 36571
31978 1428 36573 36572 36574
31979 1428 36576 36575 36577
31980 1428 36579 36578 36580
31981 1428 36582 36581 36583
31982 1428 36585 36584 36586
31983 1428 36588 36587 36589
31984 1428 36591 36590 36592
31985 1428 36594 36593 36595
31986 1428 36597 36596 36598
31987 1428 36600 36599 36601
31988 1428 36603 36602 36604
31989 1428 36606 36605 36607
31990 1428 36609 36608 36610
31991 1428 36612 36611 36613
31992 1428 36615 36614 36616
31993 1428 36618 36617 36619
31994 1428 36621 36620 36622
31995 1428 36624 36623 36625
31996 1428 36627 36626 36628
31997 1428 36630 36629 36631
31998 1428 36633 36632 36634
31999 1428 36636 36635 36637
32000 1428 36639 36638 36640
32001 1428 36642 36641 36643
32002 1428 36645 36644 36646
32003 1428 36648 36647 36649
32004 1428 36651 36650 36652
32005 1428 36654 36653 36655
32006 1428 36657 36656 36658
32007 1428 36660 36659 36661
32008 1428 36663 36662 36664
32009 1428 36666 36665 36667
32010 1428 36669 36668 36670
32011 1428 36672 36671 36673
32012 1428 36675 36674 36676
32013 1428 36678 36677 36679
32014 1428 36681 36680 36682
32015 1428 36684 36683 36685
32016 1428 36687 36686 36688
32017 1428 36690 36689 36691
32018 1428 36693 36692 36694
32019 1428 36696 36695 36697
32020 1428 36699 36698 36700
32021 1428 36702 36701 36703
32022 1428 36705 36704 36706
32023 1428 36708 36707 36709
32024 1428 36711 36710 36712
32025 1428 36714 36713 36715
32026 1428 36717 36716 36718
32027 1428 36720 36719 36721
32028 1428 36723 36722 36724
32029 1428 36726 36725 36727
32030 1428 36729 36728 36730
32031 1428 36732 36731 36733
32032 1428 36735 36734 36736
32033 1428 36738 36737 36739
32034 1428 36741 36740 36742
32035 1428 36744 36743 36745
32036 1428 36747 36746 36748
32037 1428 36750 36749 36751
32038 1428 36753 36752 36754
32039 1428 36756 36755 36757
32040 1428 36759 36758 36760
32041 1428 36762 36761 36763
32042 1428 36765 36764 36766
32043 1428 36768 36767 36769
32044 1428 36771 36770 36772
32045 1428 36774 36773 36775
32046 1428 36777 36776 36778
32047 1428 36780 36779 36781
32048 1428 36783 36782 36784
32049 1428 36786 36785 36787
32050 1428 36789 36788 36790
32051 1428 36792 36791 36793
32052 1428 36795 36794 36796
32053 1428 36798 36797 36799
32054 1428 36801 36800 36802
32055 1428 36804 36803 36805
32056 1428 36807 36806 36808
32057 1428 36810 36809 36811
32058 1428 36813 36812 36814
32059 1428 36816 36815 36817
32060 1428 36819 36818 36820
32061 1428 36822 36821 36823
32062 1428 36825 36824 36826
32063 1428 36828 36827 36829
32064 1428 36831 36830 36832
32065 1428 36834 36833 36835
32066 1428 36837 36836 36838
32067 1428 36840 36839 36841
32068 1428 36843 36842 36844
32069 1428 36846 36845 36847
32070 1428 36849 36848 36850
32071 1428 36852 36851 36853
32072 1428 36855 36854 36856
32073 1428 36858 36857 36859
32074 1428 36861 36860 36862
32075 1428 36864 36863 36865
32076 1428 36867 36866 36868
32077 1428 36870 36869 36871
32078 1428 36873 36872 36874
32079 1428 36876 36875 36877
32080 1428 36879 36878 36880
32081 1428 36882 36881 36883
32082 1428 36885 36884 36886
32083 1428 36888 36887 36889
32084 1428 36891 36890 36892
32085 1428 36894 36893 36895
32086 1428 36897 36896 36898
32087 1428 36900 36899 36901
32088 1428 36903 36902 36904
32089 1428 36906 36905 36907
32090 1428 36909 36908 36910
32091 1428 36912 36911 36913
32092 1428 36915 36914 36916
32093 1428 36918 36917 36919
32094 1428 36921 36920 36922
32095 1428 36924 36923 36925
32096 1428 36927 36926 36928
32097 1428 36930 36929 36931
32098 1428 36933 36932 36934
32099 1428 36936 36935 36937
32100 1428 36939 36938 36940
32101 1428 36942 36941 36943
32102 1428 36945 36944 36946
32103 1428 36948 36947 36949
32104 1428 36951 36950 36952
32105 1428 36954 36953 36955
32106 1428 36957 36956 36958
32107 1428 36960 36959 36961
32108 1428 36963 36962 36964
32109 1428 36966 36965 36967
32110 1428 36969 36968 36970
32111 1428 36972 36971 36973
32112 1428 36975 36974 36976
32113 1428 36978 36977 36979
32114 1428 36981 36980 36982
32115 1428 36984 36983 36985
32116 1428 36987 36986 36988
32117 1428 36990 36989 36991
32118 1428 36993 36992 36994
32119 1428 36996 36995 36997
32120 1428 36999 36998 37000
32121 1428 37002 37001 37003
32122 1428 37005 37004 37006
32123 1428 37008 37007 37009
32124 1428 37011 37010 37012
32125 1428 37014 37013 37015
32126 1428 37017 37016 37018
32127 1428 37020 37019 37021
32128 1428 37023 37022 37024
32129 1428 37026 37025 37027
32130 1428 37029 37028 37030
32131 1428 37032 37031 37033
32132 1428 37035 37034 37036
32133 1428 37038 37037 37039
32134 1428 37041 37040 37042
32135 1428 37044 37043 37045
32136 1428 37047 37046 37048
32137 1428 37050 37049 37051
32138 1428 37053 37052 37054
32139 1428 37056 37055 37057
32140 1428 37059 37058 37060
32141 1428 37062 37061 37063
32142 1428 37065 37064 37066
32143 1428 37068 37067 37069
32144 1428 37071 37070 37072
32145 1428 37074 37073 37075
32146 1428 37077 37076 37078
32147 1428 37080 37079 37081
32148 1428 37083 37082 37084
32149 1428 37086 37085 37087
32150 1428 37089 37088 37090
32151 1428 37092 37091 37093
32152 1428 37095 37094 37096
32153 1428 37098 37097 37099
32154 1428 37101 37100 37102
32155 1428 37104 37103 37105
32156 1428 37107 37106 37108
32157 1428 37110 37109 37111
32158 1428 37113 37112 37114
32159 1428 37116 37115 37117
32160 1428 37119 37118 37120
32161 1428 37122 37121 37123
32162 1428 37125 37124 37126
32163 1428 37128 37127 37129
32164 1428 37131 37130 37132
32165 1428 37134 37133 37135
32166 1428 37137 37136 37138
32167 1428 37140 37139 37141
32168 1428 37143 37142 37144
32169 1428 37146 37145 37147
32170 1428 37149 37148 37150
32171 1428 37152 37151 37153
32172 1428 37155 37154 37156
32173 1428 37158 37157 37159
32174 1428 37161 37160 37162
32175 1428 37164 37163 37165
32176 1428 37167 37166 37168
32177 1428 37170 37169 37171
32178 1428 37173 37172 37174
32179 1428 37176 37175 37177
32180 1428 37179 37178 37180
32181 1428 37182 37181 37183
32182 1428 37185 37184 37186
32183 1428 37188 37187 37189
32184 1428 37191 37190 37192
32185 1428 37194 37193 37195
32186 1428 37197 37196 37198
32187 1428 37200 37199 37201
32188 1428 37203 37202 37204
32189 1428 37206 37205 37207
32190 1428 37209 37208 37210
32191 1428 37212 37211 37213
32192 1428 37215 37214 37216
32193 1428 37218 37217 37219
32194 1428 37221 37220 37222
32195 1428 37224 37223 37225
32196 1428 37227 37226 37228
32197 1428 37230 37229 37231
32198 1428 37233 37232 37234
32199 1428 37236 37235 37237
32200 1428 37239 37238 37240
32201 1428 37242 37241 37243
32202 1428 37245 37244 37246
32203 1428 37248 37247 37249
32204 1428 37251 37250 37252
32205 1428 37254 37253 37255
32206 1428 37257 37256 37258
32207 1428 37260 37259 37261
32208 1428 37263 37262 37264
32209 1428 37266 37265 37267
32210 1428 37269 37268 37270
32211 1428 37272 37271 37273
32212 1428 37275 37274 37276
32213 1428 37278 37277 37279
32214 1428 37281 37280 37282
32215 1428 37284 37283 37285
32216 1428 37287 37286 37288
32217 1428 37290 37289 37291
32218 1428 37293 37292 37294
32219 1428 37296 37295 37297
32220 1428 37299 37298 37300
32221 1428 37302 37301 37303
32222 1428 37305 37304 37306
32223 1428 37308 37307 37309
32224 1428 37311 37310 37312
32225 1428 37314 37313 37315
32226 1428 37317 37316 37318
32227 1428 37320 37319 37321
32228 1428 37323 37322 37324
32229 1428 37326 37325 37327
32230 1428 37329 37328 37330
32231 1428 37332 37331 37333
32232 1428 37335 37334 37336
32233 1428 37338 37337 37339
32234 1428 37341 37340 37342
32235 1428 37344 37343 37345
32236 1428 37347 37346 37348
32237 1428 37350 37349 37351
32238 1428 37353 37352 37354
32239 1428 37356 37355 37357
32240 1428 37359 37358 37360
32241 1428 37362 37361 37363
32242 1428 37365 37364 37366
32243 1428 37368 37367 37369
32244 1428 37371 37370 37372
32245 1428 37374 37373 37375
32246 1428 37377 37376 37378
32247 1428 37380 37379 37381
32248 1428 37383 37382 37384
32249 1428 37386 37385 37387
32250 1428 37389 37388 37390
32251 1428 37392 37391 37393
32252 1428 37395 37394 37396
32253 1428 37398 37397 37399
32254 1428 37401 37400 37402
32255 1428 37404 37403 37405
32256 1428 37407 37406 37408
32257 1428 37410 37409 37411
32258 1428 37413 37412 37414
32259 1428 37416 37415 37417
32260 1428 37419 37418 37420
32261 1428 37422 37421 37423
32262 1428 37425 37424 37426
32263 1428 37428 37427 37429
32264 1428 37431 37430 37432
32265 1428 37434 37433 37435
32266 1428 37437 37436 37438
32267 1428 37440 37439 37441
32268 1428 37443 37442 37444
32269 1428 37446 37445 37447
32270 1428 37449 37448 37450
32271 1428 37452 37451 37453
32272 1428 37455 37454 37456
32273 1428 37458 37457 37459
32274 1428 37461 37460 37462
32275 1428 37464 37463 37465
32276 1428 37467 37466 37468
32277 1428 37470 37469 37471
32278 1428 37473 37472 37474
32279 1428 37476 37475 37477
32280 1428 37479 37478 37480
32281 1428 37482 37481 37483
32282 1428 37485 37484 37486
32283 1428 37488 37487 37489
32284 1428 37491 37490 37492
32285 1428 37494 37493 37495
32286 1428 37497 37496 37498
32287 1428 37500 37499 37501
32288 1428 37503 37502 37504
32289 1428 37506 37505 37507
32290 1428 37509 37508 37510
32291 1428 37512 37511 37513
32292 1428 37515 37514 37516
32293 1428 37518 37517 37519
32294 1428 37521 37520 37522
32295 1428 37524 37523 37525
32296 1428 37527 37526 37528
32297 1428 37530 37529 37531
32298 1428 37533 37532 37534
32299 1428 37536 37535 37537
32300 1428 37539 37538 37540
32301 1428 37542 37541 37543
32302 1428 37545 37544 37546
32303 1428 37548 37547 37549
32304 1428 37551 37550 37552
32305 1428 37554 37553 37555
32306 1428 37557 37556 37558
32307 1428 37560 37559 37561
32308 1428 37563 37562 37564
32309 1428 37566 37565 37567
32310 1428 37569 37568 37570
32311 1428 37572 37571 37573
32312 1428 37575 37574 37576
32313 1428 37578 37577 37579
32314 1428 37581 37580 37582
32315 1428 37584 37583 37585
32316 1428 37587 37586 37588
32317 1428 37590 37589 37591
32318 1428 37593 37592 37594
32319 1428 37596 37595 37597
32320 1428 37599 37598 37600
32321 1428 37602 37601 37603
32322 1428 37605 37604 37606
32323 1428 37608 37607 37609
32324 1428 37611 37610 37612
32325 1428 37614 37613 37615
32326 1428 37617 37616 37618
32327 1428 37620 37619 37621
32328 1428 37623 37622 37624
32329 1428 37626 37625 37627
32330 1428 37629 37628 37630
32331 1428 37632 37631 37633
32332 1428 37635 37634 37636
32333 1428 37638 37637 37639
32334 1428 37641 37640 37642
32335 1428 37644 37643 37645
32336 1428 37647 37646 37648
32337 1428 37650 37649 37651
32338 1428 37653 37652 37654
32339 1428 37656 37655 37657
32340 1428 37659 37658 37660
32341 1428 37662 37661 37663
32342 1428 37665 37664 37666
32343 1428 37668 37667 37669
32344 1428 37671 37670 37672
32345 1428 37674 37673 37675
32346 1428 37677 37676 37678
32347 1428 37680 37679 37681
32348 1428 37683 37682 37684
32349 1428 37686 37685 37687
32350 1428 37689 37688 37690
32351 1428 37692 37691 37693
32352 1428 37695 37694 37696
32353 1428 37698 37697 37699
32354 1428 37701 37700 37702
32355 1428 37704 37703 37705
32356 1428 37707 37706 37708
32357 1428 37710 37709 37711
32358 1428 37713 37712 37714
32359 1428 37716 37715 37717
32360 1428 37719 37718 37720
32361 1428 37722 37721 37723
32362 1428 37725 37724 37726
32363 1428 37728 37727 37729
32364 1428 37731 37730 37732
32365 1428 37734 37733 37735
32366 1428 37737 37736 37738
32367 1428 37740 37739 37741
32368 1428 37743 37742 37744
32369 1428 37746 37745 37747
32370 1428 37749 37748 37750
32371 1428 37752 37751 37753
32372 1428 37755 37754 37756
32373 1428 37758 37757 37759
32374 1428 37761 37760 37762
32375 1428 37764 37763 37765
32376 1428 37767 37766 37768
32377 1428 37770 37769 37771
32378 1428 37773 37772 37774
32379 1428 37776 37775 37777
32380 1428 37779 37778 37780
32381 1428 37782 37781 37783
32382 1428 37785 37784 37786
32383 1428 37788 37787 37789
32384 1428 37791 37790 37792
32385 1428 37794 37793 37795
32386 1428 37797 37796 37798
32387 1428 37800 37799 37801
32388 1428 37803 37802 37804
32389 1428 37806 37805 37807
32390 1428 37809 37808 37810
32391 1428 37812 37811 37813
32392 1428 37815 37814 37816
32393 1428 37818 37817 37819
32394 1428 37821 37820 37822
32395 1428 37824 37823 37825
32396 1428 37827 37826 37828
32397 1428 37830 37829 37831
32398 1428 37833 37832 37834
32399 1428 37836 37835 37837
32400 1428 37839 37838 37840
32401 1428 37842 37841 37843
32402 1428 37845 37844 37846
32403 1428 37848 37847 37849
32404 1428 37851 37850 37852
32405 1428 37854 37853 37855
32406 1428 37857 37856 37858
32407 1428 37860 37859 37861
32408 1428 37863 37862 37864
32409 1428 37866 37865 37867
32410 1428 37869 37868 37870
32411 1428 37872 37871 37873
32412 1428 37875 37874 37876
32413 1428 37878 37877 37879
32414 1428 37881 37880 37882
32415 1428 37884 37883 37885
32416 1428 37887 37886 37888
32417 1428 37890 37889 37891
32418 1428 37893 37892 37894
32419 1428 37896 37895 37897
32420 1428 37899 37898 37900
32421 1428 37902 37901 37903
32422 1428 37905 37904 37906
32423 1428 37908 37907 37909
32424 1428 37911 37910 37912
32425 1428 37914 37913 37915
32426 1428 37917 37916 37918
32427 1428 37920 37919 37921
32428 1428 37923 37922 37924
32429 1428 37926 37925 37927
32430 1428 37929 37928 37930
32431 1428 37932 37931 37933
32432 1428 37935 37934 37936
32433 1428 37938 37937 37939
32434 1428 37941 37940 37942
32435 1428 37944 37943 37945
32436 1428 37947 37946 37948
32437 1428 37950 37949 37951
32438 1428 37953 37952 37954
32439 1428 37956 37955 37957
32440 1428 37959 37958 37960
32441 1428 37962 37961 37963
32442 1428 37965 37964 37966
32443 1428 37968 37967 37969
32444 1428 37971 37970 37972
32445 1428 37974 37973 37975
32446 1428 37977 37976 37978
32447 1428 37980 37979 37981
32448 1428 37983 37982 37984
32449 1428 37986 37985 37987
32450 1428 37989 37988 37990
32451 1428 37992 37991 37993
32452 1428 37995 37994 37996
32453 1428 37998 37997 37999
32454 1428 38001 38000 38002
32455 1428 38004 38003 38005
32456 1428 38007 38006 38008
32457 1428 38010 38009 38011
32458 1428 38013 38012 38014
32459 1428 38016 38015 38017
32460 1428 38019 38018 38020
32461 1428 38022 38021 38023
32462 1428 38025 38024 38026
32463 1428 38028 38027 38029
32464 1428 38031 38030 38032
32465 1428 38034 38033 38035
32466 1428 38037 38036 38038
32467 1428 38040 38039 38041
32468 1428 38043 38042 38044
32469 1428 38046 38045 38047
32470 1428 38049 38048 38050
32471 1428 38052 38051 38053
32472 1428 38055 38054 38056
32473 1428 38058 38057 38059
32474 1428 38061 38060 38062
32475 1428 38064 38063 38065
32476 1428 38067 38066 38068
32477 1428 38070 38069 38071
32478 1428 38073 38072 38074
32479 1428 38076 38075 38077
32480 1428 38079 38078 38080
32481 1428 38082 38081 38083
32482 1428 38085 38084 38086
32483 1428 38088 38087 38089
32484 1428 38091 38090 38092
32485 1428 38094 38093 38095
32486 1428 38097 38096 38098
32487 1428 38100 38099 38101
32488 1428 38103 38102 38104
32489 1428 38106 38105 38107
32490 1428 38109 38108 38110
32491 1428 38112 38111 38113
32492 1428 38115 38114 38116
32493 1428 38118 38117 38119
32494 1428 38121 38120 38122
32495 1428 38124 38123 38125
32496 1428 38127 38126 38128
32497 1428 38130 38129 38131
32498 1428 38133 38132 38134
32499 1428 38136 38135 38137
32500 1428 38139 38138 38140
32501 1428 38142 38141 38143
32502 1428 38145 38144 38146
32503 1428 38148 38147 38149
32504 1428 38151 38150 38152
32505 1428 38154 38153 38155
32506 1428 38157 38156 38158
32507 1428 38160 38159 38161
32508 1428 38163 38162 38164
32509 1428 38166 38165 38167
32510 1428 38169 38168 38170
32511 1428 38172 38171 38173
32512 1428 38175 38174 38176
32513 1428 38178 38177 38179
32514 1428 38181 38180 38182
32515 1428 38184 38183 38185
32516 1428 38187 38186 38188
32517 1428 38190 38189 38191
32518 1428 38193 38192 38194
32519 1428 38196 38195 38197
32520 1428 38199 38198 38200
32521 1428 38202 38201 38203
32522 1428 38205 38204 38206
32523 1428 38208 38207 38209
32524 1428 38211 38210 38212
32525 1428 38214 38213 38215
32526 1428 38217 38216 38218
32527 1428 38220 38219 38221
32528 1428 38223 38222 38224
32529 1428 38226 38225 38227
32530 1428 38229 38228 38230
32531 1428 38232 38231 38233
32532 1428 38235 38234 38236
32533 1428 38238 38237 38239
32534 1428 38241 38240 38242
32535 1428 38244 38243 38245
32536 1428 38247 38246 38248
32537 1428 38250 38249 38251
32538 1428 38253 38252 38254
32539 1428 38256 38255 38257
32540 1428 38259 38258 38260
32541 1428 38262 38261 38263
32542 1428 38265 38264 38266
32543 1428 38268 38267 38269
32544 1428 38271 38270 38272
32545 1428 38274 38273 38275
32546 1428 38277 38276 38278
32547 1428 38280 38279 38281
32548 1428 38283 38282 38284
32549 1428 38286 38285 38287
32550 1428 38289 38288 38290
32551 1428 38292 38291 38293
32552 1428 38295 38294 38296
32553 1428 38298 38297 38299
32554 1428 38301 38300 38302
32555 1428 38304 38303 38305
32556 1428 38307 38306 38308
32557 1428 38310 38309 38311
32558 1428 38313 38312 38314
32559 1428 38316 38315 38317
32560 1428 38319 38318 38320
32561 1428 38322 38321 38323
32562 1428 38325 38324 38326
32563 1428 38328 38327 38329
32564 1428 38331 38330 38332
32565 1428 38334 38333 38335
32566 1428 38337 38336 38338
32567 1428 38340 38339 38341
32568 1428 38343 38342 38344
32569 1428 38346 38345 38347
32570 1428 38349 38348 38350
32571 1428 38352 38351 38353
32572 1428 38355 38354 38356
32573 1428 38358 38357 38359
32574 1428 38361 38360 38362
32575 1428 38364 38363 38365
32576 1428 38367 38366 38368
32577 1428 38370 38369 38371
32578 1428 38373 38372 38374
32579 1428 38376 38375 38377
32580 1428 38379 38378 38380
32581 1428 38382 38381 38383
32582 1428 38385 38384 38386
32583 1428 38388 38387 38389
32584 1428 38391 38390 38392
32585 1428 38394 38393 38395
32586 1428 38397 38396 38398
32587 1428 38400 38399 38401
32588 1428 38403 38402 38404
32589 1428 38406 38405 38407
32590 1428 38409 38408 38410
32591 1428 38412 38411 38413
32592 1428 38415 38414 38416
32593 1428 38418 38417 38419
32594 1428 38421 38420 38422
32595 1428 38424 38423 38425
32596 1428 38427 38426 38428
32597 1428 38430 38429 38431
32598 1428 38433 38432 38434
32599 1428 38436 38435 38437
32600 1428 38439 38438 38440
32601 1428 38442 38441 38443
32602 1428 38445 38444 38446
32603 1428 38448 38447 38449
32604 1428 38451 38450 38452
32605 1428 38454 38453 38455
32606 1428 38457 38456 38458
32607 1428 38460 38459 38461
32608 1428 38463 38462 38464
32609 1428 38466 38465 38467
32610 1428 38469 38468 38470
32611 1428 38472 38471 38473
32612 1428 38475 38474 38476
32613 1428 38478 38477 38479
32614 1428 38481 38480 38482
32615 1428 38484 38483 38485
32616 1428 38487 38486 38488
32617 1428 38490 38489 38491
32618 1428 38493 38492 38494
32619 1428 38496 38495 38497
32620 1428 38499 38498 38500
32621 1428 38502 38501 38503
32622 1428 38505 38504 38506
32623 1428 38508 38507 38509
32624 1428 38511 38510 38512
32625 1428 38514 38513 38515
32626 1428 38517 38516 38518
32627 1428 38520 38519 38521
32628 1428 38523 38522 38524
32629 1428 38526 38525 38527
32630 1428 38529 38528 38530
32631 1428 38532 38531 38533
32632 1428 38535 38534 38536
32633 1428 38538 38537 38539
32634 1428 38541 38540 38542
32635 1428 38544 38543 38545
32636 1428 38547 38546 38548
32637 1428 38550 38549 38551
32638 1428 38553 38552 38554
32639 1428 38556 38555 38557
32640 1428 38559 38558 38560
32641 1428 38562 38561 38563
32642 1428 38565 38564 38566
32643 1428 38568 38567 38569
32644 1428 38571 38570 38572
32645 1428 38574 38573 38575
32646 1428 38577 38576 38578
32647 1428 38580 38579 38581
32648 1428 38583 38582 38584
32649 1428 38586 38585 38587
32650 1428 38589 38588 38590
32651 1428 38592 38591 38593
32652 1428 38595 38594 38596
32653 1428 38598 38597 38599
32654 1428 38601 38600 38602
32655 1428 38604 38603 38605
32656 1428 38607 38606 38608
32657 1428 38610 38609 38611
32658 1428 38613 38612 38614
32659 1428 38616 38615 38617
32660 1428 38619 38618 38620
32661 1428 38622 38621 38623
32662 1428 38625 38624 38626
32663 1428 38628 38627 38629
32664 1428 38631 38630 38632
32665 1428 38634 38633 38635
32666 1428 38637 38636 38638
32667 1428 38640 38639 38641
32668 1428 38643 38642 38644
32669 1428 38646 38645 38647
32670 1428 38649 38648 38650
32671 1428 38652 38651 38653
32672 1428 38655 38654 38656
32673 1428 38658 38657 38659
32674 1428 38661 38660 38662
32675 1428 38664 38663 38665
32676 1428 38667 38666 38668
32677 1428 38670 38669 38671
32678 1428 38673 38672 38674
32679 1428 38676 38675 38677
32680 1428 38679 38678 38680
32681 1428 38682 38681 38683
32682 1428 38685 38684 38686
32683 1428 38688 38687 38689
32684 1428 38691 38690 38692
32685 1428 38694 38693 38695
32686 1428 38697 38696 38698
32687 1428 38700 38699 38701
32688 1428 38703 38702 38704
32689 1428 38706 38705 38707
32690 1428 38709 38708 38710
32691 1428 38712 38711 38713
32692 1428 38715 38714 38716
32693 1428 38718 38717 38719
32694 1428 38721 38720 38722
32695 1428 38724 38723 38725
32696 1428 38727 38726 38728
32697 1428 38730 38729 38731
32698 1428 38733 38732 38734
32699 1428 38736 38735 38737
32700 1428 38739 38738 38740
32701 1428 38742 38741 38743
32702 1428 38745 38744 38746
32703 1428 38748 38747 38749
32704 1428 38751 38750 38752
32705 1428 38754 38753 38755
32706 1428 38757 38756 38758
32707 1428 38760 38759 38761
32708 1428 38763 38762 38764
32709 1428 38766 38765 38767
32710 1428 38769 38768 38770
32711 1428 38772 38771 38773
32712 1428 38775 38774 38776
32713 1428 38778 38777 38779
32714 1428 38781 38780 38782
32715 1428 38784 38783 38785
32716 1428 38787 38786 38788
32717 1428 38790 38789 38791
32718 1428 38793 38792 38794
32719 1428 38796 38795 38797
32720 1428 38799 38798 38800
32721 1428 38802 38801 38803
32722 1428 38805 38804 38806
32723 1428 38808 38807 38809
32724 1428 38811 38810 38812
32725 1428 38814 38813 38815
32726 1428 38817 38816 38818
32727 1428 38820 38819 38821
32728 1428 38823 38822 38824
32729 1428 38826 38825 38827
32730 1428 38829 38828 38830
32731 1428 38832 38831 38833
32732 1428 38835 38834 38836
32733 1428 38838 38837 38839
32734 1428 38841 38840 38842
32735 1428 38844 38843 38845
32736 1428 38847 38846 38848
32737 1428 38850 38849 38851
32738 1428 38853 38852 38854
32739 1428 38856 38855 38857
32740 1428 38859 38858 38860
32741 1428 38862 38861 38863
32742 1428 38865 38864 38866
32743 1428 38868 38867 38869
32744 1428 38871 38870 38872
32745 1428 38874 38873 38875
32746 1428 38877 38876 38878
32747 1428 38880 38879 38881
32748 1428 38883 38882 38884
32749 1428 38886 38885 38887
32750 1428 38889 38888 38890
32751 1428 38892 38891 38893
32752 1428 38895 38894 38896
32753 1428 38898 38897 38899
32754 1428 38901 38900 38902
32755 1428 38904 38903 38905
32756 1428 38907 38906 38908
32757 1428 38910 38909 38911
32758 1428 38913 38912 38914
32759 1428 38916 38915 38917
32760 1428 38919 38918 38920
32761 1428 38922 38921 38923
32762 1428 38925 38924 38926
32763 1428 38928 38927 38929
32764 1428 38931 38930 38932
32765 1428 38934 38933 38935
32766 1428 38937 38936 38938
32767 1428 38940 38939 38941
32768 1428 38943 38942 38944
32769 1428 38946 38945 38947
32770 1428 38949 38948 38950
32771 1428 38952 38951 38953
32772 1428 38955 38954 38956
32773 1428 38958 38957 38959
32774 1428 38961 38960 38962
32775 1428 38964 38963 38965
32776 1428 38967 38966 38968
32777 1428 38970 38969 38971
32778 1428 38973 38972 38974
32779 1428 38976 38975 38977
32780 1428 38979 38978 38980
32781 1428 38982 38981 38983
32782 1428 38985 38984 38986
32783 1428 38988 38987 38989
32784 1428 38991 38990 38992
32785 1428 38994 38993 38995
32786 1428 38997 38996 38998
32787 1428 39000 38999 39001
32788 1428 39003 39002 39004
32789 1428 39006 39005 39007
32790 1428 39009 39008 39010
32791 1428 39012 39011 39013
32792 1428 39015 39014 39016
32793 1428 39018 39017 39019
32794 1428 39021 39020 39022
32795 1428 39024 39023 39025
32796 1428 39027 39026 39028
32797 1428 39030 39029 39031
32798 1428 39033 39032 39034
32799 1428 39036 39035 39037
32800 1428 39039 39038 39040
32801 1428 39042 39041 39043
32802 1428 39045 39044 39046
32803 1428 39048 39047 39049
32804 1428 39051 39050 39052
32805 1428 39054 39053 39055
32806 1428 39057 39056 39058
32807 1428 39060 39059 39061
32808 1428 39063 39062 39064
32809 1428 39066 39065 39067
32810 1428 39069 39068 39070
32811 1428 39072 39071 39073
32812 1428 39075 39074 39076
32813 1428 39078 39077 39079
32814 1428 39081 39080 39082
32815 1428 39084 39083 39085
32816 1428 39087 39086 39088
32817 1428 39090 39089 39091
32818 1428 39093 39092 39094
32819 1428 39096 39095 39097
32820 1428 39099 39098 39100
32821 1428 39102 39101 39103
32822 1428 39105 39104 39106
32823 1428 39108 39107 39109
32824 1428 39111 39110 39112
32825 1428 39114 39113 39115
32826 1428 39117 39116 39118
32827 1428 39120 39119 39121
32828 1428 39123 39122 39124
32829 1428 39126 39125 39127
32830 1428 39129 39128 39130
32831 1428 39132 39131 39133
32832 1428 39135 39134 39136
32833 1428 39138 39137 39139
32834 1428 39141 39140 39142
32835 1428 39144 39143 39145
32836 1428 39147 39146 39148
32837 1428 39150 39149 39151
32838 1428 39153 39152 39154
32839 1428 39156 39155 39157
32840 1428 39159 39158 39160
32841 1428 39162 39161 39163
32842 1428 39165 39164 39166
32843 1428 39168 39167 39169
32844 1428 39171 39170 39172
32845 1428 39174 39173 39175
32846 1428 39177 39176 39178
32847 1428 39180 39179 39181
32848 1428 39183 39182 39184
32849 1428 39186 39185 39187
32850 1428 39189 39188 39190
32851 1428 39192 39191 39193
32852 1428 39195 39194 39196
32853 1428 39198 39197 39199
32854 1428 39201 39200 39202
32855 1428 39204 39203 39205
32856 1428 39207 39206 39208
32857 1428 39210 39209 39211
32858 1428 39213 39212 39214
32859 1428 39216 39215 39217
32860 1428 39219 39218 39220
32861 1428 39222 39221 39223
32862 1428 39225 39224 39226
32863 1428 39228 39227 39229
32864 1428 39231 39230 39232
32865 1428 39234 39233 39235
32866 1428 39237 39236 39238
32867 1428 39240 39239 39241
32868 1428 39243 39242 39244
32869 1428 39246 39245 39247
32870 1428 39249 39248 39250
32871 1428 39252 39251 39253
32872 1428 39255 39254 39256
32873 1428 39258 39257 39259
32874 1428 39261 39260 39262
32875 1428 39264 39263 39265
32876 1428 39267 39266 39268
32877 1428 39270 39269 39271
32878 1428 39273 39272 39274
32879 1428 39276 39275 39277
32880 1428 39279 39278 39280
32881 1428 39282 39281 39283
32882 1428 39285 39284 39286
32883 1428 39288 39287 39289
32884 1428 39291 39290 39292
32885 1428 39294 39293 39295
32886 1428 39297 39296 39298
32887 1428 39300 39299 39301
32888 1428 39303 39302 39304
32889 1428 39306 39305 39307
32890 1428 39309 39308 39310
32891 1428 39312 39311 39313
32892 1428 39315 39314 39316
32893 1428 39318 39317 39319
32894 1428 39321 39320 39322
32895 1428 39324 39323 39325
32896 1428 39327 39326 39328
32897 1428 39330 39329 39331
32898 1428 39333 39332 39334
32899 1428 39336 39335 39337
32900 1428 39339 39338 39340
32901 1428 39342 39341 39343
32902 1428 39345 39344 39346
32903 1428 39348 39347 39349
32904 1428 39351 39350 39352
32905 1428 39354 39353 39355
32906 1428 39357 39356 39358
32907 1428 39360 39359 39361
32908 1428 39363 39362 39364
32909 1428 39366 39365 39367
32910 1428 39369 39368 39370
32911 1428 39372 39371 39373
32912 1428 39375 39374 39376
32913 1428 39378 39377 39379
32914 1428 39381 39380 39382
32915 1428 39384 39383 39385
32916 1428 39387 39386 39388
32917 1428 39390 39389 39391
32918 1428 39393 39392 39394
32919 1428 39396 39395 39397
32920 1428 39399 39398 39400
32921 1428 39402 39401 39403
32922 1428 39405 39404 39406
32923 1428 39408 39407 39409
32924 1428 39411 39410 39412
32925 1428 39414 39413 39415
32926 1428 39417 39416 39418
32927 1428 39420 39419 39421
32928 1428 39423 39422 39424
32929 1428 39426 39425 39427
32930 1428 39429 39428 39430
32931 1428 39432 39431 39433
32932 1428 39435 39434 39436
32933 1428 39438 39437 39439
32934 1428 39441 39440 39442
32935 1428 39444 39443 39445
32936 1428 39447 39446 39448
32937 1428 39450 39449 39451
32938 1428 39453 39452 39454
32939 1428 39456 39455 39457
32940 1428 39459 39458 39460
32941 1428 39462 39461 39463
32942 1428 39465 39464 39466
32943 1428 39468 39467 39469
32944 1428 39471 39470 39472
32945 1428 39474 39473 39475
32946 1428 39477 39476 39478
32947 1428 39480 39479 39481
32948 1428 39483 39482 39484
32949 1428 39486 39485 39487
32950 1428 39489 39488 39490
32951 1428 39492 39491 39493
32952 1428 39495 39494 39496
32953 1428 39498 39497 39499
32954 1428 39501 39500 39502
32955 1428 39504 39503 39505
32956 1428 39507 39506 39508
32957 1428 39510 39509 39511
32958 1428 39513 39512 39514
32959 1428 39516 39515 39517
32960 1428 39519 39518 39520
32961 1428 39522 39521 39523
32962 1428 39525 39524 39526
32963 1428 39528 39527 39529
32964 1428 39531 39530 39532
32965 1428 39534 39533 39535
32966 1428 39537 39536 39538
32967 1428 39540 39539 39541
32968 1428 39543 39542 39544
32969 1428 39546 39545 39547
32970 1428 39549 39548 39550
32971 1428 39552 39551 39553
32972 1428 39555 39554 39556
32973 1428 39558 39557 39559
32974 1428 39561 39560 39562
32975 1428 39564 39563 39565
32976 1428 39567 39566 39568
32977 1428 39570 39569 39571
32978 1428 39573 39572 39574
32979 1428 39576 39575 39577
32980 1428 39579 39578 39580
32981 1428 39582 39581 39583
32982 1428 39585 39584 39586
32983 1428 39588 39587 39589
32984 1428 39591 39590 39592
32985 1428 39594 39593 39595
32986 1428 39597 39596 39598
32987 1428 39600 39599 39601
32988 1428 39603 39602 39604
32989 1428 39606 39605 39607
32990 1428 39609 39608 39610
32991 1428 39612 39611 39613
32992 1428 39615 39614 39616
32993 1428 39618 39617 39619
32994 1428 39621 39620 39622
32995 1428 39624 39623 39625
32996 1428 39627 39626 39628
32997 1428 39630 39629 39631
32998 1428 39633 39632 39634
32999 1428 39636 39635 39637
33000 1428 39639 39638 39640
33001 1428 39642 39641 39643
33002 1428 39645 39644 39646
33003 1428 39648 39647 39649
33004 1428 39651 39650 39652
33005 1428 39654 39653 39655
33006 1428 39657 39656 39658
33007 1428 39660 39659 39661
33008 1428 39663 39662 39664
33009 1428 39666 39665 39667
33010 1428 39669 39668 39670
33011 1428 39672 39671 39673
33012 1428 39675 39674 39676
33013 1428 39678 39677 39679
33014 1428 39681 39680 39682
33015 1428 39684 39683 39685
33016 1428 39687 39686 39688
33017 1428 39690 39689 39691
33018 1428 39693 39692 39694
33019 1428 39696 39695 39697
33020 1428 39699 39698 39700
33021 1428 39702 39701 39703
33022 1428 39705 39704 39706
33023 1428 39708 39707 39709
33024 1428 39711 39710 39712
33025 1428 39714 39713 39715
33026 1428 39717 39716 39718
33027 1428 39720 39719 39721
33028 1428 39723 39722 39724
33029 1428 39726 39725 39727
33030 1428 39729 39728 39730
33031 1428 39732 39731 39733
33032 1428 39735 39734 39736
33033 1428 39738 39737 39739
33034 1428 39741 39740 39742
33035 1428 39744 39743 39745
33036 1428 39747 39746 39748
33037 1428 39750 39749 39751
33038 1428 39753 39752 39754
33039 1428 39756 39755 39757
33040 1428 39759 39758 39760
33041 1428 39762 39761 39763
33042 1428 39765 39764 39766
33043 1428 39768 39767 39769
33044 1428 39771 39770 39772
33045 1428 39774 39773 39775
33046 1428 39777 39776 39778
33047 1428 39780 39779 39781
33048 1428 39783 39782 39784
33049 1428 39786 39785 39787
33050 1428 39789 39788 39790
33051 1428 39792 39791 39793
33052 1428 39795 39794 39796
33053 1428 39798 39797 39799
33054 1428 39801 39800 39802
33055 1428 39804 39803 39805
33056 1428 39807 39806 39808
33057 1428 39810 39809 39811
33058 1428 39813 39812 39814
33059 1428 39816 39815 39817
33060 1428 39819 39818 39820
33061 1428 39822 39821 39823
33062 1428 39825 39824 39826
33063 1428 39828 39827 39829
33064 1428 39831 39830 39832
33065 1428 39834 39833 39835
33066 1428 39837 39836 39838
33067 1428 39840 39839 39841
33068 1428 39843 39842 39844
33069 1428 39846 39845 39847
33070 1428 39849 39848 39850
33071 1428 39852 39851 39853
33072 1428 39855 39854 39856
33073 1428 39858 39857 39859
33074 1428 39861 39860 39862
33075 1428 39864 39863 39865
33076 1428 39867 39866 39868
33077 1428 39870 39869 39871
33078 1428 39873 39872 39874
33079 1428 39876 39875 39877
33080 1428 39879 39878 39880
33081 1428 39882 39881 39883
33082 1428 39885 39884 39886
33083 1428 39888 39887 39889
33084 1428 39891 39890 39892
33085 1428 39894 39893 39895
33086 1428 39897 39896 39898
33087 1428 39900 39899 39901
33088 1428 39903 39902 39904
33089 1428 39906 39905 39907
33090 1428 39909 39908 39910
33091 1428 39912 39911 39913
33092 1428 39915 39914 39916
33093 1428 39918 39917 39919
33094 1428 39921 39920 39922
33095 1428 39924 39923 39925
33096 1428 39927 39926 39928
33097 1428 39930 39929 39931
33098 1428 39933 39932 39934
33099 1428 39936 39935 39937
33100 1428 39939 39938 39940
33101 1428 39942 39941 39943
33102 1428 39945 39944 39946
33103 1428 39948 39947 39949
33104 1428 39951 39950 39952
33105 1428 39954 39953 39955
33106 1428 39957 39956 39958
33107 1428 39960 39959 39961
33108 1428 39963 39962 39964
33109 1428 39966 39965 39967
33110 1428 39969 39968 39970
33111 1428 39972 39971 39973
33112 1428 39975 39974 39976
33113 1428 39978 39977 39979
33114 1428 39981 39980 39982
33115 1428 39984 39983 39985
33116 1428 39987 39986 39988
33117 1428 39990 39989 39991
33118 1428 39993 39992 39994
33119 1428 39996 39995 39997
33120 1428 39999 39998 40000
33121 1428 40002 40001 40003
33122 1428 40005 40004 40006
33123 1428 40008 40007 40009
33124 1428 40011 40010 40012
33125 1428 40014 40013 40015
33126 1428 40017 40016 40018
33127 1428 40020 40019 40021
33128 1428 40023 40022 40024
33129 1428 40026 40025 40027
33130 1428 40029 40028 40030
33131 1428 40032 40031 40033
33132 1428 40035 40034 40036
33133 1428 40038 40037 40039
33134 1428 40041 40040 40042
33135 1428 40044 40043 40045
33136 1428 40047 40046 40048
33137 1428 40050 40049 40051
33138 1428 40053 40052 40054
33139 1428 40056 40055 40057
33140 1428 40059 40058 40060
33141 1428 40062 40061 40063
33142 1428 40065 40064 40066
33143 1428 40068 40067 40069
33144 1428 40071 40070 40072
33145 1428 40074 40073 40075
33146 1428 40077 40076 40078
33147 1428 40080 40079 40081
33148 1428 40083 40082 40084
33149 1428 40086 40085 40087
33150 1428 40089 40088 40090
33151 1428 40092 40091 40093
33152 1428 40095 40094 40096
33153 1428 40098 40097 40099
33154 1428 40101 40100 40102
33155 1428 40104 40103 40105
33156 1428 40107 40106 40108
33157 1428 40110 40109 40111
33158 1428 40113 40112 40114
33159 1428 40116 40115 40117
33160 1428 40119 40118 40120
33161 1428 40122 40121 40123
33162 1428 40125 40124 40126
33163 1428 40128 40127 40129
33164 1428 40131 40130 40132
33165 1428 40134 40133 40135
33166 1428 40137 40136 40138
33167 1428 40140 40139 40141
33168 1428 40143 40142 40144
33169 1428 40146 40145 40147
33170 1428 40149 40148 40150
33171 1428 40152 40151 40153
33172 1428 40155 40154 40156
33173 1428 40158 40157 40159
33174 1428 40161 40160 40162
33175 1428 40164 40163 40165
33176 1428 40167 40166 40168
33177 1428 40170 40169 40171
33178 1428 40173 40172 40174
33179 1428 40176 40175 40177
33180 1428 40179 40178 40180
33181 1428 40182 40181 40183
33182 1428 40185 40184 40186
33183 1428 40188 40187 40189
33184 1428 40191 40190 40192
33185 1428 40194 40193 40195
33186 1428 40197 40196 40198
33187 1428 40200 40199 40201
33188 1428 40203 40202 40204
33189 1428 40206 40205 40207
33190 1428 40209 40208 40210
33191 1428 40212 40211 40213
33192 1428 40215 40214 40216
33193 1428 40218 40217 40219
33194 1428 40221 40220 40222
33195 1428 40224 40223 40225
33196 1428 40227 40226 40228
33197 1428 40230 40229 40231
33198 1428 40233 40232 40234
33199 1428 40236 40235 40237
33200 1428 40239 40238 40240
33201 1428 40242 40241 40243
33202 1428 40245 40244 40246
33203 1428 40248 40247 40249
33204 1428 40251 40250 40252
33205 1428 40254 40253 40255
33206 1428 40257 40256 40258
33207 1428 40260 40259 40261
33208 1428 40263 40262 40264
33209 1428 40266 40265 40267
33210 1428 40269 40268 40270
33211 1428 40272 40271 40273
33212 1428 40275 40274 40276
33213 1428 40278 40277 40279
33214 1428 40281 40280 40282
33215 1428 40284 40283 40285
33216 1428 40287 40286 40288
33217 1428 40290 40289 40291
33218 1428 40293 40292 40294
33219 1428 40296 40295 40297
33220 1428 40299 40298 40300
33221 1428 40302 40301 40303
33222 1428 40305 40304 40306
33223 1428 40308 40307 40309
33224 1428 40311 40310 40312
33225 1428 40314 40313 40315
33226 1428 40317 40316 40318
33227 1428 40320 40319 40321
33228 1428 40323 40322 40324
33229 1428 40326 40325 40327
33230 1428 40329 40328 40330
33231 1428 40332 40331 40333
33232 1428 40335 40334 40336
33233 1428 40338 40337 40339
33234 1428 40341 40340 40342
33235 1428 40344 40343 40345
33236 1428 40347 40346 40348
33237 1428 40350 40349 40351
33238 1428 40353 40352 40354
33239 1428 40356 40355 40357
33240 1428 40359 40358 40360
33241 1428 40362 40361 40363
33242 1428 40365 40364 40366
33243 1428 40368 40367 40369
33244 1428 40371 40370 40372
33245 1428 40374 40373 40375
33246 1428 40377 40376 40378
33247 1428 40380 40379 40381
33248 1428 40383 40382 40384
33249 1428 40386 40385 40387
33250 1428 40389 40388 40390
33251 1428 40392 40391 40393
33252 1428 40395 40394 40396
33253 1428 40398 40397 40399
33254 1428 40401 40400 40402
33255 1428 40404 40403 40405
33256 1428 40407 40406 40408
33257 1428 40410 40409 40411
33258 1428 40413 40412 40414
33259 1428 40416 40415 40417
33260 1428 40419 40418 40420
33261 1428 40422 40421 40423
33262 1428 40425 40424 40426
33263 1428 40428 40427 40429
33264 1428 40431 40430 40432
33265 1428 40434 40433 40435
33266 1428 40437 40436 40438
33267 1428 40440 40439 40441
33268 1428 40443 40442 40444
33269 1428 40446 40445 40447
33270 1428 40449 40448 40450
33271 1428 40452 40451 40453
33272 1428 40455 40454 40456
33273 1428 40458 40457 40459
33274 1428 40461 40460 40462
33275 1428 40464 40463 40465
33276 1428 40467 40466 40468
33277 1428 40470 40469 40471
33278 1428 40473 40472 40474
33279 1428 40476 40475 40477
33280 1428 40479 40478 40480
33281 1428 40482 40481 40483
33282 1428 40485 40484 40486
33283 1428 40488 40487 40489
33284 1428 40491 40490 40492
33285 1428 40494 40493 40495
33286 1428 40497 40496 40498
33287 1428 40500 40499 40501
33288 1428 40503 40502 40504
33289 1428 40506 40505 40507
33290 1428 40509 40508 40510
33291 1428 40512 40511 40513
33292 1428 40515 40514 40516
33293 1428 40518 40517 40519
33294 1428 40521 40520 40522
33295 1428 40524 40523 40525
33296 1428 40527 40526 40528
33297 1428 40530 40529 40531
33298 1428 40533 40532 40534
33299 1428 40536 40535 40537
33300 1428 40539 40538 40540
33301 1428 40542 40541 40543
33302 1428 40545 40544 40546
33303 1428 40548 40547 40549
33304 1428 40551 40550 40552
33305 1428 40554 40553 40555
33306 1428 40557 40556 40558
33307 1428 40560 40559 40561
33308 1428 40563 40562 40564
33309 1428 40566 40565 40567
33310 1428 40569 40568 40570
33311 1428 40572 40571 40573
33312 1428 40575 40574 40576
33313 1428 40578 40577 40579
33314 1428 40581 40580 40582
33315 1428 40584 40583 40585
33316 1428 40587 40586 40588
33317 1428 40590 40589 40591
33318 1428 40593 40592 40594
33319 1428 40596 40595 40597
33320 1428 40599 40598 40600
33321 1428 40602 40601 40603
33322 1428 40605 40604 40606
33323 1428 40608 40607 40609
33324 1428 40611 40610 40612
33325 1428 40614 40613 40615
33326 1428 40617 40616 40618
33327 1428 40620 40619 40621
33328 1428 40623 40622 40624
33329 1428 40626 40625 40627
33330 1428 40629 40628 40630
33331 1428 40632 40631 40633
33332 1428 40635 40634 40636
33333 1428 40638 40637 40639
33334 1428 40641 40640 40642
33335 1428 40644 40643 40645
33336 1428 40647 40646 40648
33337 1428 40650 40649 40651
33338 1428 40653 40652 40654
33339 1428 40656 40655 40657
33340 1428 40659 40658 40660
33341 1428 40662 40661 40663
33342 1428 40665 40664 40666
33343 1428 40668 40667 40669
33344 1428 40671 40670 40672
33345 1428 40674 40673 40675
33346 1428 40677 40676 40678
33347 1428 40680 40679 40681
33348 1428 40683 40682 40684
33349 1428 40686 40685 40687
33350 1428 40689 40688 40690
33351 1428 40692 40691 40693
33352 1428 40695 40694 40696
33353 1428 40698 40697 40699
33354 1428 40701 40700 40702
33355 1428 40704 40703 40705
33356 1428 40707 40706 40708
33357 1428 40710 40709 40711
33358 1428 40713 40712 40714
33359 1428 40716 40715 40717
33360 1428 40719 40718 40720
33361 1428 40722 40721 40723
33362 1428 40725 40724 40726
33363 1428 40728 40727 40729
33364 1428 40731 40730 40732
33365 1428 40734 40733 40735
33366 1428 40737 40736 40738
33367 1428 40740 40739 40741
33368 1428 40743 40742 40744
33369 1428 40746 40745 40747
33370 1428 40749 40748 40750
33371 1428 40752 40751 40753
33372 1428 40755 40754 40756
33373 1428 40758 40757 40759
33374 1428 40761 40760 40762
33375 1428 40764 40763 40765
33376 1428 40767 40766 40768
33377 1428 40770 40769 40771
33378 1428 40773 40772 40774
33379 1428 40776 40775 40777
33380 1428 40779 40778 40780
33381 1428 40782 40781 40783
33382 1428 40785 40784 40786
33383 1428 40788 40787 40789
33384 1428 40791 40790 40792
33385 1428 40794 40793 40795
33386 1428 40797 40796 40798
33387 1428 40800 40799 40801
33388 1428 40803 40802 40804
33389 1428 40806 40805 40807
33390 1428 40809 40808 40810
33391 1428 40812 40811 40813
33392 1428 40815 40814 40816
33393 1428 40818 40817 40819
33394 1428 40821 40820 40822
33395 1428 40824 40823 40825
33396 1428 40827 40826 40828
33397 1428 40830 40829 40831
33398 1428 40833 40832 40834
33399 1428 40836 40835 40837
33400 1428 40839 40838 40840
33401 1428 40842 40841 40843
33402 1428 40845 40844 40846
33403 1428 40848 40847 40849
33404 1428 40851 40850 40852
33405 1428 40854 40853 40855
33406 1428 40857 40856 40858
33407 1428 40860 40859 40861
33408 1428 40863 40862 40864
33409 1428 40866 40865 40867
33410 1428 40869 40868 40870
33411 1428 40872 40871 40873
33412 1428 40875 40874 40876
33413 1428 40878 40877 40879
33414 1428 40881 40880 40882
33415 1428 40884 40883 40885
33416 1428 40887 40886 40888
33417 1428 40890 40889 40891
33418 1428 40893 40892 40894
33419 1428 40896 40895 40897
33420 1428 40899 40898 40900
33421 1428 40902 40901 40903
33422 1428 40905 40904 40906
33423 1428 40908 40907 40909
33424 1428 40911 40910 40912
33425 1428 40914 40913 40915
33426 1428 40917 40916 40918
33427 1428 40920 40919 40921
33428 1428 40923 40922 40924
33429 1428 40926 40925 40927
33430 1428 40929 40928 40930
33431 1428 40932 40931 40933
33432 1428 40935 40934 40936
33433 1428 40938 40937 40939
33434 1428 40941 40940 40942
33435 1428 40944 40943 40945
33436 1428 40947 40946 40948
33437 1428 40950 40949 40951
33438 1428 40953 40952 40954
33439 1428 40956 40955 40957
33440 1428 40959 40958 40960
33441 1428 40962 40961 40963
33442 1428 40965 40964 40966
33443 1428 40968 40967 40969
33444 1428 40971 40970 40972
33445 1428 40974 40973 40975
33446 1428 40977 40976 40978
33447 1428 40980 40979 40981
33448 1428 40983 40982 40984
33449 1428 40986 40985 40987
33450 1428 40989 40988 40990
33451 1428 40992 40991 40993
33452 1428 40995 40994 40996
33453 1428 40998 40997 40999
33454 1428 41001 41000 41002
33455 1428 41004 41003 41005
33456 1428 41007 41006 41008
33457 1428 41010 41009 41011
33458 1428 41013 41012 41014
33459 1428 41016 41015 41017
33460 1428 41019 41018 41020
33461 1428 41022 41021 41023
33462 1428 41025 41024 41026
33463 1428 41028 41027 41029
33464 1428 41031 41030 41032
33465 1428 41034 41033 41035
33466 1428 41037 41036 41038
33467 1428 41040 41039 41041
33468 1428 41043 41042 41044
33469 1428 41046 41045 41047
33470 1428 41049 41048 41050
33471 1428 41052 41051 41053
33472 1428 41055 41054 41056
33473 1428 41058 41057 41059
33474 1428 41061 41060 41062
33475 1428 41064 41063 41065
33476 1428 41067 41066 41068
33477 1428 41070 41069 41071
33478 1428 41073 41072 41074
33479 1428 41076 41075 41077
33480 1428 41079 41078 41080
33481 1428 41082 41081 41083
33482 1428 41085 41084 41086
33483 1428 41088 41087 41089
33484 1428 41091 41090 41092
33485 1428 41094 41093 41095
33486 1428 41097 41096 41098
33487 1428 41100 41099 41101
33488 1428 41103 41102 41104
33489 1428 41106 41105 41107
33490 1428 41109 41108 41110
33491 1428 41112 41111 41113
33492 1428 41115 41114 41116
33493 1428 41118 41117 41119
33494 1428 41121 41120 41122
33495 1428 41124 41123 41125
33496 1428 41127 41126 41128
33497 1428 41130 41129 41131
33498 1428 41133 41132 41134
33499 1428 41136 41135 41137
33500 1428 41139 41138 41140
33501 1428 41142 41141 41143
33502 1428 41145 41144 41146
33503 1428 41148 41147 41149
33504 1428 41151 41150 41152
33505 1428 41154 41153 41155
33506 1428 41157 41156 41158
33507 1428 41160 41159 41161
33508 1428 41163 41162 41164
33509 1428 41166 41165 41167
33510 1428 41169 41168 41170
33511 1428 41172 41171 41173
33512 1428 41175 41174 41176
33513 1428 41178 41177 41179
33514 1428 41181 41180 41182
33515 1428 41184 41183 41185
33516 1428 41187 41186 41188
33517 1428 41190 41189 41191
33518 1428 41193 41192 41194
33519 1428 41196 41195 41197
33520 1428 41199 41198 41200
33521 1428 41202 41201 41203
33522 1428 41205 41204 41206
33523 1428 41208 41207 41209
33524 1428 41211 41210 41212
33525 1428 41214 41213 41215
33526 1428 41217 41216 41218
33527 1428 41220 41219 41221
33528 1428 41223 41222 41224
33529 1428 41226 41225 41227
33530 1428 41229 41228 41230
33531 1428 41232 41231 41233
33532 1428 41235 41234 41236
33533 1428 41238 41237 41239
33534 1428 41241 41240 41242
33535 1428 41244 41243 41245
33536 1428 41247 41246 41248
33537 1428 41250 41249 41251
33538 1428 41253 41252 41254
33539 1428 41256 41255 41257
33540 1428 41259 41258 41260
33541 1428 41262 41261 41263
33542 1428 41265 41264 41266
33543 1428 41268 41267 41269
33544 1428 41271 41270 41272
33545 1428 41274 41273 41275
33546 1428 41277 41276 41278
33547 1428 41280 41279 41281
33548 1428 41283 41282 41284
33549 1428 41286 41285 41287
33550 1428 41289 41288 41290
33551 1428 41292 41291 41293
33552 1428 41295 41294 41296
33553 1428 41298 41297 41299
33554 1428 41301 41300 41302
33555 1428 41304 41303 41305
33556 1428 41307 41306 41308
33557 1428 41310 41309 41311
33558 1428 41313 41312 41314
33559 1428 41316 41315 41317
33560 1428 41319 41318 41320
33561 1428 41322 41321 41323
33562 1428 41325 41324 41326
33563 1428 41328 41327 41329
33564 1428 41331 41330 41332
33565 1428 41334 41333 41335
33566 1428 41337 41336 41338
33567 1428 41340 41339 41341
33568 1428 41343 41342 41344
33569 1428 41346 41345 41347
33570 1428 41349 41348 41350
33571 1428 41352 41351 41353
33572 1428 41355 41354 41356
33573 1428 41358 41357 41359
33574 1428 41361 41360 41362
33575 1428 41364 41363 41365
33576 1428 41367 41366 41368
33577 1428 41370 41369 41371
33578 1428 41373 41372 41374
33579 1428 41376 41375 41377
33580 1428 41379 41378 41380
33581 1428 41382 41381 41383
33582 1428 41385 41384 41386
33583 1428 41388 41387 41389
33584 1428 41391 41390 41392
33585 1428 41394 41393 41395
33586 1428 41397 41396 41398
33587 1428 41400 41399 41401
33588 1428 41403 41402 41404
33589 1428 41406 41405 41407
33590 1428 41409 41408 41410
33591 1428 41412 41411 41413
33592 1428 41415 41414 41416
33593 1428 41418 41417 41419
33594 1428 41421 41420 41422
33595 1428 41424 41423 41425
33596 1428 41427 41426 41428
33597 1428 41430 41429 41431
33598 1428 41433 41432 41434
33599 1428 41436 41435 41437
33600 1428 41439 41438 41440
33601 1428 41442 41441 41443
33602 1428 41445 41444 41446
33603 1428 41448 41447 41449
33604 1428 41451 41450 41452
33605 1428 41454 41453 41455
33606 1428 41457 41456 41458
33607 1428 41460 41459 41461
33608 1428 41463 41462 41464
33609 1428 41466 41465 41467
33610 1428 41469 41468 41470
33611 1428 41472 41471 41473
33612 1428 41475 41474 41476
33613 1428 41478 41477 41479
33614 1428 41481 41480 41482
33615 1428 41484 41483 41485
33616 1428 41487 41486 41488
33617 1428 41490 41489 41491
33618 1428 41493 41492 41494
33619 1428 41496 41495 41497
33620 1428 41499 41498 41500
33621 1428 41502 41501 41503
33622 1428 41505 41504 41506
33623 1428 41508 41507 41509
33624 1428 41511 41510 41512
33625 1428 41514 41513 41515
33626 1428 41517 41516 41518
33627 1428 41520 41519 41521
33628 1428 41523 41522 41524
33629 1428 41526 41525 41527
33630 1428 41529 41528 41530
33631 1428 41532 41531 41533
33632 1428 41535 41534 41536
33633 1428 41538 41537 41539
33634 1428 41541 41540 41542
33635 1428 41544 41543 41545
33636 1428 41547 41546 41548
33637 1428 41550 41549 41551
33638 1428 41553 41552 41554
33639 1428 41556 41555 41557
33640 1428 41559 41558 41560
33641 1428 41562 41561 41563
33642 1428 41565 41564 41566
33643 1428 41568 41567 41569
33644 1428 41571 41570 41572
33645 1428 41574 41573 41575
33646 1428 41577 41576 41578
33647 1428 41580 41579 41581
33648 1428 41583 41582 41584
33649 1428 41586 41585 41587
33650 1428 41589 41588 41590
33651 1428 41592 41591 41593
33652 1428 41595 41594 41596
33653 1428 41598 41597 41599
33654 1428 41601 41600 41602
33655 1428 41604 41603 41605
33656 1428 41607 41606 41608
33657 1428 41610 41609 41611
33658 1428 41613 41612 41614
33659 1428 41616 41615 41617
33660 1428 41619 41618 41620
33661 1428 41622 41621 41623
33662 1428 41625 41624 41626
33663 1428 41628 41627 41629
33664 1428 41631 41630 41632
33665 1428 41634 41633 41635
33666 1428 41637 41636 41638
33667 1428 41640 41639 41641
33668 1428 41643 41642 41644
33669 1428 41646 41645 41647
33670 1428 41649 41648 41650
33671 1428 41652 41651 41653
33672 1428 41655 41654 41656
33673 1428 41658 41657 41659
33674 1428 41661 41660 41662
33675 1428 41664 41663 41665
33676 1428 41667 41666 41668
33677 1428 41670 41669 41671
33678 1428 41673 41672 41674
33679 1428 41676 41675 41677
33680 1428 41679 41678 41680
33681 1428 41682 41681 41683
33682 1428 41685 41684 41686
33683 1428 41688 41687 41689
33684 1428 41691 41690 41692
33685 1428 41694 41693 41695
33686 1428 41697 41696 41698
33687 1428 41700 41699 41701
33688 1428 41703 41702 41704
33689 1428 41706 41705 41707
33690 1428 41709 41708 41710
33691 1428 41712 41711 41713
33692 1428 41715 41714 41716
33693 1428 41718 41717 41719
33694 1428 41721 41720 41722
33695 1428 41724 41723 41725
33696 1428 41727 41726 41728
33697 1428 41730 41729 41731
33698 1428 41733 41732 41734
33699 1428 41736 41735 41737
33700 1428 41739 41738 41740
33701 1428 41742 41741 41743
33702 1428 41745 41744 41746
33703 1428 41748 41747 41749
33704 1428 41751 41750 41752
33705 1428 41754 41753 41755
33706 1428 41757 41756 41758
33707 1428 41760 41759 41761
33708 1428 41763 41762 41764
33709 1428 41766 41765 41767
33710 1428 41769 41768 41770
33711 1428 41772 41771 41773
33712 1428 41775 41774 41776
33713 1428 41778 41777 41779
33714 1428 41781 41780 41782
33715 1428 41784 41783 41785
33716 1428 41787 41786 41788
33717 1428 41790 41789 41791
33718 1428 41793 41792 41794
33719 1428 41796 41795 41797
33720 1428 41799 41798 41800
33721 1428 41802 41801 41803
33722 1428 41805 41804 41806
33723 1428 41808 41807 41809
33724 1428 41811 41810 41812
33725 1428 41814 41813 41815
33726 1428 41817 41816 41818
33727 1428 41820 41819 41821
33728 1428 41823 41822 41824
33729 1428 41826 41825 41827
33730 1428 41829 41828 41830
33731 1428 41832 41831 41833
33732 1428 41835 41834 41836
33733 1428 41838 41837 41839
33734 1428 41841 41840 41842
33735 1428 41844 41843 41845
33736 1428 41847 41846 41848
33737 1428 41850 41849 41851
33738 1428 41853 41852 41854
33739 1428 41856 41855 41857
33740 1428 41859 41858 41860
33741 1428 41862 41861 41863
33742 1428 41865 41864 41866
33743 1428 41868 41867 41869
33744 1428 41871 41870 41872
33745 1428 41874 41873 41875
33746 1428 41877 41876 41878
33747 1428 41880 41879 41881
33748 1428 41883 41882 41884
33749 1428 41886 41885 41887
33750 1428 41889 41888 41890
33751 1428 41892 41891 41893
33752 1428 41895 41894 41896
33753 1428 41898 41897 41899
33754 1428 41901 41900 41902
33755 1428 41904 41903 41905
33756 1428 41907 41906 41908
33757 1428 41910 41909 41911
33758 1428 41913 41912 41914
33759 1428 41916 41915 41917
33760 1428 41919 41918 41920
33761 1428 41922 41921 41923
33762 1428 41925 41924 41926
33763 1428 41928 41927 41929
33764 1428 41931 41930 41932
33765 1428 41934 41933 41935
33766 1428 41937 41936 41938
33767 1428 41940 41939 41941
33768 1428 41943 41942 41944
33769 1428 41946 41945 41947
33770 1428 41949 41948 41950
33771 1428 41952 41951 41953
33772 1428 41955 41954 41956
33773 1428 41958 41957 41959
33774 1428 41961 41960 41962
33775 1428 41964 41963 41965
33776 1428 41967 41966 41968
33777 1428 41970 41969 41971
33778 1428 41973 41972 41974
33779 1428 41976 41975 41977
33780 1428 41979 41978 41980
33781 1428 41982 41981 41983
33782 1428 41985 41984 41986
33783 1428 41988 41987 41989
33784 1428 41991 41990 41992
33785 1428 41994 41993 41995
33786 1428 41997 41996 41998
33787 1428 42000 41999 42001
33788 1428 42003 42002 42004
33789 1428 42006 42005 42007
33790 1428 42009 42008 42010
33791 1428 42012 42011 42013
33792 1428 42015 42014 42016
33793 1428 42018 42017 42019
33794 1428 42021 42020 42022
33795 1428 42024 42023 42025
33796 1428 42027 42026 42028
33797 1428 42030 42029 42031
33798 1428 42033 42032 42034
33799 1428 42036 42035 42037
33800 1428 42039 42038 42040
33801 1428 42042 42041 42043
33802 1428 42045 42044 42046
33803 1428 42048 42047 42049
33804 1428 42051 42050 42052
33805 1428 42054 42053 42055
33806 1428 42057 42056 42058
33807 1428 42060 42059 42061
33808 1428 42063 42062 42064
33809 1428 42066 42065 42067
33810 1428 42069 42068 42070
33811 1428 42072 42071 42073
33812 1428 42075 42074 42076
33813 1428 42078 42077 42079
33814 1428 42081 42080 42082
33815 1428 42084 42083 42085
33816 1428 42087 42086 42088
33817 1428 42090 42089 42091
33818 1428 42093 42092 42094
33819 1428 42096 42095 42097
33820 1428 42099 42098 42100
33821 1428 42102 42101 42103
33822 1428 42105 42104 42106
33823 1428 42108 42107 42109
33824 1428 42111 42110 42112
33825 1428 42114 42113 42115
33826 1428 42117 42116 42118
33827 1428 42120 42119 42121
33828 1428 42123 42122 42124
33829 1428 42126 42125 42127
33830 1428 42129 42128 42130
33831 1428 42132 42131 42133
33832 1428 42135 42134 42136
33833 1428 42138 42137 42139
33834 1428 42141 42140 42142
33835 1428 42144 42143 42145
33836 1428 42147 42146 42148
33837 1428 42150 42149 42151
33838 1428 42153 42152 42154
33839 1428 42156 42155 42157
33840 1428 42159 42158 42160
33841 1428 42162 42161 42163
33842 1428 42165 42164 42166
33843 1428 42168 42167 42169
33844 1428 42171 42170 42172
33845 1428 42174 42173 42175
33846 1428 42177 42176 42178
33847 1428 42180 42179 42181
33848 1428 42183 42182 42184
33849 1428 42186 42185 42187
33850 1428 42189 42188 42190
33851 1428 42192 42191 42193
33852 1428 42195 42194 42196
33853 1428 42198 42197 42199
33854 1428 42201 42200 42202
33855 1428 42204 42203 42205
33856 1428 42207 42206 42208
33857 1428 42210 42209 42211
33858 1428 42213 42212 42214
33859 1428 42216 42215 42217
33860 1428 42219 42218 42220
33861 1428 42222 42221 42223
33862 1428 42225 42224 42226
33863 1428 42228 42227 42229
33864 1428 42231 42230 42232
33865 1428 42234 42233 42235
33866 1428 42237 42236 42238
33867 1428 42240 42239 42241
33868 1428 42243 42242 42244
33869 1428 42246 42245 42247
33870 1428 42249 42248 42250
33871 1428 42252 42251 42253
33872 1428 42255 42254 42256
33873 1428 42258 42257 42259
33874 1428 42261 42260 42262
33875 1428 42264 42263 42265
33876 1428 42267 42266 42268
33877 1428 42270 42269 42271
33878 1428 42273 42272 42274
33879 1428 42276 42275 42277
33880 1428 42279 42278 42280
33881 1428 42282 42281 42283
33882 1428 42285 42284 42286
33883 1428 42288 42287 42289
33884 1428 42291 42290 42292
33885 1428 42294 42293 42295
33886 1428 42297 42296 42298
33887 1428 42300 42299 42301
33888 1428 42303 42302 42304
33889 1428 42306 42305 42307
33890 1428 42309 42308 42310
33891 1428 42312 42311 42313
33892 1428 42315 42314 42316
33893 1428 42318 42317 42319
33894 1428 42321 42320 42322
33895 1428 42324 42323 42325
33896 1428 42327 42326 42328
33897 1428 42330 42329 42331
33898 1428 42333 42332 42334
33899 1428 42336 42335 42337
33900 1428 42339 42338 42340
33901 1428 42342 42341 42343
33902 1428 42345 42344 42346
33903 1428 42348 42347 42349
33904 1428 42351 42350 42352
33905 1428 42354 42353 42355
33906 1428 42357 42356 42358
33907 1428 42360 42359 42361
33908 1428 42363 42362 42364
33909 1428 42366 42365 42367
33910 1428 42369 42368 42370
33911 1428 42372 42371 42373
33912 1428 42375 42374 42376
33913 1428 42378 42377 42379
33914 1428 42381 42380 42382
33915 1428 42384 42383 42385
33916 1428 42387 42386 42388
33917 1428 42390 42389 42391
33918 1428 42393 42392 42394
33919 1428 42396 42395 42397
33920 1428 42399 42398 42400
33921 1428 42402 42401 42403
33922 1428 42405 42404 42406
33923 1428 42408 42407 42409
33924 1428 42411 42410 42412
33925 1428 42414 42413 42415
33926 1428 42417 42416 42418
33927 1428 42420 42419 42421
33928 1428 42423 42422 42424
33929 1428 42426 42425 42427
33930 1428 42429 42428 42430
33931 1428 42432 42431 42433
33932 1428 42435 42434 42436
33933 1428 42438 42437 42439
33934 1428 42441 42440 42442
33935 1428 42444 42443 42445
33936 1428 42447 42446 42448
33937 1428 42450 42449 42451
33938 1428 42453 42452 42454
33939 1428 42456 42455 42457
33940 1428 42459 42458 42460
33941 1428 42462 42461 42463
33942 1428 42465 42464 42466
33943 1428 42468 42467 42469
33944 1428 42471 42470 42472
33945 1428 42474 42473 42475
33946 1428 42477 42476 42478
33947 1428 42480 42479 42481
33948 1428 42483 42482 42484
33949 1428 42486 42485 42487
33950 1428 42489 42488 42490
33951 1428 42492 42491 42493
33952 1428 42495 42494 42496
33953 1428 42498 42497 42499
33954 1428 42501 42500 42502
33955 1428 42504 42503 42505
33956 1428 42507 42506 42508
33957 1428 42510 42509 42511
33958 1428 42513 42512 42514
33959 1428 42516 42515 42517
33960 1428 42519 42518 42520
33961 1428 42522 42521 42523
33962 1428 42525 42524 42526
33963 1428 42528 42527 42529
33964 1428 42531 42530 42532
33965 1428 42534 42533 42535
33966 1428 42537 42536 42538
33967 1428 42540 42539 42541
33968 1428 42543 42542 42544
33969 1428 42546 42545 42547
33970 1428 42549 42548 42550
33971 1428 42552 42551 42553
33972 1428 42555 42554 42556
33973 1428 42558 42557 42559
33974 1428 42561 42560 42562
33975 1428 42564 42563 42565
33976 1428 42567 42566 42568
33977 1428 42570 42569 42571
33978 1428 42573 42572 42574
33979 1428 42576 42575 42577
33980 1428 42579 42578 42580
33981 1428 42582 42581 42583
33982 1428 42585 42584 42586
33983 1428 42588 42587 42589
33984 1428 42591 42590 42592
33985 1428 42594 42593 42595
33986 1428 42597 42596 42598
33987 1428 42600 42599 42601
33988 1428 42603 42602 42604
33989 1428 42606 42605 42607
33990 1428 42609 42608 42610
33991 1428 42612 42611 42613
33992 1428 42615 42614 42616
33993 1428 42618 42617 42619
33994 1428 42621 42620 42622
33995 1428 42624 42623 42625
33996 1428 42627 42626 42628
33997 1428 42630 42629 42631
33998 1428 42633 42632 42634
33999 1428 42636 42635 42637
34000 1428 42639 42638 42640
34001 1428 42642 42641 42643
34002 1428 42645 42644 42646
34003 1428 42648 42647 42649
34004 1428 42651 42650 42652
34005 1428 42654 42653 42655
34006 1428 42657 42656 42658
34007 1428 42660 42659 42661
34008 1428 42663 42662 42664
34009 1428 42666 42665 42667
34010 1428 42669 42668 42670
34011 1428 42672 42671 42673
34012 1428 42675 42674 42676
34013 1428 42678 42677 42679
34014 1428 42681 42680 42682
34015 1428 42684 42683 42685
34016 1428 42687 42686 42688
34017 1428 42690 42689 42691
34018 1428 42693 42692 42694
34019 1428 42696 42695 42697
34020 1428 42699 42698 42700
34021 1428 42702 42701 42703
34022 1428 42705 42704 42706
34023 1428 42708 42707 42709
34024 1428 42711 42710 42712
34025 1428 42714 42713 42715
34026 1428 42717 42716 42718
34027 1428 42720 42719 42721
34028 1428 42723 42722 42724
34029 1428 42726 42725 42727
34030 1428 42729 42728 42730
34031 1428 42732 42731 42733
34032 1428 42735 42734 42736
34033 1428 42738 42737 42739
34034 1428 42741 42740 42742
34035 1428 42744 42743 42745
34036 1428 42747 42746 42748
34037 1428 42750 42749 42751
34038 1428 42753 42752 42754
34039 1428 42756 42755 42757
34040 1428 42759 42758 42760
34041 1428 42762 42761 42763
34042 1428 42765 42764 42766
34043 1428 42768 42767 42769
34044 1428 42771 42770 42772
34045 1428 42774 42773 42775
34046 1428 42777 42776 42778
34047 1428 42780 42779 42781
34048 1428 42783 42782 42784
34049 1428 42786 42785 42787
34050 1428 42789 42788 42790
34051 1428 42792 42791 42793
34052 1428 42795 42794 42796
34053 1428 42798 42797 42799
34054 1428 42801 42800 42802
34055 1428 42804 42803 42805
34056 1428 42807 42806 42808
34057 1428 42810 42809 42811
34058 1428 42813 42812 42814
34059 1428 42816 42815 42817
34060 1428 42819 42818 42820
34061 1428 42822 42821 42823
34062 1428 42825 42824 42826
34063 1428 42828 42827 42829
34064 1428 42831 42830 42832
34065 1428 42834 42833 42835
34066 1428 42837 42836 42838
34067 1428 42840 42839 42841
34068 1428 42843 42842 42844
34069 1428 42846 42845 42847
34070 1428 42849 42848 42850
34071 1428 42852 42851 42853
34072 1428 42855 42854 42856
34073 1428 42858 42857 42859
34074 1428 42861 42860 42862
34075 1428 42864 42863 42865
34076 1428 42867 42866 42868
34077 1428 42870 42869 42871
34078 1428 42873 42872 42874
34079 1428 42876 42875 42877
34080 1428 42879 42878 42880
34081 1428 42882 42881 42883
34082 1428 42885 42884 42886
34083 1428 42888 42887 42889
34084 1428 42891 42890 42892
34085 1428 42894 42893 42895
34086 1428 42897 42896 42898
34087 1428 42900 42899 42901
34088 1428 42903 42902 42904
34089 1428 42906 42905 42907
34090 1428 42909 42908 42910
34091 1428 42912 42911 42913
34092 1428 42915 42914 42916
34093 1428 42918 42917 42919
34094 1428 42921 42920 42922
34095 1428 42924 42923 42925
34096 1428 42927 42926 42928
34097 1428 42930 42929 42931
34098 1428 42933 42932 42934
34099 1428 42936 42935 42937
34100 1428 42939 42938 42940
34101 1428 42942 42941 42943
34102 1428 42945 42944 42946
34103 1428 42948 42947 42949
34104 1428 42951 42950 42952
34105 1428 42954 42953 42955
34106 1428 42957 42956 42958
34107 1428 42960 42959 42961
34108 1428 42963 42962 42964
34109 1428 42966 42965 42967
34110 1428 42969 42968 42970
34111 1428 42972 42971 42973
34112 1428 42975 42974 42976
34113 1428 42978 42977 42979
34114 1428 42981 42980 42982
34115 1428 42984 42983 42985
34116 1428 42987 42986 42988
34117 1428 42990 42989 42991
34118 1428 42993 42992 42994
34119 1428 42996 42995 42997
34120 1428 42999 42998 43000
