1 137 32 33 35 325
2 137 32 33 35 326
3 137 32 33 35 327
4 137 54 55 57 352
5 137 54 55 57 353
6 137 54 55 57 354
7 137 127 128 130 448
8 137 127 128 130 449
9 137 127 128 130 450
10 137 149 150 152 472
11 137 149 150 152 473
12 137 149 150 152 474
13 137 223 224 226 571
14 137 223 224 226 572
15 137 223 224 226 573
16 137 244 245 247 595
17 137 244 245 247 596
18 137 244 245 247 597
19 137 682 683 685 975
20 137 682 683 685 976
21 137 682 683 685 977
22 137 704 705 707 1002
23 137 704 705 707 1003
24 137 704 705 707 1004
25 137 777 778 780 1098
26 137 777 778 780 1099
27 137 777 778 780 1100
28 137 799 800 802 1122
29 137 799 800 802 1123
30 137 799 800 802 1124
31 137 873 874 876 1221
32 137 873 874 876 1222
33 137 873 874 876 1223
34 137 894 895 897 1245
35 137 894 895 897 1246
36 137 894 895 897 1247
37 137 1332 1333 1335 1625
38 137 1332 1333 1335 1626
39 137 1332 1333 1335 1627
40 137 1354 1355 1357 1652
41 137 1354 1355 1357 1653
42 137 1354 1355 1357 1654
43 137 1427 1428 1430 1748
44 137 1427 1428 1430 1749
45 137 1427 1428 1430 1750
46 137 1449 1450 1452 1772
47 137 1449 1450 1452 1773
48 137 1449 1450 1452 1774
49 137 1523 1524 1526 1871
50 137 1523 1524 1526 1872
51 137 1523 1524 1526 1873
52 137 1544 1545 1547 1895
53 137 1544 1545 1547 1896
54 137 1544 1545 1547 1897
55 137 1982 1983 1985 2275
56 137 1982 1983 1985 2276
57 137 1982 1983 1985 2277
58 137 2004 2005 2007 2302
59 137 2004 2005 2007 2303
60 137 2004 2005 2007 2304
61 137 2077 2078 2080 2398
62 137 2077 2078 2080 2399
63 137 2077 2078 2080 2400
64 137 2099 2100 2102 2422
65 137 2099 2100 2102 2423
66 137 2099 2100 2102 2424
67 137 2173 2174 2176 2521
68 137 2173 2174 2176 2522
69 137 2173 2174 2176 2523
70 137 2194 2195 2197 2545
71 137 2194 2195 2197 2546
72 137 2194 2195 2197 2547
73 137 2632 2633 2635 2925
74 137 2632 2633 2635 2926
75 137 2632 2633 2635 2927
76 137 2654 2655 2657 2952
77 137 2654 2655 2657 2953
78 137 2654 2655 2657 2954
79 137 2727 2728 2730 3048
80 137 2727 2728 2730 3049
81 137 2727 2728 2730 3050
82 137 2749 2750 2752 3072
83 137 2749 2750 2752 3073
84 137 2749 2750 2752 3074
85 137 2823 2824 2826 3171
86 137 2823 2824 2826 3172
87 137 2823 2824 2826 3173
88 137 2844 2845 2847 3195
89 137 2844 2845 2847 3196
90 137 2844 2845 2847 3197
91 137 3282 3283 3285 3575
92 137 3282 3283 3285 3576
93 137 3282 3283 3285 3577
94 137 3304 3305 3307 3602
95 137 3304 3305 3307 3603
96 137 3304 3305 3307 3604
97 137 3377 3378 3380 3698
98 137 3377 3378 3380 3699
99 137 3377 3378 3380 3700
100 137 3399 3400 3402 3722
101 137 3399 3400 3402 3723
102 137 3399 3400 3402 3724
103 137 3473 3474 3476 3821
104 137 3473 3474 3476 3822
105 137 3473 3474 3476 3823
106 137 3494 3495 3497 3845
107 137 3494 3495 3497 3846
108 137 3494 3495 3497 3847
109 137 3932 3933 3935 4225
110 137 3932 3933 3935 4226
111 137 3932 3933 3935 4227
112 137 3954 3955 3957 4252
113 137 3954 3955 3957 4253
114 137 3954 3955 3957 4254
115 137 4027 4028 4030 4348
116 137 4027 4028 4030 4349
117 137 4027 4028 4030 4350
118 137 4049 4050 4052 4372
119 137 4049 4050 4052 4373
120 137 4049 4050 4052 4374
121 137 4123 4124 4126 4471
122 137 4123 4124 4126 4472
123 137 4123 4124 4126 4473
124 137 4144 4145 4147 4495
125 137 4144 4145 4147 4496
126 137 4144 4145 4147 4497
127 137 4582 4583 4585 4875
128 137 4582 4583 4585 4876
129 137 4582 4583 4585 4877
130 137 4604 4605 4607 4902
131 137 4604 4605 4607 4903
132 137 4604 4605 4607 4904
133 137 4677 4678 4680 4998
134 137 4677 4678 4680 4999
135 137 4677 4678 4680 5000
136 137 4699 4700 4702 5022
137 137 4699 4700 4702 5023
138 137 4699 4700 4702 5024
139 137 4773 4774 4776 5121
140 137 4773 4774 4776 5122
141 137 4773 4774 4776 5123
142 137 4794 4795 4797 5145
143 137 4794 4795 4797 5146
144 137 4794 4795 4797 5147
145 137 5232 5233 5235 5525
146 137 5232 5233 5235 5526
147 137 5232 5233 5235 5527
148 137 5254 5255 5257 5552
149 137 5254 5255 5257 5553
150 137 5254 5255 5257 5554
151 137 5327 5328 5330 5648
152 137 5327 5328 5330 5649
153 137 5327 5328 5330 5650
154 137 5349 5350 5352 5672
155 137 5349 5350 5352 5673
156 137 5349 5350 5352 5674
157 137 5423 5424 5426 5771
158 137 5423 5424 5426 5772
159 137 5423 5424 5426 5773
160 137 5444 5445 5447 5795
161 137 5444 5445 5447 5796
162 137 5444 5445 5447 5797
163 137 5882 5883 5885 6175
164 137 5882 5883 5885 6176
165 137 5882 5883 5885 6177
166 137 5904 5905 5907 6202
167 137 5904 5905 5907 6203
168 137 5904 5905 5907 6204
169 137 5977 5978 5980 6298
170 137 5977 5978 5980 6299
171 137 5977 5978 5980 6300
172 137 5999 6000 6002 6322
173 137 5999 6000 6002 6323
174 137 5999 6000 6002 6324
175 137 6073 6074 6076 6421
176 137 6073 6074 6076 6422
177 137 6073 6074 6076 6423
178 137 6094 6095 6097 6445
179 137 6094 6095 6097 6446
180 137 6094 6095 6097 6447
181 137 6532 6533 6535 6825
182 137 6532 6533 6535 6826
183 137 6532 6533 6535 6827
184 137 6554 6555 6557 6852
185 137 6554 6555 6557 6853
186 137 6554 6555 6557 6854
187 137 6627 6628 6630 6948
188 137 6627 6628 6630 6949
189 137 6627 6628 6630 6950
190 137 6649 6650 6652 6972
191 137 6649 6650 6652 6973
192 137 6649 6650 6652 6974
193 137 6723 6724 6726 7071
194 137 6723 6724 6726 7072
195 137 6723 6724 6726 7073
196 137 6744 6745 6747 7095
197 137 6744 6745 6747 7096
198 137 6744 6745 6747 7097
199 137 7182 7183 7185 7475
200 137 7182 7183 7185 7476
201 137 7182 7183 7185 7477
202 137 7204 7205 7207 7502
203 137 7204 7205 7207 7503
204 137 7204 7205 7207 7504
205 137 7277 7278 7280 7598
206 137 7277 7278 7280 7599
207 137 7277 7278 7280 7600
208 137 7299 7300 7302 7622
209 137 7299 7300 7302 7623
210 137 7299 7300 7302 7624
211 137 7373 7374 7376 7721
212 137 7373 7374 7376 7722
213 137 7373 7374 7376 7723
214 137 7394 7395 7397 7745
215 137 7394 7395 7397 7746
216 137 7394 7395 7397 7747
217 137 7832 7833 7835 8125
218 137 7832 7833 7835 8126
219 137 7832 7833 7835 8127
220 137 7854 7855 7857 8152
221 137 7854 7855 7857 8153
222 137 7854 7855 7857 8154
223 137 7927 7928 7930 8248
224 137 7927 7928 7930 8249
225 137 7927 7928 7930 8250
226 137 7949 7950 7952 8272
227 137 7949 7950 7952 8273
228 137 7949 7950 7952 8274
229 137 8023 8024 8026 8371
230 137 8023 8024 8026 8372
231 137 8023 8024 8026 8373
232 137 8044 8045 8047 8395
233 137 8044 8045 8047 8396
234 137 8044 8045 8047 8397
235 137 8482 8483 8485 8775
236 137 8482 8483 8485 8776
237 137 8482 8483 8485 8777
238 137 8504 8505 8507 8802
239 137 8504 8505 8507 8803
240 137 8504 8505 8507 8804
241 137 8577 8578 8580 8898
242 137 8577 8578 8580 8899
243 137 8577 8578 8580 8900
244 137 8599 8600 8602 8922
245 137 8599 8600 8602 8923
246 137 8599 8600 8602 8924
247 137 8673 8674 8676 9021
248 137 8673 8674 8676 9022
249 137 8673 8674 8676 9023
250 137 8694 8695 8697 9045
251 137 8694 8695 8697 9046
252 137 8694 8695 8697 9047
253 137 9132 9133 9135 9425
254 137 9132 9133 9135 9426
255 137 9132 9133 9135 9427
256 137 9154 9155 9157 9452
257 137 9154 9155 9157 9453
258 137 9154 9155 9157 9454
259 137 9227 9228 9230 9548
260 137 9227 9228 9230 9549
261 137 9227 9228 9230 9550
262 137 9249 9250 9252 9572
263 137 9249 9250 9252 9573
264 137 9249 9250 9252 9574
265 137 9323 9324 9326 9671
266 137 9323 9324 9326 9672
267 137 9323 9324 9326 9673
268 137 9344 9345 9347 9695
269 137 9344 9345 9347 9696
270 137 9344 9345 9347 9697
271 137 9782 9783 9785 10075
272 137 9782 9783 9785 10076
273 137 9782 9783 9785 10077
274 137 9804 9805 9807 10102
275 137 9804 9805 9807 10103
276 137 9804 9805 9807 10104
277 137 9877 9878 9880 10198
278 137 9877 9878 9880 10199
279 137 9877 9878 9880 10200
280 137 9899 9900 9902 10222
281 137 9899 9900 9902 10223
282 137 9899 9900 9902 10224
283 137 9973 9974 9976 10321
284 137 9973 9974 9976 10322
285 137 9973 9974 9976 10323
286 137 9994 9995 9997 10345
287 137 9994 9995 9997 10346
288 137 9994 9995 9997 10347
289 137 10432 10433 10435 10725
290 137 10432 10433 10435 10726
291 137 10432 10433 10435 10727
292 137 10454 10455 10457 10752
293 137 10454 10455 10457 10753
294 137 10454 10455 10457 10754
295 137 10527 10528 10530 10848
296 137 10527 10528 10530 10849
297 137 10527 10528 10530 10850
298 137 10549 10550 10552 10872
299 137 10549 10550 10552 10873
300 137 10549 10550 10552 10874
301 137 10623 10624 10626 10971
302 137 10623 10624 10626 10972
303 137 10623 10624 10626 10973
304 137 10644 10645 10647 10995
305 137 10644 10645 10647 10996
306 137 10644 10645 10647 10997
307 137 11082 11083 11085 11375
308 137 11082 11083 11085 11376
309 137 11082 11083 11085 11377
310 137 11104 11105 11107 11402
311 137 11104 11105 11107 11403
312 137 11104 11105 11107 11404
313 137 11177 11178 11180 11498
314 137 11177 11178 11180 11499
315 137 11177 11178 11180 11500
316 137 11199 11200 11202 11522
317 137 11199 11200 11202 11523
318 137 11199 11200 11202 11524
319 137 11273 11274 11276 11621
320 137 11273 11274 11276 11622
321 137 11273 11274 11276 11623
322 137 11294 11295 11297 11645
323 137 11294 11295 11297 11646
324 137 11294 11295 11297 11647
325 137 11732 11733 11735 12025
326 137 11732 11733 11735 12026
327 137 11732 11733 11735 12027
328 137 11754 11755 11757 12052
329 137 11754 11755 11757 12053
330 137 11754 11755 11757 12054
331 137 11827 11828 11830 12148
332 137 11827 11828 11830 12149
333 137 11827 11828 11830 12150
334 137 11849 11850 11852 12172
335 137 11849 11850 11852 12173
336 137 11849 11850 11852 12174
337 137 11923 11924 11926 12271
338 137 11923 11924 11926 12272
339 137 11923 11924 11926 12273
340 137 11944 11945 11947 12295
341 137 11944 11945 11947 12296
342 137 11944 11945 11947 12297
343 137 12382 12383 12385 12675
344 137 12382 12383 12385 12676
345 137 12382 12383 12385 12677
346 137 12404 12405 12407 12702
347 137 12404 12405 12407 12703
348 137 12404 12405 12407 12704
349 137 12477 12478 12480 12798
350 137 12477 12478 12480 12799
351 137 12477 12478 12480 12800
352 137 12499 12500 12502 12822
353 137 12499 12500 12502 12823
354 137 12499 12500 12502 12824
355 137 12573 12574 12576 12921
356 137 12573 12574 12576 12922
357 137 12573 12574 12576 12923
358 137 12594 12595 12597 12945
359 137 12594 12595 12597 12946
360 137 12594 12595 12597 12947
361 204 35 33 32 36
362 204 57 55 54 58
363 204 130 128 127 131
364 204 152 150 149 153
365 204 226 224 223 227
366 204 247 245 244 248
367 204 685 683 682 686
368 204 707 705 704 708
369 204 780 778 777 781
370 204 802 800 799 803
371 204 876 874 873 877
372 204 897 895 894 898
373 204 1335 1333 1332 1336
374 204 1357 1355 1354 1358
375 204 1430 1428 1427 1431
376 204 1452 1450 1449 1453
377 204 1526 1524 1523 1527
378 204 1547 1545 1544 1548
379 204 1985 1983 1982 1986
380 204 2007 2005 2004 2008
381 204 2080 2078 2077 2081
382 204 2102 2100 2099 2103
383 204 2176 2174 2173 2177
384 204 2197 2195 2194 2198
385 204 2635 2633 2632 2636
386 204 2657 2655 2654 2658
387 204 2730 2728 2727 2731
388 204 2752 2750 2749 2753
389 204 2826 2824 2823 2827
390 204 2847 2845 2844 2848
391 204 3285 3283 3282 3286
392 204 3307 3305 3304 3308
393 204 3380 3378 3377 3381
394 204 3402 3400 3399 3403
395 204 3476 3474 3473 3477
396 204 3497 3495 3494 3498
397 204 3935 3933 3932 3936
398 204 3957 3955 3954 3958
399 204 4030 4028 4027 4031
400 204 4052 4050 4049 4053
401 204 4126 4124 4123 4127
402 204 4147 4145 4144 4148
403 204 4585 4583 4582 4586
404 204 4607 4605 4604 4608
405 204 4680 4678 4677 4681
406 204 4702 4700 4699 4703
407 204 4776 4774 4773 4777
408 204 4797 4795 4794 4798
409 204 5235 5233 5232 5236
410 204 5257 5255 5254 5258
411 204 5330 5328 5327 5331
412 204 5352 5350 5349 5353
413 204 5426 5424 5423 5427
414 204 5447 5445 5444 5448
415 204 5885 5883 5882 5886
416 204 5907 5905 5904 5908
417 204 5980 5978 5977 5981
418 204 6002 6000 5999 6003
419 204 6076 6074 6073 6077
420 204 6097 6095 6094 6098
421 204 6535 6533 6532 6536
422 204 6557 6555 6554 6558
423 204 6630 6628 6627 6631
424 204 6652 6650 6649 6653
425 204 6726 6724 6723 6727
426 204 6747 6745 6744 6748
427 204 7185 7183 7182 7186
428 204 7207 7205 7204 7208
429 204 7280 7278 7277 7281
430 204 7302 7300 7299 7303
431 204 7376 7374 7373 7377
432 204 7397 7395 7394 7398
433 204 7835 7833 7832 7836
434 204 7857 7855 7854 7858
435 204 7930 7928 7927 7931
436 204 7952 7950 7949 7953
437 204 8026 8024 8023 8027
438 204 8047 8045 8044 8048
439 204 8485 8483 8482 8486
440 204 8507 8505 8504 8508
441 204 8580 8578 8577 8581
442 204 8602 8600 8599 8603
443 204 8676 8674 8673 8677
444 204 8697 8695 8694 8698
445 204 9135 9133 9132 9136
446 204 9157 9155 9154 9158
447 204 9230 9228 9227 9231
448 204 9252 9250 9249 9253
449 204 9326 9324 9323 9327
450 204 9347 9345 9344 9348
451 204 9785 9783 9782 9786
452 204 9807 9805 9804 9808
453 204 9880 9878 9877 9881
454 204 9902 9900 9899 9903
455 204 9976 9974 9973 9977
456 204 9997 9995 9994 9998
457 204 10435 10433 10432 10436
458 204 10457 10455 10454 10458
459 204 10530 10528 10527 10531
460 204 10552 10550 10549 10553
461 204 10626 10624 10623 10627
462 204 10647 10645 10644 10648
463 204 11085 11083 11082 11086
464 204 11107 11105 11104 11108
465 204 11180 11178 11177 11181
466 204 11202 11200 11199 11203
467 204 11276 11274 11273 11277
468 204 11297 11295 11294 11298
469 204 11735 11733 11732 11736
470 204 11757 11755 11754 11758
471 204 11830 11828 11827 11831
472 204 11852 11850 11849 11853
473 204 11926 11924 11923 11927
474 204 11947 11945 11944 11948
475 204 12385 12383 12382 12386
476 204 12407 12405 12404 12408
477 204 12480 12478 12477 12481
478 204 12502 12500 12499 12503
479 204 12576 12574 12573 12577
480 204 12597 12595 12594 12598
481 204 35 33 32 37
482 204 57 55 54 59
483 204 130 128 127 132
484 204 152 150 149 154
485 204 226 224 223 228
486 204 247 245 244 249
487 204 685 683 682 687
488 204 707 705 704 709
489 204 780 778 777 782
490 204 802 800 799 804
491 204 876 874 873 878
492 204 897 895 894 899
493 204 1335 1333 1332 1337
494 204 1357 1355 1354 1359
495 204 1430 1428 1427 1432
496 204 1452 1450 1449 1454
497 204 1526 1524 1523 1528
498 204 1547 1545 1544 1549
499 204 1985 1983 1982 1987
500 204 2007 2005 2004 2009
501 204 2080 2078 2077 2082
502 204 2102 2100 2099 2104
503 204 2176 2174 2173 2178
504 204 2197 2195 2194 2199
505 204 2635 2633 2632 2637
506 204 2657 2655 2654 2659
507 204 2730 2728 2727 2732
508 204 2752 2750 2749 2754
509 204 2826 2824 2823 2828
510 204 2847 2845 2844 2849
511 204 3285 3283 3282 3287
512 204 3307 3305 3304 3309
513 204 3380 3378 3377 3382
514 204 3402 3400 3399 3404
515 204 3476 3474 3473 3478
516 204 3497 3495 3494 3499
517 204 3935 3933 3932 3937
518 204 3957 3955 3954 3959
519 204 4030 4028 4027 4032
520 204 4052 4050 4049 4054
521 204 4126 4124 4123 4128
522 204 4147 4145 4144 4149
523 204 4585 4583 4582 4587
524 204 4607 4605 4604 4609
525 204 4680 4678 4677 4682
526 204 4702 4700 4699 4704
527 204 4776 4774 4773 4778
528 204 4797 4795 4794 4799
529 204 5235 5233 5232 5237
530 204 5257 5255 5254 5259
531 204 5330 5328 5327 5332
532 204 5352 5350 5349 5354
533 204 5426 5424 5423 5428
534 204 5447 5445 5444 5449
535 204 5885 5883 5882 5887
536 204 5907 5905 5904 5909
537 204 5980 5978 5977 5982
538 204 6002 6000 5999 6004
539 204 6076 6074 6073 6078
540 204 6097 6095 6094 6099
541 204 6535 6533 6532 6537
542 204 6557 6555 6554 6559
543 204 6630 6628 6627 6632
544 204 6652 6650 6649 6654
545 204 6726 6724 6723 6728
546 204 6747 6745 6744 6749
547 204 7185 7183 7182 7187
548 204 7207 7205 7204 7209
549 204 7280 7278 7277 7282
550 204 7302 7300 7299 7304
551 204 7376 7374 7373 7378
552 204 7397 7395 7394 7399
553 204 7835 7833 7832 7837
554 204 7857 7855 7854 7859
555 204 7930 7928 7927 7932
556 204 7952 7950 7949 7954
557 204 8026 8024 8023 8028
558 204 8047 8045 8044 8049
559 204 8485 8483 8482 8487
560 204 8507 8505 8504 8509
561 204 8580 8578 8577 8582
562 204 8602 8600 8599 8604
563 204 8676 8674 8673 8678
564 204 8697 8695 8694 8699
565 204 9135 9133 9132 9137
566 204 9157 9155 9154 9159
567 204 9230 9228 9227 9232
568 204 9252 9250 9249 9254
569 204 9326 9324 9323 9328
570 204 9347 9345 9344 9349
571 204 9785 9783 9782 9787
572 204 9807 9805 9804 9809
573 204 9880 9878 9877 9882
574 204 9902 9900 9899 9904
575 204 9976 9974 9973 9978
576 204 9997 9995 9994 9999
577 204 10435 10433 10432 10437
578 204 10457 10455 10454 10459
579 204 10530 10528 10527 10532
580 204 10552 10550 10549 10554
581 204 10626 10624 10623 10628
582 204 10647 10645 10644 10649
583 204 11085 11083 11082 11087
584 204 11107 11105 11104 11109
585 204 11180 11178 11177 11182
586 204 11202 11200 11199 11204
587 204 11276 11274 11273 11278
588 204 11297 11295 11294 11299
589 204 11735 11733 11732 11737
590 204 11757 11755 11754 11759
591 204 11830 11828 11827 11832
592 204 11852 11850 11849 11854
593 204 11926 11924 11923 11928
594 204 11947 11945 11944 11949
595 204 12385 12383 12382 12387
596 204 12407 12405 12404 12409
597 204 12480 12478 12477 12482
598 204 12502 12500 12499 12504
599 204 12576 12574 12573 12578
600 204 12597 12595 12594 12599
601 445 34 33 32 36
602 445 56 55 54 58
603 445 129 128 127 131
604 445 151 150 149 153
605 445 225 224 223 227
606 445 246 245 244 248
607 445 684 683 682 686
608 445 706 705 704 708
609 445 779 778 777 781
610 445 801 800 799 803
611 445 875 874 873 877
612 445 896 895 894 898
613 445 1334 1333 1332 1336
614 445 1356 1355 1354 1358
615 445 1429 1428 1427 1431
616 445 1451 1450 1449 1453
617 445 1525 1524 1523 1527
618 445 1546 1545 1544 1548
619 445 1984 1983 1982 1986
620 445 2006 2005 2004 2008
621 445 2079 2078 2077 2081
622 445 2101 2100 2099 2103
623 445 2175 2174 2173 2177
624 445 2196 2195 2194 2198
625 445 2634 2633 2632 2636
626 445 2656 2655 2654 2658
627 445 2729 2728 2727 2731
628 445 2751 2750 2749 2753
629 445 2825 2824 2823 2827
630 445 2846 2845 2844 2848
631 445 3284 3283 3282 3286
632 445 3306 3305 3304 3308
633 445 3379 3378 3377 3381
634 445 3401 3400 3399 3403
635 445 3475 3474 3473 3477
636 445 3496 3495 3494 3498
637 445 3934 3933 3932 3936
638 445 3956 3955 3954 3958
639 445 4029 4028 4027 4031
640 445 4051 4050 4049 4053
641 445 4125 4124 4123 4127
642 445 4146 4145 4144 4148
643 445 4584 4583 4582 4586
644 445 4606 4605 4604 4608
645 445 4679 4678 4677 4681
646 445 4701 4700 4699 4703
647 445 4775 4774 4773 4777
648 445 4796 4795 4794 4798
649 445 5234 5233 5232 5236
650 445 5256 5255 5254 5258
651 445 5329 5328 5327 5331
652 445 5351 5350 5349 5353
653 445 5425 5424 5423 5427
654 445 5446 5445 5444 5448
655 445 5884 5883 5882 5886
656 445 5906 5905 5904 5908
657 445 5979 5978 5977 5981
658 445 6001 6000 5999 6003
659 445 6075 6074 6073 6077
660 445 6096 6095 6094 6098
661 445 6534 6533 6532 6536
662 445 6556 6555 6554 6558
663 445 6629 6628 6627 6631
664 445 6651 6650 6649 6653
665 445 6725 6724 6723 6727
666 445 6746 6745 6744 6748
667 445 7184 7183 7182 7186
668 445 7206 7205 7204 7208
669 445 7279 7278 7277 7281
670 445 7301 7300 7299 7303
671 445 7375 7374 7373 7377
672 445 7396 7395 7394 7398
673 445 7834 7833 7832 7836
674 445 7856 7855 7854 7858
675 445 7929 7928 7927 7931
676 445 7951 7950 7949 7953
677 445 8025 8024 8023 8027
678 445 8046 8045 8044 8048
679 445 8484 8483 8482 8486
680 445 8506 8505 8504 8508
681 445 8579 8578 8577 8581
682 445 8601 8600 8599 8603
683 445 8675 8674 8673 8677
684 445 8696 8695 8694 8698
685 445 9134 9133 9132 9136
686 445 9156 9155 9154 9158
687 445 9229 9228 9227 9231
688 445 9251 9250 9249 9253
689 445 9325 9324 9323 9327
690 445 9346 9345 9344 9348
691 445 9784 9783 9782 9786
692 445 9806 9805 9804 9808
693 445 9879 9878 9877 9881
694 445 9901 9900 9899 9903
695 445 9975 9974 9973 9977
696 445 9996 9995 9994 9998
697 445 10434 10433 10432 10436
698 445 10456 10455 10454 10458
699 445 10529 10528 10527 10531
700 445 10551 10550 10549 10553
701 445 10625 10624 10623 10627
702 445 10646 10645 10644 10648
703 445 11084 11083 11082 11086
704 445 11106 11105 11104 11108
705 445 11179 11178 11177 11181
706 445 11201 11200 11199 11203
707 445 11275 11274 11273 11277
708 445 11296 11295 11294 11298
709 445 11734 11733 11732 11736
710 445 11756 11755 11754 11758
711 445 11829 11828 11827 11831
712 445 11851 11850 11849 11853
713 445 11925 11924 11923 11927
714 445 11946 11945 11944 11948
715 445 12384 12383 12382 12386
716 445 12406 12405 12404 12408
717 445 12479 12478 12477 12481
718 445 12501 12500 12499 12503
719 445 12575 12574 12573 12577
720 445 12596 12595 12594 12598
721 496 35 33 34 323
722 496 35 33 34 324
723 496 57 55 56 350
724 496 57 55 56 351
725 496 130 128 129 446
726 496 130 128 129 447
727 496 152 150 151 470
728 496 152 150 151 471
729 496 226 224 225 569
730 496 226 224 225 570
731 496 247 245 246 593
732 496 247 245 246 594
733 496 685 683 684 973
734 496 685 683 684 974
735 496 707 705 706 1000
736 496 707 705 706 1001
737 496 780 778 779 1096
738 496 780 778 779 1097
739 496 802 800 801 1120
740 496 802 800 801 1121
741 496 876 874 875 1219
742 496 876 874 875 1220
743 496 897 895 896 1243
744 496 897 895 896 1244
745 496 1335 1333 1334 1623
746 496 1335 1333 1334 1624
747 496 1357 1355 1356 1650
748 496 1357 1355 1356 1651
749 496 1430 1428 1429 1746
750 496 1430 1428 1429 1747
751 496 1452 1450 1451 1770
752 496 1452 1450 1451 1771
753 496 1526 1524 1525 1869
754 496 1526 1524 1525 1870
755 496 1547 1545 1546 1893
756 496 1547 1545 1546 1894
757 496 1985 1983 1984 2273
758 496 1985 1983 1984 2274
759 496 2007 2005 2006 2300
760 496 2007 2005 2006 2301
761 496 2080 2078 2079 2396
762 496 2080 2078 2079 2397
763 496 2102 2100 2101 2420
764 496 2102 2100 2101 2421
765 496 2176 2174 2175 2519
766 496 2176 2174 2175 2520
767 496 2197 2195 2196 2543
768 496 2197 2195 2196 2544
769 496 2635 2633 2634 2923
770 496 2635 2633 2634 2924
771 496 2657 2655 2656 2950
772 496 2657 2655 2656 2951
773 496 2730 2728 2729 3046
774 496 2730 2728 2729 3047
775 496 2752 2750 2751 3070
776 496 2752 2750 2751 3071
777 496 2826 2824 2825 3169
778 496 2826 2824 2825 3170
779 496 2847 2845 2846 3193
780 496 2847 2845 2846 3194
781 496 3285 3283 3284 3573
782 496 3285 3283 3284 3574
783 496 3307 3305 3306 3600
784 496 3307 3305 3306 3601
785 496 3380 3378 3379 3696
786 496 3380 3378 3379 3697
787 496 3402 3400 3401 3720
788 496 3402 3400 3401 3721
789 496 3476 3474 3475 3819
790 496 3476 3474 3475 3820
791 496 3497 3495 3496 3843
792 496 3497 3495 3496 3844
793 496 3935 3933 3934 4223
794 496 3935 3933 3934 4224
795 496 3957 3955 3956 4250
796 496 3957 3955 3956 4251
797 496 4030 4028 4029 4346
798 496 4030 4028 4029 4347
799 496 4052 4050 4051 4370
800 496 4052 4050 4051 4371
801 496 4126 4124 4125 4469
802 496 4126 4124 4125 4470
803 496 4147 4145 4146 4493
804 496 4147 4145 4146 4494
805 496 4585 4583 4584 4873
806 496 4585 4583 4584 4874
807 496 4607 4605 4606 4900
808 496 4607 4605 4606 4901
809 496 4680 4678 4679 4996
810 496 4680 4678 4679 4997
811 496 4702 4700 4701 5020
812 496 4702 4700 4701 5021
813 496 4776 4774 4775 5119
814 496 4776 4774 4775 5120
815 496 4797 4795 4796 5143
816 496 4797 4795 4796 5144
817 496 5235 5233 5234 5523
818 496 5235 5233 5234 5524
819 496 5257 5255 5256 5550
820 496 5257 5255 5256 5551
821 496 5330 5328 5329 5646
822 496 5330 5328 5329 5647
823 496 5352 5350 5351 5670
824 496 5352 5350 5351 5671
825 496 5426 5424 5425 5769
826 496 5426 5424 5425 5770
827 496 5447 5445 5446 5793
828 496 5447 5445 5446 5794
829 496 5885 5883 5884 6173
830 496 5885 5883 5884 6174
831 496 5907 5905 5906 6200
832 496 5907 5905 5906 6201
833 496 5980 5978 5979 6296
834 496 5980 5978 5979 6297
835 496 6002 6000 6001 6320
836 496 6002 6000 6001 6321
837 496 6076 6074 6075 6419
838 496 6076 6074 6075 6420
839 496 6097 6095 6096 6443
840 496 6097 6095 6096 6444
841 496 6535 6533 6534 6823
842 496 6535 6533 6534 6824
843 496 6557 6555 6556 6850
844 496 6557 6555 6556 6851
845 496 6630 6628 6629 6946
846 496 6630 6628 6629 6947
847 496 6652 6650 6651 6970
848 496 6652 6650 6651 6971
849 496 6726 6724 6725 7069
850 496 6726 6724 6725 7070
851 496 6747 6745 6746 7093
852 496 6747 6745 6746 7094
853 496 7185 7183 7184 7473
854 496 7185 7183 7184 7474
855 496 7207 7205 7206 7500
856 496 7207 7205 7206 7501
857 496 7280 7278 7279 7596
858 496 7280 7278 7279 7597
859 496 7302 7300 7301 7620
860 496 7302 7300 7301 7621
861 496 7376 7374 7375 7719
862 496 7376 7374 7375 7720
863 496 7397 7395 7396 7743
864 496 7397 7395 7396 7744
865 496 7835 7833 7834 8123
866 496 7835 7833 7834 8124
867 496 7857 7855 7856 8150
868 496 7857 7855 7856 8151
869 496 7930 7928 7929 8246
870 496 7930 7928 7929 8247
871 496 7952 7950 7951 8270
872 496 7952 7950 7951 8271
873 496 8026 8024 8025 8369
874 496 8026 8024 8025 8370
875 496 8047 8045 8046 8393
876 496 8047 8045 8046 8394
877 496 8485 8483 8484 8773
878 496 8485 8483 8484 8774
879 496 8507 8505 8506 8800
880 496 8507 8505 8506 8801
881 496 8580 8578 8579 8896
882 496 8580 8578 8579 8897
883 496 8602 8600 8601 8920
884 496 8602 8600 8601 8921
885 496 8676 8674 8675 9019
886 496 8676 8674 8675 9020
887 496 8697 8695 8696 9043
888 496 8697 8695 8696 9044
889 496 9135 9133 9134 9423
890 496 9135 9133 9134 9424
891 496 9157 9155 9156 9450
892 496 9157 9155 9156 9451
893 496 9230 9228 9229 9546
894 496 9230 9228 9229 9547
895 496 9252 9250 9251 9570
896 496 9252 9250 9251 9571
897 496 9326 9324 9325 9669
898 496 9326 9324 9325 9670
899 496 9347 9345 9346 9693
900 496 9347 9345 9346 9694
901 496 9785 9783 9784 10073
902 496 9785 9783 9784 10074
903 496 9807 9805 9806 10100
904 496 9807 9805 9806 10101
905 496 9880 9878 9879 10196
906 496 9880 9878 9879 10197
907 496 9902 9900 9901 10220
908 496 9902 9900 9901 10221
909 496 9976 9974 9975 10319
910 496 9976 9974 9975 10320
911 496 9997 9995 9996 10343
912 496 9997 9995 9996 10344
913 496 10435 10433 10434 10723
914 496 10435 10433 10434 10724
915 496 10457 10455 10456 10750
916 496 10457 10455 10456 10751
917 496 10530 10528 10529 10846
918 496 10530 10528 10529 10847
919 496 10552 10550 10551 10870
920 496 10552 10550 10551 10871
921 496 10626 10624 10625 10969
922 496 10626 10624 10625 10970
923 496 10647 10645 10646 10993
924 496 10647 10645 10646 10994
925 496 11085 11083 11084 11373
926 496 11085 11083 11084 11374
927 496 11107 11105 11106 11400
928 496 11107 11105 11106 11401
929 496 11180 11178 11179 11496
930 496 11180 11178 11179 11497
931 496 11202 11200 11201 11520
932 496 11202 11200 11201 11521
933 496 11276 11274 11275 11619
934 496 11276 11274 11275 11620
935 496 11297 11295 11296 11643
936 496 11297 11295 11296 11644
937 496 11735 11733 11734 12023
938 496 11735 11733 11734 12024
939 496 11757 11755 11756 12050
940 496 11757 11755 11756 12051
941 496 11830 11828 11829 12146
942 496 11830 11828 11829 12147
943 496 11852 11850 11851 12170
944 496 11852 11850 11851 12171
945 496 11926 11924 11925 12269
946 496 11926 11924 11925 12270
947 496 11947 11945 11946 12293
948 496 11947 11945 11946 12294
949 496 12385 12383 12384 12673
950 496 12385 12383 12384 12674
951 496 12407 12405 12406 12700
952 496 12407 12405 12406 12701
953 496 12480 12478 12479 12796
954 496 12480 12478 12479 12797
955 496 12502 12500 12501 12820
956 496 12502 12500 12501 12821
957 496 12576 12574 12575 12919
958 496 12576 12574 12575 12920
959 496 12597 12595 12596 12943
960 496 12597 12595 12596 12944
961 512 4 5 6 7
962 512 24 25 26 27
963 512 45 46 47 48
964 512 68 69 70 71
965 512 76 77 78 79
966 512 77 78 79 80
967 512 78 79 80 81
968 512 79 80 81 82
969 512 80 81 82 83
970 512 81 82 83 84
971 512 82 83 84 85
972 512 98 99 100 101
973 512 118 119 120 121
974 512 140 141 142 143
975 512 163 164 165 166
976 512 171 172 173 174
977 512 172 173 174 175
978 512 173 174 175 176
979 512 174 175 176 177
980 512 175 176 177 178
981 512 176 177 178 179
982 512 177 178 179 180
983 512 193 194 195 196
984 512 213 214 215 216
985 512 236 237 238 239
986 512 258 259 260 261
987 512 266 267 268 269
988 512 267 268 269 270
989 512 268 269 270 271
990 512 269 270 271 272
991 512 270 271 272 273
992 512 271 272 273 274
993 512 272 273 274 275
994 512 654 655 656 657
995 512 674 675 676 677
996 512 695 696 697 698
997 512 718 719 720 721
998 512 726 727 728 729
999 512 727 728 729 730
1000 512 728 729 730 731
1001 512 729 730 731 732
1002 512 730 731 732 733
1003 512 731 732 733 734
1004 512 732 733 734 735
1005 512 748 749 750 751
1006 512 768 769 770 771
1007 512 790 791 792 793
1008 512 813 814 815 816
1009 512 821 822 823 824
1010 512 822 823 824 825
1011 512 823 824 825 826
1012 512 824 825 826 827
1013 512 825 826 827 828
1014 512 826 827 828 829
1015 512 827 828 829 830
1016 512 843 844 845 846
1017 512 863 864 865 866
1018 512 886 887 888 889
1019 512 908 909 910 911
1020 512 916 917 918 919
1021 512 917 918 919 920
1022 512 918 919 920 921
1023 512 919 920 921 922
1024 512 920 921 922 923
1025 512 921 922 923 924
1026 512 922 923 924 925
1027 512 1304 1305 1306 1307
1028 512 1324 1325 1326 1327
1029 512 1345 1346 1347 1348
1030 512 1368 1369 1370 1371
1031 512 1376 1377 1378 1379
1032 512 1377 1378 1379 1380
1033 512 1378 1379 1380 1381
1034 512 1379 1380 1381 1382
1035 512 1380 1381 1382 1383
1036 512 1381 1382 1383 1384
1037 512 1382 1383 1384 1385
1038 512 1398 1399 1400 1401
1039 512 1418 1419 1420 1421
1040 512 1440 1441 1442 1443
1041 512 1463 1464 1465 1466
1042 512 1471 1472 1473 1474
1043 512 1472 1473 1474 1475
1044 512 1473 1474 1475 1476
1045 512 1474 1475 1476 1477
1046 512 1475 1476 1477 1478
1047 512 1476 1477 1478 1479
1048 512 1477 1478 1479 1480
1049 512 1493 1494 1495 1496
1050 512 1513 1514 1515 1516
1051 512 1536 1537 1538 1539
1052 512 1558 1559 1560 1561
1053 512 1566 1567 1568 1569
1054 512 1567 1568 1569 1570
1055 512 1568 1569 1570 1571
1056 512 1569 1570 1571 1572
1057 512 1570 1571 1572 1573
1058 512 1571 1572 1573 1574
1059 512 1572 1573 1574 1575
1060 512 1954 1955 1956 1957
1061 512 1974 1975 1976 1977
1062 512 1995 1996 1997 1998
1063 512 2018 2019 2020 2021
1064 512 2026 2027 2028 2029
1065 512 2027 2028 2029 2030
1066 512 2028 2029 2030 2031
1067 512 2029 2030 2031 2032
1068 512 2030 2031 2032 2033
1069 512 2031 2032 2033 2034
1070 512 2032 2033 2034 2035
1071 512 2048 2049 2050 2051
1072 512 2068 2069 2070 2071
1073 512 2090 2091 2092 2093
1074 512 2113 2114 2115 2116
1075 512 2121 2122 2123 2124
1076 512 2122 2123 2124 2125
1077 512 2123 2124 2125 2126
1078 512 2124 2125 2126 2127
1079 512 2125 2126 2127 2128
1080 512 2126 2127 2128 2129
1081 512 2127 2128 2129 2130
1082 512 2143 2144 2145 2146
1083 512 2163 2164 2165 2166
1084 512 2186 2187 2188 2189
1085 512 2208 2209 2210 2211
1086 512 2216 2217 2218 2219
1087 512 2217 2218 2219 2220
1088 512 2218 2219 2220 2221
1089 512 2219 2220 2221 2222
1090 512 2220 2221 2222 2223
1091 512 2221 2222 2223 2224
1092 512 2222 2223 2224 2225
1093 512 2604 2605 2606 2607
1094 512 2624 2625 2626 2627
1095 512 2645 2646 2647 2648
1096 512 2668 2669 2670 2671
1097 512 2676 2677 2678 2679
1098 512 2677 2678 2679 2680
1099 512 2678 2679 2680 2681
1100 512 2679 2680 2681 2682
1101 512 2680 2681 2682 2683
1102 512 2681 2682 2683 2684
1103 512 2682 2683 2684 2685
1104 512 2698 2699 2700 2701
1105 512 2718 2719 2720 2721
1106 512 2740 2741 2742 2743
1107 512 2763 2764 2765 2766
1108 512 2771 2772 2773 2774
1109 512 2772 2773 2774 2775
1110 512 2773 2774 2775 2776
1111 512 2774 2775 2776 2777
1112 512 2775 2776 2777 2778
1113 512 2776 2777 2778 2779
1114 512 2777 2778 2779 2780
1115 512 2793 2794 2795 2796
1116 512 2813 2814 2815 2816
1117 512 2836 2837 2838 2839
1118 512 2858 2859 2860 2861
1119 512 2866 2867 2868 2869
1120 512 2867 2868 2869 2870
1121 512 2868 2869 2870 2871
1122 512 2869 2870 2871 2872
1123 512 2870 2871 2872 2873
1124 512 2871 2872 2873 2874
1125 512 2872 2873 2874 2875
1126 512 3254 3255 3256 3257
1127 512 3274 3275 3276 3277
1128 512 3295 3296 3297 3298
1129 512 3318 3319 3320 3321
1130 512 3326 3327 3328 3329
1131 512 3327 3328 3329 3330
1132 512 3328 3329 3330 3331
1133 512 3329 3330 3331 3332
1134 512 3330 3331 3332 3333
1135 512 3331 3332 3333 3334
1136 512 3332 3333 3334 3335
1137 512 3348 3349 3350 3351
1138 512 3368 3369 3370 3371
1139 512 3390 3391 3392 3393
1140 512 3413 3414 3415 3416
1141 512 3421 3422 3423 3424
1142 512 3422 3423 3424 3425
1143 512 3423 3424 3425 3426
1144 512 3424 3425 3426 3427
1145 512 3425 3426 3427 3428
1146 512 3426 3427 3428 3429
1147 512 3427 3428 3429 3430
1148 512 3443 3444 3445 3446
1149 512 3463 3464 3465 3466
1150 512 3486 3487 3488 3489
1151 512 3508 3509 3510 3511
1152 512 3516 3517 3518 3519
1153 512 3517 3518 3519 3520
1154 512 3518 3519 3520 3521
1155 512 3519 3520 3521 3522
1156 512 3520 3521 3522 3523
1157 512 3521 3522 3523 3524
1158 512 3522 3523 3524 3525
1159 512 3904 3905 3906 3907
1160 512 3924 3925 3926 3927
1161 512 3945 3946 3947 3948
1162 512 3968 3969 3970 3971
1163 512 3976 3977 3978 3979
1164 512 3977 3978 3979 3980
1165 512 3978 3979 3980 3981
1166 512 3979 3980 3981 3982
1167 512 3980 3981 3982 3983
1168 512 3981 3982 3983 3984
1169 512 3982 3983 3984 3985
1170 512 3998 3999 4000 4001
1171 512 4018 4019 4020 4021
1172 512 4040 4041 4042 4043
1173 512 4063 4064 4065 4066
1174 512 4071 4072 4073 4074
1175 512 4072 4073 4074 4075
1176 512 4073 4074 4075 4076
1177 512 4074 4075 4076 4077
1178 512 4075 4076 4077 4078
1179 512 4076 4077 4078 4079
1180 512 4077 4078 4079 4080
1181 512 4093 4094 4095 4096
1182 512 4113 4114 4115 4116
1183 512 4136 4137 4138 4139
1184 512 4158 4159 4160 4161
1185 512 4166 4167 4168 4169
1186 512 4167 4168 4169 4170
1187 512 4168 4169 4170 4171
1188 512 4169 4170 4171 4172
1189 512 4170 4171 4172 4173
1190 512 4171 4172 4173 4174
1191 512 4172 4173 4174 4175
1192 512 4554 4555 4556 4557
1193 512 4574 4575 4576 4577
1194 512 4595 4596 4597 4598
1195 512 4618 4619 4620 4621
1196 512 4626 4627 4628 4629
1197 512 4627 4628 4629 4630
1198 512 4628 4629 4630 4631
1199 512 4629 4630 4631 4632
1200 512 4630 4631 4632 4633
1201 512 4631 4632 4633 4634
1202 512 4632 4633 4634 4635
1203 512 4648 4649 4650 4651
1204 512 4668 4669 4670 4671
1205 512 4690 4691 4692 4693
1206 512 4713 4714 4715 4716
1207 512 4721 4722 4723 4724
1208 512 4722 4723 4724 4725
1209 512 4723 4724 4725 4726
1210 512 4724 4725 4726 4727
1211 512 4725 4726 4727 4728
1212 512 4726 4727 4728 4729
1213 512 4727 4728 4729 4730
1214 512 4743 4744 4745 4746
1215 512 4763 4764 4765 4766
1216 512 4786 4787 4788 4789
1217 512 4808 4809 4810 4811
1218 512 4816 4817 4818 4819
1219 512 4817 4818 4819 4820
1220 512 4818 4819 4820 4821
1221 512 4819 4820 4821 4822
1222 512 4820 4821 4822 4823
1223 512 4821 4822 4823 4824
1224 512 4822 4823 4824 4825
1225 512 5204 5205 5206 5207
1226 512 5224 5225 5226 5227
1227 512 5245 5246 5247 5248
1228 512 5268 5269 5270 5271
1229 512 5276 5277 5278 5279
1230 512 5277 5278 5279 5280
1231 512 5278 5279 5280 5281
1232 512 5279 5280 5281 5282
1233 512 5280 5281 5282 5283
1234 512 5281 5282 5283 5284
1235 512 5282 5283 5284 5285
1236 512 5298 5299 5300 5301
1237 512 5318 5319 5320 5321
1238 512 5340 5341 5342 5343
1239 512 5363 5364 5365 5366
1240 512 5371 5372 5373 5374
1241 512 5372 5373 5374 5375
1242 512 5373 5374 5375 5376
1243 512 5374 5375 5376 5377
1244 512 5375 5376 5377 5378
1245 512 5376 5377 5378 5379
1246 512 5377 5378 5379 5380
1247 512 5393 5394 5395 5396
1248 512 5413 5414 5415 5416
1249 512 5436 5437 5438 5439
1250 512 5458 5459 5460 5461
1251 512 5466 5467 5468 5469
1252 512 5467 5468 5469 5470
1253 512 5468 5469 5470 5471
1254 512 5469 5470 5471 5472
1255 512 5470 5471 5472 5473
1256 512 5471 5472 5473 5474
1257 512 5472 5473 5474 5475
1258 512 5854 5855 5856 5857
1259 512 5874 5875 5876 5877
1260 512 5895 5896 5897 5898
1261 512 5918 5919 5920 5921
1262 512 5926 5927 5928 5929
1263 512 5927 5928 5929 5930
1264 512 5928 5929 5930 5931
1265 512 5929 5930 5931 5932
1266 512 5930 5931 5932 5933
1267 512 5931 5932 5933 5934
1268 512 5932 5933 5934 5935
1269 512 5948 5949 5950 5951
1270 512 5968 5969 5970 5971
1271 512 5990 5991 5992 5993
1272 512 6013 6014 6015 6016
1273 512 6021 6022 6023 6024
1274 512 6022 6023 6024 6025
1275 512 6023 6024 6025 6026
1276 512 6024 6025 6026 6027
1277 512 6025 6026 6027 6028
1278 512 6026 6027 6028 6029
1279 512 6027 6028 6029 6030
1280 512 6043 6044 6045 6046
1281 512 6063 6064 6065 6066
1282 512 6086 6087 6088 6089
1283 512 6108 6109 6110 6111
1284 512 6116 6117 6118 6119
1285 512 6117 6118 6119 6120
1286 512 6118 6119 6120 6121
1287 512 6119 6120 6121 6122
1288 512 6120 6121 6122 6123
1289 512 6121 6122 6123 6124
1290 512 6122 6123 6124 6125
1291 512 6504 6505 6506 6507
1292 512 6524 6525 6526 6527
1293 512 6545 6546 6547 6548
1294 512 6568 6569 6570 6571
1295 512 6576 6577 6578 6579
1296 512 6577 6578 6579 6580
1297 512 6578 6579 6580 6581
1298 512 6579 6580 6581 6582
1299 512 6580 6581 6582 6583
1300 512 6581 6582 6583 6584
1301 512 6582 6583 6584 6585
1302 512 6598 6599 6600 6601
1303 512 6618 6619 6620 6621
1304 512 6640 6641 6642 6643
1305 512 6663 6664 6665 6666
1306 512 6671 6672 6673 6674
1307 512 6672 6673 6674 6675
1308 512 6673 6674 6675 6676
1309 512 6674 6675 6676 6677
1310 512 6675 6676 6677 6678
1311 512 6676 6677 6678 6679
1312 512 6677 6678 6679 6680
1313 512 6693 6694 6695 6696
1314 512 6713 6714 6715 6716
1315 512 6736 6737 6738 6739
1316 512 6758 6759 6760 6761
1317 512 6766 6767 6768 6769
1318 512 6767 6768 6769 6770
1319 512 6768 6769 6770 6771
1320 512 6769 6770 6771 6772
1321 512 6770 6771 6772 6773
1322 512 6771 6772 6773 6774
1323 512 6772 6773 6774 6775
1324 512 7154 7155 7156 7157
1325 512 7174 7175 7176 7177
1326 512 7195 7196 7197 7198
1327 512 7218 7219 7220 7221
1328 512 7226 7227 7228 7229
1329 512 7227 7228 7229 7230
1330 512 7228 7229 7230 7231
1331 512 7229 7230 7231 7232
1332 512 7230 7231 7232 7233
1333 512 7231 7232 7233 7234
1334 512 7232 7233 7234 7235
1335 512 7248 7249 7250 7251
1336 512 7268 7269 7270 7271
1337 512 7290 7291 7292 7293
1338 512 7313 7314 7315 7316
1339 512 7321 7322 7323 7324
1340 512 7322 7323 7324 7325
1341 512 7323 7324 7325 7326
1342 512 7324 7325 7326 7327
1343 512 7325 7326 7327 7328
1344 512 7326 7327 7328 7329
1345 512 7327 7328 7329 7330
1346 512 7343 7344 7345 7346
1347 512 7363 7364 7365 7366
1348 512 7386 7387 7388 7389
1349 512 7408 7409 7410 7411
1350 512 7416 7417 7418 7419
1351 512 7417 7418 7419 7420
1352 512 7418 7419 7420 7421
1353 512 7419 7420 7421 7422
1354 512 7420 7421 7422 7423
1355 512 7421 7422 7423 7424
1356 512 7422 7423 7424 7425
1357 512 7804 7805 7806 7807
1358 512 7824 7825 7826 7827
1359 512 7845 7846 7847 7848
1360 512 7868 7869 7870 7871
1361 512 7876 7877 7878 7879
1362 512 7877 7878 7879 7880
1363 512 7878 7879 7880 7881
1364 512 7879 7880 7881 7882
1365 512 7880 7881 7882 7883
1366 512 7881 7882 7883 7884
1367 512 7882 7883 7884 7885
1368 512 7898 7899 7900 7901
1369 512 7918 7919 7920 7921
1370 512 7940 7941 7942 7943
1371 512 7963 7964 7965 7966
1372 512 7971 7972 7973 7974
1373 512 7972 7973 7974 7975
1374 512 7973 7974 7975 7976
1375 512 7974 7975 7976 7977
1376 512 7975 7976 7977 7978
1377 512 7976 7977 7978 7979
1378 512 7977 7978 7979 7980
1379 512 7993 7994 7995 7996
1380 512 8013 8014 8015 8016
1381 512 8036 8037 8038 8039
1382 512 8058 8059 8060 8061
1383 512 8066 8067 8068 8069
1384 512 8067 8068 8069 8070
1385 512 8068 8069 8070 8071
1386 512 8069 8070 8071 8072
1387 512 8070 8071 8072 8073
1388 512 8071 8072 8073 8074
1389 512 8072 8073 8074 8075
1390 512 8454 8455 8456 8457
1391 512 8474 8475 8476 8477
1392 512 8495 8496 8497 8498
1393 512 8518 8519 8520 8521
1394 512 8526 8527 8528 8529
1395 512 8527 8528 8529 8530
1396 512 8528 8529 8530 8531
1397 512 8529 8530 8531 8532
1398 512 8530 8531 8532 8533
1399 512 8531 8532 8533 8534
1400 512 8532 8533 8534 8535
1401 512 8548 8549 8550 8551
1402 512 8568 8569 8570 8571
1403 512 8590 8591 8592 8593
1404 512 8613 8614 8615 8616
1405 512 8621 8622 8623 8624
1406 512 8622 8623 8624 8625
1407 512 8623 8624 8625 8626
1408 512 8624 8625 8626 8627
1409 512 8625 8626 8627 8628
1410 512 8626 8627 8628 8629
1411 512 8627 8628 8629 8630
1412 512 8643 8644 8645 8646
1413 512 8663 8664 8665 8666
1414 512 8686 8687 8688 8689
1415 512 8708 8709 8710 8711
1416 512 8716 8717 8718 8719
1417 512 8717 8718 8719 8720
1418 512 8718 8719 8720 8721
1419 512 8719 8720 8721 8722
1420 512 8720 8721 8722 8723
1421 512 8721 8722 8723 8724
1422 512 8722 8723 8724 8725
1423 512 9104 9105 9106 9107
1424 512 9124 9125 9126 9127
1425 512 9145 9146 9147 9148
1426 512 9168 9169 9170 9171
1427 512 9176 9177 9178 9179
1428 512 9177 9178 9179 9180
1429 512 9178 9179 9180 9181
1430 512 9179 9180 9181 9182
1431 512 9180 9181 9182 9183
1432 512 9181 9182 9183 9184
1433 512 9182 9183 9184 9185
1434 512 9198 9199 9200 9201
1435 512 9218 9219 9220 9221
1436 512 9240 9241 9242 9243
1437 512 9263 9264 9265 9266
1438 512 9271 9272 9273 9274
1439 512 9272 9273 9274 9275
1440 512 9273 9274 9275 9276
1441 512 9274 9275 9276 9277
1442 512 9275 9276 9277 9278
1443 512 9276 9277 9278 9279
1444 512 9277 9278 9279 9280
1445 512 9293 9294 9295 9296
1446 512 9313 9314 9315 9316
1447 512 9336 9337 9338 9339
1448 512 9358 9359 9360 9361
1449 512 9366 9367 9368 9369
1450 512 9367 9368 9369 9370
1451 512 9368 9369 9370 9371
1452 512 9369 9370 9371 9372
1453 512 9370 9371 9372 9373
1454 512 9371 9372 9373 9374
1455 512 9372 9373 9374 9375
1456 512 9754 9755 9756 9757
1457 512 9774 9775 9776 9777
1458 512 9795 9796 9797 9798
1459 512 9818 9819 9820 9821
1460 512 9826 9827 9828 9829
1461 512 9827 9828 9829 9830
1462 512 9828 9829 9830 9831
1463 512 9829 9830 9831 9832
1464 512 9830 9831 9832 9833
1465 512 9831 9832 9833 9834
1466 512 9832 9833 9834 9835
1467 512 9848 9849 9850 9851
1468 512 9868 9869 9870 9871
1469 512 9890 9891 9892 9893
1470 512 9913 9914 9915 9916
1471 512 9921 9922 9923 9924
1472 512 9922 9923 9924 9925
1473 512 9923 9924 9925 9926
1474 512 9924 9925 9926 9927
1475 512 9925 9926 9927 9928
1476 512 9926 9927 9928 9929
1477 512 9927 9928 9929 9930
1478 512 9943 9944 9945 9946
1479 512 9963 9964 9965 9966
1480 512 9986 9987 9988 9989
1481 512 10008 10009 10010 10011
1482 512 10016 10017 10018 10019
1483 512 10017 10018 10019 10020
1484 512 10018 10019 10020 10021
1485 512 10019 10020 10021 10022
1486 512 10020 10021 10022 10023
1487 512 10021 10022 10023 10024
1488 512 10022 10023 10024 10025
1489 512 10404 10405 10406 10407
1490 512 10424 10425 10426 10427
1491 512 10445 10446 10447 10448
1492 512 10468 10469 10470 10471
1493 512 10476 10477 10478 10479
1494 512 10477 10478 10479 10480
1495 512 10478 10479 10480 10481
1496 512 10479 10480 10481 10482
1497 512 10480 10481 10482 10483
1498 512 10481 10482 10483 10484
1499 512 10482 10483 10484 10485
1500 512 10498 10499 10500 10501
1501 512 10518 10519 10520 10521
1502 512 10540 10541 10542 10543
1503 512 10563 10564 10565 10566
1504 512 10571 10572 10573 10574
1505 512 10572 10573 10574 10575
1506 512 10573 10574 10575 10576
1507 512 10574 10575 10576 10577
1508 512 10575 10576 10577 10578
1509 512 10576 10577 10578 10579
1510 512 10577 10578 10579 10580
1511 512 10593 10594 10595 10596
1512 512 10613 10614 10615 10616
1513 512 10636 10637 10638 10639
1514 512 10658 10659 10660 10661
1515 512 10666 10667 10668 10669
1516 512 10667 10668 10669 10670
1517 512 10668 10669 10670 10671
1518 512 10669 10670 10671 10672
1519 512 10670 10671 10672 10673
1520 512 10671 10672 10673 10674
1521 512 10672 10673 10674 10675
1522 512 11054 11055 11056 11057
1523 512 11074 11075 11076 11077
1524 512 11095 11096 11097 11098
1525 512 11118 11119 11120 11121
1526 512 11126 11127 11128 11129
1527 512 11127 11128 11129 11130
1528 512 11128 11129 11130 11131
1529 512 11129 11130 11131 11132
1530 512 11130 11131 11132 11133
1531 512 11131 11132 11133 11134
1532 512 11132 11133 11134 11135
1533 512 11148 11149 11150 11151
1534 512 11168 11169 11170 11171
1535 512 11190 11191 11192 11193
1536 512 11213 11214 11215 11216
1537 512 11221 11222 11223 11224
1538 512 11222 11223 11224 11225
1539 512 11223 11224 11225 11226
1540 512 11224 11225 11226 11227
1541 512 11225 11226 11227 11228
1542 512 11226 11227 11228 11229
1543 512 11227 11228 11229 11230
1544 512 11243 11244 11245 11246
1545 512 11263 11264 11265 11266
1546 512 11286 11287 11288 11289
1547 512 11308 11309 11310 11311
1548 512 11316 11317 11318 11319
1549 512 11317 11318 11319 11320
1550 512 11318 11319 11320 11321
1551 512 11319 11320 11321 11322
1552 512 11320 11321 11322 11323
1553 512 11321 11322 11323 11324
1554 512 11322 11323 11324 11325
1555 512 11704 11705 11706 11707
1556 512 11724 11725 11726 11727
1557 512 11745 11746 11747 11748
1558 512 11768 11769 11770 11771
1559 512 11776 11777 11778 11779
1560 512 11777 11778 11779 11780
1561 512 11778 11779 11780 11781
1562 512 11779 11780 11781 11782
1563 512 11780 11781 11782 11783
1564 512 11781 11782 11783 11784
1565 512 11782 11783 11784 11785
1566 512 11798 11799 11800 11801
1567 512 11818 11819 11820 11821
1568 512 11840 11841 11842 11843
1569 512 11863 11864 11865 11866
1570 512 11871 11872 11873 11874
1571 512 11872 11873 11874 11875
1572 512 11873 11874 11875 11876
1573 512 11874 11875 11876 11877
1574 512 11875 11876 11877 11878
1575 512 11876 11877 11878 11879
1576 512 11877 11878 11879 11880
1577 512 11893 11894 11895 11896
1578 512 11913 11914 11915 11916
1579 512 11936 11937 11938 11939
1580 512 11958 11959 11960 11961
1581 512 11966 11967 11968 11969
1582 512 11967 11968 11969 11970
1583 512 11968 11969 11970 11971
1584 512 11969 11970 11971 11972
1585 512 11970 11971 11972 11973
1586 512 11971 11972 11973 11974
1587 512 11972 11973 11974 11975
1588 512 12354 12355 12356 12357
1589 512 12374 12375 12376 12377
1590 512 12395 12396 12397 12398
1591 512 12418 12419 12420 12421
1592 512 12426 12427 12428 12429
1593 512 12427 12428 12429 12430
1594 512 12428 12429 12430 12431
1595 512 12429 12430 12431 12432
1596 512 12430 12431 12432 12433
1597 512 12431 12432 12433 12434
1598 512 12432 12433 12434 12435
1599 512 12448 12449 12450 12451
1600 512 12468 12469 12470 12471
1601 512 12490 12491 12492 12493
1602 512 12513 12514 12515 12516
1603 512 12521 12522 12523 12524
1604 512 12522 12523 12524 12525
1605 512 12523 12524 12525 12526
1606 512 12524 12525 12526 12527
1607 512 12525 12526 12527 12528
1608 512 12526 12527 12528 12529
1609 512 12527 12528 12529 12530
1610 512 12543 12544 12545 12546
1611 512 12563 12564 12565 12566
1612 512 12586 12587 12588 12589
1613 512 12608 12609 12610 12611
1614 512 12616 12617 12618 12619
1615 512 12617 12618 12619 12620
1616 512 12618 12619 12620 12621
1617 512 12619 12620 12621 12622
1618 512 12620 12621 12622 12623
1619 512 12621 12622 12623 12624
1620 512 12622 12623 12624 12625
1621 512 5 6 7 31
1622 512 20 24 25 26
1623 512 41 45 46 47
1624 512 64 68 69 70
1625 512 99 100 101 126
1626 512 114 118 119 120
1627 512 136 140 141 142
1628 512 159 163 164 165
1629 512 209 213 214 215
1630 512 232 236 237 238
1631 512 254 258 259 260
1632 512 655 656 657 681
1633 512 670 674 675 676
1634 512 691 695 696 697
1635 512 714 718 719 720
1636 512 749 750 751 776
1637 512 764 768 769 770
1638 512 786 790 791 792
1639 512 809 813 814 815
1640 512 859 863 864 865
1641 512 882 886 887 888
1642 512 904 908 909 910
1643 512 1305 1306 1307 1331
1644 512 1320 1324 1325 1326
1645 512 1341 1345 1346 1347
1646 512 1364 1368 1369 1370
1647 512 1399 1400 1401 1426
1648 512 1414 1418 1419 1420
1649 512 1436 1440 1441 1442
1650 512 1459 1463 1464 1465
1651 512 1509 1513 1514 1515
1652 512 1532 1536 1537 1538
1653 512 1554 1558 1559 1560
1654 512 1955 1956 1957 1981
1655 512 1970 1974 1975 1976
1656 512 1991 1995 1996 1997
1657 512 2014 2018 2019 2020
1658 512 2049 2050 2051 2076
1659 512 2064 2068 2069 2070
1660 512 2086 2090 2091 2092
1661 512 2109 2113 2114 2115
1662 512 2159 2163 2164 2165
1663 512 2182 2186 2187 2188
1664 512 2204 2208 2209 2210
1665 512 2605 2606 2607 2631
1666 512 2620 2624 2625 2626
1667 512 2641 2645 2646 2647
1668 512 2664 2668 2669 2670
1669 512 2699 2700 2701 2726
1670 512 2714 2718 2719 2720
1671 512 2736 2740 2741 2742
1672 512 2759 2763 2764 2765
1673 512 2809 2813 2814 2815
1674 512 2832 2836 2837 2838
1675 512 2854 2858 2859 2860
1676 512 3255 3256 3257 3281
1677 512 3270 3274 3275 3276
1678 512 3291 3295 3296 3297
1679 512 3314 3318 3319 3320
1680 512 3349 3350 3351 3376
1681 512 3364 3368 3369 3370
1682 512 3386 3390 3391 3392
1683 512 3409 3413 3414 3415
1684 512 3459 3463 3464 3465
1685 512 3482 3486 3487 3488
1686 512 3504 3508 3509 3510
1687 512 3905 3906 3907 3931
1688 512 3920 3924 3925 3926
1689 512 3941 3945 3946 3947
1690 512 3964 3968 3969 3970
1691 512 3999 4000 4001 4026
1692 512 4014 4018 4019 4020
1693 512 4036 4040 4041 4042
1694 512 4059 4063 4064 4065
1695 512 4109 4113 4114 4115
1696 512 4132 4136 4137 4138
1697 512 4154 4158 4159 4160
1698 512 4555 4556 4557 4581
1699 512 4570 4574 4575 4576
1700 512 4591 4595 4596 4597
1701 512 4614 4618 4619 4620
1702 512 4649 4650 4651 4676
1703 512 4664 4668 4669 4670
1704 512 4686 4690 4691 4692
1705 512 4709 4713 4714 4715
1706 512 4759 4763 4764 4765
1707 512 4782 4786 4787 4788
1708 512 4804 4808 4809 4810
1709 512 5205 5206 5207 5231
1710 512 5220 5224 5225 5226
1711 512 5241 5245 5246 5247
1712 512 5264 5268 5269 5270
1713 512 5299 5300 5301 5326
1714 512 5314 5318 5319 5320
1715 512 5336 5340 5341 5342
1716 512 5359 5363 5364 5365
1717 512 5409 5413 5414 5415
1718 512 5432 5436 5437 5438
1719 512 5454 5458 5459 5460
1720 512 5855 5856 5857 5881
1721 512 5870 5874 5875 5876
1722 512 5891 5895 5896 5897
1723 512 5914 5918 5919 5920
1724 512 5949 5950 5951 5976
1725 512 5964 5968 5969 5970
1726 512 5986 5990 5991 5992
1727 512 6009 6013 6014 6015
1728 512 6059 6063 6064 6065
1729 512 6082 6086 6087 6088
1730 512 6104 6108 6109 6110
1731 512 6505 6506 6507 6531
1732 512 6520 6524 6525 6526
1733 512 6541 6545 6546 6547
1734 512 6564 6568 6569 6570
1735 512 6599 6600 6601 6626
1736 512 6614 6618 6619 6620
1737 512 6636 6640 6641 6642
1738 512 6659 6663 6664 6665
1739 512 6709 6713 6714 6715
1740 512 6732 6736 6737 6738
1741 512 6754 6758 6759 6760
1742 512 7155 7156 7157 7181
1743 512 7170 7174 7175 7176
1744 512 7191 7195 7196 7197
1745 512 7214 7218 7219 7220
1746 512 7249 7250 7251 7276
1747 512 7264 7268 7269 7270
1748 512 7286 7290 7291 7292
1749 512 7309 7313 7314 7315
1750 512 7359 7363 7364 7365
1751 512 7382 7386 7387 7388
1752 512 7404 7408 7409 7410
1753 512 7805 7806 7807 7831
1754 512 7820 7824 7825 7826
1755 512 7841 7845 7846 7847
1756 512 7864 7868 7869 7870
1757 512 7899 7900 7901 7926
1758 512 7914 7918 7919 7920
1759 512 7936 7940 7941 7942
1760 512 7959 7963 7964 7965
1761 512 8009 8013 8014 8015
1762 512 8032 8036 8037 8038
1763 512 8054 8058 8059 8060
1764 512 8455 8456 8457 8481
1765 512 8470 8474 8475 8476
1766 512 8491 8495 8496 8497
1767 512 8514 8518 8519 8520
1768 512 8549 8550 8551 8576
1769 512 8564 8568 8569 8570
1770 512 8586 8590 8591 8592
1771 512 8609 8613 8614 8615
1772 512 8659 8663 8664 8665
1773 512 8682 8686 8687 8688
1774 512 8704 8708 8709 8710
1775 512 9105 9106 9107 9131
1776 512 9120 9124 9125 9126
1777 512 9141 9145 9146 9147
1778 512 9164 9168 9169 9170
1779 512 9199 9200 9201 9226
1780 512 9214 9218 9219 9220
1781 512 9236 9240 9241 9242
1782 512 9259 9263 9264 9265
1783 512 9309 9313 9314 9315
1784 512 9332 9336 9337 9338
1785 512 9354 9358 9359 9360
1786 512 9755 9756 9757 9781
1787 512 9770 9774 9775 9776
1788 512 9791 9795 9796 9797
1789 512 9814 9818 9819 9820
1790 512 9849 9850 9851 9876
1791 512 9864 9868 9869 9870
1792 512 9886 9890 9891 9892
1793 512 9909 9913 9914 9915
1794 512 9959 9963 9964 9965
1795 512 9982 9986 9987 9988
1796 512 10004 10008 10009 10010
1797 512 10405 10406 10407 10431
1798 512 10420 10424 10425 10426
1799 512 10441 10445 10446 10447
1800 512 10464 10468 10469 10470
1801 512 10499 10500 10501 10526
1802 512 10514 10518 10519 10520
1803 512 10536 10540 10541 10542
1804 512 10559 10563 10564 10565
1805 512 10609 10613 10614 10615
1806 512 10632 10636 10637 10638
1807 512 10654 10658 10659 10660
1808 512 11055 11056 11057 11081
1809 512 11070 11074 11075 11076
1810 512 11091 11095 11096 11097
1811 512 11114 11118 11119 11120
1812 512 11149 11150 11151 11176
1813 512 11164 11168 11169 11170
1814 512 11186 11190 11191 11192
1815 512 11209 11213 11214 11215
1816 512 11259 11263 11264 11265
1817 512 11282 11286 11287 11288
1818 512 11304 11308 11309 11310
1819 512 11705 11706 11707 11731
1820 512 11720 11724 11725 11726
1821 512 11741 11745 11746 11747
1822 512 11764 11768 11769 11770
1823 512 11799 11800 11801 11826
1824 512 11814 11818 11819 11820
1825 512 11836 11840 11841 11842
1826 512 11859 11863 11864 11865
1827 512 11909 11913 11914 11915
1828 512 11932 11936 11937 11938
1829 512 11954 11958 11959 11960
1830 512 12355 12356 12357 12381
1831 512 12370 12374 12375 12376
1832 512 12391 12395 12396 12397
1833 512 12414 12418 12419 12420
1834 512 12449 12450 12451 12476
1835 512 12464 12468 12469 12470
1836 512 12486 12490 12491 12492
1837 512 12509 12513 12514 12515
1838 512 12559 12563 12564 12565
1839 512 12582 12586 12587 12588
1840 512 12604 12608 12609 12610
1841 512 6 7 31 10
1842 512 21 20 24 25
1843 512 42 41 45 46
1844 512 65 64 68 69
1845 512 100 101 126 104
1846 512 115 114 118 119
1847 512 137 136 140 141
1848 512 160 159 163 164
1849 512 210 209 213 214
1850 512 233 232 236 237
1851 512 255 254 258 259
1852 512 656 657 681 660
1853 512 671 670 674 675
1854 512 692 691 695 696
1855 512 715 714 718 719
1856 512 750 751 776 754
1857 512 765 764 768 769
1858 512 787 786 790 791
1859 512 810 809 813 814
1860 512 860 859 863 864
1861 512 883 882 886 887
1862 512 905 904 908 909
1863 512 1306 1307 1331 1310
1864 512 1321 1320 1324 1325
1865 512 1342 1341 1345 1346
1866 512 1365 1364 1368 1369
1867 512 1400 1401 1426 1404
1868 512 1415 1414 1418 1419
1869 512 1437 1436 1440 1441
1870 512 1460 1459 1463 1464
1871 512 1510 1509 1513 1514
1872 512 1533 1532 1536 1537
1873 512 1555 1554 1558 1559
1874 512 1956 1957 1981 1960
1875 512 1971 1970 1974 1975
1876 512 1992 1991 1995 1996
1877 512 2015 2014 2018 2019
1878 512 2050 2051 2076 2054
1879 512 2065 2064 2068 2069
1880 512 2087 2086 2090 2091
1881 512 2110 2109 2113 2114
1882 512 2160 2159 2163 2164
1883 512 2183 2182 2186 2187
1884 512 2205 2204 2208 2209
1885 512 2606 2607 2631 2610
1886 512 2621 2620 2624 2625
1887 512 2642 2641 2645 2646
1888 512 2665 2664 2668 2669
1889 512 2700 2701 2726 2704
1890 512 2715 2714 2718 2719
1891 512 2737 2736 2740 2741
1892 512 2760 2759 2763 2764
1893 512 2810 2809 2813 2814
1894 512 2833 2832 2836 2837
1895 512 2855 2854 2858 2859
1896 512 3256 3257 3281 3260
1897 512 3271 3270 3274 3275
1898 512 3292 3291 3295 3296
1899 512 3315 3314 3318 3319
1900 512 3350 3351 3376 3354
1901 512 3365 3364 3368 3369
1902 512 3387 3386 3390 3391
1903 512 3410 3409 3413 3414
1904 512 3460 3459 3463 3464
1905 512 3483 3482 3486 3487
1906 512 3505 3504 3508 3509
1907 512 3906 3907 3931 3910
1908 512 3921 3920 3924 3925
1909 512 3942 3941 3945 3946
1910 512 3965 3964 3968 3969
1911 512 4000 4001 4026 4004
1912 512 4015 4014 4018 4019
1913 512 4037 4036 4040 4041
1914 512 4060 4059 4063 4064
1915 512 4110 4109 4113 4114
1916 512 4133 4132 4136 4137
1917 512 4155 4154 4158 4159
1918 512 4556 4557 4581 4560
1919 512 4571 4570 4574 4575
1920 512 4592 4591 4595 4596
1921 512 4615 4614 4618 4619
1922 512 4650 4651 4676 4654
1923 512 4665 4664 4668 4669
1924 512 4687 4686 4690 4691
1925 512 4710 4709 4713 4714
1926 512 4760 4759 4763 4764
1927 512 4783 4782 4786 4787
1928 512 4805 4804 4808 4809
1929 512 5206 5207 5231 5210
1930 512 5221 5220 5224 5225
1931 512 5242 5241 5245 5246
1932 512 5265 5264 5268 5269
1933 512 5300 5301 5326 5304
1934 512 5315 5314 5318 5319
1935 512 5337 5336 5340 5341
1936 512 5360 5359 5363 5364
1937 512 5410 5409 5413 5414
1938 512 5433 5432 5436 5437
1939 512 5455 5454 5458 5459
1940 512 5856 5857 5881 5860
1941 512 5871 5870 5874 5875
1942 512 5892 5891 5895 5896
1943 512 5915 5914 5918 5919
1944 512 5950 5951 5976 5954
1945 512 5965 5964 5968 5969
1946 512 5987 5986 5990 5991
1947 512 6010 6009 6013 6014
1948 512 6060 6059 6063 6064
1949 512 6083 6082 6086 6087
1950 512 6105 6104 6108 6109
1951 512 6506 6507 6531 6510
1952 512 6521 6520 6524 6525
1953 512 6542 6541 6545 6546
1954 512 6565 6564 6568 6569
1955 512 6600 6601 6626 6604
1956 512 6615 6614 6618 6619
1957 512 6637 6636 6640 6641
1958 512 6660 6659 6663 6664
1959 512 6710 6709 6713 6714
1960 512 6733 6732 6736 6737
1961 512 6755 6754 6758 6759
1962 512 7156 7157 7181 7160
1963 512 7171 7170 7174 7175
1964 512 7192 7191 7195 7196
1965 512 7215 7214 7218 7219
1966 512 7250 7251 7276 7254
1967 512 7265 7264 7268 7269
1968 512 7287 7286 7290 7291
1969 512 7310 7309 7313 7314
1970 512 7360 7359 7363 7364
1971 512 7383 7382 7386 7387
1972 512 7405 7404 7408 7409
1973 512 7806 7807 7831 7810
1974 512 7821 7820 7824 7825
1975 512 7842 7841 7845 7846
1976 512 7865 7864 7868 7869
1977 512 7900 7901 7926 7904
1978 512 7915 7914 7918 7919
1979 512 7937 7936 7940 7941
1980 512 7960 7959 7963 7964
1981 512 8010 8009 8013 8014
1982 512 8033 8032 8036 8037
1983 512 8055 8054 8058 8059
1984 512 8456 8457 8481 8460
1985 512 8471 8470 8474 8475
1986 512 8492 8491 8495 8496
1987 512 8515 8514 8518 8519
1988 512 8550 8551 8576 8554
1989 512 8565 8564 8568 8569
1990 512 8587 8586 8590 8591
1991 512 8610 8609 8613 8614
1992 512 8660 8659 8663 8664
1993 512 8683 8682 8686 8687
1994 512 8705 8704 8708 8709
1995 512 9106 9107 9131 9110
1996 512 9121 9120 9124 9125
1997 512 9142 9141 9145 9146
1998 512 9165 9164 9168 9169
1999 512 9200 9201 9226 9204
2000 512 9215 9214 9218 9219
2001 512 9237 9236 9240 9241
2002 512 9260 9259 9263 9264
2003 512 9310 9309 9313 9314
2004 512 9333 9332 9336 9337
2005 512 9355 9354 9358 9359
2006 512 9756 9757 9781 9760
2007 512 9771 9770 9774 9775
2008 512 9792 9791 9795 9796
2009 512 9815 9814 9818 9819
2010 512 9850 9851 9876 9854
2011 512 9865 9864 9868 9869
2012 512 9887 9886 9890 9891
2013 512 9910 9909 9913 9914
2014 512 9960 9959 9963 9964
2015 512 9983 9982 9986 9987
2016 512 10005 10004 10008 10009
2017 512 10406 10407 10431 10410
2018 512 10421 10420 10424 10425
2019 512 10442 10441 10445 10446
2020 512 10465 10464 10468 10469
2021 512 10500 10501 10526 10504
2022 512 10515 10514 10518 10519
2023 512 10537 10536 10540 10541
2024 512 10560 10559 10563 10564
2025 512 10610 10609 10613 10614
2026 512 10633 10632 10636 10637
2027 512 10655 10654 10658 10659
2028 512 11056 11057 11081 11060
2029 512 11071 11070 11074 11075
2030 512 11092 11091 11095 11096
2031 512 11115 11114 11118 11119
2032 512 11150 11151 11176 11154
2033 512 11165 11164 11168 11169
2034 512 11187 11186 11190 11191
2035 512 11210 11209 11213 11214
2036 512 11260 11259 11263 11264
2037 512 11283 11282 11286 11287
2038 512 11305 11304 11308 11309
2039 512 11706 11707 11731 11710
2040 512 11721 11720 11724 11725
2041 512 11742 11741 11745 11746
2042 512 11765 11764 11768 11769
2043 512 11800 11801 11826 11804
2044 512 11815 11814 11818 11819
2045 512 11837 11836 11840 11841
2046 512 11860 11859 11863 11864
2047 512 11910 11909 11913 11914
2048 512 11933 11932 11936 11937
2049 512 11955 11954 11958 11959
2050 512 12356 12357 12381 12360
2051 512 12371 12370 12374 12375
2052 512 12392 12391 12395 12396
2053 512 12415 12414 12418 12419
2054 512 12450 12451 12476 12454
2055 512 12465 12464 12468 12469
2056 512 12487 12486 12490 12491
2057 512 12510 12509 12513 12514
2058 512 12560 12559 12563 12564
2059 512 12583 12582 12586 12587
2060 512 12605 12604 12608 12609
2061 512 7 31 10 9
2062 512 22 21 20 24
2063 512 66 65 64 68
2064 512 101 126 104 103
2065 512 116 115 114 118
2066 512 138 137 136 140
2067 512 161 160 159 163
2068 512 211 210 209 213
2069 512 234 233 232 236
2070 512 256 255 254 258
2071 512 657 681 660 659
2072 512 672 671 670 674
2073 512 716 715 714 718
2074 512 751 776 754 753
2075 512 766 765 764 768
2076 512 788 787 786 790
2077 512 811 810 809 813
2078 512 861 860 859 863
2079 512 884 883 882 886
2080 512 906 905 904 908
2081 512 1307 1331 1310 1309
2082 512 1322 1321 1320 1324
2083 512 1366 1365 1364 1368
2084 512 1401 1426 1404 1403
2085 512 1416 1415 1414 1418
2086 512 1438 1437 1436 1440
2087 512 1461 1460 1459 1463
2088 512 1511 1510 1509 1513
2089 512 1534 1533 1532 1536
2090 512 1556 1555 1554 1558
2091 512 1957 1981 1960 1959
2092 512 1972 1971 1970 1974
2093 512 2016 2015 2014 2018
2094 512 2051 2076 2054 2053
2095 512 2066 2065 2064 2068
2096 512 2088 2087 2086 2090
2097 512 2111 2110 2109 2113
2098 512 2161 2160 2159 2163
2099 512 2184 2183 2182 2186
2100 512 2206 2205 2204 2208
2101 512 2607 2631 2610 2609
2102 512 2622 2621 2620 2624
2103 512 2666 2665 2664 2668
2104 512 2701 2726 2704 2703
2105 512 2716 2715 2714 2718
2106 512 2738 2737 2736 2740
2107 512 2761 2760 2759 2763
2108 512 2811 2810 2809 2813
2109 512 2834 2833 2832 2836
2110 512 2856 2855 2854 2858
2111 512 3257 3281 3260 3259
2112 512 3272 3271 3270 3274
2113 512 3316 3315 3314 3318
2114 512 3351 3376 3354 3353
2115 512 3366 3365 3364 3368
2116 512 3388 3387 3386 3390
2117 512 3411 3410 3409 3413
2118 512 3461 3460 3459 3463
2119 512 3484 3483 3482 3486
2120 512 3506 3505 3504 3508
2121 512 3907 3931 3910 3909
2122 512 3922 3921 3920 3924
2123 512 3966 3965 3964 3968
2124 512 4001 4026 4004 4003
2125 512 4016 4015 4014 4018
2126 512 4038 4037 4036 4040
2127 512 4061 4060 4059 4063
2128 512 4111 4110 4109 4113
2129 512 4134 4133 4132 4136
2130 512 4156 4155 4154 4158
2131 512 4557 4581 4560 4559
2132 512 4572 4571 4570 4574
2133 512 4616 4615 4614 4618
2134 512 4651 4676 4654 4653
2135 512 4666 4665 4664 4668
2136 512 4688 4687 4686 4690
2137 512 4711 4710 4709 4713
2138 512 4761 4760 4759 4763
2139 512 4784 4783 4782 4786
2140 512 4806 4805 4804 4808
2141 512 5207 5231 5210 5209
2142 512 5222 5221 5220 5224
2143 512 5266 5265 5264 5268
2144 512 5301 5326 5304 5303
2145 512 5316 5315 5314 5318
2146 512 5338 5337 5336 5340
2147 512 5361 5360 5359 5363
2148 512 5411 5410 5409 5413
2149 512 5434 5433 5432 5436
2150 512 5456 5455 5454 5458
2151 512 5857 5881 5860 5859
2152 512 5872 5871 5870 5874
2153 512 5916 5915 5914 5918
2154 512 5951 5976 5954 5953
2155 512 5966 5965 5964 5968
2156 512 5988 5987 5986 5990
2157 512 6011 6010 6009 6013
2158 512 6061 6060 6059 6063
2159 512 6084 6083 6082 6086
2160 512 6106 6105 6104 6108
2161 512 6507 6531 6510 6509
2162 512 6522 6521 6520 6524
2163 512 6566 6565 6564 6568
2164 512 6601 6626 6604 6603
2165 512 6616 6615 6614 6618
2166 512 6638 6637 6636 6640
2167 512 6661 6660 6659 6663
2168 512 6711 6710 6709 6713
2169 512 6734 6733 6732 6736
2170 512 6756 6755 6754 6758
2171 512 7157 7181 7160 7159
2172 512 7172 7171 7170 7174
2173 512 7216 7215 7214 7218
2174 512 7251 7276 7254 7253
2175 512 7266 7265 7264 7268
2176 512 7288 7287 7286 7290
2177 512 7311 7310 7309 7313
2178 512 7361 7360 7359 7363
2179 512 7384 7383 7382 7386
2180 512 7406 7405 7404 7408
2181 512 7807 7831 7810 7809
2182 512 7822 7821 7820 7824
2183 512 7866 7865 7864 7868
2184 512 7901 7926 7904 7903
2185 512 7916 7915 7914 7918
2186 512 7938 7937 7936 7940
2187 512 7961 7960 7959 7963
2188 512 8011 8010 8009 8013
2189 512 8034 8033 8032 8036
2190 512 8056 8055 8054 8058
2191 512 8457 8481 8460 8459
2192 512 8472 8471 8470 8474
2193 512 8516 8515 8514 8518
2194 512 8551 8576 8554 8553
2195 512 8566 8565 8564 8568
2196 512 8588 8587 8586 8590
2197 512 8611 8610 8609 8613
2198 512 8661 8660 8659 8663
2199 512 8684 8683 8682 8686
2200 512 8706 8705 8704 8708
2201 512 9107 9131 9110 9109
2202 512 9122 9121 9120 9124
2203 512 9166 9165 9164 9168
2204 512 9201 9226 9204 9203
2205 512 9216 9215 9214 9218
2206 512 9238 9237 9236 9240
2207 512 9261 9260 9259 9263
2208 512 9311 9310 9309 9313
2209 512 9334 9333 9332 9336
2210 512 9356 9355 9354 9358
2211 512 9757 9781 9760 9759
2212 512 9772 9771 9770 9774
2213 512 9816 9815 9814 9818
2214 512 9851 9876 9854 9853
2215 512 9866 9865 9864 9868
2216 512 9888 9887 9886 9890
2217 512 9911 9910 9909 9913
2218 512 9961 9960 9959 9963
2219 512 9984 9983 9982 9986
2220 512 10006 10005 10004 10008
2221 512 10407 10431 10410 10409
2222 512 10422 10421 10420 10424
2223 512 10466 10465 10464 10468
2224 512 10501 10526 10504 10503
2225 512 10516 10515 10514 10518
2226 512 10538 10537 10536 10540
2227 512 10561 10560 10559 10563
2228 512 10611 10610 10609 10613
2229 512 10634 10633 10632 10636
2230 512 10656 10655 10654 10658
2231 512 11057 11081 11060 11059
2232 512 11072 11071 11070 11074
2233 512 11116 11115 11114 11118
2234 512 11151 11176 11154 11153
2235 512 11166 11165 11164 11168
2236 512 11188 11187 11186 11190
2237 512 11211 11210 11209 11213
2238 512 11261 11260 11259 11263
2239 512 11284 11283 11282 11286
2240 512 11306 11305 11304 11308
2241 512 11707 11731 11710 11709
2242 512 11722 11721 11720 11724
2243 512 11766 11765 11764 11768
2244 512 11801 11826 11804 11803
2245 512 11816 11815 11814 11818
2246 512 11838 11837 11836 11840
2247 512 11861 11860 11859 11863
2248 512 11911 11910 11909 11913
2249 512 11934 11933 11932 11936
2250 512 11956 11955 11954 11958
2251 512 12357 12381 12360 12359
2252 512 12372 12371 12370 12374
2253 512 12416 12415 12414 12418
2254 512 12451 12476 12454 12453
2255 512 12466 12465 12464 12468
2256 512 12488 12487 12486 12490
2257 512 12511 12510 12509 12513
2258 512 12561 12560 12559 12563
2259 512 12584 12583 12582 12586
2260 512 12606 12605 12604 12608
2261 512 12 13 93 88
2262 512 106 107 188 183
2263 512 201 202 283 278
2264 512 662 663 743 738
2265 512 756 757 838 833
2266 512 851 852 933 928
2267 512 1312 1313 1393 1388
2268 512 1406 1407 1488 1483
2269 512 1501 1502 1583 1578
2270 512 1962 1963 2043 2038
2271 512 2056 2057 2138 2133
2272 512 2151 2152 2233 2228
2273 512 2612 2613 2693 2688
2274 512 2706 2707 2788 2783
2275 512 2801 2802 2883 2878
2276 512 3262 3263 3343 3338
2277 512 3356 3357 3438 3433
2278 512 3451 3452 3533 3528
2279 512 3912 3913 3993 3988
2280 512 4006 4007 4088 4083
2281 512 4101 4102 4183 4178
2282 512 4562 4563 4643 4638
2283 512 4656 4657 4738 4733
2284 512 4751 4752 4833 4828
2285 512 5212 5213 5293 5288
2286 512 5306 5307 5388 5383
2287 512 5401 5402 5483 5478
2288 512 5862 5863 5943 5938
2289 512 5956 5957 6038 6033
2290 512 6051 6052 6133 6128
2291 512 6512 6513 6593 6588
2292 512 6606 6607 6688 6683
2293 512 6701 6702 6783 6778
2294 512 7162 7163 7243 7238
2295 512 7256 7257 7338 7333
2296 512 7351 7352 7433 7428
2297 512 7812 7813 7893 7888
2298 512 7906 7907 7988 7983
2299 512 8001 8002 8083 8078
2300 512 8462 8463 8543 8538
2301 512 8556 8557 8638 8633
2302 512 8651 8652 8733 8728
2303 512 9112 9113 9193 9188
2304 512 9206 9207 9288 9283
2305 512 9301 9302 9383 9378
2306 512 9762 9763 9843 9838
2307 512 9856 9857 9938 9933
2308 512 9951 9952 10033 10028
2309 512 10412 10413 10493 10488
2310 512 10506 10507 10588 10583
2311 512 10601 10602 10683 10678
2312 512 11062 11063 11143 11138
2313 512 11156 11157 11238 11233
2314 512 11251 11252 11333 11328
2315 512 11712 11713 11793 11788
2316 512 11806 11807 11888 11883
2317 512 11901 11902 11983 11978
2318 512 12362 12363 12443 12438
2319 512 12456 12457 12538 12533
2320 512 12551 12552 12633 12628
2321 512 13 93 88 92
2322 512 107 188 183 187
2323 512 202 283 278 282
2324 512 663 743 738 742
2325 512 757 838 833 837
2326 512 852 933 928 932
2327 512 1313 1393 1388 1392
2328 512 1407 1488 1483 1487
2329 512 1502 1583 1578 1582
2330 512 1963 2043 2038 2042
2331 512 2057 2138 2133 2137
2332 512 2152 2233 2228 2232
2333 512 2613 2693 2688 2692
2334 512 2707 2788 2783 2787
2335 512 2802 2883 2878 2882
2336 512 3263 3343 3338 3342
2337 512 3357 3438 3433 3437
2338 512 3452 3533 3528 3532
2339 512 3913 3993 3988 3992
2340 512 4007 4088 4083 4087
2341 512 4102 4183 4178 4182
2342 512 4563 4643 4638 4642
2343 512 4657 4738 4733 4737
2344 512 4752 4833 4828 4832
2345 512 5213 5293 5288 5292
2346 512 5307 5388 5383 5387
2347 512 5402 5483 5478 5482
2348 512 5863 5943 5938 5942
2349 512 5957 6038 6033 6037
2350 512 6052 6133 6128 6132
2351 512 6513 6593 6588 6592
2352 512 6607 6688 6683 6687
2353 512 6702 6783 6778 6782
2354 512 7163 7243 7238 7242
2355 512 7257 7338 7333 7337
2356 512 7352 7433 7428 7432
2357 512 7813 7893 7888 7892
2358 512 7907 7988 7983 7987
2359 512 8002 8083 8078 8082
2360 512 8463 8543 8538 8542
2361 512 8557 8638 8633 8637
2362 512 8652 8733 8728 8732
2363 512 9113 9193 9188 9192
2364 512 9207 9288 9283 9287
2365 512 9302 9383 9378 9382
2366 512 9763 9843 9838 9842
2367 512 9857 9938 9933 9937
2368 512 9952 10033 10028 10032
2369 512 10413 10493 10488 10492
2370 512 10507 10588 10583 10587
2371 512 10602 10683 10678 10682
2372 512 11063 11143 11138 11142
2373 512 11157 11238 11233 11237
2374 512 11252 11333 11328 11332
2375 512 11713 11793 11788 11792
2376 512 11807 11888 11883 11887
2377 512 11902 11983 11978 11982
2378 512 12363 12443 12438 12442
2379 512 12457 12538 12533 12537
2380 512 12552 12633 12628 12632
2381 512 14 12 13 93
2382 512 93 13 12 94
2383 512 108 106 107 188
2384 512 188 107 106 189
2385 512 203 201 202 283
2386 512 283 202 201 284
2387 512 664 662 663 743
2388 512 743 663 662 744
2389 512 758 756 757 838
2390 512 838 757 756 839
2391 512 853 851 852 933
2392 512 933 852 851 934
2393 512 1314 1312 1313 1393
2394 512 1393 1313 1312 1394
2395 512 1408 1406 1407 1488
2396 512 1488 1407 1406 1489
2397 512 1503 1501 1502 1583
2398 512 1583 1502 1501 1584
2399 512 1964 1962 1963 2043
2400 512 2043 1963 1962 2044
2401 512 2058 2056 2057 2138
2402 512 2138 2057 2056 2139
2403 512 2153 2151 2152 2233
2404 512 2233 2152 2151 2234
2405 512 2614 2612 2613 2693
2406 512 2693 2613 2612 2694
2407 512 2708 2706 2707 2788
2408 512 2788 2707 2706 2789
2409 512 2803 2801 2802 2883
2410 512 2883 2802 2801 2884
2411 512 3264 3262 3263 3343
2412 512 3343 3263 3262 3344
2413 512 3358 3356 3357 3438
2414 512 3438 3357 3356 3439
2415 512 3453 3451 3452 3533
2416 512 3533 3452 3451 3534
2417 512 3914 3912 3913 3993
2418 512 3993 3913 3912 3994
2419 512 4008 4006 4007 4088
2420 512 4088 4007 4006 4089
2421 512 4103 4101 4102 4183
2422 512 4183 4102 4101 4184
2423 512 4564 4562 4563 4643
2424 512 4643 4563 4562 4644
2425 512 4658 4656 4657 4738
2426 512 4738 4657 4656 4739
2427 512 4753 4751 4752 4833
2428 512 4833 4752 4751 4834
2429 512 5214 5212 5213 5293
2430 512 5293 5213 5212 5294
2431 512 5308 5306 5307 5388
2432 512 5388 5307 5306 5389
2433 512 5403 5401 5402 5483
2434 512 5483 5402 5401 5484
2435 512 5864 5862 5863 5943
2436 512 5943 5863 5862 5944
2437 512 5958 5956 5957 6038
2438 512 6038 5957 5956 6039
2439 512 6053 6051 6052 6133
2440 512 6133 6052 6051 6134
2441 512 6514 6512 6513 6593
2442 512 6593 6513 6512 6594
2443 512 6608 6606 6607 6688
2444 512 6688 6607 6606 6689
2445 512 6703 6701 6702 6783
2446 512 6783 6702 6701 6784
2447 512 7164 7162 7163 7243
2448 512 7243 7163 7162 7244
2449 512 7258 7256 7257 7338
2450 512 7338 7257 7256 7339
2451 512 7353 7351 7352 7433
2452 512 7433 7352 7351 7434
2453 512 7814 7812 7813 7893
2454 512 7893 7813 7812 7894
2455 512 7908 7906 7907 7988
2456 512 7988 7907 7906 7989
2457 512 8003 8001 8002 8083
2458 512 8083 8002 8001 8084
2459 512 8464 8462 8463 8543
2460 512 8543 8463 8462 8544
2461 512 8558 8556 8557 8638
2462 512 8638 8557 8556 8639
2463 512 8653 8651 8652 8733
2464 512 8733 8652 8651 8734
2465 512 9114 9112 9113 9193
2466 512 9193 9113 9112 9194
2467 512 9208 9206 9207 9288
2468 512 9288 9207 9206 9289
2469 512 9303 9301 9302 9383
2470 512 9383 9302 9301 9384
2471 512 9764 9762 9763 9843
2472 512 9843 9763 9762 9844
2473 512 9858 9856 9857 9938
2474 512 9938 9857 9856 9939
2475 512 9953 9951 9952 10033
2476 512 10033 9952 9951 10034
2477 512 10414 10412 10413 10493
2478 512 10493 10413 10412 10494
2479 512 10508 10506 10507 10588
2480 512 10588 10507 10506 10589
2481 512 10603 10601 10602 10683
2482 512 10683 10602 10601 10684
2483 512 11064 11062 11063 11143
2484 512 11143 11063 11062 11144
2485 512 11158 11156 11157 11238
2486 512 11238 11157 11156 11239
2487 512 11253 11251 11252 11333
2488 512 11333 11252 11251 11334
2489 512 11714 11712 11713 11793
2490 512 11793 11713 11712 11794
2491 512 11808 11806 11807 11888
2492 512 11888 11807 11806 11889
2493 512 11903 11901 11902 11983
2494 512 11983 11902 11901 11984
2495 512 12364 12362 12363 12443
2496 512 12443 12363 12362 12444
2497 512 12458 12456 12457 12538
2498 512 12538 12457 12456 12539
2499 512 12553 12551 12552 12633
2500 512 12633 12552 12551 12634
2501 512 43 42 41 45
2502 512 693 692 691 695
2503 512 1343 1342 1341 1345
2504 512 1993 1992 1991 1995
2505 512 2643 2642 2641 2645
2506 512 3293 3292 3291 3295
2507 512 3943 3942 3941 3945
2508 512 4593 4592 4591 4595
2509 512 5243 5242 5241 5245
2510 512 5893 5892 5891 5895
2511 512 6543 6542 6541 6545
2512 512 7193 7192 7191 7195
2513 512 7843 7842 7841 7845
2514 512 8493 8492 8491 8495
2515 512 9143 9142 9141 9145
2516 512 9793 9792 9791 9795
2517 512 10443 10442 10441 10445
2518 512 11093 11092 11091 11095
2519 512 11743 11742 11741 11745
2520 512 12393 12392 12391 12395
2521 512 78 77 76 87
2522 512 173 172 171 182
2523 512 268 267 266 277
2524 512 728 727 726 737
2525 512 823 822 821 832
2526 512 918 917 916 927
2527 512 1378 1377 1376 1387
2528 512 1473 1472 1471 1482
2529 512 1568 1567 1566 1577
2530 512 2028 2027 2026 2037
2531 512 2123 2122 2121 2132
2532 512 2218 2217 2216 2227
2533 512 2678 2677 2676 2687
2534 512 2773 2772 2771 2782
2535 512 2868 2867 2866 2877
2536 512 3328 3327 3326 3337
2537 512 3423 3422 3421 3432
2538 512 3518 3517 3516 3527
2539 512 3978 3977 3976 3987
2540 512 4073 4072 4071 4082
2541 512 4168 4167 4166 4177
2542 512 4628 4627 4626 4637
2543 512 4723 4722 4721 4732
2544 512 4818 4817 4816 4827
2545 512 5278 5277 5276 5287
2546 512 5373 5372 5371 5382
2547 512 5468 5467 5466 5477
2548 512 5928 5927 5926 5937
2549 512 6023 6022 6021 6032
2550 512 6118 6117 6116 6127
2551 512 6578 6577 6576 6587
2552 512 6673 6672 6671 6682
2553 512 6768 6767 6766 6777
2554 512 7228 7227 7226 7237
2555 512 7323 7322 7321 7332
2556 512 7418 7417 7416 7427
2557 512 7878 7877 7876 7887
2558 512 7973 7972 7971 7982
2559 512 8068 8067 8066 8077
2560 512 8528 8527 8526 8537
2561 512 8623 8622 8621 8632
2562 512 8718 8717 8716 8727
2563 512 9178 9177 9176 9187
2564 512 9273 9272 9271 9282
2565 512 9368 9367 9366 9377
2566 512 9828 9827 9826 9837
2567 512 9923 9922 9921 9932
2568 512 10018 10017 10016 10027
2569 512 10478 10477 10476 10487
2570 512 10573 10572 10571 10582
2571 512 10668 10667 10666 10677
2572 512 11128 11127 11126 11137
2573 512 11223 11222 11221 11232
2574 512 11318 11317 11316 11327
2575 512 11778 11777 11776 11787
2576 512 11873 11872 11871 11882
2577 512 11968 11967 11966 11977
2578 512 12428 12427 12426 12437
2579 512 12523 12522 12521 12532
2580 512 12618 12617 12616 12627
2581 512 83 84 85 86
2582 512 178 179 180 181
2583 512 273 274 275 276
2584 512 733 734 735 736
2585 512 828 829 830 831
2586 512 923 924 925 926
2587 512 1383 1384 1385 1386
2588 512 1478 1479 1480 1481
2589 512 1573 1574 1575 1576
2590 512 2033 2034 2035 2036
2591 512 2128 2129 2130 2131
2592 512 2223 2224 2225 2226
2593 512 2683 2684 2685 2686
2594 512 2778 2779 2780 2781
2595 512 2873 2874 2875 2876
2596 512 3333 3334 3335 3336
2597 512 3428 3429 3430 3431
2598 512 3523 3524 3525 3526
2599 512 3983 3984 3985 3986
2600 512 4078 4079 4080 4081
2601 512 4173 4174 4175 4176
2602 512 4633 4634 4635 4636
2603 512 4728 4729 4730 4731
2604 512 4823 4824 4825 4826
2605 512 5283 5284 5285 5286
2606 512 5378 5379 5380 5381
2607 512 5473 5474 5475 5476
2608 512 5933 5934 5935 5936
2609 512 6028 6029 6030 6031
2610 512 6123 6124 6125 6126
2611 512 6583 6584 6585 6586
2612 512 6678 6679 6680 6681
2613 512 6773 6774 6775 6776
2614 512 7233 7234 7235 7236
2615 512 7328 7329 7330 7331
2616 512 7423 7424 7425 7426
2617 512 7883 7884 7885 7886
2618 512 7978 7979 7980 7981
2619 512 8073 8074 8075 8076
2620 512 8533 8534 8535 8536
2621 512 8628 8629 8630 8631
2622 512 8723 8724 8725 8726
2623 512 9183 9184 9185 9186
2624 512 9278 9279 9280 9281
2625 512 9373 9374 9375 9376
2626 512 9833 9834 9835 9836
2627 512 9928 9929 9930 9931
2628 512 10023 10024 10025 10026
2629 512 10483 10484 10485 10486
2630 512 10578 10579 10580 10581
2631 512 10673 10674 10675 10676
2632 512 11133 11134 11135 11136
2633 512 11228 11229 11230 11231
2634 512 11323 11324 11325 11326
2635 512 11783 11784 11785 11786
2636 512 11878 11879 11880 11881
2637 512 11973 11974 11975 11976
2638 512 12433 12434 12435 12436
2639 512 12528 12529 12530 12531
2640 512 12623 12624 12625 12626
2641 512 194 195 196 221
2642 512 844 845 846 871
2643 512 1494 1495 1496 1521
2644 512 2144 2145 2146 2171
2645 512 2794 2795 2796 2821
2646 512 3444 3445 3446 3471
2647 512 4094 4095 4096 4121
2648 512 4744 4745 4746 4771
2649 512 5394 5395 5396 5421
2650 512 6044 6045 6046 6071
2651 512 6694 6695 6696 6721
2652 512 7344 7345 7346 7371
2653 512 7994 7995 7996 8021
2654 512 8644 8645 8646 8671
2655 512 9294 9295 9296 9321
2656 512 9944 9945 9946 9971
2657 512 10594 10595 10596 10621
2658 512 11244 11245 11246 11271
2659 512 11894 11895 11896 11921
2660 512 12544 12545 12546 12571
2661 512 195 196 221 199
2662 512 845 846 871 849
2663 512 1495 1496 1521 1499
2664 512 2145 2146 2171 2149
2665 512 2795 2796 2821 2799
2666 512 3445 3446 3471 3449
2667 512 4095 4096 4121 4099
2668 512 4745 4746 4771 4749
2669 512 5395 5396 5421 5399
2670 512 6045 6046 6071 6049
2671 512 6695 6696 6721 6699
2672 512 7345 7346 7371 7349
2673 512 7995 7996 8021 7999
2674 512 8645 8646 8671 8649
2675 512 9295 9296 9321 9299
2676 512 9945 9946 9971 9949
2677 512 10595 10596 10621 10599
2678 512 11245 11246 11271 11249
2679 512 11895 11896 11921 11899
2680 512 12545 12546 12571 12549
2681 512 196 221 199 198
2682 512 846 871 849 848
2683 512 1496 1521 1499 1498
2684 512 2146 2171 2149 2148
2685 512 2796 2821 2799 2798
2686 512 3446 3471 3449 3448
2687 512 4096 4121 4099 4098
2688 512 4746 4771 4749 4748
2689 512 5396 5421 5399 5398
2690 512 6046 6071 6049 6048
2691 512 6696 6721 6699 6698
2692 512 7346 7371 7349 7348
2693 512 7996 8021 7999 7998
2694 512 8646 8671 8649 8648
2695 512 9296 9321 9299 9298
2696 512 9946 9971 9949 9948
2697 512 10596 10621 10599 10598
2698 512 11246 11271 11249 11248
2699 512 11896 11921 11899 11898
2700 512 12546 12571 12549 12548
2701 525 16 17 18 19
2702 525 37 38 39 40
2703 525 59 60 61 62
2704 525 110 111 112 113
2705 525 132 133 134 135
2706 525 154 155 156 157
2707 525 205 206 207 208
2708 525 228 229 230 231
2709 525 249 250 251 252
2710 525 666 667 668 669
2711 525 687 688 689 690
2712 525 709 710 711 712
2713 525 760 761 762 763
2714 525 782 783 784 785
2715 525 804 805 806 807
2716 525 855 856 857 858
2717 525 878 879 880 881
2718 525 899 900 901 902
2719 525 1316 1317 1318 1319
2720 525 1337 1338 1339 1340
2721 525 1359 1360 1361 1362
2722 525 1410 1411 1412 1413
2723 525 1432 1433 1434 1435
2724 525 1454 1455 1456 1457
2725 525 1505 1506 1507 1508
2726 525 1528 1529 1530 1531
2727 525 1549 1550 1551 1552
2728 525 1966 1967 1968 1969
2729 525 1987 1988 1989 1990
2730 525 2009 2010 2011 2012
2731 525 2060 2061 2062 2063
2732 525 2082 2083 2084 2085
2733 525 2104 2105 2106 2107
2734 525 2155 2156 2157 2158
2735 525 2178 2179 2180 2181
2736 525 2199 2200 2201 2202
2737 525 2616 2617 2618 2619
2738 525 2637 2638 2639 2640
2739 525 2659 2660 2661 2662
2740 525 2710 2711 2712 2713
2741 525 2732 2733 2734 2735
2742 525 2754 2755 2756 2757
2743 525 2805 2806 2807 2808
2744 525 2828 2829 2830 2831
2745 525 2849 2850 2851 2852
2746 525 3266 3267 3268 3269
2747 525 3287 3288 3289 3290
2748 525 3309 3310 3311 3312
2749 525 3360 3361 3362 3363
2750 525 3382 3383 3384 3385
2751 525 3404 3405 3406 3407
2752 525 3455 3456 3457 3458
2753 525 3478 3479 3480 3481
2754 525 3499 3500 3501 3502
2755 525 3916 3917 3918 3919
2756 525 3937 3938 3939 3940
2757 525 3959 3960 3961 3962
2758 525 4010 4011 4012 4013
2759 525 4032 4033 4034 4035
2760 525 4054 4055 4056 4057
2761 525 4105 4106 4107 4108
2762 525 4128 4129 4130 4131
2763 525 4149 4150 4151 4152
2764 525 4566 4567 4568 4569
2765 525 4587 4588 4589 4590
2766 525 4609 4610 4611 4612
2767 525 4660 4661 4662 4663
2768 525 4682 4683 4684 4685
2769 525 4704 4705 4706 4707
2770 525 4755 4756 4757 4758
2771 525 4778 4779 4780 4781
2772 525 4799 4800 4801 4802
2773 525 5216 5217 5218 5219
2774 525 5237 5238 5239 5240
2775 525 5259 5260 5261 5262
2776 525 5310 5311 5312 5313
2777 525 5332 5333 5334 5335
2778 525 5354 5355 5356 5357
2779 525 5405 5406 5407 5408
2780 525 5428 5429 5430 5431
2781 525 5449 5450 5451 5452
2782 525 5866 5867 5868 5869
2783 525 5887 5888 5889 5890
2784 525 5909 5910 5911 5912
2785 525 5960 5961 5962 5963
2786 525 5982 5983 5984 5985
2787 525 6004 6005 6006 6007
2788 525 6055 6056 6057 6058
2789 525 6078 6079 6080 6081
2790 525 6099 6100 6101 6102
2791 525 6516 6517 6518 6519
2792 525 6537 6538 6539 6540
2793 525 6559 6560 6561 6562
2794 525 6610 6611 6612 6613
2795 525 6632 6633 6634 6635
2796 525 6654 6655 6656 6657
2797 525 6705 6706 6707 6708
2798 525 6728 6729 6730 6731
2799 525 6749 6750 6751 6752
2800 525 7166 7167 7168 7169
2801 525 7187 7188 7189 7190
2802 525 7209 7210 7211 7212
2803 525 7260 7261 7262 7263
2804 525 7282 7283 7284 7285
2805 525 7304 7305 7306 7307
2806 525 7355 7356 7357 7358
2807 525 7378 7379 7380 7381
2808 525 7399 7400 7401 7402
2809 525 7816 7817 7818 7819
2810 525 7837 7838 7839 7840
2811 525 7859 7860 7861 7862
2812 525 7910 7911 7912 7913
2813 525 7932 7933 7934 7935
2814 525 7954 7955 7956 7957
2815 525 8005 8006 8007 8008
2816 525 8028 8029 8030 8031
2817 525 8049 8050 8051 8052
2818 525 8466 8467 8468 8469
2819 525 8487 8488 8489 8490
2820 525 8509 8510 8511 8512
2821 525 8560 8561 8562 8563
2822 525 8582 8583 8584 8585
2823 525 8604 8605 8606 8607
2824 525 8655 8656 8657 8658
2825 525 8678 8679 8680 8681
2826 525 8699 8700 8701 8702
2827 525 9116 9117 9118 9119
2828 525 9137 9138 9139 9140
2829 525 9159 9160 9161 9162
2830 525 9210 9211 9212 9213
2831 525 9232 9233 9234 9235
2832 525 9254 9255 9256 9257
2833 525 9305 9306 9307 9308
2834 525 9328 9329 9330 9331
2835 525 9349 9350 9351 9352
2836 525 9766 9767 9768 9769
2837 525 9787 9788 9789 9790
2838 525 9809 9810 9811 9812
2839 525 9860 9861 9862 9863
2840 525 9882 9883 9884 9885
2841 525 9904 9905 9906 9907
2842 525 9955 9956 9957 9958
2843 525 9978 9979 9980 9981
2844 525 9999 10000 10001 10002
2845 525 10416 10417 10418 10419
2846 525 10437 10438 10439 10440
2847 525 10459 10460 10461 10462
2848 525 10510 10511 10512 10513
2849 525 10532 10533 10534 10535
2850 525 10554 10555 10556 10557
2851 525 10605 10606 10607 10608
2852 525 10628 10629 10630 10631
2853 525 10649 10650 10651 10652
2854 525 11066 11067 11068 11069
2855 525 11087 11088 11089 11090
2856 525 11109 11110 11111 11112
2857 525 11160 11161 11162 11163
2858 525 11182 11183 11184 11185
2859 525 11204 11205 11206 11207
2860 525 11255 11256 11257 11258
2861 525 11278 11279 11280 11281
2862 525 11299 11300 11301 11302
2863 525 11716 11717 11718 11719
2864 525 11737 11738 11739 11740
2865 525 11759 11760 11761 11762
2866 525 11810 11811 11812 11813
2867 525 11832 11833 11834 11835
2868 525 11854 11855 11856 11857
2869 525 11905 11906 11907 11908
2870 525 11928 11929 11930 11931
2871 525 11949 11950 11951 11952
2872 525 12366 12367 12368 12369
2873 525 12387 12388 12389 12390
2874 525 12409 12410 12411 12412
2875 525 12460 12461 12462 12463
2876 525 12482 12483 12484 12485
2877 525 12504 12505 12506 12507
2878 525 12555 12556 12557 12558
2879 525 12578 12579 12580 12581
2880 525 12599 12600 12601 12602
2881 525 84 85 86 90
2882 525 179 180 181 185
2883 525 274 275 276 280
2884 525 734 735 736 740
2885 525 829 830 831 835
2886 525 924 925 926 930
2887 525 1384 1385 1386 1390
2888 525 1479 1480 1481 1485
2889 525 1574 1575 1576 1580
2890 525 2034 2035 2036 2040
2891 525 2129 2130 2131 2135
2892 525 2224 2225 2226 2230
2893 525 2684 2685 2686 2690
2894 525 2779 2780 2781 2785
2895 525 2874 2875 2876 2880
2896 525 3334 3335 3336 3340
2897 525 3429 3430 3431 3435
2898 525 3524 3525 3526 3530
2899 525 3984 3985 3986 3990
2900 525 4079 4080 4081 4085
2901 525 4174 4175 4176 4180
2902 525 4634 4635 4636 4640
2903 525 4729 4730 4731 4735
2904 525 4824 4825 4826 4830
2905 525 5284 5285 5286 5290
2906 525 5379 5380 5381 5385
2907 525 5474 5475 5476 5480
2908 525 5934 5935 5936 5940
2909 525 6029 6030 6031 6035
2910 525 6124 6125 6126 6130
2911 525 6584 6585 6586 6590
2912 525 6679 6680 6681 6685
2913 525 6774 6775 6776 6780
2914 525 7234 7235 7236 7240
2915 525 7329 7330 7331 7335
2916 525 7424 7425 7426 7430
2917 525 7884 7885 7886 7890
2918 525 7979 7980 7981 7985
2919 525 8074 8075 8076 8080
2920 525 8534 8535 8536 8540
2921 525 8629 8630 8631 8635
2922 525 8724 8725 8726 8730
2923 525 9184 9185 9186 9190
2924 525 9279 9280 9281 9285
2925 525 9374 9375 9376 9380
2926 525 9834 9835 9836 9840
2927 525 9929 9930 9931 9935
2928 525 10024 10025 10026 10030
2929 525 10484 10485 10486 10490
2930 525 10579 10580 10581 10585
2931 525 10674 10675 10676 10680
2932 525 11134 11135 11136 11140
2933 525 11229 11230 11231 11235
2934 525 11324 11325 11326 11330
2935 525 11784 11785 11786 11790
2936 525 11879 11880 11881 11885
2937 525 11974 11975 11976 11980
2938 525 12434 12435 12436 12440
2939 525 12529 12530 12531 12535
2940 525 12624 12625 12626 12630
2941 529 6 7 31 147
2942 529 25 24 20 75
2943 529 46 45 41 53
2944 529 63 64 68 69
2945 529 100 101 126 125
2946 529 119 118 114 170
2947 529 141 140 136 148
2948 529 158 159 163 164
2949 529 214 213 209 265
2950 529 237 236 232 243
2951 529 253 254 258 259
2952 529 656 657 681 797
2953 529 675 674 670 725
2954 529 696 695 691 703
2955 529 713 714 718 719
2956 529 750 751 776 775
2957 529 769 768 764 820
2958 529 791 790 786 798
2959 529 808 809 813 814
2960 529 864 863 859 915
2961 529 887 886 882 893
2962 529 903 904 908 909
2963 529 1306 1307 1331 1447
2964 529 1325 1324 1320 1375
2965 529 1346 1345 1341 1353
2966 529 1363 1364 1368 1369
2967 529 1400 1401 1426 1425
2968 529 1419 1418 1414 1470
2969 529 1441 1440 1436 1448
2970 529 1458 1459 1463 1464
2971 529 1514 1513 1509 1565
2972 529 1537 1536 1532 1543
2973 529 1553 1554 1558 1559
2974 529 1956 1957 1981 2097
2975 529 1975 1974 1970 2025
2976 529 1996 1995 1991 2003
2977 529 2013 2014 2018 2019
2978 529 2050 2051 2076 2075
2979 529 2069 2068 2064 2120
2980 529 2091 2090 2086 2098
2981 529 2108 2109 2113 2114
2982 529 2164 2163 2159 2215
2983 529 2187 2186 2182 2193
2984 529 2203 2204 2208 2209
2985 529 2606 2607 2631 2747
2986 529 2625 2624 2620 2675
2987 529 2646 2645 2641 2653
2988 529 2663 2664 2668 2669
2989 529 2700 2701 2726 2725
2990 529 2719 2718 2714 2770
2991 529 2741 2740 2736 2748
2992 529 2758 2759 2763 2764
2993 529 2814 2813 2809 2865
2994 529 2837 2836 2832 2843
2995 529 2853 2854 2858 2859
2996 529 3256 3257 3281 3397
2997 529 3275 3274 3270 3325
2998 529 3296 3295 3291 3303
2999 529 3313 3314 3318 3319
3000 529 3350 3351 3376 3375
3001 529 3369 3368 3364 3420
3002 529 3391 3390 3386 3398
3003 529 3408 3409 3413 3414
3004 529 3464 3463 3459 3515
3005 529 3487 3486 3482 3493
3006 529 3503 3504 3508 3509
3007 529 3906 3907 3931 4047
3008 529 3925 3924 3920 3975
3009 529 3946 3945 3941 3953
3010 529 3963 3964 3968 3969
3011 529 4000 4001 4026 4025
3012 529 4019 4018 4014 4070
3013 529 4041 4040 4036 4048
3014 529 4058 4059 4063 4064
3015 529 4114 4113 4109 4165
3016 529 4137 4136 4132 4143
3017 529 4153 4154 4158 4159
3018 529 4556 4557 4581 4697
3019 529 4575 4574 4570 4625
3020 529 4596 4595 4591 4603
3021 529 4613 4614 4618 4619
3022 529 4650 4651 4676 4675
3023 529 4669 4668 4664 4720
3024 529 4691 4690 4686 4698
3025 529 4708 4709 4713 4714
3026 529 4764 4763 4759 4815
3027 529 4787 4786 4782 4793
3028 529 4803 4804 4808 4809
3029 529 5206 5207 5231 5347
3030 529 5225 5224 5220 5275
3031 529 5246 5245 5241 5253
3032 529 5263 5264 5268 5269
3033 529 5300 5301 5326 5325
3034 529 5319 5318 5314 5370
3035 529 5341 5340 5336 5348
3036 529 5358 5359 5363 5364
3037 529 5414 5413 5409 5465
3038 529 5437 5436 5432 5443
3039 529 5453 5454 5458 5459
3040 529 5856 5857 5881 5997
3041 529 5875 5874 5870 5925
3042 529 5896 5895 5891 5903
3043 529 5913 5914 5918 5919
3044 529 5950 5951 5976 5975
3045 529 5969 5968 5964 6020
3046 529 5991 5990 5986 5998
3047 529 6008 6009 6013 6014
3048 529 6064 6063 6059 6115
3049 529 6087 6086 6082 6093
3050 529 6103 6104 6108 6109
3051 529 6506 6507 6531 6647
3052 529 6525 6524 6520 6575
3053 529 6546 6545 6541 6553
3054 529 6563 6564 6568 6569
3055 529 6600 6601 6626 6625
3056 529 6619 6618 6614 6670
3057 529 6641 6640 6636 6648
3058 529 6658 6659 6663 6664
3059 529 6714 6713 6709 6765
3060 529 6737 6736 6732 6743
3061 529 6753 6754 6758 6759
3062 529 7156 7157 7181 7297
3063 529 7175 7174 7170 7225
3064 529 7196 7195 7191 7203
3065 529 7213 7214 7218 7219
3066 529 7250 7251 7276 7275
3067 529 7269 7268 7264 7320
3068 529 7291 7290 7286 7298
3069 529 7308 7309 7313 7314
3070 529 7364 7363 7359 7415
3071 529 7387 7386 7382 7393
3072 529 7403 7404 7408 7409
3073 529 7806 7807 7831 7947
3074 529 7825 7824 7820 7875
3075 529 7846 7845 7841 7853
3076 529 7863 7864 7868 7869
3077 529 7900 7901 7926 7925
3078 529 7919 7918 7914 7970
3079 529 7941 7940 7936 7948
3080 529 7958 7959 7963 7964
3081 529 8014 8013 8009 8065
3082 529 8037 8036 8032 8043
3083 529 8053 8054 8058 8059
3084 529 8456 8457 8481 8597
3085 529 8475 8474 8470 8525
3086 529 8496 8495 8491 8503
3087 529 8513 8514 8518 8519
3088 529 8550 8551 8576 8575
3089 529 8569 8568 8564 8620
3090 529 8591 8590 8586 8598
3091 529 8608 8609 8613 8614
3092 529 8664 8663 8659 8715
3093 529 8687 8686 8682 8693
3094 529 8703 8704 8708 8709
3095 529 9106 9107 9131 9247
3096 529 9125 9124 9120 9175
3097 529 9146 9145 9141 9153
3098 529 9163 9164 9168 9169
3099 529 9200 9201 9226 9225
3100 529 9219 9218 9214 9270
3101 529 9241 9240 9236 9248
3102 529 9258 9259 9263 9264
3103 529 9314 9313 9309 9365
3104 529 9337 9336 9332 9343
3105 529 9353 9354 9358 9359
3106 529 9756 9757 9781 9897
3107 529 9775 9774 9770 9825
3108 529 9796 9795 9791 9803
3109 529 9813 9814 9818 9819
3110 529 9850 9851 9876 9875
3111 529 9869 9868 9864 9920
3112 529 9891 9890 9886 9898
3113 529 9908 9909 9913 9914
3114 529 9964 9963 9959 10015
3115 529 9987 9986 9982 9993
3116 529 10003 10004 10008 10009
3117 529 10406 10407 10431 10547
3118 529 10425 10424 10420 10475
3119 529 10446 10445 10441 10453
3120 529 10463 10464 10468 10469
3121 529 10500 10501 10526 10525
3122 529 10519 10518 10514 10570
3123 529 10541 10540 10536 10548
3124 529 10558 10559 10563 10564
3125 529 10614 10613 10609 10665
3126 529 10637 10636 10632 10643
3127 529 10653 10654 10658 10659
3128 529 11056 11057 11081 11197
3129 529 11075 11074 11070 11125
3130 529 11096 11095 11091 11103
3131 529 11113 11114 11118 11119
3132 529 11150 11151 11176 11175
3133 529 11169 11168 11164 11220
3134 529 11191 11190 11186 11198
3135 529 11208 11209 11213 11214
3136 529 11264 11263 11259 11315
3137 529 11287 11286 11282 11293
3138 529 11303 11304 11308 11309
3139 529 11706 11707 11731 11847
3140 529 11725 11724 11720 11775
3141 529 11746 11745 11741 11753
3142 529 11763 11764 11768 11769
3143 529 11800 11801 11826 11825
3144 529 11819 11818 11814 11870
3145 529 11841 11840 11836 11848
3146 529 11858 11859 11863 11864
3147 529 11914 11913 11909 11965
3148 529 11937 11936 11932 11943
3149 529 11953 11954 11958 11959
3150 529 12356 12357 12381 12497
3151 529 12375 12374 12370 12425
3152 529 12396 12395 12391 12403
3153 529 12413 12414 12418 12419
3154 529 12450 12451 12476 12475
3155 529 12469 12468 12464 12520
3156 529 12491 12490 12486 12498
3157 529 12508 12509 12513 12514
3158 529 12564 12563 12559 12615
3159 529 12587 12586 12582 12593
3160 529 12603 12604 12608 12609
3161 529 9 10 31 147
3162 529 22 21 20 75
3163 529 63 64 65 66
3164 529 103 104 126 125
3165 529 116 115 114 170
3166 529 138 137 136 148
3167 529 158 159 160 161
3168 529 211 210 209 265
3169 529 234 233 232 243
3170 529 253 254 255 256
3171 529 659 660 681 797
3172 529 672 671 670 725
3173 529 713 714 715 716
3174 529 753 754 776 775
3175 529 766 765 764 820
3176 529 788 787 786 798
3177 529 808 809 810 811
3178 529 861 860 859 915
3179 529 884 883 882 893
3180 529 903 904 905 906
3181 529 1309 1310 1331 1447
3182 529 1322 1321 1320 1375
3183 529 1363 1364 1365 1366
3184 529 1403 1404 1426 1425
3185 529 1416 1415 1414 1470
3186 529 1438 1437 1436 1448
3187 529 1458 1459 1460 1461
3188 529 1511 1510 1509 1565
3189 529 1534 1533 1532 1543
3190 529 1553 1554 1555 1556
3191 529 1959 1960 1981 2097
3192 529 1972 1971 1970 2025
3193 529 2013 2014 2015 2016
3194 529 2053 2054 2076 2075
3195 529 2066 2065 2064 2120
3196 529 2088 2087 2086 2098
3197 529 2108 2109 2110 2111
3198 529 2161 2160 2159 2215
3199 529 2184 2183 2182 2193
3200 529 2203 2204 2205 2206
3201 529 2609 2610 2631 2747
3202 529 2622 2621 2620 2675
3203 529 2663 2664 2665 2666
3204 529 2703 2704 2726 2725
3205 529 2716 2715 2714 2770
3206 529 2738 2737 2736 2748
3207 529 2758 2759 2760 2761
3208 529 2811 2810 2809 2865
3209 529 2834 2833 2832 2843
3210 529 2853 2854 2855 2856
3211 529 3259 3260 3281 3397
3212 529 3272 3271 3270 3325
3213 529 3313 3314 3315 3316
3214 529 3353 3354 3376 3375
3215 529 3366 3365 3364 3420
3216 529 3388 3387 3386 3398
3217 529 3408 3409 3410 3411
3218 529 3461 3460 3459 3515
3219 529 3484 3483 3482 3493
3220 529 3503 3504 3505 3506
3221 529 3909 3910 3931 4047
3222 529 3922 3921 3920 3975
3223 529 3963 3964 3965 3966
3224 529 4003 4004 4026 4025
3225 529 4016 4015 4014 4070
3226 529 4038 4037 4036 4048
3227 529 4058 4059 4060 4061
3228 529 4111 4110 4109 4165
3229 529 4134 4133 4132 4143
3230 529 4153 4154 4155 4156
3231 529 4559 4560 4581 4697
3232 529 4572 4571 4570 4625
3233 529 4613 4614 4615 4616
3234 529 4653 4654 4676 4675
3235 529 4666 4665 4664 4720
3236 529 4688 4687 4686 4698
3237 529 4708 4709 4710 4711
3238 529 4761 4760 4759 4815
3239 529 4784 4783 4782 4793
3240 529 4803 4804 4805 4806
3241 529 5209 5210 5231 5347
3242 529 5222 5221 5220 5275
3243 529 5263 5264 5265 5266
3244 529 5303 5304 5326 5325
3245 529 5316 5315 5314 5370
3246 529 5338 5337 5336 5348
3247 529 5358 5359 5360 5361
3248 529 5411 5410 5409 5465
3249 529 5434 5433 5432 5443
3250 529 5453 5454 5455 5456
3251 529 5859 5860 5881 5997
3252 529 5872 5871 5870 5925
3253 529 5913 5914 5915 5916
3254 529 5953 5954 5976 5975
3255 529 5966 5965 5964 6020
3256 529 5988 5987 5986 5998
3257 529 6008 6009 6010 6011
3258 529 6061 6060 6059 6115
3259 529 6084 6083 6082 6093
3260 529 6103 6104 6105 6106
3261 529 6509 6510 6531 6647
3262 529 6522 6521 6520 6575
3263 529 6563 6564 6565 6566
3264 529 6603 6604 6626 6625
3265 529 6616 6615 6614 6670
3266 529 6638 6637 6636 6648
3267 529 6658 6659 6660 6661
3268 529 6711 6710 6709 6765
3269 529 6734 6733 6732 6743
3270 529 6753 6754 6755 6756
3271 529 7159 7160 7181 7297
3272 529 7172 7171 7170 7225
3273 529 7213 7214 7215 7216
3274 529 7253 7254 7276 7275
3275 529 7266 7265 7264 7320
3276 529 7288 7287 7286 7298
3277 529 7308 7309 7310 7311
3278 529 7361 7360 7359 7415
3279 529 7384 7383 7382 7393
3280 529 7403 7404 7405 7406
3281 529 7809 7810 7831 7947
3282 529 7822 7821 7820 7875
3283 529 7863 7864 7865 7866
3284 529 7903 7904 7926 7925
3285 529 7916 7915 7914 7970
3286 529 7938 7937 7936 7948
3287 529 7958 7959 7960 7961
3288 529 8011 8010 8009 8065
3289 529 8034 8033 8032 8043
3290 529 8053 8054 8055 8056
3291 529 8459 8460 8481 8597
3292 529 8472 8471 8470 8525
3293 529 8513 8514 8515 8516
3294 529 8553 8554 8576 8575
3295 529 8566 8565 8564 8620
3296 529 8588 8587 8586 8598
3297 529 8608 8609 8610 8611
3298 529 8661 8660 8659 8715
3299 529 8684 8683 8682 8693
3300 529 8703 8704 8705 8706
3301 529 9109 9110 9131 9247
3302 529 9122 9121 9120 9175
3303 529 9163 9164 9165 9166
3304 529 9203 9204 9226 9225
3305 529 9216 9215 9214 9270
3306 529 9238 9237 9236 9248
3307 529 9258 9259 9260 9261
3308 529 9311 9310 9309 9365
3309 529 9334 9333 9332 9343
3310 529 9353 9354 9355 9356
3311 529 9759 9760 9781 9897
3312 529 9772 9771 9770 9825
3313 529 9813 9814 9815 9816
3314 529 9853 9854 9876 9875
3315 529 9866 9865 9864 9920
3316 529 9888 9887 9886 9898
3317 529 9908 9909 9910 9911
3318 529 9961 9960 9959 10015
3319 529 9984 9983 9982 9993
3320 529 10003 10004 10005 10006
3321 529 10409 10410 10431 10547
3322 529 10422 10421 10420 10475
3323 529 10463 10464 10465 10466
3324 529 10503 10504 10526 10525
3325 529 10516 10515 10514 10570
3326 529 10538 10537 10536 10548
3327 529 10558 10559 10560 10561
3328 529 10611 10610 10609 10665
3329 529 10634 10633 10632 10643
3330 529 10653 10654 10655 10656
3331 529 11059 11060 11081 11197
3332 529 11072 11071 11070 11125
3333 529 11113 11114 11115 11116
3334 529 11153 11154 11176 11175
3335 529 11166 11165 11164 11220
3336 529 11188 11187 11186 11198
3337 529 11208 11209 11210 11211
3338 529 11261 11260 11259 11315
3339 529 11284 11283 11282 11293
3340 529 11303 11304 11305 11306
3341 529 11709 11710 11731 11847
3342 529 11722 11721 11720 11775
3343 529 11763 11764 11765 11766
3344 529 11803 11804 11826 11825
3345 529 11816 11815 11814 11870
3346 529 11838 11837 11836 11848
3347 529 11858 11859 11860 11861
3348 529 11911 11910 11909 11965
3349 529 11934 11933 11932 11943
3350 529 11953 11954 11955 11956
3351 529 12359 12360 12381 12497
3352 529 12372 12371 12370 12425
3353 529 12413 12414 12415 12416
3354 529 12453 12454 12476 12475
3355 529 12466 12465 12464 12520
3356 529 12488 12487 12486 12498
3357 529 12508 12509 12510 12511
3358 529 12561 12560 12559 12615
3359 529 12584 12583 12582 12593
3360 529 12603 12604 12605 12606
3361 529 20 21 22 23
3362 529 8 9 10 31
3363 529 64 65 66 67
3364 529 114 115 116 117
3365 529 102 103 104 126
3366 529 136 137 138 139
3367 529 159 160 161 162
3368 529 209 210 211 212
3369 529 232 233 234 235
3370 529 254 255 256 257
3371 529 670 671 672 673
3372 529 658 659 660 681
3373 529 714 715 716 717
3374 529 764 765 766 767
3375 529 752 753 754 776
3376 529 786 787 788 789
3377 529 809 810 811 812
3378 529 859 860 861 862
3379 529 882 883 884 885
3380 529 904 905 906 907
3381 529 1320 1321 1322 1323
3382 529 1308 1309 1310 1331
3383 529 1364 1365 1366 1367
3384 529 1414 1415 1416 1417
3385 529 1402 1403 1404 1426
3386 529 1436 1437 1438 1439
3387 529 1459 1460 1461 1462
3388 529 1509 1510 1511 1512
3389 529 1532 1533 1534 1535
3390 529 1554 1555 1556 1557
3391 529 1970 1971 1972 1973
3392 529 1958 1959 1960 1981
3393 529 2014 2015 2016 2017
3394 529 2064 2065 2066 2067
3395 529 2052 2053 2054 2076
3396 529 2086 2087 2088 2089
3397 529 2109 2110 2111 2112
3398 529 2159 2160 2161 2162
3399 529 2182 2183 2184 2185
3400 529 2204 2205 2206 2207
3401 529 2620 2621 2622 2623
3402 529 2608 2609 2610 2631
3403 529 2664 2665 2666 2667
3404 529 2714 2715 2716 2717
3405 529 2702 2703 2704 2726
3406 529 2736 2737 2738 2739
3407 529 2759 2760 2761 2762
3408 529 2809 2810 2811 2812
3409 529 2832 2833 2834 2835
3410 529 2854 2855 2856 2857
3411 529 3270 3271 3272 3273
3412 529 3258 3259 3260 3281
3413 529 3314 3315 3316 3317
3414 529 3364 3365 3366 3367
3415 529 3352 3353 3354 3376
3416 529 3386 3387 3388 3389
3417 529 3409 3410 3411 3412
3418 529 3459 3460 3461 3462
3419 529 3482 3483 3484 3485
3420 529 3504 3505 3506 3507
3421 529 3920 3921 3922 3923
3422 529 3908 3909 3910 3931
3423 529 3964 3965 3966 3967
3424 529 4014 4015 4016 4017
3425 529 4002 4003 4004 4026
3426 529 4036 4037 4038 4039
3427 529 4059 4060 4061 4062
3428 529 4109 4110 4111 4112
3429 529 4132 4133 4134 4135
3430 529 4154 4155 4156 4157
3431 529 4570 4571 4572 4573
3432 529 4558 4559 4560 4581
3433 529 4614 4615 4616 4617
3434 529 4664 4665 4666 4667
3435 529 4652 4653 4654 4676
3436 529 4686 4687 4688 4689
3437 529 4709 4710 4711 4712
3438 529 4759 4760 4761 4762
3439 529 4782 4783 4784 4785
3440 529 4804 4805 4806 4807
3441 529 5220 5221 5222 5223
3442 529 5208 5209 5210 5231
3443 529 5264 5265 5266 5267
3444 529 5314 5315 5316 5317
3445 529 5302 5303 5304 5326
3446 529 5336 5337 5338 5339
3447 529 5359 5360 5361 5362
3448 529 5409 5410 5411 5412
3449 529 5432 5433 5434 5435
3450 529 5454 5455 5456 5457
3451 529 5870 5871 5872 5873
3452 529 5858 5859 5860 5881
3453 529 5914 5915 5916 5917
3454 529 5964 5965 5966 5967
3455 529 5952 5953 5954 5976
3456 529 5986 5987 5988 5989
3457 529 6009 6010 6011 6012
3458 529 6059 6060 6061 6062
3459 529 6082 6083 6084 6085
3460 529 6104 6105 6106 6107
3461 529 6520 6521 6522 6523
3462 529 6508 6509 6510 6531
3463 529 6564 6565 6566 6567
3464 529 6614 6615 6616 6617
3465 529 6602 6603 6604 6626
3466 529 6636 6637 6638 6639
3467 529 6659 6660 6661 6662
3468 529 6709 6710 6711 6712
3469 529 6732 6733 6734 6735
3470 529 6754 6755 6756 6757
3471 529 7170 7171 7172 7173
3472 529 7158 7159 7160 7181
3473 529 7214 7215 7216 7217
3474 529 7264 7265 7266 7267
3475 529 7252 7253 7254 7276
3476 529 7286 7287 7288 7289
3477 529 7309 7310 7311 7312
3478 529 7359 7360 7361 7362
3479 529 7382 7383 7384 7385
3480 529 7404 7405 7406 7407
3481 529 7820 7821 7822 7823
3482 529 7808 7809 7810 7831
3483 529 7864 7865 7866 7867
3484 529 7914 7915 7916 7917
3485 529 7902 7903 7904 7926
3486 529 7936 7937 7938 7939
3487 529 7959 7960 7961 7962
3488 529 8009 8010 8011 8012
3489 529 8032 8033 8034 8035
3490 529 8054 8055 8056 8057
3491 529 8470 8471 8472 8473
3492 529 8458 8459 8460 8481
3493 529 8514 8515 8516 8517
3494 529 8564 8565 8566 8567
3495 529 8552 8553 8554 8576
3496 529 8586 8587 8588 8589
3497 529 8609 8610 8611 8612
3498 529 8659 8660 8661 8662
3499 529 8682 8683 8684 8685
3500 529 8704 8705 8706 8707
3501 529 9120 9121 9122 9123
3502 529 9108 9109 9110 9131
3503 529 9164 9165 9166 9167
3504 529 9214 9215 9216 9217
3505 529 9202 9203 9204 9226
3506 529 9236 9237 9238 9239
3507 529 9259 9260 9261 9262
3508 529 9309 9310 9311 9312
3509 529 9332 9333 9334 9335
3510 529 9354 9355 9356 9357
3511 529 9770 9771 9772 9773
3512 529 9758 9759 9760 9781
3513 529 9814 9815 9816 9817
3514 529 9864 9865 9866 9867
3515 529 9852 9853 9854 9876
3516 529 9886 9887 9888 9889
3517 529 9909 9910 9911 9912
3518 529 9959 9960 9961 9962
3519 529 9982 9983 9984 9985
3520 529 10004 10005 10006 10007
3521 529 10420 10421 10422 10423
3522 529 10408 10409 10410 10431
3523 529 10464 10465 10466 10467
3524 529 10514 10515 10516 10517
3525 529 10502 10503 10504 10526
3526 529 10536 10537 10538 10539
3527 529 10559 10560 10561 10562
3528 529 10609 10610 10611 10612
3529 529 10632 10633 10634 10635
3530 529 10654 10655 10656 10657
3531 529 11070 11071 11072 11073
3532 529 11058 11059 11060 11081
3533 529 11114 11115 11116 11117
3534 529 11164 11165 11166 11167
3535 529 11152 11153 11154 11176
3536 529 11186 11187 11188 11189
3537 529 11209 11210 11211 11212
3538 529 11259 11260 11261 11262
3539 529 11282 11283 11284 11285
3540 529 11304 11305 11306 11307
3541 529 11720 11721 11722 11723
3542 529 11708 11709 11710 11731
3543 529 11764 11765 11766 11767
3544 529 11814 11815 11816 11817
3545 529 11802 11803 11804 11826
3546 529 11836 11837 11838 11839
3547 529 11859 11860 11861 11862
3548 529 11909 11910 11911 11912
3549 529 11932 11933 11934 11935
3550 529 11954 11955 11956 11957
3551 529 12370 12371 12372 12373
3552 529 12358 12359 12360 12381
3553 529 12414 12415 12416 12417
3554 529 12464 12465 12466 12467
3555 529 12452 12453 12454 12476
3556 529 12486 12487 12488 12489
3557 529 12509 12510 12511 12512
3558 529 12559 12560 12561 12562
3559 529 12582 12583 12584 12585
3560 529 12604 12605 12606 12607
3561 529 41 42 43 44
3562 529 691 692 693 694
3563 529 1341 1342 1343 1344
3564 529 1991 1992 1993 1994
3565 529 2641 2642 2643 2644
3566 529 3291 3292 3293 3294
3567 529 3941 3942 3943 3944
3568 529 4591 4592 4593 4594
3569 529 5241 5242 5243 5244
3570 529 5891 5892 5893 5894
3571 529 6541 6542 6543 6544
3572 529 7191 7192 7193 7194
3573 529 7841 7842 7843 7844
3574 529 8491 8492 8493 8494
3575 529 9141 9142 9143 9144
3576 529 9791 9792 9793 9794
3577 529 10441 10442 10443 10444
3578 529 11091 11092 11093 11094
3579 529 11741 11742 11743 11744
3580 529 12391 12392 12393 12394
3581 529 43 42 41 53
3582 529 693 692 691 703
3583 529 1343 1342 1341 1353
3584 529 1993 1992 1991 2003
3585 529 2643 2642 2641 2653
3586 529 3293 3292 3291 3303
3587 529 3943 3942 3941 3953
3588 529 4593 4592 4591 4603
3589 529 5243 5242 5241 5253
3590 529 5893 5892 5891 5903
3591 529 6543 6542 6541 6553
3592 529 7193 7192 7191 7203
3593 529 7843 7842 7841 7853
3594 529 8493 8492 8491 8503
3595 529 9143 9142 9141 9153
3596 529 9793 9792 9791 9803
3597 529 10443 10442 10441 10453
3598 529 11093 11092 11091 11103
3599 529 11743 11742 11741 11753
3600 529 12393 12392 12391 12403
3601 529 195 196 221 220
3602 529 845 846 871 870
3603 529 1495 1496 1521 1520
3604 529 2145 2146 2171 2170
3605 529 2795 2796 2821 2820
3606 529 3445 3446 3471 3470
3607 529 4095 4096 4121 4120
3608 529 4745 4746 4771 4770
3609 529 5395 5396 5421 5420
3610 529 6045 6046 6071 6070
3611 529 6695 6696 6721 6720
3612 529 7345 7346 7371 7370
3613 529 7995 7996 8021 8020
3614 529 8645 8646 8671 8670
3615 529 9295 9296 9321 9320
3616 529 9945 9946 9971 9970
3617 529 10595 10596 10621 10620
3618 529 11245 11246 11271 11270
3619 529 11895 11896 11921 11920
3620 529 12545 12546 12571 12570
3621 529 198 199 221 220
3622 529 848 849 871 870
3623 529 1498 1499 1521 1520
3624 529 2148 2149 2171 2170
3625 529 2798 2799 2821 2820
3626 529 3448 3449 3471 3470
3627 529 4098 4099 4121 4120
3628 529 4748 4749 4771 4770
3629 529 5398 5399 5421 5420
3630 529 6048 6049 6071 6070
3631 529 6698 6699 6721 6720
3632 529 7348 7349 7371 7370
3633 529 7998 7999 8021 8020
3634 529 8648 8649 8671 8670
3635 529 9298 9299 9321 9320
3636 529 9948 9949 9971 9970
3637 529 10598 10599 10621 10620
3638 529 11248 11249 11271 11270
3639 529 11898 11899 11921 11920
3640 529 12548 12549 12571 12570
3641 529 197 198 199 221
3642 529 847 848 849 871
3643 529 1497 1498 1499 1521
3644 529 2147 2148 2149 2171
3645 529 2797 2798 2799 2821
3646 529 3447 3448 3449 3471
3647 529 4097 4098 4099 4121
3648 529 4747 4748 4749 4771
3649 529 5397 5398 5399 5421
3650 529 6047 6048 6049 6071
3651 529 6697 6698 6699 6721
3652 529 7347 7348 7349 7371
3653 529 7997 7998 7999 8021
3654 529 8647 8648 8649 8671
3655 529 9297 9298 9299 9321
3656 529 9947 9948 9949 9971
3657 529 10597 10598 10599 10621
3658 529 11247 11248 11249 11271
3659 529 11897 11898 11899 11921
3660 529 12547 12548 12549 12571
3661 544 2 3 4 5
3662 544 96 97 98 99
3663 544 191 192 193 194
3664 544 652 653 654 655
3665 544 746 747 748 749
3666 544 841 842 843 844
3667 544 1302 1303 1304 1305
3668 544 1396 1397 1398 1399
3669 544 1491 1492 1493 1494
3670 544 1952 1953 1954 1955
3671 544 2046 2047 2048 2049
3672 544 2141 2142 2143 2144
3673 544 2602 2603 2604 2605
3674 544 2696 2697 2698 2699
3675 544 2791 2792 2793 2794
3676 544 3252 3253 3254 3255
3677 544 3346 3347 3348 3349
3678 544 3441 3442 3443 3444
3679 544 3902 3903 3904 3905
3680 544 3996 3997 3998 3999
3681 544 4091 4092 4093 4094
3682 544 4552 4553 4554 4555
3683 544 4646 4647 4648 4649
3684 544 4741 4742 4743 4744
3685 544 5202 5203 5204 5205
3686 544 5296 5297 5298 5299
3687 544 5391 5392 5393 5394
3688 544 5852 5853 5854 5855
3689 544 5946 5947 5948 5949
3690 544 6041 6042 6043 6044
3691 544 6502 6503 6504 6505
3692 544 6596 6597 6598 6599
3693 544 6691 6692 6693 6694
3694 544 7152 7153 7154 7155
3695 544 7246 7247 7248 7249
3696 544 7341 7342 7343 7344
3697 544 7802 7803 7804 7805
3698 544 7896 7897 7898 7899
3699 544 7991 7992 7993 7994
3700 544 8452 8453 8454 8455
3701 544 8546 8547 8548 8549
3702 544 8641 8642 8643 8644
3703 544 9102 9103 9104 9105
3704 544 9196 9197 9198 9199
3705 544 9291 9292 9293 9294
3706 544 9752 9753 9754 9755
3707 544 9846 9847 9848 9849
3708 544 9941 9942 9943 9944
3709 544 10402 10403 10404 10405
3710 544 10496 10497 10498 10499
3711 544 10591 10592 10593 10594
3712 544 11052 11053 11054 11055
3713 544 11146 11147 11148 11149
3714 544 11241 11242 11243 11244
3715 544 11702 11703 11704 11705
3716 544 11796 11797 11798 11799
3717 544 11891 11892 11893 11894
3718 544 12352 12353 12354 12355
3719 544 12446 12447 12448 12449
3720 544 12541 12542 12543 12544
3721 545 13 12 11 16
3722 545 107 106 105 110
3723 545 202 201 200 205
3724 545 663 662 661 666
3725 545 757 756 755 760
3726 545 852 851 850 855
3727 545 1313 1312 1311 1316
3728 545 1407 1406 1405 1410
3729 545 1502 1501 1500 1505
3730 545 1963 1962 1961 1966
3731 545 2057 2056 2055 2060
3732 545 2152 2151 2150 2155
3733 545 2613 2612 2611 2616
3734 545 2707 2706 2705 2710
3735 545 2802 2801 2800 2805
3736 545 3263 3262 3261 3266
3737 545 3357 3356 3355 3360
3738 545 3452 3451 3450 3455
3739 545 3913 3912 3911 3916
3740 545 4007 4006 4005 4010
3741 545 4102 4101 4100 4105
3742 545 4563 4562 4561 4566
3743 545 4657 4656 4655 4660
3744 545 4752 4751 4750 4755
3745 545 5213 5212 5211 5216
3746 545 5307 5306 5305 5310
3747 545 5402 5401 5400 5405
3748 545 5863 5862 5861 5866
3749 545 5957 5956 5955 5960
3750 545 6052 6051 6050 6055
3751 545 6513 6512 6511 6516
3752 545 6607 6606 6605 6610
3753 545 6702 6701 6700 6705
3754 545 7163 7162 7161 7166
3755 545 7257 7256 7255 7260
3756 545 7352 7351 7350 7355
3757 545 7813 7812 7811 7816
3758 545 7907 7906 7905 7910
3759 545 8002 8001 8000 8005
3760 545 8463 8462 8461 8466
3761 545 8557 8556 8555 8560
3762 545 8652 8651 8650 8655
3763 545 9113 9112 9111 9116
3764 545 9207 9206 9205 9210
3765 545 9302 9301 9300 9305
3766 545 9763 9762 9761 9766
3767 545 9857 9856 9855 9860
3768 545 9952 9951 9950 9955
3769 545 10413 10412 10411 10416
3770 545 10507 10506 10505 10510
3771 545 10602 10601 10600 10605
3772 545 11063 11062 11061 11066
3773 545 11157 11156 11155 11160
3774 545 11252 11251 11250 11255
3775 545 11713 11712 11711 11716
3776 545 11807 11806 11805 11810
3777 545 11902 11901 11900 11905
3778 545 12363 12362 12361 12366
3779 545 12457 12456 12455 12460
3780 545 12552 12551 12550 12555
3781 545 14 12 11 16
3782 545 16 11 12 94
3783 545 108 106 105 110
3784 545 110 105 106 189
3785 545 203 201 200 205
3786 545 205 200 201 284
3787 545 664 662 661 666
3788 545 666 661 662 744
3789 545 758 756 755 760
3790 545 760 755 756 839
3791 545 853 851 850 855
3792 545 855 850 851 934
3793 545 1314 1312 1311 1316
3794 545 1316 1311 1312 1394
3795 545 1408 1406 1405 1410
3796 545 1410 1405 1406 1489
3797 545 1503 1501 1500 1505
3798 545 1505 1500 1501 1584
3799 545 1964 1962 1961 1966
3800 545 1966 1961 1962 2044
3801 545 2058 2056 2055 2060
3802 545 2060 2055 2056 2139
3803 545 2153 2151 2150 2155
3804 545 2155 2150 2151 2234
3805 545 2614 2612 2611 2616
3806 545 2616 2611 2612 2694
3807 545 2708 2706 2705 2710
3808 545 2710 2705 2706 2789
3809 545 2803 2801 2800 2805
3810 545 2805 2800 2801 2884
3811 545 3264 3262 3261 3266
3812 545 3266 3261 3262 3344
3813 545 3358 3356 3355 3360
3814 545 3360 3355 3356 3439
3815 545 3453 3451 3450 3455
3816 545 3455 3450 3451 3534
3817 545 3914 3912 3911 3916
3818 545 3916 3911 3912 3994
3819 545 4008 4006 4005 4010
3820 545 4010 4005 4006 4089
3821 545 4103 4101 4100 4105
3822 545 4105 4100 4101 4184
3823 545 4564 4562 4561 4566
3824 545 4566 4561 4562 4644
3825 545 4658 4656 4655 4660
3826 545 4660 4655 4656 4739
3827 545 4753 4751 4750 4755
3828 545 4755 4750 4751 4834
3829 545 5214 5212 5211 5216
3830 545 5216 5211 5212 5294
3831 545 5308 5306 5305 5310
3832 545 5310 5305 5306 5389
3833 545 5403 5401 5400 5405
3834 545 5405 5400 5401 5484
3835 545 5864 5862 5861 5866
3836 545 5866 5861 5862 5944
3837 545 5958 5956 5955 5960
3838 545 5960 5955 5956 6039
3839 545 6053 6051 6050 6055
3840 545 6055 6050 6051 6134
3841 545 6514 6512 6511 6516
3842 545 6516 6511 6512 6594
3843 545 6608 6606 6605 6610
3844 545 6610 6605 6606 6689
3845 545 6703 6701 6700 6705
3846 545 6705 6700 6701 6784
3847 545 7164 7162 7161 7166
3848 545 7166 7161 7162 7244
3849 545 7258 7256 7255 7260
3850 545 7260 7255 7256 7339
3851 545 7353 7351 7350 7355
3852 545 7355 7350 7351 7434
3853 545 7814 7812 7811 7816
3854 545 7816 7811 7812 7894
3855 545 7908 7906 7905 7910
3856 545 7910 7905 7906 7989
3857 545 8003 8001 8000 8005
3858 545 8005 8000 8001 8084
3859 545 8464 8462 8461 8466
3860 545 8466 8461 8462 8544
3861 545 8558 8556 8555 8560
3862 545 8560 8555 8556 8639
3863 545 8653 8651 8650 8655
3864 545 8655 8650 8651 8734
3865 545 9114 9112 9111 9116
3866 545 9116 9111 9112 9194
3867 545 9208 9206 9205 9210
3868 545 9210 9205 9206 9289
3869 545 9303 9301 9300 9305
3870 545 9305 9300 9301 9384
3871 545 9764 9762 9761 9766
3872 545 9766 9761 9762 9844
3873 545 9858 9856 9855 9860
3874 545 9860 9855 9856 9939
3875 545 9953 9951 9950 9955
3876 545 9955 9950 9951 10034
3877 545 10414 10412 10411 10416
3878 545 10416 10411 10412 10494
3879 545 10508 10506 10505 10510
3880 545 10510 10505 10506 10589
3881 545 10603 10601 10600 10605
3882 545 10605 10600 10601 10684
3883 545 11064 11062 11061 11066
3884 545 11066 11061 11062 11144
3885 545 11158 11156 11155 11160
3886 545 11160 11155 11156 11239
3887 545 11253 11251 11250 11255
3888 545 11255 11250 11251 11334
3889 545 11714 11712 11711 11716
3890 545 11716 11711 11712 11794
3891 545 11808 11806 11805 11810
3892 545 11810 11805 11806 11889
3893 545 11903 11901 11900 11905
3894 545 11905 11900 11901 11984
3895 545 12364 12362 12361 12366
3896 545 12366 12361 12362 12444
3897 545 12458 12456 12455 12460
3898 545 12460 12455 12456 12539
3899 545 12553 12551 12550 12555
3900 545 12555 12550 12551 12634
3901 545 26 27 28 29
3902 545 47 48 49 50
3903 545 70 71 72 73
3904 545 120 121 122 123
3905 545 142 143 144 145
3906 545 165 166 167 168
3907 545 215 216 217 218
3908 545 238 239 240 241
3909 545 260 261 262 263
3910 545 676 677 678 679
3911 545 697 698 699 700
3912 545 720 721 722 723
3913 545 770 771 772 773
3914 545 792 793 794 795
3915 545 815 816 817 818
3916 545 865 866 867 868
3917 545 888 889 890 891
3918 545 910 911 912 913
3919 545 1326 1327 1328 1329
3920 545 1347 1348 1349 1350
3921 545 1370 1371 1372 1373
3922 545 1420 1421 1422 1423
3923 545 1442 1443 1444 1445
3924 545 1465 1466 1467 1468
3925 545 1515 1516 1517 1518
3926 545 1538 1539 1540 1541
3927 545 1560 1561 1562 1563
3928 545 1976 1977 1978 1979
3929 545 1997 1998 1999 2000
3930 545 2020 2021 2022 2023
3931 545 2070 2071 2072 2073
3932 545 2092 2093 2094 2095
3933 545 2115 2116 2117 2118
3934 545 2165 2166 2167 2168
3935 545 2188 2189 2190 2191
3936 545 2210 2211 2212 2213
3937 545 2626 2627 2628 2629
3938 545 2647 2648 2649 2650
3939 545 2670 2671 2672 2673
3940 545 2720 2721 2722 2723
3941 545 2742 2743 2744 2745
3942 545 2765 2766 2767 2768
3943 545 2815 2816 2817 2818
3944 545 2838 2839 2840 2841
3945 545 2860 2861 2862 2863
3946 545 3276 3277 3278 3279
3947 545 3297 3298 3299 3300
3948 545 3320 3321 3322 3323
3949 545 3370 3371 3372 3373
3950 545 3392 3393 3394 3395
3951 545 3415 3416 3417 3418
3952 545 3465 3466 3467 3468
3953 545 3488 3489 3490 3491
3954 545 3510 3511 3512 3513
3955 545 3926 3927 3928 3929
3956 545 3947 3948 3949 3950
3957 545 3970 3971 3972 3973
3958 545 4020 4021 4022 4023
3959 545 4042 4043 4044 4045
3960 545 4065 4066 4067 4068
3961 545 4115 4116 4117 4118
3962 545 4138 4139 4140 4141
3963 545 4160 4161 4162 4163
3964 545 4576 4577 4578 4579
3965 545 4597 4598 4599 4600
3966 545 4620 4621 4622 4623
3967 545 4670 4671 4672 4673
3968 545 4692 4693 4694 4695
3969 545 4715 4716 4717 4718
3970 545 4765 4766 4767 4768
3971 545 4788 4789 4790 4791
3972 545 4810 4811 4812 4813
3973 545 5226 5227 5228 5229
3974 545 5247 5248 5249 5250
3975 545 5270 5271 5272 5273
3976 545 5320 5321 5322 5323
3977 545 5342 5343 5344 5345
3978 545 5365 5366 5367 5368
3979 545 5415 5416 5417 5418
3980 545 5438 5439 5440 5441
3981 545 5460 5461 5462 5463
3982 545 5876 5877 5878 5879
3983 545 5897 5898 5899 5900
3984 545 5920 5921 5922 5923
3985 545 5970 5971 5972 5973
3986 545 5992 5993 5994 5995
3987 545 6015 6016 6017 6018
3988 545 6065 6066 6067 6068
3989 545 6088 6089 6090 6091
3990 545 6110 6111 6112 6113
3991 545 6526 6527 6528 6529
3992 545 6547 6548 6549 6550
3993 545 6570 6571 6572 6573
3994 545 6620 6621 6622 6623
3995 545 6642 6643 6644 6645
3996 545 6665 6666 6667 6668
3997 545 6715 6716 6717 6718
3998 545 6738 6739 6740 6741
3999 545 6760 6761 6762 6763
4000 545 7176 7177 7178 7179
4001 545 7197 7198 7199 7200
4002 545 7220 7221 7222 7223
4003 545 7270 7271 7272 7273
4004 545 7292 7293 7294 7295
4005 545 7315 7316 7317 7318
4006 545 7365 7366 7367 7368
4007 545 7388 7389 7390 7391
4008 545 7410 7411 7412 7413
4009 545 7826 7827 7828 7829
4010 545 7847 7848 7849 7850
4011 545 7870 7871 7872 7873
4012 545 7920 7921 7922 7923
4013 545 7942 7943 7944 7945
4014 545 7965 7966 7967 7968
4015 545 8015 8016 8017 8018
4016 545 8038 8039 8040 8041
4017 545 8060 8061 8062 8063
4018 545 8476 8477 8478 8479
4019 545 8497 8498 8499 8500
4020 545 8520 8521 8522 8523
4021 545 8570 8571 8572 8573
4022 545 8592 8593 8594 8595
4023 545 8615 8616 8617 8618
4024 545 8665 8666 8667 8668
4025 545 8688 8689 8690 8691
4026 545 8710 8711 8712 8713
4027 545 9126 9127 9128 9129
4028 545 9147 9148 9149 9150
4029 545 9170 9171 9172 9173
4030 545 9220 9221 9222 9223
4031 545 9242 9243 9244 9245
4032 545 9265 9266 9267 9268
4033 545 9315 9316 9317 9318
4034 545 9338 9339 9340 9341
4035 545 9360 9361 9362 9363
4036 545 9776 9777 9778 9779
4037 545 9797 9798 9799 9800
4038 545 9820 9821 9822 9823
4039 545 9870 9871 9872 9873
4040 545 9892 9893 9894 9895
4041 545 9915 9916 9917 9918
4042 545 9965 9966 9967 9968
4043 545 9988 9989 9990 9991
4044 545 10010 10011 10012 10013
4045 545 10426 10427 10428 10429
4046 545 10447 10448 10449 10450
4047 545 10470 10471 10472 10473
4048 545 10520 10521 10522 10523
4049 545 10542 10543 10544 10545
4050 545 10565 10566 10567 10568
4051 545 10615 10616 10617 10618
4052 545 10638 10639 10640 10641
4053 545 10660 10661 10662 10663
4054 545 11076 11077 11078 11079
4055 545 11097 11098 11099 11100
4056 545 11120 11121 11122 11123
4057 545 11170 11171 11172 11173
4058 545 11192 11193 11194 11195
4059 545 11215 11216 11217 11218
4060 545 11265 11266 11267 11268
4061 545 11288 11289 11290 11291
4062 545 11310 11311 11312 11313
4063 545 11726 11727 11728 11729
4064 545 11747 11748 11749 11750
4065 545 11770 11771 11772 11773
4066 545 11820 11821 11822 11823
4067 545 11842 11843 11844 11845
4068 545 11865 11866 11867 11868
4069 545 11915 11916 11917 11918
4070 545 11938 11939 11940 11941
4071 545 11960 11961 11962 11963
4072 545 12376 12377 12378 12379
4073 545 12397 12398 12399 12400
4074 545 12420 12421 12422 12423
4075 545 12470 12471 12472 12473
4076 545 12492 12493 12494 12495
4077 545 12515 12516 12517 12518
4078 545 12565 12566 12567 12568
4079 545 12588 12589 12590 12591
4080 545 12610 12611 12612 12613
4081 545 90 89 88 92
4082 545 185 184 183 187
4083 545 280 279 278 282
4084 545 740 739 738 742
4085 545 835 834 833 837
4086 545 930 929 928 932
4087 545 1390 1389 1388 1392
4088 545 1485 1484 1483 1487
4089 545 1580 1579 1578 1582
4090 545 2040 2039 2038 2042
4091 545 2135 2134 2133 2137
4092 545 2230 2229 2228 2232
4093 545 2690 2689 2688 2692
4094 545 2785 2784 2783 2787
4095 545 2880 2879 2878 2882
4096 545 3340 3339 3338 3342
4097 545 3435 3434 3433 3437
4098 545 3530 3529 3528 3532
4099 545 3990 3989 3988 3992
4100 545 4085 4084 4083 4087
4101 545 4180 4179 4178 4182
4102 545 4640 4639 4638 4642
4103 545 4735 4734 4733 4737
4104 545 4830 4829 4828 4832
4105 545 5290 5289 5288 5292
4106 545 5385 5384 5383 5387
4107 545 5480 5479 5478 5482
4108 545 5940 5939 5938 5942
4109 545 6035 6034 6033 6037
4110 545 6130 6129 6128 6132
4111 545 6590 6589 6588 6592
4112 545 6685 6684 6683 6687
4113 545 6780 6779 6778 6782
4114 545 7240 7239 7238 7242
4115 545 7335 7334 7333 7337
4116 545 7430 7429 7428 7432
4117 545 7890 7889 7888 7892
4118 545 7985 7984 7983 7987
4119 545 8080 8079 8078 8082
4120 545 8540 8539 8538 8542
4121 545 8635 8634 8633 8637
4122 545 8730 8729 8728 8732
4123 545 9190 9189 9188 9192
4124 545 9285 9284 9283 9287
4125 545 9380 9379 9378 9382
4126 545 9840 9839 9838 9842
4127 545 9935 9934 9933 9937
4128 545 10030 10029 10028 10032
4129 545 10490 10489 10488 10492
4130 545 10585 10584 10583 10587
4131 545 10680 10679 10678 10682
4132 545 11140 11139 11138 11142
4133 545 11235 11234 11233 11237
4134 545 11330 11329 11328 11332
4135 545 11790 11789 11788 11792
4136 545 11885 11884 11883 11887
4137 545 11980 11979 11978 11982
4138 545 12440 12439 12438 12442
4139 545 12535 12534 12533 12537
4140 545 12630 12629 12628 12632
4141 545 90 89 88 93
4142 545 185 184 183 188
4143 545 280 279 278 283
4144 545 740 739 738 743
4145 545 835 834 833 838
4146 545 930 929 928 933
4147 545 1390 1389 1388 1393
4148 545 1485 1484 1483 1488
4149 545 1580 1579 1578 1583
4150 545 2040 2039 2038 2043
4151 545 2135 2134 2133 2138
4152 545 2230 2229 2228 2233
4153 545 2690 2689 2688 2693
4154 545 2785 2784 2783 2788
4155 545 2880 2879 2878 2883
4156 545 3340 3339 3338 3343
4157 545 3435 3434 3433 3438
4158 545 3530 3529 3528 3533
4159 545 3990 3989 3988 3993
4160 545 4085 4084 4083 4088
4161 545 4180 4179 4178 4183
4162 545 4640 4639 4638 4643
4163 545 4735 4734 4733 4738
4164 545 4830 4829 4828 4833
4165 545 5290 5289 5288 5293
4166 545 5385 5384 5383 5388
4167 545 5480 5479 5478 5483
4168 545 5940 5939 5938 5943
4169 545 6035 6034 6033 6038
4170 545 6130 6129 6128 6133
4171 545 6590 6589 6588 6593
4172 545 6685 6684 6683 6688
4173 545 6780 6779 6778 6783
4174 545 7240 7239 7238 7243
4175 545 7335 7334 7333 7338
4176 545 7430 7429 7428 7433
4177 545 7890 7889 7888 7893
4178 545 7985 7984 7983 7988
4179 545 8080 8079 8078 8083
4180 545 8540 8539 8538 8543
4181 545 8635 8634 8633 8638
4182 545 8730 8729 8728 8733
4183 545 9190 9189 9188 9193
4184 545 9285 9284 9283 9288
4185 545 9380 9379 9378 9383
4186 545 9840 9839 9838 9843
4187 545 9935 9934 9933 9938
4188 545 10030 10029 10028 10033
4189 545 10490 10489 10488 10493
4190 545 10585 10584 10583 10588
4191 545 10680 10679 10678 10683
4192 545 11140 11139 11138 11143
4193 545 11235 11234 11233 11238
4194 545 11330 11329 11328 11333
4195 545 11790 11789 11788 11793
4196 545 11885 11884 11883 11888
4197 545 11980 11979 11978 11983
4198 545 12440 12439 12438 12443
4199 545 12535 12534 12533 12538
4200 545 12630 12629 12628 12633
4201 552 1 3 4 5
4202 552 95 97 98 99
4203 552 190 192 193 194
4204 552 651 653 654 655
4205 552 745 747 748 749
4206 552 840 842 843 844
4207 552 1301 1303 1304 1305
4208 552 1395 1397 1398 1399
4209 552 1490 1492 1493 1494
4210 552 1951 1953 1954 1955
4211 552 2045 2047 2048 2049
4212 552 2140 2142 2143 2144
4213 552 2601 2603 2604 2605
4214 552 2695 2697 2698 2699
4215 552 2790 2792 2793 2794
4216 552 3251 3253 3254 3255
4217 552 3345 3347 3348 3349
4218 552 3440 3442 3443 3444
4219 552 3901 3903 3904 3905
4220 552 3995 3997 3998 3999
4221 552 4090 4092 4093 4094
4222 552 4551 4553 4554 4555
4223 552 4645 4647 4648 4649
4224 552 4740 4742 4743 4744
4225 552 5201 5203 5204 5205
4226 552 5295 5297 5298 5299
4227 552 5390 5392 5393 5394
4228 552 5851 5853 5854 5855
4229 552 5945 5947 5948 5949
4230 552 6040 6042 6043 6044
4231 552 6501 6503 6504 6505
4232 552 6595 6597 6598 6599
4233 552 6690 6692 6693 6694
4234 552 7151 7153 7154 7155
4235 552 7245 7247 7248 7249
4236 552 7340 7342 7343 7344
4237 552 7801 7803 7804 7805
4238 552 7895 7897 7898 7899
4239 552 7990 7992 7993 7994
4240 552 8451 8453 8454 8455
4241 552 8545 8547 8548 8549
4242 552 8640 8642 8643 8644
4243 552 9101 9103 9104 9105
4244 552 9195 9197 9198 9199
4245 552 9290 9292 9293 9294
4246 552 9751 9753 9754 9755
4247 552 9845 9847 9848 9849
4248 552 9940 9942 9943 9944
4249 552 10401 10403 10404 10405
4250 552 10495 10497 10498 10499
4251 552 10590 10592 10593 10594
4252 552 11051 11053 11054 11055
4253 552 11145 11147 11148 11149
4254 552 11240 11242 11243 11244
4255 552 11701 11703 11704 11705
4256 552 11795 11797 11798 11799
4257 552 11890 11892 11893 11894
4258 552 12351 12353 12354 12355
4259 552 12445 12447 12448 12449
4260 552 12540 12542 12543 12544
4261 552 13 12 11 15
4262 552 107 106 105 109
4263 552 202 201 200 204
4264 552 663 662 661 665
4265 552 757 756 755 759
4266 552 852 851 850 854
4267 552 1313 1312 1311 1315
4268 552 1407 1406 1405 1409
4269 552 1502 1501 1500 1504
4270 552 1963 1962 1961 1965
4271 552 2057 2056 2055 2059
4272 552 2152 2151 2150 2154
4273 552 2613 2612 2611 2615
4274 552 2707 2706 2705 2709
4275 552 2802 2801 2800 2804
4276 552 3263 3262 3261 3265
4277 552 3357 3356 3355 3359
4278 552 3452 3451 3450 3454
4279 552 3913 3912 3911 3915
4280 552 4007 4006 4005 4009
4281 552 4102 4101 4100 4104
4282 552 4563 4562 4561 4565
4283 552 4657 4656 4655 4659
4284 552 4752 4751 4750 4754
4285 552 5213 5212 5211 5215
4286 552 5307 5306 5305 5309
4287 552 5402 5401 5400 5404
4288 552 5863 5862 5861 5865
4289 552 5957 5956 5955 5959
4290 552 6052 6051 6050 6054
4291 552 6513 6512 6511 6515
4292 552 6607 6606 6605 6609
4293 552 6702 6701 6700 6704
4294 552 7163 7162 7161 7165
4295 552 7257 7256 7255 7259
4296 552 7352 7351 7350 7354
4297 552 7813 7812 7811 7815
4298 552 7907 7906 7905 7909
4299 552 8002 8001 8000 8004
4300 552 8463 8462 8461 8465
4301 552 8557 8556 8555 8559
4302 552 8652 8651 8650 8654
4303 552 9113 9112 9111 9115
4304 552 9207 9206 9205 9209
4305 552 9302 9301 9300 9304
4306 552 9763 9762 9761 9765
4307 552 9857 9856 9855 9859
4308 552 9952 9951 9950 9954
4309 552 10413 10412 10411 10415
4310 552 10507 10506 10505 10509
4311 552 10602 10601 10600 10604
4312 552 11063 11062 11061 11065
4313 552 11157 11156 11155 11159
4314 552 11252 11251 11250 11254
4315 552 11713 11712 11711 11715
4316 552 11807 11806 11805 11809
4317 552 11902 11901 11900 11904
4318 552 12363 12362 12361 12365
4319 552 12457 12456 12455 12459
4320 552 12552 12551 12550 12554
4321 552 14 12 11 15
4322 552 15 11 12 94
4323 552 108 106 105 109
4324 552 109 105 106 189
4325 552 203 201 200 204
4326 552 204 200 201 284
4327 552 664 662 661 665
4328 552 665 661 662 744
4329 552 758 756 755 759
4330 552 759 755 756 839
4331 552 853 851 850 854
4332 552 854 850 851 934
4333 552 1314 1312 1311 1315
4334 552 1315 1311 1312 1394
4335 552 1408 1406 1405 1409
4336 552 1409 1405 1406 1489
4337 552 1503 1501 1500 1504
4338 552 1504 1500 1501 1584
4339 552 1964 1962 1961 1965
4340 552 1965 1961 1962 2044
4341 552 2058 2056 2055 2059
4342 552 2059 2055 2056 2139
4343 552 2153 2151 2150 2154
4344 552 2154 2150 2151 2234
4345 552 2614 2612 2611 2615
4346 552 2615 2611 2612 2694
4347 552 2708 2706 2705 2709
4348 552 2709 2705 2706 2789
4349 552 2803 2801 2800 2804
4350 552 2804 2800 2801 2884
4351 552 3264 3262 3261 3265
4352 552 3265 3261 3262 3344
4353 552 3358 3356 3355 3359
4354 552 3359 3355 3356 3439
4355 552 3453 3451 3450 3454
4356 552 3454 3450 3451 3534
4357 552 3914 3912 3911 3915
4358 552 3915 3911 3912 3994
4359 552 4008 4006 4005 4009
4360 552 4009 4005 4006 4089
4361 552 4103 4101 4100 4104
4362 552 4104 4100 4101 4184
4363 552 4564 4562 4561 4565
4364 552 4565 4561 4562 4644
4365 552 4658 4656 4655 4659
4366 552 4659 4655 4656 4739
4367 552 4753 4751 4750 4754
4368 552 4754 4750 4751 4834
4369 552 5214 5212 5211 5215
4370 552 5215 5211 5212 5294
4371 552 5308 5306 5305 5309
4372 552 5309 5305 5306 5389
4373 552 5403 5401 5400 5404
4374 552 5404 5400 5401 5484
4375 552 5864 5862 5861 5865
4376 552 5865 5861 5862 5944
4377 552 5958 5956 5955 5959
4378 552 5959 5955 5956 6039
4379 552 6053 6051 6050 6054
4380 552 6054 6050 6051 6134
4381 552 6514 6512 6511 6515
4382 552 6515 6511 6512 6594
4383 552 6608 6606 6605 6609
4384 552 6609 6605 6606 6689
4385 552 6703 6701 6700 6704
4386 552 6704 6700 6701 6784
4387 552 7164 7162 7161 7165
4388 552 7165 7161 7162 7244
4389 552 7258 7256 7255 7259
4390 552 7259 7255 7256 7339
4391 552 7353 7351 7350 7354
4392 552 7354 7350 7351 7434
4393 552 7814 7812 7811 7815
4394 552 7815 7811 7812 7894
4395 552 7908 7906 7905 7909
4396 552 7909 7905 7906 7989
4397 552 8003 8001 8000 8004
4398 552 8004 8000 8001 8084
4399 552 8464 8462 8461 8465
4400 552 8465 8461 8462 8544
4401 552 8558 8556 8555 8559
4402 552 8559 8555 8556 8639
4403 552 8653 8651 8650 8654
4404 552 8654 8650 8651 8734
4405 552 9114 9112 9111 9115
4406 552 9115 9111 9112 9194
4407 552 9208 9206 9205 9209
4408 552 9209 9205 9206 9289
4409 552 9303 9301 9300 9304
4410 552 9304 9300 9301 9384
4411 552 9764 9762 9761 9765
4412 552 9765 9761 9762 9844
4413 552 9858 9856 9855 9859
4414 552 9859 9855 9856 9939
4415 552 9953 9951 9950 9954
4416 552 9954 9950 9951 10034
4417 552 10414 10412 10411 10415
4418 552 10415 10411 10412 10494
4419 552 10508 10506 10505 10509
4420 552 10509 10505 10506 10589
4421 552 10603 10601 10600 10604
4422 552 10604 10600 10601 10684
4423 552 11064 11062 11061 11065
4424 552 11065 11061 11062 11144
4425 552 11158 11156 11155 11159
4426 552 11159 11155 11156 11239
4427 552 11253 11251 11250 11254
4428 552 11254 11250 11251 11334
4429 552 11714 11712 11711 11715
4430 552 11715 11711 11712 11794
4431 552 11808 11806 11805 11809
4432 552 11809 11805 11806 11889
4433 552 11903 11901 11900 11904
4434 552 11904 11900 11901 11984
4435 552 12364 12362 12361 12365
4436 552 12365 12361 12362 12444
4437 552 12458 12456 12455 12459
4438 552 12459 12455 12456 12539
4439 552 12553 12551 12550 12554
4440 552 12554 12550 12551 12634
4441 552 26 27 28 30
4442 552 47 48 49 51
4443 552 70 71 72 74
4444 552 120 121 122 124
4445 552 142 143 144 146
4446 552 165 166 167 169
4447 552 215 216 217 219
4448 552 238 239 240 242
4449 552 260 261 262 264
4450 552 676 677 678 680
4451 552 697 698 699 701
4452 552 720 721 722 724
4453 552 770 771 772 774
4454 552 792 793 794 796
4455 552 815 816 817 819
4456 552 865 866 867 869
4457 552 888 889 890 892
4458 552 910 911 912 914
4459 552 1326 1327 1328 1330
4460 552 1347 1348 1349 1351
4461 552 1370 1371 1372 1374
4462 552 1420 1421 1422 1424
4463 552 1442 1443 1444 1446
4464 552 1465 1466 1467 1469
4465 552 1515 1516 1517 1519
4466 552 1538 1539 1540 1542
4467 552 1560 1561 1562 1564
4468 552 1976 1977 1978 1980
4469 552 1997 1998 1999 2001
4470 552 2020 2021 2022 2024
4471 552 2070 2071 2072 2074
4472 552 2092 2093 2094 2096
4473 552 2115 2116 2117 2119
4474 552 2165 2166 2167 2169
4475 552 2188 2189 2190 2192
4476 552 2210 2211 2212 2214
4477 552 2626 2627 2628 2630
4478 552 2647 2648 2649 2651
4479 552 2670 2671 2672 2674
4480 552 2720 2721 2722 2724
4481 552 2742 2743 2744 2746
4482 552 2765 2766 2767 2769
4483 552 2815 2816 2817 2819
4484 552 2838 2839 2840 2842
4485 552 2860 2861 2862 2864
4486 552 3276 3277 3278 3280
4487 552 3297 3298 3299 3301
4488 552 3320 3321 3322 3324
4489 552 3370 3371 3372 3374
4490 552 3392 3393 3394 3396
4491 552 3415 3416 3417 3419
4492 552 3465 3466 3467 3469
4493 552 3488 3489 3490 3492
4494 552 3510 3511 3512 3514
4495 552 3926 3927 3928 3930
4496 552 3947 3948 3949 3951
4497 552 3970 3971 3972 3974
4498 552 4020 4021 4022 4024
4499 552 4042 4043 4044 4046
4500 552 4065 4066 4067 4069
4501 552 4115 4116 4117 4119
4502 552 4138 4139 4140 4142
4503 552 4160 4161 4162 4164
4504 552 4576 4577 4578 4580
4505 552 4597 4598 4599 4601
4506 552 4620 4621 4622 4624
4507 552 4670 4671 4672 4674
4508 552 4692 4693 4694 4696
4509 552 4715 4716 4717 4719
4510 552 4765 4766 4767 4769
4511 552 4788 4789 4790 4792
4512 552 4810 4811 4812 4814
4513 552 5226 5227 5228 5230
4514 552 5247 5248 5249 5251
4515 552 5270 5271 5272 5274
4516 552 5320 5321 5322 5324
4517 552 5342 5343 5344 5346
4518 552 5365 5366 5367 5369
4519 552 5415 5416 5417 5419
4520 552 5438 5439 5440 5442
4521 552 5460 5461 5462 5464
4522 552 5876 5877 5878 5880
4523 552 5897 5898 5899 5901
4524 552 5920 5921 5922 5924
4525 552 5970 5971 5972 5974
4526 552 5992 5993 5994 5996
4527 552 6015 6016 6017 6019
4528 552 6065 6066 6067 6069
4529 552 6088 6089 6090 6092
4530 552 6110 6111 6112 6114
4531 552 6526 6527 6528 6530
4532 552 6547 6548 6549 6551
4533 552 6570 6571 6572 6574
4534 552 6620 6621 6622 6624
4535 552 6642 6643 6644 6646
4536 552 6665 6666 6667 6669
4537 552 6715 6716 6717 6719
4538 552 6738 6739 6740 6742
4539 552 6760 6761 6762 6764
4540 552 7176 7177 7178 7180
4541 552 7197 7198 7199 7201
4542 552 7220 7221 7222 7224
4543 552 7270 7271 7272 7274
4544 552 7292 7293 7294 7296
4545 552 7315 7316 7317 7319
4546 552 7365 7366 7367 7369
4547 552 7388 7389 7390 7392
4548 552 7410 7411 7412 7414
4549 552 7826 7827 7828 7830
4550 552 7847 7848 7849 7851
4551 552 7870 7871 7872 7874
4552 552 7920 7921 7922 7924
4553 552 7942 7943 7944 7946
4554 552 7965 7966 7967 7969
4555 552 8015 8016 8017 8019
4556 552 8038 8039 8040 8042
4557 552 8060 8061 8062 8064
4558 552 8476 8477 8478 8480
4559 552 8497 8498 8499 8501
4560 552 8520 8521 8522 8524
4561 552 8570 8571 8572 8574
4562 552 8592 8593 8594 8596
4563 552 8615 8616 8617 8619
4564 552 8665 8666 8667 8669
4565 552 8688 8689 8690 8692
4566 552 8710 8711 8712 8714
4567 552 9126 9127 9128 9130
4568 552 9147 9148 9149 9151
4569 552 9170 9171 9172 9174
4570 552 9220 9221 9222 9224
4571 552 9242 9243 9244 9246
4572 552 9265 9266 9267 9269
4573 552 9315 9316 9317 9319
4574 552 9338 9339 9340 9342
4575 552 9360 9361 9362 9364
4576 552 9776 9777 9778 9780
4577 552 9797 9798 9799 9801
4578 552 9820 9821 9822 9824
4579 552 9870 9871 9872 9874
4580 552 9892 9893 9894 9896
4581 552 9915 9916 9917 9919
4582 552 9965 9966 9967 9969
4583 552 9988 9989 9990 9992
4584 552 10010 10011 10012 10014
4585 552 10426 10427 10428 10430
4586 552 10447 10448 10449 10451
4587 552 10470 10471 10472 10474
4588 552 10520 10521 10522 10524
4589 552 10542 10543 10544 10546
4590 552 10565 10566 10567 10569
4591 552 10615 10616 10617 10619
4592 552 10638 10639 10640 10642
4593 552 10660 10661 10662 10664
4594 552 11076 11077 11078 11080
4595 552 11097 11098 11099 11101
4596 552 11120 11121 11122 11124
4597 552 11170 11171 11172 11174
4598 552 11192 11193 11194 11196
4599 552 11215 11216 11217 11219
4600 552 11265 11266 11267 11269
4601 552 11288 11289 11290 11292
4602 552 11310 11311 11312 11314
4603 552 11726 11727 11728 11730
4604 552 11747 11748 11749 11751
4605 552 11770 11771 11772 11774
4606 552 11820 11821 11822 11824
4607 552 11842 11843 11844 11846
4608 552 11865 11866 11867 11869
4609 552 11915 11916 11917 11919
4610 552 11938 11939 11940 11942
4611 552 11960 11961 11962 11964
4612 552 12376 12377 12378 12380
4613 552 12397 12398 12399 12401
4614 552 12420 12421 12422 12424
4615 552 12470 12471 12472 12474
4616 552 12492 12493 12494 12496
4617 552 12515 12516 12517 12519
4618 552 12565 12566 12567 12569
4619 552 12588 12589 12590 12592
4620 552 12610 12611 12612 12614
4621 552 91 89 88 92
4622 552 186 184 183 187
4623 552 281 279 278 282
4624 552 741 739 738 742
4625 552 836 834 833 837
4626 552 931 929 928 932
4627 552 1391 1389 1388 1392
4628 552 1486 1484 1483 1487
4629 552 1581 1579 1578 1582
4630 552 2041 2039 2038 2042
4631 552 2136 2134 2133 2137
4632 552 2231 2229 2228 2232
4633 552 2691 2689 2688 2692
4634 552 2786 2784 2783 2787
4635 552 2881 2879 2878 2882
4636 552 3341 3339 3338 3342
4637 552 3436 3434 3433 3437
4638 552 3531 3529 3528 3532
4639 552 3991 3989 3988 3992
4640 552 4086 4084 4083 4087
4641 552 4181 4179 4178 4182
4642 552 4641 4639 4638 4642
4643 552 4736 4734 4733 4737
4644 552 4831 4829 4828 4832
4645 552 5291 5289 5288 5292
4646 552 5386 5384 5383 5387
4647 552 5481 5479 5478 5482
4648 552 5941 5939 5938 5942
4649 552 6036 6034 6033 6037
4650 552 6131 6129 6128 6132
4651 552 6591 6589 6588 6592
4652 552 6686 6684 6683 6687
4653 552 6781 6779 6778 6782
4654 552 7241 7239 7238 7242
4655 552 7336 7334 7333 7337
4656 552 7431 7429 7428 7432
4657 552 7891 7889 7888 7892
4658 552 7986 7984 7983 7987
4659 552 8081 8079 8078 8082
4660 552 8541 8539 8538 8542
4661 552 8636 8634 8633 8637
4662 552 8731 8729 8728 8732
4663 552 9191 9189 9188 9192
4664 552 9286 9284 9283 9287
4665 552 9381 9379 9378 9382
4666 552 9841 9839 9838 9842
4667 552 9936 9934 9933 9937
4668 552 10031 10029 10028 10032
4669 552 10491 10489 10488 10492
4670 552 10586 10584 10583 10587
4671 552 10681 10679 10678 10682
4672 552 11141 11139 11138 11142
4673 552 11236 11234 11233 11237
4674 552 11331 11329 11328 11332
4675 552 11791 11789 11788 11792
4676 552 11886 11884 11883 11887
4677 552 11981 11979 11978 11982
4678 552 12441 12439 12438 12442
4679 552 12536 12534 12533 12537
4680 552 12631 12629 12628 12632
4681 552 91 89 88 93
4682 552 186 184 183 188
4683 552 281 279 278 283
4684 552 741 739 738 743
4685 552 836 834 833 838
4686 552 931 929 928 933
4687 552 1391 1389 1388 1393
4688 552 1486 1484 1483 1488
4689 552 1581 1579 1578 1583
4690 552 2041 2039 2038 2043
4691 552 2136 2134 2133 2138
4692 552 2231 2229 2228 2233
4693 552 2691 2689 2688 2693
4694 552 2786 2784 2783 2788
4695 552 2881 2879 2878 2883
4696 552 3341 3339 3338 3343
4697 552 3436 3434 3433 3438
4698 552 3531 3529 3528 3533
4699 552 3991 3989 3988 3993
4700 552 4086 4084 4083 4088
4701 552 4181 4179 4178 4183
4702 552 4641 4639 4638 4643
4703 552 4736 4734 4733 4738
4704 552 4831 4829 4828 4833
4705 552 5291 5289 5288 5293
4706 552 5386 5384 5383 5388
4707 552 5481 5479 5478 5483
4708 552 5941 5939 5938 5943
4709 552 6036 6034 6033 6038
4710 552 6131 6129 6128 6133
4711 552 6591 6589 6588 6593
4712 552 6686 6684 6683 6688
4713 552 6781 6779 6778 6783
4714 552 7241 7239 7238 7243
4715 552 7336 7334 7333 7338
4716 552 7431 7429 7428 7433
4717 552 7891 7889 7888 7893
4718 552 7986 7984 7983 7988
4719 552 8081 8079 8078 8083
4720 552 8541 8539 8538 8543
4721 552 8636 8634 8633 8638
4722 552 8731 8729 8728 8733
4723 552 9191 9189 9188 9193
4724 552 9286 9284 9283 9288
4725 552 9381 9379 9378 9383
4726 552 9841 9839 9838 9843
4727 552 9936 9934 9933 9938
4728 552 10031 10029 10028 10033
4729 552 10491 10489 10488 10493
4730 552 10586 10584 10583 10588
4731 552 10681 10679 10678 10683
4732 552 11141 11139 11138 11143
4733 552 11236 11234 11233 11238
4734 552 11331 11329 11328 11333
4735 552 11791 11789 11788 11793
4736 552 11886 11884 11883 11888
4737 552 11981 11979 11978 11983
4738 552 12441 12439 12438 12443
4739 552 12536 12534 12533 12538
4740 552 12631 12629 12628 12633
4741 570 17 18 29 28
4742 570 38 39 50 49
4743 570 60 61 73 72
4744 570 111 112 123 122
4745 570 133 134 145 144
4746 570 155 156 168 167
4747 570 206 207 218 217
4748 570 229 230 241 240
4749 570 250 251 263 262
4750 570 667 668 679 678
4751 570 688 689 700 699
4752 570 710 711 723 722
4753 570 761 762 773 772
4754 570 783 784 795 794
4755 570 805 806 818 817
4756 570 856 857 868 867
4757 570 879 880 891 890
4758 570 900 901 913 912
4759 570 1317 1318 1329 1328
4760 570 1338 1339 1350 1349
4761 570 1360 1361 1373 1372
4762 570 1411 1412 1423 1422
4763 570 1433 1434 1445 1444
4764 570 1455 1456 1468 1467
4765 570 1506 1507 1518 1517
4766 570 1529 1530 1541 1540
4767 570 1550 1551 1563 1562
4768 570 1967 1968 1979 1978
4769 570 1988 1989 2000 1999
4770 570 2010 2011 2023 2022
4771 570 2061 2062 2073 2072
4772 570 2083 2084 2095 2094
4773 570 2105 2106 2118 2117
4774 570 2156 2157 2168 2167
4775 570 2179 2180 2191 2190
4776 570 2200 2201 2213 2212
4777 570 2617 2618 2629 2628
4778 570 2638 2639 2650 2649
4779 570 2660 2661 2673 2672
4780 570 2711 2712 2723 2722
4781 570 2733 2734 2745 2744
4782 570 2755 2756 2768 2767
4783 570 2806 2807 2818 2817
4784 570 2829 2830 2841 2840
4785 570 2850 2851 2863 2862
4786 570 3267 3268 3279 3278
4787 570 3288 3289 3300 3299
4788 570 3310 3311 3323 3322
4789 570 3361 3362 3373 3372
4790 570 3383 3384 3395 3394
4791 570 3405 3406 3418 3417
4792 570 3456 3457 3468 3467
4793 570 3479 3480 3491 3490
4794 570 3500 3501 3513 3512
4795 570 3917 3918 3929 3928
4796 570 3938 3939 3950 3949
4797 570 3960 3961 3973 3972
4798 570 4011 4012 4023 4022
4799 570 4033 4034 4045 4044
4800 570 4055 4056 4068 4067
4801 570 4106 4107 4118 4117
4802 570 4129 4130 4141 4140
4803 570 4150 4151 4163 4162
4804 570 4567 4568 4579 4578
4805 570 4588 4589 4600 4599
4806 570 4610 4611 4623 4622
4807 570 4661 4662 4673 4672
4808 570 4683 4684 4695 4694
4809 570 4705 4706 4718 4717
4810 570 4756 4757 4768 4767
4811 570 4779 4780 4791 4790
4812 570 4800 4801 4813 4812
4813 570 5217 5218 5229 5228
4814 570 5238 5239 5250 5249
4815 570 5260 5261 5273 5272
4816 570 5311 5312 5323 5322
4817 570 5333 5334 5345 5344
4818 570 5355 5356 5368 5367
4819 570 5406 5407 5418 5417
4820 570 5429 5430 5441 5440
4821 570 5450 5451 5463 5462
4822 570 5867 5868 5879 5878
4823 570 5888 5889 5900 5899
4824 570 5910 5911 5923 5922
4825 570 5961 5962 5973 5972
4826 570 5983 5984 5995 5994
4827 570 6005 6006 6018 6017
4828 570 6056 6057 6068 6067
4829 570 6079 6080 6091 6090
4830 570 6100 6101 6113 6112
4831 570 6517 6518 6529 6528
4832 570 6538 6539 6550 6549
4833 570 6560 6561 6573 6572
4834 570 6611 6612 6623 6622
4835 570 6633 6634 6645 6644
4836 570 6655 6656 6668 6667
4837 570 6706 6707 6718 6717
4838 570 6729 6730 6741 6740
4839 570 6750 6751 6763 6762
4840 570 7167 7168 7179 7178
4841 570 7188 7189 7200 7199
4842 570 7210 7211 7223 7222
4843 570 7261 7262 7273 7272
4844 570 7283 7284 7295 7294
4845 570 7305 7306 7318 7317
4846 570 7356 7357 7368 7367
4847 570 7379 7380 7391 7390
4848 570 7400 7401 7413 7412
4849 570 7817 7818 7829 7828
4850 570 7838 7839 7850 7849
4851 570 7860 7861 7873 7872
4852 570 7911 7912 7923 7922
4853 570 7933 7934 7945 7944
4854 570 7955 7956 7968 7967
4855 570 8006 8007 8018 8017
4856 570 8029 8030 8041 8040
4857 570 8050 8051 8063 8062
4858 570 8467 8468 8479 8478
4859 570 8488 8489 8500 8499
4860 570 8510 8511 8523 8522
4861 570 8561 8562 8573 8572
4862 570 8583 8584 8595 8594
4863 570 8605 8606 8618 8617
4864 570 8656 8657 8668 8667
4865 570 8679 8680 8691 8690
4866 570 8700 8701 8713 8712
4867 570 9117 9118 9129 9128
4868 570 9138 9139 9150 9149
4869 570 9160 9161 9173 9172
4870 570 9211 9212 9223 9222
4871 570 9233 9234 9245 9244
4872 570 9255 9256 9268 9267
4873 570 9306 9307 9318 9317
4874 570 9329 9330 9341 9340
4875 570 9350 9351 9363 9362
4876 570 9767 9768 9779 9778
4877 570 9788 9789 9800 9799
4878 570 9810 9811 9823 9822
4879 570 9861 9862 9873 9872
4880 570 9883 9884 9895 9894
4881 570 9905 9906 9918 9917
4882 570 9956 9957 9968 9967
4883 570 9979 9980 9991 9990
4884 570 10000 10001 10013 10012
4885 570 10417 10418 10429 10428
4886 570 10438 10439 10450 10449
4887 570 10460 10461 10473 10472
4888 570 10511 10512 10523 10522
4889 570 10533 10534 10545 10544
4890 570 10555 10556 10568 10567
4891 570 10606 10607 10618 10617
4892 570 10629 10630 10641 10640
4893 570 10650 10651 10663 10662
4894 570 11067 11068 11079 11078
4895 570 11088 11089 11100 11099
4896 570 11110 11111 11123 11122
4897 570 11161 11162 11173 11172
4898 570 11183 11184 11195 11194
4899 570 11205 11206 11218 11217
4900 570 11256 11257 11268 11267
4901 570 11279 11280 11291 11290
4902 570 11300 11301 11313 11312
4903 570 11717 11718 11729 11728
4904 570 11738 11739 11750 11749
4905 570 11760 11761 11773 11772
4906 570 11811 11812 11823 11822
4907 570 11833 11834 11845 11844
4908 570 11855 11856 11868 11867
4909 570 11906 11907 11918 11917
4910 570 11929 11930 11941 11940
4911 570 11950 11951 11963 11962
4912 570 12367 12368 12379 12378
4913 570 12388 12389 12400 12399
4914 570 12410 12411 12423 12422
4915 570 12461 12462 12473 12472
4916 570 12483 12484 12495 12494
4917 570 12505 12506 12518 12517
4918 570 12556 12557 12568 12567
4919 570 12579 12580 12591 12590
4920 570 12600 12601 12613 12612
4921 570 11 16 17 18
4922 570 32 37 38 39
4923 570 54 59 60 61
4924 570 105 110 111 112
4925 570 127 132 133 134
4926 570 149 154 155 156
4927 570 200 205 206 207
4928 570 223 228 229 230
4929 570 244 249 250 251
4930 570 661 666 667 668
4931 570 682 687 688 689
4932 570 704 709 710 711
4933 570 755 760 761 762
4934 570 777 782 783 784
4935 570 799 804 805 806
4936 570 850 855 856 857
4937 570 873 878 879 880
4938 570 894 899 900 901
4939 570 1311 1316 1317 1318
4940 570 1332 1337 1338 1339
4941 570 1354 1359 1360 1361
4942 570 1405 1410 1411 1412
4943 570 1427 1432 1433 1434
4944 570 1449 1454 1455 1456
4945 570 1500 1505 1506 1507
4946 570 1523 1528 1529 1530
4947 570 1544 1549 1550 1551
4948 570 1961 1966 1967 1968
4949 570 1982 1987 1988 1989
4950 570 2004 2009 2010 2011
4951 570 2055 2060 2061 2062
4952 570 2077 2082 2083 2084
4953 570 2099 2104 2105 2106
4954 570 2150 2155 2156 2157
4955 570 2173 2178 2179 2180
4956 570 2194 2199 2200 2201
4957 570 2611 2616 2617 2618
4958 570 2632 2637 2638 2639
4959 570 2654 2659 2660 2661
4960 570 2705 2710 2711 2712
4961 570 2727 2732 2733 2734
4962 570 2749 2754 2755 2756
4963 570 2800 2805 2806 2807
4964 570 2823 2828 2829 2830
4965 570 2844 2849 2850 2851
4966 570 3261 3266 3267 3268
4967 570 3282 3287 3288 3289
4968 570 3304 3309 3310 3311
4969 570 3355 3360 3361 3362
4970 570 3377 3382 3383 3384
4971 570 3399 3404 3405 3406
4972 570 3450 3455 3456 3457
4973 570 3473 3478 3479 3480
4974 570 3494 3499 3500 3501
4975 570 3911 3916 3917 3918
4976 570 3932 3937 3938 3939
4977 570 3954 3959 3960 3961
4978 570 4005 4010 4011 4012
4979 570 4027 4032 4033 4034
4980 570 4049 4054 4055 4056
4981 570 4100 4105 4106 4107
4982 570 4123 4128 4129 4130
4983 570 4144 4149 4150 4151
4984 570 4561 4566 4567 4568
4985 570 4582 4587 4588 4589
4986 570 4604 4609 4610 4611
4987 570 4655 4660 4661 4662
4988 570 4677 4682 4683 4684
4989 570 4699 4704 4705 4706
4990 570 4750 4755 4756 4757
4991 570 4773 4778 4779 4780
4992 570 4794 4799 4800 4801
4993 570 5211 5216 5217 5218
4994 570 5232 5237 5238 5239
4995 570 5254 5259 5260 5261
4996 570 5305 5310 5311 5312
4997 570 5327 5332 5333 5334
4998 570 5349 5354 5355 5356
4999 570 5400 5405 5406 5407
5000 570 5423 5428 5429 5430
5001 570 5444 5449 5450 5451
5002 570 5861 5866 5867 5868
5003 570 5882 5887 5888 5889
5004 570 5904 5909 5910 5911
5005 570 5955 5960 5961 5962
5006 570 5977 5982 5983 5984
5007 570 5999 6004 6005 6006
5008 570 6050 6055 6056 6057
5009 570 6073 6078 6079 6080
5010 570 6094 6099 6100 6101
5011 570 6511 6516 6517 6518
5012 570 6532 6537 6538 6539
5013 570 6554 6559 6560 6561
5014 570 6605 6610 6611 6612
5015 570 6627 6632 6633 6634
5016 570 6649 6654 6655 6656
5017 570 6700 6705 6706 6707
5018 570 6723 6728 6729 6730
5019 570 6744 6749 6750 6751
5020 570 7161 7166 7167 7168
5021 570 7182 7187 7188 7189
5022 570 7204 7209 7210 7211
5023 570 7255 7260 7261 7262
5024 570 7277 7282 7283 7284
5025 570 7299 7304 7305 7306
5026 570 7350 7355 7356 7357
5027 570 7373 7378 7379 7380
5028 570 7394 7399 7400 7401
5029 570 7811 7816 7817 7818
5030 570 7832 7837 7838 7839
5031 570 7854 7859 7860 7861
5032 570 7905 7910 7911 7912
5033 570 7927 7932 7933 7934
5034 570 7949 7954 7955 7956
5035 570 8000 8005 8006 8007
5036 570 8023 8028 8029 8030
5037 570 8044 8049 8050 8051
5038 570 8461 8466 8467 8468
5039 570 8482 8487 8488 8489
5040 570 8504 8509 8510 8511
5041 570 8555 8560 8561 8562
5042 570 8577 8582 8583 8584
5043 570 8599 8604 8605 8606
5044 570 8650 8655 8656 8657
5045 570 8673 8678 8679 8680
5046 570 8694 8699 8700 8701
5047 570 9111 9116 9117 9118
5048 570 9132 9137 9138 9139
5049 570 9154 9159 9160 9161
5050 570 9205 9210 9211 9212
5051 570 9227 9232 9233 9234
5052 570 9249 9254 9255 9256
5053 570 9300 9305 9306 9307
5054 570 9323 9328 9329 9330
5055 570 9344 9349 9350 9351
5056 570 9761 9766 9767 9768
5057 570 9782 9787 9788 9789
5058 570 9804 9809 9810 9811
5059 570 9855 9860 9861 9862
5060 570 9877 9882 9883 9884
5061 570 9899 9904 9905 9906
5062 570 9950 9955 9956 9957
5063 570 9973 9978 9979 9980
5064 570 9994 9999 10000 10001
5065 570 10411 10416 10417 10418
5066 570 10432 10437 10438 10439
5067 570 10454 10459 10460 10461
5068 570 10505 10510 10511 10512
5069 570 10527 10532 10533 10534
5070 570 10549 10554 10555 10556
5071 570 10600 10605 10606 10607
5072 570 10623 10628 10629 10630
5073 570 10644 10649 10650 10651
5074 570 11061 11066 11067 11068
5075 570 11082 11087 11088 11089
5076 570 11104 11109 11110 11111
5077 570 11155 11160 11161 11162
5078 570 11177 11182 11183 11184
5079 570 11199 11204 11205 11206
5080 570 11250 11255 11256 11257
5081 570 11273 11278 11279 11280
5082 570 11294 11299 11300 11301
5083 570 11711 11716 11717 11718
5084 570 11732 11737 11738 11739
5085 570 11754 11759 11760 11761
5086 570 11805 11810 11811 11812
5087 570 11827 11832 11833 11834
5088 570 11849 11854 11855 11856
5089 570 11900 11905 11906 11907
5090 570 11923 11928 11929 11930
5091 570 11944 11949 11950 11951
5092 570 12361 12366 12367 12368
5093 570 12382 12387 12388 12389
5094 570 12404 12409 12410 12411
5095 570 12455 12460 12461 12462
5096 570 12477 12482 12483 12484
5097 570 12499 12504 12505 12506
5098 570 12550 12555 12556 12557
5099 570 12573 12578 12579 12580
5100 570 12594 12599 12600 12601
5101 570 19 18 29 28
5102 570 40 39 50 49
5103 570 62 61 73 72
5104 570 113 112 123 122
5105 570 135 134 145 144
5106 570 157 156 168 167
5107 570 208 207 218 217
5108 570 231 230 241 240
5109 570 252 251 263 262
5110 570 669 668 679 678
5111 570 690 689 700 699
5112 570 712 711 723 722
5113 570 763 762 773 772
5114 570 785 784 795 794
5115 570 807 806 818 817
5116 570 858 857 868 867
5117 570 881 880 891 890
5118 570 902 901 913 912
5119 570 1319 1318 1329 1328
5120 570 1340 1339 1350 1349
5121 570 1362 1361 1373 1372
5122 570 1413 1412 1423 1422
5123 570 1435 1434 1445 1444
5124 570 1457 1456 1468 1467
5125 570 1508 1507 1518 1517
5126 570 1531 1530 1541 1540
5127 570 1552 1551 1563 1562
5128 570 1969 1968 1979 1978
5129 570 1990 1989 2000 1999
5130 570 2012 2011 2023 2022
5131 570 2063 2062 2073 2072
5132 570 2085 2084 2095 2094
5133 570 2107 2106 2118 2117
5134 570 2158 2157 2168 2167
5135 570 2181 2180 2191 2190
5136 570 2202 2201 2213 2212
5137 570 2619 2618 2629 2628
5138 570 2640 2639 2650 2649
5139 570 2662 2661 2673 2672
5140 570 2713 2712 2723 2722
5141 570 2735 2734 2745 2744
5142 570 2757 2756 2768 2767
5143 570 2808 2807 2818 2817
5144 570 2831 2830 2841 2840
5145 570 2852 2851 2863 2862
5146 570 3269 3268 3279 3278
5147 570 3290 3289 3300 3299
5148 570 3312 3311 3323 3322
5149 570 3363 3362 3373 3372
5150 570 3385 3384 3395 3394
5151 570 3407 3406 3418 3417
5152 570 3458 3457 3468 3467
5153 570 3481 3480 3491 3490
5154 570 3502 3501 3513 3512
5155 570 3919 3918 3929 3928
5156 570 3940 3939 3950 3949
5157 570 3962 3961 3973 3972
5158 570 4013 4012 4023 4022
5159 570 4035 4034 4045 4044
5160 570 4057 4056 4068 4067
5161 570 4108 4107 4118 4117
5162 570 4131 4130 4141 4140
5163 570 4152 4151 4163 4162
5164 570 4569 4568 4579 4578
5165 570 4590 4589 4600 4599
5166 570 4612 4611 4623 4622
5167 570 4663 4662 4673 4672
5168 570 4685 4684 4695 4694
5169 570 4707 4706 4718 4717
5170 570 4758 4757 4768 4767
5171 570 4781 4780 4791 4790
5172 570 4802 4801 4813 4812
5173 570 5219 5218 5229 5228
5174 570 5240 5239 5250 5249
5175 570 5262 5261 5273 5272
5176 570 5313 5312 5323 5322
5177 570 5335 5334 5345 5344
5178 570 5357 5356 5368 5367
5179 570 5408 5407 5418 5417
5180 570 5431 5430 5441 5440
5181 570 5452 5451 5463 5462
5182 570 5869 5868 5879 5878
5183 570 5890 5889 5900 5899
5184 570 5912 5911 5923 5922
5185 570 5963 5962 5973 5972
5186 570 5985 5984 5995 5994
5187 570 6007 6006 6018 6017
5188 570 6058 6057 6068 6067
5189 570 6081 6080 6091 6090
5190 570 6102 6101 6113 6112
5191 570 6519 6518 6529 6528
5192 570 6540 6539 6550 6549
5193 570 6562 6561 6573 6572
5194 570 6613 6612 6623 6622
5195 570 6635 6634 6645 6644
5196 570 6657 6656 6668 6667
5197 570 6708 6707 6718 6717
5198 570 6731 6730 6741 6740
5199 570 6752 6751 6763 6762
5200 570 7169 7168 7179 7178
5201 570 7190 7189 7200 7199
5202 570 7212 7211 7223 7222
5203 570 7263 7262 7273 7272
5204 570 7285 7284 7295 7294
5205 570 7307 7306 7318 7317
5206 570 7358 7357 7368 7367
5207 570 7381 7380 7391 7390
5208 570 7402 7401 7413 7412
5209 570 7819 7818 7829 7828
5210 570 7840 7839 7850 7849
5211 570 7862 7861 7873 7872
5212 570 7913 7912 7923 7922
5213 570 7935 7934 7945 7944
5214 570 7957 7956 7968 7967
5215 570 8008 8007 8018 8017
5216 570 8031 8030 8041 8040
5217 570 8052 8051 8063 8062
5218 570 8469 8468 8479 8478
5219 570 8490 8489 8500 8499
5220 570 8512 8511 8523 8522
5221 570 8563 8562 8573 8572
5222 570 8585 8584 8595 8594
5223 570 8607 8606 8618 8617
5224 570 8658 8657 8668 8667
5225 570 8681 8680 8691 8690
5226 570 8702 8701 8713 8712
5227 570 9119 9118 9129 9128
5228 570 9140 9139 9150 9149
5229 570 9162 9161 9173 9172
5230 570 9213 9212 9223 9222
5231 570 9235 9234 9245 9244
5232 570 9257 9256 9268 9267
5233 570 9308 9307 9318 9317
5234 570 9331 9330 9341 9340
5235 570 9352 9351 9363 9362
5236 570 9769 9768 9779 9778
5237 570 9790 9789 9800 9799
5238 570 9812 9811 9823 9822
5239 570 9863 9862 9873 9872
5240 570 9885 9884 9895 9894
5241 570 9907 9906 9918 9917
5242 570 9958 9957 9968 9967
5243 570 9981 9980 9991 9990
5244 570 10002 10001 10013 10012
5245 570 10419 10418 10429 10428
5246 570 10440 10439 10450 10449
5247 570 10462 10461 10473 10472
5248 570 10513 10512 10523 10522
5249 570 10535 10534 10545 10544
5250 570 10557 10556 10568 10567
5251 570 10608 10607 10618 10617
5252 570 10631 10630 10641 10640
5253 570 10652 10651 10663 10662
5254 570 11069 11068 11079 11078
5255 570 11090 11089 11100 11099
5256 570 11112 11111 11123 11122
5257 570 11163 11162 11173 11172
5258 570 11185 11184 11195 11194
5259 570 11207 11206 11218 11217
5260 570 11258 11257 11268 11267
5261 570 11281 11280 11291 11290
5262 570 11302 11301 11313 11312
5263 570 11719 11718 11729 11728
5264 570 11740 11739 11750 11749
5265 570 11762 11761 11773 11772
5266 570 11813 11812 11823 11822
5267 570 11835 11834 11845 11844
5268 570 11857 11856 11868 11867
5269 570 11908 11907 11918 11917
5270 570 11931 11930 11941 11940
5271 570 11952 11951 11963 11962
5272 570 12369 12368 12379 12378
5273 570 12390 12389 12400 12399
5274 570 12412 12411 12423 12422
5275 570 12463 12462 12473 12472
5276 570 12485 12484 12495 12494
5277 570 12507 12506 12518 12517
5278 570 12558 12557 12568 12567
5279 570 12581 12580 12591 12590
5280 570 12602 12601 12613 12612
5281 570 85 86 90 89
5282 570 180 181 185 184
5283 570 275 276 280 279
5284 570 735 736 740 739
5285 570 830 831 835 834
5286 570 925 926 930 929
5287 570 1385 1386 1390 1389
5288 570 1480 1481 1485 1484
5289 570 1575 1576 1580 1579
5290 570 2035 2036 2040 2039
5291 570 2130 2131 2135 2134
5292 570 2225 2226 2230 2229
5293 570 2685 2686 2690 2689
5294 570 2780 2781 2785 2784
5295 570 2875 2876 2880 2879
5296 570 3335 3336 3340 3339
5297 570 3430 3431 3435 3434
5298 570 3525 3526 3530 3529
5299 570 3985 3986 3990 3989
5300 570 4080 4081 4085 4084
5301 570 4175 4176 4180 4179
5302 570 4635 4636 4640 4639
5303 570 4730 4731 4735 4734
5304 570 4825 4826 4830 4829
5305 570 5285 5286 5290 5289
5306 570 5380 5381 5385 5384
5307 570 5475 5476 5480 5479
5308 570 5935 5936 5940 5939
5309 570 6030 6031 6035 6034
5310 570 6125 6126 6130 6129
5311 570 6585 6586 6590 6589
5312 570 6680 6681 6685 6684
5313 570 6775 6776 6780 6779
5314 570 7235 7236 7240 7239
5315 570 7330 7331 7335 7334
5316 570 7425 7426 7430 7429
5317 570 7885 7886 7890 7889
5318 570 7980 7981 7985 7984
5319 570 8075 8076 8080 8079
5320 570 8535 8536 8540 8539
5321 570 8630 8631 8635 8634
5322 570 8725 8726 8730 8729
5323 570 9185 9186 9190 9189
5324 570 9280 9281 9285 9284
5325 570 9375 9376 9380 9379
5326 570 9835 9836 9840 9839
5327 570 9930 9931 9935 9934
5328 570 10025 10026 10030 10029
5329 570 10485 10486 10490 10489
5330 570 10580 10581 10585 10584
5331 570 10675 10676 10680 10679
5332 570 11135 11136 11140 11139
5333 570 11230 11231 11235 11234
5334 570 11325 11326 11330 11329
5335 570 11785 11786 11790 11789
5336 570 11880 11881 11885 11884
5337 570 11975 11976 11980 11979
5338 570 12435 12436 12440 12439
5339 570 12530 12531 12535 12534
5340 570 12625 12626 12630 12629
5341 578 42 43 44 52
5342 578 692 693 694 702
5343 578 1342 1343 1344 1352
5344 578 1992 1993 1994 2002
5345 578 2642 2643 2644 2652
5346 578 3292 3293 3294 3302
5347 578 3942 3943 3944 3952
5348 578 4592 4593 4594 4602
5349 578 5242 5243 5244 5252
5350 578 5892 5893 5894 5902
5351 578 6542 6543 6544 6552
5352 578 7192 7193 7194 7202
5353 578 7842 7843 7844 7852
5354 578 8492 8493 8494 8502
5355 578 9142 9143 9144 9152
5356 578 9792 9793 9794 9802
5357 578 10442 10443 10444 10452
5358 578 11092 11093 11094 11102
5359 578 11742 11743 11744 11752
5360 578 12392 12393 12394 12402
5361 578 196 221 220 222
5362 578 199 221 220 222
5363 578 846 871 870 872
5364 578 849 871 870 872
5365 578 1496 1521 1520 1522
5366 578 1499 1521 1520 1522
5367 578 2146 2171 2170 2172
5368 578 2149 2171 2170 2172
5369 578 2796 2821 2820 2822
5370 578 2799 2821 2820 2822
5371 578 3446 3471 3470 3472
5372 578 3449 3471 3470 3472
5373 578 4096 4121 4120 4122
5374 578 4099 4121 4120 4122
5375 578 4746 4771 4770 4772
5376 578 4749 4771 4770 4772
5377 578 5396 5421 5420 5422
5378 578 5399 5421 5420 5422
5379 578 6046 6071 6070 6072
5380 578 6049 6071 6070 6072
5381 578 6696 6721 6720 6722
5382 578 6699 6721 6720 6722
5383 578 7346 7371 7370 7372
5384 578 7349 7371 7370 7372
5385 578 7996 8021 8020 8022
5386 578 7999 8021 8020 8022
5387 578 8646 8671 8670 8672
5388 578 8649 8671 8670 8672
5389 578 9296 9321 9320 9322
5390 578 9299 9321 9320 9322
5391 578 9946 9971 9970 9972
5392 578 9949 9971 9970 9972
5393 578 10596 10621 10620 10622
5394 578 10599 10621 10620 10622
5395 578 11246 11271 11270 11272
5396 578 11249 11271 11270 11272
5397 578 11896 11921 11920 11922
5398 578 11899 11921 11920 11922
5399 578 12546 12571 12570 12572
5400 578 12549 12571 12570 12572
5401 579 7 31 147 139
5402 579 10 31 147 139
5403 579 21 20 75 67
5404 579 24 20 75 67
5405 579 23 53 41 42
5406 579 23 53 41 45
5407 579 8 63 64 65
5408 579 8 63 64 68
5409 579 101 126 125 235
5410 579 104 126 125 235
5411 579 115 114 170 162
5412 579 118 114 170 162
5413 579 117 148 136 137
5414 579 117 148 136 140
5415 579 102 158 159 160
5416 579 102 158 159 163
5417 579 210 209 265 257
5418 579 213 209 265 257
5419 579 212 243 232 233
5420 579 212 243 232 236
5421 579 197 253 254 255
5422 579 197 253 254 258
5423 579 657 681 797 789
5424 579 660 681 797 789
5425 579 671 670 725 717
5426 579 674 670 725 717
5427 579 673 703 691 692
5428 579 673 703 691 695
5429 579 658 713 714 715
5430 579 658 713 714 718
5431 579 751 776 775 885
5432 579 754 776 775 885
5433 579 765 764 820 812
5434 579 768 764 820 812
5435 579 767 798 786 787
5436 579 767 798 786 790
5437 579 752 808 809 810
5438 579 752 808 809 813
5439 579 860 859 915 907
5440 579 863 859 915 907
5441 579 862 893 882 883
5442 579 862 893 882 886
5443 579 847 903 904 905
5444 579 847 903 904 908
5445 579 1307 1331 1447 1439
5446 579 1310 1331 1447 1439
5447 579 1321 1320 1375 1367
5448 579 1324 1320 1375 1367
5449 579 1323 1353 1341 1342
5450 579 1323 1353 1341 1345
5451 579 1308 1363 1364 1365
5452 579 1308 1363 1364 1368
5453 579 1401 1426 1425 1535
5454 579 1404 1426 1425 1535
5455 579 1415 1414 1470 1462
5456 579 1418 1414 1470 1462
5457 579 1417 1448 1436 1437
5458 579 1417 1448 1436 1440
5459 579 1402 1458 1459 1460
5460 579 1402 1458 1459 1463
5461 579 1510 1509 1565 1557
5462 579 1513 1509 1565 1557
5463 579 1512 1543 1532 1533
5464 579 1512 1543 1532 1536
5465 579 1497 1553 1554 1555
5466 579 1497 1553 1554 1558
5467 579 1957 1981 2097 2089
5468 579 1960 1981 2097 2089
5469 579 1971 1970 2025 2017
5470 579 1974 1970 2025 2017
5471 579 1973 2003 1991 1992
5472 579 1973 2003 1991 1995
5473 579 1958 2013 2014 2015
5474 579 1958 2013 2014 2018
5475 579 2051 2076 2075 2185
5476 579 2054 2076 2075 2185
5477 579 2065 2064 2120 2112
5478 579 2068 2064 2120 2112
5479 579 2067 2098 2086 2087
5480 579 2067 2098 2086 2090
5481 579 2052 2108 2109 2110
5482 579 2052 2108 2109 2113
5483 579 2160 2159 2215 2207
5484 579 2163 2159 2215 2207
5485 579 2162 2193 2182 2183
5486 579 2162 2193 2182 2186
5487 579 2147 2203 2204 2205
5488 579 2147 2203 2204 2208
5489 579 2607 2631 2747 2739
5490 579 2610 2631 2747 2739
5491 579 2621 2620 2675 2667
5492 579 2624 2620 2675 2667
5493 579 2623 2653 2641 2642
5494 579 2623 2653 2641 2645
5495 579 2608 2663 2664 2665
5496 579 2608 2663 2664 2668
5497 579 2701 2726 2725 2835
5498 579 2704 2726 2725 2835
5499 579 2715 2714 2770 2762
5500 579 2718 2714 2770 2762
5501 579 2717 2748 2736 2737
5502 579 2717 2748 2736 2740
5503 579 2702 2758 2759 2760
5504 579 2702 2758 2759 2763
5505 579 2810 2809 2865 2857
5506 579 2813 2809 2865 2857
5507 579 2812 2843 2832 2833
5508 579 2812 2843 2832 2836
5509 579 2797 2853 2854 2855
5510 579 2797 2853 2854 2858
5511 579 3257 3281 3397 3389
5512 579 3260 3281 3397 3389
5513 579 3271 3270 3325 3317
5514 579 3274 3270 3325 3317
5515 579 3273 3303 3291 3292
5516 579 3273 3303 3291 3295
5517 579 3258 3313 3314 3315
5518 579 3258 3313 3314 3318
5519 579 3351 3376 3375 3485
5520 579 3354 3376 3375 3485
5521 579 3365 3364 3420 3412
5522 579 3368 3364 3420 3412
5523 579 3367 3398 3386 3387
5524 579 3367 3398 3386 3390
5525 579 3352 3408 3409 3410
5526 579 3352 3408 3409 3413
5527 579 3460 3459 3515 3507
5528 579 3463 3459 3515 3507
5529 579 3462 3493 3482 3483
5530 579 3462 3493 3482 3486
5531 579 3447 3503 3504 3505
5532 579 3447 3503 3504 3508
5533 579 3907 3931 4047 4039
5534 579 3910 3931 4047 4039
5535 579 3921 3920 3975 3967
5536 579 3924 3920 3975 3967
5537 579 3923 3953 3941 3942
5538 579 3923 3953 3941 3945
5539 579 3908 3963 3964 3965
5540 579 3908 3963 3964 3968
5541 579 4001 4026 4025 4135
5542 579 4004 4026 4025 4135
5543 579 4015 4014 4070 4062
5544 579 4018 4014 4070 4062
5545 579 4017 4048 4036 4037
5546 579 4017 4048 4036 4040
5547 579 4002 4058 4059 4060
5548 579 4002 4058 4059 4063
5549 579 4110 4109 4165 4157
5550 579 4113 4109 4165 4157
5551 579 4112 4143 4132 4133
5552 579 4112 4143 4132 4136
5553 579 4097 4153 4154 4155
5554 579 4097 4153 4154 4158
5555 579 4557 4581 4697 4689
5556 579 4560 4581 4697 4689
5557 579 4571 4570 4625 4617
5558 579 4574 4570 4625 4617
5559 579 4573 4603 4591 4592
5560 579 4573 4603 4591 4595
5561 579 4558 4613 4614 4615
5562 579 4558 4613 4614 4618
5563 579 4651 4676 4675 4785
5564 579 4654 4676 4675 4785
5565 579 4665 4664 4720 4712
5566 579 4668 4664 4720 4712
5567 579 4667 4698 4686 4687
5568 579 4667 4698 4686 4690
5569 579 4652 4708 4709 4710
5570 579 4652 4708 4709 4713
5571 579 4760 4759 4815 4807
5572 579 4763 4759 4815 4807
5573 579 4762 4793 4782 4783
5574 579 4762 4793 4782 4786
5575 579 4747 4803 4804 4805
5576 579 4747 4803 4804 4808
5577 579 5207 5231 5347 5339
5578 579 5210 5231 5347 5339
5579 579 5221 5220 5275 5267
5580 579 5224 5220 5275 5267
5581 579 5223 5253 5241 5242
5582 579 5223 5253 5241 5245
5583 579 5208 5263 5264 5265
5584 579 5208 5263 5264 5268
5585 579 5301 5326 5325 5435
5586 579 5304 5326 5325 5435
5587 579 5315 5314 5370 5362
5588 579 5318 5314 5370 5362
5589 579 5317 5348 5336 5337
5590 579 5317 5348 5336 5340
5591 579 5302 5358 5359 5360
5592 579 5302 5358 5359 5363
5593 579 5410 5409 5465 5457
5594 579 5413 5409 5465 5457
5595 579 5412 5443 5432 5433
5596 579 5412 5443 5432 5436
5597 579 5397 5453 5454 5455
5598 579 5397 5453 5454 5458
5599 579 5857 5881 5997 5989
5600 579 5860 5881 5997 5989
5601 579 5871 5870 5925 5917
5602 579 5874 5870 5925 5917
5603 579 5873 5903 5891 5892
5604 579 5873 5903 5891 5895
5605 579 5858 5913 5914 5915
5606 579 5858 5913 5914 5918
5607 579 5951 5976 5975 6085
5608 579 5954 5976 5975 6085
5609 579 5965 5964 6020 6012
5610 579 5968 5964 6020 6012
5611 579 5967 5998 5986 5987
5612 579 5967 5998 5986 5990
5613 579 5952 6008 6009 6010
5614 579 5952 6008 6009 6013
5615 579 6060 6059 6115 6107
5616 579 6063 6059 6115 6107
5617 579 6062 6093 6082 6083
5618 579 6062 6093 6082 6086
5619 579 6047 6103 6104 6105
5620 579 6047 6103 6104 6108
5621 579 6507 6531 6647 6639
5622 579 6510 6531 6647 6639
5623 579 6521 6520 6575 6567
5624 579 6524 6520 6575 6567
5625 579 6523 6553 6541 6542
5626 579 6523 6553 6541 6545
5627 579 6508 6563 6564 6565
5628 579 6508 6563 6564 6568
5629 579 6601 6626 6625 6735
5630 579 6604 6626 6625 6735
5631 579 6615 6614 6670 6662
5632 579 6618 6614 6670 6662
5633 579 6617 6648 6636 6637
5634 579 6617 6648 6636 6640
5635 579 6602 6658 6659 6660
5636 579 6602 6658 6659 6663
5637 579 6710 6709 6765 6757
5638 579 6713 6709 6765 6757
5639 579 6712 6743 6732 6733
5640 579 6712 6743 6732 6736
5641 579 6697 6753 6754 6755
5642 579 6697 6753 6754 6758
5643 579 7157 7181 7297 7289
5644 579 7160 7181 7297 7289
5645 579 7171 7170 7225 7217
5646 579 7174 7170 7225 7217
5647 579 7173 7203 7191 7192
5648 579 7173 7203 7191 7195
5649 579 7158 7213 7214 7215
5650 579 7158 7213 7214 7218
5651 579 7251 7276 7275 7385
5652 579 7254 7276 7275 7385
5653 579 7265 7264 7320 7312
5654 579 7268 7264 7320 7312
5655 579 7267 7298 7286 7287
5656 579 7267 7298 7286 7290
5657 579 7252 7308 7309 7310
5658 579 7252 7308 7309 7313
5659 579 7360 7359 7415 7407
5660 579 7363 7359 7415 7407
5661 579 7362 7393 7382 7383
5662 579 7362 7393 7382 7386
5663 579 7347 7403 7404 7405
5664 579 7347 7403 7404 7408
5665 579 7807 7831 7947 7939
5666 579 7810 7831 7947 7939
5667 579 7821 7820 7875 7867
5668 579 7824 7820 7875 7867
5669 579 7823 7853 7841 7842
5670 579 7823 7853 7841 7845
5671 579 7808 7863 7864 7865
5672 579 7808 7863 7864 7868
5673 579 7901 7926 7925 8035
5674 579 7904 7926 7925 8035
5675 579 7915 7914 7970 7962
5676 579 7918 7914 7970 7962
5677 579 7917 7948 7936 7937
5678 579 7917 7948 7936 7940
5679 579 7902 7958 7959 7960
5680 579 7902 7958 7959 7963
5681 579 8010 8009 8065 8057
5682 579 8013 8009 8065 8057
5683 579 8012 8043 8032 8033
5684 579 8012 8043 8032 8036
5685 579 7997 8053 8054 8055
5686 579 7997 8053 8054 8058
5687 579 8457 8481 8597 8589
5688 579 8460 8481 8597 8589
5689 579 8471 8470 8525 8517
5690 579 8474 8470 8525 8517
5691 579 8473 8503 8491 8492
5692 579 8473 8503 8491 8495
5693 579 8458 8513 8514 8515
5694 579 8458 8513 8514 8518
5695 579 8551 8576 8575 8685
5696 579 8554 8576 8575 8685
5697 579 8565 8564 8620 8612
5698 579 8568 8564 8620 8612
5699 579 8567 8598 8586 8587
5700 579 8567 8598 8586 8590
5701 579 8552 8608 8609 8610
5702 579 8552 8608 8609 8613
5703 579 8660 8659 8715 8707
5704 579 8663 8659 8715 8707
5705 579 8662 8693 8682 8683
5706 579 8662 8693 8682 8686
5707 579 8647 8703 8704 8705
5708 579 8647 8703 8704 8708
5709 579 9107 9131 9247 9239
5710 579 9110 9131 9247 9239
5711 579 9121 9120 9175 9167
5712 579 9124 9120 9175 9167
5713 579 9123 9153 9141 9142
5714 579 9123 9153 9141 9145
5715 579 9108 9163 9164 9165
5716 579 9108 9163 9164 9168
5717 579 9201 9226 9225 9335
5718 579 9204 9226 9225 9335
5719 579 9215 9214 9270 9262
5720 579 9218 9214 9270 9262
5721 579 9217 9248 9236 9237
5722 579 9217 9248 9236 9240
5723 579 9202 9258 9259 9260
5724 579 9202 9258 9259 9263
5725 579 9310 9309 9365 9357
5726 579 9313 9309 9365 9357
5727 579 9312 9343 9332 9333
5728 579 9312 9343 9332 9336
5729 579 9297 9353 9354 9355
5730 579 9297 9353 9354 9358
5731 579 9757 9781 9897 9889
5732 579 9760 9781 9897 9889
5733 579 9771 9770 9825 9817
5734 579 9774 9770 9825 9817
5735 579 9773 9803 9791 9792
5736 579 9773 9803 9791 9795
5737 579 9758 9813 9814 9815
5738 579 9758 9813 9814 9818
5739 579 9851 9876 9875 9985
5740 579 9854 9876 9875 9985
5741 579 9865 9864 9920 9912
5742 579 9868 9864 9920 9912
5743 579 9867 9898 9886 9887
5744 579 9867 9898 9886 9890
5745 579 9852 9908 9909 9910
5746 579 9852 9908 9909 9913
5747 579 9960 9959 10015 10007
5748 579 9963 9959 10015 10007
5749 579 9962 9993 9982 9983
5750 579 9962 9993 9982 9986
5751 579 9947 10003 10004 10005
5752 579 9947 10003 10004 10008
5753 579 10407 10431 10547 10539
5754 579 10410 10431 10547 10539
5755 579 10421 10420 10475 10467
5756 579 10424 10420 10475 10467
5757 579 10423 10453 10441 10442
5758 579 10423 10453 10441 10445
5759 579 10408 10463 10464 10465
5760 579 10408 10463 10464 10468
5761 579 10501 10526 10525 10635
5762 579 10504 10526 10525 10635
5763 579 10515 10514 10570 10562
5764 579 10518 10514 10570 10562
5765 579 10517 10548 10536 10537
5766 579 10517 10548 10536 10540
5767 579 10502 10558 10559 10560
5768 579 10502 10558 10559 10563
5769 579 10610 10609 10665 10657
5770 579 10613 10609 10665 10657
5771 579 10612 10643 10632 10633
5772 579 10612 10643 10632 10636
5773 579 10597 10653 10654 10655
5774 579 10597 10653 10654 10658
5775 579 11057 11081 11197 11189
5776 579 11060 11081 11197 11189
5777 579 11071 11070 11125 11117
5778 579 11074 11070 11125 11117
5779 579 11073 11103 11091 11092
5780 579 11073 11103 11091 11095
5781 579 11058 11113 11114 11115
5782 579 11058 11113 11114 11118
5783 579 11151 11176 11175 11285
5784 579 11154 11176 11175 11285
5785 579 11165 11164 11220 11212
5786 579 11168 11164 11220 11212
5787 579 11167 11198 11186 11187
5788 579 11167 11198 11186 11190
5789 579 11152 11208 11209 11210
5790 579 11152 11208 11209 11213
5791 579 11260 11259 11315 11307
5792 579 11263 11259 11315 11307
5793 579 11262 11293 11282 11283
5794 579 11262 11293 11282 11286
5795 579 11247 11303 11304 11305
5796 579 11247 11303 11304 11308
5797 579 11707 11731 11847 11839
5798 579 11710 11731 11847 11839
5799 579 11721 11720 11775 11767
5800 579 11724 11720 11775 11767
5801 579 11723 11753 11741 11742
5802 579 11723 11753 11741 11745
5803 579 11708 11763 11764 11765
5804 579 11708 11763 11764 11768
5805 579 11801 11826 11825 11935
5806 579 11804 11826 11825 11935
5807 579 11815 11814 11870 11862
5808 579 11818 11814 11870 11862
5809 579 11817 11848 11836 11837
5810 579 11817 11848 11836 11840
5811 579 11802 11858 11859 11860
5812 579 11802 11858 11859 11863
5813 579 11910 11909 11965 11957
5814 579 11913 11909 11965 11957
5815 579 11912 11943 11932 11933
5816 579 11912 11943 11932 11936
5817 579 11897 11953 11954 11955
5818 579 11897 11953 11954 11958
5819 579 12357 12381 12497 12489
5820 579 12360 12381 12497 12489
5821 579 12371 12370 12425 12417
5822 579 12374 12370 12425 12417
5823 579 12373 12403 12391 12392
5824 579 12373 12403 12391 12395
5825 579 12358 12413 12414 12415
5826 579 12358 12413 12414 12418
5827 579 12451 12476 12475 12585
5828 579 12454 12476 12475 12585
5829 579 12465 12464 12520 12512
5830 579 12468 12464 12520 12512
5831 579 12467 12498 12486 12487
5832 579 12467 12498 12486 12490
5833 579 12452 12508 12509 12510
5834 579 12452 12508 12509 12513
5835 579 12560 12559 12615 12607
5836 579 12563 12559 12615 12607
5837 579 12562 12593 12582 12583
5838 579 12562 12593 12582 12586
5839 579 12547 12603 12604 12605
5840 579 12547 12603 12604 12608
5841 579 10 9 8 63
5842 579 21 22 23 53
5843 579 65 66 67 75
5844 579 104 103 102 158
5845 579 115 116 117 148
5846 579 137 138 139 147
5847 579 160 161 162 170
5848 579 199 198 197 253
5849 579 210 211 212 243
5850 579 125 235 234 233
5851 579 255 256 257 265
5852 579 660 659 658 713
5853 579 671 672 673 703
5854 579 715 716 717 725
5855 579 754 753 752 808
5856 579 765 766 767 798
5857 579 787 788 789 797
5858 579 810 811 812 820
5859 579 849 848 847 903
5860 579 860 861 862 893
5861 579 775 885 884 883
5862 579 905 906 907 915
5863 579 1310 1309 1308 1363
5864 579 1321 1322 1323 1353
5865 579 1365 1366 1367 1375
5866 579 1404 1403 1402 1458
5867 579 1415 1416 1417 1448
5868 579 1437 1438 1439 1447
5869 579 1460 1461 1462 1470
5870 579 1499 1498 1497 1553
5871 579 1510 1511 1512 1543
5872 579 1425 1535 1534 1533
5873 579 1555 1556 1557 1565
5874 579 1960 1959 1958 2013
5875 579 1971 1972 1973 2003
5876 579 2015 2016 2017 2025
5877 579 2054 2053 2052 2108
5878 579 2065 2066 2067 2098
5879 579 2087 2088 2089 2097
5880 579 2110 2111 2112 2120
5881 579 2149 2148 2147 2203
5882 579 2160 2161 2162 2193
5883 579 2075 2185 2184 2183
5884 579 2205 2206 2207 2215
5885 579 2610 2609 2608 2663
5886 579 2621 2622 2623 2653
5887 579 2665 2666 2667 2675
5888 579 2704 2703 2702 2758
5889 579 2715 2716 2717 2748
5890 579 2737 2738 2739 2747
5891 579 2760 2761 2762 2770
5892 579 2799 2798 2797 2853
5893 579 2810 2811 2812 2843
5894 579 2725 2835 2834 2833
5895 579 2855 2856 2857 2865
5896 579 3260 3259 3258 3313
5897 579 3271 3272 3273 3303
5898 579 3315 3316 3317 3325
5899 579 3354 3353 3352 3408
5900 579 3365 3366 3367 3398
5901 579 3387 3388 3389 3397
5902 579 3410 3411 3412 3420
5903 579 3449 3448 3447 3503
5904 579 3460 3461 3462 3493
5905 579 3375 3485 3484 3483
5906 579 3505 3506 3507 3515
5907 579 3910 3909 3908 3963
5908 579 3921 3922 3923 3953
5909 579 3965 3966 3967 3975
5910 579 4004 4003 4002 4058
5911 579 4015 4016 4017 4048
5912 579 4037 4038 4039 4047
5913 579 4060 4061 4062 4070
5914 579 4099 4098 4097 4153
5915 579 4110 4111 4112 4143
5916 579 4025 4135 4134 4133
5917 579 4155 4156 4157 4165
5918 579 4560 4559 4558 4613
5919 579 4571 4572 4573 4603
5920 579 4615 4616 4617 4625
5921 579 4654 4653 4652 4708
5922 579 4665 4666 4667 4698
5923 579 4687 4688 4689 4697
5924 579 4710 4711 4712 4720
5925 579 4749 4748 4747 4803
5926 579 4760 4761 4762 4793
5927 579 4675 4785 4784 4783
5928 579 4805 4806 4807 4815
5929 579 5210 5209 5208 5263
5930 579 5221 5222 5223 5253
5931 579 5265 5266 5267 5275
5932 579 5304 5303 5302 5358
5933 579 5315 5316 5317 5348
5934 579 5337 5338 5339 5347
5935 579 5360 5361 5362 5370
5936 579 5399 5398 5397 5453
5937 579 5410 5411 5412 5443
5938 579 5325 5435 5434 5433
5939 579 5455 5456 5457 5465
5940 579 5860 5859 5858 5913
5941 579 5871 5872 5873 5903
5942 579 5915 5916 5917 5925
5943 579 5954 5953 5952 6008
5944 579 5965 5966 5967 5998
5945 579 5987 5988 5989 5997
5946 579 6010 6011 6012 6020
5947 579 6049 6048 6047 6103
5948 579 6060 6061 6062 6093
5949 579 5975 6085 6084 6083
5950 579 6105 6106 6107 6115
5951 579 6510 6509 6508 6563
5952 579 6521 6522 6523 6553
5953 579 6565 6566 6567 6575
5954 579 6604 6603 6602 6658
5955 579 6615 6616 6617 6648
5956 579 6637 6638 6639 6647
5957 579 6660 6661 6662 6670
5958 579 6699 6698 6697 6753
5959 579 6710 6711 6712 6743
5960 579 6625 6735 6734 6733
5961 579 6755 6756 6757 6765
5962 579 7160 7159 7158 7213
5963 579 7171 7172 7173 7203
5964 579 7215 7216 7217 7225
5965 579 7254 7253 7252 7308
5966 579 7265 7266 7267 7298
5967 579 7287 7288 7289 7297
5968 579 7310 7311 7312 7320
5969 579 7349 7348 7347 7403
5970 579 7360 7361 7362 7393
5971 579 7275 7385 7384 7383
5972 579 7405 7406 7407 7415
5973 579 7810 7809 7808 7863
5974 579 7821 7822 7823 7853
5975 579 7865 7866 7867 7875
5976 579 7904 7903 7902 7958
5977 579 7915 7916 7917 7948
5978 579 7937 7938 7939 7947
5979 579 7960 7961 7962 7970
5980 579 7999 7998 7997 8053
5981 579 8010 8011 8012 8043
5982 579 7925 8035 8034 8033
5983 579 8055 8056 8057 8065
5984 579 8460 8459 8458 8513
5985 579 8471 8472 8473 8503
5986 579 8515 8516 8517 8525
5987 579 8554 8553 8552 8608
5988 579 8565 8566 8567 8598
5989 579 8587 8588 8589 8597
5990 579 8610 8611 8612 8620
5991 579 8649 8648 8647 8703
5992 579 8660 8661 8662 8693
5993 579 8575 8685 8684 8683
5994 579 8705 8706 8707 8715
5995 579 9110 9109 9108 9163
5996 579 9121 9122 9123 9153
5997 579 9165 9166 9167 9175
5998 579 9204 9203 9202 9258
5999 579 9215 9216 9217 9248
6000 579 9237 9238 9239 9247
6001 579 9260 9261 9262 9270
6002 579 9299 9298 9297 9353
6003 579 9310 9311 9312 9343
6004 579 9225 9335 9334 9333
6005 579 9355 9356 9357 9365
6006 579 9760 9759 9758 9813
6007 579 9771 9772 9773 9803
6008 579 9815 9816 9817 9825
6009 579 9854 9853 9852 9908
6010 579 9865 9866 9867 9898
6011 579 9887 9888 9889 9897
6012 579 9910 9911 9912 9920
6013 579 9949 9948 9947 10003
6014 579 9960 9961 9962 9993
6015 579 9875 9985 9984 9983
6016 579 10005 10006 10007 10015
6017 579 10410 10409 10408 10463
6018 579 10421 10422 10423 10453
6019 579 10465 10466 10467 10475
6020 579 10504 10503 10502 10558
6021 579 10515 10516 10517 10548
6022 579 10537 10538 10539 10547
6023 579 10560 10561 10562 10570
6024 579 10599 10598 10597 10653
6025 579 10610 10611 10612 10643
6026 579 10525 10635 10634 10633
6027 579 10655 10656 10657 10665
6028 579 11060 11059 11058 11113
6029 579 11071 11072 11073 11103
6030 579 11115 11116 11117 11125
6031 579 11154 11153 11152 11208
6032 579 11165 11166 11167 11198
6033 579 11187 11188 11189 11197
6034 579 11210 11211 11212 11220
6035 579 11249 11248 11247 11303
6036 579 11260 11261 11262 11293
6037 579 11175 11285 11284 11283
6038 579 11305 11306 11307 11315
6039 579 11710 11709 11708 11763
6040 579 11721 11722 11723 11753
6041 579 11765 11766 11767 11775
6042 579 11804 11803 11802 11858
6043 579 11815 11816 11817 11848
6044 579 11837 11838 11839 11847
6045 579 11860 11861 11862 11870
6046 579 11899 11898 11897 11953
6047 579 11910 11911 11912 11943
6048 579 11825 11935 11934 11933
6049 579 11955 11956 11957 11965
6050 579 12360 12359 12358 12413
6051 579 12371 12372 12373 12403
6052 579 12415 12416 12417 12425
6053 579 12454 12453 12452 12508
6054 579 12465 12466 12467 12498
6055 579 12487 12488 12489 12497
6056 579 12510 12511 12512 12520
6057 579 12549 12548 12547 12603
6058 579 12560 12561 12562 12593
6059 579 12475 12585 12584 12583
6060 579 12605 12606 12607 12615
6061 601 4 3 2 285
6062 601 98 97 96 408
6063 601 193 192 191 528
6064 601 654 653 652 935
6065 601 748 747 746 1058
6066 601 843 842 841 1178
6067 601 1304 1303 1302 1585
6068 601 1398 1397 1396 1708
6069 601 1493 1492 1491 1828
6070 601 1954 1953 1952 2235
6071 601 2048 2047 2046 2358
6072 601 2143 2142 2141 2478
6073 601 2604 2603 2602 2885
6074 601 2698 2697 2696 3008
6075 601 2793 2792 2791 3128
6076 601 3254 3253 3252 3535
6077 601 3348 3347 3346 3658
6078 601 3443 3442 3441 3778
6079 601 3904 3903 3902 4185
6080 601 3998 3997 3996 4308
6081 601 4093 4092 4091 4428
6082 601 4554 4553 4552 4835
6083 601 4648 4647 4646 4958
6084 601 4743 4742 4741 5078
6085 601 5204 5203 5202 5485
6086 601 5298 5297 5296 5608
6087 601 5393 5392 5391 5728
6088 601 5854 5853 5852 6135
6089 601 5948 5947 5946 6258
6090 601 6043 6042 6041 6378
6091 601 6504 6503 6502 6785
6092 601 6598 6597 6596 6908
6093 601 6693 6692 6691 7028
6094 601 7154 7153 7152 7435
6095 601 7248 7247 7246 7558
6096 601 7343 7342 7341 7678
6097 601 7804 7803 7802 8085
6098 601 7898 7897 7896 8208
6099 601 7993 7992 7991 8328
6100 601 8454 8453 8452 8735
6101 601 8548 8547 8546 8858
6102 601 8643 8642 8641 8978
6103 601 9104 9103 9102 9385
6104 601 9198 9197 9196 9508
6105 601 9293 9292 9291 9628
6106 601 9754 9753 9752 10035
6107 601 9848 9847 9846 10158
6108 601 9943 9942 9941 10278
6109 601 10404 10403 10402 10685
6110 601 10498 10497 10496 10808
6111 601 10593 10592 10591 10928
6112 601 11054 11053 11052 11335
6113 601 11148 11147 11146 11458
6114 601 11243 11242 11241 11578
6115 601 11704 11703 11702 11985
6116 601 11798 11797 11796 12108
6117 601 11893 11892 11891 12228
6118 601 12354 12353 12352 12635
6119 601 12448 12447 12446 12758
6120 601 12543 12542 12541 12878
6121 603 12 11 16 17
6122 603 106 105 110 111
6123 603 201 200 205 206
6124 603 662 661 666 667
6125 603 756 755 760 761
6126 603 851 850 855 856
6127 603 1312 1311 1316 1317
6128 603 1406 1405 1410 1411
6129 603 1501 1500 1505 1506
6130 603 1962 1961 1966 1967
6131 603 2056 2055 2060 2061
6132 603 2151 2150 2155 2156
6133 603 2612 2611 2616 2617
6134 603 2706 2705 2710 2711
6135 603 2801 2800 2805 2806
6136 603 3262 3261 3266 3267
6137 603 3356 3355 3360 3361
6138 603 3451 3450 3455 3456
6139 603 3912 3911 3916 3917
6140 603 4006 4005 4010 4011
6141 603 4101 4100 4105 4106
6142 603 4562 4561 4566 4567
6143 603 4656 4655 4660 4661
6144 603 4751 4750 4755 4756
6145 603 5212 5211 5216 5217
6146 603 5306 5305 5310 5311
6147 603 5401 5400 5405 5406
6148 603 5862 5861 5866 5867
6149 603 5956 5955 5960 5961
6150 603 6051 6050 6055 6056
6151 603 6512 6511 6516 6517
6152 603 6606 6605 6610 6611
6153 603 6701 6700 6705 6706
6154 603 7162 7161 7166 7167
6155 603 7256 7255 7260 7261
6156 603 7351 7350 7355 7356
6157 603 7812 7811 7816 7817
6158 603 7906 7905 7910 7911
6159 603 8001 8000 8005 8006
6160 603 8462 8461 8466 8467
6161 603 8556 8555 8560 8561
6162 603 8651 8650 8655 8656
6163 603 9112 9111 9116 9117
6164 603 9206 9205 9210 9211
6165 603 9301 9300 9305 9306
6166 603 9762 9761 9766 9767
6167 603 9856 9855 9860 9861
6168 603 9951 9950 9955 9956
6169 603 10412 10411 10416 10417
6170 603 10506 10505 10510 10511
6171 603 10601 10600 10605 10606
6172 603 11062 11061 11066 11067
6173 603 11156 11155 11160 11161
6174 603 11251 11250 11255 11256
6175 603 11712 11711 11716 11717
6176 603 11806 11805 11810 11811
6177 603 11901 11900 11905 11906
6178 603 12362 12361 12366 12367
6179 603 12456 12455 12460 12461
6180 603 12551 12550 12555 12556
6181 603 18 29 28 27
6182 603 39 50 49 48
6183 603 61 73 72 71
6184 603 112 123 122 121
6185 603 134 145 144 143
6186 603 156 168 167 166
6187 603 207 218 217 216
6188 603 230 241 240 239
6189 603 251 263 262 261
6190 603 668 679 678 677
6191 603 689 700 699 698
6192 603 711 723 722 721
6193 603 762 773 772 771
6194 603 784 795 794 793
6195 603 806 818 817 816
6196 603 857 868 867 866
6197 603 880 891 890 889
6198 603 901 913 912 911
6199 603 1318 1329 1328 1327
6200 603 1339 1350 1349 1348
6201 603 1361 1373 1372 1371
6202 603 1412 1423 1422 1421
6203 603 1434 1445 1444 1443
6204 603 1456 1468 1467 1466
6205 603 1507 1518 1517 1516
6206 603 1530 1541 1540 1539
6207 603 1551 1563 1562 1561
6208 603 1968 1979 1978 1977
6209 603 1989 2000 1999 1998
6210 603 2011 2023 2022 2021
6211 603 2062 2073 2072 2071
6212 603 2084 2095 2094 2093
6213 603 2106 2118 2117 2116
6214 603 2157 2168 2167 2166
6215 603 2180 2191 2190 2189
6216 603 2201 2213 2212 2211
6217 603 2618 2629 2628 2627
6218 603 2639 2650 2649 2648
6219 603 2661 2673 2672 2671
6220 603 2712 2723 2722 2721
6221 603 2734 2745 2744 2743
6222 603 2756 2768 2767 2766
6223 603 2807 2818 2817 2816
6224 603 2830 2841 2840 2839
6225 603 2851 2863 2862 2861
6226 603 3268 3279 3278 3277
6227 603 3289 3300 3299 3298
6228 603 3311 3323 3322 3321
6229 603 3362 3373 3372 3371
6230 603 3384 3395 3394 3393
6231 603 3406 3418 3417 3416
6232 603 3457 3468 3467 3466
6233 603 3480 3491 3490 3489
6234 603 3501 3513 3512 3511
6235 603 3918 3929 3928 3927
6236 603 3939 3950 3949 3948
6237 603 3961 3973 3972 3971
6238 603 4012 4023 4022 4021
6239 603 4034 4045 4044 4043
6240 603 4056 4068 4067 4066
6241 603 4107 4118 4117 4116
6242 603 4130 4141 4140 4139
6243 603 4151 4163 4162 4161
6244 603 4568 4579 4578 4577
6245 603 4589 4600 4599 4598
6246 603 4611 4623 4622 4621
6247 603 4662 4673 4672 4671
6248 603 4684 4695 4694 4693
6249 603 4706 4718 4717 4716
6250 603 4757 4768 4767 4766
6251 603 4780 4791 4790 4789
6252 603 4801 4813 4812 4811
6253 603 5218 5229 5228 5227
6254 603 5239 5250 5249 5248
6255 603 5261 5273 5272 5271
6256 603 5312 5323 5322 5321
6257 603 5334 5345 5344 5343
6258 603 5356 5368 5367 5366
6259 603 5407 5418 5417 5416
6260 603 5430 5441 5440 5439
6261 603 5451 5463 5462 5461
6262 603 5868 5879 5878 5877
6263 603 5889 5900 5899 5898
6264 603 5911 5923 5922 5921
6265 603 5962 5973 5972 5971
6266 603 5984 5995 5994 5993
6267 603 6006 6018 6017 6016
6268 603 6057 6068 6067 6066
6269 603 6080 6091 6090 6089
6270 603 6101 6113 6112 6111
6271 603 6518 6529 6528 6527
6272 603 6539 6550 6549 6548
6273 603 6561 6573 6572 6571
6274 603 6612 6623 6622 6621
6275 603 6634 6645 6644 6643
6276 603 6656 6668 6667 6666
6277 603 6707 6718 6717 6716
6278 603 6730 6741 6740 6739
6279 603 6751 6763 6762 6761
6280 603 7168 7179 7178 7177
6281 603 7189 7200 7199 7198
6282 603 7211 7223 7222 7221
6283 603 7262 7273 7272 7271
6284 603 7284 7295 7294 7293
6285 603 7306 7318 7317 7316
6286 603 7357 7368 7367 7366
6287 603 7380 7391 7390 7389
6288 603 7401 7413 7412 7411
6289 603 7818 7829 7828 7827
6290 603 7839 7850 7849 7848
6291 603 7861 7873 7872 7871
6292 603 7912 7923 7922 7921
6293 603 7934 7945 7944 7943
6294 603 7956 7968 7967 7966
6295 603 8007 8018 8017 8016
6296 603 8030 8041 8040 8039
6297 603 8051 8063 8062 8061
6298 603 8468 8479 8478 8477
6299 603 8489 8500 8499 8498
6300 603 8511 8523 8522 8521
6301 603 8562 8573 8572 8571
6302 603 8584 8595 8594 8593
6303 603 8606 8618 8617 8616
6304 603 8657 8668 8667 8666
6305 603 8680 8691 8690 8689
6306 603 8701 8713 8712 8711
6307 603 9118 9129 9128 9127
6308 603 9139 9150 9149 9148
6309 603 9161 9173 9172 9171
6310 603 9212 9223 9222 9221
6311 603 9234 9245 9244 9243
6312 603 9256 9268 9267 9266
6313 603 9307 9318 9317 9316
6314 603 9330 9341 9340 9339
6315 603 9351 9363 9362 9361
6316 603 9768 9779 9778 9777
6317 603 9789 9800 9799 9798
6318 603 9811 9823 9822 9821
6319 603 9862 9873 9872 9871
6320 603 9884 9895 9894 9893
6321 603 9906 9918 9917 9916
6322 603 9957 9968 9967 9966
6323 603 9980 9991 9990 9989
6324 603 10001 10013 10012 10011
6325 603 10418 10429 10428 10427
6326 603 10439 10450 10449 10448
6327 603 10461 10473 10472 10471
6328 603 10512 10523 10522 10521
6329 603 10534 10545 10544 10543
6330 603 10556 10568 10567 10566
6331 603 10607 10618 10617 10616
6332 603 10630 10641 10640 10639
6333 603 10651 10663 10662 10661
6334 603 11068 11079 11078 11077
6335 603 11089 11100 11099 11098
6336 603 11111 11123 11122 11121
6337 603 11162 11173 11172 11171
6338 603 11184 11195 11194 11193
6339 603 11206 11218 11217 11216
6340 603 11257 11268 11267 11266
6341 603 11280 11291 11290 11289
6342 603 11301 11313 11312 11311
6343 603 11718 11729 11728 11727
6344 603 11739 11750 11749 11748
6345 603 11761 11773 11772 11771
6346 603 11812 11823 11822 11821
6347 603 11834 11845 11844 11843
6348 603 11856 11868 11867 11866
6349 603 11907 11918 11917 11916
6350 603 11930 11941 11940 11939
6351 603 11951 11963 11962 11961
6352 603 12368 12379 12378 12377
6353 603 12389 12400 12399 12398
6354 603 12411 12423 12422 12421
6355 603 12462 12473 12472 12471
6356 603 12484 12495 12494 12493
6357 603 12506 12518 12517 12516
6358 603 12557 12568 12567 12566
6359 603 12580 12591 12590 12589
6360 603 12601 12613 12612 12611
6361 603 86 90 89 88
6362 603 181 185 184 183
6363 603 276 280 279 278
6364 603 736 740 739 738
6365 603 831 835 834 833
6366 603 926 930 929 928
6367 603 1386 1390 1389 1388
6368 603 1481 1485 1484 1483
6369 603 1576 1580 1579 1578
6370 603 2036 2040 2039 2038
6371 603 2131 2135 2134 2133
6372 603 2226 2230 2229 2228
6373 603 2686 2690 2689 2688
6374 603 2781 2785 2784 2783
6375 603 2876 2880 2879 2878
6376 603 3336 3340 3339 3338
6377 603 3431 3435 3434 3433
6378 603 3526 3530 3529 3528
6379 603 3986 3990 3989 3988
6380 603 4081 4085 4084 4083
6381 603 4176 4180 4179 4178
6382 603 4636 4640 4639 4638
6383 603 4731 4735 4734 4733
6384 603 4826 4830 4829 4828
6385 603 5286 5290 5289 5288
6386 603 5381 5385 5384 5383
6387 603 5476 5480 5479 5478
6388 603 5936 5940 5939 5938
6389 603 6031 6035 6034 6033
6390 603 6126 6130 6129 6128
6391 603 6586 6590 6589 6588
6392 603 6681 6685 6684 6683
6393 603 6776 6780 6779 6778
6394 603 7236 7240 7239 7238
6395 603 7331 7335 7334 7333
6396 603 7426 7430 7429 7428
6397 603 7886 7890 7889 7888
6398 603 7981 7985 7984 7983
6399 603 8076 8080 8079 8078
6400 603 8536 8540 8539 8538
6401 603 8631 8635 8634 8633
6402 603 8726 8730 8729 8728
6403 603 9186 9190 9189 9188
6404 603 9281 9285 9284 9283
6405 603 9376 9380 9379 9378
6406 603 9836 9840 9839 9838
6407 603 9931 9935 9934 9933
6408 603 10026 10030 10029 10028
6409 603 10486 10490 10489 10488
6410 603 10581 10585 10584 10583
6411 603 10676 10680 10679 10678
6412 603 11136 11140 11139 11138
6413 603 11231 11235 11234 11233
6414 603 11326 11330 11329 11328
6415 603 11786 11790 11789 11788
6416 603 11881 11885 11884 11883
6417 603 11976 11980 11979 11978
6418 603 12436 12440 12439 12438
6419 603 12531 12535 12534 12533
6420 603 12626 12630 12629 12628
6421 654 9 8 63 64
6422 654 22 23 53 41
6423 654 20 75 67 66
6424 654 103 102 158 159
6425 654 116 117 148 136
6426 654 31 147 139 138
6427 654 114 170 162 161
6428 654 198 197 253 254
6429 654 211 212 243 232
6430 654 126 125 235 234
6431 654 209 265 257 256
6432 654 659 658 713 714
6433 654 672 673 703 691
6434 654 670 725 717 716
6435 654 753 752 808 809
6436 654 766 767 798 786
6437 654 681 797 789 788
6438 654 764 820 812 811
6439 654 848 847 903 904
6440 654 861 862 893 882
6441 654 776 775 885 884
6442 654 859 915 907 906
6443 654 1309 1308 1363 1364
6444 654 1322 1323 1353 1341
6445 654 1320 1375 1367 1366
6446 654 1403 1402 1458 1459
6447 654 1416 1417 1448 1436
6448 654 1331 1447 1439 1438
6449 654 1414 1470 1462 1461
6450 654 1498 1497 1553 1554
6451 654 1511 1512 1543 1532
6452 654 1426 1425 1535 1534
6453 654 1509 1565 1557 1556
6454 654 1959 1958 2013 2014
6455 654 1972 1973 2003 1991
6456 654 1970 2025 2017 2016
6457 654 2053 2052 2108 2109
6458 654 2066 2067 2098 2086
6459 654 1981 2097 2089 2088
6460 654 2064 2120 2112 2111
6461 654 2148 2147 2203 2204
6462 654 2161 2162 2193 2182
6463 654 2076 2075 2185 2184
6464 654 2159 2215 2207 2206
6465 654 2609 2608 2663 2664
6466 654 2622 2623 2653 2641
6467 654 2620 2675 2667 2666
6468 654 2703 2702 2758 2759
6469 654 2716 2717 2748 2736
6470 654 2631 2747 2739 2738
6471 654 2714 2770 2762 2761
6472 654 2798 2797 2853 2854
6473 654 2811 2812 2843 2832
6474 654 2726 2725 2835 2834
6475 654 2809 2865 2857 2856
6476 654 3259 3258 3313 3314
6477 654 3272 3273 3303 3291
6478 654 3270 3325 3317 3316
6479 654 3353 3352 3408 3409
6480 654 3366 3367 3398 3386
6481 654 3281 3397 3389 3388
6482 654 3364 3420 3412 3411
6483 654 3448 3447 3503 3504
6484 654 3461 3462 3493 3482
6485 654 3376 3375 3485 3484
6486 654 3459 3515 3507 3506
6487 654 3909 3908 3963 3964
6488 654 3922 3923 3953 3941
6489 654 3920 3975 3967 3966
6490 654 4003 4002 4058 4059
6491 654 4016 4017 4048 4036
6492 654 3931 4047 4039 4038
6493 654 4014 4070 4062 4061
6494 654 4098 4097 4153 4154
6495 654 4111 4112 4143 4132
6496 654 4026 4025 4135 4134
6497 654 4109 4165 4157 4156
6498 654 4559 4558 4613 4614
6499 654 4572 4573 4603 4591
6500 654 4570 4625 4617 4616
6501 654 4653 4652 4708 4709
6502 654 4666 4667 4698 4686
6503 654 4581 4697 4689 4688
6504 654 4664 4720 4712 4711
6505 654 4748 4747 4803 4804
6506 654 4761 4762 4793 4782
6507 654 4676 4675 4785 4784
6508 654 4759 4815 4807 4806
6509 654 5209 5208 5263 5264
6510 654 5222 5223 5253 5241
6511 654 5220 5275 5267 5266
6512 654 5303 5302 5358 5359
6513 654 5316 5317 5348 5336
6514 654 5231 5347 5339 5338
6515 654 5314 5370 5362 5361
6516 654 5398 5397 5453 5454
6517 654 5411 5412 5443 5432
6518 654 5326 5325 5435 5434
6519 654 5409 5465 5457 5456
6520 654 5859 5858 5913 5914
6521 654 5872 5873 5903 5891
6522 654 5870 5925 5917 5916
6523 654 5953 5952 6008 6009
6524 654 5966 5967 5998 5986
6525 654 5881 5997 5989 5988
6526 654 5964 6020 6012 6011
6527 654 6048 6047 6103 6104
6528 654 6061 6062 6093 6082
6529 654 5976 5975 6085 6084
6530 654 6059 6115 6107 6106
6531 654 6509 6508 6563 6564
6532 654 6522 6523 6553 6541
6533 654 6520 6575 6567 6566
6534 654 6603 6602 6658 6659
6535 654 6616 6617 6648 6636
6536 654 6531 6647 6639 6638
6537 654 6614 6670 6662 6661
6538 654 6698 6697 6753 6754
6539 654 6711 6712 6743 6732
6540 654 6626 6625 6735 6734
6541 654 6709 6765 6757 6756
6542 654 7159 7158 7213 7214
6543 654 7172 7173 7203 7191
6544 654 7170 7225 7217 7216
6545 654 7253 7252 7308 7309
6546 654 7266 7267 7298 7286
6547 654 7181 7297 7289 7288
6548 654 7264 7320 7312 7311
6549 654 7348 7347 7403 7404
6550 654 7361 7362 7393 7382
6551 654 7276 7275 7385 7384
6552 654 7359 7415 7407 7406
6553 654 7809 7808 7863 7864
6554 654 7822 7823 7853 7841
6555 654 7820 7875 7867 7866
6556 654 7903 7902 7958 7959
6557 654 7916 7917 7948 7936
6558 654 7831 7947 7939 7938
6559 654 7914 7970 7962 7961
6560 654 7998 7997 8053 8054
6561 654 8011 8012 8043 8032
6562 654 7926 7925 8035 8034
6563 654 8009 8065 8057 8056
6564 654 8459 8458 8513 8514
6565 654 8472 8473 8503 8491
6566 654 8470 8525 8517 8516
6567 654 8553 8552 8608 8609
6568 654 8566 8567 8598 8586
6569 654 8481 8597 8589 8588
6570 654 8564 8620 8612 8611
6571 654 8648 8647 8703 8704
6572 654 8661 8662 8693 8682
6573 654 8576 8575 8685 8684
6574 654 8659 8715 8707 8706
6575 654 9109 9108 9163 9164
6576 654 9122 9123 9153 9141
6577 654 9120 9175 9167 9166
6578 654 9203 9202 9258 9259
6579 654 9216 9217 9248 9236
6580 654 9131 9247 9239 9238
6581 654 9214 9270 9262 9261
6582 654 9298 9297 9353 9354
6583 654 9311 9312 9343 9332
6584 654 9226 9225 9335 9334
6585 654 9309 9365 9357 9356
6586 654 9759 9758 9813 9814
6587 654 9772 9773 9803 9791
6588 654 9770 9825 9817 9816
6589 654 9853 9852 9908 9909
6590 654 9866 9867 9898 9886
6591 654 9781 9897 9889 9888
6592 654 9864 9920 9912 9911
6593 654 9948 9947 10003 10004
6594 654 9961 9962 9993 9982
6595 654 9876 9875 9985 9984
6596 654 9959 10015 10007 10006
6597 654 10409 10408 10463 10464
6598 654 10422 10423 10453 10441
6599 654 10420 10475 10467 10466
6600 654 10503 10502 10558 10559
6601 654 10516 10517 10548 10536
6602 654 10431 10547 10539 10538
6603 654 10514 10570 10562 10561
6604 654 10598 10597 10653 10654
6605 654 10611 10612 10643 10632
6606 654 10526 10525 10635 10634
6607 654 10609 10665 10657 10656
6608 654 11059 11058 11113 11114
6609 654 11072 11073 11103 11091
6610 654 11070 11125 11117 11116
6611 654 11153 11152 11208 11209
6612 654 11166 11167 11198 11186
6613 654 11081 11197 11189 11188
6614 654 11164 11220 11212 11211
6615 654 11248 11247 11303 11304
6616 654 11261 11262 11293 11282
6617 654 11176 11175 11285 11284
6618 654 11259 11315 11307 11306
6619 654 11709 11708 11763 11764
6620 654 11722 11723 11753 11741
6621 654 11720 11775 11767 11766
6622 654 11803 11802 11858 11859
6623 654 11816 11817 11848 11836
6624 654 11731 11847 11839 11838
6625 654 11814 11870 11862 11861
6626 654 11898 11897 11953 11954
6627 654 11911 11912 11943 11932
6628 654 11826 11825 11935 11934
6629 654 11909 11965 11957 11956
6630 654 12359 12358 12413 12414
6631 654 12372 12373 12403 12391
6632 654 12370 12425 12417 12416
6633 654 12453 12452 12508 12509
6634 654 12466 12467 12498 12486
6635 654 12381 12497 12489 12488
6636 654 12464 12520 12512 12511
6637 654 12548 12547 12603 12604
6638 654 12561 12562 12593 12582
6639 654 12476 12475 12585 12584
6640 654 12559 12615 12607 12606
6641 735 32 33 34 323
6642 735 32 33 34 324
6643 735 54 55 56 350
6644 735 54 55 56 351
6645 735 127 128 129 446
6646 735 127 128 129 447
6647 735 149 150 151 470
6648 735 149 150 151 471
6649 735 223 224 225 569
6650 735 223 224 225 570
6651 735 244 245 246 593
6652 735 244 245 246 594
6653 735 682 683 684 973
6654 735 682 683 684 974
6655 735 704 705 706 1000
6656 735 704 705 706 1001
6657 735 777 778 779 1096
6658 735 777 778 779 1097
6659 735 799 800 801 1120
6660 735 799 800 801 1121
6661 735 873 874 875 1219
6662 735 873 874 875 1220
6663 735 894 895 896 1243
6664 735 894 895 896 1244
6665 735 1332 1333 1334 1623
6666 735 1332 1333 1334 1624
6667 735 1354 1355 1356 1650
6668 735 1354 1355 1356 1651
6669 735 1427 1428 1429 1746
6670 735 1427 1428 1429 1747
6671 735 1449 1450 1451 1770
6672 735 1449 1450 1451 1771
6673 735 1523 1524 1525 1869
6674 735 1523 1524 1525 1870
6675 735 1544 1545 1546 1893
6676 735 1544 1545 1546 1894
6677 735 1982 1983 1984 2273
6678 735 1982 1983 1984 2274
6679 735 2004 2005 2006 2300
6680 735 2004 2005 2006 2301
6681 735 2077 2078 2079 2396
6682 735 2077 2078 2079 2397
6683 735 2099 2100 2101 2420
6684 735 2099 2100 2101 2421
6685 735 2173 2174 2175 2519
6686 735 2173 2174 2175 2520
6687 735 2194 2195 2196 2543
6688 735 2194 2195 2196 2544
6689 735 2632 2633 2634 2923
6690 735 2632 2633 2634 2924
6691 735 2654 2655 2656 2950
6692 735 2654 2655 2656 2951
6693 735 2727 2728 2729 3046
6694 735 2727 2728 2729 3047
6695 735 2749 2750 2751 3070
6696 735 2749 2750 2751 3071
6697 735 2823 2824 2825 3169
6698 735 2823 2824 2825 3170
6699 735 2844 2845 2846 3193
6700 735 2844 2845 2846 3194
6701 735 3282 3283 3284 3573
6702 735 3282 3283 3284 3574
6703 735 3304 3305 3306 3600
6704 735 3304 3305 3306 3601
6705 735 3377 3378 3379 3696
6706 735 3377 3378 3379 3697
6707 735 3399 3400 3401 3720
6708 735 3399 3400 3401 3721
6709 735 3473 3474 3475 3819
6710 735 3473 3474 3475 3820
6711 735 3494 3495 3496 3843
6712 735 3494 3495 3496 3844
6713 735 3932 3933 3934 4223
6714 735 3932 3933 3934 4224
6715 735 3954 3955 3956 4250
6716 735 3954 3955 3956 4251
6717 735 4027 4028 4029 4346
6718 735 4027 4028 4029 4347
6719 735 4049 4050 4051 4370
6720 735 4049 4050 4051 4371
6721 735 4123 4124 4125 4469
6722 735 4123 4124 4125 4470
6723 735 4144 4145 4146 4493
6724 735 4144 4145 4146 4494
6725 735 4582 4583 4584 4873
6726 735 4582 4583 4584 4874
6727 735 4604 4605 4606 4900
6728 735 4604 4605 4606 4901
6729 735 4677 4678 4679 4996
6730 735 4677 4678 4679 4997
6731 735 4699 4700 4701 5020
6732 735 4699 4700 4701 5021
6733 735 4773 4774 4775 5119
6734 735 4773 4774 4775 5120
6735 735 4794 4795 4796 5143
6736 735 4794 4795 4796 5144
6737 735 5232 5233 5234 5523
6738 735 5232 5233 5234 5524
6739 735 5254 5255 5256 5550
6740 735 5254 5255 5256 5551
6741 735 5327 5328 5329 5646
6742 735 5327 5328 5329 5647
6743 735 5349 5350 5351 5670
6744 735 5349 5350 5351 5671
6745 735 5423 5424 5425 5769
6746 735 5423 5424 5425 5770
6747 735 5444 5445 5446 5793
6748 735 5444 5445 5446 5794
6749 735 5882 5883 5884 6173
6750 735 5882 5883 5884 6174
6751 735 5904 5905 5906 6200
6752 735 5904 5905 5906 6201
6753 735 5977 5978 5979 6296
6754 735 5977 5978 5979 6297
6755 735 5999 6000 6001 6320
6756 735 5999 6000 6001 6321
6757 735 6073 6074 6075 6419
6758 735 6073 6074 6075 6420
6759 735 6094 6095 6096 6443
6760 735 6094 6095 6096 6444
6761 735 6532 6533 6534 6823
6762 735 6532 6533 6534 6824
6763 735 6554 6555 6556 6850
6764 735 6554 6555 6556 6851
6765 735 6627 6628 6629 6946
6766 735 6627 6628 6629 6947
6767 735 6649 6650 6651 6970
6768 735 6649 6650 6651 6971
6769 735 6723 6724 6725 7069
6770 735 6723 6724 6725 7070
6771 735 6744 6745 6746 7093
6772 735 6744 6745 6746 7094
6773 735 7182 7183 7184 7473
6774 735 7182 7183 7184 7474
6775 735 7204 7205 7206 7500
6776 735 7204 7205 7206 7501
6777 735 7277 7278 7279 7596
6778 735 7277 7278 7279 7597
6779 735 7299 7300 7301 7620
6780 735 7299 7300 7301 7621
6781 735 7373 7374 7375 7719
6782 735 7373 7374 7375 7720
6783 735 7394 7395 7396 7743
6784 735 7394 7395 7396 7744
6785 735 7832 7833 7834 8123
6786 735 7832 7833 7834 8124
6787 735 7854 7855 7856 8150
6788 735 7854 7855 7856 8151
6789 735 7927 7928 7929 8246
6790 735 7927 7928 7929 8247
6791 735 7949 7950 7951 8270
6792 735 7949 7950 7951 8271
6793 735 8023 8024 8025 8369
6794 735 8023 8024 8025 8370
6795 735 8044 8045 8046 8393
6796 735 8044 8045 8046 8394
6797 735 8482 8483 8484 8773
6798 735 8482 8483 8484 8774
6799 735 8504 8505 8506 8800
6800 735 8504 8505 8506 8801
6801 735 8577 8578 8579 8896
6802 735 8577 8578 8579 8897
6803 735 8599 8600 8601 8920
6804 735 8599 8600 8601 8921
6805 735 8673 8674 8675 9019
6806 735 8673 8674 8675 9020
6807 735 8694 8695 8696 9043
6808 735 8694 8695 8696 9044
6809 735 9132 9133 9134 9423
6810 735 9132 9133 9134 9424
6811 735 9154 9155 9156 9450
6812 735 9154 9155 9156 9451
6813 735 9227 9228 9229 9546
6814 735 9227 9228 9229 9547
6815 735 9249 9250 9251 9570
6816 735 9249 9250 9251 9571
6817 735 9323 9324 9325 9669
6818 735 9323 9324 9325 9670
6819 735 9344 9345 9346 9693
6820 735 9344 9345 9346 9694
6821 735 9782 9783 9784 10073
6822 735 9782 9783 9784 10074
6823 735 9804 9805 9806 10100
6824 735 9804 9805 9806 10101
6825 735 9877 9878 9879 10196
6826 735 9877 9878 9879 10197
6827 735 9899 9900 9901 10220
6828 735 9899 9900 9901 10221
6829 735 9973 9974 9975 10319
6830 735 9973 9974 9975 10320
6831 735 9994 9995 9996 10343
6832 735 9994 9995 9996 10344
6833 735 10432 10433 10434 10723
6834 735 10432 10433 10434 10724
6835 735 10454 10455 10456 10750
6836 735 10454 10455 10456 10751
6837 735 10527 10528 10529 10846
6838 735 10527 10528 10529 10847
6839 735 10549 10550 10551 10870
6840 735 10549 10550 10551 10871
6841 735 10623 10624 10625 10969
6842 735 10623 10624 10625 10970
6843 735 10644 10645 10646 10993
6844 735 10644 10645 10646 10994
6845 735 11082 11083 11084 11373
6846 735 11082 11083 11084 11374
6847 735 11104 11105 11106 11400
6848 735 11104 11105 11106 11401
6849 735 11177 11178 11179 11496
6850 735 11177 11178 11179 11497
6851 735 11199 11200 11201 11520
6852 735 11199 11200 11201 11521
6853 735 11273 11274 11275 11619
6854 735 11273 11274 11275 11620
6855 735 11294 11295 11296 11643
6856 735 11294 11295 11296 11644
6857 735 11732 11733 11734 12023
6858 735 11732 11733 11734 12024
6859 735 11754 11755 11756 12050
6860 735 11754 11755 11756 12051
6861 735 11827 11828 11829 12146
6862 735 11827 11828 11829 12147
6863 735 11849 11850 11851 12170
6864 735 11849 11850 11851 12171
6865 735 11923 11924 11925 12269
6866 735 11923 11924 11925 12270
6867 735 11944 11945 11946 12293
6868 735 11944 11945 11946 12294
6869 735 12382 12383 12384 12673
6870 735 12382 12383 12384 12674
6871 735 12404 12405 12406 12700
6872 735 12404 12405 12406 12701
6873 735 12477 12478 12479 12796
6874 735 12477 12478 12479 12797
6875 735 12499 12500 12501 12820
6876 735 12499 12500 12501 12821
6877 735 12573 12574 12575 12919
6878 735 12573 12574 12575 12920
6879 735 12594 12595 12596 12943
6880 735 12594 12595 12596 12944
6881 747 3 4 5 6
6882 747 97 98 99 100
6883 747 192 193 194 195
6884 747 653 654 655 656
6885 747 747 748 749 750
6886 747 842 843 844 845
6887 747 1303 1304 1305 1306
6888 747 1397 1398 1399 1400
6889 747 1492 1493 1494 1495
6890 747 1953 1954 1955 1956
6891 747 2047 2048 2049 2050
6892 747 2142 2143 2144 2145
6893 747 2603 2604 2605 2606
6894 747 2697 2698 2699 2700
6895 747 2792 2793 2794 2795
6896 747 3253 3254 3255 3256
6897 747 3347 3348 3349 3350
6898 747 3442 3443 3444 3445
6899 747 3903 3904 3905 3906
6900 747 3997 3998 3999 4000
6901 747 4092 4093 4094 4095
6902 747 4553 4554 4555 4556
6903 747 4647 4648 4649 4650
6904 747 4742 4743 4744 4745
6905 747 5203 5204 5205 5206
6906 747 5297 5298 5299 5300
6907 747 5392 5393 5394 5395
6908 747 5853 5854 5855 5856
6909 747 5947 5948 5949 5950
6910 747 6042 6043 6044 6045
6911 747 6503 6504 6505 6506
6912 747 6597 6598 6599 6600
6913 747 6692 6693 6694 6695
6914 747 7153 7154 7155 7156
6915 747 7247 7248 7249 7250
6916 747 7342 7343 7344 7345
6917 747 7803 7804 7805 7806
6918 747 7897 7898 7899 7900
6919 747 7992 7993 7994 7995
6920 747 8453 8454 8455 8456
6921 747 8547 8548 8549 8550
6922 747 8642 8643 8644 8645
6923 747 9103 9104 9105 9106
6924 747 9197 9198 9199 9200
6925 747 9292 9293 9294 9295
6926 747 9753 9754 9755 9756
6927 747 9847 9848 9849 9850
6928 747 9942 9943 9944 9945
6929 747 10403 10404 10405 10406
6930 747 10497 10498 10499 10500
6931 747 10592 10593 10594 10595
6932 747 11053 11054 11055 11056
6933 747 11147 11148 11149 11150
6934 747 11242 11243 11244 11245
6935 747 11703 11704 11705 11706
6936 747 11797 11798 11799 11800
6937 747 11892 11893 11894 11895
6938 747 12353 12354 12355 12356
6939 747 12447 12448 12449 12450
6940 747 12542 12543 12544 12545
6941 747 11 12 13 93
6942 747 105 106 107 188
6943 747 200 201 202 283
6944 747 661 662 663 743
6945 747 755 756 757 838
6946 747 850 851 852 933
6947 747 1311 1312 1313 1393
6948 747 1405 1406 1407 1488
6949 747 1500 1501 1502 1583
6950 747 1961 1962 1963 2043
6951 747 2055 2056 2057 2138
6952 747 2150 2151 2152 2233
6953 747 2611 2612 2613 2693
6954 747 2705 2706 2707 2788
6955 747 2800 2801 2802 2883
6956 747 3261 3262 3263 3343
6957 747 3355 3356 3357 3438
6958 747 3450 3451 3452 3533
6959 747 3911 3912 3913 3993
6960 747 4005 4006 4007 4088
6961 747 4100 4101 4102 4183
6962 747 4561 4562 4563 4643
6963 747 4655 4656 4657 4738
6964 747 4750 4751 4752 4833
6965 747 5211 5212 5213 5293
6966 747 5305 5306 5307 5388
6967 747 5400 5401 5402 5483
6968 747 5861 5862 5863 5943
6969 747 5955 5956 5957 6038
6970 747 6050 6051 6052 6133
6971 747 6511 6512 6513 6593
6972 747 6605 6606 6607 6688
6973 747 6700 6701 6702 6783
6974 747 7161 7162 7163 7243
6975 747 7255 7256 7257 7338
6976 747 7350 7351 7352 7433
6977 747 7811 7812 7813 7893
6978 747 7905 7906 7907 7988
6979 747 8000 8001 8002 8083
6980 747 8461 8462 8463 8543
6981 747 8555 8556 8557 8638
6982 747 8650 8651 8652 8733
6983 747 9111 9112 9113 9193
6984 747 9205 9206 9207 9288
6985 747 9300 9301 9302 9383
6986 747 9761 9762 9763 9843
6987 747 9855 9856 9857 9938
6988 747 9950 9951 9952 10033
6989 747 10411 10412 10413 10493
6990 747 10505 10506 10507 10588
6991 747 10600 10601 10602 10683
6992 747 11061 11062 11063 11143
6993 747 11155 11156 11157 11238
6994 747 11250 11251 11252 11333
6995 747 11711 11712 11713 11793
6996 747 11805 11806 11807 11888
6997 747 11900 11901 11902 11983
6998 747 12361 12362 12363 12443
6999 747 12455 12456 12457 12538
7000 747 12550 12551 12552 12633
7001 747 25 26 27 28
7002 747 46 47 48 49
7003 747 69 70 71 72
7004 747 119 120 121 122
7005 747 141 142 143 144
7006 747 164 165 166 167
7007 747 214 215 216 217
7008 747 237 238 239 240
7009 747 259 260 261 262
7010 747 675 676 677 678
7011 747 696 697 698 699
7012 747 719 720 721 722
7013 747 769 770 771 772
7014 747 791 792 793 794
7015 747 814 815 816 817
7016 747 864 865 866 867
7017 747 887 888 889 890
7018 747 909 910 911 912
7019 747 1325 1326 1327 1328
7020 747 1346 1347 1348 1349
7021 747 1369 1370 1371 1372
7022 747 1419 1420 1421 1422
7023 747 1441 1442 1443 1444
7024 747 1464 1465 1466 1467
7025 747 1514 1515 1516 1517
7026 747 1537 1538 1539 1540
7027 747 1559 1560 1561 1562
7028 747 1975 1976 1977 1978
7029 747 1996 1997 1998 1999
7030 747 2019 2020 2021 2022
7031 747 2069 2070 2071 2072
7032 747 2091 2092 2093 2094
7033 747 2114 2115 2116 2117
7034 747 2164 2165 2166 2167
7035 747 2187 2188 2189 2190
7036 747 2209 2210 2211 2212
7037 747 2625 2626 2627 2628
7038 747 2646 2647 2648 2649
7039 747 2669 2670 2671 2672
7040 747 2719 2720 2721 2722
7041 747 2741 2742 2743 2744
7042 747 2764 2765 2766 2767
7043 747 2814 2815 2816 2817
7044 747 2837 2838 2839 2840
7045 747 2859 2860 2861 2862
7046 747 3275 3276 3277 3278
7047 747 3296 3297 3298 3299
7048 747 3319 3320 3321 3322
7049 747 3369 3370 3371 3372
7050 747 3391 3392 3393 3394
7051 747 3414 3415 3416 3417
7052 747 3464 3465 3466 3467
7053 747 3487 3488 3489 3490
7054 747 3509 3510 3511 3512
7055 747 3925 3926 3927 3928
7056 747 3946 3947 3948 3949
7057 747 3969 3970 3971 3972
7058 747 4019 4020 4021 4022
7059 747 4041 4042 4043 4044
7060 747 4064 4065 4066 4067
7061 747 4114 4115 4116 4117
7062 747 4137 4138 4139 4140
7063 747 4159 4160 4161 4162
7064 747 4575 4576 4577 4578
7065 747 4596 4597 4598 4599
7066 747 4619 4620 4621 4622
7067 747 4669 4670 4671 4672
7068 747 4691 4692 4693 4694
7069 747 4714 4715 4716 4717
7070 747 4764 4765 4766 4767
7071 747 4787 4788 4789 4790
7072 747 4809 4810 4811 4812
7073 747 5225 5226 5227 5228
7074 747 5246 5247 5248 5249
7075 747 5269 5270 5271 5272
7076 747 5319 5320 5321 5322
7077 747 5341 5342 5343 5344
7078 747 5364 5365 5366 5367
7079 747 5414 5415 5416 5417
7080 747 5437 5438 5439 5440
7081 747 5459 5460 5461 5462
7082 747 5875 5876 5877 5878
7083 747 5896 5897 5898 5899
7084 747 5919 5920 5921 5922
7085 747 5969 5970 5971 5972
7086 747 5991 5992 5993 5994
7087 747 6014 6015 6016 6017
7088 747 6064 6065 6066 6067
7089 747 6087 6088 6089 6090
7090 747 6109 6110 6111 6112
7091 747 6525 6526 6527 6528
7092 747 6546 6547 6548 6549
7093 747 6569 6570 6571 6572
7094 747 6619 6620 6621 6622
7095 747 6641 6642 6643 6644
7096 747 6664 6665 6666 6667
7097 747 6714 6715 6716 6717
7098 747 6737 6738 6739 6740
7099 747 6759 6760 6761 6762
7100 747 7175 7176 7177 7178
7101 747 7196 7197 7198 7199
7102 747 7219 7220 7221 7222
7103 747 7269 7270 7271 7272
7104 747 7291 7292 7293 7294
7105 747 7314 7315 7316 7317
7106 747 7364 7365 7366 7367
7107 747 7387 7388 7389 7390
7108 747 7409 7410 7411 7412
7109 747 7825 7826 7827 7828
7110 747 7846 7847 7848 7849
7111 747 7869 7870 7871 7872
7112 747 7919 7920 7921 7922
7113 747 7941 7942 7943 7944
7114 747 7964 7965 7966 7967
7115 747 8014 8015 8016 8017
7116 747 8037 8038 8039 8040
7117 747 8059 8060 8061 8062
7118 747 8475 8476 8477 8478
7119 747 8496 8497 8498 8499
7120 747 8519 8520 8521 8522
7121 747 8569 8570 8571 8572
7122 747 8591 8592 8593 8594
7123 747 8614 8615 8616 8617
7124 747 8664 8665 8666 8667
7125 747 8687 8688 8689 8690
7126 747 8709 8710 8711 8712
7127 747 9125 9126 9127 9128
7128 747 9146 9147 9148 9149
7129 747 9169 9170 9171 9172
7130 747 9219 9220 9221 9222
7131 747 9241 9242 9243 9244
7132 747 9264 9265 9266 9267
7133 747 9314 9315 9316 9317
7134 747 9337 9338 9339 9340
7135 747 9359 9360 9361 9362
7136 747 9775 9776 9777 9778
7137 747 9796 9797 9798 9799
7138 747 9819 9820 9821 9822
7139 747 9869 9870 9871 9872
7140 747 9891 9892 9893 9894
7141 747 9914 9915 9916 9917
7142 747 9964 9965 9966 9967
7143 747 9987 9988 9989 9990
7144 747 10009 10010 10011 10012
7145 747 10425 10426 10427 10428
7146 747 10446 10447 10448 10449
7147 747 10469 10470 10471 10472
7148 747 10519 10520 10521 10522
7149 747 10541 10542 10543 10544
7150 747 10564 10565 10566 10567
7151 747 10614 10615 10616 10617
7152 747 10637 10638 10639 10640
7153 747 10659 10660 10661 10662
7154 747 11075 11076 11077 11078
7155 747 11096 11097 11098 11099
7156 747 11119 11120 11121 11122
7157 747 11169 11170 11171 11172
7158 747 11191 11192 11193 11194
7159 747 11214 11215 11216 11217
7160 747 11264 11265 11266 11267
7161 747 11287 11288 11289 11290
7162 747 11309 11310 11311 11312
7163 747 11725 11726 11727 11728
7164 747 11746 11747 11748 11749
7165 747 11769 11770 11771 11772
7166 747 11819 11820 11821 11822
7167 747 11841 11842 11843 11844
7168 747 11864 11865 11866 11867
7169 747 11914 11915 11916 11917
7170 747 11937 11938 11939 11940
7171 747 11959 11960 11961 11962
7172 747 12375 12376 12377 12378
7173 747 12396 12397 12398 12399
7174 747 12419 12420 12421 12422
7175 747 12469 12470 12471 12472
7176 747 12491 12492 12493 12494
7177 747 12514 12515 12516 12517
7178 747 12564 12565 12566 12567
7179 747 12587 12588 12589 12590
7180 747 12609 12610 12611 12612
7181 747 13 93 88 89
7182 747 107 188 183 184
7183 747 202 283 278 279
7184 747 663 743 738 739
7185 747 757 838 833 834
7186 747 852 933 928 929
7187 747 1313 1393 1388 1389
7188 747 1407 1488 1483 1484
7189 747 1502 1583 1578 1579
7190 747 1963 2043 2038 2039
7191 747 2057 2138 2133 2134
7192 747 2152 2233 2228 2229
7193 747 2613 2693 2688 2689
7194 747 2707 2788 2783 2784
7195 747 2802 2883 2878 2879
7196 747 3263 3343 3338 3339
7197 747 3357 3438 3433 3434
7198 747 3452 3533 3528 3529
7199 747 3913 3993 3988 3989
7200 747 4007 4088 4083 4084
7201 747 4102 4183 4178 4179
7202 747 4563 4643 4638 4639
7203 747 4657 4738 4733 4734
7204 747 4752 4833 4828 4829
7205 747 5213 5293 5288 5289
7206 747 5307 5388 5383 5384
7207 747 5402 5483 5478 5479
7208 747 5863 5943 5938 5939
7209 747 5957 6038 6033 6034
7210 747 6052 6133 6128 6129
7211 747 6513 6593 6588 6589
7212 747 6607 6688 6683 6684
7213 747 6702 6783 6778 6779
7214 747 7163 7243 7238 7239
7215 747 7257 7338 7333 7334
7216 747 7352 7433 7428 7429
7217 747 7813 7893 7888 7889
7218 747 7907 7988 7983 7984
7219 747 8002 8083 8078 8079
7220 747 8463 8543 8538 8539
7221 747 8557 8638 8633 8634
7222 747 8652 8733 8728 8729
7223 747 9113 9193 9188 9189
7224 747 9207 9288 9283 9284
7225 747 9302 9383 9378 9379
7226 747 9763 9843 9838 9839
7227 747 9857 9938 9933 9934
7228 747 9952 10033 10028 10029
7229 747 10413 10493 10488 10489
7230 747 10507 10588 10583 10584
7231 747 10602 10683 10678 10679
7232 747 11063 11143 11138 11139
7233 747 11157 11238 11233 11234
7234 747 11252 11333 11328 11329
7235 747 11713 11793 11788 11789
7236 747 11807 11888 11883 11884
7237 747 11902 11983 11978 11979
7238 747 12363 12443 12438 12439
7239 747 12457 12538 12533 12534
7240 747 12552 12633 12628 12629
7241 775 11 16 17 303
7242 775 11 16 17 304
7243 775 32 37 38 328
7244 775 32 37 38 329
7245 775 54 59 60 355
7246 775 54 59 60 356
7247 775 89 90 86 394
7248 775 89 90 86 395
7249 775 105 110 111 426
7250 775 105 110 111 427
7251 775 127 132 133 451
7252 775 127 132 133 452
7253 775 149 154 155 475
7254 775 149 154 155 476
7255 775 184 185 181 514
7256 775 184 185 181 515
7257 775 200 205 206 546
7258 775 200 205 206 547
7259 775 223 228 229 574
7260 775 223 228 229 575
7261 775 244 249 250 598
7262 775 244 249 250 599
7263 775 279 280 276 637
7264 775 279 280 276 638
7265 775 661 666 667 953
7266 775 661 666 667 954
7267 775 682 687 688 978
7268 775 682 687 688 979
7269 775 704 709 710 1005
7270 775 704 709 710 1006
7271 775 739 740 736 1044
7272 775 739 740 736 1045
7273 775 755 760 761 1076
7274 775 755 760 761 1077
7275 775 777 782 783 1101
7276 775 777 782 783 1102
7277 775 799 804 805 1125
7278 775 799 804 805 1126
7279 775 834 835 831 1164
7280 775 834 835 831 1165
7281 775 850 855 856 1196
7282 775 850 855 856 1197
7283 775 873 878 879 1224
7284 775 873 878 879 1225
7285 775 894 899 900 1248
7286 775 894 899 900 1249
7287 775 929 930 926 1287
7288 775 929 930 926 1288
7289 775 1311 1316 1317 1603
7290 775 1311 1316 1317 1604
7291 775 1332 1337 1338 1628
7292 775 1332 1337 1338 1629
7293 775 1354 1359 1360 1655
7294 775 1354 1359 1360 1656
7295 775 1389 1390 1386 1694
7296 775 1389 1390 1386 1695
7297 775 1405 1410 1411 1726
7298 775 1405 1410 1411 1727
7299 775 1427 1432 1433 1751
7300 775 1427 1432 1433 1752
7301 775 1449 1454 1455 1775
7302 775 1449 1454 1455 1776
7303 775 1484 1485 1481 1814
7304 775 1484 1485 1481 1815
7305 775 1500 1505 1506 1846
7306 775 1500 1505 1506 1847
7307 775 1523 1528 1529 1874
7308 775 1523 1528 1529 1875
7309 775 1544 1549 1550 1898
7310 775 1544 1549 1550 1899
7311 775 1579 1580 1576 1937
7312 775 1579 1580 1576 1938
7313 775 1961 1966 1967 2253
7314 775 1961 1966 1967 2254
7315 775 1982 1987 1988 2278
7316 775 1982 1987 1988 2279
7317 775 2004 2009 2010 2305
7318 775 2004 2009 2010 2306
7319 775 2039 2040 2036 2344
7320 775 2039 2040 2036 2345
7321 775 2055 2060 2061 2376
7322 775 2055 2060 2061 2377
7323 775 2077 2082 2083 2401
7324 775 2077 2082 2083 2402
7325 775 2099 2104 2105 2425
7326 775 2099 2104 2105 2426
7327 775 2134 2135 2131 2464
7328 775 2134 2135 2131 2465
7329 775 2150 2155 2156 2496
7330 775 2150 2155 2156 2497
7331 775 2173 2178 2179 2524
7332 775 2173 2178 2179 2525
7333 775 2194 2199 2200 2548
7334 775 2194 2199 2200 2549
7335 775 2229 2230 2226 2587
7336 775 2229 2230 2226 2588
7337 775 2611 2616 2617 2903
7338 775 2611 2616 2617 2904
7339 775 2632 2637 2638 2928
7340 775 2632 2637 2638 2929
7341 775 2654 2659 2660 2955
7342 775 2654 2659 2660 2956
7343 775 2689 2690 2686 2994
7344 775 2689 2690 2686 2995
7345 775 2705 2710 2711 3026
7346 775 2705 2710 2711 3027
7347 775 2727 2732 2733 3051
7348 775 2727 2732 2733 3052
7349 775 2749 2754 2755 3075
7350 775 2749 2754 2755 3076
7351 775 2784 2785 2781 3114
7352 775 2784 2785 2781 3115
7353 775 2800 2805 2806 3146
7354 775 2800 2805 2806 3147
7355 775 2823 2828 2829 3174
7356 775 2823 2828 2829 3175
7357 775 2844 2849 2850 3198
7358 775 2844 2849 2850 3199
7359 775 2879 2880 2876 3237
7360 775 2879 2880 2876 3238
7361 775 3261 3266 3267 3553
7362 775 3261 3266 3267 3554
7363 775 3282 3287 3288 3578
7364 775 3282 3287 3288 3579
7365 775 3304 3309 3310 3605
7366 775 3304 3309 3310 3606
7367 775 3339 3340 3336 3644
7368 775 3339 3340 3336 3645
7369 775 3355 3360 3361 3676
7370 775 3355 3360 3361 3677
7371 775 3377 3382 3383 3701
7372 775 3377 3382 3383 3702
7373 775 3399 3404 3405 3725
7374 775 3399 3404 3405 3726
7375 775 3434 3435 3431 3764
7376 775 3434 3435 3431 3765
7377 775 3450 3455 3456 3796
7378 775 3450 3455 3456 3797
7379 775 3473 3478 3479 3824
7380 775 3473 3478 3479 3825
7381 775 3494 3499 3500 3848
7382 775 3494 3499 3500 3849
7383 775 3529 3530 3526 3887
7384 775 3529 3530 3526 3888
7385 775 3911 3916 3917 4203
7386 775 3911 3916 3917 4204
7387 775 3932 3937 3938 4228
7388 775 3932 3937 3938 4229
7389 775 3954 3959 3960 4255
7390 775 3954 3959 3960 4256
7391 775 3989 3990 3986 4294
7392 775 3989 3990 3986 4295
7393 775 4005 4010 4011 4326
7394 775 4005 4010 4011 4327
7395 775 4027 4032 4033 4351
7396 775 4027 4032 4033 4352
7397 775 4049 4054 4055 4375
7398 775 4049 4054 4055 4376
7399 775 4084 4085 4081 4414
7400 775 4084 4085 4081 4415
7401 775 4100 4105 4106 4446
7402 775 4100 4105 4106 4447
7403 775 4123 4128 4129 4474
7404 775 4123 4128 4129 4475
7405 775 4144 4149 4150 4498
7406 775 4144 4149 4150 4499
7407 775 4179 4180 4176 4537
7408 775 4179 4180 4176 4538
7409 775 4561 4566 4567 4853
7410 775 4561 4566 4567 4854
7411 775 4582 4587 4588 4878
7412 775 4582 4587 4588 4879
7413 775 4604 4609 4610 4905
7414 775 4604 4609 4610 4906
7415 775 4639 4640 4636 4944
7416 775 4639 4640 4636 4945
7417 775 4655 4660 4661 4976
7418 775 4655 4660 4661 4977
7419 775 4677 4682 4683 5001
7420 775 4677 4682 4683 5002
7421 775 4699 4704 4705 5025
7422 775 4699 4704 4705 5026
7423 775 4734 4735 4731 5064
7424 775 4734 4735 4731 5065
7425 775 4750 4755 4756 5096
7426 775 4750 4755 4756 5097
7427 775 4773 4778 4779 5124
7428 775 4773 4778 4779 5125
7429 775 4794 4799 4800 5148
7430 775 4794 4799 4800 5149
7431 775 4829 4830 4826 5187
7432 775 4829 4830 4826 5188
7433 775 5211 5216 5217 5503
7434 775 5211 5216 5217 5504
7435 775 5232 5237 5238 5528
7436 775 5232 5237 5238 5529
7437 775 5254 5259 5260 5555
7438 775 5254 5259 5260 5556
7439 775 5289 5290 5286 5594
7440 775 5289 5290 5286 5595
7441 775 5305 5310 5311 5626
7442 775 5305 5310 5311 5627
7443 775 5327 5332 5333 5651
7444 775 5327 5332 5333 5652
7445 775 5349 5354 5355 5675
7446 775 5349 5354 5355 5676
7447 775 5384 5385 5381 5714
7448 775 5384 5385 5381 5715
7449 775 5400 5405 5406 5746
7450 775 5400 5405 5406 5747
7451 775 5423 5428 5429 5774
7452 775 5423 5428 5429 5775
7453 775 5444 5449 5450 5798
7454 775 5444 5449 5450 5799
7455 775 5479 5480 5476 5837
7456 775 5479 5480 5476 5838
7457 775 5861 5866 5867 6153
7458 775 5861 5866 5867 6154
7459 775 5882 5887 5888 6178
7460 775 5882 5887 5888 6179
7461 775 5904 5909 5910 6205
7462 775 5904 5909 5910 6206
7463 775 5939 5940 5936 6244
7464 775 5939 5940 5936 6245
7465 775 5955 5960 5961 6276
7466 775 5955 5960 5961 6277
7467 775 5977 5982 5983 6301
7468 775 5977 5982 5983 6302
7469 775 5999 6004 6005 6325
7470 775 5999 6004 6005 6326
7471 775 6034 6035 6031 6364
7472 775 6034 6035 6031 6365
7473 775 6050 6055 6056 6396
7474 775 6050 6055 6056 6397
7475 775 6073 6078 6079 6424
7476 775 6073 6078 6079 6425
7477 775 6094 6099 6100 6448
7478 775 6094 6099 6100 6449
7479 775 6129 6130 6126 6487
7480 775 6129 6130 6126 6488
7481 775 6511 6516 6517 6803
7482 775 6511 6516 6517 6804
7483 775 6532 6537 6538 6828
7484 775 6532 6537 6538 6829
7485 775 6554 6559 6560 6855
7486 775 6554 6559 6560 6856
7487 775 6589 6590 6586 6894
7488 775 6589 6590 6586 6895
7489 775 6605 6610 6611 6926
7490 775 6605 6610 6611 6927
7491 775 6627 6632 6633 6951
7492 775 6627 6632 6633 6952
7493 775 6649 6654 6655 6975
7494 775 6649 6654 6655 6976
7495 775 6684 6685 6681 7014
7496 775 6684 6685 6681 7015
7497 775 6700 6705 6706 7046
7498 775 6700 6705 6706 7047
7499 775 6723 6728 6729 7074
7500 775 6723 6728 6729 7075
7501 775 6744 6749 6750 7098
7502 775 6744 6749 6750 7099
7503 775 6779 6780 6776 7137
7504 775 6779 6780 6776 7138
7505 775 7161 7166 7167 7453
7506 775 7161 7166 7167 7454
7507 775 7182 7187 7188 7478
7508 775 7182 7187 7188 7479
7509 775 7204 7209 7210 7505
7510 775 7204 7209 7210 7506
7511 775 7239 7240 7236 7544
7512 775 7239 7240 7236 7545
7513 775 7255 7260 7261 7576
7514 775 7255 7260 7261 7577
7515 775 7277 7282 7283 7601
7516 775 7277 7282 7283 7602
7517 775 7299 7304 7305 7625
7518 775 7299 7304 7305 7626
7519 775 7334 7335 7331 7664
7520 775 7334 7335 7331 7665
7521 775 7350 7355 7356 7696
7522 775 7350 7355 7356 7697
7523 775 7373 7378 7379 7724
7524 775 7373 7378 7379 7725
7525 775 7394 7399 7400 7748
7526 775 7394 7399 7400 7749
7527 775 7429 7430 7426 7787
7528 775 7429 7430 7426 7788
7529 775 7811 7816 7817 8103
7530 775 7811 7816 7817 8104
7531 775 7832 7837 7838 8128
7532 775 7832 7837 7838 8129
7533 775 7854 7859 7860 8155
7534 775 7854 7859 7860 8156
7535 775 7889 7890 7886 8194
7536 775 7889 7890 7886 8195
7537 775 7905 7910 7911 8226
7538 775 7905 7910 7911 8227
7539 775 7927 7932 7933 8251
7540 775 7927 7932 7933 8252
7541 775 7949 7954 7955 8275
7542 775 7949 7954 7955 8276
7543 775 7984 7985 7981 8314
7544 775 7984 7985 7981 8315
7545 775 8000 8005 8006 8346
7546 775 8000 8005 8006 8347
7547 775 8023 8028 8029 8374
7548 775 8023 8028 8029 8375
7549 775 8044 8049 8050 8398
7550 775 8044 8049 8050 8399
7551 775 8079 8080 8076 8437
7552 775 8079 8080 8076 8438
7553 775 8461 8466 8467 8753
7554 775 8461 8466 8467 8754
7555 775 8482 8487 8488 8778
7556 775 8482 8487 8488 8779
7557 775 8504 8509 8510 8805
7558 775 8504 8509 8510 8806
7559 775 8539 8540 8536 8844
7560 775 8539 8540 8536 8845
7561 775 8555 8560 8561 8876
7562 775 8555 8560 8561 8877
7563 775 8577 8582 8583 8901
7564 775 8577 8582 8583 8902
7565 775 8599 8604 8605 8925
7566 775 8599 8604 8605 8926
7567 775 8634 8635 8631 8964
7568 775 8634 8635 8631 8965
7569 775 8650 8655 8656 8996
7570 775 8650 8655 8656 8997
7571 775 8673 8678 8679 9024
7572 775 8673 8678 8679 9025
7573 775 8694 8699 8700 9048
7574 775 8694 8699 8700 9049
7575 775 8729 8730 8726 9087
7576 775 8729 8730 8726 9088
7577 775 9111 9116 9117 9403
7578 775 9111 9116 9117 9404
7579 775 9132 9137 9138 9428
7580 775 9132 9137 9138 9429
7581 775 9154 9159 9160 9455
7582 775 9154 9159 9160 9456
7583 775 9189 9190 9186 9494
7584 775 9189 9190 9186 9495
7585 775 9205 9210 9211 9526
7586 775 9205 9210 9211 9527
7587 775 9227 9232 9233 9551
7588 775 9227 9232 9233 9552
7589 775 9249 9254 9255 9575
7590 775 9249 9254 9255 9576
7591 775 9284 9285 9281 9614
7592 775 9284 9285 9281 9615
7593 775 9300 9305 9306 9646
7594 775 9300 9305 9306 9647
7595 775 9323 9328 9329 9674
7596 775 9323 9328 9329 9675
7597 775 9344 9349 9350 9698
7598 775 9344 9349 9350 9699
7599 775 9379 9380 9376 9737
7600 775 9379 9380 9376 9738
7601 775 9761 9766 9767 10053
7602 775 9761 9766 9767 10054
7603 775 9782 9787 9788 10078
7604 775 9782 9787 9788 10079
7605 775 9804 9809 9810 10105
7606 775 9804 9809 9810 10106
7607 775 9839 9840 9836 10144
7608 775 9839 9840 9836 10145
7609 775 9855 9860 9861 10176
7610 775 9855 9860 9861 10177
7611 775 9877 9882 9883 10201
7612 775 9877 9882 9883 10202
7613 775 9899 9904 9905 10225
7614 775 9899 9904 9905 10226
7615 775 9934 9935 9931 10264
7616 775 9934 9935 9931 10265
7617 775 9950 9955 9956 10296
7618 775 9950 9955 9956 10297
7619 775 9973 9978 9979 10324
7620 775 9973 9978 9979 10325
7621 775 9994 9999 10000 10348
7622 775 9994 9999 10000 10349
7623 775 10029 10030 10026 10387
7624 775 10029 10030 10026 10388
7625 775 10411 10416 10417 10703
7626 775 10411 10416 10417 10704
7627 775 10432 10437 10438 10728
7628 775 10432 10437 10438 10729
7629 775 10454 10459 10460 10755
7630 775 10454 10459 10460 10756
7631 775 10489 10490 10486 10794
7632 775 10489 10490 10486 10795
7633 775 10505 10510 10511 10826
7634 775 10505 10510 10511 10827
7635 775 10527 10532 10533 10851
7636 775 10527 10532 10533 10852
7637 775 10549 10554 10555 10875
7638 775 10549 10554 10555 10876
7639 775 10584 10585 10581 10914
7640 775 10584 10585 10581 10915
7641 775 10600 10605 10606 10946
7642 775 10600 10605 10606 10947
7643 775 10623 10628 10629 10974
7644 775 10623 10628 10629 10975
7645 775 10644 10649 10650 10998
7646 775 10644 10649 10650 10999
7647 775 10679 10680 10676 11037
7648 775 10679 10680 10676 11038
7649 775 11061 11066 11067 11353
7650 775 11061 11066 11067 11354
7651 775 11082 11087 11088 11378
7652 775 11082 11087 11088 11379
7653 775 11104 11109 11110 11405
7654 775 11104 11109 11110 11406
7655 775 11139 11140 11136 11444
7656 775 11139 11140 11136 11445
7657 775 11155 11160 11161 11476
7658 775 11155 11160 11161 11477
7659 775 11177 11182 11183 11501
7660 775 11177 11182 11183 11502
7661 775 11199 11204 11205 11525
7662 775 11199 11204 11205 11526
7663 775 11234 11235 11231 11564
7664 775 11234 11235 11231 11565
7665 775 11250 11255 11256 11596
7666 775 11250 11255 11256 11597
7667 775 11273 11278 11279 11624
7668 775 11273 11278 11279 11625
7669 775 11294 11299 11300 11648
7670 775 11294 11299 11300 11649
7671 775 11329 11330 11326 11687
7672 775 11329 11330 11326 11688
7673 775 11711 11716 11717 12003
7674 775 11711 11716 11717 12004
7675 775 11732 11737 11738 12028
7676 775 11732 11737 11738 12029
7677 775 11754 11759 11760 12055
7678 775 11754 11759 11760 12056
7679 775 11789 11790 11786 12094
7680 775 11789 11790 11786 12095
7681 775 11805 11810 11811 12126
7682 775 11805 11810 11811 12127
7683 775 11827 11832 11833 12151
7684 775 11827 11832 11833 12152
7685 775 11849 11854 11855 12175
7686 775 11849 11854 11855 12176
7687 775 11884 11885 11881 12214
7688 775 11884 11885 11881 12215
7689 775 11900 11905 11906 12246
7690 775 11900 11905 11906 12247
7691 775 11923 11928 11929 12274
7692 775 11923 11928 11929 12275
7693 775 11944 11949 11950 12298
7694 775 11944 11949 11950 12299
7695 775 11979 11980 11976 12337
7696 775 11979 11980 11976 12338
7697 775 12361 12366 12367 12653
7698 775 12361 12366 12367 12654
7699 775 12382 12387 12388 12678
7700 775 12382 12387 12388 12679
7701 775 12404 12409 12410 12705
7702 775 12404 12409 12410 12706
7703 775 12439 12440 12436 12744
7704 775 12439 12440 12436 12745
7705 775 12455 12460 12461 12776
7706 775 12455 12460 12461 12777
7707 775 12477 12482 12483 12801
7708 775 12477 12482 12483 12802
7709 775 12499 12504 12505 12825
7710 775 12499 12504 12505 12826
7711 775 12534 12535 12531 12864
7712 775 12534 12535 12531 12865
7713 775 12550 12555 12556 12896
7714 775 12550 12555 12556 12897
7715 775 12573 12578 12579 12924
7716 775 12573 12578 12579 12925
7717 775 12594 12599 12600 12948
7718 775 12594 12599 12600 12949
7719 775 12629 12630 12626 12987
7720 775 12629 12630 12626 12988
7721 775 28 29 18 305
7722 775 49 50 39 330
7723 775 72 73 61 357
7724 775 122 123 112 428
7725 775 144 145 134 453
7726 775 167 168 156 477
7727 775 217 218 207 548
7728 775 240 241 230 576
7729 775 262 263 251 600
7730 775 678 679 668 955
7731 775 699 700 689 980
7732 775 722 723 711 1007
7733 775 772 773 762 1078
7734 775 794 795 784 1103
7735 775 817 818 806 1127
7736 775 867 868 857 1198
7737 775 890 891 880 1226
7738 775 912 913 901 1250
7739 775 1328 1329 1318 1605
7740 775 1349 1350 1339 1630
7741 775 1372 1373 1361 1657
7742 775 1422 1423 1412 1728
7743 775 1444 1445 1434 1753
7744 775 1467 1468 1456 1777
7745 775 1517 1518 1507 1848
7746 775 1540 1541 1530 1876
7747 775 1562 1563 1551 1900
7748 775 1978 1979 1968 2255
7749 775 1999 2000 1989 2280
7750 775 2022 2023 2011 2307
7751 775 2072 2073 2062 2378
7752 775 2094 2095 2084 2403
7753 775 2117 2118 2106 2427
7754 775 2167 2168 2157 2498
7755 775 2190 2191 2180 2526
7756 775 2212 2213 2201 2550
7757 775 2628 2629 2618 2905
7758 775 2649 2650 2639 2930
7759 775 2672 2673 2661 2957
7760 775 2722 2723 2712 3028
7761 775 2744 2745 2734 3053
7762 775 2767 2768 2756 3077
7763 775 2817 2818 2807 3148
7764 775 2840 2841 2830 3176
7765 775 2862 2863 2851 3200
7766 775 3278 3279 3268 3555
7767 775 3299 3300 3289 3580
7768 775 3322 3323 3311 3607
7769 775 3372 3373 3362 3678
7770 775 3394 3395 3384 3703
7771 775 3417 3418 3406 3727
7772 775 3467 3468 3457 3798
7773 775 3490 3491 3480 3826
7774 775 3512 3513 3501 3850
7775 775 3928 3929 3918 4205
7776 775 3949 3950 3939 4230
7777 775 3972 3973 3961 4257
7778 775 4022 4023 4012 4328
7779 775 4044 4045 4034 4353
7780 775 4067 4068 4056 4377
7781 775 4117 4118 4107 4448
7782 775 4140 4141 4130 4476
7783 775 4162 4163 4151 4500
7784 775 4578 4579 4568 4855
7785 775 4599 4600 4589 4880
7786 775 4622 4623 4611 4907
7787 775 4672 4673 4662 4978
7788 775 4694 4695 4684 5003
7789 775 4717 4718 4706 5027
7790 775 4767 4768 4757 5098
7791 775 4790 4791 4780 5126
7792 775 4812 4813 4801 5150
7793 775 5228 5229 5218 5505
7794 775 5249 5250 5239 5530
7795 775 5272 5273 5261 5557
7796 775 5322 5323 5312 5628
7797 775 5344 5345 5334 5653
7798 775 5367 5368 5356 5677
7799 775 5417 5418 5407 5748
7800 775 5440 5441 5430 5776
7801 775 5462 5463 5451 5800
7802 775 5878 5879 5868 6155
7803 775 5899 5900 5889 6180
7804 775 5922 5923 5911 6207
7805 775 5972 5973 5962 6278
7806 775 5994 5995 5984 6303
7807 775 6017 6018 6006 6327
7808 775 6067 6068 6057 6398
7809 775 6090 6091 6080 6426
7810 775 6112 6113 6101 6450
7811 775 6528 6529 6518 6805
7812 775 6549 6550 6539 6830
7813 775 6572 6573 6561 6857
7814 775 6622 6623 6612 6928
7815 775 6644 6645 6634 6953
7816 775 6667 6668 6656 6977
7817 775 6717 6718 6707 7048
7818 775 6740 6741 6730 7076
7819 775 6762 6763 6751 7100
7820 775 7178 7179 7168 7455
7821 775 7199 7200 7189 7480
7822 775 7222 7223 7211 7507
7823 775 7272 7273 7262 7578
7824 775 7294 7295 7284 7603
7825 775 7317 7318 7306 7627
7826 775 7367 7368 7357 7698
7827 775 7390 7391 7380 7726
7828 775 7412 7413 7401 7750
7829 775 7828 7829 7818 8105
7830 775 7849 7850 7839 8130
7831 775 7872 7873 7861 8157
7832 775 7922 7923 7912 8228
7833 775 7944 7945 7934 8253
7834 775 7967 7968 7956 8277
7835 775 8017 8018 8007 8348
7836 775 8040 8041 8030 8376
7837 775 8062 8063 8051 8400
7838 775 8478 8479 8468 8755
7839 775 8499 8500 8489 8780
7840 775 8522 8523 8511 8807
7841 775 8572 8573 8562 8878
7842 775 8594 8595 8584 8903
7843 775 8617 8618 8606 8927
7844 775 8667 8668 8657 8998
7845 775 8690 8691 8680 9026
7846 775 8712 8713 8701 9050
7847 775 9128 9129 9118 9405
7848 775 9149 9150 9139 9430
7849 775 9172 9173 9161 9457
7850 775 9222 9223 9212 9528
7851 775 9244 9245 9234 9553
7852 775 9267 9268 9256 9577
7853 775 9317 9318 9307 9648
7854 775 9340 9341 9330 9676
7855 775 9362 9363 9351 9700
7856 775 9778 9779 9768 10055
7857 775 9799 9800 9789 10080
7858 775 9822 9823 9811 10107
7859 775 9872 9873 9862 10178
7860 775 9894 9895 9884 10203
7861 775 9917 9918 9906 10227
7862 775 9967 9968 9957 10298
7863 775 9990 9991 9980 10326
7864 775 10012 10013 10001 10350
7865 775 10428 10429 10418 10705
7866 775 10449 10450 10439 10730
7867 775 10472 10473 10461 10757
7868 775 10522 10523 10512 10828
7869 775 10544 10545 10534 10853
7870 775 10567 10568 10556 10877
7871 775 10617 10618 10607 10948
7872 775 10640 10641 10630 10976
7873 775 10662 10663 10651 11000
7874 775 11078 11079 11068 11355
7875 775 11099 11100 11089 11380
7876 775 11122 11123 11111 11407
7877 775 11172 11173 11162 11478
7878 775 11194 11195 11184 11503
7879 775 11217 11218 11206 11527
7880 775 11267 11268 11257 11598
7881 775 11290 11291 11280 11626
7882 775 11312 11313 11301 11650
7883 775 11728 11729 11718 12005
7884 775 11749 11750 11739 12030
7885 775 11772 11773 11761 12057
7886 775 11822 11823 11812 12128
7887 775 11844 11845 11834 12153
7888 775 11867 11868 11856 12177
7889 775 11917 11918 11907 12248
7890 775 11940 11941 11930 12276
7891 775 11962 11963 11951 12300
7892 775 12378 12379 12368 12655
7893 775 12399 12400 12389 12680
7894 775 12422 12423 12411 12707
7895 775 12472 12473 12462 12778
7896 775 12494 12495 12484 12803
7897 775 12517 12518 12506 12827
7898 775 12567 12568 12557 12898
7899 775 12590 12591 12580 12926
7900 775 12612 12613 12601 12950
7901 842 34 33 35 325
7902 842 34 33 35 326
7903 842 34 33 35 327
7904 842 56 55 57 352
7905 842 56 55 57 353
7906 842 56 55 57 354
7907 842 129 128 130 448
7908 842 129 128 130 449
7909 842 129 128 130 450
7910 842 151 150 152 472
7911 842 151 150 152 473
7912 842 151 150 152 474
7913 842 225 224 226 571
7914 842 225 224 226 572
7915 842 225 224 226 573
7916 842 246 245 247 595
7917 842 246 245 247 596
7918 842 246 245 247 597
7919 842 684 683 685 975
7920 842 684 683 685 976
7921 842 684 683 685 977
7922 842 706 705 707 1002
7923 842 706 705 707 1003
7924 842 706 705 707 1004
7925 842 779 778 780 1098
7926 842 779 778 780 1099
7927 842 779 778 780 1100
7928 842 801 800 802 1122
7929 842 801 800 802 1123
7930 842 801 800 802 1124
7931 842 875 874 876 1221
7932 842 875 874 876 1222
7933 842 875 874 876 1223
7934 842 896 895 897 1245
7935 842 896 895 897 1246
7936 842 896 895 897 1247
7937 842 1334 1333 1335 1625
7938 842 1334 1333 1335 1626
7939 842 1334 1333 1335 1627
7940 842 1356 1355 1357 1652
7941 842 1356 1355 1357 1653
7942 842 1356 1355 1357 1654
7943 842 1429 1428 1430 1748
7944 842 1429 1428 1430 1749
7945 842 1429 1428 1430 1750
7946 842 1451 1450 1452 1772
7947 842 1451 1450 1452 1773
7948 842 1451 1450 1452 1774
7949 842 1525 1524 1526 1871
7950 842 1525 1524 1526 1872
7951 842 1525 1524 1526 1873
7952 842 1546 1545 1547 1895
7953 842 1546 1545 1547 1896
7954 842 1546 1545 1547 1897
7955 842 1984 1983 1985 2275
7956 842 1984 1983 1985 2276
7957 842 1984 1983 1985 2277
7958 842 2006 2005 2007 2302
7959 842 2006 2005 2007 2303
7960 842 2006 2005 2007 2304
7961 842 2079 2078 2080 2398
7962 842 2079 2078 2080 2399
7963 842 2079 2078 2080 2400
7964 842 2101 2100 2102 2422
7965 842 2101 2100 2102 2423
7966 842 2101 2100 2102 2424
7967 842 2175 2174 2176 2521
7968 842 2175 2174 2176 2522
7969 842 2175 2174 2176 2523
7970 842 2196 2195 2197 2545
7971 842 2196 2195 2197 2546
7972 842 2196 2195 2197 2547
7973 842 2634 2633 2635 2925
7974 842 2634 2633 2635 2926
7975 842 2634 2633 2635 2927
7976 842 2656 2655 2657 2952
7977 842 2656 2655 2657 2953
7978 842 2656 2655 2657 2954
7979 842 2729 2728 2730 3048
7980 842 2729 2728 2730 3049
7981 842 2729 2728 2730 3050
7982 842 2751 2750 2752 3072
7983 842 2751 2750 2752 3073
7984 842 2751 2750 2752 3074
7985 842 2825 2824 2826 3171
7986 842 2825 2824 2826 3172
7987 842 2825 2824 2826 3173
7988 842 2846 2845 2847 3195
7989 842 2846 2845 2847 3196
7990 842 2846 2845 2847 3197
7991 842 3284 3283 3285 3575
7992 842 3284 3283 3285 3576
7993 842 3284 3283 3285 3577
7994 842 3306 3305 3307 3602
7995 842 3306 3305 3307 3603
7996 842 3306 3305 3307 3604
7997 842 3379 3378 3380 3698
7998 842 3379 3378 3380 3699
7999 842 3379 3378 3380 3700
8000 842 3401 3400 3402 3722
8001 842 3401 3400 3402 3723
8002 842 3401 3400 3402 3724
8003 842 3475 3474 3476 3821
8004 842 3475 3474 3476 3822
8005 842 3475 3474 3476 3823
8006 842 3496 3495 3497 3845
8007 842 3496 3495 3497 3846
8008 842 3496 3495 3497 3847
8009 842 3934 3933 3935 4225
8010 842 3934 3933 3935 4226
8011 842 3934 3933 3935 4227
8012 842 3956 3955 3957 4252
8013 842 3956 3955 3957 4253
8014 842 3956 3955 3957 4254
8015 842 4029 4028 4030 4348
8016 842 4029 4028 4030 4349
8017 842 4029 4028 4030 4350
8018 842 4051 4050 4052 4372
8019 842 4051 4050 4052 4373
8020 842 4051 4050 4052 4374
8021 842 4125 4124 4126 4471
8022 842 4125 4124 4126 4472
8023 842 4125 4124 4126 4473
8024 842 4146 4145 4147 4495
8025 842 4146 4145 4147 4496
8026 842 4146 4145 4147 4497
8027 842 4584 4583 4585 4875
8028 842 4584 4583 4585 4876
8029 842 4584 4583 4585 4877
8030 842 4606 4605 4607 4902
8031 842 4606 4605 4607 4903
8032 842 4606 4605 4607 4904
8033 842 4679 4678 4680 4998
8034 842 4679 4678 4680 4999
8035 842 4679 4678 4680 5000
8036 842 4701 4700 4702 5022
8037 842 4701 4700 4702 5023
8038 842 4701 4700 4702 5024
8039 842 4775 4774 4776 5121
8040 842 4775 4774 4776 5122
8041 842 4775 4774 4776 5123
8042 842 4796 4795 4797 5145
8043 842 4796 4795 4797 5146
8044 842 4796 4795 4797 5147
8045 842 5234 5233 5235 5525
8046 842 5234 5233 5235 5526
8047 842 5234 5233 5235 5527
8048 842 5256 5255 5257 5552
8049 842 5256 5255 5257 5553
8050 842 5256 5255 5257 5554
8051 842 5329 5328 5330 5648
8052 842 5329 5328 5330 5649
8053 842 5329 5328 5330 5650
8054 842 5351 5350 5352 5672
8055 842 5351 5350 5352 5673
8056 842 5351 5350 5352 5674
8057 842 5425 5424 5426 5771
8058 842 5425 5424 5426 5772
8059 842 5425 5424 5426 5773
8060 842 5446 5445 5447 5795
8061 842 5446 5445 5447 5796
8062 842 5446 5445 5447 5797
8063 842 5884 5883 5885 6175
8064 842 5884 5883 5885 6176
8065 842 5884 5883 5885 6177
8066 842 5906 5905 5907 6202
8067 842 5906 5905 5907 6203
8068 842 5906 5905 5907 6204
8069 842 5979 5978 5980 6298
8070 842 5979 5978 5980 6299
8071 842 5979 5978 5980 6300
8072 842 6001 6000 6002 6322
8073 842 6001 6000 6002 6323
8074 842 6001 6000 6002 6324
8075 842 6075 6074 6076 6421
8076 842 6075 6074 6076 6422
8077 842 6075 6074 6076 6423
8078 842 6096 6095 6097 6445
8079 842 6096 6095 6097 6446
8080 842 6096 6095 6097 6447
8081 842 6534 6533 6535 6825
8082 842 6534 6533 6535 6826
8083 842 6534 6533 6535 6827
8084 842 6556 6555 6557 6852
8085 842 6556 6555 6557 6853
8086 842 6556 6555 6557 6854
8087 842 6629 6628 6630 6948
8088 842 6629 6628 6630 6949
8089 842 6629 6628 6630 6950
8090 842 6651 6650 6652 6972
8091 842 6651 6650 6652 6973
8092 842 6651 6650 6652 6974
8093 842 6725 6724 6726 7071
8094 842 6725 6724 6726 7072
8095 842 6725 6724 6726 7073
8096 842 6746 6745 6747 7095
8097 842 6746 6745 6747 7096
8098 842 6746 6745 6747 7097
8099 842 7184 7183 7185 7475
8100 842 7184 7183 7185 7476
8101 842 7184 7183 7185 7477
8102 842 7206 7205 7207 7502
8103 842 7206 7205 7207 7503
8104 842 7206 7205 7207 7504
8105 842 7279 7278 7280 7598
8106 842 7279 7278 7280 7599
8107 842 7279 7278 7280 7600
8108 842 7301 7300 7302 7622
8109 842 7301 7300 7302 7623
8110 842 7301 7300 7302 7624
8111 842 7375 7374 7376 7721
8112 842 7375 7374 7376 7722
8113 842 7375 7374 7376 7723
8114 842 7396 7395 7397 7745
8115 842 7396 7395 7397 7746
8116 842 7396 7395 7397 7747
8117 842 7834 7833 7835 8125
8118 842 7834 7833 7835 8126
8119 842 7834 7833 7835 8127
8120 842 7856 7855 7857 8152
8121 842 7856 7855 7857 8153
8122 842 7856 7855 7857 8154
8123 842 7929 7928 7930 8248
8124 842 7929 7928 7930 8249
8125 842 7929 7928 7930 8250
8126 842 7951 7950 7952 8272
8127 842 7951 7950 7952 8273
8128 842 7951 7950 7952 8274
8129 842 8025 8024 8026 8371
8130 842 8025 8024 8026 8372
8131 842 8025 8024 8026 8373
8132 842 8046 8045 8047 8395
8133 842 8046 8045 8047 8396
8134 842 8046 8045 8047 8397
8135 842 8484 8483 8485 8775
8136 842 8484 8483 8485 8776
8137 842 8484 8483 8485 8777
8138 842 8506 8505 8507 8802
8139 842 8506 8505 8507 8803
8140 842 8506 8505 8507 8804
8141 842 8579 8578 8580 8898
8142 842 8579 8578 8580 8899
8143 842 8579 8578 8580 8900
8144 842 8601 8600 8602 8922
8145 842 8601 8600 8602 8923
8146 842 8601 8600 8602 8924
8147 842 8675 8674 8676 9021
8148 842 8675 8674 8676 9022
8149 842 8675 8674 8676 9023
8150 842 8696 8695 8697 9045
8151 842 8696 8695 8697 9046
8152 842 8696 8695 8697 9047
8153 842 9134 9133 9135 9425
8154 842 9134 9133 9135 9426
8155 842 9134 9133 9135 9427
8156 842 9156 9155 9157 9452
8157 842 9156 9155 9157 9453
8158 842 9156 9155 9157 9454
8159 842 9229 9228 9230 9548
8160 842 9229 9228 9230 9549
8161 842 9229 9228 9230 9550
8162 842 9251 9250 9252 9572
8163 842 9251 9250 9252 9573
8164 842 9251 9250 9252 9574
8165 842 9325 9324 9326 9671
8166 842 9325 9324 9326 9672
8167 842 9325 9324 9326 9673
8168 842 9346 9345 9347 9695
8169 842 9346 9345 9347 9696
8170 842 9346 9345 9347 9697
8171 842 9784 9783 9785 10075
8172 842 9784 9783 9785 10076
8173 842 9784 9783 9785 10077
8174 842 9806 9805 9807 10102
8175 842 9806 9805 9807 10103
8176 842 9806 9805 9807 10104
8177 842 9879 9878 9880 10198
8178 842 9879 9878 9880 10199
8179 842 9879 9878 9880 10200
8180 842 9901 9900 9902 10222
8181 842 9901 9900 9902 10223
8182 842 9901 9900 9902 10224
8183 842 9975 9974 9976 10321
8184 842 9975 9974 9976 10322
8185 842 9975 9974 9976 10323
8186 842 9996 9995 9997 10345
8187 842 9996 9995 9997 10346
8188 842 9996 9995 9997 10347
8189 842 10434 10433 10435 10725
8190 842 10434 10433 10435 10726
8191 842 10434 10433 10435 10727
8192 842 10456 10455 10457 10752
8193 842 10456 10455 10457 10753
8194 842 10456 10455 10457 10754
8195 842 10529 10528 10530 10848
8196 842 10529 10528 10530 10849
8197 842 10529 10528 10530 10850
8198 842 10551 10550 10552 10872
8199 842 10551 10550 10552 10873
8200 842 10551 10550 10552 10874
8201 842 10625 10624 10626 10971
8202 842 10625 10624 10626 10972
8203 842 10625 10624 10626 10973
8204 842 10646 10645 10647 10995
8205 842 10646 10645 10647 10996
8206 842 10646 10645 10647 10997
8207 842 11084 11083 11085 11375
8208 842 11084 11083 11085 11376
8209 842 11084 11083 11085 11377
8210 842 11106 11105 11107 11402
8211 842 11106 11105 11107 11403
8212 842 11106 11105 11107 11404
8213 842 11179 11178 11180 11498
8214 842 11179 11178 11180 11499
8215 842 11179 11178 11180 11500
8216 842 11201 11200 11202 11522
8217 842 11201 11200 11202 11523
8218 842 11201 11200 11202 11524
8219 842 11275 11274 11276 11621
8220 842 11275 11274 11276 11622
8221 842 11275 11274 11276 11623
8222 842 11296 11295 11297 11645
8223 842 11296 11295 11297 11646
8224 842 11296 11295 11297 11647
8225 842 11734 11733 11735 12025
8226 842 11734 11733 11735 12026
8227 842 11734 11733 11735 12027
8228 842 11756 11755 11757 12052
8229 842 11756 11755 11757 12053
8230 842 11756 11755 11757 12054
8231 842 11829 11828 11830 12148
8232 842 11829 11828 11830 12149
8233 842 11829 11828 11830 12150
8234 842 11851 11850 11852 12172
8235 842 11851 11850 11852 12173
8236 842 11851 11850 11852 12174
8237 842 11925 11924 11926 12271
8238 842 11925 11924 11926 12272
8239 842 11925 11924 11926 12273
8240 842 11946 11945 11947 12295
8241 842 11946 11945 11947 12296
8242 842 11946 11945 11947 12297
8243 842 12384 12383 12385 12675
8244 842 12384 12383 12385 12676
8245 842 12384 12383 12385 12677
8246 842 12406 12405 12407 12702
8247 842 12406 12405 12407 12703
8248 842 12406 12405 12407 12704
8249 842 12479 12478 12480 12798
8250 842 12479 12478 12480 12799
8251 842 12479 12478 12480 12800
8252 842 12501 12500 12502 12822
8253 842 12501 12500 12502 12823
8254 842 12501 12500 12502 12824
8255 842 12575 12574 12576 12921
8256 842 12575 12574 12576 12922
8257 842 12575 12574 12576 12923
8258 842 12596 12595 12597 12945
8259 842 12596 12595 12597 12946
8260 842 12596 12595 12597 12947
8261 854 6 5 4 286
8262 854 6 5 4 287
8263 854 7 6 5 288
8264 854 7 6 5 289
8265 854 4 5 6 290
8266 854 4 5 6 291
8267 854 5 6 7 292
8268 854 5 6 7 293
8269 854 26 25 24 314
8270 854 26 25 24 315
8271 854 27 26 25 316
8272 854 27 26 25 317
8273 854 24 25 26 318
8274 854 24 25 26 319
8275 854 47 46 45 339
8276 854 47 46 45 340
8277 854 48 47 46 341
8278 854 48 47 46 342
8279 854 45 46 47 343
8280 854 45 46 47 344
8281 854 70 69 68 366
8282 854 70 69 68 367
8283 854 71 70 69 368
8284 854 71 70 69 369
8285 854 68 69 70 370
8286 854 68 69 70 371
8287 854 78 77 76 374
8288 854 78 77 76 375
8289 854 79 78 77 376
8290 854 79 78 77 377
8291 854 76 77 78 378
8292 854 80 79 78 378
8293 854 76 77 78 379
8294 854 80 79 78 379
8295 854 77 78 79 380
8296 854 81 80 79 380
8297 854 77 78 79 381
8298 854 81 80 79 381
8299 854 78 79 80 382
8300 854 82 81 80 382
8301 854 78 79 80 383
8302 854 82 81 80 383
8303 854 79 80 81 384
8304 854 83 82 81 384
8305 854 79 80 81 385
8306 854 83 82 81 385
8307 854 80 81 82 386
8308 854 84 83 82 386
8309 854 80 81 82 387
8310 854 84 83 82 387
8311 854 81 82 83 388
8312 854 85 84 83 388
8313 854 81 82 83 389
8314 854 85 84 83 389
8315 854 82 83 84 390
8316 854 82 83 84 391
8317 854 83 84 85 392
8318 854 83 84 85 393
8319 854 100 99 98 409
8320 854 100 99 98 410
8321 854 101 100 99 411
8322 854 101 100 99 412
8323 854 98 99 100 413
8324 854 98 99 100 414
8325 854 99 100 101 415
8326 854 99 100 101 416
8327 854 120 119 118 437
8328 854 120 119 118 438
8329 854 121 120 119 439
8330 854 121 120 119 440
8331 854 118 119 120 441
8332 854 118 119 120 442
8333 854 142 141 140 462
8334 854 142 141 140 463
8335 854 143 142 141 464
8336 854 143 142 141 465
8337 854 140 141 142 466
8338 854 140 141 142 467
8339 854 165 164 163 486
8340 854 165 164 163 487
8341 854 166 165 164 488
8342 854 166 165 164 489
8343 854 163 164 165 490
8344 854 163 164 165 491
8345 854 173 172 171 494
8346 854 173 172 171 495
8347 854 174 173 172 496
8348 854 174 173 172 497
8349 854 171 172 173 498
8350 854 175 174 173 498
8351 854 171 172 173 499
8352 854 175 174 173 499
8353 854 172 173 174 500
8354 854 176 175 174 500
8355 854 172 173 174 501
8356 854 176 175 174 501
8357 854 173 174 175 502
8358 854 177 176 175 502
8359 854 173 174 175 503
8360 854 177 176 175 503
8361 854 174 175 176 504
8362 854 178 177 176 504
8363 854 174 175 176 505
8364 854 178 177 176 505
8365 854 175 176 177 506
8366 854 179 178 177 506
8367 854 175 176 177 507
8368 854 179 178 177 507
8369 854 176 177 178 508
8370 854 180 179 178 508
8371 854 176 177 178 509
8372 854 180 179 178 509
8373 854 177 178 179 510
8374 854 177 178 179 511
8375 854 178 179 180 512
8376 854 178 179 180 513
8377 854 195 194 193 529
8378 854 195 194 193 530
8379 854 196 195 194 531
8380 854 196 195 194 532
8381 854 193 194 195 533
8382 854 193 194 195 534
8383 854 194 195 196 535
8384 854 194 195 196 536
8385 854 215 214 213 557
8386 854 215 214 213 558
8387 854 216 215 214 559
8388 854 216 215 214 560
8389 854 213 214 215 561
8390 854 213 214 215 562
8391 854 238 237 236 585
8392 854 238 237 236 586
8393 854 239 238 237 587
8394 854 239 238 237 588
8395 854 236 237 238 589
8396 854 236 237 238 590
8397 854 260 259 258 609
8398 854 260 259 258 610
8399 854 261 260 259 611
8400 854 261 260 259 612
8401 854 258 259 260 613
8402 854 258 259 260 614
8403 854 268 267 266 617
8404 854 268 267 266 618
8405 854 269 268 267 619
8406 854 269 268 267 620
8407 854 266 267 268 621
8408 854 270 269 268 621
8409 854 266 267 268 622
8410 854 270 269 268 622
8411 854 267 268 269 623
8412 854 271 270 269 623
8413 854 267 268 269 624
8414 854 271 270 269 624
8415 854 268 269 270 625
8416 854 272 271 270 625
8417 854 268 269 270 626
8418 854 272 271 270 626
8419 854 269 270 271 627
8420 854 273 272 271 627
8421 854 269 270 271 628
8422 854 273 272 271 628
8423 854 270 271 272 629
8424 854 274 273 272 629
8425 854 270 271 272 630
8426 854 274 273 272 630
8427 854 271 272 273 631
8428 854 275 274 273 631
8429 854 271 272 273 632
8430 854 275 274 273 632
8431 854 272 273 274 633
8432 854 272 273 274 634
8433 854 273 274 275 635
8434 854 273 274 275 636
8435 854 656 655 654 936
8436 854 656 655 654 937
8437 854 657 656 655 938
8438 854 657 656 655 939
8439 854 654 655 656 940
8440 854 654 655 656 941
8441 854 655 656 657 942
8442 854 655 656 657 943
8443 854 676 675 674 964
8444 854 676 675 674 965
8445 854 677 676 675 966
8446 854 677 676 675 967
8447 854 674 675 676 968
8448 854 674 675 676 969
8449 854 697 696 695 989
8450 854 697 696 695 990
8451 854 698 697 696 991
8452 854 698 697 696 992
8453 854 695 696 697 993
8454 854 695 696 697 994
8455 854 720 719 718 1016
8456 854 720 719 718 1017
8457 854 721 720 719 1018
8458 854 721 720 719 1019
8459 854 718 719 720 1020
8460 854 718 719 720 1021
8461 854 728 727 726 1024
8462 854 728 727 726 1025
8463 854 729 728 727 1026
8464 854 729 728 727 1027
8465 854 726 727 728 1028
8466 854 730 729 728 1028
8467 854 726 727 728 1029
8468 854 730 729 728 1029
8469 854 727 728 729 1030
8470 854 731 730 729 1030
8471 854 727 728 729 1031
8472 854 731 730 729 1031
8473 854 728 729 730 1032
8474 854 732 731 730 1032
8475 854 728 729 730 1033
8476 854 732 731 730 1033
8477 854 729 730 731 1034
8478 854 733 732 731 1034
8479 854 729 730 731 1035
8480 854 733 732 731 1035
8481 854 730 731 732 1036
8482 854 734 733 732 1036
8483 854 730 731 732 1037
8484 854 734 733 732 1037
8485 854 731 732 733 1038
8486 854 735 734 733 1038
8487 854 731 732 733 1039
8488 854 735 734 733 1039
8489 854 732 733 734 1040
8490 854 732 733 734 1041
8491 854 733 734 735 1042
8492 854 733 734 735 1043
8493 854 750 749 748 1059
8494 854 750 749 748 1060
8495 854 751 750 749 1061
8496 854 751 750 749 1062
8497 854 748 749 750 1063
8498 854 748 749 750 1064
8499 854 749 750 751 1065
8500 854 749 750 751 1066
8501 854 770 769 768 1087
8502 854 770 769 768 1088
8503 854 771 770 769 1089
8504 854 771 770 769 1090
8505 854 768 769 770 1091
8506 854 768 769 770 1092
8507 854 792 791 790 1112
8508 854 792 791 790 1113
8509 854 793 792 791 1114
8510 854 793 792 791 1115
8511 854 790 791 792 1116
8512 854 790 791 792 1117
8513 854 815 814 813 1136
8514 854 815 814 813 1137
8515 854 816 815 814 1138
8516 854 816 815 814 1139
8517 854 813 814 815 1140
8518 854 813 814 815 1141
8519 854 823 822 821 1144
8520 854 823 822 821 1145
8521 854 824 823 822 1146
8522 854 824 823 822 1147
8523 854 821 822 823 1148
8524 854 825 824 823 1148
8525 854 821 822 823 1149
8526 854 825 824 823 1149
8527 854 822 823 824 1150
8528 854 826 825 824 1150
8529 854 822 823 824 1151
8530 854 826 825 824 1151
8531 854 823 824 825 1152
8532 854 827 826 825 1152
8533 854 823 824 825 1153
8534 854 827 826 825 1153
8535 854 824 825 826 1154
8536 854 828 827 826 1154
8537 854 824 825 826 1155
8538 854 828 827 826 1155
8539 854 825 826 827 1156
8540 854 829 828 827 1156
8541 854 825 826 827 1157
8542 854 829 828 827 1157
8543 854 826 827 828 1158
8544 854 830 829 828 1158
8545 854 826 827 828 1159
8546 854 830 829 828 1159
8547 854 827 828 829 1160
8548 854 827 828 829 1161
8549 854 828 829 830 1162
8550 854 828 829 830 1163
8551 854 845 844 843 1179
8552 854 845 844 843 1180
8553 854 846 845 844 1181
8554 854 846 845 844 1182
8555 854 843 844 845 1183
8556 854 843 844 845 1184
8557 854 844 845 846 1185
8558 854 844 845 846 1186
8559 854 865 864 863 1207
8560 854 865 864 863 1208
8561 854 866 865 864 1209
8562 854 866 865 864 1210
8563 854 863 864 865 1211
8564 854 863 864 865 1212
8565 854 888 887 886 1235
8566 854 888 887 886 1236
8567 854 889 888 887 1237
8568 854 889 888 887 1238
8569 854 886 887 888 1239
8570 854 886 887 888 1240
8571 854 910 909 908 1259
8572 854 910 909 908 1260
8573 854 911 910 909 1261
8574 854 911 910 909 1262
8575 854 908 909 910 1263
8576 854 908 909 910 1264
8577 854 918 917 916 1267
8578 854 918 917 916 1268
8579 854 919 918 917 1269
8580 854 919 918 917 1270
8581 854 916 917 918 1271
8582 854 920 919 918 1271
8583 854 916 917 918 1272
8584 854 920 919 918 1272
8585 854 917 918 919 1273
8586 854 921 920 919 1273
8587 854 917 918 919 1274
8588 854 921 920 919 1274
8589 854 918 919 920 1275
8590 854 922 921 920 1275
8591 854 918 919 920 1276
8592 854 922 921 920 1276
8593 854 919 920 921 1277
8594 854 923 922 921 1277
8595 854 919 920 921 1278
8596 854 923 922 921 1278
8597 854 920 921 922 1279
8598 854 924 923 922 1279
8599 854 920 921 922 1280
8600 854 924 923 922 1280
8601 854 921 922 923 1281
8602 854 925 924 923 1281
8603 854 921 922 923 1282
8604 854 925 924 923 1282
8605 854 922 923 924 1283
8606 854 922 923 924 1284
8607 854 923 924 925 1285
8608 854 923 924 925 1286
8609 854 1306 1305 1304 1586
8610 854 1306 1305 1304 1587
8611 854 1307 1306 1305 1588
8612 854 1307 1306 1305 1589
8613 854 1304 1305 1306 1590
8614 854 1304 1305 1306 1591
8615 854 1305 1306 1307 1592
8616 854 1305 1306 1307 1593
8617 854 1326 1325 1324 1614
8618 854 1326 1325 1324 1615
8619 854 1327 1326 1325 1616
8620 854 1327 1326 1325 1617
8621 854 1324 1325 1326 1618
8622 854 1324 1325 1326 1619
8623 854 1347 1346 1345 1639
8624 854 1347 1346 1345 1640
8625 854 1348 1347 1346 1641
8626 854 1348 1347 1346 1642
8627 854 1345 1346 1347 1643
8628 854 1345 1346 1347 1644
8629 854 1370 1369 1368 1666
8630 854 1370 1369 1368 1667
8631 854 1371 1370 1369 1668
8632 854 1371 1370 1369 1669
8633 854 1368 1369 1370 1670
8634 854 1368 1369 1370 1671
8635 854 1378 1377 1376 1674
8636 854 1378 1377 1376 1675
8637 854 1379 1378 1377 1676
8638 854 1379 1378 1377 1677
8639 854 1376 1377 1378 1678
8640 854 1380 1379 1378 1678
8641 854 1376 1377 1378 1679
8642 854 1380 1379 1378 1679
8643 854 1377 1378 1379 1680
8644 854 1381 1380 1379 1680
8645 854 1377 1378 1379 1681
8646 854 1381 1380 1379 1681
8647 854 1378 1379 1380 1682
8648 854 1382 1381 1380 1682
8649 854 1378 1379 1380 1683
8650 854 1382 1381 1380 1683
8651 854 1379 1380 1381 1684
8652 854 1383 1382 1381 1684
8653 854 1379 1380 1381 1685
8654 854 1383 1382 1381 1685
8655 854 1380 1381 1382 1686
8656 854 1384 1383 1382 1686
8657 854 1380 1381 1382 1687
8658 854 1384 1383 1382 1687
8659 854 1381 1382 1383 1688
8660 854 1385 1384 1383 1688
8661 854 1381 1382 1383 1689
8662 854 1385 1384 1383 1689
8663 854 1382 1383 1384 1690
8664 854 1382 1383 1384 1691
8665 854 1383 1384 1385 1692
8666 854 1383 1384 1385 1693
8667 854 1400 1399 1398 1709
8668 854 1400 1399 1398 1710
8669 854 1401 1400 1399 1711
8670 854 1401 1400 1399 1712
8671 854 1398 1399 1400 1713
8672 854 1398 1399 1400 1714
8673 854 1399 1400 1401 1715
8674 854 1399 1400 1401 1716
8675 854 1420 1419 1418 1737
8676 854 1420 1419 1418 1738
8677 854 1421 1420 1419 1739
8678 854 1421 1420 1419 1740
8679 854 1418 1419 1420 1741
8680 854 1418 1419 1420 1742
8681 854 1442 1441 1440 1762
8682 854 1442 1441 1440 1763
8683 854 1443 1442 1441 1764
8684 854 1443 1442 1441 1765
8685 854 1440 1441 1442 1766
8686 854 1440 1441 1442 1767
8687 854 1465 1464 1463 1786
8688 854 1465 1464 1463 1787
8689 854 1466 1465 1464 1788
8690 854 1466 1465 1464 1789
8691 854 1463 1464 1465 1790
8692 854 1463 1464 1465 1791
8693 854 1473 1472 1471 1794
8694 854 1473 1472 1471 1795
8695 854 1474 1473 1472 1796
8696 854 1474 1473 1472 1797
8697 854 1471 1472 1473 1798
8698 854 1475 1474 1473 1798
8699 854 1471 1472 1473 1799
8700 854 1475 1474 1473 1799
8701 854 1472 1473 1474 1800
8702 854 1476 1475 1474 1800
8703 854 1472 1473 1474 1801
8704 854 1476 1475 1474 1801
8705 854 1473 1474 1475 1802
8706 854 1477 1476 1475 1802
8707 854 1473 1474 1475 1803
8708 854 1477 1476 1475 1803
8709 854 1474 1475 1476 1804
8710 854 1478 1477 1476 1804
8711 854 1474 1475 1476 1805
8712 854 1478 1477 1476 1805
8713 854 1475 1476 1477 1806
8714 854 1479 1478 1477 1806
8715 854 1475 1476 1477 1807
8716 854 1479 1478 1477 1807
8717 854 1476 1477 1478 1808
8718 854 1480 1479 1478 1808
8719 854 1476 1477 1478 1809
8720 854 1480 1479 1478 1809
8721 854 1477 1478 1479 1810
8722 854 1477 1478 1479 1811
8723 854 1478 1479 1480 1812
8724 854 1478 1479 1480 1813
8725 854 1495 1494 1493 1829
8726 854 1495 1494 1493 1830
8727 854 1496 1495 1494 1831
8728 854 1496 1495 1494 1832
8729 854 1493 1494 1495 1833
8730 854 1493 1494 1495 1834
8731 854 1494 1495 1496 1835
8732 854 1494 1495 1496 1836
8733 854 1515 1514 1513 1857
8734 854 1515 1514 1513 1858
8735 854 1516 1515 1514 1859
8736 854 1516 1515 1514 1860
8737 854 1513 1514 1515 1861
8738 854 1513 1514 1515 1862
8739 854 1538 1537 1536 1885
8740 854 1538 1537 1536 1886
8741 854 1539 1538 1537 1887
8742 854 1539 1538 1537 1888
8743 854 1536 1537 1538 1889
8744 854 1536 1537 1538 1890
8745 854 1560 1559 1558 1909
8746 854 1560 1559 1558 1910
8747 854 1561 1560 1559 1911
8748 854 1561 1560 1559 1912
8749 854 1558 1559 1560 1913
8750 854 1558 1559 1560 1914
8751 854 1568 1567 1566 1917
8752 854 1568 1567 1566 1918
8753 854 1569 1568 1567 1919
8754 854 1569 1568 1567 1920
8755 854 1566 1567 1568 1921
8756 854 1570 1569 1568 1921
8757 854 1566 1567 1568 1922
8758 854 1570 1569 1568 1922
8759 854 1567 1568 1569 1923
8760 854 1571 1570 1569 1923
8761 854 1567 1568 1569 1924
8762 854 1571 1570 1569 1924
8763 854 1568 1569 1570 1925
8764 854 1572 1571 1570 1925
8765 854 1568 1569 1570 1926
8766 854 1572 1571 1570 1926
8767 854 1569 1570 1571 1927
8768 854 1573 1572 1571 1927
8769 854 1569 1570 1571 1928
8770 854 1573 1572 1571 1928
8771 854 1570 1571 1572 1929
8772 854 1574 1573 1572 1929
8773 854 1570 1571 1572 1930
8774 854 1574 1573 1572 1930
8775 854 1571 1572 1573 1931
8776 854 1575 1574 1573 1931
8777 854 1571 1572 1573 1932
8778 854 1575 1574 1573 1932
8779 854 1572 1573 1574 1933
8780 854 1572 1573 1574 1934
8781 854 1573 1574 1575 1935
8782 854 1573 1574 1575 1936
8783 854 1956 1955 1954 2236
8784 854 1956 1955 1954 2237
8785 854 1957 1956 1955 2238
8786 854 1957 1956 1955 2239
8787 854 1954 1955 1956 2240
8788 854 1954 1955 1956 2241
8789 854 1955 1956 1957 2242
8790 854 1955 1956 1957 2243
8791 854 1976 1975 1974 2264
8792 854 1976 1975 1974 2265
8793 854 1977 1976 1975 2266
8794 854 1977 1976 1975 2267
8795 854 1974 1975 1976 2268
8796 854 1974 1975 1976 2269
8797 854 1997 1996 1995 2289
8798 854 1997 1996 1995 2290
8799 854 1998 1997 1996 2291
8800 854 1998 1997 1996 2292
8801 854 1995 1996 1997 2293
8802 854 1995 1996 1997 2294
8803 854 2020 2019 2018 2316
8804 854 2020 2019 2018 2317
8805 854 2021 2020 2019 2318
8806 854 2021 2020 2019 2319
8807 854 2018 2019 2020 2320
8808 854 2018 2019 2020 2321
8809 854 2028 2027 2026 2324
8810 854 2028 2027 2026 2325
8811 854 2029 2028 2027 2326
8812 854 2029 2028 2027 2327
8813 854 2026 2027 2028 2328
8814 854 2030 2029 2028 2328
8815 854 2026 2027 2028 2329
8816 854 2030 2029 2028 2329
8817 854 2027 2028 2029 2330
8818 854 2031 2030 2029 2330
8819 854 2027 2028 2029 2331
8820 854 2031 2030 2029 2331
8821 854 2028 2029 2030 2332
8822 854 2032 2031 2030 2332
8823 854 2028 2029 2030 2333
8824 854 2032 2031 2030 2333
8825 854 2029 2030 2031 2334
8826 854 2033 2032 2031 2334
8827 854 2029 2030 2031 2335
8828 854 2033 2032 2031 2335
8829 854 2030 2031 2032 2336
8830 854 2034 2033 2032 2336
8831 854 2030 2031 2032 2337
8832 854 2034 2033 2032 2337
8833 854 2031 2032 2033 2338
8834 854 2035 2034 2033 2338
8835 854 2031 2032 2033 2339
8836 854 2035 2034 2033 2339
8837 854 2032 2033 2034 2340
8838 854 2032 2033 2034 2341
8839 854 2033 2034 2035 2342
8840 854 2033 2034 2035 2343
8841 854 2050 2049 2048 2359
8842 854 2050 2049 2048 2360
8843 854 2051 2050 2049 2361
8844 854 2051 2050 2049 2362
8845 854 2048 2049 2050 2363
8846 854 2048 2049 2050 2364
8847 854 2049 2050 2051 2365
8848 854 2049 2050 2051 2366
8849 854 2070 2069 2068 2387
8850 854 2070 2069 2068 2388
8851 854 2071 2070 2069 2389
8852 854 2071 2070 2069 2390
8853 854 2068 2069 2070 2391
8854 854 2068 2069 2070 2392
8855 854 2092 2091 2090 2412
8856 854 2092 2091 2090 2413
8857 854 2093 2092 2091 2414
8858 854 2093 2092 2091 2415
8859 854 2090 2091 2092 2416
8860 854 2090 2091 2092 2417
8861 854 2115 2114 2113 2436
8862 854 2115 2114 2113 2437
8863 854 2116 2115 2114 2438
8864 854 2116 2115 2114 2439
8865 854 2113 2114 2115 2440
8866 854 2113 2114 2115 2441
8867 854 2123 2122 2121 2444
8868 854 2123 2122 2121 2445
8869 854 2124 2123 2122 2446
8870 854 2124 2123 2122 2447
8871 854 2121 2122 2123 2448
8872 854 2125 2124 2123 2448
8873 854 2121 2122 2123 2449
8874 854 2125 2124 2123 2449
8875 854 2122 2123 2124 2450
8876 854 2126 2125 2124 2450
8877 854 2122 2123 2124 2451
8878 854 2126 2125 2124 2451
8879 854 2123 2124 2125 2452
8880 854 2127 2126 2125 2452
8881 854 2123 2124 2125 2453
8882 854 2127 2126 2125 2453
8883 854 2124 2125 2126 2454
8884 854 2128 2127 2126 2454
8885 854 2124 2125 2126 2455
8886 854 2128 2127 2126 2455
8887 854 2125 2126 2127 2456
8888 854 2129 2128 2127 2456
8889 854 2125 2126 2127 2457
8890 854 2129 2128 2127 2457
8891 854 2126 2127 2128 2458
8892 854 2130 2129 2128 2458
8893 854 2126 2127 2128 2459
8894 854 2130 2129 2128 2459
8895 854 2127 2128 2129 2460
8896 854 2127 2128 2129 2461
8897 854 2128 2129 2130 2462
8898 854 2128 2129 2130 2463
8899 854 2145 2144 2143 2479
8900 854 2145 2144 2143 2480
8901 854 2146 2145 2144 2481
8902 854 2146 2145 2144 2482
8903 854 2143 2144 2145 2483
8904 854 2143 2144 2145 2484
8905 854 2144 2145 2146 2485
8906 854 2144 2145 2146 2486
8907 854 2165 2164 2163 2507
8908 854 2165 2164 2163 2508
8909 854 2166 2165 2164 2509
8910 854 2166 2165 2164 2510
8911 854 2163 2164 2165 2511
8912 854 2163 2164 2165 2512
8913 854 2188 2187 2186 2535
8914 854 2188 2187 2186 2536
8915 854 2189 2188 2187 2537
8916 854 2189 2188 2187 2538
8917 854 2186 2187 2188 2539
8918 854 2186 2187 2188 2540
8919 854 2210 2209 2208 2559
8920 854 2210 2209 2208 2560
8921 854 2211 2210 2209 2561
8922 854 2211 2210 2209 2562
8923 854 2208 2209 2210 2563
8924 854 2208 2209 2210 2564
8925 854 2218 2217 2216 2567
8926 854 2218 2217 2216 2568
8927 854 2219 2218 2217 2569
8928 854 2219 2218 2217 2570
8929 854 2216 2217 2218 2571
8930 854 2220 2219 2218 2571
8931 854 2216 2217 2218 2572
8932 854 2220 2219 2218 2572
8933 854 2217 2218 2219 2573
8934 854 2221 2220 2219 2573
8935 854 2217 2218 2219 2574
8936 854 2221 2220 2219 2574
8937 854 2218 2219 2220 2575
8938 854 2222 2221 2220 2575
8939 854 2218 2219 2220 2576
8940 854 2222 2221 2220 2576
8941 854 2219 2220 2221 2577
8942 854 2223 2222 2221 2577
8943 854 2219 2220 2221 2578
8944 854 2223 2222 2221 2578
8945 854 2220 2221 2222 2579
8946 854 2224 2223 2222 2579
8947 854 2220 2221 2222 2580
8948 854 2224 2223 2222 2580
8949 854 2221 2222 2223 2581
8950 854 2225 2224 2223 2581
8951 854 2221 2222 2223 2582
8952 854 2225 2224 2223 2582
8953 854 2222 2223 2224 2583
8954 854 2222 2223 2224 2584
8955 854 2223 2224 2225 2585
8956 854 2223 2224 2225 2586
8957 854 2606 2605 2604 2886
8958 854 2606 2605 2604 2887
8959 854 2607 2606 2605 2888
8960 854 2607 2606 2605 2889
8961 854 2604 2605 2606 2890
8962 854 2604 2605 2606 2891
8963 854 2605 2606 2607 2892
8964 854 2605 2606 2607 2893
8965 854 2626 2625 2624 2914
8966 854 2626 2625 2624 2915
8967 854 2627 2626 2625 2916
8968 854 2627 2626 2625 2917
8969 854 2624 2625 2626 2918
8970 854 2624 2625 2626 2919
8971 854 2647 2646 2645 2939
8972 854 2647 2646 2645 2940
8973 854 2648 2647 2646 2941
8974 854 2648 2647 2646 2942
8975 854 2645 2646 2647 2943
8976 854 2645 2646 2647 2944
8977 854 2670 2669 2668 2966
8978 854 2670 2669 2668 2967
8979 854 2671 2670 2669 2968
8980 854 2671 2670 2669 2969
8981 854 2668 2669 2670 2970
8982 854 2668 2669 2670 2971
8983 854 2678 2677 2676 2974
8984 854 2678 2677 2676 2975
8985 854 2679 2678 2677 2976
8986 854 2679 2678 2677 2977
8987 854 2676 2677 2678 2978
8988 854 2680 2679 2678 2978
8989 854 2676 2677 2678 2979
8990 854 2680 2679 2678 2979
8991 854 2677 2678 2679 2980
8992 854 2681 2680 2679 2980
8993 854 2677 2678 2679 2981
8994 854 2681 2680 2679 2981
8995 854 2678 2679 2680 2982
8996 854 2682 2681 2680 2982
8997 854 2678 2679 2680 2983
8998 854 2682 2681 2680 2983
8999 854 2679 2680 2681 2984
9000 854 2683 2682 2681 2984
9001 854 2679 2680 2681 2985
9002 854 2683 2682 2681 2985
9003 854 2680 2681 2682 2986
9004 854 2684 2683 2682 2986
9005 854 2680 2681 2682 2987
9006 854 2684 2683 2682 2987
9007 854 2681 2682 2683 2988
9008 854 2685 2684 2683 2988
9009 854 2681 2682 2683 2989
9010 854 2685 2684 2683 2989
9011 854 2682 2683 2684 2990
9012 854 2682 2683 2684 2991
9013 854 2683 2684 2685 2992
9014 854 2683 2684 2685 2993
9015 854 2700 2699 2698 3009
9016 854 2700 2699 2698 3010
9017 854 2701 2700 2699 3011
9018 854 2701 2700 2699 3012
9019 854 2698 2699 2700 3013
9020 854 2698 2699 2700 3014
9021 854 2699 2700 2701 3015
9022 854 2699 2700 2701 3016
9023 854 2720 2719 2718 3037
9024 854 2720 2719 2718 3038
9025 854 2721 2720 2719 3039
9026 854 2721 2720 2719 3040
9027 854 2718 2719 2720 3041
9028 854 2718 2719 2720 3042
9029 854 2742 2741 2740 3062
9030 854 2742 2741 2740 3063
9031 854 2743 2742 2741 3064
9032 854 2743 2742 2741 3065
9033 854 2740 2741 2742 3066
9034 854 2740 2741 2742 3067
9035 854 2765 2764 2763 3086
9036 854 2765 2764 2763 3087
9037 854 2766 2765 2764 3088
9038 854 2766 2765 2764 3089
9039 854 2763 2764 2765 3090
9040 854 2763 2764 2765 3091
9041 854 2773 2772 2771 3094
9042 854 2773 2772 2771 3095
9043 854 2774 2773 2772 3096
9044 854 2774 2773 2772 3097
9045 854 2771 2772 2773 3098
9046 854 2775 2774 2773 3098
9047 854 2771 2772 2773 3099
9048 854 2775 2774 2773 3099
9049 854 2772 2773 2774 3100
9050 854 2776 2775 2774 3100
9051 854 2772 2773 2774 3101
9052 854 2776 2775 2774 3101
9053 854 2773 2774 2775 3102
9054 854 2777 2776 2775 3102
9055 854 2773 2774 2775 3103
9056 854 2777 2776 2775 3103
9057 854 2774 2775 2776 3104
9058 854 2778 2777 2776 3104
9059 854 2774 2775 2776 3105
9060 854 2778 2777 2776 3105
9061 854 2775 2776 2777 3106
9062 854 2779 2778 2777 3106
9063 854 2775 2776 2777 3107
9064 854 2779 2778 2777 3107
9065 854 2776 2777 2778 3108
9066 854 2780 2779 2778 3108
9067 854 2776 2777 2778 3109
9068 854 2780 2779 2778 3109
9069 854 2777 2778 2779 3110
9070 854 2777 2778 2779 3111
9071 854 2778 2779 2780 3112
9072 854 2778 2779 2780 3113
9073 854 2795 2794 2793 3129
9074 854 2795 2794 2793 3130
9075 854 2796 2795 2794 3131
9076 854 2796 2795 2794 3132
9077 854 2793 2794 2795 3133
9078 854 2793 2794 2795 3134
9079 854 2794 2795 2796 3135
9080 854 2794 2795 2796 3136
9081 854 2815 2814 2813 3157
9082 854 2815 2814 2813 3158
9083 854 2816 2815 2814 3159
9084 854 2816 2815 2814 3160
9085 854 2813 2814 2815 3161
9086 854 2813 2814 2815 3162
9087 854 2838 2837 2836 3185
9088 854 2838 2837 2836 3186
9089 854 2839 2838 2837 3187
9090 854 2839 2838 2837 3188
9091 854 2836 2837 2838 3189
9092 854 2836 2837 2838 3190
9093 854 2860 2859 2858 3209
9094 854 2860 2859 2858 3210
9095 854 2861 2860 2859 3211
9096 854 2861 2860 2859 3212
9097 854 2858 2859 2860 3213
9098 854 2858 2859 2860 3214
9099 854 2868 2867 2866 3217
9100 854 2868 2867 2866 3218
9101 854 2869 2868 2867 3219
9102 854 2869 2868 2867 3220
9103 854 2866 2867 2868 3221
9104 854 2870 2869 2868 3221
9105 854 2866 2867 2868 3222
9106 854 2870 2869 2868 3222
9107 854 2867 2868 2869 3223
9108 854 2871 2870 2869 3223
9109 854 2867 2868 2869 3224
9110 854 2871 2870 2869 3224
9111 854 2868 2869 2870 3225
9112 854 2872 2871 2870 3225
9113 854 2868 2869 2870 3226
9114 854 2872 2871 2870 3226
9115 854 2869 2870 2871 3227
9116 854 2873 2872 2871 3227
9117 854 2869 2870 2871 3228
9118 854 2873 2872 2871 3228
9119 854 2870 2871 2872 3229
9120 854 2874 2873 2872 3229
9121 854 2870 2871 2872 3230
9122 854 2874 2873 2872 3230
9123 854 2871 2872 2873 3231
9124 854 2875 2874 2873 3231
9125 854 2871 2872 2873 3232
9126 854 2875 2874 2873 3232
9127 854 2872 2873 2874 3233
9128 854 2872 2873 2874 3234
9129 854 2873 2874 2875 3235
9130 854 2873 2874 2875 3236
9131 854 3256 3255 3254 3536
9132 854 3256 3255 3254 3537
9133 854 3257 3256 3255 3538
9134 854 3257 3256 3255 3539
9135 854 3254 3255 3256 3540
9136 854 3254 3255 3256 3541
9137 854 3255 3256 3257 3542
9138 854 3255 3256 3257 3543
9139 854 3276 3275 3274 3564
9140 854 3276 3275 3274 3565
9141 854 3277 3276 3275 3566
9142 854 3277 3276 3275 3567
9143 854 3274 3275 3276 3568
9144 854 3274 3275 3276 3569
9145 854 3297 3296 3295 3589
9146 854 3297 3296 3295 3590
9147 854 3298 3297 3296 3591
9148 854 3298 3297 3296 3592
9149 854 3295 3296 3297 3593
9150 854 3295 3296 3297 3594
9151 854 3320 3319 3318 3616
9152 854 3320 3319 3318 3617
9153 854 3321 3320 3319 3618
9154 854 3321 3320 3319 3619
9155 854 3318 3319 3320 3620
9156 854 3318 3319 3320 3621
9157 854 3328 3327 3326 3624
9158 854 3328 3327 3326 3625
9159 854 3329 3328 3327 3626
9160 854 3329 3328 3327 3627
9161 854 3326 3327 3328 3628
9162 854 3330 3329 3328 3628
9163 854 3326 3327 3328 3629
9164 854 3330 3329 3328 3629
9165 854 3327 3328 3329 3630
9166 854 3331 3330 3329 3630
9167 854 3327 3328 3329 3631
9168 854 3331 3330 3329 3631
9169 854 3328 3329 3330 3632
9170 854 3332 3331 3330 3632
9171 854 3328 3329 3330 3633
9172 854 3332 3331 3330 3633
9173 854 3329 3330 3331 3634
9174 854 3333 3332 3331 3634
9175 854 3329 3330 3331 3635
9176 854 3333 3332 3331 3635
9177 854 3330 3331 3332 3636
9178 854 3334 3333 3332 3636
9179 854 3330 3331 3332 3637
9180 854 3334 3333 3332 3637
9181 854 3331 3332 3333 3638
9182 854 3335 3334 3333 3638
9183 854 3331 3332 3333 3639
9184 854 3335 3334 3333 3639
9185 854 3332 3333 3334 3640
9186 854 3332 3333 3334 3641
9187 854 3333 3334 3335 3642
9188 854 3333 3334 3335 3643
9189 854 3350 3349 3348 3659
9190 854 3350 3349 3348 3660
9191 854 3351 3350 3349 3661
9192 854 3351 3350 3349 3662
9193 854 3348 3349 3350 3663
9194 854 3348 3349 3350 3664
9195 854 3349 3350 3351 3665
9196 854 3349 3350 3351 3666
9197 854 3370 3369 3368 3687
9198 854 3370 3369 3368 3688
9199 854 3371 3370 3369 3689
9200 854 3371 3370 3369 3690
9201 854 3368 3369 3370 3691
9202 854 3368 3369 3370 3692
9203 854 3392 3391 3390 3712
9204 854 3392 3391 3390 3713
9205 854 3393 3392 3391 3714
9206 854 3393 3392 3391 3715
9207 854 3390 3391 3392 3716
9208 854 3390 3391 3392 3717
9209 854 3415 3414 3413 3736
9210 854 3415 3414 3413 3737
9211 854 3416 3415 3414 3738
9212 854 3416 3415 3414 3739
9213 854 3413 3414 3415 3740
9214 854 3413 3414 3415 3741
9215 854 3423 3422 3421 3744
9216 854 3423 3422 3421 3745
9217 854 3424 3423 3422 3746
9218 854 3424 3423 3422 3747
9219 854 3421 3422 3423 3748
9220 854 3425 3424 3423 3748
9221 854 3421 3422 3423 3749
9222 854 3425 3424 3423 3749
9223 854 3422 3423 3424 3750
9224 854 3426 3425 3424 3750
9225 854 3422 3423 3424 3751
9226 854 3426 3425 3424 3751
9227 854 3423 3424 3425 3752
9228 854 3427 3426 3425 3752
9229 854 3423 3424 3425 3753
9230 854 3427 3426 3425 3753
9231 854 3424 3425 3426 3754
9232 854 3428 3427 3426 3754
9233 854 3424 3425 3426 3755
9234 854 3428 3427 3426 3755
9235 854 3425 3426 3427 3756
9236 854 3429 3428 3427 3756
9237 854 3425 3426 3427 3757
9238 854 3429 3428 3427 3757
9239 854 3426 3427 3428 3758
9240 854 3430 3429 3428 3758
9241 854 3426 3427 3428 3759
9242 854 3430 3429 3428 3759
9243 854 3427 3428 3429 3760
9244 854 3427 3428 3429 3761
9245 854 3428 3429 3430 3762
9246 854 3428 3429 3430 3763
9247 854 3445 3444 3443 3779
9248 854 3445 3444 3443 3780
9249 854 3446 3445 3444 3781
9250 854 3446 3445 3444 3782
9251 854 3443 3444 3445 3783
9252 854 3443 3444 3445 3784
9253 854 3444 3445 3446 3785
9254 854 3444 3445 3446 3786
9255 854 3465 3464 3463 3807
9256 854 3465 3464 3463 3808
9257 854 3466 3465 3464 3809
9258 854 3466 3465 3464 3810
9259 854 3463 3464 3465 3811
9260 854 3463 3464 3465 3812
9261 854 3488 3487 3486 3835
9262 854 3488 3487 3486 3836
9263 854 3489 3488 3487 3837
9264 854 3489 3488 3487 3838
9265 854 3486 3487 3488 3839
9266 854 3486 3487 3488 3840
9267 854 3510 3509 3508 3859
9268 854 3510 3509 3508 3860
9269 854 3511 3510 3509 3861
9270 854 3511 3510 3509 3862
9271 854 3508 3509 3510 3863
9272 854 3508 3509 3510 3864
9273 854 3518 3517 3516 3867
9274 854 3518 3517 3516 3868
9275 854 3519 3518 3517 3869
9276 854 3519 3518 3517 3870
9277 854 3516 3517 3518 3871
9278 854 3520 3519 3518 3871
9279 854 3516 3517 3518 3872
9280 854 3520 3519 3518 3872
9281 854 3517 3518 3519 3873
9282 854 3521 3520 3519 3873
9283 854 3517 3518 3519 3874
9284 854 3521 3520 3519 3874
9285 854 3518 3519 3520 3875
9286 854 3522 3521 3520 3875
9287 854 3518 3519 3520 3876
9288 854 3522 3521 3520 3876
9289 854 3519 3520 3521 3877
9290 854 3523 3522 3521 3877
9291 854 3519 3520 3521 3878
9292 854 3523 3522 3521 3878
9293 854 3520 3521 3522 3879
9294 854 3524 3523 3522 3879
9295 854 3520 3521 3522 3880
9296 854 3524 3523 3522 3880
9297 854 3521 3522 3523 3881
9298 854 3525 3524 3523 3881
9299 854 3521 3522 3523 3882
9300 854 3525 3524 3523 3882
9301 854 3522 3523 3524 3883
9302 854 3522 3523 3524 3884
9303 854 3523 3524 3525 3885
9304 854 3523 3524 3525 3886
9305 854 3906 3905 3904 4186
9306 854 3906 3905 3904 4187
9307 854 3907 3906 3905 4188
9308 854 3907 3906 3905 4189
9309 854 3904 3905 3906 4190
9310 854 3904 3905 3906 4191
9311 854 3905 3906 3907 4192
9312 854 3905 3906 3907 4193
9313 854 3926 3925 3924 4214
9314 854 3926 3925 3924 4215
9315 854 3927 3926 3925 4216
9316 854 3927 3926 3925 4217
9317 854 3924 3925 3926 4218
9318 854 3924 3925 3926 4219
9319 854 3947 3946 3945 4239
9320 854 3947 3946 3945 4240
9321 854 3948 3947 3946 4241
9322 854 3948 3947 3946 4242
9323 854 3945 3946 3947 4243
9324 854 3945 3946 3947 4244
9325 854 3970 3969 3968 4266
9326 854 3970 3969 3968 4267
9327 854 3971 3970 3969 4268
9328 854 3971 3970 3969 4269
9329 854 3968 3969 3970 4270
9330 854 3968 3969 3970 4271
9331 854 3978 3977 3976 4274
9332 854 3978 3977 3976 4275
9333 854 3979 3978 3977 4276
9334 854 3979 3978 3977 4277
9335 854 3976 3977 3978 4278
9336 854 3980 3979 3978 4278
9337 854 3976 3977 3978 4279
9338 854 3980 3979 3978 4279
9339 854 3977 3978 3979 4280
9340 854 3981 3980 3979 4280
9341 854 3977 3978 3979 4281
9342 854 3981 3980 3979 4281
9343 854 3978 3979 3980 4282
9344 854 3982 3981 3980 4282
9345 854 3978 3979 3980 4283
9346 854 3982 3981 3980 4283
9347 854 3979 3980 3981 4284
9348 854 3983 3982 3981 4284
9349 854 3979 3980 3981 4285
9350 854 3983 3982 3981 4285
9351 854 3980 3981 3982 4286
9352 854 3984 3983 3982 4286
9353 854 3980 3981 3982 4287
9354 854 3984 3983 3982 4287
9355 854 3981 3982 3983 4288
9356 854 3985 3984 3983 4288
9357 854 3981 3982 3983 4289
9358 854 3985 3984 3983 4289
9359 854 3982 3983 3984 4290
9360 854 3982 3983 3984 4291
9361 854 3983 3984 3985 4292
9362 854 3983 3984 3985 4293
9363 854 4000 3999 3998 4309
9364 854 4000 3999 3998 4310
9365 854 4001 4000 3999 4311
9366 854 4001 4000 3999 4312
9367 854 3998 3999 4000 4313
9368 854 3998 3999 4000 4314
9369 854 3999 4000 4001 4315
9370 854 3999 4000 4001 4316
9371 854 4020 4019 4018 4337
9372 854 4020 4019 4018 4338
9373 854 4021 4020 4019 4339
9374 854 4021 4020 4019 4340
9375 854 4018 4019 4020 4341
9376 854 4018 4019 4020 4342
9377 854 4042 4041 4040 4362
9378 854 4042 4041 4040 4363
9379 854 4043 4042 4041 4364
9380 854 4043 4042 4041 4365
9381 854 4040 4041 4042 4366
9382 854 4040 4041 4042 4367
9383 854 4065 4064 4063 4386
9384 854 4065 4064 4063 4387
9385 854 4066 4065 4064 4388
9386 854 4066 4065 4064 4389
9387 854 4063 4064 4065 4390
9388 854 4063 4064 4065 4391
9389 854 4073 4072 4071 4394
9390 854 4073 4072 4071 4395
9391 854 4074 4073 4072 4396
9392 854 4074 4073 4072 4397
9393 854 4071 4072 4073 4398
9394 854 4075 4074 4073 4398
9395 854 4071 4072 4073 4399
9396 854 4075 4074 4073 4399
9397 854 4072 4073 4074 4400
9398 854 4076 4075 4074 4400
9399 854 4072 4073 4074 4401
9400 854 4076 4075 4074 4401
9401 854 4073 4074 4075 4402
9402 854 4077 4076 4075 4402
9403 854 4073 4074 4075 4403
9404 854 4077 4076 4075 4403
9405 854 4074 4075 4076 4404
9406 854 4078 4077 4076 4404
9407 854 4074 4075 4076 4405
9408 854 4078 4077 4076 4405
9409 854 4075 4076 4077 4406
9410 854 4079 4078 4077 4406
9411 854 4075 4076 4077 4407
9412 854 4079 4078 4077 4407
9413 854 4076 4077 4078 4408
9414 854 4080 4079 4078 4408
9415 854 4076 4077 4078 4409
9416 854 4080 4079 4078 4409
9417 854 4077 4078 4079 4410
9418 854 4077 4078 4079 4411
9419 854 4078 4079 4080 4412
9420 854 4078 4079 4080 4413
9421 854 4095 4094 4093 4429
9422 854 4095 4094 4093 4430
9423 854 4096 4095 4094 4431
9424 854 4096 4095 4094 4432
9425 854 4093 4094 4095 4433
9426 854 4093 4094 4095 4434
9427 854 4094 4095 4096 4435
9428 854 4094 4095 4096 4436
9429 854 4115 4114 4113 4457
9430 854 4115 4114 4113 4458
9431 854 4116 4115 4114 4459
9432 854 4116 4115 4114 4460
9433 854 4113 4114 4115 4461
9434 854 4113 4114 4115 4462
9435 854 4138 4137 4136 4485
9436 854 4138 4137 4136 4486
9437 854 4139 4138 4137 4487
9438 854 4139 4138 4137 4488
9439 854 4136 4137 4138 4489
9440 854 4136 4137 4138 4490
9441 854 4160 4159 4158 4509
9442 854 4160 4159 4158 4510
9443 854 4161 4160 4159 4511
9444 854 4161 4160 4159 4512
9445 854 4158 4159 4160 4513
9446 854 4158 4159 4160 4514
9447 854 4168 4167 4166 4517
9448 854 4168 4167 4166 4518
9449 854 4169 4168 4167 4519
9450 854 4169 4168 4167 4520
9451 854 4166 4167 4168 4521
9452 854 4170 4169 4168 4521
9453 854 4166 4167 4168 4522
9454 854 4170 4169 4168 4522
9455 854 4167 4168 4169 4523
9456 854 4171 4170 4169 4523
9457 854 4167 4168 4169 4524
9458 854 4171 4170 4169 4524
9459 854 4168 4169 4170 4525
9460 854 4172 4171 4170 4525
9461 854 4168 4169 4170 4526
9462 854 4172 4171 4170 4526
9463 854 4169 4170 4171 4527
9464 854 4173 4172 4171 4527
9465 854 4169 4170 4171 4528
9466 854 4173 4172 4171 4528
9467 854 4170 4171 4172 4529
9468 854 4174 4173 4172 4529
9469 854 4170 4171 4172 4530
9470 854 4174 4173 4172 4530
9471 854 4171 4172 4173 4531
9472 854 4175 4174 4173 4531
9473 854 4171 4172 4173 4532
9474 854 4175 4174 4173 4532
9475 854 4172 4173 4174 4533
9476 854 4172 4173 4174 4534
9477 854 4173 4174 4175 4535
9478 854 4173 4174 4175 4536
9479 854 4556 4555 4554 4836
9480 854 4556 4555 4554 4837
9481 854 4557 4556 4555 4838
9482 854 4557 4556 4555 4839
9483 854 4554 4555 4556 4840
9484 854 4554 4555 4556 4841
9485 854 4555 4556 4557 4842
9486 854 4555 4556 4557 4843
9487 854 4576 4575 4574 4864
9488 854 4576 4575 4574 4865
9489 854 4577 4576 4575 4866
9490 854 4577 4576 4575 4867
9491 854 4574 4575 4576 4868
9492 854 4574 4575 4576 4869
9493 854 4597 4596 4595 4889
9494 854 4597 4596 4595 4890
9495 854 4598 4597 4596 4891
9496 854 4598 4597 4596 4892
9497 854 4595 4596 4597 4893
9498 854 4595 4596 4597 4894
9499 854 4620 4619 4618 4916
9500 854 4620 4619 4618 4917
9501 854 4621 4620 4619 4918
9502 854 4621 4620 4619 4919
9503 854 4618 4619 4620 4920
9504 854 4618 4619 4620 4921
9505 854 4628 4627 4626 4924
9506 854 4628 4627 4626 4925
9507 854 4629 4628 4627 4926
9508 854 4629 4628 4627 4927
9509 854 4626 4627 4628 4928
9510 854 4630 4629 4628 4928
9511 854 4626 4627 4628 4929
9512 854 4630 4629 4628 4929
9513 854 4627 4628 4629 4930
9514 854 4631 4630 4629 4930
9515 854 4627 4628 4629 4931
9516 854 4631 4630 4629 4931
9517 854 4628 4629 4630 4932
9518 854 4632 4631 4630 4932
9519 854 4628 4629 4630 4933
9520 854 4632 4631 4630 4933
9521 854 4629 4630 4631 4934
9522 854 4633 4632 4631 4934
9523 854 4629 4630 4631 4935
9524 854 4633 4632 4631 4935
9525 854 4630 4631 4632 4936
9526 854 4634 4633 4632 4936
9527 854 4630 4631 4632 4937
9528 854 4634 4633 4632 4937
9529 854 4631 4632 4633 4938
9530 854 4635 4634 4633 4938
9531 854 4631 4632 4633 4939
9532 854 4635 4634 4633 4939
9533 854 4632 4633 4634 4940
9534 854 4632 4633 4634 4941
9535 854 4633 4634 4635 4942
9536 854 4633 4634 4635 4943
9537 854 4650 4649 4648 4959
9538 854 4650 4649 4648 4960
9539 854 4651 4650 4649 4961
9540 854 4651 4650 4649 4962
9541 854 4648 4649 4650 4963
9542 854 4648 4649 4650 4964
9543 854 4649 4650 4651 4965
9544 854 4649 4650 4651 4966
9545 854 4670 4669 4668 4987
9546 854 4670 4669 4668 4988
9547 854 4671 4670 4669 4989
9548 854 4671 4670 4669 4990
9549 854 4668 4669 4670 4991
9550 854 4668 4669 4670 4992
9551 854 4692 4691 4690 5012
9552 854 4692 4691 4690 5013
9553 854 4693 4692 4691 5014
9554 854 4693 4692 4691 5015
9555 854 4690 4691 4692 5016
9556 854 4690 4691 4692 5017
9557 854 4715 4714 4713 5036
9558 854 4715 4714 4713 5037
9559 854 4716 4715 4714 5038
9560 854 4716 4715 4714 5039
9561 854 4713 4714 4715 5040
9562 854 4713 4714 4715 5041
9563 854 4723 4722 4721 5044
9564 854 4723 4722 4721 5045
9565 854 4724 4723 4722 5046
9566 854 4724 4723 4722 5047
9567 854 4721 4722 4723 5048
9568 854 4725 4724 4723 5048
9569 854 4721 4722 4723 5049
9570 854 4725 4724 4723 5049
9571 854 4722 4723 4724 5050
9572 854 4726 4725 4724 5050
9573 854 4722 4723 4724 5051
9574 854 4726 4725 4724 5051
9575 854 4723 4724 4725 5052
9576 854 4727 4726 4725 5052
9577 854 4723 4724 4725 5053
9578 854 4727 4726 4725 5053
9579 854 4724 4725 4726 5054
9580 854 4728 4727 4726 5054
9581 854 4724 4725 4726 5055
9582 854 4728 4727 4726 5055
9583 854 4725 4726 4727 5056
9584 854 4729 4728 4727 5056
9585 854 4725 4726 4727 5057
9586 854 4729 4728 4727 5057
9587 854 4726 4727 4728 5058
9588 854 4730 4729 4728 5058
9589 854 4726 4727 4728 5059
9590 854 4730 4729 4728 5059
9591 854 4727 4728 4729 5060
9592 854 4727 4728 4729 5061
9593 854 4728 4729 4730 5062
9594 854 4728 4729 4730 5063
9595 854 4745 4744 4743 5079
9596 854 4745 4744 4743 5080
9597 854 4746 4745 4744 5081
9598 854 4746 4745 4744 5082
9599 854 4743 4744 4745 5083
9600 854 4743 4744 4745 5084
9601 854 4744 4745 4746 5085
9602 854 4744 4745 4746 5086
9603 854 4765 4764 4763 5107
9604 854 4765 4764 4763 5108
9605 854 4766 4765 4764 5109
9606 854 4766 4765 4764 5110
9607 854 4763 4764 4765 5111
9608 854 4763 4764 4765 5112
9609 854 4788 4787 4786 5135
9610 854 4788 4787 4786 5136
9611 854 4789 4788 4787 5137
9612 854 4789 4788 4787 5138
9613 854 4786 4787 4788 5139
9614 854 4786 4787 4788 5140
9615 854 4810 4809 4808 5159
9616 854 4810 4809 4808 5160
9617 854 4811 4810 4809 5161
9618 854 4811 4810 4809 5162
9619 854 4808 4809 4810 5163
9620 854 4808 4809 4810 5164
9621 854 4818 4817 4816 5167
9622 854 4818 4817 4816 5168
9623 854 4819 4818 4817 5169
9624 854 4819 4818 4817 5170
9625 854 4816 4817 4818 5171
9626 854 4820 4819 4818 5171
9627 854 4816 4817 4818 5172
9628 854 4820 4819 4818 5172
9629 854 4817 4818 4819 5173
9630 854 4821 4820 4819 5173
9631 854 4817 4818 4819 5174
9632 854 4821 4820 4819 5174
9633 854 4818 4819 4820 5175
9634 854 4822 4821 4820 5175
9635 854 4818 4819 4820 5176
9636 854 4822 4821 4820 5176
9637 854 4819 4820 4821 5177
9638 854 4823 4822 4821 5177
9639 854 4819 4820 4821 5178
9640 854 4823 4822 4821 5178
9641 854 4820 4821 4822 5179
9642 854 4824 4823 4822 5179
9643 854 4820 4821 4822 5180
9644 854 4824 4823 4822 5180
9645 854 4821 4822 4823 5181
9646 854 4825 4824 4823 5181
9647 854 4821 4822 4823 5182
9648 854 4825 4824 4823 5182
9649 854 4822 4823 4824 5183
9650 854 4822 4823 4824 5184
9651 854 4823 4824 4825 5185
9652 854 4823 4824 4825 5186
9653 854 5206 5205 5204 5486
9654 854 5206 5205 5204 5487
9655 854 5207 5206 5205 5488
9656 854 5207 5206 5205 5489
9657 854 5204 5205 5206 5490
9658 854 5204 5205 5206 5491
9659 854 5205 5206 5207 5492
9660 854 5205 5206 5207 5493
9661 854 5226 5225 5224 5514
9662 854 5226 5225 5224 5515
9663 854 5227 5226 5225 5516
9664 854 5227 5226 5225 5517
9665 854 5224 5225 5226 5518
9666 854 5224 5225 5226 5519
9667 854 5247 5246 5245 5539
9668 854 5247 5246 5245 5540
9669 854 5248 5247 5246 5541
9670 854 5248 5247 5246 5542
9671 854 5245 5246 5247 5543
9672 854 5245 5246 5247 5544
9673 854 5270 5269 5268 5566
9674 854 5270 5269 5268 5567
9675 854 5271 5270 5269 5568
9676 854 5271 5270 5269 5569
9677 854 5268 5269 5270 5570
9678 854 5268 5269 5270 5571
9679 854 5278 5277 5276 5574
9680 854 5278 5277 5276 5575
9681 854 5279 5278 5277 5576
9682 854 5279 5278 5277 5577
9683 854 5276 5277 5278 5578
9684 854 5280 5279 5278 5578
9685 854 5276 5277 5278 5579
9686 854 5280 5279 5278 5579
9687 854 5277 5278 5279 5580
9688 854 5281 5280 5279 5580
9689 854 5277 5278 5279 5581
9690 854 5281 5280 5279 5581
9691 854 5278 5279 5280 5582
9692 854 5282 5281 5280 5582
9693 854 5278 5279 5280 5583
9694 854 5282 5281 5280 5583
9695 854 5279 5280 5281 5584
9696 854 5283 5282 5281 5584
9697 854 5279 5280 5281 5585
9698 854 5283 5282 5281 5585
9699 854 5280 5281 5282 5586
9700 854 5284 5283 5282 5586
9701 854 5280 5281 5282 5587
9702 854 5284 5283 5282 5587
9703 854 5281 5282 5283 5588
9704 854 5285 5284 5283 5588
9705 854 5281 5282 5283 5589
9706 854 5285 5284 5283 5589
9707 854 5282 5283 5284 5590
9708 854 5282 5283 5284 5591
9709 854 5283 5284 5285 5592
9710 854 5283 5284 5285 5593
9711 854 5300 5299 5298 5609
9712 854 5300 5299 5298 5610
9713 854 5301 5300 5299 5611
9714 854 5301 5300 5299 5612
9715 854 5298 5299 5300 5613
9716 854 5298 5299 5300 5614
9717 854 5299 5300 5301 5615
9718 854 5299 5300 5301 5616
9719 854 5320 5319 5318 5637
9720 854 5320 5319 5318 5638
9721 854 5321 5320 5319 5639
9722 854 5321 5320 5319 5640
9723 854 5318 5319 5320 5641
9724 854 5318 5319 5320 5642
9725 854 5342 5341 5340 5662
9726 854 5342 5341 5340 5663
9727 854 5343 5342 5341 5664
9728 854 5343 5342 5341 5665
9729 854 5340 5341 5342 5666
9730 854 5340 5341 5342 5667
9731 854 5365 5364 5363 5686
9732 854 5365 5364 5363 5687
9733 854 5366 5365 5364 5688
9734 854 5366 5365 5364 5689
9735 854 5363 5364 5365 5690
9736 854 5363 5364 5365 5691
9737 854 5373 5372 5371 5694
9738 854 5373 5372 5371 5695
9739 854 5374 5373 5372 5696
9740 854 5374 5373 5372 5697
9741 854 5371 5372 5373 5698
9742 854 5375 5374 5373 5698
9743 854 5371 5372 5373 5699
9744 854 5375 5374 5373 5699
9745 854 5372 5373 5374 5700
9746 854 5376 5375 5374 5700
9747 854 5372 5373 5374 5701
9748 854 5376 5375 5374 5701
9749 854 5373 5374 5375 5702
9750 854 5377 5376 5375 5702
9751 854 5373 5374 5375 5703
9752 854 5377 5376 5375 5703
9753 854 5374 5375 5376 5704
9754 854 5378 5377 5376 5704
9755 854 5374 5375 5376 5705
9756 854 5378 5377 5376 5705
9757 854 5375 5376 5377 5706
9758 854 5379 5378 5377 5706
9759 854 5375 5376 5377 5707
9760 854 5379 5378 5377 5707
9761 854 5376 5377 5378 5708
9762 854 5380 5379 5378 5708
9763 854 5376 5377 5378 5709
9764 854 5380 5379 5378 5709
9765 854 5377 5378 5379 5710
9766 854 5377 5378 5379 5711
9767 854 5378 5379 5380 5712
9768 854 5378 5379 5380 5713
9769 854 5395 5394 5393 5729
9770 854 5395 5394 5393 5730
9771 854 5396 5395 5394 5731
9772 854 5396 5395 5394 5732
9773 854 5393 5394 5395 5733
9774 854 5393 5394 5395 5734
9775 854 5394 5395 5396 5735
9776 854 5394 5395 5396 5736
9777 854 5415 5414 5413 5757
9778 854 5415 5414 5413 5758
9779 854 5416 5415 5414 5759
9780 854 5416 5415 5414 5760
9781 854 5413 5414 5415 5761
9782 854 5413 5414 5415 5762
9783 854 5438 5437 5436 5785
9784 854 5438 5437 5436 5786
9785 854 5439 5438 5437 5787
9786 854 5439 5438 5437 5788
9787 854 5436 5437 5438 5789
9788 854 5436 5437 5438 5790
9789 854 5460 5459 5458 5809
9790 854 5460 5459 5458 5810
9791 854 5461 5460 5459 5811
9792 854 5461 5460 5459 5812
9793 854 5458 5459 5460 5813
9794 854 5458 5459 5460 5814
9795 854 5468 5467 5466 5817
9796 854 5468 5467 5466 5818
9797 854 5469 5468 5467 5819
9798 854 5469 5468 5467 5820
9799 854 5466 5467 5468 5821
9800 854 5470 5469 5468 5821
9801 854 5466 5467 5468 5822
9802 854 5470 5469 5468 5822
9803 854 5467 5468 5469 5823
9804 854 5471 5470 5469 5823
9805 854 5467 5468 5469 5824
9806 854 5471 5470 5469 5824
9807 854 5468 5469 5470 5825
9808 854 5472 5471 5470 5825
9809 854 5468 5469 5470 5826
9810 854 5472 5471 5470 5826
9811 854 5469 5470 5471 5827
9812 854 5473 5472 5471 5827
9813 854 5469 5470 5471 5828
9814 854 5473 5472 5471 5828
9815 854 5470 5471 5472 5829
9816 854 5474 5473 5472 5829
9817 854 5470 5471 5472 5830
9818 854 5474 5473 5472 5830
9819 854 5471 5472 5473 5831
9820 854 5475 5474 5473 5831
9821 854 5471 5472 5473 5832
9822 854 5475 5474 5473 5832
9823 854 5472 5473 5474 5833
9824 854 5472 5473 5474 5834
9825 854 5473 5474 5475 5835
9826 854 5473 5474 5475 5836
9827 854 5856 5855 5854 6136
9828 854 5856 5855 5854 6137
9829 854 5857 5856 5855 6138
9830 854 5857 5856 5855 6139
9831 854 5854 5855 5856 6140
9832 854 5854 5855 5856 6141
9833 854 5855 5856 5857 6142
9834 854 5855 5856 5857 6143
9835 854 5876 5875 5874 6164
9836 854 5876 5875 5874 6165
9837 854 5877 5876 5875 6166
9838 854 5877 5876 5875 6167
9839 854 5874 5875 5876 6168
9840 854 5874 5875 5876 6169
9841 854 5897 5896 5895 6189
9842 854 5897 5896 5895 6190
9843 854 5898 5897 5896 6191
9844 854 5898 5897 5896 6192
9845 854 5895 5896 5897 6193
9846 854 5895 5896 5897 6194
9847 854 5920 5919 5918 6216
9848 854 5920 5919 5918 6217
9849 854 5921 5920 5919 6218
9850 854 5921 5920 5919 6219
9851 854 5918 5919 5920 6220
9852 854 5918 5919 5920 6221
9853 854 5928 5927 5926 6224
9854 854 5928 5927 5926 6225
9855 854 5929 5928 5927 6226
9856 854 5929 5928 5927 6227
9857 854 5926 5927 5928 6228
9858 854 5930 5929 5928 6228
9859 854 5926 5927 5928 6229
9860 854 5930 5929 5928 6229
9861 854 5927 5928 5929 6230
9862 854 5931 5930 5929 6230
9863 854 5927 5928 5929 6231
9864 854 5931 5930 5929 6231
9865 854 5928 5929 5930 6232
9866 854 5932 5931 5930 6232
9867 854 5928 5929 5930 6233
9868 854 5932 5931 5930 6233
9869 854 5929 5930 5931 6234
9870 854 5933 5932 5931 6234
9871 854 5929 5930 5931 6235
9872 854 5933 5932 5931 6235
9873 854 5930 5931 5932 6236
9874 854 5934 5933 5932 6236
9875 854 5930 5931 5932 6237
9876 854 5934 5933 5932 6237
9877 854 5931 5932 5933 6238
9878 854 5935 5934 5933 6238
9879 854 5931 5932 5933 6239
9880 854 5935 5934 5933 6239
9881 854 5932 5933 5934 6240
9882 854 5932 5933 5934 6241
9883 854 5933 5934 5935 6242
9884 854 5933 5934 5935 6243
9885 854 5950 5949 5948 6259
9886 854 5950 5949 5948 6260
9887 854 5951 5950 5949 6261
9888 854 5951 5950 5949 6262
9889 854 5948 5949 5950 6263
9890 854 5948 5949 5950 6264
9891 854 5949 5950 5951 6265
9892 854 5949 5950 5951 6266
9893 854 5970 5969 5968 6287
9894 854 5970 5969 5968 6288
9895 854 5971 5970 5969 6289
9896 854 5971 5970 5969 6290
9897 854 5968 5969 5970 6291
9898 854 5968 5969 5970 6292
9899 854 5992 5991 5990 6312
9900 854 5992 5991 5990 6313
9901 854 5993 5992 5991 6314
9902 854 5993 5992 5991 6315
9903 854 5990 5991 5992 6316
9904 854 5990 5991 5992 6317
9905 854 6015 6014 6013 6336
9906 854 6015 6014 6013 6337
9907 854 6016 6015 6014 6338
9908 854 6016 6015 6014 6339
9909 854 6013 6014 6015 6340
9910 854 6013 6014 6015 6341
9911 854 6023 6022 6021 6344
9912 854 6023 6022 6021 6345
9913 854 6024 6023 6022 6346
9914 854 6024 6023 6022 6347
9915 854 6021 6022 6023 6348
9916 854 6025 6024 6023 6348
9917 854 6021 6022 6023 6349
9918 854 6025 6024 6023 6349
9919 854 6022 6023 6024 6350
9920 854 6026 6025 6024 6350
9921 854 6022 6023 6024 6351
9922 854 6026 6025 6024 6351
9923 854 6023 6024 6025 6352
9924 854 6027 6026 6025 6352
9925 854 6023 6024 6025 6353
9926 854 6027 6026 6025 6353
9927 854 6024 6025 6026 6354
9928 854 6028 6027 6026 6354
9929 854 6024 6025 6026 6355
9930 854 6028 6027 6026 6355
9931 854 6025 6026 6027 6356
9932 854 6029 6028 6027 6356
9933 854 6025 6026 6027 6357
9934 854 6029 6028 6027 6357
9935 854 6026 6027 6028 6358
9936 854 6030 6029 6028 6358
9937 854 6026 6027 6028 6359
9938 854 6030 6029 6028 6359
9939 854 6027 6028 6029 6360
9940 854 6027 6028 6029 6361
9941 854 6028 6029 6030 6362
9942 854 6028 6029 6030 6363
9943 854 6045 6044 6043 6379
9944 854 6045 6044 6043 6380
9945 854 6046 6045 6044 6381
9946 854 6046 6045 6044 6382
9947 854 6043 6044 6045 6383
9948 854 6043 6044 6045 6384
9949 854 6044 6045 6046 6385
9950 854 6044 6045 6046 6386
9951 854 6065 6064 6063 6407
9952 854 6065 6064 6063 6408
9953 854 6066 6065 6064 6409
9954 854 6066 6065 6064 6410
9955 854 6063 6064 6065 6411
9956 854 6063 6064 6065 6412
9957 854 6088 6087 6086 6435
9958 854 6088 6087 6086 6436
9959 854 6089 6088 6087 6437
9960 854 6089 6088 6087 6438
9961 854 6086 6087 6088 6439
9962 854 6086 6087 6088 6440
9963 854 6110 6109 6108 6459
9964 854 6110 6109 6108 6460
9965 854 6111 6110 6109 6461
9966 854 6111 6110 6109 6462
9967 854 6108 6109 6110 6463
9968 854 6108 6109 6110 6464
9969 854 6118 6117 6116 6467
9970 854 6118 6117 6116 6468
9971 854 6119 6118 6117 6469
9972 854 6119 6118 6117 6470
9973 854 6116 6117 6118 6471
9974 854 6120 6119 6118 6471
9975 854 6116 6117 6118 6472
9976 854 6120 6119 6118 6472
9977 854 6117 6118 6119 6473
9978 854 6121 6120 6119 6473
9979 854 6117 6118 6119 6474
9980 854 6121 6120 6119 6474
9981 854 6118 6119 6120 6475
9982 854 6122 6121 6120 6475
9983 854 6118 6119 6120 6476
9984 854 6122 6121 6120 6476
9985 854 6119 6120 6121 6477
9986 854 6123 6122 6121 6477
9987 854 6119 6120 6121 6478
9988 854 6123 6122 6121 6478
9989 854 6120 6121 6122 6479
9990 854 6124 6123 6122 6479
9991 854 6120 6121 6122 6480
9992 854 6124 6123 6122 6480
9993 854 6121 6122 6123 6481
9994 854 6125 6124 6123 6481
9995 854 6121 6122 6123 6482
9996 854 6125 6124 6123 6482
9997 854 6122 6123 6124 6483
9998 854 6122 6123 6124 6484
9999 854 6123 6124 6125 6485
10000 854 6123 6124 6125 6486
10001 854 6506 6505 6504 6786
10002 854 6506 6505 6504 6787
10003 854 6507 6506 6505 6788
10004 854 6507 6506 6505 6789
10005 854 6504 6505 6506 6790
10006 854 6504 6505 6506 6791
10007 854 6505 6506 6507 6792
10008 854 6505 6506 6507 6793
10009 854 6526 6525 6524 6814
10010 854 6526 6525 6524 6815
10011 854 6527 6526 6525 6816
10012 854 6527 6526 6525 6817
10013 854 6524 6525 6526 6818
10014 854 6524 6525 6526 6819
10015 854 6547 6546 6545 6839
10016 854 6547 6546 6545 6840
10017 854 6548 6547 6546 6841
10018 854 6548 6547 6546 6842
10019 854 6545 6546 6547 6843
10020 854 6545 6546 6547 6844
10021 854 6570 6569 6568 6866
10022 854 6570 6569 6568 6867
10023 854 6571 6570 6569 6868
10024 854 6571 6570 6569 6869
10025 854 6568 6569 6570 6870
10026 854 6568 6569 6570 6871
10027 854 6578 6577 6576 6874
10028 854 6578 6577 6576 6875
10029 854 6579 6578 6577 6876
10030 854 6579 6578 6577 6877
10031 854 6576 6577 6578 6878
10032 854 6580 6579 6578 6878
10033 854 6576 6577 6578 6879
10034 854 6580 6579 6578 6879
10035 854 6577 6578 6579 6880
10036 854 6581 6580 6579 6880
10037 854 6577 6578 6579 6881
10038 854 6581 6580 6579 6881
10039 854 6578 6579 6580 6882
10040 854 6582 6581 6580 6882
10041 854 6578 6579 6580 6883
10042 854 6582 6581 6580 6883
10043 854 6579 6580 6581 6884
10044 854 6583 6582 6581 6884
10045 854 6579 6580 6581 6885
10046 854 6583 6582 6581 6885
10047 854 6580 6581 6582 6886
10048 854 6584 6583 6582 6886
10049 854 6580 6581 6582 6887
10050 854 6584 6583 6582 6887
10051 854 6581 6582 6583 6888
10052 854 6585 6584 6583 6888
10053 854 6581 6582 6583 6889
10054 854 6585 6584 6583 6889
10055 854 6582 6583 6584 6890
10056 854 6582 6583 6584 6891
10057 854 6583 6584 6585 6892
10058 854 6583 6584 6585 6893
10059 854 6600 6599 6598 6909
10060 854 6600 6599 6598 6910
10061 854 6601 6600 6599 6911
10062 854 6601 6600 6599 6912
10063 854 6598 6599 6600 6913
10064 854 6598 6599 6600 6914
10065 854 6599 6600 6601 6915
10066 854 6599 6600 6601 6916
10067 854 6620 6619 6618 6937
10068 854 6620 6619 6618 6938
10069 854 6621 6620 6619 6939
10070 854 6621 6620 6619 6940
10071 854 6618 6619 6620 6941
10072 854 6618 6619 6620 6942
10073 854 6642 6641 6640 6962
10074 854 6642 6641 6640 6963
10075 854 6643 6642 6641 6964
10076 854 6643 6642 6641 6965
10077 854 6640 6641 6642 6966
10078 854 6640 6641 6642 6967
10079 854 6665 6664 6663 6986
10080 854 6665 6664 6663 6987
10081 854 6666 6665 6664 6988
10082 854 6666 6665 6664 6989
10083 854 6663 6664 6665 6990
10084 854 6663 6664 6665 6991
10085 854 6673 6672 6671 6994
10086 854 6673 6672 6671 6995
10087 854 6674 6673 6672 6996
10088 854 6674 6673 6672 6997
10089 854 6671 6672 6673 6998
10090 854 6675 6674 6673 6998
10091 854 6671 6672 6673 6999
10092 854 6675 6674 6673 6999
10093 854 6672 6673 6674 7000
10094 854 6676 6675 6674 7000
10095 854 6672 6673 6674 7001
10096 854 6676 6675 6674 7001
10097 854 6673 6674 6675 7002
10098 854 6677 6676 6675 7002
10099 854 6673 6674 6675 7003
10100 854 6677 6676 6675 7003
10101 854 6674 6675 6676 7004
10102 854 6678 6677 6676 7004
10103 854 6674 6675 6676 7005
10104 854 6678 6677 6676 7005
10105 854 6675 6676 6677 7006
10106 854 6679 6678 6677 7006
10107 854 6675 6676 6677 7007
10108 854 6679 6678 6677 7007
10109 854 6676 6677 6678 7008
10110 854 6680 6679 6678 7008
10111 854 6676 6677 6678 7009
10112 854 6680 6679 6678 7009
10113 854 6677 6678 6679 7010
10114 854 6677 6678 6679 7011
10115 854 6678 6679 6680 7012
10116 854 6678 6679 6680 7013
10117 854 6695 6694 6693 7029
10118 854 6695 6694 6693 7030
10119 854 6696 6695 6694 7031
10120 854 6696 6695 6694 7032
10121 854 6693 6694 6695 7033
10122 854 6693 6694 6695 7034
10123 854 6694 6695 6696 7035
10124 854 6694 6695 6696 7036
10125 854 6715 6714 6713 7057
10126 854 6715 6714 6713 7058
10127 854 6716 6715 6714 7059
10128 854 6716 6715 6714 7060
10129 854 6713 6714 6715 7061
10130 854 6713 6714 6715 7062
10131 854 6738 6737 6736 7085
10132 854 6738 6737 6736 7086
10133 854 6739 6738 6737 7087
10134 854 6739 6738 6737 7088
10135 854 6736 6737 6738 7089
10136 854 6736 6737 6738 7090
10137 854 6760 6759 6758 7109
10138 854 6760 6759 6758 7110
10139 854 6761 6760 6759 7111
10140 854 6761 6760 6759 7112
10141 854 6758 6759 6760 7113
10142 854 6758 6759 6760 7114
10143 854 6768 6767 6766 7117
10144 854 6768 6767 6766 7118
10145 854 6769 6768 6767 7119
10146 854 6769 6768 6767 7120
10147 854 6766 6767 6768 7121
10148 854 6770 6769 6768 7121
10149 854 6766 6767 6768 7122
10150 854 6770 6769 6768 7122
10151 854 6767 6768 6769 7123
10152 854 6771 6770 6769 7123
10153 854 6767 6768 6769 7124
10154 854 6771 6770 6769 7124
10155 854 6768 6769 6770 7125
10156 854 6772 6771 6770 7125
10157 854 6768 6769 6770 7126
10158 854 6772 6771 6770 7126
10159 854 6769 6770 6771 7127
10160 854 6773 6772 6771 7127
10161 854 6769 6770 6771 7128
10162 854 6773 6772 6771 7128
10163 854 6770 6771 6772 7129
10164 854 6774 6773 6772 7129
10165 854 6770 6771 6772 7130
10166 854 6774 6773 6772 7130
10167 854 6771 6772 6773 7131
10168 854 6775 6774 6773 7131
10169 854 6771 6772 6773 7132
10170 854 6775 6774 6773 7132
10171 854 6772 6773 6774 7133
10172 854 6772 6773 6774 7134
10173 854 6773 6774 6775 7135
10174 854 6773 6774 6775 7136
10175 854 7156 7155 7154 7436
10176 854 7156 7155 7154 7437
10177 854 7157 7156 7155 7438
10178 854 7157 7156 7155 7439
10179 854 7154 7155 7156 7440
10180 854 7154 7155 7156 7441
10181 854 7155 7156 7157 7442
10182 854 7155 7156 7157 7443
10183 854 7176 7175 7174 7464
10184 854 7176 7175 7174 7465
10185 854 7177 7176 7175 7466
10186 854 7177 7176 7175 7467
10187 854 7174 7175 7176 7468
10188 854 7174 7175 7176 7469
10189 854 7197 7196 7195 7489
10190 854 7197 7196 7195 7490
10191 854 7198 7197 7196 7491
10192 854 7198 7197 7196 7492
10193 854 7195 7196 7197 7493
10194 854 7195 7196 7197 7494
10195 854 7220 7219 7218 7516
10196 854 7220 7219 7218 7517
10197 854 7221 7220 7219 7518
10198 854 7221 7220 7219 7519
10199 854 7218 7219 7220 7520
10200 854 7218 7219 7220 7521
10201 854 7228 7227 7226 7524
10202 854 7228 7227 7226 7525
10203 854 7229 7228 7227 7526
10204 854 7229 7228 7227 7527
10205 854 7226 7227 7228 7528
10206 854 7230 7229 7228 7528
10207 854 7226 7227 7228 7529
10208 854 7230 7229 7228 7529
10209 854 7227 7228 7229 7530
10210 854 7231 7230 7229 7530
10211 854 7227 7228 7229 7531
10212 854 7231 7230 7229 7531
10213 854 7228 7229 7230 7532
10214 854 7232 7231 7230 7532
10215 854 7228 7229 7230 7533
10216 854 7232 7231 7230 7533
10217 854 7229 7230 7231 7534
10218 854 7233 7232 7231 7534
10219 854 7229 7230 7231 7535
10220 854 7233 7232 7231 7535
10221 854 7230 7231 7232 7536
10222 854 7234 7233 7232 7536
10223 854 7230 7231 7232 7537
10224 854 7234 7233 7232 7537
10225 854 7231 7232 7233 7538
10226 854 7235 7234 7233 7538
10227 854 7231 7232 7233 7539
10228 854 7235 7234 7233 7539
10229 854 7232 7233 7234 7540
10230 854 7232 7233 7234 7541
10231 854 7233 7234 7235 7542
10232 854 7233 7234 7235 7543
10233 854 7250 7249 7248 7559
10234 854 7250 7249 7248 7560
10235 854 7251 7250 7249 7561
10236 854 7251 7250 7249 7562
10237 854 7248 7249 7250 7563
10238 854 7248 7249 7250 7564
10239 854 7249 7250 7251 7565
10240 854 7249 7250 7251 7566
10241 854 7270 7269 7268 7587
10242 854 7270 7269 7268 7588
10243 854 7271 7270 7269 7589
10244 854 7271 7270 7269 7590
10245 854 7268 7269 7270 7591
10246 854 7268 7269 7270 7592
10247 854 7292 7291 7290 7612
10248 854 7292 7291 7290 7613
10249 854 7293 7292 7291 7614
10250 854 7293 7292 7291 7615
10251 854 7290 7291 7292 7616
10252 854 7290 7291 7292 7617
10253 854 7315 7314 7313 7636
10254 854 7315 7314 7313 7637
10255 854 7316 7315 7314 7638
10256 854 7316 7315 7314 7639
10257 854 7313 7314 7315 7640
10258 854 7313 7314 7315 7641
10259 854 7323 7322 7321 7644
10260 854 7323 7322 7321 7645
10261 854 7324 7323 7322 7646
10262 854 7324 7323 7322 7647
10263 854 7321 7322 7323 7648
10264 854 7325 7324 7323 7648
10265 854 7321 7322 7323 7649
10266 854 7325 7324 7323 7649
10267 854 7322 7323 7324 7650
10268 854 7326 7325 7324 7650
10269 854 7322 7323 7324 7651
10270 854 7326 7325 7324 7651
10271 854 7323 7324 7325 7652
10272 854 7327 7326 7325 7652
10273 854 7323 7324 7325 7653
10274 854 7327 7326 7325 7653
10275 854 7324 7325 7326 7654
10276 854 7328 7327 7326 7654
10277 854 7324 7325 7326 7655
10278 854 7328 7327 7326 7655
10279 854 7325 7326 7327 7656
10280 854 7329 7328 7327 7656
10281 854 7325 7326 7327 7657
10282 854 7329 7328 7327 7657
10283 854 7326 7327 7328 7658
10284 854 7330 7329 7328 7658
10285 854 7326 7327 7328 7659
10286 854 7330 7329 7328 7659
10287 854 7327 7328 7329 7660
10288 854 7327 7328 7329 7661
10289 854 7328 7329 7330 7662
10290 854 7328 7329 7330 7663
10291 854 7345 7344 7343 7679
10292 854 7345 7344 7343 7680
10293 854 7346 7345 7344 7681
10294 854 7346 7345 7344 7682
10295 854 7343 7344 7345 7683
10296 854 7343 7344 7345 7684
10297 854 7344 7345 7346 7685
10298 854 7344 7345 7346 7686
10299 854 7365 7364 7363 7707
10300 854 7365 7364 7363 7708
10301 854 7366 7365 7364 7709
10302 854 7366 7365 7364 7710
10303 854 7363 7364 7365 7711
10304 854 7363 7364 7365 7712
10305 854 7388 7387 7386 7735
10306 854 7388 7387 7386 7736
10307 854 7389 7388 7387 7737
10308 854 7389 7388 7387 7738
10309 854 7386 7387 7388 7739
10310 854 7386 7387 7388 7740
10311 854 7410 7409 7408 7759
10312 854 7410 7409 7408 7760
10313 854 7411 7410 7409 7761
10314 854 7411 7410 7409 7762
10315 854 7408 7409 7410 7763
10316 854 7408 7409 7410 7764
10317 854 7418 7417 7416 7767
10318 854 7418 7417 7416 7768
10319 854 7419 7418 7417 7769
10320 854 7419 7418 7417 7770
10321 854 7416 7417 7418 7771
10322 854 7420 7419 7418 7771
10323 854 7416 7417 7418 7772
10324 854 7420 7419 7418 7772
10325 854 7417 7418 7419 7773
10326 854 7421 7420 7419 7773
10327 854 7417 7418 7419 7774
10328 854 7421 7420 7419 7774
10329 854 7418 7419 7420 7775
10330 854 7422 7421 7420 7775
10331 854 7418 7419 7420 7776
10332 854 7422 7421 7420 7776
10333 854 7419 7420 7421 7777
10334 854 7423 7422 7421 7777
10335 854 7419 7420 7421 7778
10336 854 7423 7422 7421 7778
10337 854 7420 7421 7422 7779
10338 854 7424 7423 7422 7779
10339 854 7420 7421 7422 7780
10340 854 7424 7423 7422 7780
10341 854 7421 7422 7423 7781
10342 854 7425 7424 7423 7781
10343 854 7421 7422 7423 7782
10344 854 7425 7424 7423 7782
10345 854 7422 7423 7424 7783
10346 854 7422 7423 7424 7784
10347 854 7423 7424 7425 7785
10348 854 7423 7424 7425 7786
10349 854 7806 7805 7804 8086
10350 854 7806 7805 7804 8087
10351 854 7807 7806 7805 8088
10352 854 7807 7806 7805 8089
10353 854 7804 7805 7806 8090
10354 854 7804 7805 7806 8091
10355 854 7805 7806 7807 8092
10356 854 7805 7806 7807 8093
10357 854 7826 7825 7824 8114
10358 854 7826 7825 7824 8115
10359 854 7827 7826 7825 8116
10360 854 7827 7826 7825 8117
10361 854 7824 7825 7826 8118
10362 854 7824 7825 7826 8119
10363 854 7847 7846 7845 8139
10364 854 7847 7846 7845 8140
10365 854 7848 7847 7846 8141
10366 854 7848 7847 7846 8142
10367 854 7845 7846 7847 8143
10368 854 7845 7846 7847 8144
10369 854 7870 7869 7868 8166
10370 854 7870 7869 7868 8167
10371 854 7871 7870 7869 8168
10372 854 7871 7870 7869 8169
10373 854 7868 7869 7870 8170
10374 854 7868 7869 7870 8171
10375 854 7878 7877 7876 8174
10376 854 7878 7877 7876 8175
10377 854 7879 7878 7877 8176
10378 854 7879 7878 7877 8177
10379 854 7876 7877 7878 8178
10380 854 7880 7879 7878 8178
10381 854 7876 7877 7878 8179
10382 854 7880 7879 7878 8179
10383 854 7877 7878 7879 8180
10384 854 7881 7880 7879 8180
10385 854 7877 7878 7879 8181
10386 854 7881 7880 7879 8181
10387 854 7878 7879 7880 8182
10388 854 7882 7881 7880 8182
10389 854 7878 7879 7880 8183
10390 854 7882 7881 7880 8183
10391 854 7879 7880 7881 8184
10392 854 7883 7882 7881 8184
10393 854 7879 7880 7881 8185
10394 854 7883 7882 7881 8185
10395 854 7880 7881 7882 8186
10396 854 7884 7883 7882 8186
10397 854 7880 7881 7882 8187
10398 854 7884 7883 7882 8187
10399 854 7881 7882 7883 8188
10400 854 7885 7884 7883 8188
10401 854 7881 7882 7883 8189
10402 854 7885 7884 7883 8189
10403 854 7882 7883 7884 8190
10404 854 7882 7883 7884 8191
10405 854 7883 7884 7885 8192
10406 854 7883 7884 7885 8193
10407 854 7900 7899 7898 8209
10408 854 7900 7899 7898 8210
10409 854 7901 7900 7899 8211
10410 854 7901 7900 7899 8212
10411 854 7898 7899 7900 8213
10412 854 7898 7899 7900 8214
10413 854 7899 7900 7901 8215
10414 854 7899 7900 7901 8216
10415 854 7920 7919 7918 8237
10416 854 7920 7919 7918 8238
10417 854 7921 7920 7919 8239
10418 854 7921 7920 7919 8240
10419 854 7918 7919 7920 8241
10420 854 7918 7919 7920 8242
10421 854 7942 7941 7940 8262
10422 854 7942 7941 7940 8263
10423 854 7943 7942 7941 8264
10424 854 7943 7942 7941 8265
10425 854 7940 7941 7942 8266
10426 854 7940 7941 7942 8267
10427 854 7965 7964 7963 8286
10428 854 7965 7964 7963 8287
10429 854 7966 7965 7964 8288
10430 854 7966 7965 7964 8289
10431 854 7963 7964 7965 8290
10432 854 7963 7964 7965 8291
10433 854 7973 7972 7971 8294
10434 854 7973 7972 7971 8295
10435 854 7974 7973 7972 8296
10436 854 7974 7973 7972 8297
10437 854 7971 7972 7973 8298
10438 854 7975 7974 7973 8298
10439 854 7971 7972 7973 8299
10440 854 7975 7974 7973 8299
10441 854 7972 7973 7974 8300
10442 854 7976 7975 7974 8300
10443 854 7972 7973 7974 8301
10444 854 7976 7975 7974 8301
10445 854 7973 7974 7975 8302
10446 854 7977 7976 7975 8302
10447 854 7973 7974 7975 8303
10448 854 7977 7976 7975 8303
10449 854 7974 7975 7976 8304
10450 854 7978 7977 7976 8304
10451 854 7974 7975 7976 8305
10452 854 7978 7977 7976 8305
10453 854 7975 7976 7977 8306
10454 854 7979 7978 7977 8306
10455 854 7975 7976 7977 8307
10456 854 7979 7978 7977 8307
10457 854 7976 7977 7978 8308
10458 854 7980 7979 7978 8308
10459 854 7976 7977 7978 8309
10460 854 7980 7979 7978 8309
10461 854 7977 7978 7979 8310
10462 854 7977 7978 7979 8311
10463 854 7978 7979 7980 8312
10464 854 7978 7979 7980 8313
10465 854 7995 7994 7993 8329
10466 854 7995 7994 7993 8330
10467 854 7996 7995 7994 8331
10468 854 7996 7995 7994 8332
10469 854 7993 7994 7995 8333
10470 854 7993 7994 7995 8334
10471 854 7994 7995 7996 8335
10472 854 7994 7995 7996 8336
10473 854 8015 8014 8013 8357
10474 854 8015 8014 8013 8358
10475 854 8016 8015 8014 8359
10476 854 8016 8015 8014 8360
10477 854 8013 8014 8015 8361
10478 854 8013 8014 8015 8362
10479 854 8038 8037 8036 8385
10480 854 8038 8037 8036 8386
10481 854 8039 8038 8037 8387
10482 854 8039 8038 8037 8388
10483 854 8036 8037 8038 8389
10484 854 8036 8037 8038 8390
10485 854 8060 8059 8058 8409
10486 854 8060 8059 8058 8410
10487 854 8061 8060 8059 8411
10488 854 8061 8060 8059 8412
10489 854 8058 8059 8060 8413
10490 854 8058 8059 8060 8414
10491 854 8068 8067 8066 8417
10492 854 8068 8067 8066 8418
10493 854 8069 8068 8067 8419
10494 854 8069 8068 8067 8420
10495 854 8066 8067 8068 8421
10496 854 8070 8069 8068 8421
10497 854 8066 8067 8068 8422
10498 854 8070 8069 8068 8422
10499 854 8067 8068 8069 8423
10500 854 8071 8070 8069 8423
10501 854 8067 8068 8069 8424
10502 854 8071 8070 8069 8424
10503 854 8068 8069 8070 8425
10504 854 8072 8071 8070 8425
10505 854 8068 8069 8070 8426
10506 854 8072 8071 8070 8426
10507 854 8069 8070 8071 8427
10508 854 8073 8072 8071 8427
10509 854 8069 8070 8071 8428
10510 854 8073 8072 8071 8428
10511 854 8070 8071 8072 8429
10512 854 8074 8073 8072 8429
10513 854 8070 8071 8072 8430
10514 854 8074 8073 8072 8430
10515 854 8071 8072 8073 8431
10516 854 8075 8074 8073 8431
10517 854 8071 8072 8073 8432
10518 854 8075 8074 8073 8432
10519 854 8072 8073 8074 8433
10520 854 8072 8073 8074 8434
10521 854 8073 8074 8075 8435
10522 854 8073 8074 8075 8436
10523 854 8456 8455 8454 8736
10524 854 8456 8455 8454 8737
10525 854 8457 8456 8455 8738
10526 854 8457 8456 8455 8739
10527 854 8454 8455 8456 8740
10528 854 8454 8455 8456 8741
10529 854 8455 8456 8457 8742
10530 854 8455 8456 8457 8743
10531 854 8476 8475 8474 8764
10532 854 8476 8475 8474 8765
10533 854 8477 8476 8475 8766
10534 854 8477 8476 8475 8767
10535 854 8474 8475 8476 8768
10536 854 8474 8475 8476 8769
10537 854 8497 8496 8495 8789
10538 854 8497 8496 8495 8790
10539 854 8498 8497 8496 8791
10540 854 8498 8497 8496 8792
10541 854 8495 8496 8497 8793
10542 854 8495 8496 8497 8794
10543 854 8520 8519 8518 8816
10544 854 8520 8519 8518 8817
10545 854 8521 8520 8519 8818
10546 854 8521 8520 8519 8819
10547 854 8518 8519 8520 8820
10548 854 8518 8519 8520 8821
10549 854 8528 8527 8526 8824
10550 854 8528 8527 8526 8825
10551 854 8529 8528 8527 8826
10552 854 8529 8528 8527 8827
10553 854 8526 8527 8528 8828
10554 854 8530 8529 8528 8828
10555 854 8526 8527 8528 8829
10556 854 8530 8529 8528 8829
10557 854 8527 8528 8529 8830
10558 854 8531 8530 8529 8830
10559 854 8527 8528 8529 8831
10560 854 8531 8530 8529 8831
10561 854 8528 8529 8530 8832
10562 854 8532 8531 8530 8832
10563 854 8528 8529 8530 8833
10564 854 8532 8531 8530 8833
10565 854 8529 8530 8531 8834
10566 854 8533 8532 8531 8834
10567 854 8529 8530 8531 8835
10568 854 8533 8532 8531 8835
10569 854 8530 8531 8532 8836
10570 854 8534 8533 8532 8836
10571 854 8530 8531 8532 8837
10572 854 8534 8533 8532 8837
10573 854 8531 8532 8533 8838
10574 854 8535 8534 8533 8838
10575 854 8531 8532 8533 8839
10576 854 8535 8534 8533 8839
10577 854 8532 8533 8534 8840
10578 854 8532 8533 8534 8841
10579 854 8533 8534 8535 8842
10580 854 8533 8534 8535 8843
10581 854 8550 8549 8548 8859
10582 854 8550 8549 8548 8860
10583 854 8551 8550 8549 8861
10584 854 8551 8550 8549 8862
10585 854 8548 8549 8550 8863
10586 854 8548 8549 8550 8864
10587 854 8549 8550 8551 8865
10588 854 8549 8550 8551 8866
10589 854 8570 8569 8568 8887
10590 854 8570 8569 8568 8888
10591 854 8571 8570 8569 8889
10592 854 8571 8570 8569 8890
10593 854 8568 8569 8570 8891
10594 854 8568 8569 8570 8892
10595 854 8592 8591 8590 8912
10596 854 8592 8591 8590 8913
10597 854 8593 8592 8591 8914
10598 854 8593 8592 8591 8915
10599 854 8590 8591 8592 8916
10600 854 8590 8591 8592 8917
10601 854 8615 8614 8613 8936
10602 854 8615 8614 8613 8937
10603 854 8616 8615 8614 8938
10604 854 8616 8615 8614 8939
10605 854 8613 8614 8615 8940
10606 854 8613 8614 8615 8941
10607 854 8623 8622 8621 8944
10608 854 8623 8622 8621 8945
10609 854 8624 8623 8622 8946
10610 854 8624 8623 8622 8947
10611 854 8621 8622 8623 8948
10612 854 8625 8624 8623 8948
10613 854 8621 8622 8623 8949
10614 854 8625 8624 8623 8949
10615 854 8622 8623 8624 8950
10616 854 8626 8625 8624 8950
10617 854 8622 8623 8624 8951
10618 854 8626 8625 8624 8951
10619 854 8623 8624 8625 8952
10620 854 8627 8626 8625 8952
10621 854 8623 8624 8625 8953
10622 854 8627 8626 8625 8953
10623 854 8624 8625 8626 8954
10624 854 8628 8627 8626 8954
10625 854 8624 8625 8626 8955
10626 854 8628 8627 8626 8955
10627 854 8625 8626 8627 8956
10628 854 8629 8628 8627 8956
10629 854 8625 8626 8627 8957
10630 854 8629 8628 8627 8957
10631 854 8626 8627 8628 8958
10632 854 8630 8629 8628 8958
10633 854 8626 8627 8628 8959
10634 854 8630 8629 8628 8959
10635 854 8627 8628 8629 8960
10636 854 8627 8628 8629 8961
10637 854 8628 8629 8630 8962
10638 854 8628 8629 8630 8963
10639 854 8645 8644 8643 8979
10640 854 8645 8644 8643 8980
10641 854 8646 8645 8644 8981
10642 854 8646 8645 8644 8982
10643 854 8643 8644 8645 8983
10644 854 8643 8644 8645 8984
10645 854 8644 8645 8646 8985
10646 854 8644 8645 8646 8986
10647 854 8665 8664 8663 9007
10648 854 8665 8664 8663 9008
10649 854 8666 8665 8664 9009
10650 854 8666 8665 8664 9010
10651 854 8663 8664 8665 9011
10652 854 8663 8664 8665 9012
10653 854 8688 8687 8686 9035
10654 854 8688 8687 8686 9036
10655 854 8689 8688 8687 9037
10656 854 8689 8688 8687 9038
10657 854 8686 8687 8688 9039
10658 854 8686 8687 8688 9040
10659 854 8710 8709 8708 9059
10660 854 8710 8709 8708 9060
10661 854 8711 8710 8709 9061
10662 854 8711 8710 8709 9062
10663 854 8708 8709 8710 9063
10664 854 8708 8709 8710 9064
10665 854 8718 8717 8716 9067
10666 854 8718 8717 8716 9068
10667 854 8719 8718 8717 9069
10668 854 8719 8718 8717 9070
10669 854 8716 8717 8718 9071
10670 854 8720 8719 8718 9071
10671 854 8716 8717 8718 9072
10672 854 8720 8719 8718 9072
10673 854 8717 8718 8719 9073
10674 854 8721 8720 8719 9073
10675 854 8717 8718 8719 9074
10676 854 8721 8720 8719 9074
10677 854 8718 8719 8720 9075
10678 854 8722 8721 8720 9075
10679 854 8718 8719 8720 9076
10680 854 8722 8721 8720 9076
10681 854 8719 8720 8721 9077
10682 854 8723 8722 8721 9077
10683 854 8719 8720 8721 9078
10684 854 8723 8722 8721 9078
10685 854 8720 8721 8722 9079
10686 854 8724 8723 8722 9079
10687 854 8720 8721 8722 9080
10688 854 8724 8723 8722 9080
10689 854 8721 8722 8723 9081
10690 854 8725 8724 8723 9081
10691 854 8721 8722 8723 9082
10692 854 8725 8724 8723 9082
10693 854 8722 8723 8724 9083
10694 854 8722 8723 8724 9084
10695 854 8723 8724 8725 9085
10696 854 8723 8724 8725 9086
10697 854 9106 9105 9104 9386
10698 854 9106 9105 9104 9387
10699 854 9107 9106 9105 9388
10700 854 9107 9106 9105 9389
10701 854 9104 9105 9106 9390
10702 854 9104 9105 9106 9391
10703 854 9105 9106 9107 9392
10704 854 9105 9106 9107 9393
10705 854 9126 9125 9124 9414
10706 854 9126 9125 9124 9415
10707 854 9127 9126 9125 9416
10708 854 9127 9126 9125 9417
10709 854 9124 9125 9126 9418
10710 854 9124 9125 9126 9419
10711 854 9147 9146 9145 9439
10712 854 9147 9146 9145 9440
10713 854 9148 9147 9146 9441
10714 854 9148 9147 9146 9442
10715 854 9145 9146 9147 9443
10716 854 9145 9146 9147 9444
10717 854 9170 9169 9168 9466
10718 854 9170 9169 9168 9467
10719 854 9171 9170 9169 9468
10720 854 9171 9170 9169 9469
10721 854 9168 9169 9170 9470
10722 854 9168 9169 9170 9471
10723 854 9178 9177 9176 9474
10724 854 9178 9177 9176 9475
10725 854 9179 9178 9177 9476
10726 854 9179 9178 9177 9477
10727 854 9176 9177 9178 9478
10728 854 9180 9179 9178 9478
10729 854 9176 9177 9178 9479
10730 854 9180 9179 9178 9479
10731 854 9177 9178 9179 9480
10732 854 9181 9180 9179 9480
10733 854 9177 9178 9179 9481
10734 854 9181 9180 9179 9481
10735 854 9178 9179 9180 9482
10736 854 9182 9181 9180 9482
10737 854 9178 9179 9180 9483
10738 854 9182 9181 9180 9483
10739 854 9179 9180 9181 9484
10740 854 9183 9182 9181 9484
10741 854 9179 9180 9181 9485
10742 854 9183 9182 9181 9485
10743 854 9180 9181 9182 9486
10744 854 9184 9183 9182 9486
10745 854 9180 9181 9182 9487
10746 854 9184 9183 9182 9487
10747 854 9181 9182 9183 9488
10748 854 9185 9184 9183 9488
10749 854 9181 9182 9183 9489
10750 854 9185 9184 9183 9489
10751 854 9182 9183 9184 9490
10752 854 9182 9183 9184 9491
10753 854 9183 9184 9185 9492
10754 854 9183 9184 9185 9493
10755 854 9200 9199 9198 9509
10756 854 9200 9199 9198 9510
10757 854 9201 9200 9199 9511
10758 854 9201 9200 9199 9512
10759 854 9198 9199 9200 9513
10760 854 9198 9199 9200 9514
10761 854 9199 9200 9201 9515
10762 854 9199 9200 9201 9516
10763 854 9220 9219 9218 9537
10764 854 9220 9219 9218 9538
10765 854 9221 9220 9219 9539
10766 854 9221 9220 9219 9540
10767 854 9218 9219 9220 9541
10768 854 9218 9219 9220 9542
10769 854 9242 9241 9240 9562
10770 854 9242 9241 9240 9563
10771 854 9243 9242 9241 9564
10772 854 9243 9242 9241 9565
10773 854 9240 9241 9242 9566
10774 854 9240 9241 9242 9567
10775 854 9265 9264 9263 9586
10776 854 9265 9264 9263 9587
10777 854 9266 9265 9264 9588
10778 854 9266 9265 9264 9589
10779 854 9263 9264 9265 9590
10780 854 9263 9264 9265 9591
10781 854 9273 9272 9271 9594
10782 854 9273 9272 9271 9595
10783 854 9274 9273 9272 9596
10784 854 9274 9273 9272 9597
10785 854 9271 9272 9273 9598
10786 854 9275 9274 9273 9598
10787 854 9271 9272 9273 9599
10788 854 9275 9274 9273 9599
10789 854 9272 9273 9274 9600
10790 854 9276 9275 9274 9600
10791 854 9272 9273 9274 9601
10792 854 9276 9275 9274 9601
10793 854 9273 9274 9275 9602
10794 854 9277 9276 9275 9602
10795 854 9273 9274 9275 9603
10796 854 9277 9276 9275 9603
10797 854 9274 9275 9276 9604
10798 854 9278 9277 9276 9604
10799 854 9274 9275 9276 9605
10800 854 9278 9277 9276 9605
10801 854 9275 9276 9277 9606
10802 854 9279 9278 9277 9606
10803 854 9275 9276 9277 9607
10804 854 9279 9278 9277 9607
10805 854 9276 9277 9278 9608
10806 854 9280 9279 9278 9608
10807 854 9276 9277 9278 9609
10808 854 9280 9279 9278 9609
10809 854 9277 9278 9279 9610
10810 854 9277 9278 9279 9611
10811 854 9278 9279 9280 9612
10812 854 9278 9279 9280 9613
10813 854 9295 9294 9293 9629
10814 854 9295 9294 9293 9630
10815 854 9296 9295 9294 9631
10816 854 9296 9295 9294 9632
10817 854 9293 9294 9295 9633
10818 854 9293 9294 9295 9634
10819 854 9294 9295 9296 9635
10820 854 9294 9295 9296 9636
10821 854 9315 9314 9313 9657
10822 854 9315 9314 9313 9658
10823 854 9316 9315 9314 9659
10824 854 9316 9315 9314 9660
10825 854 9313 9314 9315 9661
10826 854 9313 9314 9315 9662
10827 854 9338 9337 9336 9685
10828 854 9338 9337 9336 9686
10829 854 9339 9338 9337 9687
10830 854 9339 9338 9337 9688
10831 854 9336 9337 9338 9689
10832 854 9336 9337 9338 9690
10833 854 9360 9359 9358 9709
10834 854 9360 9359 9358 9710
10835 854 9361 9360 9359 9711
10836 854 9361 9360 9359 9712
10837 854 9358 9359 9360 9713
10838 854 9358 9359 9360 9714
10839 854 9368 9367 9366 9717
10840 854 9368 9367 9366 9718
10841 854 9369 9368 9367 9719
10842 854 9369 9368 9367 9720
10843 854 9366 9367 9368 9721
10844 854 9370 9369 9368 9721
10845 854 9366 9367 9368 9722
10846 854 9370 9369 9368 9722
10847 854 9367 9368 9369 9723
10848 854 9371 9370 9369 9723
10849 854 9367 9368 9369 9724
10850 854 9371 9370 9369 9724
10851 854 9368 9369 9370 9725
10852 854 9372 9371 9370 9725
10853 854 9368 9369 9370 9726
10854 854 9372 9371 9370 9726
10855 854 9369 9370 9371 9727
10856 854 9373 9372 9371 9727
10857 854 9369 9370 9371 9728
10858 854 9373 9372 9371 9728
10859 854 9370 9371 9372 9729
10860 854 9374 9373 9372 9729
10861 854 9370 9371 9372 9730
10862 854 9374 9373 9372 9730
10863 854 9371 9372 9373 9731
10864 854 9375 9374 9373 9731
10865 854 9371 9372 9373 9732
10866 854 9375 9374 9373 9732
10867 854 9372 9373 9374 9733
10868 854 9372 9373 9374 9734
10869 854 9373 9374 9375 9735
10870 854 9373 9374 9375 9736
10871 854 9756 9755 9754 10036
10872 854 9756 9755 9754 10037
10873 854 9757 9756 9755 10038
10874 854 9757 9756 9755 10039
10875 854 9754 9755 9756 10040
10876 854 9754 9755 9756 10041
10877 854 9755 9756 9757 10042
10878 854 9755 9756 9757 10043
10879 854 9776 9775 9774 10064
10880 854 9776 9775 9774 10065
10881 854 9777 9776 9775 10066
10882 854 9777 9776 9775 10067
10883 854 9774 9775 9776 10068
10884 854 9774 9775 9776 10069
10885 854 9797 9796 9795 10089
10886 854 9797 9796 9795 10090
10887 854 9798 9797 9796 10091
10888 854 9798 9797 9796 10092
10889 854 9795 9796 9797 10093
10890 854 9795 9796 9797 10094
10891 854 9820 9819 9818 10116
10892 854 9820 9819 9818 10117
10893 854 9821 9820 9819 10118
10894 854 9821 9820 9819 10119
10895 854 9818 9819 9820 10120
10896 854 9818 9819 9820 10121
10897 854 9828 9827 9826 10124
10898 854 9828 9827 9826 10125
10899 854 9829 9828 9827 10126
10900 854 9829 9828 9827 10127
10901 854 9826 9827 9828 10128
10902 854 9830 9829 9828 10128
10903 854 9826 9827 9828 10129
10904 854 9830 9829 9828 10129
10905 854 9827 9828 9829 10130
10906 854 9831 9830 9829 10130
10907 854 9827 9828 9829 10131
10908 854 9831 9830 9829 10131
10909 854 9828 9829 9830 10132
10910 854 9832 9831 9830 10132
10911 854 9828 9829 9830 10133
10912 854 9832 9831 9830 10133
10913 854 9829 9830 9831 10134
10914 854 9833 9832 9831 10134
10915 854 9829 9830 9831 10135
10916 854 9833 9832 9831 10135
10917 854 9830 9831 9832 10136
10918 854 9834 9833 9832 10136
10919 854 9830 9831 9832 10137
10920 854 9834 9833 9832 10137
10921 854 9831 9832 9833 10138
10922 854 9835 9834 9833 10138
10923 854 9831 9832 9833 10139
10924 854 9835 9834 9833 10139
10925 854 9832 9833 9834 10140
10926 854 9832 9833 9834 10141
10927 854 9833 9834 9835 10142
10928 854 9833 9834 9835 10143
10929 854 9850 9849 9848 10159
10930 854 9850 9849 9848 10160
10931 854 9851 9850 9849 10161
10932 854 9851 9850 9849 10162
10933 854 9848 9849 9850 10163
10934 854 9848 9849 9850 10164
10935 854 9849 9850 9851 10165
10936 854 9849 9850 9851 10166
10937 854 9870 9869 9868 10187
10938 854 9870 9869 9868 10188
10939 854 9871 9870 9869 10189
10940 854 9871 9870 9869 10190
10941 854 9868 9869 9870 10191
10942 854 9868 9869 9870 10192
10943 854 9892 9891 9890 10212
10944 854 9892 9891 9890 10213
10945 854 9893 9892 9891 10214
10946 854 9893 9892 9891 10215
10947 854 9890 9891 9892 10216
10948 854 9890 9891 9892 10217
10949 854 9915 9914 9913 10236
10950 854 9915 9914 9913 10237
10951 854 9916 9915 9914 10238
10952 854 9916 9915 9914 10239
10953 854 9913 9914 9915 10240
10954 854 9913 9914 9915 10241
10955 854 9923 9922 9921 10244
10956 854 9923 9922 9921 10245
10957 854 9924 9923 9922 10246
10958 854 9924 9923 9922 10247
10959 854 9921 9922 9923 10248
10960 854 9925 9924 9923 10248
10961 854 9921 9922 9923 10249
10962 854 9925 9924 9923 10249
10963 854 9922 9923 9924 10250
10964 854 9926 9925 9924 10250
10965 854 9922 9923 9924 10251
10966 854 9926 9925 9924 10251
10967 854 9923 9924 9925 10252
10968 854 9927 9926 9925 10252
10969 854 9923 9924 9925 10253
10970 854 9927 9926 9925 10253
10971 854 9924 9925 9926 10254
10972 854 9928 9927 9926 10254
10973 854 9924 9925 9926 10255
10974 854 9928 9927 9926 10255
10975 854 9925 9926 9927 10256
10976 854 9929 9928 9927 10256
10977 854 9925 9926 9927 10257
10978 854 9929 9928 9927 10257
10979 854 9926 9927 9928 10258
10980 854 9930 9929 9928 10258
10981 854 9926 9927 9928 10259
10982 854 9930 9929 9928 10259
10983 854 9927 9928 9929 10260
10984 854 9927 9928 9929 10261
10985 854 9928 9929 9930 10262
10986 854 9928 9929 9930 10263
10987 854 9945 9944 9943 10279
10988 854 9945 9944 9943 10280
10989 854 9946 9945 9944 10281
10990 854 9946 9945 9944 10282
10991 854 9943 9944 9945 10283
10992 854 9943 9944 9945 10284
10993 854 9944 9945 9946 10285
10994 854 9944 9945 9946 10286
10995 854 9965 9964 9963 10307
10996 854 9965 9964 9963 10308
10997 854 9966 9965 9964 10309
10998 854 9966 9965 9964 10310
10999 854 9963 9964 9965 10311
11000 854 9963 9964 9965 10312
11001 854 9988 9987 9986 10335
11002 854 9988 9987 9986 10336
11003 854 9989 9988 9987 10337
11004 854 9989 9988 9987 10338
11005 854 9986 9987 9988 10339
11006 854 9986 9987 9988 10340
11007 854 10010 10009 10008 10359
11008 854 10010 10009 10008 10360
11009 854 10011 10010 10009 10361
11010 854 10011 10010 10009 10362
11011 854 10008 10009 10010 10363
11012 854 10008 10009 10010 10364
11013 854 10018 10017 10016 10367
11014 854 10018 10017 10016 10368
11015 854 10019 10018 10017 10369
11016 854 10019 10018 10017 10370
11017 854 10016 10017 10018 10371
11018 854 10020 10019 10018 10371
11019 854 10016 10017 10018 10372
11020 854 10020 10019 10018 10372
11021 854 10017 10018 10019 10373
11022 854 10021 10020 10019 10373
11023 854 10017 10018 10019 10374
11024 854 10021 10020 10019 10374
11025 854 10018 10019 10020 10375
11026 854 10022 10021 10020 10375
11027 854 10018 10019 10020 10376
11028 854 10022 10021 10020 10376
11029 854 10019 10020 10021 10377
11030 854 10023 10022 10021 10377
11031 854 10019 10020 10021 10378
11032 854 10023 10022 10021 10378
11033 854 10020 10021 10022 10379
11034 854 10024 10023 10022 10379
11035 854 10020 10021 10022 10380
11036 854 10024 10023 10022 10380
11037 854 10021 10022 10023 10381
11038 854 10025 10024 10023 10381
11039 854 10021 10022 10023 10382
11040 854 10025 10024 10023 10382
11041 854 10022 10023 10024 10383
11042 854 10022 10023 10024 10384
11043 854 10023 10024 10025 10385
11044 854 10023 10024 10025 10386
11045 854 10406 10405 10404 10686
11046 854 10406 10405 10404 10687
11047 854 10407 10406 10405 10688
11048 854 10407 10406 10405 10689
11049 854 10404 10405 10406 10690
11050 854 10404 10405 10406 10691
11051 854 10405 10406 10407 10692
11052 854 10405 10406 10407 10693
11053 854 10426 10425 10424 10714
11054 854 10426 10425 10424 10715
11055 854 10427 10426 10425 10716
11056 854 10427 10426 10425 10717
11057 854 10424 10425 10426 10718
11058 854 10424 10425 10426 10719
11059 854 10447 10446 10445 10739
11060 854 10447 10446 10445 10740
11061 854 10448 10447 10446 10741
11062 854 10448 10447 10446 10742
11063 854 10445 10446 10447 10743
11064 854 10445 10446 10447 10744
11065 854 10470 10469 10468 10766
11066 854 10470 10469 10468 10767
11067 854 10471 10470 10469 10768
11068 854 10471 10470 10469 10769
11069 854 10468 10469 10470 10770
11070 854 10468 10469 10470 10771
11071 854 10478 10477 10476 10774
11072 854 10478 10477 10476 10775
11073 854 10479 10478 10477 10776
11074 854 10479 10478 10477 10777
11075 854 10476 10477 10478 10778
11076 854 10480 10479 10478 10778
11077 854 10476 10477 10478 10779
11078 854 10480 10479 10478 10779
11079 854 10477 10478 10479 10780
11080 854 10481 10480 10479 10780
11081 854 10477 10478 10479 10781
11082 854 10481 10480 10479 10781
11083 854 10478 10479 10480 10782
11084 854 10482 10481 10480 10782
11085 854 10478 10479 10480 10783
11086 854 10482 10481 10480 10783
11087 854 10479 10480 10481 10784
11088 854 10483 10482 10481 10784
11089 854 10479 10480 10481 10785
11090 854 10483 10482 10481 10785
11091 854 10480 10481 10482 10786
11092 854 10484 10483 10482 10786
11093 854 10480 10481 10482 10787
11094 854 10484 10483 10482 10787
11095 854 10481 10482 10483 10788
11096 854 10485 10484 10483 10788
11097 854 10481 10482 10483 10789
11098 854 10485 10484 10483 10789
11099 854 10482 10483 10484 10790
11100 854 10482 10483 10484 10791
11101 854 10483 10484 10485 10792
11102 854 10483 10484 10485 10793
11103 854 10500 10499 10498 10809
11104 854 10500 10499 10498 10810
11105 854 10501 10500 10499 10811
11106 854 10501 10500 10499 10812
11107 854 10498 10499 10500 10813
11108 854 10498 10499 10500 10814
11109 854 10499 10500 10501 10815
11110 854 10499 10500 10501 10816
11111 854 10520 10519 10518 10837
11112 854 10520 10519 10518 10838
11113 854 10521 10520 10519 10839
11114 854 10521 10520 10519 10840
11115 854 10518 10519 10520 10841
11116 854 10518 10519 10520 10842
11117 854 10542 10541 10540 10862
11118 854 10542 10541 10540 10863
11119 854 10543 10542 10541 10864
11120 854 10543 10542 10541 10865
11121 854 10540 10541 10542 10866
11122 854 10540 10541 10542 10867
11123 854 10565 10564 10563 10886
11124 854 10565 10564 10563 10887
11125 854 10566 10565 10564 10888
11126 854 10566 10565 10564 10889
11127 854 10563 10564 10565 10890
11128 854 10563 10564 10565 10891
11129 854 10573 10572 10571 10894
11130 854 10573 10572 10571 10895
11131 854 10574 10573 10572 10896
11132 854 10574 10573 10572 10897
11133 854 10571 10572 10573 10898
11134 854 10575 10574 10573 10898
11135 854 10571 10572 10573 10899
11136 854 10575 10574 10573 10899
11137 854 10572 10573 10574 10900
11138 854 10576 10575 10574 10900
11139 854 10572 10573 10574 10901
11140 854 10576 10575 10574 10901
11141 854 10573 10574 10575 10902
11142 854 10577 10576 10575 10902
11143 854 10573 10574 10575 10903
11144 854 10577 10576 10575 10903
11145 854 10574 10575 10576 10904
11146 854 10578 10577 10576 10904
11147 854 10574 10575 10576 10905
11148 854 10578 10577 10576 10905
11149 854 10575 10576 10577 10906
11150 854 10579 10578 10577 10906
11151 854 10575 10576 10577 10907
11152 854 10579 10578 10577 10907
11153 854 10576 10577 10578 10908
11154 854 10580 10579 10578 10908
11155 854 10576 10577 10578 10909
11156 854 10580 10579 10578 10909
11157 854 10577 10578 10579 10910
11158 854 10577 10578 10579 10911
11159 854 10578 10579 10580 10912
11160 854 10578 10579 10580 10913
11161 854 10595 10594 10593 10929
11162 854 10595 10594 10593 10930
11163 854 10596 10595 10594 10931
11164 854 10596 10595 10594 10932
11165 854 10593 10594 10595 10933
11166 854 10593 10594 10595 10934
11167 854 10594 10595 10596 10935
11168 854 10594 10595 10596 10936
11169 854 10615 10614 10613 10957
11170 854 10615 10614 10613 10958
11171 854 10616 10615 10614 10959
11172 854 10616 10615 10614 10960
11173 854 10613 10614 10615 10961
11174 854 10613 10614 10615 10962
11175 854 10638 10637 10636 10985
11176 854 10638 10637 10636 10986
11177 854 10639 10638 10637 10987
11178 854 10639 10638 10637 10988
11179 854 10636 10637 10638 10989
11180 854 10636 10637 10638 10990
11181 854 10660 10659 10658 11009
11182 854 10660 10659 10658 11010
11183 854 10661 10660 10659 11011
11184 854 10661 10660 10659 11012
11185 854 10658 10659 10660 11013
11186 854 10658 10659 10660 11014
11187 854 10668 10667 10666 11017
11188 854 10668 10667 10666 11018
11189 854 10669 10668 10667 11019
11190 854 10669 10668 10667 11020
11191 854 10666 10667 10668 11021
11192 854 10670 10669 10668 11021
11193 854 10666 10667 10668 11022
11194 854 10670 10669 10668 11022
11195 854 10667 10668 10669 11023
11196 854 10671 10670 10669 11023
11197 854 10667 10668 10669 11024
11198 854 10671 10670 10669 11024
11199 854 10668 10669 10670 11025
11200 854 10672 10671 10670 11025
11201 854 10668 10669 10670 11026
11202 854 10672 10671 10670 11026
11203 854 10669 10670 10671 11027
11204 854 10673 10672 10671 11027
11205 854 10669 10670 10671 11028
11206 854 10673 10672 10671 11028
11207 854 10670 10671 10672 11029
11208 854 10674 10673 10672 11029
11209 854 10670 10671 10672 11030
11210 854 10674 10673 10672 11030
11211 854 10671 10672 10673 11031
11212 854 10675 10674 10673 11031
11213 854 10671 10672 10673 11032
11214 854 10675 10674 10673 11032
11215 854 10672 10673 10674 11033
11216 854 10672 10673 10674 11034
11217 854 10673 10674 10675 11035
11218 854 10673 10674 10675 11036
11219 854 11056 11055 11054 11336
11220 854 11056 11055 11054 11337
11221 854 11057 11056 11055 11338
11222 854 11057 11056 11055 11339
11223 854 11054 11055 11056 11340
11224 854 11054 11055 11056 11341
11225 854 11055 11056 11057 11342
11226 854 11055 11056 11057 11343
11227 854 11076 11075 11074 11364
11228 854 11076 11075 11074 11365
11229 854 11077 11076 11075 11366
11230 854 11077 11076 11075 11367
11231 854 11074 11075 11076 11368
11232 854 11074 11075 11076 11369
11233 854 11097 11096 11095 11389
11234 854 11097 11096 11095 11390
11235 854 11098 11097 11096 11391
11236 854 11098 11097 11096 11392
11237 854 11095 11096 11097 11393
11238 854 11095 11096 11097 11394
11239 854 11120 11119 11118 11416
11240 854 11120 11119 11118 11417
11241 854 11121 11120 11119 11418
11242 854 11121 11120 11119 11419
11243 854 11118 11119 11120 11420
11244 854 11118 11119 11120 11421
11245 854 11128 11127 11126 11424
11246 854 11128 11127 11126 11425
11247 854 11129 11128 11127 11426
11248 854 11129 11128 11127 11427
11249 854 11126 11127 11128 11428
11250 854 11130 11129 11128 11428
11251 854 11126 11127 11128 11429
11252 854 11130 11129 11128 11429
11253 854 11127 11128 11129 11430
11254 854 11131 11130 11129 11430
11255 854 11127 11128 11129 11431
11256 854 11131 11130 11129 11431
11257 854 11128 11129 11130 11432
11258 854 11132 11131 11130 11432
11259 854 11128 11129 11130 11433
11260 854 11132 11131 11130 11433
11261 854 11129 11130 11131 11434
11262 854 11133 11132 11131 11434
11263 854 11129 11130 11131 11435
11264 854 11133 11132 11131 11435
11265 854 11130 11131 11132 11436
11266 854 11134 11133 11132 11436
11267 854 11130 11131 11132 11437
11268 854 11134 11133 11132 11437
11269 854 11131 11132 11133 11438
11270 854 11135 11134 11133 11438
11271 854 11131 11132 11133 11439
11272 854 11135 11134 11133 11439
11273 854 11132 11133 11134 11440
11274 854 11132 11133 11134 11441
11275 854 11133 11134 11135 11442
11276 854 11133 11134 11135 11443
11277 854 11150 11149 11148 11459
11278 854 11150 11149 11148 11460
11279 854 11151 11150 11149 11461
11280 854 11151 11150 11149 11462
11281 854 11148 11149 11150 11463
11282 854 11148 11149 11150 11464
11283 854 11149 11150 11151 11465
11284 854 11149 11150 11151 11466
11285 854 11170 11169 11168 11487
11286 854 11170 11169 11168 11488
11287 854 11171 11170 11169 11489
11288 854 11171 11170 11169 11490
11289 854 11168 11169 11170 11491
11290 854 11168 11169 11170 11492
11291 854 11192 11191 11190 11512
11292 854 11192 11191 11190 11513
11293 854 11193 11192 11191 11514
11294 854 11193 11192 11191 11515
11295 854 11190 11191 11192 11516
11296 854 11190 11191 11192 11517
11297 854 11215 11214 11213 11536
11298 854 11215 11214 11213 11537
11299 854 11216 11215 11214 11538
11300 854 11216 11215 11214 11539
11301 854 11213 11214 11215 11540
11302 854 11213 11214 11215 11541
11303 854 11223 11222 11221 11544
11304 854 11223 11222 11221 11545
11305 854 11224 11223 11222 11546
11306 854 11224 11223 11222 11547
11307 854 11221 11222 11223 11548
11308 854 11225 11224 11223 11548
11309 854 11221 11222 11223 11549
11310 854 11225 11224 11223 11549
11311 854 11222 11223 11224 11550
11312 854 11226 11225 11224 11550
11313 854 11222 11223 11224 11551
11314 854 11226 11225 11224 11551
11315 854 11223 11224 11225 11552
11316 854 11227 11226 11225 11552
11317 854 11223 11224 11225 11553
11318 854 11227 11226 11225 11553
11319 854 11224 11225 11226 11554
11320 854 11228 11227 11226 11554
11321 854 11224 11225 11226 11555
11322 854 11228 11227 11226 11555
11323 854 11225 11226 11227 11556
11324 854 11229 11228 11227 11556
11325 854 11225 11226 11227 11557
11326 854 11229 11228 11227 11557
11327 854 11226 11227 11228 11558
11328 854 11230 11229 11228 11558
11329 854 11226 11227 11228 11559
11330 854 11230 11229 11228 11559
11331 854 11227 11228 11229 11560
11332 854 11227 11228 11229 11561
11333 854 11228 11229 11230 11562
11334 854 11228 11229 11230 11563
11335 854 11245 11244 11243 11579
11336 854 11245 11244 11243 11580
11337 854 11246 11245 11244 11581
11338 854 11246 11245 11244 11582
11339 854 11243 11244 11245 11583
11340 854 11243 11244 11245 11584
11341 854 11244 11245 11246 11585
11342 854 11244 11245 11246 11586
11343 854 11265 11264 11263 11607
11344 854 11265 11264 11263 11608
11345 854 11266 11265 11264 11609
11346 854 11266 11265 11264 11610
11347 854 11263 11264 11265 11611
11348 854 11263 11264 11265 11612
11349 854 11288 11287 11286 11635
11350 854 11288 11287 11286 11636
11351 854 11289 11288 11287 11637
11352 854 11289 11288 11287 11638
11353 854 11286 11287 11288 11639
11354 854 11286 11287 11288 11640
11355 854 11310 11309 11308 11659
11356 854 11310 11309 11308 11660
11357 854 11311 11310 11309 11661
11358 854 11311 11310 11309 11662
11359 854 11308 11309 11310 11663
11360 854 11308 11309 11310 11664
11361 854 11318 11317 11316 11667
11362 854 11318 11317 11316 11668
11363 854 11319 11318 11317 11669
11364 854 11319 11318 11317 11670
11365 854 11316 11317 11318 11671
11366 854 11320 11319 11318 11671
11367 854 11316 11317 11318 11672
11368 854 11320 11319 11318 11672
11369 854 11317 11318 11319 11673
11370 854 11321 11320 11319 11673
11371 854 11317 11318 11319 11674
11372 854 11321 11320 11319 11674
11373 854 11318 11319 11320 11675
11374 854 11322 11321 11320 11675
11375 854 11318 11319 11320 11676
11376 854 11322 11321 11320 11676
11377 854 11319 11320 11321 11677
11378 854 11323 11322 11321 11677
11379 854 11319 11320 11321 11678
11380 854 11323 11322 11321 11678
11381 854 11320 11321 11322 11679
11382 854 11324 11323 11322 11679
11383 854 11320 11321 11322 11680
11384 854 11324 11323 11322 11680
11385 854 11321 11322 11323 11681
11386 854 11325 11324 11323 11681
11387 854 11321 11322 11323 11682
11388 854 11325 11324 11323 11682
11389 854 11322 11323 11324 11683
11390 854 11322 11323 11324 11684
11391 854 11323 11324 11325 11685
11392 854 11323 11324 11325 11686
11393 854 11706 11705 11704 11986
11394 854 11706 11705 11704 11987
11395 854 11707 11706 11705 11988
11396 854 11707 11706 11705 11989
11397 854 11704 11705 11706 11990
11398 854 11704 11705 11706 11991
11399 854 11705 11706 11707 11992
11400 854 11705 11706 11707 11993
11401 854 11726 11725 11724 12014
11402 854 11726 11725 11724 12015
11403 854 11727 11726 11725 12016
11404 854 11727 11726 11725 12017
11405 854 11724 11725 11726 12018
11406 854 11724 11725 11726 12019
11407 854 11747 11746 11745 12039
11408 854 11747 11746 11745 12040
11409 854 11748 11747 11746 12041
11410 854 11748 11747 11746 12042
11411 854 11745 11746 11747 12043
11412 854 11745 11746 11747 12044
11413 854 11770 11769 11768 12066
11414 854 11770 11769 11768 12067
11415 854 11771 11770 11769 12068
11416 854 11771 11770 11769 12069
11417 854 11768 11769 11770 12070
11418 854 11768 11769 11770 12071
11419 854 11778 11777 11776 12074
11420 854 11778 11777 11776 12075
11421 854 11779 11778 11777 12076
11422 854 11779 11778 11777 12077
11423 854 11776 11777 11778 12078
11424 854 11780 11779 11778 12078
11425 854 11776 11777 11778 12079
11426 854 11780 11779 11778 12079
11427 854 11777 11778 11779 12080
11428 854 11781 11780 11779 12080
11429 854 11777 11778 11779 12081
11430 854 11781 11780 11779 12081
11431 854 11778 11779 11780 12082
11432 854 11782 11781 11780 12082
11433 854 11778 11779 11780 12083
11434 854 11782 11781 11780 12083
11435 854 11779 11780 11781 12084
11436 854 11783 11782 11781 12084
11437 854 11779 11780 11781 12085
11438 854 11783 11782 11781 12085
11439 854 11780 11781 11782 12086
11440 854 11784 11783 11782 12086
11441 854 11780 11781 11782 12087
11442 854 11784 11783 11782 12087
11443 854 11781 11782 11783 12088
11444 854 11785 11784 11783 12088
11445 854 11781 11782 11783 12089
11446 854 11785 11784 11783 12089
11447 854 11782 11783 11784 12090
11448 854 11782 11783 11784 12091
11449 854 11783 11784 11785 12092
11450 854 11783 11784 11785 12093
11451 854 11800 11799 11798 12109
11452 854 11800 11799 11798 12110
11453 854 11801 11800 11799 12111
11454 854 11801 11800 11799 12112
11455 854 11798 11799 11800 12113
11456 854 11798 11799 11800 12114
11457 854 11799 11800 11801 12115
11458 854 11799 11800 11801 12116
11459 854 11820 11819 11818 12137
11460 854 11820 11819 11818 12138
11461 854 11821 11820 11819 12139
11462 854 11821 11820 11819 12140
11463 854 11818 11819 11820 12141
11464 854 11818 11819 11820 12142
11465 854 11842 11841 11840 12162
11466 854 11842 11841 11840 12163
11467 854 11843 11842 11841 12164
11468 854 11843 11842 11841 12165
11469 854 11840 11841 11842 12166
11470 854 11840 11841 11842 12167
11471 854 11865 11864 11863 12186
11472 854 11865 11864 11863 12187
11473 854 11866 11865 11864 12188
11474 854 11866 11865 11864 12189
11475 854 11863 11864 11865 12190
11476 854 11863 11864 11865 12191
11477 854 11873 11872 11871 12194
11478 854 11873 11872 11871 12195
11479 854 11874 11873 11872 12196
11480 854 11874 11873 11872 12197
11481 854 11871 11872 11873 12198
11482 854 11875 11874 11873 12198
11483 854 11871 11872 11873 12199
11484 854 11875 11874 11873 12199
11485 854 11872 11873 11874 12200
11486 854 11876 11875 11874 12200
11487 854 11872 11873 11874 12201
11488 854 11876 11875 11874 12201
11489 854 11873 11874 11875 12202
11490 854 11877 11876 11875 12202
11491 854 11873 11874 11875 12203
11492 854 11877 11876 11875 12203
11493 854 11874 11875 11876 12204
11494 854 11878 11877 11876 12204
11495 854 11874 11875 11876 12205
11496 854 11878 11877 11876 12205
11497 854 11875 11876 11877 12206
11498 854 11879 11878 11877 12206
11499 854 11875 11876 11877 12207
11500 854 11879 11878 11877 12207
11501 854 11876 11877 11878 12208
11502 854 11880 11879 11878 12208
11503 854 11876 11877 11878 12209
11504 854 11880 11879 11878 12209
11505 854 11877 11878 11879 12210
11506 854 11877 11878 11879 12211
11507 854 11878 11879 11880 12212
11508 854 11878 11879 11880 12213
11509 854 11895 11894 11893 12229
11510 854 11895 11894 11893 12230
11511 854 11896 11895 11894 12231
11512 854 11896 11895 11894 12232
11513 854 11893 11894 11895 12233
11514 854 11893 11894 11895 12234
11515 854 11894 11895 11896 12235
11516 854 11894 11895 11896 12236
11517 854 11915 11914 11913 12257
11518 854 11915 11914 11913 12258
11519 854 11916 11915 11914 12259
11520 854 11916 11915 11914 12260
11521 854 11913 11914 11915 12261
11522 854 11913 11914 11915 12262
11523 854 11938 11937 11936 12285
11524 854 11938 11937 11936 12286
11525 854 11939 11938 11937 12287
11526 854 11939 11938 11937 12288
11527 854 11936 11937 11938 12289
11528 854 11936 11937 11938 12290
11529 854 11960 11959 11958 12309
11530 854 11960 11959 11958 12310
11531 854 11961 11960 11959 12311
11532 854 11961 11960 11959 12312
11533 854 11958 11959 11960 12313
11534 854 11958 11959 11960 12314
11535 854 11968 11967 11966 12317
11536 854 11968 11967 11966 12318
11537 854 11969 11968 11967 12319
11538 854 11969 11968 11967 12320
11539 854 11966 11967 11968 12321
11540 854 11970 11969 11968 12321
11541 854 11966 11967 11968 12322
11542 854 11970 11969 11968 12322
11543 854 11967 11968 11969 12323
11544 854 11971 11970 11969 12323
11545 854 11967 11968 11969 12324
11546 854 11971 11970 11969 12324
11547 854 11968 11969 11970 12325
11548 854 11972 11971 11970 12325
11549 854 11968 11969 11970 12326
11550 854 11972 11971 11970 12326
11551 854 11969 11970 11971 12327
11552 854 11973 11972 11971 12327
11553 854 11969 11970 11971 12328
11554 854 11973 11972 11971 12328
11555 854 11970 11971 11972 12329
11556 854 11974 11973 11972 12329
11557 854 11970 11971 11972 12330
11558 854 11974 11973 11972 12330
11559 854 11971 11972 11973 12331
11560 854 11975 11974 11973 12331
11561 854 11971 11972 11973 12332
11562 854 11975 11974 11973 12332
11563 854 11972 11973 11974 12333
11564 854 11972 11973 11974 12334
11565 854 11973 11974 11975 12335
11566 854 11973 11974 11975 12336
11567 854 12356 12355 12354 12636
11568 854 12356 12355 12354 12637
11569 854 12357 12356 12355 12638
11570 854 12357 12356 12355 12639
11571 854 12354 12355 12356 12640
11572 854 12354 12355 12356 12641
11573 854 12355 12356 12357 12642
11574 854 12355 12356 12357 12643
11575 854 12376 12375 12374 12664
11576 854 12376 12375 12374 12665
11577 854 12377 12376 12375 12666
11578 854 12377 12376 12375 12667
11579 854 12374 12375 12376 12668
11580 854 12374 12375 12376 12669
11581 854 12397 12396 12395 12689
11582 854 12397 12396 12395 12690
11583 854 12398 12397 12396 12691
11584 854 12398 12397 12396 12692
11585 854 12395 12396 12397 12693
11586 854 12395 12396 12397 12694
11587 854 12420 12419 12418 12716
11588 854 12420 12419 12418 12717
11589 854 12421 12420 12419 12718
11590 854 12421 12420 12419 12719
11591 854 12418 12419 12420 12720
11592 854 12418 12419 12420 12721
11593 854 12428 12427 12426 12724
11594 854 12428 12427 12426 12725
11595 854 12429 12428 12427 12726
11596 854 12429 12428 12427 12727
11597 854 12426 12427 12428 12728
11598 854 12430 12429 12428 12728
11599 854 12426 12427 12428 12729
11600 854 12430 12429 12428 12729
11601 854 12427 12428 12429 12730
11602 854 12431 12430 12429 12730
11603 854 12427 12428 12429 12731
11604 854 12431 12430 12429 12731
11605 854 12428 12429 12430 12732
11606 854 12432 12431 12430 12732
11607 854 12428 12429 12430 12733
11608 854 12432 12431 12430 12733
11609 854 12429 12430 12431 12734
11610 854 12433 12432 12431 12734
11611 854 12429 12430 12431 12735
11612 854 12433 12432 12431 12735
11613 854 12430 12431 12432 12736
11614 854 12434 12433 12432 12736
11615 854 12430 12431 12432 12737
11616 854 12434 12433 12432 12737
11617 854 12431 12432 12433 12738
11618 854 12435 12434 12433 12738
11619 854 12431 12432 12433 12739
11620 854 12435 12434 12433 12739
11621 854 12432 12433 12434 12740
11622 854 12432 12433 12434 12741
11623 854 12433 12434 12435 12742
11624 854 12433 12434 12435 12743
11625 854 12450 12449 12448 12759
11626 854 12450 12449 12448 12760
11627 854 12451 12450 12449 12761
11628 854 12451 12450 12449 12762
11629 854 12448 12449 12450 12763
11630 854 12448 12449 12450 12764
11631 854 12449 12450 12451 12765
11632 854 12449 12450 12451 12766
11633 854 12470 12469 12468 12787
11634 854 12470 12469 12468 12788
11635 854 12471 12470 12469 12789
11636 854 12471 12470 12469 12790
11637 854 12468 12469 12470 12791
11638 854 12468 12469 12470 12792
11639 854 12492 12491 12490 12812
11640 854 12492 12491 12490 12813
11641 854 12493 12492 12491 12814
11642 854 12493 12492 12491 12815
11643 854 12490 12491 12492 12816
11644 854 12490 12491 12492 12817
11645 854 12515 12514 12513 12836
11646 854 12515 12514 12513 12837
11647 854 12516 12515 12514 12838
11648 854 12516 12515 12514 12839
11649 854 12513 12514 12515 12840
11650 854 12513 12514 12515 12841
11651 854 12523 12522 12521 12844
11652 854 12523 12522 12521 12845
11653 854 12524 12523 12522 12846
11654 854 12524 12523 12522 12847
11655 854 12521 12522 12523 12848
11656 854 12525 12524 12523 12848
11657 854 12521 12522 12523 12849
11658 854 12525 12524 12523 12849
11659 854 12522 12523 12524 12850
11660 854 12526 12525 12524 12850
11661 854 12522 12523 12524 12851
11662 854 12526 12525 12524 12851
11663 854 12523 12524 12525 12852
11664 854 12527 12526 12525 12852
11665 854 12523 12524 12525 12853
11666 854 12527 12526 12525 12853
11667 854 12524 12525 12526 12854
11668 854 12528 12527 12526 12854
11669 854 12524 12525 12526 12855
11670 854 12528 12527 12526 12855
11671 854 12525 12526 12527 12856
11672 854 12529 12528 12527 12856
11673 854 12525 12526 12527 12857
11674 854 12529 12528 12527 12857
11675 854 12526 12527 12528 12858
11676 854 12530 12529 12528 12858
11677 854 12526 12527 12528 12859
11678 854 12530 12529 12528 12859
11679 854 12527 12528 12529 12860
11680 854 12527 12528 12529 12861
11681 854 12528 12529 12530 12862
11682 854 12528 12529 12530 12863
11683 854 12545 12544 12543 12879
11684 854 12545 12544 12543 12880
11685 854 12546 12545 12544 12881
11686 854 12546 12545 12544 12882
11687 854 12543 12544 12545 12883
11688 854 12543 12544 12545 12884
11689 854 12544 12545 12546 12885
11690 854 12544 12545 12546 12886
11691 854 12565 12564 12563 12907
11692 854 12565 12564 12563 12908
11693 854 12566 12565 12564 12909
11694 854 12566 12565 12564 12910
11695 854 12563 12564 12565 12911
11696 854 12563 12564 12565 12912
11697 854 12588 12587 12586 12935
11698 854 12588 12587 12586 12936
11699 854 12589 12588 12587 12937
11700 854 12589 12588 12587 12938
11701 854 12586 12587 12588 12939
11702 854 12586 12587 12588 12940
11703 854 12610 12609 12608 12959
11704 854 12610 12609 12608 12960
11705 854 12611 12610 12609 12961
11706 854 12611 12610 12609 12962
11707 854 12608 12609 12610 12963
11708 854 12608 12609 12610 12964
11709 854 12618 12617 12616 12967
11710 854 12618 12617 12616 12968
11711 854 12619 12618 12617 12969
11712 854 12619 12618 12617 12970
11713 854 12616 12617 12618 12971
11714 854 12620 12619 12618 12971
11715 854 12616 12617 12618 12972
11716 854 12620 12619 12618 12972
11717 854 12617 12618 12619 12973
11718 854 12621 12620 12619 12973
11719 854 12617 12618 12619 12974
11720 854 12621 12620 12619 12974
11721 854 12618 12619 12620 12975
11722 854 12622 12621 12620 12975
11723 854 12618 12619 12620 12976
11724 854 12622 12621 12620 12976
11725 854 12619 12620 12621 12977
11726 854 12623 12622 12621 12977
11727 854 12619 12620 12621 12978
11728 854 12623 12622 12621 12978
11729 854 12620 12621 12622 12979
11730 854 12624 12623 12622 12979
11731 854 12620 12621 12622 12980
11732 854 12624 12623 12622 12980
11733 854 12621 12622 12623 12981
11734 854 12625 12624 12623 12981
11735 854 12621 12622 12623 12982
11736 854 12625 12624 12623 12982
11737 854 12622 12623 12624 12983
11738 854 12622 12623 12624 12984
11739 854 12623 12624 12625 12985
11740 854 12623 12624 12625 12986
11741 854 31 7 6 290
11742 854 31 7 6 291
11743 854 20 24 25 316
11744 854 20 24 25 317
11745 854 41 45 46 341
11746 854 41 45 46 342
11747 854 64 68 69 368
11748 854 64 68 69 369
11749 854 126 101 100 413
11750 854 126 101 100 414
11751 854 114 118 119 439
11752 854 114 118 119 440
11753 854 136 140 141 464
11754 854 136 140 141 465
11755 854 159 163 164 488
11756 854 159 163 164 489
11757 854 209 213 214 559
11758 854 209 213 214 560
11759 854 232 236 237 587
11760 854 232 236 237 588
11761 854 254 258 259 611
11762 854 254 258 259 612
11763 854 681 657 656 940
11764 854 681 657 656 941
11765 854 670 674 675 966
11766 854 670 674 675 967
11767 854 691 695 696 991
11768 854 691 695 696 992
11769 854 714 718 719 1018
11770 854 714 718 719 1019
11771 854 776 751 750 1063
11772 854 776 751 750 1064
11773 854 764 768 769 1089
11774 854 764 768 769 1090
11775 854 786 790 791 1114
11776 854 786 790 791 1115
11777 854 809 813 814 1138
11778 854 809 813 814 1139
11779 854 859 863 864 1209
11780 854 859 863 864 1210
11781 854 882 886 887 1237
11782 854 882 886 887 1238
11783 854 904 908 909 1261
11784 854 904 908 909 1262
11785 854 1331 1307 1306 1590
11786 854 1331 1307 1306 1591
11787 854 1320 1324 1325 1616
11788 854 1320 1324 1325 1617
11789 854 1341 1345 1346 1641
11790 854 1341 1345 1346 1642
11791 854 1364 1368 1369 1668
11792 854 1364 1368 1369 1669
11793 854 1426 1401 1400 1713
11794 854 1426 1401 1400 1714
11795 854 1414 1418 1419 1739
11796 854 1414 1418 1419 1740
11797 854 1436 1440 1441 1764
11798 854 1436 1440 1441 1765
11799 854 1459 1463 1464 1788
11800 854 1459 1463 1464 1789
11801 854 1509 1513 1514 1859
11802 854 1509 1513 1514 1860
11803 854 1532 1536 1537 1887
11804 854 1532 1536 1537 1888
11805 854 1554 1558 1559 1911
11806 854 1554 1558 1559 1912
11807 854 1981 1957 1956 2240
11808 854 1981 1957 1956 2241
11809 854 1970 1974 1975 2266
11810 854 1970 1974 1975 2267
11811 854 1991 1995 1996 2291
11812 854 1991 1995 1996 2292
11813 854 2014 2018 2019 2318
11814 854 2014 2018 2019 2319
11815 854 2076 2051 2050 2363
11816 854 2076 2051 2050 2364
11817 854 2064 2068 2069 2389
11818 854 2064 2068 2069 2390
11819 854 2086 2090 2091 2414
11820 854 2086 2090 2091 2415
11821 854 2109 2113 2114 2438
11822 854 2109 2113 2114 2439
11823 854 2159 2163 2164 2509
11824 854 2159 2163 2164 2510
11825 854 2182 2186 2187 2537
11826 854 2182 2186 2187 2538
11827 854 2204 2208 2209 2561
11828 854 2204 2208 2209 2562
11829 854 2631 2607 2606 2890
11830 854 2631 2607 2606 2891
11831 854 2620 2624 2625 2916
11832 854 2620 2624 2625 2917
11833 854 2641 2645 2646 2941
11834 854 2641 2645 2646 2942
11835 854 2664 2668 2669 2968
11836 854 2664 2668 2669 2969
11837 854 2726 2701 2700 3013
11838 854 2726 2701 2700 3014
11839 854 2714 2718 2719 3039
11840 854 2714 2718 2719 3040
11841 854 2736 2740 2741 3064
11842 854 2736 2740 2741 3065
11843 854 2759 2763 2764 3088
11844 854 2759 2763 2764 3089
11845 854 2809 2813 2814 3159
11846 854 2809 2813 2814 3160
11847 854 2832 2836 2837 3187
11848 854 2832 2836 2837 3188
11849 854 2854 2858 2859 3211
11850 854 2854 2858 2859 3212
11851 854 3281 3257 3256 3540
11852 854 3281 3257 3256 3541
11853 854 3270 3274 3275 3566
11854 854 3270 3274 3275 3567
11855 854 3291 3295 3296 3591
11856 854 3291 3295 3296 3592
11857 854 3314 3318 3319 3618
11858 854 3314 3318 3319 3619
11859 854 3376 3351 3350 3663
11860 854 3376 3351 3350 3664
11861 854 3364 3368 3369 3689
11862 854 3364 3368 3369 3690
11863 854 3386 3390 3391 3714
11864 854 3386 3390 3391 3715
11865 854 3409 3413 3414 3738
11866 854 3409 3413 3414 3739
11867 854 3459 3463 3464 3809
11868 854 3459 3463 3464 3810
11869 854 3482 3486 3487 3837
11870 854 3482 3486 3487 3838
11871 854 3504 3508 3509 3861
11872 854 3504 3508 3509 3862
11873 854 3931 3907 3906 4190
11874 854 3931 3907 3906 4191
11875 854 3920 3924 3925 4216
11876 854 3920 3924 3925 4217
11877 854 3941 3945 3946 4241
11878 854 3941 3945 3946 4242
11879 854 3964 3968 3969 4268
11880 854 3964 3968 3969 4269
11881 854 4026 4001 4000 4313
11882 854 4026 4001 4000 4314
11883 854 4014 4018 4019 4339
11884 854 4014 4018 4019 4340
11885 854 4036 4040 4041 4364
11886 854 4036 4040 4041 4365
11887 854 4059 4063 4064 4388
11888 854 4059 4063 4064 4389
11889 854 4109 4113 4114 4459
11890 854 4109 4113 4114 4460
11891 854 4132 4136 4137 4487
11892 854 4132 4136 4137 4488
11893 854 4154 4158 4159 4511
11894 854 4154 4158 4159 4512
11895 854 4581 4557 4556 4840
11896 854 4581 4557 4556 4841
11897 854 4570 4574 4575 4866
11898 854 4570 4574 4575 4867
11899 854 4591 4595 4596 4891
11900 854 4591 4595 4596 4892
11901 854 4614 4618 4619 4918
11902 854 4614 4618 4619 4919
11903 854 4676 4651 4650 4963
11904 854 4676 4651 4650 4964
11905 854 4664 4668 4669 4989
11906 854 4664 4668 4669 4990
11907 854 4686 4690 4691 5014
11908 854 4686 4690 4691 5015
11909 854 4709 4713 4714 5038
11910 854 4709 4713 4714 5039
11911 854 4759 4763 4764 5109
11912 854 4759 4763 4764 5110
11913 854 4782 4786 4787 5137
11914 854 4782 4786 4787 5138
11915 854 4804 4808 4809 5161
11916 854 4804 4808 4809 5162
11917 854 5231 5207 5206 5490
11918 854 5231 5207 5206 5491
11919 854 5220 5224 5225 5516
11920 854 5220 5224 5225 5517
11921 854 5241 5245 5246 5541
11922 854 5241 5245 5246 5542
11923 854 5264 5268 5269 5568
11924 854 5264 5268 5269 5569
11925 854 5326 5301 5300 5613
11926 854 5326 5301 5300 5614
11927 854 5314 5318 5319 5639
11928 854 5314 5318 5319 5640
11929 854 5336 5340 5341 5664
11930 854 5336 5340 5341 5665
11931 854 5359 5363 5364 5688
11932 854 5359 5363 5364 5689
11933 854 5409 5413 5414 5759
11934 854 5409 5413 5414 5760
11935 854 5432 5436 5437 5787
11936 854 5432 5436 5437 5788
11937 854 5454 5458 5459 5811
11938 854 5454 5458 5459 5812
11939 854 5881 5857 5856 6140
11940 854 5881 5857 5856 6141
11941 854 5870 5874 5875 6166
11942 854 5870 5874 5875 6167
11943 854 5891 5895 5896 6191
11944 854 5891 5895 5896 6192
11945 854 5914 5918 5919 6218
11946 854 5914 5918 5919 6219
11947 854 5976 5951 5950 6263
11948 854 5976 5951 5950 6264
11949 854 5964 5968 5969 6289
11950 854 5964 5968 5969 6290
11951 854 5986 5990 5991 6314
11952 854 5986 5990 5991 6315
11953 854 6009 6013 6014 6338
11954 854 6009 6013 6014 6339
11955 854 6059 6063 6064 6409
11956 854 6059 6063 6064 6410
11957 854 6082 6086 6087 6437
11958 854 6082 6086 6087 6438
11959 854 6104 6108 6109 6461
11960 854 6104 6108 6109 6462
11961 854 6531 6507 6506 6790
11962 854 6531 6507 6506 6791
11963 854 6520 6524 6525 6816
11964 854 6520 6524 6525 6817
11965 854 6541 6545 6546 6841
11966 854 6541 6545 6546 6842
11967 854 6564 6568 6569 6868
11968 854 6564 6568 6569 6869
11969 854 6626 6601 6600 6913
11970 854 6626 6601 6600 6914
11971 854 6614 6618 6619 6939
11972 854 6614 6618 6619 6940
11973 854 6636 6640 6641 6964
11974 854 6636 6640 6641 6965
11975 854 6659 6663 6664 6988
11976 854 6659 6663 6664 6989
11977 854 6709 6713 6714 7059
11978 854 6709 6713 6714 7060
11979 854 6732 6736 6737 7087
11980 854 6732 6736 6737 7088
11981 854 6754 6758 6759 7111
11982 854 6754 6758 6759 7112
11983 854 7181 7157 7156 7440
11984 854 7181 7157 7156 7441
11985 854 7170 7174 7175 7466
11986 854 7170 7174 7175 7467
11987 854 7191 7195 7196 7491
11988 854 7191 7195 7196 7492
11989 854 7214 7218 7219 7518
11990 854 7214 7218 7219 7519
11991 854 7276 7251 7250 7563
11992 854 7276 7251 7250 7564
11993 854 7264 7268 7269 7589
11994 854 7264 7268 7269 7590
11995 854 7286 7290 7291 7614
11996 854 7286 7290 7291 7615
11997 854 7309 7313 7314 7638
11998 854 7309 7313 7314 7639
11999 854 7359 7363 7364 7709
12000 854 7359 7363 7364 7710
12001 854 7382 7386 7387 7737
12002 854 7382 7386 7387 7738
12003 854 7404 7408 7409 7761
12004 854 7404 7408 7409 7762
12005 854 7831 7807 7806 8090
12006 854 7831 7807 7806 8091
12007 854 7820 7824 7825 8116
12008 854 7820 7824 7825 8117
12009 854 7841 7845 7846 8141
12010 854 7841 7845 7846 8142
12011 854 7864 7868 7869 8168
12012 854 7864 7868 7869 8169
12013 854 7926 7901 7900 8213
12014 854 7926 7901 7900 8214
12015 854 7914 7918 7919 8239
12016 854 7914 7918 7919 8240
12017 854 7936 7940 7941 8264
12018 854 7936 7940 7941 8265
12019 854 7959 7963 7964 8288
12020 854 7959 7963 7964 8289
12021 854 8009 8013 8014 8359
12022 854 8009 8013 8014 8360
12023 854 8032 8036 8037 8387
12024 854 8032 8036 8037 8388
12025 854 8054 8058 8059 8411
12026 854 8054 8058 8059 8412
12027 854 8481 8457 8456 8740
12028 854 8481 8457 8456 8741
12029 854 8470 8474 8475 8766
12030 854 8470 8474 8475 8767
12031 854 8491 8495 8496 8791
12032 854 8491 8495 8496 8792
12033 854 8514 8518 8519 8818
12034 854 8514 8518 8519 8819
12035 854 8576 8551 8550 8863
12036 854 8576 8551 8550 8864
12037 854 8564 8568 8569 8889
12038 854 8564 8568 8569 8890
12039 854 8586 8590 8591 8914
12040 854 8586 8590 8591 8915
12041 854 8609 8613 8614 8938
12042 854 8609 8613 8614 8939
12043 854 8659 8663 8664 9009
12044 854 8659 8663 8664 9010
12045 854 8682 8686 8687 9037
12046 854 8682 8686 8687 9038
12047 854 8704 8708 8709 9061
12048 854 8704 8708 8709 9062
12049 854 9131 9107 9106 9390
12050 854 9131 9107 9106 9391
12051 854 9120 9124 9125 9416
12052 854 9120 9124 9125 9417
12053 854 9141 9145 9146 9441
12054 854 9141 9145 9146 9442
12055 854 9164 9168 9169 9468
12056 854 9164 9168 9169 9469
12057 854 9226 9201 9200 9513
12058 854 9226 9201 9200 9514
12059 854 9214 9218 9219 9539
12060 854 9214 9218 9219 9540
12061 854 9236 9240 9241 9564
12062 854 9236 9240 9241 9565
12063 854 9259 9263 9264 9588
12064 854 9259 9263 9264 9589
12065 854 9309 9313 9314 9659
12066 854 9309 9313 9314 9660
12067 854 9332 9336 9337 9687
12068 854 9332 9336 9337 9688
12069 854 9354 9358 9359 9711
12070 854 9354 9358 9359 9712
12071 854 9781 9757 9756 10040
12072 854 9781 9757 9756 10041
12073 854 9770 9774 9775 10066
12074 854 9770 9774 9775 10067
12075 854 9791 9795 9796 10091
12076 854 9791 9795 9796 10092
12077 854 9814 9818 9819 10118
12078 854 9814 9818 9819 10119
12079 854 9876 9851 9850 10163
12080 854 9876 9851 9850 10164
12081 854 9864 9868 9869 10189
12082 854 9864 9868 9869 10190
12083 854 9886 9890 9891 10214
12084 854 9886 9890 9891 10215
12085 854 9909 9913 9914 10238
12086 854 9909 9913 9914 10239
12087 854 9959 9963 9964 10309
12088 854 9959 9963 9964 10310
12089 854 9982 9986 9987 10337
12090 854 9982 9986 9987 10338
12091 854 10004 10008 10009 10361
12092 854 10004 10008 10009 10362
12093 854 10431 10407 10406 10690
12094 854 10431 10407 10406 10691
12095 854 10420 10424 10425 10716
12096 854 10420 10424 10425 10717
12097 854 10441 10445 10446 10741
12098 854 10441 10445 10446 10742
12099 854 10464 10468 10469 10768
12100 854 10464 10468 10469 10769
12101 854 10526 10501 10500 10813
12102 854 10526 10501 10500 10814
12103 854 10514 10518 10519 10839
12104 854 10514 10518 10519 10840
12105 854 10536 10540 10541 10864
12106 854 10536 10540 10541 10865
12107 854 10559 10563 10564 10888
12108 854 10559 10563 10564 10889
12109 854 10609 10613 10614 10959
12110 854 10609 10613 10614 10960
12111 854 10632 10636 10637 10987
12112 854 10632 10636 10637 10988
12113 854 10654 10658 10659 11011
12114 854 10654 10658 10659 11012
12115 854 11081 11057 11056 11340
12116 854 11081 11057 11056 11341
12117 854 11070 11074 11075 11366
12118 854 11070 11074 11075 11367
12119 854 11091 11095 11096 11391
12120 854 11091 11095 11096 11392
12121 854 11114 11118 11119 11418
12122 854 11114 11118 11119 11419
12123 854 11176 11151 11150 11463
12124 854 11176 11151 11150 11464
12125 854 11164 11168 11169 11489
12126 854 11164 11168 11169 11490
12127 854 11186 11190 11191 11514
12128 854 11186 11190 11191 11515
12129 854 11209 11213 11214 11538
12130 854 11209 11213 11214 11539
12131 854 11259 11263 11264 11609
12132 854 11259 11263 11264 11610
12133 854 11282 11286 11287 11637
12134 854 11282 11286 11287 11638
12135 854 11304 11308 11309 11661
12136 854 11304 11308 11309 11662
12137 854 11731 11707 11706 11990
12138 854 11731 11707 11706 11991
12139 854 11720 11724 11725 12016
12140 854 11720 11724 11725 12017
12141 854 11741 11745 11746 12041
12142 854 11741 11745 11746 12042
12143 854 11764 11768 11769 12068
12144 854 11764 11768 11769 12069
12145 854 11826 11801 11800 12113
12146 854 11826 11801 11800 12114
12147 854 11814 11818 11819 12139
12148 854 11814 11818 11819 12140
12149 854 11836 11840 11841 12164
12150 854 11836 11840 11841 12165
12151 854 11859 11863 11864 12188
12152 854 11859 11863 11864 12189
12153 854 11909 11913 11914 12259
12154 854 11909 11913 11914 12260
12155 854 11932 11936 11937 12287
12156 854 11932 11936 11937 12288
12157 854 11954 11958 11959 12311
12158 854 11954 11958 11959 12312
12159 854 12381 12357 12356 12640
12160 854 12381 12357 12356 12641
12161 854 12370 12374 12375 12666
12162 854 12370 12374 12375 12667
12163 854 12391 12395 12396 12691
12164 854 12391 12395 12396 12692
12165 854 12414 12418 12419 12718
12166 854 12414 12418 12419 12719
12167 854 12476 12451 12450 12763
12168 854 12476 12451 12450 12764
12169 854 12464 12468 12469 12789
12170 854 12464 12468 12469 12790
12171 854 12486 12490 12491 12814
12172 854 12486 12490 12491 12815
12173 854 12509 12513 12514 12838
12174 854 12509 12513 12514 12839
12175 854 12559 12563 12564 12909
12176 854 12559 12563 12564 12910
12177 854 12582 12586 12587 12937
12178 854 12582 12586 12587 12938
12179 854 12604 12608 12609 12961
12180 854 12604 12608 12609 12962
12181 854 10 31 7 292
12182 854 10 31 7 293
12183 854 7 31 10 296
12184 854 7 31 10 297
12185 854 24 20 21 310
12186 854 24 20 21 311
12187 854 21 20 24 314
12188 854 21 20 24 315
12189 854 45 41 42 335
12190 854 45 41 42 336
12191 854 42 41 45 339
12192 854 42 41 45 340
12193 854 68 64 65 362
12194 854 68 64 65 363
12195 854 65 64 68 366
12196 854 65 64 68 367
12197 854 104 126 101 415
12198 854 104 126 101 416
12199 854 101 126 104 419
12200 854 101 126 104 420
12201 854 118 114 115 433
12202 854 118 114 115 434
12203 854 115 114 118 437
12204 854 115 114 118 438
12205 854 140 136 137 458
12206 854 140 136 137 459
12207 854 137 136 140 462
12208 854 137 136 140 463
12209 854 163 159 160 482
12210 854 163 159 160 483
12211 854 160 159 163 486
12212 854 160 159 163 487
12213 854 213 209 210 553
12214 854 213 209 210 554
12215 854 210 209 213 557
12216 854 210 209 213 558
12217 854 236 232 233 581
12218 854 236 232 233 582
12219 854 233 232 236 585
12220 854 233 232 236 586
12221 854 258 254 255 605
12222 854 258 254 255 606
12223 854 255 254 258 609
12224 854 255 254 258 610
12225 854 660 681 657 942
12226 854 660 681 657 943
12227 854 657 681 660 946
12228 854 657 681 660 947
12229 854 674 670 671 960
12230 854 674 670 671 961
12231 854 671 670 674 964
12232 854 671 670 674 965
12233 854 695 691 692 985
12234 854 695 691 692 986
12235 854 692 691 695 989
12236 854 692 691 695 990
12237 854 718 714 715 1012
12238 854 718 714 715 1013
12239 854 715 714 718 1016
12240 854 715 714 718 1017
12241 854 754 776 751 1065
12242 854 754 776 751 1066
12243 854 751 776 754 1069
12244 854 751 776 754 1070
12245 854 768 764 765 1083
12246 854 768 764 765 1084
12247 854 765 764 768 1087
12248 854 765 764 768 1088
12249 854 790 786 787 1108
12250 854 790 786 787 1109
12251 854 787 786 790 1112
12252 854 787 786 790 1113
12253 854 813 809 810 1132
12254 854 813 809 810 1133
12255 854 810 809 813 1136
12256 854 810 809 813 1137
12257 854 863 859 860 1203
12258 854 863 859 860 1204
12259 854 860 859 863 1207
12260 854 860 859 863 1208
12261 854 886 882 883 1231
12262 854 886 882 883 1232
12263 854 883 882 886 1235
12264 854 883 882 886 1236
12265 854 908 904 905 1255
12266 854 908 904 905 1256
12267 854 905 904 908 1259
12268 854 905 904 908 1260
12269 854 1310 1331 1307 1592
12270 854 1310 1331 1307 1593
12271 854 1307 1331 1310 1596
12272 854 1307 1331 1310 1597
12273 854 1324 1320 1321 1610
12274 854 1324 1320 1321 1611
12275 854 1321 1320 1324 1614
12276 854 1321 1320 1324 1615
12277 854 1345 1341 1342 1635
12278 854 1345 1341 1342 1636
12279 854 1342 1341 1345 1639
12280 854 1342 1341 1345 1640
12281 854 1368 1364 1365 1662
12282 854 1368 1364 1365 1663
12283 854 1365 1364 1368 1666
12284 854 1365 1364 1368 1667
12285 854 1404 1426 1401 1715
12286 854 1404 1426 1401 1716
12287 854 1401 1426 1404 1719
12288 854 1401 1426 1404 1720
12289 854 1418 1414 1415 1733
12290 854 1418 1414 1415 1734
12291 854 1415 1414 1418 1737
12292 854 1415 1414 1418 1738
12293 854 1440 1436 1437 1758
12294 854 1440 1436 1437 1759
12295 854 1437 1436 1440 1762
12296 854 1437 1436 1440 1763
12297 854 1463 1459 1460 1782
12298 854 1463 1459 1460 1783
12299 854 1460 1459 1463 1786
12300 854 1460 1459 1463 1787
12301 854 1513 1509 1510 1853
12302 854 1513 1509 1510 1854
12303 854 1510 1509 1513 1857
12304 854 1510 1509 1513 1858
12305 854 1536 1532 1533 1881
12306 854 1536 1532 1533 1882
12307 854 1533 1532 1536 1885
12308 854 1533 1532 1536 1886
12309 854 1558 1554 1555 1905
12310 854 1558 1554 1555 1906
12311 854 1555 1554 1558 1909
12312 854 1555 1554 1558 1910
12313 854 1960 1981 1957 2242
12314 854 1960 1981 1957 2243
12315 854 1957 1981 1960 2246
12316 854 1957 1981 1960 2247
12317 854 1974 1970 1971 2260
12318 854 1974 1970 1971 2261
12319 854 1971 1970 1974 2264
12320 854 1971 1970 1974 2265
12321 854 1995 1991 1992 2285
12322 854 1995 1991 1992 2286
12323 854 1992 1991 1995 2289
12324 854 1992 1991 1995 2290
12325 854 2018 2014 2015 2312
12326 854 2018 2014 2015 2313
12327 854 2015 2014 2018 2316
12328 854 2015 2014 2018 2317
12329 854 2054 2076 2051 2365
12330 854 2054 2076 2051 2366
12331 854 2051 2076 2054 2369
12332 854 2051 2076 2054 2370
12333 854 2068 2064 2065 2383
12334 854 2068 2064 2065 2384
12335 854 2065 2064 2068 2387
12336 854 2065 2064 2068 2388
12337 854 2090 2086 2087 2408
12338 854 2090 2086 2087 2409
12339 854 2087 2086 2090 2412
12340 854 2087 2086 2090 2413
12341 854 2113 2109 2110 2432
12342 854 2113 2109 2110 2433
12343 854 2110 2109 2113 2436
12344 854 2110 2109 2113 2437
12345 854 2163 2159 2160 2503
12346 854 2163 2159 2160 2504
12347 854 2160 2159 2163 2507
12348 854 2160 2159 2163 2508
12349 854 2186 2182 2183 2531
12350 854 2186 2182 2183 2532
12351 854 2183 2182 2186 2535
12352 854 2183 2182 2186 2536
12353 854 2208 2204 2205 2555
12354 854 2208 2204 2205 2556
12355 854 2205 2204 2208 2559
12356 854 2205 2204 2208 2560
12357 854 2610 2631 2607 2892
12358 854 2610 2631 2607 2893
12359 854 2607 2631 2610 2896
12360 854 2607 2631 2610 2897
12361 854 2624 2620 2621 2910
12362 854 2624 2620 2621 2911
12363 854 2621 2620 2624 2914
12364 854 2621 2620 2624 2915
12365 854 2645 2641 2642 2935
12366 854 2645 2641 2642 2936
12367 854 2642 2641 2645 2939
12368 854 2642 2641 2645 2940
12369 854 2668 2664 2665 2962
12370 854 2668 2664 2665 2963
12371 854 2665 2664 2668 2966
12372 854 2665 2664 2668 2967
12373 854 2704 2726 2701 3015
12374 854 2704 2726 2701 3016
12375 854 2701 2726 2704 3019
12376 854 2701 2726 2704 3020
12377 854 2718 2714 2715 3033
12378 854 2718 2714 2715 3034
12379 854 2715 2714 2718 3037
12380 854 2715 2714 2718 3038
12381 854 2740 2736 2737 3058
12382 854 2740 2736 2737 3059
12383 854 2737 2736 2740 3062
12384 854 2737 2736 2740 3063
12385 854 2763 2759 2760 3082
12386 854 2763 2759 2760 3083
12387 854 2760 2759 2763 3086
12388 854 2760 2759 2763 3087
12389 854 2813 2809 2810 3153
12390 854 2813 2809 2810 3154
12391 854 2810 2809 2813 3157
12392 854 2810 2809 2813 3158
12393 854 2836 2832 2833 3181
12394 854 2836 2832 2833 3182
12395 854 2833 2832 2836 3185
12396 854 2833 2832 2836 3186
12397 854 2858 2854 2855 3205
12398 854 2858 2854 2855 3206
12399 854 2855 2854 2858 3209
12400 854 2855 2854 2858 3210
12401 854 3260 3281 3257 3542
12402 854 3260 3281 3257 3543
12403 854 3257 3281 3260 3546
12404 854 3257 3281 3260 3547
12405 854 3274 3270 3271 3560
12406 854 3274 3270 3271 3561
12407 854 3271 3270 3274 3564
12408 854 3271 3270 3274 3565
12409 854 3295 3291 3292 3585
12410 854 3295 3291 3292 3586
12411 854 3292 3291 3295 3589
12412 854 3292 3291 3295 3590
12413 854 3318 3314 3315 3612
12414 854 3318 3314 3315 3613
12415 854 3315 3314 3318 3616
12416 854 3315 3314 3318 3617
12417 854 3354 3376 3351 3665
12418 854 3354 3376 3351 3666
12419 854 3351 3376 3354 3669
12420 854 3351 3376 3354 3670
12421 854 3368 3364 3365 3683
12422 854 3368 3364 3365 3684
12423 854 3365 3364 3368 3687
12424 854 3365 3364 3368 3688
12425 854 3390 3386 3387 3708
12426 854 3390 3386 3387 3709
12427 854 3387 3386 3390 3712
12428 854 3387 3386 3390 3713
12429 854 3413 3409 3410 3732
12430 854 3413 3409 3410 3733
12431 854 3410 3409 3413 3736
12432 854 3410 3409 3413 3737
12433 854 3463 3459 3460 3803
12434 854 3463 3459 3460 3804
12435 854 3460 3459 3463 3807
12436 854 3460 3459 3463 3808
12437 854 3486 3482 3483 3831
12438 854 3486 3482 3483 3832
12439 854 3483 3482 3486 3835
12440 854 3483 3482 3486 3836
12441 854 3508 3504 3505 3855
12442 854 3508 3504 3505 3856
12443 854 3505 3504 3508 3859
12444 854 3505 3504 3508 3860
12445 854 3910 3931 3907 4192
12446 854 3910 3931 3907 4193
12447 854 3907 3931 3910 4196
12448 854 3907 3931 3910 4197
12449 854 3924 3920 3921 4210
12450 854 3924 3920 3921 4211
12451 854 3921 3920 3924 4214
12452 854 3921 3920 3924 4215
12453 854 3945 3941 3942 4235
12454 854 3945 3941 3942 4236
12455 854 3942 3941 3945 4239
12456 854 3942 3941 3945 4240
12457 854 3968 3964 3965 4262
12458 854 3968 3964 3965 4263
12459 854 3965 3964 3968 4266
12460 854 3965 3964 3968 4267
12461 854 4004 4026 4001 4315
12462 854 4004 4026 4001 4316
12463 854 4001 4026 4004 4319
12464 854 4001 4026 4004 4320
12465 854 4018 4014 4015 4333
12466 854 4018 4014 4015 4334
12467 854 4015 4014 4018 4337
12468 854 4015 4014 4018 4338
12469 854 4040 4036 4037 4358
12470 854 4040 4036 4037 4359
12471 854 4037 4036 4040 4362
12472 854 4037 4036 4040 4363
12473 854 4063 4059 4060 4382
12474 854 4063 4059 4060 4383
12475 854 4060 4059 4063 4386
12476 854 4060 4059 4063 4387
12477 854 4113 4109 4110 4453
12478 854 4113 4109 4110 4454
12479 854 4110 4109 4113 4457
12480 854 4110 4109 4113 4458
12481 854 4136 4132 4133 4481
12482 854 4136 4132 4133 4482
12483 854 4133 4132 4136 4485
12484 854 4133 4132 4136 4486
12485 854 4158 4154 4155 4505
12486 854 4158 4154 4155 4506
12487 854 4155 4154 4158 4509
12488 854 4155 4154 4158 4510
12489 854 4560 4581 4557 4842
12490 854 4560 4581 4557 4843
12491 854 4557 4581 4560 4846
12492 854 4557 4581 4560 4847
12493 854 4574 4570 4571 4860
12494 854 4574 4570 4571 4861
12495 854 4571 4570 4574 4864
12496 854 4571 4570 4574 4865
12497 854 4595 4591 4592 4885
12498 854 4595 4591 4592 4886
12499 854 4592 4591 4595 4889
12500 854 4592 4591 4595 4890
12501 854 4618 4614 4615 4912
12502 854 4618 4614 4615 4913
12503 854 4615 4614 4618 4916
12504 854 4615 4614 4618 4917
12505 854 4654 4676 4651 4965
12506 854 4654 4676 4651 4966
12507 854 4651 4676 4654 4969
12508 854 4651 4676 4654 4970
12509 854 4668 4664 4665 4983
12510 854 4668 4664 4665 4984
12511 854 4665 4664 4668 4987
12512 854 4665 4664 4668 4988
12513 854 4690 4686 4687 5008
12514 854 4690 4686 4687 5009
12515 854 4687 4686 4690 5012
12516 854 4687 4686 4690 5013
12517 854 4713 4709 4710 5032
12518 854 4713 4709 4710 5033
12519 854 4710 4709 4713 5036
12520 854 4710 4709 4713 5037
12521 854 4763 4759 4760 5103
12522 854 4763 4759 4760 5104
12523 854 4760 4759 4763 5107
12524 854 4760 4759 4763 5108
12525 854 4786 4782 4783 5131
12526 854 4786 4782 4783 5132
12527 854 4783 4782 4786 5135
12528 854 4783 4782 4786 5136
12529 854 4808 4804 4805 5155
12530 854 4808 4804 4805 5156
12531 854 4805 4804 4808 5159
12532 854 4805 4804 4808 5160
12533 854 5210 5231 5207 5492
12534 854 5210 5231 5207 5493
12535 854 5207 5231 5210 5496
12536 854 5207 5231 5210 5497
12537 854 5224 5220 5221 5510
12538 854 5224 5220 5221 5511
12539 854 5221 5220 5224 5514
12540 854 5221 5220 5224 5515
12541 854 5245 5241 5242 5535
12542 854 5245 5241 5242 5536
12543 854 5242 5241 5245 5539
12544 854 5242 5241 5245 5540
12545 854 5268 5264 5265 5562
12546 854 5268 5264 5265 5563
12547 854 5265 5264 5268 5566
12548 854 5265 5264 5268 5567
12549 854 5304 5326 5301 5615
12550 854 5304 5326 5301 5616
12551 854 5301 5326 5304 5619
12552 854 5301 5326 5304 5620
12553 854 5318 5314 5315 5633
12554 854 5318 5314 5315 5634
12555 854 5315 5314 5318 5637
12556 854 5315 5314 5318 5638
12557 854 5340 5336 5337 5658
12558 854 5340 5336 5337 5659
12559 854 5337 5336 5340 5662
12560 854 5337 5336 5340 5663
12561 854 5363 5359 5360 5682
12562 854 5363 5359 5360 5683
12563 854 5360 5359 5363 5686
12564 854 5360 5359 5363 5687
12565 854 5413 5409 5410 5753
12566 854 5413 5409 5410 5754
12567 854 5410 5409 5413 5757
12568 854 5410 5409 5413 5758
12569 854 5436 5432 5433 5781
12570 854 5436 5432 5433 5782
12571 854 5433 5432 5436 5785
12572 854 5433 5432 5436 5786
12573 854 5458 5454 5455 5805
12574 854 5458 5454 5455 5806
12575 854 5455 5454 5458 5809
12576 854 5455 5454 5458 5810
12577 854 5860 5881 5857 6142
12578 854 5860 5881 5857 6143
12579 854 5857 5881 5860 6146
12580 854 5857 5881 5860 6147
12581 854 5874 5870 5871 6160
12582 854 5874 5870 5871 6161
12583 854 5871 5870 5874 6164
12584 854 5871 5870 5874 6165
12585 854 5895 5891 5892 6185
12586 854 5895 5891 5892 6186
12587 854 5892 5891 5895 6189
12588 854 5892 5891 5895 6190
12589 854 5918 5914 5915 6212
12590 854 5918 5914 5915 6213
12591 854 5915 5914 5918 6216
12592 854 5915 5914 5918 6217
12593 854 5954 5976 5951 6265
12594 854 5954 5976 5951 6266
12595 854 5951 5976 5954 6269
12596 854 5951 5976 5954 6270
12597 854 5968 5964 5965 6283
12598 854 5968 5964 5965 6284
12599 854 5965 5964 5968 6287
12600 854 5965 5964 5968 6288
12601 854 5990 5986 5987 6308
12602 854 5990 5986 5987 6309
12603 854 5987 5986 5990 6312
12604 854 5987 5986 5990 6313
12605 854 6013 6009 6010 6332
12606 854 6013 6009 6010 6333
12607 854 6010 6009 6013 6336
12608 854 6010 6009 6013 6337
12609 854 6063 6059 6060 6403
12610 854 6063 6059 6060 6404
12611 854 6060 6059 6063 6407
12612 854 6060 6059 6063 6408
12613 854 6086 6082 6083 6431
12614 854 6086 6082 6083 6432
12615 854 6083 6082 6086 6435
12616 854 6083 6082 6086 6436
12617 854 6108 6104 6105 6455
12618 854 6108 6104 6105 6456
12619 854 6105 6104 6108 6459
12620 854 6105 6104 6108 6460
12621 854 6510 6531 6507 6792
12622 854 6510 6531 6507 6793
12623 854 6507 6531 6510 6796
12624 854 6507 6531 6510 6797
12625 854 6524 6520 6521 6810
12626 854 6524 6520 6521 6811
12627 854 6521 6520 6524 6814
12628 854 6521 6520 6524 6815
12629 854 6545 6541 6542 6835
12630 854 6545 6541 6542 6836
12631 854 6542 6541 6545 6839
12632 854 6542 6541 6545 6840
12633 854 6568 6564 6565 6862
12634 854 6568 6564 6565 6863
12635 854 6565 6564 6568 6866
12636 854 6565 6564 6568 6867
12637 854 6604 6626 6601 6915
12638 854 6604 6626 6601 6916
12639 854 6601 6626 6604 6919
12640 854 6601 6626 6604 6920
12641 854 6618 6614 6615 6933
12642 854 6618 6614 6615 6934
12643 854 6615 6614 6618 6937
12644 854 6615 6614 6618 6938
12645 854 6640 6636 6637 6958
12646 854 6640 6636 6637 6959
12647 854 6637 6636 6640 6962
12648 854 6637 6636 6640 6963
12649 854 6663 6659 6660 6982
12650 854 6663 6659 6660 6983
12651 854 6660 6659 6663 6986
12652 854 6660 6659 6663 6987
12653 854 6713 6709 6710 7053
12654 854 6713 6709 6710 7054
12655 854 6710 6709 6713 7057
12656 854 6710 6709 6713 7058
12657 854 6736 6732 6733 7081
12658 854 6736 6732 6733 7082
12659 854 6733 6732 6736 7085
12660 854 6733 6732 6736 7086
12661 854 6758 6754 6755 7105
12662 854 6758 6754 6755 7106
12663 854 6755 6754 6758 7109
12664 854 6755 6754 6758 7110
12665 854 7160 7181 7157 7442
12666 854 7160 7181 7157 7443
12667 854 7157 7181 7160 7446
12668 854 7157 7181 7160 7447
12669 854 7174 7170 7171 7460
12670 854 7174 7170 7171 7461
12671 854 7171 7170 7174 7464
12672 854 7171 7170 7174 7465
12673 854 7195 7191 7192 7485
12674 854 7195 7191 7192 7486
12675 854 7192 7191 7195 7489
12676 854 7192 7191 7195 7490
12677 854 7218 7214 7215 7512
12678 854 7218 7214 7215 7513
12679 854 7215 7214 7218 7516
12680 854 7215 7214 7218 7517
12681 854 7254 7276 7251 7565
12682 854 7254 7276 7251 7566
12683 854 7251 7276 7254 7569
12684 854 7251 7276 7254 7570
12685 854 7268 7264 7265 7583
12686 854 7268 7264 7265 7584
12687 854 7265 7264 7268 7587
12688 854 7265 7264 7268 7588
12689 854 7290 7286 7287 7608
12690 854 7290 7286 7287 7609
12691 854 7287 7286 7290 7612
12692 854 7287 7286 7290 7613
12693 854 7313 7309 7310 7632
12694 854 7313 7309 7310 7633
12695 854 7310 7309 7313 7636
12696 854 7310 7309 7313 7637
12697 854 7363 7359 7360 7703
12698 854 7363 7359 7360 7704
12699 854 7360 7359 7363 7707
12700 854 7360 7359 7363 7708
12701 854 7386 7382 7383 7731
12702 854 7386 7382 7383 7732
12703 854 7383 7382 7386 7735
12704 854 7383 7382 7386 7736
12705 854 7408 7404 7405 7755
12706 854 7408 7404 7405 7756
12707 854 7405 7404 7408 7759
12708 854 7405 7404 7408 7760
12709 854 7810 7831 7807 8092
12710 854 7810 7831 7807 8093
12711 854 7807 7831 7810 8096
12712 854 7807 7831 7810 8097
12713 854 7824 7820 7821 8110
12714 854 7824 7820 7821 8111
12715 854 7821 7820 7824 8114
12716 854 7821 7820 7824 8115
12717 854 7845 7841 7842 8135
12718 854 7845 7841 7842 8136
12719 854 7842 7841 7845 8139
12720 854 7842 7841 7845 8140
12721 854 7868 7864 7865 8162
12722 854 7868 7864 7865 8163
12723 854 7865 7864 7868 8166
12724 854 7865 7864 7868 8167
12725 854 7904 7926 7901 8215
12726 854 7904 7926 7901 8216
12727 854 7901 7926 7904 8219
12728 854 7901 7926 7904 8220
12729 854 7918 7914 7915 8233
12730 854 7918 7914 7915 8234
12731 854 7915 7914 7918 8237
12732 854 7915 7914 7918 8238
12733 854 7940 7936 7937 8258
12734 854 7940 7936 7937 8259
12735 854 7937 7936 7940 8262
12736 854 7937 7936 7940 8263
12737 854 7963 7959 7960 8282
12738 854 7963 7959 7960 8283
12739 854 7960 7959 7963 8286
12740 854 7960 7959 7963 8287
12741 854 8013 8009 8010 8353
12742 854 8013 8009 8010 8354
12743 854 8010 8009 8013 8357
12744 854 8010 8009 8013 8358
12745 854 8036 8032 8033 8381
12746 854 8036 8032 8033 8382
12747 854 8033 8032 8036 8385
12748 854 8033 8032 8036 8386
12749 854 8058 8054 8055 8405
12750 854 8058 8054 8055 8406
12751 854 8055 8054 8058 8409
12752 854 8055 8054 8058 8410
12753 854 8460 8481 8457 8742
12754 854 8460 8481 8457 8743
12755 854 8457 8481 8460 8746
12756 854 8457 8481 8460 8747
12757 854 8474 8470 8471 8760
12758 854 8474 8470 8471 8761
12759 854 8471 8470 8474 8764
12760 854 8471 8470 8474 8765
12761 854 8495 8491 8492 8785
12762 854 8495 8491 8492 8786
12763 854 8492 8491 8495 8789
12764 854 8492 8491 8495 8790
12765 854 8518 8514 8515 8812
12766 854 8518 8514 8515 8813
12767 854 8515 8514 8518 8816
12768 854 8515 8514 8518 8817
12769 854 8554 8576 8551 8865
12770 854 8554 8576 8551 8866
12771 854 8551 8576 8554 8869
12772 854 8551 8576 8554 8870
12773 854 8568 8564 8565 8883
12774 854 8568 8564 8565 8884
12775 854 8565 8564 8568 8887
12776 854 8565 8564 8568 8888
12777 854 8590 8586 8587 8908
12778 854 8590 8586 8587 8909
12779 854 8587 8586 8590 8912
12780 854 8587 8586 8590 8913
12781 854 8613 8609 8610 8932
12782 854 8613 8609 8610 8933
12783 854 8610 8609 8613 8936
12784 854 8610 8609 8613 8937
12785 854 8663 8659 8660 9003
12786 854 8663 8659 8660 9004
12787 854 8660 8659 8663 9007
12788 854 8660 8659 8663 9008
12789 854 8686 8682 8683 9031
12790 854 8686 8682 8683 9032
12791 854 8683 8682 8686 9035
12792 854 8683 8682 8686 9036
12793 854 8708 8704 8705 9055
12794 854 8708 8704 8705 9056
12795 854 8705 8704 8708 9059
12796 854 8705 8704 8708 9060
12797 854 9110 9131 9107 9392
12798 854 9110 9131 9107 9393
12799 854 9107 9131 9110 9396
12800 854 9107 9131 9110 9397
12801 854 9124 9120 9121 9410
12802 854 9124 9120 9121 9411
12803 854 9121 9120 9124 9414
12804 854 9121 9120 9124 9415
12805 854 9145 9141 9142 9435
12806 854 9145 9141 9142 9436
12807 854 9142 9141 9145 9439
12808 854 9142 9141 9145 9440
12809 854 9168 9164 9165 9462
12810 854 9168 9164 9165 9463
12811 854 9165 9164 9168 9466
12812 854 9165 9164 9168 9467
12813 854 9204 9226 9201 9515
12814 854 9204 9226 9201 9516
12815 854 9201 9226 9204 9519
12816 854 9201 9226 9204 9520
12817 854 9218 9214 9215 9533
12818 854 9218 9214 9215 9534
12819 854 9215 9214 9218 9537
12820 854 9215 9214 9218 9538
12821 854 9240 9236 9237 9558
12822 854 9240 9236 9237 9559
12823 854 9237 9236 9240 9562
12824 854 9237 9236 9240 9563
12825 854 9263 9259 9260 9582
12826 854 9263 9259 9260 9583
12827 854 9260 9259 9263 9586
12828 854 9260 9259 9263 9587
12829 854 9313 9309 9310 9653
12830 854 9313 9309 9310 9654
12831 854 9310 9309 9313 9657
12832 854 9310 9309 9313 9658
12833 854 9336 9332 9333 9681
12834 854 9336 9332 9333 9682
12835 854 9333 9332 9336 9685
12836 854 9333 9332 9336 9686
12837 854 9358 9354 9355 9705
12838 854 9358 9354 9355 9706
12839 854 9355 9354 9358 9709
12840 854 9355 9354 9358 9710
12841 854 9760 9781 9757 10042
12842 854 9760 9781 9757 10043
12843 854 9757 9781 9760 10046
12844 854 9757 9781 9760 10047
12845 854 9774 9770 9771 10060
12846 854 9774 9770 9771 10061
12847 854 9771 9770 9774 10064
12848 854 9771 9770 9774 10065
12849 854 9795 9791 9792 10085
12850 854 9795 9791 9792 10086
12851 854 9792 9791 9795 10089
12852 854 9792 9791 9795 10090
12853 854 9818 9814 9815 10112
12854 854 9818 9814 9815 10113
12855 854 9815 9814 9818 10116
12856 854 9815 9814 9818 10117
12857 854 9854 9876 9851 10165
12858 854 9854 9876 9851 10166
12859 854 9851 9876 9854 10169
12860 854 9851 9876 9854 10170
12861 854 9868 9864 9865 10183
12862 854 9868 9864 9865 10184
12863 854 9865 9864 9868 10187
12864 854 9865 9864 9868 10188
12865 854 9890 9886 9887 10208
12866 854 9890 9886 9887 10209
12867 854 9887 9886 9890 10212
12868 854 9887 9886 9890 10213
12869 854 9913 9909 9910 10232
12870 854 9913 9909 9910 10233
12871 854 9910 9909 9913 10236
12872 854 9910 9909 9913 10237
12873 854 9963 9959 9960 10303
12874 854 9963 9959 9960 10304
12875 854 9960 9959 9963 10307
12876 854 9960 9959 9963 10308
12877 854 9986 9982 9983 10331
12878 854 9986 9982 9983 10332
12879 854 9983 9982 9986 10335
12880 854 9983 9982 9986 10336
12881 854 10008 10004 10005 10355
12882 854 10008 10004 10005 10356
12883 854 10005 10004 10008 10359
12884 854 10005 10004 10008 10360
12885 854 10410 10431 10407 10692
12886 854 10410 10431 10407 10693
12887 854 10407 10431 10410 10696
12888 854 10407 10431 10410 10697
12889 854 10424 10420 10421 10710
12890 854 10424 10420 10421 10711
12891 854 10421 10420 10424 10714
12892 854 10421 10420 10424 10715
12893 854 10445 10441 10442 10735
12894 854 10445 10441 10442 10736
12895 854 10442 10441 10445 10739
12896 854 10442 10441 10445 10740
12897 854 10468 10464 10465 10762
12898 854 10468 10464 10465 10763
12899 854 10465 10464 10468 10766
12900 854 10465 10464 10468 10767
12901 854 10504 10526 10501 10815
12902 854 10504 10526 10501 10816
12903 854 10501 10526 10504 10819
12904 854 10501 10526 10504 10820
12905 854 10518 10514 10515 10833
12906 854 10518 10514 10515 10834
12907 854 10515 10514 10518 10837
12908 854 10515 10514 10518 10838
12909 854 10540 10536 10537 10858
12910 854 10540 10536 10537 10859
12911 854 10537 10536 10540 10862
12912 854 10537 10536 10540 10863
12913 854 10563 10559 10560 10882
12914 854 10563 10559 10560 10883
12915 854 10560 10559 10563 10886
12916 854 10560 10559 10563 10887
12917 854 10613 10609 10610 10953
12918 854 10613 10609 10610 10954
12919 854 10610 10609 10613 10957
12920 854 10610 10609 10613 10958
12921 854 10636 10632 10633 10981
12922 854 10636 10632 10633 10982
12923 854 10633 10632 10636 10985
12924 854 10633 10632 10636 10986
12925 854 10658 10654 10655 11005
12926 854 10658 10654 10655 11006
12927 854 10655 10654 10658 11009
12928 854 10655 10654 10658 11010
12929 854 11060 11081 11057 11342
12930 854 11060 11081 11057 11343
12931 854 11057 11081 11060 11346
12932 854 11057 11081 11060 11347
12933 854 11074 11070 11071 11360
12934 854 11074 11070 11071 11361
12935 854 11071 11070 11074 11364
12936 854 11071 11070 11074 11365
12937 854 11095 11091 11092 11385
12938 854 11095 11091 11092 11386
12939 854 11092 11091 11095 11389
12940 854 11092 11091 11095 11390
12941 854 11118 11114 11115 11412
12942 854 11118 11114 11115 11413
12943 854 11115 11114 11118 11416
12944 854 11115 11114 11118 11417
12945 854 11154 11176 11151 11465
12946 854 11154 11176 11151 11466
12947 854 11151 11176 11154 11469
12948 854 11151 11176 11154 11470
12949 854 11168 11164 11165 11483
12950 854 11168 11164 11165 11484
12951 854 11165 11164 11168 11487
12952 854 11165 11164 11168 11488
12953 854 11190 11186 11187 11508
12954 854 11190 11186 11187 11509
12955 854 11187 11186 11190 11512
12956 854 11187 11186 11190 11513
12957 854 11213 11209 11210 11532
12958 854 11213 11209 11210 11533
12959 854 11210 11209 11213 11536
12960 854 11210 11209 11213 11537
12961 854 11263 11259 11260 11603
12962 854 11263 11259 11260 11604
12963 854 11260 11259 11263 11607
12964 854 11260 11259 11263 11608
12965 854 11286 11282 11283 11631
12966 854 11286 11282 11283 11632
12967 854 11283 11282 11286 11635
12968 854 11283 11282 11286 11636
12969 854 11308 11304 11305 11655
12970 854 11308 11304 11305 11656
12971 854 11305 11304 11308 11659
12972 854 11305 11304 11308 11660
12973 854 11710 11731 11707 11992
12974 854 11710 11731 11707 11993
12975 854 11707 11731 11710 11996
12976 854 11707 11731 11710 11997
12977 854 11724 11720 11721 12010
12978 854 11724 11720 11721 12011
12979 854 11721 11720 11724 12014
12980 854 11721 11720 11724 12015
12981 854 11745 11741 11742 12035
12982 854 11745 11741 11742 12036
12983 854 11742 11741 11745 12039
12984 854 11742 11741 11745 12040
12985 854 11768 11764 11765 12062
12986 854 11768 11764 11765 12063
12987 854 11765 11764 11768 12066
12988 854 11765 11764 11768 12067
12989 854 11804 11826 11801 12115
12990 854 11804 11826 11801 12116
12991 854 11801 11826 11804 12119
12992 854 11801 11826 11804 12120
12993 854 11818 11814 11815 12133
12994 854 11818 11814 11815 12134
12995 854 11815 11814 11818 12137
12996 854 11815 11814 11818 12138
12997 854 11840 11836 11837 12158
12998 854 11840 11836 11837 12159
12999 854 11837 11836 11840 12162
13000 854 11837 11836 11840 12163
13001 854 11863 11859 11860 12182
13002 854 11863 11859 11860 12183
13003 854 11860 11859 11863 12186
13004 854 11860 11859 11863 12187
13005 854 11913 11909 11910 12253
13006 854 11913 11909 11910 12254
13007 854 11910 11909 11913 12257
13008 854 11910 11909 11913 12258
13009 854 11936 11932 11933 12281
13010 854 11936 11932 11933 12282
13011 854 11933 11932 11936 12285
13012 854 11933 11932 11936 12286
13013 854 11958 11954 11955 12305
13014 854 11958 11954 11955 12306
13015 854 11955 11954 11958 12309
13016 854 11955 11954 11958 12310
13017 854 12360 12381 12357 12642
13018 854 12360 12381 12357 12643
13019 854 12357 12381 12360 12646
13020 854 12357 12381 12360 12647
13021 854 12374 12370 12371 12660
13022 854 12374 12370 12371 12661
13023 854 12371 12370 12374 12664
13024 854 12371 12370 12374 12665
13025 854 12395 12391 12392 12685
13026 854 12395 12391 12392 12686
13027 854 12392 12391 12395 12689
13028 854 12392 12391 12395 12690
13029 854 12418 12414 12415 12712
13030 854 12418 12414 12415 12713
13031 854 12415 12414 12418 12716
13032 854 12415 12414 12418 12717
13033 854 12454 12476 12451 12765
13034 854 12454 12476 12451 12766
13035 854 12451 12476 12454 12769
13036 854 12451 12476 12454 12770
13037 854 12468 12464 12465 12783
13038 854 12468 12464 12465 12784
13039 854 12465 12464 12468 12787
13040 854 12465 12464 12468 12788
13041 854 12490 12486 12487 12808
13042 854 12490 12486 12487 12809
13043 854 12487 12486 12490 12812
13044 854 12487 12486 12490 12813
13045 854 12513 12509 12510 12832
13046 854 12513 12509 12510 12833
13047 854 12510 12509 12513 12836
13048 854 12510 12509 12513 12837
13049 854 12563 12559 12560 12903
13050 854 12563 12559 12560 12904
13051 854 12560 12559 12563 12907
13052 854 12560 12559 12563 12908
13053 854 12586 12582 12583 12931
13054 854 12586 12582 12583 12932
13055 854 12583 12582 12586 12935
13056 854 12583 12582 12586 12936
13057 854 12608 12604 12605 12955
13058 854 12608 12604 12605 12956
13059 854 12605 12604 12608 12959
13060 854 12605 12604 12608 12960
13061 854 31 10 9 294
13062 854 31 10 9 295
13063 854 20 21 22 312
13064 854 20 21 22 313
13065 854 64 65 66 364
13066 854 64 65 66 365
13067 854 126 104 103 417
13068 854 126 104 103 418
13069 854 114 115 116 435
13070 854 114 115 116 436
13071 854 136 137 138 460
13072 854 136 137 138 461
13073 854 159 160 161 484
13074 854 159 160 161 485
13075 854 209 210 211 555
13076 854 209 210 211 556
13077 854 232 233 234 583
13078 854 232 233 234 584
13079 854 254 255 256 607
13080 854 254 255 256 608
13081 854 681 660 659 944
13082 854 681 660 659 945
13083 854 670 671 672 962
13084 854 670 671 672 963
13085 854 714 715 716 1014
13086 854 714 715 716 1015
13087 854 776 754 753 1067
13088 854 776 754 753 1068
13089 854 764 765 766 1085
13090 854 764 765 766 1086
13091 854 786 787 788 1110
13092 854 786 787 788 1111
13093 854 809 810 811 1134
13094 854 809 810 811 1135
13095 854 859 860 861 1205
13096 854 859 860 861 1206
13097 854 882 883 884 1233
13098 854 882 883 884 1234
13099 854 904 905 906 1257
13100 854 904 905 906 1258
13101 854 1331 1310 1309 1594
13102 854 1331 1310 1309 1595
13103 854 1320 1321 1322 1612
13104 854 1320 1321 1322 1613
13105 854 1364 1365 1366 1664
13106 854 1364 1365 1366 1665
13107 854 1426 1404 1403 1717
13108 854 1426 1404 1403 1718
13109 854 1414 1415 1416 1735
13110 854 1414 1415 1416 1736
13111 854 1436 1437 1438 1760
13112 854 1436 1437 1438 1761
13113 854 1459 1460 1461 1784
13114 854 1459 1460 1461 1785
13115 854 1509 1510 1511 1855
13116 854 1509 1510 1511 1856
13117 854 1532 1533 1534 1883
13118 854 1532 1533 1534 1884
13119 854 1554 1555 1556 1907
13120 854 1554 1555 1556 1908
13121 854 1981 1960 1959 2244
13122 854 1981 1960 1959 2245
13123 854 1970 1971 1972 2262
13124 854 1970 1971 1972 2263
13125 854 2014 2015 2016 2314
13126 854 2014 2015 2016 2315
13127 854 2076 2054 2053 2367
13128 854 2076 2054 2053 2368
13129 854 2064 2065 2066 2385
13130 854 2064 2065 2066 2386
13131 854 2086 2087 2088 2410
13132 854 2086 2087 2088 2411
13133 854 2109 2110 2111 2434
13134 854 2109 2110 2111 2435
13135 854 2159 2160 2161 2505
13136 854 2159 2160 2161 2506
13137 854 2182 2183 2184 2533
13138 854 2182 2183 2184 2534
13139 854 2204 2205 2206 2557
13140 854 2204 2205 2206 2558
13141 854 2631 2610 2609 2894
13142 854 2631 2610 2609 2895
13143 854 2620 2621 2622 2912
13144 854 2620 2621 2622 2913
13145 854 2664 2665 2666 2964
13146 854 2664 2665 2666 2965
13147 854 2726 2704 2703 3017
13148 854 2726 2704 2703 3018
13149 854 2714 2715 2716 3035
13150 854 2714 2715 2716 3036
13151 854 2736 2737 2738 3060
13152 854 2736 2737 2738 3061
13153 854 2759 2760 2761 3084
13154 854 2759 2760 2761 3085
13155 854 2809 2810 2811 3155
13156 854 2809 2810 2811 3156
13157 854 2832 2833 2834 3183
13158 854 2832 2833 2834 3184
13159 854 2854 2855 2856 3207
13160 854 2854 2855 2856 3208
13161 854 3281 3260 3259 3544
13162 854 3281 3260 3259 3545
13163 854 3270 3271 3272 3562
13164 854 3270 3271 3272 3563
13165 854 3314 3315 3316 3614
13166 854 3314 3315 3316 3615
13167 854 3376 3354 3353 3667
13168 854 3376 3354 3353 3668
13169 854 3364 3365 3366 3685
13170 854 3364 3365 3366 3686
13171 854 3386 3387 3388 3710
13172 854 3386 3387 3388 3711
13173 854 3409 3410 3411 3734
13174 854 3409 3410 3411 3735
13175 854 3459 3460 3461 3805
13176 854 3459 3460 3461 3806
13177 854 3482 3483 3484 3833
13178 854 3482 3483 3484 3834
13179 854 3504 3505 3506 3857
13180 854 3504 3505 3506 3858
13181 854 3931 3910 3909 4194
13182 854 3931 3910 3909 4195
13183 854 3920 3921 3922 4212
13184 854 3920 3921 3922 4213
13185 854 3964 3965 3966 4264
13186 854 3964 3965 3966 4265
13187 854 4026 4004 4003 4317
13188 854 4026 4004 4003 4318
13189 854 4014 4015 4016 4335
13190 854 4014 4015 4016 4336
13191 854 4036 4037 4038 4360
13192 854 4036 4037 4038 4361
13193 854 4059 4060 4061 4384
13194 854 4059 4060 4061 4385
13195 854 4109 4110 4111 4455
13196 854 4109 4110 4111 4456
13197 854 4132 4133 4134 4483
13198 854 4132 4133 4134 4484
13199 854 4154 4155 4156 4507
13200 854 4154 4155 4156 4508
13201 854 4581 4560 4559 4844
13202 854 4581 4560 4559 4845
13203 854 4570 4571 4572 4862
13204 854 4570 4571 4572 4863
13205 854 4614 4615 4616 4914
13206 854 4614 4615 4616 4915
13207 854 4676 4654 4653 4967
13208 854 4676 4654 4653 4968
13209 854 4664 4665 4666 4985
13210 854 4664 4665 4666 4986
13211 854 4686 4687 4688 5010
13212 854 4686 4687 4688 5011
13213 854 4709 4710 4711 5034
13214 854 4709 4710 4711 5035
13215 854 4759 4760 4761 5105
13216 854 4759 4760 4761 5106
13217 854 4782 4783 4784 5133
13218 854 4782 4783 4784 5134
13219 854 4804 4805 4806 5157
13220 854 4804 4805 4806 5158
13221 854 5231 5210 5209 5494
13222 854 5231 5210 5209 5495
13223 854 5220 5221 5222 5512
13224 854 5220 5221 5222 5513
13225 854 5264 5265 5266 5564
13226 854 5264 5265 5266 5565
13227 854 5326 5304 5303 5617
13228 854 5326 5304 5303 5618
13229 854 5314 5315 5316 5635
13230 854 5314 5315 5316 5636
13231 854 5336 5337 5338 5660
13232 854 5336 5337 5338 5661
13233 854 5359 5360 5361 5684
13234 854 5359 5360 5361 5685
13235 854 5409 5410 5411 5755
13236 854 5409 5410 5411 5756
13237 854 5432 5433 5434 5783
13238 854 5432 5433 5434 5784
13239 854 5454 5455 5456 5807
13240 854 5454 5455 5456 5808
13241 854 5881 5860 5859 6144
13242 854 5881 5860 5859 6145
13243 854 5870 5871 5872 6162
13244 854 5870 5871 5872 6163
13245 854 5914 5915 5916 6214
13246 854 5914 5915 5916 6215
13247 854 5976 5954 5953 6267
13248 854 5976 5954 5953 6268
13249 854 5964 5965 5966 6285
13250 854 5964 5965 5966 6286
13251 854 5986 5987 5988 6310
13252 854 5986 5987 5988 6311
13253 854 6009 6010 6011 6334
13254 854 6009 6010 6011 6335
13255 854 6059 6060 6061 6405
13256 854 6059 6060 6061 6406
13257 854 6082 6083 6084 6433
13258 854 6082 6083 6084 6434
13259 854 6104 6105 6106 6457
13260 854 6104 6105 6106 6458
13261 854 6531 6510 6509 6794
13262 854 6531 6510 6509 6795
13263 854 6520 6521 6522 6812
13264 854 6520 6521 6522 6813
13265 854 6564 6565 6566 6864
13266 854 6564 6565 6566 6865
13267 854 6626 6604 6603 6917
13268 854 6626 6604 6603 6918
13269 854 6614 6615 6616 6935
13270 854 6614 6615 6616 6936
13271 854 6636 6637 6638 6960
13272 854 6636 6637 6638 6961
13273 854 6659 6660 6661 6984
13274 854 6659 6660 6661 6985
13275 854 6709 6710 6711 7055
13276 854 6709 6710 6711 7056
13277 854 6732 6733 6734 7083
13278 854 6732 6733 6734 7084
13279 854 6754 6755 6756 7107
13280 854 6754 6755 6756 7108
13281 854 7181 7160 7159 7444
13282 854 7181 7160 7159 7445
13283 854 7170 7171 7172 7462
13284 854 7170 7171 7172 7463
13285 854 7214 7215 7216 7514
13286 854 7214 7215 7216 7515
13287 854 7276 7254 7253 7567
13288 854 7276 7254 7253 7568
13289 854 7264 7265 7266 7585
13290 854 7264 7265 7266 7586
13291 854 7286 7287 7288 7610
13292 854 7286 7287 7288 7611
13293 854 7309 7310 7311 7634
13294 854 7309 7310 7311 7635
13295 854 7359 7360 7361 7705
13296 854 7359 7360 7361 7706
13297 854 7382 7383 7384 7733
13298 854 7382 7383 7384 7734
13299 854 7404 7405 7406 7757
13300 854 7404 7405 7406 7758
13301 854 7831 7810 7809 8094
13302 854 7831 7810 7809 8095
13303 854 7820 7821 7822 8112
13304 854 7820 7821 7822 8113
13305 854 7864 7865 7866 8164
13306 854 7864 7865 7866 8165
13307 854 7926 7904 7903 8217
13308 854 7926 7904 7903 8218
13309 854 7914 7915 7916 8235
13310 854 7914 7915 7916 8236
13311 854 7936 7937 7938 8260
13312 854 7936 7937 7938 8261
13313 854 7959 7960 7961 8284
13314 854 7959 7960 7961 8285
13315 854 8009 8010 8011 8355
13316 854 8009 8010 8011 8356
13317 854 8032 8033 8034 8383
13318 854 8032 8033 8034 8384
13319 854 8054 8055 8056 8407
13320 854 8054 8055 8056 8408
13321 854 8481 8460 8459 8744
13322 854 8481 8460 8459 8745
13323 854 8470 8471 8472 8762
13324 854 8470 8471 8472 8763
13325 854 8514 8515 8516 8814
13326 854 8514 8515 8516 8815
13327 854 8576 8554 8553 8867
13328 854 8576 8554 8553 8868
13329 854 8564 8565 8566 8885
13330 854 8564 8565 8566 8886
13331 854 8586 8587 8588 8910
13332 854 8586 8587 8588 8911
13333 854 8609 8610 8611 8934
13334 854 8609 8610 8611 8935
13335 854 8659 8660 8661 9005
13336 854 8659 8660 8661 9006
13337 854 8682 8683 8684 9033
13338 854 8682 8683 8684 9034
13339 854 8704 8705 8706 9057
13340 854 8704 8705 8706 9058
13341 854 9131 9110 9109 9394
13342 854 9131 9110 9109 9395
13343 854 9120 9121 9122 9412
13344 854 9120 9121 9122 9413
13345 854 9164 9165 9166 9464
13346 854 9164 9165 9166 9465
13347 854 9226 9204 9203 9517
13348 854 9226 9204 9203 9518
13349 854 9214 9215 9216 9535
13350 854 9214 9215 9216 9536
13351 854 9236 9237 9238 9560
13352 854 9236 9237 9238 9561
13353 854 9259 9260 9261 9584
13354 854 9259 9260 9261 9585
13355 854 9309 9310 9311 9655
13356 854 9309 9310 9311 9656
13357 854 9332 9333 9334 9683
13358 854 9332 9333 9334 9684
13359 854 9354 9355 9356 9707
13360 854 9354 9355 9356 9708
13361 854 9781 9760 9759 10044
13362 854 9781 9760 9759 10045
13363 854 9770 9771 9772 10062
13364 854 9770 9771 9772 10063
13365 854 9814 9815 9816 10114
13366 854 9814 9815 9816 10115
13367 854 9876 9854 9853 10167
13368 854 9876 9854 9853 10168
13369 854 9864 9865 9866 10185
13370 854 9864 9865 9866 10186
13371 854 9886 9887 9888 10210
13372 854 9886 9887 9888 10211
13373 854 9909 9910 9911 10234
13374 854 9909 9910 9911 10235
13375 854 9959 9960 9961 10305
13376 854 9959 9960 9961 10306
13377 854 9982 9983 9984 10333
13378 854 9982 9983 9984 10334
13379 854 10004 10005 10006 10357
13380 854 10004 10005 10006 10358
13381 854 10431 10410 10409 10694
13382 854 10431 10410 10409 10695
13383 854 10420 10421 10422 10712
13384 854 10420 10421 10422 10713
13385 854 10464 10465 10466 10764
13386 854 10464 10465 10466 10765
13387 854 10526 10504 10503 10817
13388 854 10526 10504 10503 10818
13389 854 10514 10515 10516 10835
13390 854 10514 10515 10516 10836
13391 854 10536 10537 10538 10860
13392 854 10536 10537 10538 10861
13393 854 10559 10560 10561 10884
13394 854 10559 10560 10561 10885
13395 854 10609 10610 10611 10955
13396 854 10609 10610 10611 10956
13397 854 10632 10633 10634 10983
13398 854 10632 10633 10634 10984
13399 854 10654 10655 10656 11007
13400 854 10654 10655 10656 11008
13401 854 11081 11060 11059 11344
13402 854 11081 11060 11059 11345
13403 854 11070 11071 11072 11362
13404 854 11070 11071 11072 11363
13405 854 11114 11115 11116 11414
13406 854 11114 11115 11116 11415
13407 854 11176 11154 11153 11467
13408 854 11176 11154 11153 11468
13409 854 11164 11165 11166 11485
13410 854 11164 11165 11166 11486
13411 854 11186 11187 11188 11510
13412 854 11186 11187 11188 11511
13413 854 11209 11210 11211 11534
13414 854 11209 11210 11211 11535
13415 854 11259 11260 11261 11605
13416 854 11259 11260 11261 11606
13417 854 11282 11283 11284 11633
13418 854 11282 11283 11284 11634
13419 854 11304 11305 11306 11657
13420 854 11304 11305 11306 11658
13421 854 11731 11710 11709 11994
13422 854 11731 11710 11709 11995
13423 854 11720 11721 11722 12012
13424 854 11720 11721 11722 12013
13425 854 11764 11765 11766 12064
13426 854 11764 11765 11766 12065
13427 854 11826 11804 11803 12117
13428 854 11826 11804 11803 12118
13429 854 11814 11815 11816 12135
13430 854 11814 11815 11816 12136
13431 854 11836 11837 11838 12160
13432 854 11836 11837 11838 12161
13433 854 11859 11860 11861 12184
13434 854 11859 11860 11861 12185
13435 854 11909 11910 11911 12255
13436 854 11909 11910 11911 12256
13437 854 11932 11933 11934 12283
13438 854 11932 11933 11934 12284
13439 854 11954 11955 11956 12307
13440 854 11954 11955 11956 12308
13441 854 12381 12360 12359 12644
13442 854 12381 12360 12359 12645
13443 854 12370 12371 12372 12662
13444 854 12370 12371 12372 12663
13445 854 12414 12415 12416 12714
13446 854 12414 12415 12416 12715
13447 854 12476 12454 12453 12767
13448 854 12476 12454 12453 12768
13449 854 12464 12465 12466 12785
13450 854 12464 12465 12466 12786
13451 854 12486 12487 12488 12810
13452 854 12486 12487 12488 12811
13453 854 12509 12510 12511 12834
13454 854 12509 12510 12511 12835
13455 854 12559 12560 12561 12905
13456 854 12559 12560 12561 12906
13457 854 12582 12583 12584 12933
13458 854 12582 12583 12584 12934
13459 854 12604 12605 12606 12957
13460 854 12604 12605 12606 12958
13461 854 14 12 13 298
13462 854 94 12 13 298
13463 854 14 12 13 299
13464 854 94 12 13 299
13465 854 108 106 107 421
13466 854 189 106 107 421
13467 854 108 106 107 422
13468 854 189 106 107 422
13469 854 203 201 202 541
13470 854 284 201 202 541
13471 854 203 201 202 542
13472 854 284 201 202 542
13473 854 664 662 663 948
13474 854 744 662 663 948
13475 854 664 662 663 949
13476 854 744 662 663 949
13477 854 758 756 757 1071
13478 854 839 756 757 1071
13479 854 758 756 757 1072
13480 854 839 756 757 1072
13481 854 853 851 852 1191
13482 854 934 851 852 1191
13483 854 853 851 852 1192
13484 854 934 851 852 1192
13485 854 1314 1312 1313 1598
13486 854 1394 1312 1313 1598
13487 854 1314 1312 1313 1599
13488 854 1394 1312 1313 1599
13489 854 1408 1406 1407 1721
13490 854 1489 1406 1407 1721
13491 854 1408 1406 1407 1722
13492 854 1489 1406 1407 1722
13493 854 1503 1501 1502 1841
13494 854 1584 1501 1502 1841
13495 854 1503 1501 1502 1842
13496 854 1584 1501 1502 1842
13497 854 1964 1962 1963 2248
13498 854 2044 1962 1963 2248
13499 854 1964 1962 1963 2249
13500 854 2044 1962 1963 2249
13501 854 2058 2056 2057 2371
13502 854 2139 2056 2057 2371
13503 854 2058 2056 2057 2372
13504 854 2139 2056 2057 2372
13505 854 2153 2151 2152 2491
13506 854 2234 2151 2152 2491
13507 854 2153 2151 2152 2492
13508 854 2234 2151 2152 2492
13509 854 2614 2612 2613 2898
13510 854 2694 2612 2613 2898
13511 854 2614 2612 2613 2899
13512 854 2694 2612 2613 2899
13513 854 2708 2706 2707 3021
13514 854 2789 2706 2707 3021
13515 854 2708 2706 2707 3022
13516 854 2789 2706 2707 3022
13517 854 2803 2801 2802 3141
13518 854 2884 2801 2802 3141
13519 854 2803 2801 2802 3142
13520 854 2884 2801 2802 3142
13521 854 3264 3262 3263 3548
13522 854 3344 3262 3263 3548
13523 854 3264 3262 3263 3549
13524 854 3344 3262 3263 3549
13525 854 3358 3356 3357 3671
13526 854 3439 3356 3357 3671
13527 854 3358 3356 3357 3672
13528 854 3439 3356 3357 3672
13529 854 3453 3451 3452 3791
13530 854 3534 3451 3452 3791
13531 854 3453 3451 3452 3792
13532 854 3534 3451 3452 3792
13533 854 3914 3912 3913 4198
13534 854 3994 3912 3913 4198
13535 854 3914 3912 3913 4199
13536 854 3994 3912 3913 4199
13537 854 4008 4006 4007 4321
13538 854 4089 4006 4007 4321
13539 854 4008 4006 4007 4322
13540 854 4089 4006 4007 4322
13541 854 4103 4101 4102 4441
13542 854 4184 4101 4102 4441
13543 854 4103 4101 4102 4442
13544 854 4184 4101 4102 4442
13545 854 4564 4562 4563 4848
13546 854 4644 4562 4563 4848
13547 854 4564 4562 4563 4849
13548 854 4644 4562 4563 4849
13549 854 4658 4656 4657 4971
13550 854 4739 4656 4657 4971
13551 854 4658 4656 4657 4972
13552 854 4739 4656 4657 4972
13553 854 4753 4751 4752 5091
13554 854 4834 4751 4752 5091
13555 854 4753 4751 4752 5092
13556 854 4834 4751 4752 5092
13557 854 5214 5212 5213 5498
13558 854 5294 5212 5213 5498
13559 854 5214 5212 5213 5499
13560 854 5294 5212 5213 5499
13561 854 5308 5306 5307 5621
13562 854 5389 5306 5307 5621
13563 854 5308 5306 5307 5622
13564 854 5389 5306 5307 5622
13565 854 5403 5401 5402 5741
13566 854 5484 5401 5402 5741
13567 854 5403 5401 5402 5742
13568 854 5484 5401 5402 5742
13569 854 5864 5862 5863 6148
13570 854 5944 5862 5863 6148
13571 854 5864 5862 5863 6149
13572 854 5944 5862 5863 6149
13573 854 5958 5956 5957 6271
13574 854 6039 5956 5957 6271
13575 854 5958 5956 5957 6272
13576 854 6039 5956 5957 6272
13577 854 6053 6051 6052 6391
13578 854 6134 6051 6052 6391
13579 854 6053 6051 6052 6392
13580 854 6134 6051 6052 6392
13581 854 6514 6512 6513 6798
13582 854 6594 6512 6513 6798
13583 854 6514 6512 6513 6799
13584 854 6594 6512 6513 6799
13585 854 6608 6606 6607 6921
13586 854 6689 6606 6607 6921
13587 854 6608 6606 6607 6922
13588 854 6689 6606 6607 6922
13589 854 6703 6701 6702 7041
13590 854 6784 6701 6702 7041
13591 854 6703 6701 6702 7042
13592 854 6784 6701 6702 7042
13593 854 7164 7162 7163 7448
13594 854 7244 7162 7163 7448
13595 854 7164 7162 7163 7449
13596 854 7244 7162 7163 7449
13597 854 7258 7256 7257 7571
13598 854 7339 7256 7257 7571
13599 854 7258 7256 7257 7572
13600 854 7339 7256 7257 7572
13601 854 7353 7351 7352 7691
13602 854 7434 7351 7352 7691
13603 854 7353 7351 7352 7692
13604 854 7434 7351 7352 7692
13605 854 7814 7812 7813 8098
13606 854 7894 7812 7813 8098
13607 854 7814 7812 7813 8099
13608 854 7894 7812 7813 8099
13609 854 7908 7906 7907 8221
13610 854 7989 7906 7907 8221
13611 854 7908 7906 7907 8222
13612 854 7989 7906 7907 8222
13613 854 8003 8001 8002 8341
13614 854 8084 8001 8002 8341
13615 854 8003 8001 8002 8342
13616 854 8084 8001 8002 8342
13617 854 8464 8462 8463 8748
13618 854 8544 8462 8463 8748
13619 854 8464 8462 8463 8749
13620 854 8544 8462 8463 8749
13621 854 8558 8556 8557 8871
13622 854 8639 8556 8557 8871
13623 854 8558 8556 8557 8872
13624 854 8639 8556 8557 8872
13625 854 8653 8651 8652 8991
13626 854 8734 8651 8652 8991
13627 854 8653 8651 8652 8992
13628 854 8734 8651 8652 8992
13629 854 9114 9112 9113 9398
13630 854 9194 9112 9113 9398
13631 854 9114 9112 9113 9399
13632 854 9194 9112 9113 9399
13633 854 9208 9206 9207 9521
13634 854 9289 9206 9207 9521
13635 854 9208 9206 9207 9522
13636 854 9289 9206 9207 9522
13637 854 9303 9301 9302 9641
13638 854 9384 9301 9302 9641
13639 854 9303 9301 9302 9642
13640 854 9384 9301 9302 9642
13641 854 9764 9762 9763 10048
13642 854 9844 9762 9763 10048
13643 854 9764 9762 9763 10049
13644 854 9844 9762 9763 10049
13645 854 9858 9856 9857 10171
13646 854 9939 9856 9857 10171
13647 854 9858 9856 9857 10172
13648 854 9939 9856 9857 10172
13649 854 9953 9951 9952 10291
13650 854 10034 9951 9952 10291
13651 854 9953 9951 9952 10292
13652 854 10034 9951 9952 10292
13653 854 10414 10412 10413 10698
13654 854 10494 10412 10413 10698
13655 854 10414 10412 10413 10699
13656 854 10494 10412 10413 10699
13657 854 10508 10506 10507 10821
13658 854 10589 10506 10507 10821
13659 854 10508 10506 10507 10822
13660 854 10589 10506 10507 10822
13661 854 10603 10601 10602 10941
13662 854 10684 10601 10602 10941
13663 854 10603 10601 10602 10942
13664 854 10684 10601 10602 10942
13665 854 11064 11062 11063 11348
13666 854 11144 11062 11063 11348
13667 854 11064 11062 11063 11349
13668 854 11144 11062 11063 11349
13669 854 11158 11156 11157 11471
13670 854 11239 11156 11157 11471
13671 854 11158 11156 11157 11472
13672 854 11239 11156 11157 11472
13673 854 11253 11251 11252 11591
13674 854 11334 11251 11252 11591
13675 854 11253 11251 11252 11592
13676 854 11334 11251 11252 11592
13677 854 11714 11712 11713 11998
13678 854 11794 11712 11713 11998
13679 854 11714 11712 11713 11999
13680 854 11794 11712 11713 11999
13681 854 11808 11806 11807 12121
13682 854 11889 11806 11807 12121
13683 854 11808 11806 11807 12122
13684 854 11889 11806 11807 12122
13685 854 11903 11901 11902 12241
13686 854 11984 11901 11902 12241
13687 854 11903 11901 11902 12242
13688 854 11984 11901 11902 12242
13689 854 12364 12362 12363 12648
13690 854 12444 12362 12363 12648
13691 854 12364 12362 12363 12649
13692 854 12444 12362 12363 12649
13693 854 12458 12456 12457 12771
13694 854 12539 12456 12457 12771
13695 854 12458 12456 12457 12772
13696 854 12539 12456 12457 12772
13697 854 12553 12551 12552 12891
13698 854 12634 12551 12552 12891
13699 854 12553 12551 12552 12892
13700 854 12634 12551 12552 12892
13701 854 88 93 13 298
13702 854 88 93 13 299
13703 854 183 188 107 421
13704 854 183 188 107 422
13705 854 278 283 202 541
13706 854 278 283 202 542
13707 854 738 743 663 948
13708 854 738 743 663 949
13709 854 833 838 757 1071
13710 854 833 838 757 1072
13711 854 928 933 852 1191
13712 854 928 933 852 1192
13713 854 1388 1393 1313 1598
13714 854 1388 1393 1313 1599
13715 854 1483 1488 1407 1721
13716 854 1483 1488 1407 1722
13717 854 1578 1583 1502 1841
13718 854 1578 1583 1502 1842
13719 854 2038 2043 1963 2248
13720 854 2038 2043 1963 2249
13721 854 2133 2138 2057 2371
13722 854 2133 2138 2057 2372
13723 854 2228 2233 2152 2491
13724 854 2228 2233 2152 2492
13725 854 2688 2693 2613 2898
13726 854 2688 2693 2613 2899
13727 854 2783 2788 2707 3021
13728 854 2783 2788 2707 3022
13729 854 2878 2883 2802 3141
13730 854 2878 2883 2802 3142
13731 854 3338 3343 3263 3548
13732 854 3338 3343 3263 3549
13733 854 3433 3438 3357 3671
13734 854 3433 3438 3357 3672
13735 854 3528 3533 3452 3791
13736 854 3528 3533 3452 3792
13737 854 3988 3993 3913 4198
13738 854 3988 3993 3913 4199
13739 854 4083 4088 4007 4321
13740 854 4083 4088 4007 4322
13741 854 4178 4183 4102 4441
13742 854 4178 4183 4102 4442
13743 854 4638 4643 4563 4848
13744 854 4638 4643 4563 4849
13745 854 4733 4738 4657 4971
13746 854 4733 4738 4657 4972
13747 854 4828 4833 4752 5091
13748 854 4828 4833 4752 5092
13749 854 5288 5293 5213 5498
13750 854 5288 5293 5213 5499
13751 854 5383 5388 5307 5621
13752 854 5383 5388 5307 5622
13753 854 5478 5483 5402 5741
13754 854 5478 5483 5402 5742
13755 854 5938 5943 5863 6148
13756 854 5938 5943 5863 6149
13757 854 6033 6038 5957 6271
13758 854 6033 6038 5957 6272
13759 854 6128 6133 6052 6391
13760 854 6128 6133 6052 6392
13761 854 6588 6593 6513 6798
13762 854 6588 6593 6513 6799
13763 854 6683 6688 6607 6921
13764 854 6683 6688 6607 6922
13765 854 6778 6783 6702 7041
13766 854 6778 6783 6702 7042
13767 854 7238 7243 7163 7448
13768 854 7238 7243 7163 7449
13769 854 7333 7338 7257 7571
13770 854 7333 7338 7257 7572
13771 854 7428 7433 7352 7691
13772 854 7428 7433 7352 7692
13773 854 7888 7893 7813 8098
13774 854 7888 7893 7813 8099
13775 854 7983 7988 7907 8221
13776 854 7983 7988 7907 8222
13777 854 8078 8083 8002 8341
13778 854 8078 8083 8002 8342
13779 854 8538 8543 8463 8748
13780 854 8538 8543 8463 8749
13781 854 8633 8638 8557 8871
13782 854 8633 8638 8557 8872
13783 854 8728 8733 8652 8991
13784 854 8728 8733 8652 8992
13785 854 9188 9193 9113 9398
13786 854 9188 9193 9113 9399
13787 854 9283 9288 9207 9521
13788 854 9283 9288 9207 9522
13789 854 9378 9383 9302 9641
13790 854 9378 9383 9302 9642
13791 854 9838 9843 9763 10048
13792 854 9838 9843 9763 10049
13793 854 9933 9938 9857 10171
13794 854 9933 9938 9857 10172
13795 854 10028 10033 9952 10291
13796 854 10028 10033 9952 10292
13797 854 10488 10493 10413 10698
13798 854 10488 10493 10413 10699
13799 854 10583 10588 10507 10821
13800 854 10583 10588 10507 10822
13801 854 10678 10683 10602 10941
13802 854 10678 10683 10602 10942
13803 854 11138 11143 11063 11348
13804 854 11138 11143 11063 11349
13805 854 11233 11238 11157 11471
13806 854 11233 11238 11157 11472
13807 854 11328 11333 11252 11591
13808 854 11328 11333 11252 11592
13809 854 11788 11793 11713 11998
13810 854 11788 11793 11713 11999
13811 854 11883 11888 11807 12121
13812 854 11883 11888 11807 12122
13813 854 11978 11983 11902 12241
13814 854 11978 11983 11902 12242
13815 854 12438 12443 12363 12648
13816 854 12438 12443 12363 12649
13817 854 12533 12538 12457 12771
13818 854 12533 12538 12457 12772
13819 854 12628 12633 12552 12891
13820 854 12628 12633 12552 12892
13821 854 13 12 14 300
13822 854 13 12 14 301
13823 854 13 12 14 302
13824 854 13 12 94 405
13825 854 13 12 94 406
13826 854 13 12 94 407
13827 854 107 106 108 423
13828 854 107 106 108 424
13829 854 107 106 108 425
13830 854 107 106 189 525
13831 854 107 106 189 526
13832 854 107 106 189 527
13833 854 202 201 203 543
13834 854 202 201 203 544
13835 854 202 201 203 545
13836 854 202 201 284 648
13837 854 202 201 284 649
13838 854 202 201 284 650
13839 854 663 662 664 950
13840 854 663 662 664 951
13841 854 663 662 664 952
13842 854 663 662 744 1055
13843 854 663 662 744 1056
13844 854 663 662 744 1057
13845 854 757 756 758 1073
13846 854 757 756 758 1074
13847 854 757 756 758 1075
13848 854 757 756 839 1175
13849 854 757 756 839 1176
13850 854 757 756 839 1177
13851 854 852 851 853 1193
13852 854 852 851 853 1194
13853 854 852 851 853 1195
13854 854 852 851 934 1298
13855 854 852 851 934 1299
13856 854 852 851 934 1300
13857 854 1313 1312 1314 1600
13858 854 1313 1312 1314 1601
13859 854 1313 1312 1314 1602
13860 854 1313 1312 1394 1705
13861 854 1313 1312 1394 1706
13862 854 1313 1312 1394 1707
13863 854 1407 1406 1408 1723
13864 854 1407 1406 1408 1724
13865 854 1407 1406 1408 1725
13866 854 1407 1406 1489 1825
13867 854 1407 1406 1489 1826
13868 854 1407 1406 1489 1827
13869 854 1502 1501 1503 1843
13870 854 1502 1501 1503 1844
13871 854 1502 1501 1503 1845
13872 854 1502 1501 1584 1948
13873 854 1502 1501 1584 1949
13874 854 1502 1501 1584 1950
13875 854 1963 1962 1964 2250
13876 854 1963 1962 1964 2251
13877 854 1963 1962 1964 2252
13878 854 1963 1962 2044 2355
13879 854 1963 1962 2044 2356
13880 854 1963 1962 2044 2357
13881 854 2057 2056 2058 2373
13882 854 2057 2056 2058 2374
13883 854 2057 2056 2058 2375
13884 854 2057 2056 2139 2475
13885 854 2057 2056 2139 2476
13886 854 2057 2056 2139 2477
13887 854 2152 2151 2153 2493
13888 854 2152 2151 2153 2494
13889 854 2152 2151 2153 2495
13890 854 2152 2151 2234 2598
13891 854 2152 2151 2234 2599
13892 854 2152 2151 2234 2600
13893 854 2613 2612 2614 2900
13894 854 2613 2612 2614 2901
13895 854 2613 2612 2614 2902
13896 854 2613 2612 2694 3005
13897 854 2613 2612 2694 3006
13898 854 2613 2612 2694 3007
13899 854 2707 2706 2708 3023
13900 854 2707 2706 2708 3024
13901 854 2707 2706 2708 3025
13902 854 2707 2706 2789 3125
13903 854 2707 2706 2789 3126
13904 854 2707 2706 2789 3127
13905 854 2802 2801 2803 3143
13906 854 2802 2801 2803 3144
13907 854 2802 2801 2803 3145
13908 854 2802 2801 2884 3248
13909 854 2802 2801 2884 3249
13910 854 2802 2801 2884 3250
13911 854 3263 3262 3264 3550
13912 854 3263 3262 3264 3551
13913 854 3263 3262 3264 3552
13914 854 3263 3262 3344 3655
13915 854 3263 3262 3344 3656
13916 854 3263 3262 3344 3657
13917 854 3357 3356 3358 3673
13918 854 3357 3356 3358 3674
13919 854 3357 3356 3358 3675
13920 854 3357 3356 3439 3775
13921 854 3357 3356 3439 3776
13922 854 3357 3356 3439 3777
13923 854 3452 3451 3453 3793
13924 854 3452 3451 3453 3794
13925 854 3452 3451 3453 3795
13926 854 3452 3451 3534 3898
13927 854 3452 3451 3534 3899
13928 854 3452 3451 3534 3900
13929 854 3913 3912 3914 4200
13930 854 3913 3912 3914 4201
13931 854 3913 3912 3914 4202
13932 854 3913 3912 3994 4305
13933 854 3913 3912 3994 4306
13934 854 3913 3912 3994 4307
13935 854 4007 4006 4008 4323
13936 854 4007 4006 4008 4324
13937 854 4007 4006 4008 4325
13938 854 4007 4006 4089 4425
13939 854 4007 4006 4089 4426
13940 854 4007 4006 4089 4427
13941 854 4102 4101 4103 4443
13942 854 4102 4101 4103 4444
13943 854 4102 4101 4103 4445
13944 854 4102 4101 4184 4548
13945 854 4102 4101 4184 4549
13946 854 4102 4101 4184 4550
13947 854 4563 4562 4564 4850
13948 854 4563 4562 4564 4851
13949 854 4563 4562 4564 4852
13950 854 4563 4562 4644 4955
13951 854 4563 4562 4644 4956
13952 854 4563 4562 4644 4957
13953 854 4657 4656 4658 4973
13954 854 4657 4656 4658 4974
13955 854 4657 4656 4658 4975
13956 854 4657 4656 4739 5075
13957 854 4657 4656 4739 5076
13958 854 4657 4656 4739 5077
13959 854 4752 4751 4753 5093
13960 854 4752 4751 4753 5094
13961 854 4752 4751 4753 5095
13962 854 4752 4751 4834 5198
13963 854 4752 4751 4834 5199
13964 854 4752 4751 4834 5200
13965 854 5213 5212 5214 5500
13966 854 5213 5212 5214 5501
13967 854 5213 5212 5214 5502
13968 854 5213 5212 5294 5605
13969 854 5213 5212 5294 5606
13970 854 5213 5212 5294 5607
13971 854 5307 5306 5308 5623
13972 854 5307 5306 5308 5624
13973 854 5307 5306 5308 5625
13974 854 5307 5306 5389 5725
13975 854 5307 5306 5389 5726
13976 854 5307 5306 5389 5727
13977 854 5402 5401 5403 5743
13978 854 5402 5401 5403 5744
13979 854 5402 5401 5403 5745
13980 854 5402 5401 5484 5848
13981 854 5402 5401 5484 5849
13982 854 5402 5401 5484 5850
13983 854 5863 5862 5864 6150
13984 854 5863 5862 5864 6151
13985 854 5863 5862 5864 6152
13986 854 5863 5862 5944 6255
13987 854 5863 5862 5944 6256
13988 854 5863 5862 5944 6257
13989 854 5957 5956 5958 6273
13990 854 5957 5956 5958 6274
13991 854 5957 5956 5958 6275
13992 854 5957 5956 6039 6375
13993 854 5957 5956 6039 6376
13994 854 5957 5956 6039 6377
13995 854 6052 6051 6053 6393
13996 854 6052 6051 6053 6394
13997 854 6052 6051 6053 6395
13998 854 6052 6051 6134 6498
13999 854 6052 6051 6134 6499
14000 854 6052 6051 6134 6500
14001 854 6513 6512 6514 6800
14002 854 6513 6512 6514 6801
14003 854 6513 6512 6514 6802
14004 854 6513 6512 6594 6905
14005 854 6513 6512 6594 6906
14006 854 6513 6512 6594 6907
14007 854 6607 6606 6608 6923
14008 854 6607 6606 6608 6924
14009 854 6607 6606 6608 6925
14010 854 6607 6606 6689 7025
14011 854 6607 6606 6689 7026
14012 854 6607 6606 6689 7027
14013 854 6702 6701 6703 7043
14014 854 6702 6701 6703 7044
14015 854 6702 6701 6703 7045
14016 854 6702 6701 6784 7148
14017 854 6702 6701 6784 7149
14018 854 6702 6701 6784 7150
14019 854 7163 7162 7164 7450
14020 854 7163 7162 7164 7451
14021 854 7163 7162 7164 7452
14022 854 7163 7162 7244 7555
14023 854 7163 7162 7244 7556
14024 854 7163 7162 7244 7557
14025 854 7257 7256 7258 7573
14026 854 7257 7256 7258 7574
14027 854 7257 7256 7258 7575
14028 854 7257 7256 7339 7675
14029 854 7257 7256 7339 7676
14030 854 7257 7256 7339 7677
14031 854 7352 7351 7353 7693
14032 854 7352 7351 7353 7694
14033 854 7352 7351 7353 7695
14034 854 7352 7351 7434 7798
14035 854 7352 7351 7434 7799
14036 854 7352 7351 7434 7800
14037 854 7813 7812 7814 8100
14038 854 7813 7812 7814 8101
14039 854 7813 7812 7814 8102
14040 854 7813 7812 7894 8205
14041 854 7813 7812 7894 8206
14042 854 7813 7812 7894 8207
14043 854 7907 7906 7908 8223
14044 854 7907 7906 7908 8224
14045 854 7907 7906 7908 8225
14046 854 7907 7906 7989 8325
14047 854 7907 7906 7989 8326
14048 854 7907 7906 7989 8327
14049 854 8002 8001 8003 8343
14050 854 8002 8001 8003 8344
14051 854 8002 8001 8003 8345
14052 854 8002 8001 8084 8448
14053 854 8002 8001 8084 8449
14054 854 8002 8001 8084 8450
14055 854 8463 8462 8464 8750
14056 854 8463 8462 8464 8751
14057 854 8463 8462 8464 8752
14058 854 8463 8462 8544 8855
14059 854 8463 8462 8544 8856
14060 854 8463 8462 8544 8857
14061 854 8557 8556 8558 8873
14062 854 8557 8556 8558 8874
14063 854 8557 8556 8558 8875
14064 854 8557 8556 8639 8975
14065 854 8557 8556 8639 8976
14066 854 8557 8556 8639 8977
14067 854 8652 8651 8653 8993
14068 854 8652 8651 8653 8994
14069 854 8652 8651 8653 8995
14070 854 8652 8651 8734 9098
14071 854 8652 8651 8734 9099
14072 854 8652 8651 8734 9100
14073 854 9113 9112 9114 9400
14074 854 9113 9112 9114 9401
14075 854 9113 9112 9114 9402
14076 854 9113 9112 9194 9505
14077 854 9113 9112 9194 9506
14078 854 9113 9112 9194 9507
14079 854 9207 9206 9208 9523
14080 854 9207 9206 9208 9524
14081 854 9207 9206 9208 9525
14082 854 9207 9206 9289 9625
14083 854 9207 9206 9289 9626
14084 854 9207 9206 9289 9627
14085 854 9302 9301 9303 9643
14086 854 9302 9301 9303 9644
14087 854 9302 9301 9303 9645
14088 854 9302 9301 9384 9748
14089 854 9302 9301 9384 9749
14090 854 9302 9301 9384 9750
14091 854 9763 9762 9764 10050
14092 854 9763 9762 9764 10051
14093 854 9763 9762 9764 10052
14094 854 9763 9762 9844 10155
14095 854 9763 9762 9844 10156
14096 854 9763 9762 9844 10157
14097 854 9857 9856 9858 10173
14098 854 9857 9856 9858 10174
14099 854 9857 9856 9858 10175
14100 854 9857 9856 9939 10275
14101 854 9857 9856 9939 10276
14102 854 9857 9856 9939 10277
14103 854 9952 9951 9953 10293
14104 854 9952 9951 9953 10294
14105 854 9952 9951 9953 10295
14106 854 9952 9951 10034 10398
14107 854 9952 9951 10034 10399
14108 854 9952 9951 10034 10400
14109 854 10413 10412 10414 10700
14110 854 10413 10412 10414 10701
14111 854 10413 10412 10414 10702
14112 854 10413 10412 10494 10805
14113 854 10413 10412 10494 10806
14114 854 10413 10412 10494 10807
14115 854 10507 10506 10508 10823
14116 854 10507 10506 10508 10824
14117 854 10507 10506 10508 10825
14118 854 10507 10506 10589 10925
14119 854 10507 10506 10589 10926
14120 854 10507 10506 10589 10927
14121 854 10602 10601 10603 10943
14122 854 10602 10601 10603 10944
14123 854 10602 10601 10603 10945
14124 854 10602 10601 10684 11048
14125 854 10602 10601 10684 11049
14126 854 10602 10601 10684 11050
14127 854 11063 11062 11064 11350
14128 854 11063 11062 11064 11351
14129 854 11063 11062 11064 11352
14130 854 11063 11062 11144 11455
14131 854 11063 11062 11144 11456
14132 854 11063 11062 11144 11457
14133 854 11157 11156 11158 11473
14134 854 11157 11156 11158 11474
14135 854 11157 11156 11158 11475
14136 854 11157 11156 11239 11575
14137 854 11157 11156 11239 11576
14138 854 11157 11156 11239 11577
14139 854 11252 11251 11253 11593
14140 854 11252 11251 11253 11594
14141 854 11252 11251 11253 11595
14142 854 11252 11251 11334 11698
14143 854 11252 11251 11334 11699
14144 854 11252 11251 11334 11700
14145 854 11713 11712 11714 12000
14146 854 11713 11712 11714 12001
14147 854 11713 11712 11714 12002
14148 854 11713 11712 11794 12105
14149 854 11713 11712 11794 12106
14150 854 11713 11712 11794 12107
14151 854 11807 11806 11808 12123
14152 854 11807 11806 11808 12124
14153 854 11807 11806 11808 12125
14154 854 11807 11806 11889 12225
14155 854 11807 11806 11889 12226
14156 854 11807 11806 11889 12227
14157 854 11902 11901 11903 12243
14158 854 11902 11901 11903 12244
14159 854 11902 11901 11903 12245
14160 854 11902 11901 11984 12348
14161 854 11902 11901 11984 12349
14162 854 11902 11901 11984 12350
14163 854 12363 12362 12364 12650
14164 854 12363 12362 12364 12651
14165 854 12363 12362 12364 12652
14166 854 12363 12362 12444 12755
14167 854 12363 12362 12444 12756
14168 854 12363 12362 12444 12757
14169 854 12457 12456 12458 12773
14170 854 12457 12456 12458 12774
14171 854 12457 12456 12458 12775
14172 854 12457 12456 12539 12875
14173 854 12457 12456 12539 12876
14174 854 12457 12456 12539 12877
14175 854 12552 12551 12553 12893
14176 854 12552 12551 12553 12894
14177 854 12552 12551 12553 12895
14178 854 12552 12551 12634 12998
14179 854 12552 12551 12634 12999
14180 854 12552 12551 12634 13000
14181 854 94 12 14 300
14182 854 94 12 14 301
14183 854 94 12 14 302
14184 854 14 12 94 405
14185 854 14 12 94 406
14186 854 14 12 94 407
14187 854 189 106 108 423
14188 854 189 106 108 424
14189 854 189 106 108 425
14190 854 108 106 189 525
14191 854 108 106 189 526
14192 854 108 106 189 527
14193 854 284 201 203 543
14194 854 284 201 203 544
14195 854 284 201 203 545
14196 854 203 201 284 648
14197 854 203 201 284 649
14198 854 203 201 284 650
14199 854 744 662 664 950
14200 854 744 662 664 951
14201 854 744 662 664 952
14202 854 664 662 744 1055
14203 854 664 662 744 1056
14204 854 664 662 744 1057
14205 854 839 756 758 1073
14206 854 839 756 758 1074
14207 854 839 756 758 1075
14208 854 758 756 839 1175
14209 854 758 756 839 1176
14210 854 758 756 839 1177
14211 854 934 851 853 1193
14212 854 934 851 853 1194
14213 854 934 851 853 1195
14214 854 853 851 934 1298
14215 854 853 851 934 1299
14216 854 853 851 934 1300
14217 854 1394 1312 1314 1600
14218 854 1394 1312 1314 1601
14219 854 1394 1312 1314 1602
14220 854 1314 1312 1394 1705
14221 854 1314 1312 1394 1706
14222 854 1314 1312 1394 1707
14223 854 1489 1406 1408 1723
14224 854 1489 1406 1408 1724
14225 854 1489 1406 1408 1725
14226 854 1408 1406 1489 1825
14227 854 1408 1406 1489 1826
14228 854 1408 1406 1489 1827
14229 854 1584 1501 1503 1843
14230 854 1584 1501 1503 1844
14231 854 1584 1501 1503 1845
14232 854 1503 1501 1584 1948
14233 854 1503 1501 1584 1949
14234 854 1503 1501 1584 1950
14235 854 2044 1962 1964 2250
14236 854 2044 1962 1964 2251
14237 854 2044 1962 1964 2252
14238 854 1964 1962 2044 2355
14239 854 1964 1962 2044 2356
14240 854 1964 1962 2044 2357
14241 854 2139 2056 2058 2373
14242 854 2139 2056 2058 2374
14243 854 2139 2056 2058 2375
14244 854 2058 2056 2139 2475
14245 854 2058 2056 2139 2476
14246 854 2058 2056 2139 2477
14247 854 2234 2151 2153 2493
14248 854 2234 2151 2153 2494
14249 854 2234 2151 2153 2495
14250 854 2153 2151 2234 2598
14251 854 2153 2151 2234 2599
14252 854 2153 2151 2234 2600
14253 854 2694 2612 2614 2900
14254 854 2694 2612 2614 2901
14255 854 2694 2612 2614 2902
14256 854 2614 2612 2694 3005
14257 854 2614 2612 2694 3006
14258 854 2614 2612 2694 3007
14259 854 2789 2706 2708 3023
14260 854 2789 2706 2708 3024
14261 854 2789 2706 2708 3025
14262 854 2708 2706 2789 3125
14263 854 2708 2706 2789 3126
14264 854 2708 2706 2789 3127
14265 854 2884 2801 2803 3143
14266 854 2884 2801 2803 3144
14267 854 2884 2801 2803 3145
14268 854 2803 2801 2884 3248
14269 854 2803 2801 2884 3249
14270 854 2803 2801 2884 3250
14271 854 3344 3262 3264 3550
14272 854 3344 3262 3264 3551
14273 854 3344 3262 3264 3552
14274 854 3264 3262 3344 3655
14275 854 3264 3262 3344 3656
14276 854 3264 3262 3344 3657
14277 854 3439 3356 3358 3673
14278 854 3439 3356 3358 3674
14279 854 3439 3356 3358 3675
14280 854 3358 3356 3439 3775
14281 854 3358 3356 3439 3776
14282 854 3358 3356 3439 3777
14283 854 3534 3451 3453 3793
14284 854 3534 3451 3453 3794
14285 854 3534 3451 3453 3795
14286 854 3453 3451 3534 3898
14287 854 3453 3451 3534 3899
14288 854 3453 3451 3534 3900
14289 854 3994 3912 3914 4200
14290 854 3994 3912 3914 4201
14291 854 3994 3912 3914 4202
14292 854 3914 3912 3994 4305
14293 854 3914 3912 3994 4306
14294 854 3914 3912 3994 4307
14295 854 4089 4006 4008 4323
14296 854 4089 4006 4008 4324
14297 854 4089 4006 4008 4325
14298 854 4008 4006 4089 4425
14299 854 4008 4006 4089 4426
14300 854 4008 4006 4089 4427
14301 854 4184 4101 4103 4443
14302 854 4184 4101 4103 4444
14303 854 4184 4101 4103 4445
14304 854 4103 4101 4184 4548
14305 854 4103 4101 4184 4549
14306 854 4103 4101 4184 4550
14307 854 4644 4562 4564 4850
14308 854 4644 4562 4564 4851
14309 854 4644 4562 4564 4852
14310 854 4564 4562 4644 4955
14311 854 4564 4562 4644 4956
14312 854 4564 4562 4644 4957
14313 854 4739 4656 4658 4973
14314 854 4739 4656 4658 4974
14315 854 4739 4656 4658 4975
14316 854 4658 4656 4739 5075
14317 854 4658 4656 4739 5076
14318 854 4658 4656 4739 5077
14319 854 4834 4751 4753 5093
14320 854 4834 4751 4753 5094
14321 854 4834 4751 4753 5095
14322 854 4753 4751 4834 5198
14323 854 4753 4751 4834 5199
14324 854 4753 4751 4834 5200
14325 854 5294 5212 5214 5500
14326 854 5294 5212 5214 5501
14327 854 5294 5212 5214 5502
14328 854 5214 5212 5294 5605
14329 854 5214 5212 5294 5606
14330 854 5214 5212 5294 5607
14331 854 5389 5306 5308 5623
14332 854 5389 5306 5308 5624
14333 854 5389 5306 5308 5625
14334 854 5308 5306 5389 5725
14335 854 5308 5306 5389 5726
14336 854 5308 5306 5389 5727
14337 854 5484 5401 5403 5743
14338 854 5484 5401 5403 5744
14339 854 5484 5401 5403 5745
14340 854 5403 5401 5484 5848
14341 854 5403 5401 5484 5849
14342 854 5403 5401 5484 5850
14343 854 5944 5862 5864 6150
14344 854 5944 5862 5864 6151
14345 854 5944 5862 5864 6152
14346 854 5864 5862 5944 6255
14347 854 5864 5862 5944 6256
14348 854 5864 5862 5944 6257
14349 854 6039 5956 5958 6273
14350 854 6039 5956 5958 6274
14351 854 6039 5956 5958 6275
14352 854 5958 5956 6039 6375
14353 854 5958 5956 6039 6376
14354 854 5958 5956 6039 6377
14355 854 6134 6051 6053 6393
14356 854 6134 6051 6053 6394
14357 854 6134 6051 6053 6395
14358 854 6053 6051 6134 6498
14359 854 6053 6051 6134 6499
14360 854 6053 6051 6134 6500
14361 854 6594 6512 6514 6800
14362 854 6594 6512 6514 6801
14363 854 6594 6512 6514 6802
14364 854 6514 6512 6594 6905
14365 854 6514 6512 6594 6906
14366 854 6514 6512 6594 6907
14367 854 6689 6606 6608 6923
14368 854 6689 6606 6608 6924
14369 854 6689 6606 6608 6925
14370 854 6608 6606 6689 7025
14371 854 6608 6606 6689 7026
14372 854 6608 6606 6689 7027
14373 854 6784 6701 6703 7043
14374 854 6784 6701 6703 7044
14375 854 6784 6701 6703 7045
14376 854 6703 6701 6784 7148
14377 854 6703 6701 6784 7149
14378 854 6703 6701 6784 7150
14379 854 7244 7162 7164 7450
14380 854 7244 7162 7164 7451
14381 854 7244 7162 7164 7452
14382 854 7164 7162 7244 7555
14383 854 7164 7162 7244 7556
14384 854 7164 7162 7244 7557
14385 854 7339 7256 7258 7573
14386 854 7339 7256 7258 7574
14387 854 7339 7256 7258 7575
14388 854 7258 7256 7339 7675
14389 854 7258 7256 7339 7676
14390 854 7258 7256 7339 7677
14391 854 7434 7351 7353 7693
14392 854 7434 7351 7353 7694
14393 854 7434 7351 7353 7695
14394 854 7353 7351 7434 7798
14395 854 7353 7351 7434 7799
14396 854 7353 7351 7434 7800
14397 854 7894 7812 7814 8100
14398 854 7894 7812 7814 8101
14399 854 7894 7812 7814 8102
14400 854 7814 7812 7894 8205
14401 854 7814 7812 7894 8206
14402 854 7814 7812 7894 8207
14403 854 7989 7906 7908 8223
14404 854 7989 7906 7908 8224
14405 854 7989 7906 7908 8225
14406 854 7908 7906 7989 8325
14407 854 7908 7906 7989 8326
14408 854 7908 7906 7989 8327
14409 854 8084 8001 8003 8343
14410 854 8084 8001 8003 8344
14411 854 8084 8001 8003 8345
14412 854 8003 8001 8084 8448
14413 854 8003 8001 8084 8449
14414 854 8003 8001 8084 8450
14415 854 8544 8462 8464 8750
14416 854 8544 8462 8464 8751
14417 854 8544 8462 8464 8752
14418 854 8464 8462 8544 8855
14419 854 8464 8462 8544 8856
14420 854 8464 8462 8544 8857
14421 854 8639 8556 8558 8873
14422 854 8639 8556 8558 8874
14423 854 8639 8556 8558 8875
14424 854 8558 8556 8639 8975
14425 854 8558 8556 8639 8976
14426 854 8558 8556 8639 8977
14427 854 8734 8651 8653 8993
14428 854 8734 8651 8653 8994
14429 854 8734 8651 8653 8995
14430 854 8653 8651 8734 9098
14431 854 8653 8651 8734 9099
14432 854 8653 8651 8734 9100
14433 854 9194 9112 9114 9400
14434 854 9194 9112 9114 9401
14435 854 9194 9112 9114 9402
14436 854 9114 9112 9194 9505
14437 854 9114 9112 9194 9506
14438 854 9114 9112 9194 9507
14439 854 9289 9206 9208 9523
14440 854 9289 9206 9208 9524
14441 854 9289 9206 9208 9525
14442 854 9208 9206 9289 9625
14443 854 9208 9206 9289 9626
14444 854 9208 9206 9289 9627
14445 854 9384 9301 9303 9643
14446 854 9384 9301 9303 9644
14447 854 9384 9301 9303 9645
14448 854 9303 9301 9384 9748
14449 854 9303 9301 9384 9749
14450 854 9303 9301 9384 9750
14451 854 9844 9762 9764 10050
14452 854 9844 9762 9764 10051
14453 854 9844 9762 9764 10052
14454 854 9764 9762 9844 10155
14455 854 9764 9762 9844 10156
14456 854 9764 9762 9844 10157
14457 854 9939 9856 9858 10173
14458 854 9939 9856 9858 10174
14459 854 9939 9856 9858 10175
14460 854 9858 9856 9939 10275
14461 854 9858 9856 9939 10276
14462 854 9858 9856 9939 10277
14463 854 10034 9951 9953 10293
14464 854 10034 9951 9953 10294
14465 854 10034 9951 9953 10295
14466 854 9953 9951 10034 10398
14467 854 9953 9951 10034 10399
14468 854 9953 9951 10034 10400
14469 854 10494 10412 10414 10700
14470 854 10494 10412 10414 10701
14471 854 10494 10412 10414 10702
14472 854 10414 10412 10494 10805
14473 854 10414 10412 10494 10806
14474 854 10414 10412 10494 10807
14475 854 10589 10506 10508 10823
14476 854 10589 10506 10508 10824
14477 854 10589 10506 10508 10825
14478 854 10508 10506 10589 10925
14479 854 10508 10506 10589 10926
14480 854 10508 10506 10589 10927
14481 854 10684 10601 10603 10943
14482 854 10684 10601 10603 10944
14483 854 10684 10601 10603 10945
14484 854 10603 10601 10684 11048
14485 854 10603 10601 10684 11049
14486 854 10603 10601 10684 11050
14487 854 11144 11062 11064 11350
14488 854 11144 11062 11064 11351
14489 854 11144 11062 11064 11352
14490 854 11064 11062 11144 11455
14491 854 11064 11062 11144 11456
14492 854 11064 11062 11144 11457
14493 854 11239 11156 11158 11473
14494 854 11239 11156 11158 11474
14495 854 11239 11156 11158 11475
14496 854 11158 11156 11239 11575
14497 854 11158 11156 11239 11576
14498 854 11158 11156 11239 11577
14499 854 11334 11251 11253 11593
14500 854 11334 11251 11253 11594
14501 854 11334 11251 11253 11595
14502 854 11253 11251 11334 11698
14503 854 11253 11251 11334 11699
14504 854 11253 11251 11334 11700
14505 854 11794 11712 11714 12000
14506 854 11794 11712 11714 12001
14507 854 11794 11712 11714 12002
14508 854 11714 11712 11794 12105
14509 854 11714 11712 11794 12106
14510 854 11714 11712 11794 12107
14511 854 11889 11806 11808 12123
14512 854 11889 11806 11808 12124
14513 854 11889 11806 11808 12125
14514 854 11808 11806 11889 12225
14515 854 11808 11806 11889 12226
14516 854 11808 11806 11889 12227
14517 854 11984 11901 11903 12243
14518 854 11984 11901 11903 12244
14519 854 11984 11901 11903 12245
14520 854 11903 11901 11984 12348
14521 854 11903 11901 11984 12349
14522 854 11903 11901 11984 12350
14523 854 12444 12362 12364 12650
14524 854 12444 12362 12364 12651
14525 854 12444 12362 12364 12652
14526 854 12364 12362 12444 12755
14527 854 12364 12362 12444 12756
14528 854 12364 12362 12444 12757
14529 854 12539 12456 12458 12773
14530 854 12539 12456 12458 12774
14531 854 12539 12456 12458 12775
14532 854 12458 12456 12539 12875
14533 854 12458 12456 12539 12876
14534 854 12458 12456 12539 12877
14535 854 12634 12551 12553 12893
14536 854 12634 12551 12553 12894
14537 854 12634 12551 12553 12895
14538 854 12553 12551 12634 12998
14539 854 12553 12551 12634 12999
14540 854 12553 12551 12634 13000
14541 854 19 18 17 303
14542 854 19 18 17 304
14543 854 40 39 38 328
14544 854 40 39 38 329
14545 854 62 61 60 355
14546 854 62 61 60 356
14547 854 113 112 111 426
14548 854 113 112 111 427
14549 854 135 134 133 451
14550 854 135 134 133 452
14551 854 157 156 155 475
14552 854 157 156 155 476
14553 854 208 207 206 546
14554 854 208 207 206 547
14555 854 231 230 229 574
14556 854 231 230 229 575
14557 854 252 251 250 598
14558 854 252 251 250 599
14559 854 669 668 667 953
14560 854 669 668 667 954
14561 854 690 689 688 978
14562 854 690 689 688 979
14563 854 712 711 710 1005
14564 854 712 711 710 1006
14565 854 763 762 761 1076
14566 854 763 762 761 1077
14567 854 785 784 783 1101
14568 854 785 784 783 1102
14569 854 807 806 805 1125
14570 854 807 806 805 1126
14571 854 858 857 856 1196
14572 854 858 857 856 1197
14573 854 881 880 879 1224
14574 854 881 880 879 1225
14575 854 902 901 900 1248
14576 854 902 901 900 1249
14577 854 1319 1318 1317 1603
14578 854 1319 1318 1317 1604
14579 854 1340 1339 1338 1628
14580 854 1340 1339 1338 1629
14581 854 1362 1361 1360 1655
14582 854 1362 1361 1360 1656
14583 854 1413 1412 1411 1726
14584 854 1413 1412 1411 1727
14585 854 1435 1434 1433 1751
14586 854 1435 1434 1433 1752
14587 854 1457 1456 1455 1775
14588 854 1457 1456 1455 1776
14589 854 1508 1507 1506 1846
14590 854 1508 1507 1506 1847
14591 854 1531 1530 1529 1874
14592 854 1531 1530 1529 1875
14593 854 1552 1551 1550 1898
14594 854 1552 1551 1550 1899
14595 854 1969 1968 1967 2253
14596 854 1969 1968 1967 2254
14597 854 1990 1989 1988 2278
14598 854 1990 1989 1988 2279
14599 854 2012 2011 2010 2305
14600 854 2012 2011 2010 2306
14601 854 2063 2062 2061 2376
14602 854 2063 2062 2061 2377
14603 854 2085 2084 2083 2401
14604 854 2085 2084 2083 2402
14605 854 2107 2106 2105 2425
14606 854 2107 2106 2105 2426
14607 854 2158 2157 2156 2496
14608 854 2158 2157 2156 2497
14609 854 2181 2180 2179 2524
14610 854 2181 2180 2179 2525
14611 854 2202 2201 2200 2548
14612 854 2202 2201 2200 2549
14613 854 2619 2618 2617 2903
14614 854 2619 2618 2617 2904
14615 854 2640 2639 2638 2928
14616 854 2640 2639 2638 2929
14617 854 2662 2661 2660 2955
14618 854 2662 2661 2660 2956
14619 854 2713 2712 2711 3026
14620 854 2713 2712 2711 3027
14621 854 2735 2734 2733 3051
14622 854 2735 2734 2733 3052
14623 854 2757 2756 2755 3075
14624 854 2757 2756 2755 3076
14625 854 2808 2807 2806 3146
14626 854 2808 2807 2806 3147
14627 854 2831 2830 2829 3174
14628 854 2831 2830 2829 3175
14629 854 2852 2851 2850 3198
14630 854 2852 2851 2850 3199
14631 854 3269 3268 3267 3553
14632 854 3269 3268 3267 3554
14633 854 3290 3289 3288 3578
14634 854 3290 3289 3288 3579
14635 854 3312 3311 3310 3605
14636 854 3312 3311 3310 3606
14637 854 3363 3362 3361 3676
14638 854 3363 3362 3361 3677
14639 854 3385 3384 3383 3701
14640 854 3385 3384 3383 3702
14641 854 3407 3406 3405 3725
14642 854 3407 3406 3405 3726
14643 854 3458 3457 3456 3796
14644 854 3458 3457 3456 3797
14645 854 3481 3480 3479 3824
14646 854 3481 3480 3479 3825
14647 854 3502 3501 3500 3848
14648 854 3502 3501 3500 3849
14649 854 3919 3918 3917 4203
14650 854 3919 3918 3917 4204
14651 854 3940 3939 3938 4228
14652 854 3940 3939 3938 4229
14653 854 3962 3961 3960 4255
14654 854 3962 3961 3960 4256
14655 854 4013 4012 4011 4326
14656 854 4013 4012 4011 4327
14657 854 4035 4034 4033 4351
14658 854 4035 4034 4033 4352
14659 854 4057 4056 4055 4375
14660 854 4057 4056 4055 4376
14661 854 4108 4107 4106 4446
14662 854 4108 4107 4106 4447
14663 854 4131 4130 4129 4474
14664 854 4131 4130 4129 4475
14665 854 4152 4151 4150 4498
14666 854 4152 4151 4150 4499
14667 854 4569 4568 4567 4853
14668 854 4569 4568 4567 4854
14669 854 4590 4589 4588 4878
14670 854 4590 4589 4588 4879
14671 854 4612 4611 4610 4905
14672 854 4612 4611 4610 4906
14673 854 4663 4662 4661 4976
14674 854 4663 4662 4661 4977
14675 854 4685 4684 4683 5001
14676 854 4685 4684 4683 5002
14677 854 4707 4706 4705 5025
14678 854 4707 4706 4705 5026
14679 854 4758 4757 4756 5096
14680 854 4758 4757 4756 5097
14681 854 4781 4780 4779 5124
14682 854 4781 4780 4779 5125
14683 854 4802 4801 4800 5148
14684 854 4802 4801 4800 5149
14685 854 5219 5218 5217 5503
14686 854 5219 5218 5217 5504
14687 854 5240 5239 5238 5528
14688 854 5240 5239 5238 5529
14689 854 5262 5261 5260 5555
14690 854 5262 5261 5260 5556
14691 854 5313 5312 5311 5626
14692 854 5313 5312 5311 5627
14693 854 5335 5334 5333 5651
14694 854 5335 5334 5333 5652
14695 854 5357 5356 5355 5675
14696 854 5357 5356 5355 5676
14697 854 5408 5407 5406 5746
14698 854 5408 5407 5406 5747
14699 854 5431 5430 5429 5774
14700 854 5431 5430 5429 5775
14701 854 5452 5451 5450 5798
14702 854 5452 5451 5450 5799
14703 854 5869 5868 5867 6153
14704 854 5869 5868 5867 6154
14705 854 5890 5889 5888 6178
14706 854 5890 5889 5888 6179
14707 854 5912 5911 5910 6205
14708 854 5912 5911 5910 6206
14709 854 5963 5962 5961 6276
14710 854 5963 5962 5961 6277
14711 854 5985 5984 5983 6301
14712 854 5985 5984 5983 6302
14713 854 6007 6006 6005 6325
14714 854 6007 6006 6005 6326
14715 854 6058 6057 6056 6396
14716 854 6058 6057 6056 6397
14717 854 6081 6080 6079 6424
14718 854 6081 6080 6079 6425
14719 854 6102 6101 6100 6448
14720 854 6102 6101 6100 6449
14721 854 6519 6518 6517 6803
14722 854 6519 6518 6517 6804
14723 854 6540 6539 6538 6828
14724 854 6540 6539 6538 6829
14725 854 6562 6561 6560 6855
14726 854 6562 6561 6560 6856
14727 854 6613 6612 6611 6926
14728 854 6613 6612 6611 6927
14729 854 6635 6634 6633 6951
14730 854 6635 6634 6633 6952
14731 854 6657 6656 6655 6975
14732 854 6657 6656 6655 6976
14733 854 6708 6707 6706 7046
14734 854 6708 6707 6706 7047
14735 854 6731 6730 6729 7074
14736 854 6731 6730 6729 7075
14737 854 6752 6751 6750 7098
14738 854 6752 6751 6750 7099
14739 854 7169 7168 7167 7453
14740 854 7169 7168 7167 7454
14741 854 7190 7189 7188 7478
14742 854 7190 7189 7188 7479
14743 854 7212 7211 7210 7505
14744 854 7212 7211 7210 7506
14745 854 7263 7262 7261 7576
14746 854 7263 7262 7261 7577
14747 854 7285 7284 7283 7601
14748 854 7285 7284 7283 7602
14749 854 7307 7306 7305 7625
14750 854 7307 7306 7305 7626
14751 854 7358 7357 7356 7696
14752 854 7358 7357 7356 7697
14753 854 7381 7380 7379 7724
14754 854 7381 7380 7379 7725
14755 854 7402 7401 7400 7748
14756 854 7402 7401 7400 7749
14757 854 7819 7818 7817 8103
14758 854 7819 7818 7817 8104
14759 854 7840 7839 7838 8128
14760 854 7840 7839 7838 8129
14761 854 7862 7861 7860 8155
14762 854 7862 7861 7860 8156
14763 854 7913 7912 7911 8226
14764 854 7913 7912 7911 8227
14765 854 7935 7934 7933 8251
14766 854 7935 7934 7933 8252
14767 854 7957 7956 7955 8275
14768 854 7957 7956 7955 8276
14769 854 8008 8007 8006 8346
14770 854 8008 8007 8006 8347
14771 854 8031 8030 8029 8374
14772 854 8031 8030 8029 8375
14773 854 8052 8051 8050 8398
14774 854 8052 8051 8050 8399
14775 854 8469 8468 8467 8753
14776 854 8469 8468 8467 8754
14777 854 8490 8489 8488 8778
14778 854 8490 8489 8488 8779
14779 854 8512 8511 8510 8805
14780 854 8512 8511 8510 8806
14781 854 8563 8562 8561 8876
14782 854 8563 8562 8561 8877
14783 854 8585 8584 8583 8901
14784 854 8585 8584 8583 8902
14785 854 8607 8606 8605 8925
14786 854 8607 8606 8605 8926
14787 854 8658 8657 8656 8996
14788 854 8658 8657 8656 8997
14789 854 8681 8680 8679 9024
14790 854 8681 8680 8679 9025
14791 854 8702 8701 8700 9048
14792 854 8702 8701 8700 9049
14793 854 9119 9118 9117 9403
14794 854 9119 9118 9117 9404
14795 854 9140 9139 9138 9428
14796 854 9140 9139 9138 9429
14797 854 9162 9161 9160 9455
14798 854 9162 9161 9160 9456
14799 854 9213 9212 9211 9526
14800 854 9213 9212 9211 9527
14801 854 9235 9234 9233 9551
14802 854 9235 9234 9233 9552
14803 854 9257 9256 9255 9575
14804 854 9257 9256 9255 9576
14805 854 9308 9307 9306 9646
14806 854 9308 9307 9306 9647
14807 854 9331 9330 9329 9674
14808 854 9331 9330 9329 9675
14809 854 9352 9351 9350 9698
14810 854 9352 9351 9350 9699
14811 854 9769 9768 9767 10053
14812 854 9769 9768 9767 10054
14813 854 9790 9789 9788 10078
14814 854 9790 9789 9788 10079
14815 854 9812 9811 9810 10105
14816 854 9812 9811 9810 10106
14817 854 9863 9862 9861 10176
14818 854 9863 9862 9861 10177
14819 854 9885 9884 9883 10201
14820 854 9885 9884 9883 10202
14821 854 9907 9906 9905 10225
14822 854 9907 9906 9905 10226
14823 854 9958 9957 9956 10296
14824 854 9958 9957 9956 10297
14825 854 9981 9980 9979 10324
14826 854 9981 9980 9979 10325
14827 854 10002 10001 10000 10348
14828 854 10002 10001 10000 10349
14829 854 10419 10418 10417 10703
14830 854 10419 10418 10417 10704
14831 854 10440 10439 10438 10728
14832 854 10440 10439 10438 10729
14833 854 10462 10461 10460 10755
14834 854 10462 10461 10460 10756
14835 854 10513 10512 10511 10826
14836 854 10513 10512 10511 10827
14837 854 10535 10534 10533 10851
14838 854 10535 10534 10533 10852
14839 854 10557 10556 10555 10875
14840 854 10557 10556 10555 10876
14841 854 10608 10607 10606 10946
14842 854 10608 10607 10606 10947
14843 854 10631 10630 10629 10974
14844 854 10631 10630 10629 10975
14845 854 10652 10651 10650 10998
14846 854 10652 10651 10650 10999
14847 854 11069 11068 11067 11353
14848 854 11069 11068 11067 11354
14849 854 11090 11089 11088 11378
14850 854 11090 11089 11088 11379
14851 854 11112 11111 11110 11405
14852 854 11112 11111 11110 11406
14853 854 11163 11162 11161 11476
14854 854 11163 11162 11161 11477
14855 854 11185 11184 11183 11501
14856 854 11185 11184 11183 11502
14857 854 11207 11206 11205 11525
14858 854 11207 11206 11205 11526
14859 854 11258 11257 11256 11596
14860 854 11258 11257 11256 11597
14861 854 11281 11280 11279 11624
14862 854 11281 11280 11279 11625
14863 854 11302 11301 11300 11648
14864 854 11302 11301 11300 11649
14865 854 11719 11718 11717 12003
14866 854 11719 11718 11717 12004
14867 854 11740 11739 11738 12028
14868 854 11740 11739 11738 12029
14869 854 11762 11761 11760 12055
14870 854 11762 11761 11760 12056
14871 854 11813 11812 11811 12126
14872 854 11813 11812 11811 12127
14873 854 11835 11834 11833 12151
14874 854 11835 11834 11833 12152
14875 854 11857 11856 11855 12175
14876 854 11857 11856 11855 12176
14877 854 11908 11907 11906 12246
14878 854 11908 11907 11906 12247
14879 854 11931 11930 11929 12274
14880 854 11931 11930 11929 12275
14881 854 11952 11951 11950 12298
14882 854 11952 11951 11950 12299
14883 854 12369 12368 12367 12653
14884 854 12369 12368 12367 12654
14885 854 12390 12389 12388 12678
14886 854 12390 12389 12388 12679
14887 854 12412 12411 12410 12705
14888 854 12412 12411 12410 12706
14889 854 12463 12462 12461 12776
14890 854 12463 12462 12461 12777
14891 854 12485 12484 12483 12801
14892 854 12485 12484 12483 12802
14893 854 12507 12506 12505 12825
14894 854 12507 12506 12505 12826
14895 854 12558 12557 12556 12896
14896 854 12558 12557 12556 12897
14897 854 12581 12580 12579 12924
14898 854 12581 12580 12579 12925
14899 854 12602 12601 12600 12948
14900 854 12602 12601 12600 12949
14901 854 17 18 19 306
14902 854 17 18 19 307
14903 854 17 18 19 308
14904 854 38 39 40 331
14905 854 38 39 40 332
14906 854 38 39 40 333
14907 854 60 61 62 358
14908 854 60 61 62 359
14909 854 60 61 62 360
14910 854 111 112 113 429
14911 854 111 112 113 430
14912 854 111 112 113 431
14913 854 133 134 135 454
14914 854 133 134 135 455
14915 854 133 134 135 456
14916 854 155 156 157 478
14917 854 155 156 157 479
14918 854 155 156 157 480
14919 854 206 207 208 549
14920 854 206 207 208 550
14921 854 206 207 208 551
14922 854 229 230 231 577
14923 854 229 230 231 578
14924 854 229 230 231 579
14925 854 250 251 252 601
14926 854 250 251 252 602
14927 854 250 251 252 603
14928 854 667 668 669 956
14929 854 667 668 669 957
14930 854 667 668 669 958
14931 854 688 689 690 981
14932 854 688 689 690 982
14933 854 688 689 690 983
14934 854 710 711 712 1008
14935 854 710 711 712 1009
14936 854 710 711 712 1010
14937 854 761 762 763 1079
14938 854 761 762 763 1080
14939 854 761 762 763 1081
14940 854 783 784 785 1104
14941 854 783 784 785 1105
14942 854 783 784 785 1106
14943 854 805 806 807 1128
14944 854 805 806 807 1129
14945 854 805 806 807 1130
14946 854 856 857 858 1199
14947 854 856 857 858 1200
14948 854 856 857 858 1201
14949 854 879 880 881 1227
14950 854 879 880 881 1228
14951 854 879 880 881 1229
14952 854 900 901 902 1251
14953 854 900 901 902 1252
14954 854 900 901 902 1253
14955 854 1317 1318 1319 1606
14956 854 1317 1318 1319 1607
14957 854 1317 1318 1319 1608
14958 854 1338 1339 1340 1631
14959 854 1338 1339 1340 1632
14960 854 1338 1339 1340 1633
14961 854 1360 1361 1362 1658
14962 854 1360 1361 1362 1659
14963 854 1360 1361 1362 1660
14964 854 1411 1412 1413 1729
14965 854 1411 1412 1413 1730
14966 854 1411 1412 1413 1731
14967 854 1433 1434 1435 1754
14968 854 1433 1434 1435 1755
14969 854 1433 1434 1435 1756
14970 854 1455 1456 1457 1778
14971 854 1455 1456 1457 1779
14972 854 1455 1456 1457 1780
14973 854 1506 1507 1508 1849
14974 854 1506 1507 1508 1850
14975 854 1506 1507 1508 1851
14976 854 1529 1530 1531 1877
14977 854 1529 1530 1531 1878
14978 854 1529 1530 1531 1879
14979 854 1550 1551 1552 1901
14980 854 1550 1551 1552 1902
14981 854 1550 1551 1552 1903
14982 854 1967 1968 1969 2256
14983 854 1967 1968 1969 2257
14984 854 1967 1968 1969 2258
14985 854 1988 1989 1990 2281
14986 854 1988 1989 1990 2282
14987 854 1988 1989 1990 2283
14988 854 2010 2011 2012 2308
14989 854 2010 2011 2012 2309
14990 854 2010 2011 2012 2310
14991 854 2061 2062 2063 2379
14992 854 2061 2062 2063 2380
14993 854 2061 2062 2063 2381
14994 854 2083 2084 2085 2404
14995 854 2083 2084 2085 2405
14996 854 2083 2084 2085 2406
14997 854 2105 2106 2107 2428
14998 854 2105 2106 2107 2429
14999 854 2105 2106 2107 2430
15000 854 2156 2157 2158 2499
15001 854 2156 2157 2158 2500
15002 854 2156 2157 2158 2501
15003 854 2179 2180 2181 2527
15004 854 2179 2180 2181 2528
15005 854 2179 2180 2181 2529
15006 854 2200 2201 2202 2551
15007 854 2200 2201 2202 2552
15008 854 2200 2201 2202 2553
15009 854 2617 2618 2619 2906
15010 854 2617 2618 2619 2907
15011 854 2617 2618 2619 2908
15012 854 2638 2639 2640 2931
15013 854 2638 2639 2640 2932
15014 854 2638 2639 2640 2933
15015 854 2660 2661 2662 2958
15016 854 2660 2661 2662 2959
15017 854 2660 2661 2662 2960
15018 854 2711 2712 2713 3029
15019 854 2711 2712 2713 3030
15020 854 2711 2712 2713 3031
15021 854 2733 2734 2735 3054
15022 854 2733 2734 2735 3055
15023 854 2733 2734 2735 3056
15024 854 2755 2756 2757 3078
15025 854 2755 2756 2757 3079
15026 854 2755 2756 2757 3080
15027 854 2806 2807 2808 3149
15028 854 2806 2807 2808 3150
15029 854 2806 2807 2808 3151
15030 854 2829 2830 2831 3177
15031 854 2829 2830 2831 3178
15032 854 2829 2830 2831 3179
15033 854 2850 2851 2852 3201
15034 854 2850 2851 2852 3202
15035 854 2850 2851 2852 3203
15036 854 3267 3268 3269 3556
15037 854 3267 3268 3269 3557
15038 854 3267 3268 3269 3558
15039 854 3288 3289 3290 3581
15040 854 3288 3289 3290 3582
15041 854 3288 3289 3290 3583
15042 854 3310 3311 3312 3608
15043 854 3310 3311 3312 3609
15044 854 3310 3311 3312 3610
15045 854 3361 3362 3363 3679
15046 854 3361 3362 3363 3680
15047 854 3361 3362 3363 3681
15048 854 3383 3384 3385 3704
15049 854 3383 3384 3385 3705
15050 854 3383 3384 3385 3706
15051 854 3405 3406 3407 3728
15052 854 3405 3406 3407 3729
15053 854 3405 3406 3407 3730
15054 854 3456 3457 3458 3799
15055 854 3456 3457 3458 3800
15056 854 3456 3457 3458 3801
15057 854 3479 3480 3481 3827
15058 854 3479 3480 3481 3828
15059 854 3479 3480 3481 3829
15060 854 3500 3501 3502 3851
15061 854 3500 3501 3502 3852
15062 854 3500 3501 3502 3853
15063 854 3917 3918 3919 4206
15064 854 3917 3918 3919 4207
15065 854 3917 3918 3919 4208
15066 854 3938 3939 3940 4231
15067 854 3938 3939 3940 4232
15068 854 3938 3939 3940 4233
15069 854 3960 3961 3962 4258
15070 854 3960 3961 3962 4259
15071 854 3960 3961 3962 4260
15072 854 4011 4012 4013 4329
15073 854 4011 4012 4013 4330
15074 854 4011 4012 4013 4331
15075 854 4033 4034 4035 4354
15076 854 4033 4034 4035 4355
15077 854 4033 4034 4035 4356
15078 854 4055 4056 4057 4378
15079 854 4055 4056 4057 4379
15080 854 4055 4056 4057 4380
15081 854 4106 4107 4108 4449
15082 854 4106 4107 4108 4450
15083 854 4106 4107 4108 4451
15084 854 4129 4130 4131 4477
15085 854 4129 4130 4131 4478
15086 854 4129 4130 4131 4479
15087 854 4150 4151 4152 4501
15088 854 4150 4151 4152 4502
15089 854 4150 4151 4152 4503
15090 854 4567 4568 4569 4856
15091 854 4567 4568 4569 4857
15092 854 4567 4568 4569 4858
15093 854 4588 4589 4590 4881
15094 854 4588 4589 4590 4882
15095 854 4588 4589 4590 4883
15096 854 4610 4611 4612 4908
15097 854 4610 4611 4612 4909
15098 854 4610 4611 4612 4910
15099 854 4661 4662 4663 4979
15100 854 4661 4662 4663 4980
15101 854 4661 4662 4663 4981
15102 854 4683 4684 4685 5004
15103 854 4683 4684 4685 5005
15104 854 4683 4684 4685 5006
15105 854 4705 4706 4707 5028
15106 854 4705 4706 4707 5029
15107 854 4705 4706 4707 5030
15108 854 4756 4757 4758 5099
15109 854 4756 4757 4758 5100
15110 854 4756 4757 4758 5101
15111 854 4779 4780 4781 5127
15112 854 4779 4780 4781 5128
15113 854 4779 4780 4781 5129
15114 854 4800 4801 4802 5151
15115 854 4800 4801 4802 5152
15116 854 4800 4801 4802 5153
15117 854 5217 5218 5219 5506
15118 854 5217 5218 5219 5507
15119 854 5217 5218 5219 5508
15120 854 5238 5239 5240 5531
15121 854 5238 5239 5240 5532
15122 854 5238 5239 5240 5533
15123 854 5260 5261 5262 5558
15124 854 5260 5261 5262 5559
15125 854 5260 5261 5262 5560
15126 854 5311 5312 5313 5629
15127 854 5311 5312 5313 5630
15128 854 5311 5312 5313 5631
15129 854 5333 5334 5335 5654
15130 854 5333 5334 5335 5655
15131 854 5333 5334 5335 5656
15132 854 5355 5356 5357 5678
15133 854 5355 5356 5357 5679
15134 854 5355 5356 5357 5680
15135 854 5406 5407 5408 5749
15136 854 5406 5407 5408 5750
15137 854 5406 5407 5408 5751
15138 854 5429 5430 5431 5777
15139 854 5429 5430 5431 5778
15140 854 5429 5430 5431 5779
15141 854 5450 5451 5452 5801
15142 854 5450 5451 5452 5802
15143 854 5450 5451 5452 5803
15144 854 5867 5868 5869 6156
15145 854 5867 5868 5869 6157
15146 854 5867 5868 5869 6158
15147 854 5888 5889 5890 6181
15148 854 5888 5889 5890 6182
15149 854 5888 5889 5890 6183
15150 854 5910 5911 5912 6208
15151 854 5910 5911 5912 6209
15152 854 5910 5911 5912 6210
15153 854 5961 5962 5963 6279
15154 854 5961 5962 5963 6280
15155 854 5961 5962 5963 6281
15156 854 5983 5984 5985 6304
15157 854 5983 5984 5985 6305
15158 854 5983 5984 5985 6306
15159 854 6005 6006 6007 6328
15160 854 6005 6006 6007 6329
15161 854 6005 6006 6007 6330
15162 854 6056 6057 6058 6399
15163 854 6056 6057 6058 6400
15164 854 6056 6057 6058 6401
15165 854 6079 6080 6081 6427
15166 854 6079 6080 6081 6428
15167 854 6079 6080 6081 6429
15168 854 6100 6101 6102 6451
15169 854 6100 6101 6102 6452
15170 854 6100 6101 6102 6453
15171 854 6517 6518 6519 6806
15172 854 6517 6518 6519 6807
15173 854 6517 6518 6519 6808
15174 854 6538 6539 6540 6831
15175 854 6538 6539 6540 6832
15176 854 6538 6539 6540 6833
15177 854 6560 6561 6562 6858
15178 854 6560 6561 6562 6859
15179 854 6560 6561 6562 6860
15180 854 6611 6612 6613 6929
15181 854 6611 6612 6613 6930
15182 854 6611 6612 6613 6931
15183 854 6633 6634 6635 6954
15184 854 6633 6634 6635 6955
15185 854 6633 6634 6635 6956
15186 854 6655 6656 6657 6978
15187 854 6655 6656 6657 6979
15188 854 6655 6656 6657 6980
15189 854 6706 6707 6708 7049
15190 854 6706 6707 6708 7050
15191 854 6706 6707 6708 7051
15192 854 6729 6730 6731 7077
15193 854 6729 6730 6731 7078
15194 854 6729 6730 6731 7079
15195 854 6750 6751 6752 7101
15196 854 6750 6751 6752 7102
15197 854 6750 6751 6752 7103
15198 854 7167 7168 7169 7456
15199 854 7167 7168 7169 7457
15200 854 7167 7168 7169 7458
15201 854 7188 7189 7190 7481
15202 854 7188 7189 7190 7482
15203 854 7188 7189 7190 7483
15204 854 7210 7211 7212 7508
15205 854 7210 7211 7212 7509
15206 854 7210 7211 7212 7510
15207 854 7261 7262 7263 7579
15208 854 7261 7262 7263 7580
15209 854 7261 7262 7263 7581
15210 854 7283 7284 7285 7604
15211 854 7283 7284 7285 7605
15212 854 7283 7284 7285 7606
15213 854 7305 7306 7307 7628
15214 854 7305 7306 7307 7629
15215 854 7305 7306 7307 7630
15216 854 7356 7357 7358 7699
15217 854 7356 7357 7358 7700
15218 854 7356 7357 7358 7701
15219 854 7379 7380 7381 7727
15220 854 7379 7380 7381 7728
15221 854 7379 7380 7381 7729
15222 854 7400 7401 7402 7751
15223 854 7400 7401 7402 7752
15224 854 7400 7401 7402 7753
15225 854 7817 7818 7819 8106
15226 854 7817 7818 7819 8107
15227 854 7817 7818 7819 8108
15228 854 7838 7839 7840 8131
15229 854 7838 7839 7840 8132
15230 854 7838 7839 7840 8133
15231 854 7860 7861 7862 8158
15232 854 7860 7861 7862 8159
15233 854 7860 7861 7862 8160
15234 854 7911 7912 7913 8229
15235 854 7911 7912 7913 8230
15236 854 7911 7912 7913 8231
15237 854 7933 7934 7935 8254
15238 854 7933 7934 7935 8255
15239 854 7933 7934 7935 8256
15240 854 7955 7956 7957 8278
15241 854 7955 7956 7957 8279
15242 854 7955 7956 7957 8280
15243 854 8006 8007 8008 8349
15244 854 8006 8007 8008 8350
15245 854 8006 8007 8008 8351
15246 854 8029 8030 8031 8377
15247 854 8029 8030 8031 8378
15248 854 8029 8030 8031 8379
15249 854 8050 8051 8052 8401
15250 854 8050 8051 8052 8402
15251 854 8050 8051 8052 8403
15252 854 8467 8468 8469 8756
15253 854 8467 8468 8469 8757
15254 854 8467 8468 8469 8758
15255 854 8488 8489 8490 8781
15256 854 8488 8489 8490 8782
15257 854 8488 8489 8490 8783
15258 854 8510 8511 8512 8808
15259 854 8510 8511 8512 8809
15260 854 8510 8511 8512 8810
15261 854 8561 8562 8563 8879
15262 854 8561 8562 8563 8880
15263 854 8561 8562 8563 8881
15264 854 8583 8584 8585 8904
15265 854 8583 8584 8585 8905
15266 854 8583 8584 8585 8906
15267 854 8605 8606 8607 8928
15268 854 8605 8606 8607 8929
15269 854 8605 8606 8607 8930
15270 854 8656 8657 8658 8999
15271 854 8656 8657 8658 9000
15272 854 8656 8657 8658 9001
15273 854 8679 8680 8681 9027
15274 854 8679 8680 8681 9028
15275 854 8679 8680 8681 9029
15276 854 8700 8701 8702 9051
15277 854 8700 8701 8702 9052
15278 854 8700 8701 8702 9053
15279 854 9117 9118 9119 9406
15280 854 9117 9118 9119 9407
15281 854 9117 9118 9119 9408
15282 854 9138 9139 9140 9431
15283 854 9138 9139 9140 9432
15284 854 9138 9139 9140 9433
15285 854 9160 9161 9162 9458
15286 854 9160 9161 9162 9459
15287 854 9160 9161 9162 9460
15288 854 9211 9212 9213 9529
15289 854 9211 9212 9213 9530
15290 854 9211 9212 9213 9531
15291 854 9233 9234 9235 9554
15292 854 9233 9234 9235 9555
15293 854 9233 9234 9235 9556
15294 854 9255 9256 9257 9578
15295 854 9255 9256 9257 9579
15296 854 9255 9256 9257 9580
15297 854 9306 9307 9308 9649
15298 854 9306 9307 9308 9650
15299 854 9306 9307 9308 9651
15300 854 9329 9330 9331 9677
15301 854 9329 9330 9331 9678
15302 854 9329 9330 9331 9679
15303 854 9350 9351 9352 9701
15304 854 9350 9351 9352 9702
15305 854 9350 9351 9352 9703
15306 854 9767 9768 9769 10056
15307 854 9767 9768 9769 10057
15308 854 9767 9768 9769 10058
15309 854 9788 9789 9790 10081
15310 854 9788 9789 9790 10082
15311 854 9788 9789 9790 10083
15312 854 9810 9811 9812 10108
15313 854 9810 9811 9812 10109
15314 854 9810 9811 9812 10110
15315 854 9861 9862 9863 10179
15316 854 9861 9862 9863 10180
15317 854 9861 9862 9863 10181
15318 854 9883 9884 9885 10204
15319 854 9883 9884 9885 10205
15320 854 9883 9884 9885 10206
15321 854 9905 9906 9907 10228
15322 854 9905 9906 9907 10229
15323 854 9905 9906 9907 10230
15324 854 9956 9957 9958 10299
15325 854 9956 9957 9958 10300
15326 854 9956 9957 9958 10301
15327 854 9979 9980 9981 10327
15328 854 9979 9980 9981 10328
15329 854 9979 9980 9981 10329
15330 854 10000 10001 10002 10351
15331 854 10000 10001 10002 10352
15332 854 10000 10001 10002 10353
15333 854 10417 10418 10419 10706
15334 854 10417 10418 10419 10707
15335 854 10417 10418 10419 10708
15336 854 10438 10439 10440 10731
15337 854 10438 10439 10440 10732
15338 854 10438 10439 10440 10733
15339 854 10460 10461 10462 10758
15340 854 10460 10461 10462 10759
15341 854 10460 10461 10462 10760
15342 854 10511 10512 10513 10829
15343 854 10511 10512 10513 10830
15344 854 10511 10512 10513 10831
15345 854 10533 10534 10535 10854
15346 854 10533 10534 10535 10855
15347 854 10533 10534 10535 10856
15348 854 10555 10556 10557 10878
15349 854 10555 10556 10557 10879
15350 854 10555 10556 10557 10880
15351 854 10606 10607 10608 10949
15352 854 10606 10607 10608 10950
15353 854 10606 10607 10608 10951
15354 854 10629 10630 10631 10977
15355 854 10629 10630 10631 10978
15356 854 10629 10630 10631 10979
15357 854 10650 10651 10652 11001
15358 854 10650 10651 10652 11002
15359 854 10650 10651 10652 11003
15360 854 11067 11068 11069 11356
15361 854 11067 11068 11069 11357
15362 854 11067 11068 11069 11358
15363 854 11088 11089 11090 11381
15364 854 11088 11089 11090 11382
15365 854 11088 11089 11090 11383
15366 854 11110 11111 11112 11408
15367 854 11110 11111 11112 11409
15368 854 11110 11111 11112 11410
15369 854 11161 11162 11163 11479
15370 854 11161 11162 11163 11480
15371 854 11161 11162 11163 11481
15372 854 11183 11184 11185 11504
15373 854 11183 11184 11185 11505
15374 854 11183 11184 11185 11506
15375 854 11205 11206 11207 11528
15376 854 11205 11206 11207 11529
15377 854 11205 11206 11207 11530
15378 854 11256 11257 11258 11599
15379 854 11256 11257 11258 11600
15380 854 11256 11257 11258 11601
15381 854 11279 11280 11281 11627
15382 854 11279 11280 11281 11628
15383 854 11279 11280 11281 11629
15384 854 11300 11301 11302 11651
15385 854 11300 11301 11302 11652
15386 854 11300 11301 11302 11653
15387 854 11717 11718 11719 12006
15388 854 11717 11718 11719 12007
15389 854 11717 11718 11719 12008
15390 854 11738 11739 11740 12031
15391 854 11738 11739 11740 12032
15392 854 11738 11739 11740 12033
15393 854 11760 11761 11762 12058
15394 854 11760 11761 11762 12059
15395 854 11760 11761 11762 12060
15396 854 11811 11812 11813 12129
15397 854 11811 11812 11813 12130
15398 854 11811 11812 11813 12131
15399 854 11833 11834 11835 12154
15400 854 11833 11834 11835 12155
15401 854 11833 11834 11835 12156
15402 854 11855 11856 11857 12178
15403 854 11855 11856 11857 12179
15404 854 11855 11856 11857 12180
15405 854 11906 11907 11908 12249
15406 854 11906 11907 11908 12250
15407 854 11906 11907 11908 12251
15408 854 11929 11930 11931 12277
15409 854 11929 11930 11931 12278
15410 854 11929 11930 11931 12279
15411 854 11950 11951 11952 12301
15412 854 11950 11951 11952 12302
15413 854 11950 11951 11952 12303
15414 854 12367 12368 12369 12656
15415 854 12367 12368 12369 12657
15416 854 12367 12368 12369 12658
15417 854 12388 12389 12390 12681
15418 854 12388 12389 12390 12682
15419 854 12388 12389 12390 12683
15420 854 12410 12411 12412 12708
15421 854 12410 12411 12412 12709
15422 854 12410 12411 12412 12710
15423 854 12461 12462 12463 12779
15424 854 12461 12462 12463 12780
15425 854 12461 12462 12463 12781
15426 854 12483 12484 12485 12804
15427 854 12483 12484 12485 12805
15428 854 12483 12484 12485 12806
15429 854 12505 12506 12507 12828
15430 854 12505 12506 12507 12829
15431 854 12505 12506 12507 12830
15432 854 12556 12557 12558 12899
15433 854 12556 12557 12558 12900
15434 854 12556 12557 12558 12901
15435 854 12579 12580 12581 12927
15436 854 12579 12580 12581 12928
15437 854 12579 12580 12581 12929
15438 854 12600 12601 12602 12951
15439 854 12600 12601 12602 12952
15440 854 12600 12601 12602 12953
15441 854 22 21 20 309
15442 854 9 10 31 322
15443 854 66 65 64 361
15444 854 116 115 114 432
15445 854 103 104 126 445
15446 854 138 137 136 457
15447 854 161 160 159 481
15448 854 211 210 209 552
15449 854 234 233 232 580
15450 854 256 255 254 604
15451 854 672 671 670 959
15452 854 659 660 681 972
15453 854 716 715 714 1011
15454 854 766 765 764 1082
15455 854 753 754 776 1095
15456 854 788 787 786 1107
15457 854 811 810 809 1131
15458 854 861 860 859 1202
15459 854 884 883 882 1230
15460 854 906 905 904 1254
15461 854 1322 1321 1320 1609
15462 854 1309 1310 1331 1622
15463 854 1366 1365 1364 1661
15464 854 1416 1415 1414 1732
15465 854 1403 1404 1426 1745
15466 854 1438 1437 1436 1757
15467 854 1461 1460 1459 1781
15468 854 1511 1510 1509 1852
15469 854 1534 1533 1532 1880
15470 854 1556 1555 1554 1904
15471 854 1972 1971 1970 2259
15472 854 1959 1960 1981 2272
15473 854 2016 2015 2014 2311
15474 854 2066 2065 2064 2382
15475 854 2053 2054 2076 2395
15476 854 2088 2087 2086 2407
15477 854 2111 2110 2109 2431
15478 854 2161 2160 2159 2502
15479 854 2184 2183 2182 2530
15480 854 2206 2205 2204 2554
15481 854 2622 2621 2620 2909
15482 854 2609 2610 2631 2922
15483 854 2666 2665 2664 2961
15484 854 2716 2715 2714 3032
15485 854 2703 2704 2726 3045
15486 854 2738 2737 2736 3057
15487 854 2761 2760 2759 3081
15488 854 2811 2810 2809 3152
15489 854 2834 2833 2832 3180
15490 854 2856 2855 2854 3204
15491 854 3272 3271 3270 3559
15492 854 3259 3260 3281 3572
15493 854 3316 3315 3314 3611
15494 854 3366 3365 3364 3682
15495 854 3353 3354 3376 3695
15496 854 3388 3387 3386 3707
15497 854 3411 3410 3409 3731
15498 854 3461 3460 3459 3802
15499 854 3484 3483 3482 3830
15500 854 3506 3505 3504 3854
15501 854 3922 3921 3920 4209
15502 854 3909 3910 3931 4222
15503 854 3966 3965 3964 4261
15504 854 4016 4015 4014 4332
15505 854 4003 4004 4026 4345
15506 854 4038 4037 4036 4357
15507 854 4061 4060 4059 4381
15508 854 4111 4110 4109 4452
15509 854 4134 4133 4132 4480
15510 854 4156 4155 4154 4504
15511 854 4572 4571 4570 4859
15512 854 4559 4560 4581 4872
15513 854 4616 4615 4614 4911
15514 854 4666 4665 4664 4982
15515 854 4653 4654 4676 4995
15516 854 4688 4687 4686 5007
15517 854 4711 4710 4709 5031
15518 854 4761 4760 4759 5102
15519 854 4784 4783 4782 5130
15520 854 4806 4805 4804 5154
15521 854 5222 5221 5220 5509
15522 854 5209 5210 5231 5522
15523 854 5266 5265 5264 5561
15524 854 5316 5315 5314 5632
15525 854 5303 5304 5326 5645
15526 854 5338 5337 5336 5657
15527 854 5361 5360 5359 5681
15528 854 5411 5410 5409 5752
15529 854 5434 5433 5432 5780
15530 854 5456 5455 5454 5804
15531 854 5872 5871 5870 6159
15532 854 5859 5860 5881 6172
15533 854 5916 5915 5914 6211
15534 854 5966 5965 5964 6282
15535 854 5953 5954 5976 6295
15536 854 5988 5987 5986 6307
15537 854 6011 6010 6009 6331
15538 854 6061 6060 6059 6402
15539 854 6084 6083 6082 6430
15540 854 6106 6105 6104 6454
15541 854 6522 6521 6520 6809
15542 854 6509 6510 6531 6822
15543 854 6566 6565 6564 6861
15544 854 6616 6615 6614 6932
15545 854 6603 6604 6626 6945
15546 854 6638 6637 6636 6957
15547 854 6661 6660 6659 6981
15548 854 6711 6710 6709 7052
15549 854 6734 6733 6732 7080
15550 854 6756 6755 6754 7104
15551 854 7172 7171 7170 7459
15552 854 7159 7160 7181 7472
15553 854 7216 7215 7214 7511
15554 854 7266 7265 7264 7582
15555 854 7253 7254 7276 7595
15556 854 7288 7287 7286 7607
15557 854 7311 7310 7309 7631
15558 854 7361 7360 7359 7702
15559 854 7384 7383 7382 7730
15560 854 7406 7405 7404 7754
15561 854 7822 7821 7820 8109
15562 854 7809 7810 7831 8122
15563 854 7866 7865 7864 8161
15564 854 7916 7915 7914 8232
15565 854 7903 7904 7926 8245
15566 854 7938 7937 7936 8257
15567 854 7961 7960 7959 8281
15568 854 8011 8010 8009 8352
15569 854 8034 8033 8032 8380
15570 854 8056 8055 8054 8404
15571 854 8472 8471 8470 8759
15572 854 8459 8460 8481 8772
15573 854 8516 8515 8514 8811
15574 854 8566 8565 8564 8882
15575 854 8553 8554 8576 8895
15576 854 8588 8587 8586 8907
15577 854 8611 8610 8609 8931
15578 854 8661 8660 8659 9002
15579 854 8684 8683 8682 9030
15580 854 8706 8705 8704 9054
15581 854 9122 9121 9120 9409
15582 854 9109 9110 9131 9422
15583 854 9166 9165 9164 9461
15584 854 9216 9215 9214 9532
15585 854 9203 9204 9226 9545
15586 854 9238 9237 9236 9557
15587 854 9261 9260 9259 9581
15588 854 9311 9310 9309 9652
15589 854 9334 9333 9332 9680
15590 854 9356 9355 9354 9704
15591 854 9772 9771 9770 10059
15592 854 9759 9760 9781 10072
15593 854 9816 9815 9814 10111
15594 854 9866 9865 9864 10182
15595 854 9853 9854 9876 10195
15596 854 9888 9887 9886 10207
15597 854 9911 9910 9909 10231
15598 854 9961 9960 9959 10302
15599 854 9984 9983 9982 10330
15600 854 10006 10005 10004 10354
15601 854 10422 10421 10420 10709
15602 854 10409 10410 10431 10722
15603 854 10466 10465 10464 10761
15604 854 10516 10515 10514 10832
15605 854 10503 10504 10526 10845
15606 854 10538 10537 10536 10857
15607 854 10561 10560 10559 10881
15608 854 10611 10610 10609 10952
15609 854 10634 10633 10632 10980
15610 854 10656 10655 10654 11004
15611 854 11072 11071 11070 11359
15612 854 11059 11060 11081 11372
15613 854 11116 11115 11114 11411
15614 854 11166 11165 11164 11482
15615 854 11153 11154 11176 11495
15616 854 11188 11187 11186 11507
15617 854 11211 11210 11209 11531
15618 854 11261 11260 11259 11602
15619 854 11284 11283 11282 11630
15620 854 11306 11305 11304 11654
15621 854 11722 11721 11720 12009
15622 854 11709 11710 11731 12022
15623 854 11766 11765 11764 12061
15624 854 11816 11815 11814 12132
15625 854 11803 11804 11826 12145
15626 854 11838 11837 11836 12157
15627 854 11861 11860 11859 12181
15628 854 11911 11910 11909 12252
15629 854 11934 11933 11932 12280
15630 854 11956 11955 11954 12304
15631 854 12372 12371 12370 12659
15632 854 12359 12360 12381 12672
15633 854 12416 12415 12414 12711
15634 854 12466 12465 12464 12782
15635 854 12453 12454 12476 12795
15636 854 12488 12487 12486 12807
15637 854 12511 12510 12509 12831
15638 854 12561 12560 12559 12902
15639 854 12584 12583 12582 12930
15640 854 12606 12605 12604 12954
15641 854 25 24 20 309
15642 854 6 7 31 322
15643 854 46 45 41 334
15644 854 69 68 64 361
15645 854 119 118 114 432
15646 854 100 101 126 445
15647 854 141 140 136 457
15648 854 164 163 159 481
15649 854 214 213 209 552
15650 854 237 236 232 580
15651 854 259 258 254 604
15652 854 675 674 670 959
15653 854 656 657 681 972
15654 854 696 695 691 984
15655 854 719 718 714 1011
15656 854 769 768 764 1082
15657 854 750 751 776 1095
15658 854 791 790 786 1107
15659 854 814 813 809 1131
15660 854 864 863 859 1202
15661 854 887 886 882 1230
15662 854 909 908 904 1254
15663 854 1325 1324 1320 1609
15664 854 1306 1307 1331 1622
15665 854 1346 1345 1341 1634
15666 854 1369 1368 1364 1661
15667 854 1419 1418 1414 1732
15668 854 1400 1401 1426 1745
15669 854 1441 1440 1436 1757
15670 854 1464 1463 1459 1781
15671 854 1514 1513 1509 1852
15672 854 1537 1536 1532 1880
15673 854 1559 1558 1554 1904
15674 854 1975 1974 1970 2259
15675 854 1956 1957 1981 2272
15676 854 1996 1995 1991 2284
15677 854 2019 2018 2014 2311
15678 854 2069 2068 2064 2382
15679 854 2050 2051 2076 2395
15680 854 2091 2090 2086 2407
15681 854 2114 2113 2109 2431
15682 854 2164 2163 2159 2502
15683 854 2187 2186 2182 2530
15684 854 2209 2208 2204 2554
15685 854 2625 2624 2620 2909
15686 854 2606 2607 2631 2922
15687 854 2646 2645 2641 2934
15688 854 2669 2668 2664 2961
15689 854 2719 2718 2714 3032
15690 854 2700 2701 2726 3045
15691 854 2741 2740 2736 3057
15692 854 2764 2763 2759 3081
15693 854 2814 2813 2809 3152
15694 854 2837 2836 2832 3180
15695 854 2859 2858 2854 3204
15696 854 3275 3274 3270 3559
15697 854 3256 3257 3281 3572
15698 854 3296 3295 3291 3584
15699 854 3319 3318 3314 3611
15700 854 3369 3368 3364 3682
15701 854 3350 3351 3376 3695
15702 854 3391 3390 3386 3707
15703 854 3414 3413 3409 3731
15704 854 3464 3463 3459 3802
15705 854 3487 3486 3482 3830
15706 854 3509 3508 3504 3854
15707 854 3925 3924 3920 4209
15708 854 3906 3907 3931 4222
15709 854 3946 3945 3941 4234
15710 854 3969 3968 3964 4261
15711 854 4019 4018 4014 4332
15712 854 4000 4001 4026 4345
15713 854 4041 4040 4036 4357
15714 854 4064 4063 4059 4381
15715 854 4114 4113 4109 4452
15716 854 4137 4136 4132 4480
15717 854 4159 4158 4154 4504
15718 854 4575 4574 4570 4859
15719 854 4556 4557 4581 4872
15720 854 4596 4595 4591 4884
15721 854 4619 4618 4614 4911
15722 854 4669 4668 4664 4982
15723 854 4650 4651 4676 4995
15724 854 4691 4690 4686 5007
15725 854 4714 4713 4709 5031
15726 854 4764 4763 4759 5102
15727 854 4787 4786 4782 5130
15728 854 4809 4808 4804 5154
15729 854 5225 5224 5220 5509
15730 854 5206 5207 5231 5522
15731 854 5246 5245 5241 5534
15732 854 5269 5268 5264 5561
15733 854 5319 5318 5314 5632
15734 854 5300 5301 5326 5645
15735 854 5341 5340 5336 5657
15736 854 5364 5363 5359 5681
15737 854 5414 5413 5409 5752
15738 854 5437 5436 5432 5780
15739 854 5459 5458 5454 5804
15740 854 5875 5874 5870 6159
15741 854 5856 5857 5881 6172
15742 854 5896 5895 5891 6184
15743 854 5919 5918 5914 6211
15744 854 5969 5968 5964 6282
15745 854 5950 5951 5976 6295
15746 854 5991 5990 5986 6307
15747 854 6014 6013 6009 6331
15748 854 6064 6063 6059 6402
15749 854 6087 6086 6082 6430
15750 854 6109 6108 6104 6454
15751 854 6525 6524 6520 6809
15752 854 6506 6507 6531 6822
15753 854 6546 6545 6541 6834
15754 854 6569 6568 6564 6861
15755 854 6619 6618 6614 6932
15756 854 6600 6601 6626 6945
15757 854 6641 6640 6636 6957
15758 854 6664 6663 6659 6981
15759 854 6714 6713 6709 7052
15760 854 6737 6736 6732 7080
15761 854 6759 6758 6754 7104
15762 854 7175 7174 7170 7459
15763 854 7156 7157 7181 7472
15764 854 7196 7195 7191 7484
15765 854 7219 7218 7214 7511
15766 854 7269 7268 7264 7582
15767 854 7250 7251 7276 7595
15768 854 7291 7290 7286 7607
15769 854 7314 7313 7309 7631
15770 854 7364 7363 7359 7702
15771 854 7387 7386 7382 7730
15772 854 7409 7408 7404 7754
15773 854 7825 7824 7820 8109
15774 854 7806 7807 7831 8122
15775 854 7846 7845 7841 8134
15776 854 7869 7868 7864 8161
15777 854 7919 7918 7914 8232
15778 854 7900 7901 7926 8245
15779 854 7941 7940 7936 8257
15780 854 7964 7963 7959 8281
15781 854 8014 8013 8009 8352
15782 854 8037 8036 8032 8380
15783 854 8059 8058 8054 8404
15784 854 8475 8474 8470 8759
15785 854 8456 8457 8481 8772
15786 854 8496 8495 8491 8784
15787 854 8519 8518 8514 8811
15788 854 8569 8568 8564 8882
15789 854 8550 8551 8576 8895
15790 854 8591 8590 8586 8907
15791 854 8614 8613 8609 8931
15792 854 8664 8663 8659 9002
15793 854 8687 8686 8682 9030
15794 854 8709 8708 8704 9054
15795 854 9125 9124 9120 9409
15796 854 9106 9107 9131 9422
15797 854 9146 9145 9141 9434
15798 854 9169 9168 9164 9461
15799 854 9219 9218 9214 9532
15800 854 9200 9201 9226 9545
15801 854 9241 9240 9236 9557
15802 854 9264 9263 9259 9581
15803 854 9314 9313 9309 9652
15804 854 9337 9336 9332 9680
15805 854 9359 9358 9354 9704
15806 854 9775 9774 9770 10059
15807 854 9756 9757 9781 10072
15808 854 9796 9795 9791 10084
15809 854 9819 9818 9814 10111
15810 854 9869 9868 9864 10182
15811 854 9850 9851 9876 10195
15812 854 9891 9890 9886 10207
15813 854 9914 9913 9909 10231
15814 854 9964 9963 9959 10302
15815 854 9987 9986 9982 10330
15816 854 10009 10008 10004 10354
15817 854 10425 10424 10420 10709
15818 854 10406 10407 10431 10722
15819 854 10446 10445 10441 10734
15820 854 10469 10468 10464 10761
15821 854 10519 10518 10514 10832
15822 854 10500 10501 10526 10845
15823 854 10541 10540 10536 10857
15824 854 10564 10563 10559 10881
15825 854 10614 10613 10609 10952
15826 854 10637 10636 10632 10980
15827 854 10659 10658 10654 11004
15828 854 11075 11074 11070 11359
15829 854 11056 11057 11081 11372
15830 854 11096 11095 11091 11384
15831 854 11119 11118 11114 11411
15832 854 11169 11168 11164 11482
15833 854 11150 11151 11176 11495
15834 854 11191 11190 11186 11507
15835 854 11214 11213 11209 11531
15836 854 11264 11263 11259 11602
15837 854 11287 11286 11282 11630
15838 854 11309 11308 11304 11654
15839 854 11725 11724 11720 12009
15840 854 11706 11707 11731 12022
15841 854 11746 11745 11741 12034
15842 854 11769 11768 11764 12061
15843 854 11819 11818 11814 12132
15844 854 11800 11801 11826 12145
15845 854 11841 11840 11836 12157
15846 854 11864 11863 11859 12181
15847 854 11914 11913 11909 12252
15848 854 11937 11936 11932 12280
15849 854 11959 11958 11954 12304
15850 854 12375 12374 12370 12659
15851 854 12356 12357 12381 12672
15852 854 12396 12395 12391 12684
15853 854 12419 12418 12414 12711
15854 854 12469 12468 12464 12782
15855 854 12450 12451 12476 12795
15856 854 12491 12490 12486 12807
15857 854 12514 12513 12509 12831
15858 854 12564 12563 12559 12902
15859 854 12587 12586 12582 12930
15860 854 12609 12608 12604 12954
15861 854 25 26 27 320
15862 854 25 26 27 321
15863 854 46 47 48 345
15864 854 46 47 48 346
15865 854 69 70 71 372
15866 854 69 70 71 373
15867 854 119 120 121 443
15868 854 119 120 121 444
15869 854 141 142 143 468
15870 854 141 142 143 469
15871 854 164 165 166 492
15872 854 164 165 166 493
15873 854 214 215 216 563
15874 854 214 215 216 564
15875 854 237 238 239 591
15876 854 237 238 239 592
15877 854 259 260 261 615
15878 854 259 260 261 616
15879 854 675 676 677 970
15880 854 675 676 677 971
15881 854 696 697 698 995
15882 854 696 697 698 996
15883 854 719 720 721 1022
15884 854 719 720 721 1023
15885 854 769 770 771 1093
15886 854 769 770 771 1094
15887 854 791 792 793 1118
15888 854 791 792 793 1119
15889 854 814 815 816 1142
15890 854 814 815 816 1143
15891 854 864 865 866 1213
15892 854 864 865 866 1214
15893 854 887 888 889 1241
15894 854 887 888 889 1242
15895 854 909 910 911 1265
15896 854 909 910 911 1266
15897 854 1325 1326 1327 1620
15898 854 1325 1326 1327 1621
15899 854 1346 1347 1348 1645
15900 854 1346 1347 1348 1646
15901 854 1369 1370 1371 1672
15902 854 1369 1370 1371 1673
15903 854 1419 1420 1421 1743
15904 854 1419 1420 1421 1744
15905 854 1441 1442 1443 1768
15906 854 1441 1442 1443 1769
15907 854 1464 1465 1466 1792
15908 854 1464 1465 1466 1793
15909 854 1514 1515 1516 1863
15910 854 1514 1515 1516 1864
15911 854 1537 1538 1539 1891
15912 854 1537 1538 1539 1892
15913 854 1559 1560 1561 1915
15914 854 1559 1560 1561 1916
15915 854 1975 1976 1977 2270
15916 854 1975 1976 1977 2271
15917 854 1996 1997 1998 2295
15918 854 1996 1997 1998 2296
15919 854 2019 2020 2021 2322
15920 854 2019 2020 2021 2323
15921 854 2069 2070 2071 2393
15922 854 2069 2070 2071 2394
15923 854 2091 2092 2093 2418
15924 854 2091 2092 2093 2419
15925 854 2114 2115 2116 2442
15926 854 2114 2115 2116 2443
15927 854 2164 2165 2166 2513
15928 854 2164 2165 2166 2514
15929 854 2187 2188 2189 2541
15930 854 2187 2188 2189 2542
15931 854 2209 2210 2211 2565
15932 854 2209 2210 2211 2566
15933 854 2625 2626 2627 2920
15934 854 2625 2626 2627 2921
15935 854 2646 2647 2648 2945
15936 854 2646 2647 2648 2946
15937 854 2669 2670 2671 2972
15938 854 2669 2670 2671 2973
15939 854 2719 2720 2721 3043
15940 854 2719 2720 2721 3044
15941 854 2741 2742 2743 3068
15942 854 2741 2742 2743 3069
15943 854 2764 2765 2766 3092
15944 854 2764 2765 2766 3093
15945 854 2814 2815 2816 3163
15946 854 2814 2815 2816 3164
15947 854 2837 2838 2839 3191
15948 854 2837 2838 2839 3192
15949 854 2859 2860 2861 3215
15950 854 2859 2860 2861 3216
15951 854 3275 3276 3277 3570
15952 854 3275 3276 3277 3571
15953 854 3296 3297 3298 3595
15954 854 3296 3297 3298 3596
15955 854 3319 3320 3321 3622
15956 854 3319 3320 3321 3623
15957 854 3369 3370 3371 3693
15958 854 3369 3370 3371 3694
15959 854 3391 3392 3393 3718
15960 854 3391 3392 3393 3719
15961 854 3414 3415 3416 3742
15962 854 3414 3415 3416 3743
15963 854 3464 3465 3466 3813
15964 854 3464 3465 3466 3814
15965 854 3487 3488 3489 3841
15966 854 3487 3488 3489 3842
15967 854 3509 3510 3511 3865
15968 854 3509 3510 3511 3866
15969 854 3925 3926 3927 4220
15970 854 3925 3926 3927 4221
15971 854 3946 3947 3948 4245
15972 854 3946 3947 3948 4246
15973 854 3969 3970 3971 4272
15974 854 3969 3970 3971 4273
15975 854 4019 4020 4021 4343
15976 854 4019 4020 4021 4344
15977 854 4041 4042 4043 4368
15978 854 4041 4042 4043 4369
15979 854 4064 4065 4066 4392
15980 854 4064 4065 4066 4393
15981 854 4114 4115 4116 4463
15982 854 4114 4115 4116 4464
15983 854 4137 4138 4139 4491
15984 854 4137 4138 4139 4492
15985 854 4159 4160 4161 4515
15986 854 4159 4160 4161 4516
15987 854 4575 4576 4577 4870
15988 854 4575 4576 4577 4871
15989 854 4596 4597 4598 4895
15990 854 4596 4597 4598 4896
15991 854 4619 4620 4621 4922
15992 854 4619 4620 4621 4923
15993 854 4669 4670 4671 4993
15994 854 4669 4670 4671 4994
15995 854 4691 4692 4693 5018
15996 854 4691 4692 4693 5019
15997 854 4714 4715 4716 5042
15998 854 4714 4715 4716 5043
15999 854 4764 4765 4766 5113
16000 854 4764 4765 4766 5114
16001 854 4787 4788 4789 5141
16002 854 4787 4788 4789 5142
16003 854 4809 4810 4811 5165
16004 854 4809 4810 4811 5166
16005 854 5225 5226 5227 5520
16006 854 5225 5226 5227 5521
16007 854 5246 5247 5248 5545
16008 854 5246 5247 5248 5546
16009 854 5269 5270 5271 5572
16010 854 5269 5270 5271 5573
16011 854 5319 5320 5321 5643
16012 854 5319 5320 5321 5644
16013 854 5341 5342 5343 5668
16014 854 5341 5342 5343 5669
16015 854 5364 5365 5366 5692
16016 854 5364 5365 5366 5693
16017 854 5414 5415 5416 5763
16018 854 5414 5415 5416 5764
16019 854 5437 5438 5439 5791
16020 854 5437 5438 5439 5792
16021 854 5459 5460 5461 5815
16022 854 5459 5460 5461 5816
16023 854 5875 5876 5877 6170
16024 854 5875 5876 5877 6171
16025 854 5896 5897 5898 6195
16026 854 5896 5897 5898 6196
16027 854 5919 5920 5921 6222
16028 854 5919 5920 5921 6223
16029 854 5969 5970 5971 6293
16030 854 5969 5970 5971 6294
16031 854 5991 5992 5993 6318
16032 854 5991 5992 5993 6319
16033 854 6014 6015 6016 6342
16034 854 6014 6015 6016 6343
16035 854 6064 6065 6066 6413
16036 854 6064 6065 6066 6414
16037 854 6087 6088 6089 6441
16038 854 6087 6088 6089 6442
16039 854 6109 6110 6111 6465
16040 854 6109 6110 6111 6466
16041 854 6525 6526 6527 6820
16042 854 6525 6526 6527 6821
16043 854 6546 6547 6548 6845
16044 854 6546 6547 6548 6846
16045 854 6569 6570 6571 6872
16046 854 6569 6570 6571 6873
16047 854 6619 6620 6621 6943
16048 854 6619 6620 6621 6944
16049 854 6641 6642 6643 6968
16050 854 6641 6642 6643 6969
16051 854 6664 6665 6666 6992
16052 854 6664 6665 6666 6993
16053 854 6714 6715 6716 7063
16054 854 6714 6715 6716 7064
16055 854 6737 6738 6739 7091
16056 854 6737 6738 6739 7092
16057 854 6759 6760 6761 7115
16058 854 6759 6760 6761 7116
16059 854 7175 7176 7177 7470
16060 854 7175 7176 7177 7471
16061 854 7196 7197 7198 7495
16062 854 7196 7197 7198 7496
16063 854 7219 7220 7221 7522
16064 854 7219 7220 7221 7523
16065 854 7269 7270 7271 7593
16066 854 7269 7270 7271 7594
16067 854 7291 7292 7293 7618
16068 854 7291 7292 7293 7619
16069 854 7314 7315 7316 7642
16070 854 7314 7315 7316 7643
16071 854 7364 7365 7366 7713
16072 854 7364 7365 7366 7714
16073 854 7387 7388 7389 7741
16074 854 7387 7388 7389 7742
16075 854 7409 7410 7411 7765
16076 854 7409 7410 7411 7766
16077 854 7825 7826 7827 8120
16078 854 7825 7826 7827 8121
16079 854 7846 7847 7848 8145
16080 854 7846 7847 7848 8146
16081 854 7869 7870 7871 8172
16082 854 7869 7870 7871 8173
16083 854 7919 7920 7921 8243
16084 854 7919 7920 7921 8244
16085 854 7941 7942 7943 8268
16086 854 7941 7942 7943 8269
16087 854 7964 7965 7966 8292
16088 854 7964 7965 7966 8293
16089 854 8014 8015 8016 8363
16090 854 8014 8015 8016 8364
16091 854 8037 8038 8039 8391
16092 854 8037 8038 8039 8392
16093 854 8059 8060 8061 8415
16094 854 8059 8060 8061 8416
16095 854 8475 8476 8477 8770
16096 854 8475 8476 8477 8771
16097 854 8496 8497 8498 8795
16098 854 8496 8497 8498 8796
16099 854 8519 8520 8521 8822
16100 854 8519 8520 8521 8823
16101 854 8569 8570 8571 8893
16102 854 8569 8570 8571 8894
16103 854 8591 8592 8593 8918
16104 854 8591 8592 8593 8919
16105 854 8614 8615 8616 8942
16106 854 8614 8615 8616 8943
16107 854 8664 8665 8666 9013
16108 854 8664 8665 8666 9014
16109 854 8687 8688 8689 9041
16110 854 8687 8688 8689 9042
16111 854 8709 8710 8711 9065
16112 854 8709 8710 8711 9066
16113 854 9125 9126 9127 9420
16114 854 9125 9126 9127 9421
16115 854 9146 9147 9148 9445
16116 854 9146 9147 9148 9446
16117 854 9169 9170 9171 9472
16118 854 9169 9170 9171 9473
16119 854 9219 9220 9221 9543
16120 854 9219 9220 9221 9544
16121 854 9241 9242 9243 9568
16122 854 9241 9242 9243 9569
16123 854 9264 9265 9266 9592
16124 854 9264 9265 9266 9593
16125 854 9314 9315 9316 9663
16126 854 9314 9315 9316 9664
16127 854 9337 9338 9339 9691
16128 854 9337 9338 9339 9692
16129 854 9359 9360 9361 9715
16130 854 9359 9360 9361 9716
16131 854 9775 9776 9777 10070
16132 854 9775 9776 9777 10071
16133 854 9796 9797 9798 10095
16134 854 9796 9797 9798 10096
16135 854 9819 9820 9821 10122
16136 854 9819 9820 9821 10123
16137 854 9869 9870 9871 10193
16138 854 9869 9870 9871 10194
16139 854 9891 9892 9893 10218
16140 854 9891 9892 9893 10219
16141 854 9914 9915 9916 10242
16142 854 9914 9915 9916 10243
16143 854 9964 9965 9966 10313
16144 854 9964 9965 9966 10314
16145 854 9987 9988 9989 10341
16146 854 9987 9988 9989 10342
16147 854 10009 10010 10011 10365
16148 854 10009 10010 10011 10366
16149 854 10425 10426 10427 10720
16150 854 10425 10426 10427 10721
16151 854 10446 10447 10448 10745
16152 854 10446 10447 10448 10746
16153 854 10469 10470 10471 10772
16154 854 10469 10470 10471 10773
16155 854 10519 10520 10521 10843
16156 854 10519 10520 10521 10844
16157 854 10541 10542 10543 10868
16158 854 10541 10542 10543 10869
16159 854 10564 10565 10566 10892
16160 854 10564 10565 10566 10893
16161 854 10614 10615 10616 10963
16162 854 10614 10615 10616 10964
16163 854 10637 10638 10639 10991
16164 854 10637 10638 10639 10992
16165 854 10659 10660 10661 11015
16166 854 10659 10660 10661 11016
16167 854 11075 11076 11077 11370
16168 854 11075 11076 11077 11371
16169 854 11096 11097 11098 11395
16170 854 11096 11097 11098 11396
16171 854 11119 11120 11121 11422
16172 854 11119 11120 11121 11423
16173 854 11169 11170 11171 11493
16174 854 11169 11170 11171 11494
16175 854 11191 11192 11193 11518
16176 854 11191 11192 11193 11519
16177 854 11214 11215 11216 11542
16178 854 11214 11215 11216 11543
16179 854 11264 11265 11266 11613
16180 854 11264 11265 11266 11614
16181 854 11287 11288 11289 11641
16182 854 11287 11288 11289 11642
16183 854 11309 11310 11311 11665
16184 854 11309 11310 11311 11666
16185 854 11725 11726 11727 12020
16186 854 11725 11726 11727 12021
16187 854 11746 11747 11748 12045
16188 854 11746 11747 11748 12046
16189 854 11769 11770 11771 12072
16190 854 11769 11770 11771 12073
16191 854 11819 11820 11821 12143
16192 854 11819 11820 11821 12144
16193 854 11841 11842 11843 12168
16194 854 11841 11842 11843 12169
16195 854 11864 11865 11866 12192
16196 854 11864 11865 11866 12193
16197 854 11914 11915 11916 12263
16198 854 11914 11915 11916 12264
16199 854 11937 11938 11939 12291
16200 854 11937 11938 11939 12292
16201 854 11959 11960 11961 12315
16202 854 11959 11960 11961 12316
16203 854 12375 12376 12377 12670
16204 854 12375 12376 12377 12671
16205 854 12396 12397 12398 12695
16206 854 12396 12397 12398 12696
16207 854 12419 12420 12421 12722
16208 854 12419 12420 12421 12723
16209 854 12469 12470 12471 12793
16210 854 12469 12470 12471 12794
16211 854 12491 12492 12493 12818
16212 854 12491 12492 12493 12819
16213 854 12514 12515 12516 12842
16214 854 12514 12515 12516 12843
16215 854 12564 12565 12566 12913
16216 854 12564 12565 12566 12914
16217 854 12587 12588 12589 12941
16218 854 12587 12588 12589 12942
16219 854 12609 12610 12611 12965
16220 854 12609 12610 12611 12966
16221 854 43 42 41 334
16222 854 693 692 691 984
16223 854 1343 1342 1341 1634
16224 854 1993 1992 1991 2284
16225 854 2643 2642 2641 2934
16226 854 3293 3292 3291 3584
16227 854 3943 3942 3941 4234
16228 854 4593 4592 4591 4884
16229 854 5243 5242 5241 5534
16230 854 5893 5892 5891 6184
16231 854 6543 6542 6541 6834
16232 854 7193 7192 7191 7484
16233 854 7843 7842 7841 8134
16234 854 8493 8492 8491 8784
16235 854 9143 9142 9141 9434
16236 854 9793 9792 9791 10084
16237 854 10443 10442 10441 10734
16238 854 11093 11092 11091 11384
16239 854 11743 11742 11741 12034
16240 854 12393 12392 12391 12684
16241 854 41 42 43 337
16242 854 41 42 43 338
16243 854 691 692 693 987
16244 854 691 692 693 988
16245 854 1341 1342 1343 1637
16246 854 1341 1342 1343 1638
16247 854 1991 1992 1993 2287
16248 854 1991 1992 1993 2288
16249 854 2641 2642 2643 2937
16250 854 2641 2642 2643 2938
16251 854 3291 3292 3293 3587
16252 854 3291 3292 3293 3588
16253 854 3941 3942 3943 4237
16254 854 3941 3942 3943 4238
16255 854 4591 4592 4593 4887
16256 854 4591 4592 4593 4888
16257 854 5241 5242 5243 5537
16258 854 5241 5242 5243 5538
16259 854 5891 5892 5893 6187
16260 854 5891 5892 5893 6188
16261 854 6541 6542 6543 6837
16262 854 6541 6542 6543 6838
16263 854 7191 7192 7193 7487
16264 854 7191 7192 7193 7488
16265 854 7841 7842 7843 8137
16266 854 7841 7842 7843 8138
16267 854 8491 8492 8493 8787
16268 854 8491 8492 8493 8788
16269 854 9141 9142 9143 9437
16270 854 9141 9142 9143 9438
16271 854 9791 9792 9793 10087
16272 854 9791 9792 9793 10088
16273 854 10441 10442 10443 10737
16274 854 10441 10442 10443 10738
16275 854 11091 11092 11093 11387
16276 854 11091 11092 11093 11388
16277 854 11741 11742 11743 12037
16278 854 11741 11742 11743 12038
16279 854 12391 12392 12393 12687
16280 854 12391 12392 12393 12688
16281 854 87 76 77 376
16282 854 87 76 77 377
16283 854 182 171 172 496
16284 854 182 171 172 497
16285 854 277 266 267 619
16286 854 277 266 267 620
16287 854 737 726 727 1026
16288 854 737 726 727 1027
16289 854 832 821 822 1146
16290 854 832 821 822 1147
16291 854 927 916 917 1269
16292 854 927 916 917 1270
16293 854 1387 1376 1377 1676
16294 854 1387 1376 1377 1677
16295 854 1482 1471 1472 1796
16296 854 1482 1471 1472 1797
16297 854 1577 1566 1567 1919
16298 854 1577 1566 1567 1920
16299 854 2037 2026 2027 2326
16300 854 2037 2026 2027 2327
16301 854 2132 2121 2122 2446
16302 854 2132 2121 2122 2447
16303 854 2227 2216 2217 2569
16304 854 2227 2216 2217 2570
16305 854 2687 2676 2677 2976
16306 854 2687 2676 2677 2977
16307 854 2782 2771 2772 3096
16308 854 2782 2771 2772 3097
16309 854 2877 2866 2867 3219
16310 854 2877 2866 2867 3220
16311 854 3337 3326 3327 3626
16312 854 3337 3326 3327 3627
16313 854 3432 3421 3422 3746
16314 854 3432 3421 3422 3747
16315 854 3527 3516 3517 3869
16316 854 3527 3516 3517 3870
16317 854 3987 3976 3977 4276
16318 854 3987 3976 3977 4277
16319 854 4082 4071 4072 4396
16320 854 4082 4071 4072 4397
16321 854 4177 4166 4167 4519
16322 854 4177 4166 4167 4520
16323 854 4637 4626 4627 4926
16324 854 4637 4626 4627 4927
16325 854 4732 4721 4722 5046
16326 854 4732 4721 4722 5047
16327 854 4827 4816 4817 5169
16328 854 4827 4816 4817 5170
16329 854 5287 5276 5277 5576
16330 854 5287 5276 5277 5577
16331 854 5382 5371 5372 5696
16332 854 5382 5371 5372 5697
16333 854 5477 5466 5467 5819
16334 854 5477 5466 5467 5820
16335 854 5937 5926 5927 6226
16336 854 5937 5926 5927 6227
16337 854 6032 6021 6022 6346
16338 854 6032 6021 6022 6347
16339 854 6127 6116 6117 6469
16340 854 6127 6116 6117 6470
16341 854 6587 6576 6577 6876
16342 854 6587 6576 6577 6877
16343 854 6682 6671 6672 6996
16344 854 6682 6671 6672 6997
16345 854 6777 6766 6767 7119
16346 854 6777 6766 6767 7120
16347 854 7237 7226 7227 7526
16348 854 7237 7226 7227 7527
16349 854 7332 7321 7322 7646
16350 854 7332 7321 7322 7647
16351 854 7427 7416 7417 7769
16352 854 7427 7416 7417 7770
16353 854 7887 7876 7877 8176
16354 854 7887 7876 7877 8177
16355 854 7982 7971 7972 8296
16356 854 7982 7971 7972 8297
16357 854 8077 8066 8067 8419
16358 854 8077 8066 8067 8420
16359 854 8537 8526 8527 8826
16360 854 8537 8526 8527 8827
16361 854 8632 8621 8622 8946
16362 854 8632 8621 8622 8947
16363 854 8727 8716 8717 9069
16364 854 8727 8716 8717 9070
16365 854 9187 9176 9177 9476
16366 854 9187 9176 9177 9477
16367 854 9282 9271 9272 9596
16368 854 9282 9271 9272 9597
16369 854 9377 9366 9367 9719
16370 854 9377 9366 9367 9720
16371 854 9837 9826 9827 10126
16372 854 9837 9826 9827 10127
16373 854 9932 9921 9922 10246
16374 854 9932 9921 9922 10247
16375 854 10027 10016 10017 10369
16376 854 10027 10016 10017 10370
16377 854 10487 10476 10477 10776
16378 854 10487 10476 10477 10777
16379 854 10582 10571 10572 10896
16380 854 10582 10571 10572 10897
16381 854 10677 10666 10667 11019
16382 854 10677 10666 10667 11020
16383 854 11137 11126 11127 11426
16384 854 11137 11126 11127 11427
16385 854 11232 11221 11222 11546
16386 854 11232 11221 11222 11547
16387 854 11327 11316 11317 11669
16388 854 11327 11316 11317 11670
16389 854 11787 11776 11777 12076
16390 854 11787 11776 11777 12077
16391 854 11882 11871 11872 12196
16392 854 11882 11871 11872 12197
16393 854 11977 11966 11967 12319
16394 854 11977 11966 11967 12320
16395 854 12437 12426 12427 12726
16396 854 12437 12426 12427 12727
16397 854 12532 12521 12522 12846
16398 854 12532 12521 12522 12847
16399 854 12627 12616 12617 12969
16400 854 12627 12616 12617 12970
16401 854 86 85 84 390
16402 854 86 85 84 391
16403 854 181 180 179 510
16404 854 181 180 179 511
16405 854 276 275 274 633
16406 854 276 275 274 634
16407 854 736 735 734 1040
16408 854 736 735 734 1041
16409 854 831 830 829 1160
16410 854 831 830 829 1161
16411 854 926 925 924 1283
16412 854 926 925 924 1284
16413 854 1386 1385 1384 1690
16414 854 1386 1385 1384 1691
16415 854 1481 1480 1479 1810
16416 854 1481 1480 1479 1811
16417 854 1576 1575 1574 1933
16418 854 1576 1575 1574 1934
16419 854 2036 2035 2034 2340
16420 854 2036 2035 2034 2341
16421 854 2131 2130 2129 2460
16422 854 2131 2130 2129 2461
16423 854 2226 2225 2224 2583
16424 854 2226 2225 2224 2584
16425 854 2686 2685 2684 2990
16426 854 2686 2685 2684 2991
16427 854 2781 2780 2779 3110
16428 854 2781 2780 2779 3111
16429 854 2876 2875 2874 3233
16430 854 2876 2875 2874 3234
16431 854 3336 3335 3334 3640
16432 854 3336 3335 3334 3641
16433 854 3431 3430 3429 3760
16434 854 3431 3430 3429 3761
16435 854 3526 3525 3524 3883
16436 854 3526 3525 3524 3884
16437 854 3986 3985 3984 4290
16438 854 3986 3985 3984 4291
16439 854 4081 4080 4079 4410
16440 854 4081 4080 4079 4411
16441 854 4176 4175 4174 4533
16442 854 4176 4175 4174 4534
16443 854 4636 4635 4634 4940
16444 854 4636 4635 4634 4941
16445 854 4731 4730 4729 5060
16446 854 4731 4730 4729 5061
16447 854 4826 4825 4824 5183
16448 854 4826 4825 4824 5184
16449 854 5286 5285 5284 5590
16450 854 5286 5285 5284 5591
16451 854 5381 5380 5379 5710
16452 854 5381 5380 5379 5711
16453 854 5476 5475 5474 5833
16454 854 5476 5475 5474 5834
16455 854 5936 5935 5934 6240
16456 854 5936 5935 5934 6241
16457 854 6031 6030 6029 6360
16458 854 6031 6030 6029 6361
16459 854 6126 6125 6124 6483
16460 854 6126 6125 6124 6484
16461 854 6586 6585 6584 6890
16462 854 6586 6585 6584 6891
16463 854 6681 6680 6679 7010
16464 854 6681 6680 6679 7011
16465 854 6776 6775 6774 7133
16466 854 6776 6775 6774 7134
16467 854 7236 7235 7234 7540
16468 854 7236 7235 7234 7541
16469 854 7331 7330 7329 7660
16470 854 7331 7330 7329 7661
16471 854 7426 7425 7424 7783
16472 854 7426 7425 7424 7784
16473 854 7886 7885 7884 8190
16474 854 7886 7885 7884 8191
16475 854 7981 7980 7979 8310
16476 854 7981 7980 7979 8311
16477 854 8076 8075 8074 8433
16478 854 8076 8075 8074 8434
16479 854 8536 8535 8534 8840
16480 854 8536 8535 8534 8841
16481 854 8631 8630 8629 8960
16482 854 8631 8630 8629 8961
16483 854 8726 8725 8724 9083
16484 854 8726 8725 8724 9084
16485 854 9186 9185 9184 9490
16486 854 9186 9185 9184 9491
16487 854 9281 9280 9279 9610
16488 854 9281 9280 9279 9611
16489 854 9376 9375 9374 9733
16490 854 9376 9375 9374 9734
16491 854 9836 9835 9834 10140
16492 854 9836 9835 9834 10141
16493 854 9931 9930 9929 10260
16494 854 9931 9930 9929 10261
16495 854 10026 10025 10024 10383
16496 854 10026 10025 10024 10384
16497 854 10486 10485 10484 10790
16498 854 10486 10485 10484 10791
16499 854 10581 10580 10579 10910
16500 854 10581 10580 10579 10911
16501 854 10676 10675 10674 11033
16502 854 10676 10675 10674 11034
16503 854 11136 11135 11134 11440
16504 854 11136 11135 11134 11441
16505 854 11231 11230 11229 11560
16506 854 11231 11230 11229 11561
16507 854 11326 11325 11324 11683
16508 854 11326 11325 11324 11684
16509 854 11786 11785 11784 12090
16510 854 11786 11785 11784 12091
16511 854 11881 11880 11879 12210
16512 854 11881 11880 11879 12211
16513 854 11976 11975 11974 12333
16514 854 11976 11975 11974 12334
16515 854 12436 12435 12434 12740
16516 854 12436 12435 12434 12741
16517 854 12531 12530 12529 12860
16518 854 12531 12530 12529 12861
16519 854 12626 12625 12624 12983
16520 854 12626 12625 12624 12984
16521 854 84 85 86 394
16522 854 84 85 86 395
16523 854 179 180 181 514
16524 854 179 180 181 515
16525 854 274 275 276 637
16526 854 274 275 276 638
16527 854 734 735 736 1044
16528 854 734 735 736 1045
16529 854 829 830 831 1164
16530 854 829 830 831 1165
16531 854 924 925 926 1287
16532 854 924 925 926 1288
16533 854 1384 1385 1386 1694
16534 854 1384 1385 1386 1695
16535 854 1479 1480 1481 1814
16536 854 1479 1480 1481 1815
16537 854 1574 1575 1576 1937
16538 854 1574 1575 1576 1938
16539 854 2034 2035 2036 2344
16540 854 2034 2035 2036 2345
16541 854 2129 2130 2131 2464
16542 854 2129 2130 2131 2465
16543 854 2224 2225 2226 2587
16544 854 2224 2225 2226 2588
16545 854 2684 2685 2686 2994
16546 854 2684 2685 2686 2995
16547 854 2779 2780 2781 3114
16548 854 2779 2780 2781 3115
16549 854 2874 2875 2876 3237
16550 854 2874 2875 2876 3238
16551 854 3334 3335 3336 3644
16552 854 3334 3335 3336 3645
16553 854 3429 3430 3431 3764
16554 854 3429 3430 3431 3765
16555 854 3524 3525 3526 3887
16556 854 3524 3525 3526 3888
16557 854 3984 3985 3986 4294
16558 854 3984 3985 3986 4295
16559 854 4079 4080 4081 4414
16560 854 4079 4080 4081 4415
16561 854 4174 4175 4176 4537
16562 854 4174 4175 4176 4538
16563 854 4634 4635 4636 4944
16564 854 4634 4635 4636 4945
16565 854 4729 4730 4731 5064
16566 854 4729 4730 4731 5065
16567 854 4824 4825 4826 5187
16568 854 4824 4825 4826 5188
16569 854 5284 5285 5286 5594
16570 854 5284 5285 5286 5595
16571 854 5379 5380 5381 5714
16572 854 5379 5380 5381 5715
16573 854 5474 5475 5476 5837
16574 854 5474 5475 5476 5838
16575 854 5934 5935 5936 6244
16576 854 5934 5935 5936 6245
16577 854 6029 6030 6031 6364
16578 854 6029 6030 6031 6365
16579 854 6124 6125 6126 6487
16580 854 6124 6125 6126 6488
16581 854 6584 6585 6586 6894
16582 854 6584 6585 6586 6895
16583 854 6679 6680 6681 7014
16584 854 6679 6680 6681 7015
16585 854 6774 6775 6776 7137
16586 854 6774 6775 6776 7138
16587 854 7234 7235 7236 7544
16588 854 7234 7235 7236 7545
16589 854 7329 7330 7331 7664
16590 854 7329 7330 7331 7665
16591 854 7424 7425 7426 7787
16592 854 7424 7425 7426 7788
16593 854 7884 7885 7886 8194
16594 854 7884 7885 7886 8195
16595 854 7979 7980 7981 8314
16596 854 7979 7980 7981 8315
16597 854 8074 8075 8076 8437
16598 854 8074 8075 8076 8438
16599 854 8534 8535 8536 8844
16600 854 8534 8535 8536 8845
16601 854 8629 8630 8631 8964
16602 854 8629 8630 8631 8965
16603 854 8724 8725 8726 9087
16604 854 8724 8725 8726 9088
16605 854 9184 9185 9186 9494
16606 854 9184 9185 9186 9495
16607 854 9279 9280 9281 9614
16608 854 9279 9280 9281 9615
16609 854 9374 9375 9376 9737
16610 854 9374 9375 9376 9738
16611 854 9834 9835 9836 10144
16612 854 9834 9835 9836 10145
16613 854 9929 9930 9931 10264
16614 854 9929 9930 9931 10265
16615 854 10024 10025 10026 10387
16616 854 10024 10025 10026 10388
16617 854 10484 10485 10486 10794
16618 854 10484 10485 10486 10795
16619 854 10579 10580 10581 10914
16620 854 10579 10580 10581 10915
16621 854 10674 10675 10676 11037
16622 854 10674 10675 10676 11038
16623 854 11134 11135 11136 11444
16624 854 11134 11135 11136 11445
16625 854 11229 11230 11231 11564
16626 854 11229 11230 11231 11565
16627 854 11324 11325 11326 11687
16628 854 11324 11325 11326 11688
16629 854 11784 11785 11786 12094
16630 854 11784 11785 11786 12095
16631 854 11879 11880 11881 12214
16632 854 11879 11880 11881 12215
16633 854 11974 11975 11976 12337
16634 854 11974 11975 11976 12338
16635 854 12434 12435 12436 12744
16636 854 12434 12435 12436 12745
16637 854 12529 12530 12531 12864
16638 854 12529 12530 12531 12865
16639 854 12624 12625 12626 12987
16640 854 12624 12625 12626 12988
16641 854 77 76 87 396
16642 854 77 76 87 397
16643 854 77 76 87 398
16644 854 172 171 182 516
16645 854 172 171 182 517
16646 854 172 171 182 518
16647 854 267 266 277 639
16648 854 267 266 277 640
16649 854 267 266 277 641
16650 854 727 726 737 1046
16651 854 727 726 737 1047
16652 854 727 726 737 1048
16653 854 822 821 832 1166
16654 854 822 821 832 1167
16655 854 822 821 832 1168
16656 854 917 916 927 1289
16657 854 917 916 927 1290
16658 854 917 916 927 1291
16659 854 1377 1376 1387 1696
16660 854 1377 1376 1387 1697
16661 854 1377 1376 1387 1698
16662 854 1472 1471 1482 1816
16663 854 1472 1471 1482 1817
16664 854 1472 1471 1482 1818
16665 854 1567 1566 1577 1939
16666 854 1567 1566 1577 1940
16667 854 1567 1566 1577 1941
16668 854 2027 2026 2037 2346
16669 854 2027 2026 2037 2347
16670 854 2027 2026 2037 2348
16671 854 2122 2121 2132 2466
16672 854 2122 2121 2132 2467
16673 854 2122 2121 2132 2468
16674 854 2217 2216 2227 2589
16675 854 2217 2216 2227 2590
16676 854 2217 2216 2227 2591
16677 854 2677 2676 2687 2996
16678 854 2677 2676 2687 2997
16679 854 2677 2676 2687 2998
16680 854 2772 2771 2782 3116
16681 854 2772 2771 2782 3117
16682 854 2772 2771 2782 3118
16683 854 2867 2866 2877 3239
16684 854 2867 2866 2877 3240
16685 854 2867 2866 2877 3241
16686 854 3327 3326 3337 3646
16687 854 3327 3326 3337 3647
16688 854 3327 3326 3337 3648
16689 854 3422 3421 3432 3766
16690 854 3422 3421 3432 3767
16691 854 3422 3421 3432 3768
16692 854 3517 3516 3527 3889
16693 854 3517 3516 3527 3890
16694 854 3517 3516 3527 3891
16695 854 3977 3976 3987 4296
16696 854 3977 3976 3987 4297
16697 854 3977 3976 3987 4298
16698 854 4072 4071 4082 4416
16699 854 4072 4071 4082 4417
16700 854 4072 4071 4082 4418
16701 854 4167 4166 4177 4539
16702 854 4167 4166 4177 4540
16703 854 4167 4166 4177 4541
16704 854 4627 4626 4637 4946
16705 854 4627 4626 4637 4947
16706 854 4627 4626 4637 4948
16707 854 4722 4721 4732 5066
16708 854 4722 4721 4732 5067
16709 854 4722 4721 4732 5068
16710 854 4817 4816 4827 5189
16711 854 4817 4816 4827 5190
16712 854 4817 4816 4827 5191
16713 854 5277 5276 5287 5596
16714 854 5277 5276 5287 5597
16715 854 5277 5276 5287 5598
16716 854 5372 5371 5382 5716
16717 854 5372 5371 5382 5717
16718 854 5372 5371 5382 5718
16719 854 5467 5466 5477 5839
16720 854 5467 5466 5477 5840
16721 854 5467 5466 5477 5841
16722 854 5927 5926 5937 6246
16723 854 5927 5926 5937 6247
16724 854 5927 5926 5937 6248
16725 854 6022 6021 6032 6366
16726 854 6022 6021 6032 6367
16727 854 6022 6021 6032 6368
16728 854 6117 6116 6127 6489
16729 854 6117 6116 6127 6490
16730 854 6117 6116 6127 6491
16731 854 6577 6576 6587 6896
16732 854 6577 6576 6587 6897
16733 854 6577 6576 6587 6898
16734 854 6672 6671 6682 7016
16735 854 6672 6671 6682 7017
16736 854 6672 6671 6682 7018
16737 854 6767 6766 6777 7139
16738 854 6767 6766 6777 7140
16739 854 6767 6766 6777 7141
16740 854 7227 7226 7237 7546
16741 854 7227 7226 7237 7547
16742 854 7227 7226 7237 7548
16743 854 7322 7321 7332 7666
16744 854 7322 7321 7332 7667
16745 854 7322 7321 7332 7668
16746 854 7417 7416 7427 7789
16747 854 7417 7416 7427 7790
16748 854 7417 7416 7427 7791
16749 854 7877 7876 7887 8196
16750 854 7877 7876 7887 8197
16751 854 7877 7876 7887 8198
16752 854 7972 7971 7982 8316
16753 854 7972 7971 7982 8317
16754 854 7972 7971 7982 8318
16755 854 8067 8066 8077 8439
16756 854 8067 8066 8077 8440
16757 854 8067 8066 8077 8441
16758 854 8527 8526 8537 8846
16759 854 8527 8526 8537 8847
16760 854 8527 8526 8537 8848
16761 854 8622 8621 8632 8966
16762 854 8622 8621 8632 8967
16763 854 8622 8621 8632 8968
16764 854 8717 8716 8727 9089
16765 854 8717 8716 8727 9090
16766 854 8717 8716 8727 9091
16767 854 9177 9176 9187 9496
16768 854 9177 9176 9187 9497
16769 854 9177 9176 9187 9498
16770 854 9272 9271 9282 9616
16771 854 9272 9271 9282 9617
16772 854 9272 9271 9282 9618
16773 854 9367 9366 9377 9739
16774 854 9367 9366 9377 9740
16775 854 9367 9366 9377 9741
16776 854 9827 9826 9837 10146
16777 854 9827 9826 9837 10147
16778 854 9827 9826 9837 10148
16779 854 9922 9921 9932 10266
16780 854 9922 9921 9932 10267
16781 854 9922 9921 9932 10268
16782 854 10017 10016 10027 10389
16783 854 10017 10016 10027 10390
16784 854 10017 10016 10027 10391
16785 854 10477 10476 10487 10796
16786 854 10477 10476 10487 10797
16787 854 10477 10476 10487 10798
16788 854 10572 10571 10582 10916
16789 854 10572 10571 10582 10917
16790 854 10572 10571 10582 10918
16791 854 10667 10666 10677 11039
16792 854 10667 10666 10677 11040
16793 854 10667 10666 10677 11041
16794 854 11127 11126 11137 11446
16795 854 11127 11126 11137 11447
16796 854 11127 11126 11137 11448
16797 854 11222 11221 11232 11566
16798 854 11222 11221 11232 11567
16799 854 11222 11221 11232 11568
16800 854 11317 11316 11327 11689
16801 854 11317 11316 11327 11690
16802 854 11317 11316 11327 11691
16803 854 11777 11776 11787 12096
16804 854 11777 11776 11787 12097
16805 854 11777 11776 11787 12098
16806 854 11872 11871 11882 12216
16807 854 11872 11871 11882 12217
16808 854 11872 11871 11882 12218
16809 854 11967 11966 11977 12339
16810 854 11967 11966 11977 12340
16811 854 11967 11966 11977 12341
16812 854 12427 12426 12437 12746
16813 854 12427 12426 12437 12747
16814 854 12427 12426 12437 12748
16815 854 12522 12521 12532 12866
16816 854 12522 12521 12532 12867
16817 854 12522 12521 12532 12868
16818 854 12617 12616 12627 12989
16819 854 12617 12616 12627 12990
16820 854 12617 12616 12627 12991
16821 854 13 93 88 399
16822 854 107 188 183 519
16823 854 202 283 278 642
16824 854 663 743 738 1049
16825 854 757 838 833 1169
16826 854 852 933 928 1292
16827 854 1313 1393 1388 1699
16828 854 1407 1488 1483 1819
16829 854 1502 1583 1578 1942
16830 854 1963 2043 2038 2349
16831 854 2057 2138 2133 2469
16832 854 2152 2233 2228 2592
16833 854 2613 2693 2688 2999
16834 854 2707 2788 2783 3119
16835 854 2802 2883 2878 3242
16836 854 3263 3343 3338 3649
16837 854 3357 3438 3433 3769
16838 854 3452 3533 3528 3892
16839 854 3913 3993 3988 4299
16840 854 4007 4088 4083 4419
16841 854 4102 4183 4178 4542
16842 854 4563 4643 4638 4949
16843 854 4657 4738 4733 5069
16844 854 4752 4833 4828 5192
16845 854 5213 5293 5288 5599
16846 854 5307 5388 5383 5719
16847 854 5402 5483 5478 5842
16848 854 5863 5943 5938 6249
16849 854 5957 6038 6033 6369
16850 854 6052 6133 6128 6492
16851 854 6513 6593 6588 6899
16852 854 6607 6688 6683 7019
16853 854 6702 6783 6778 7142
16854 854 7163 7243 7238 7549
16855 854 7257 7338 7333 7669
16856 854 7352 7433 7428 7792
16857 854 7813 7893 7888 8199
16858 854 7907 7988 7983 8319
16859 854 8002 8083 8078 8442
16860 854 8463 8543 8538 8849
16861 854 8557 8638 8633 8969
16862 854 8652 8733 8728 9092
16863 854 9113 9193 9188 9499
16864 854 9207 9288 9283 9619
16865 854 9302 9383 9378 9742
16866 854 9763 9843 9838 10149
16867 854 9857 9938 9933 10269
16868 854 9952 10033 10028 10392
16869 854 10413 10493 10488 10799
16870 854 10507 10588 10583 10919
16871 854 10602 10683 10678 11042
16872 854 11063 11143 11138 11449
16873 854 11157 11238 11233 11569
16874 854 11252 11333 11328 11692
16875 854 11713 11793 11788 12099
16876 854 11807 11888 11883 12219
16877 854 11902 11983 11978 12342
16878 854 12363 12443 12438 12749
16879 854 12457 12538 12533 12869
16880 854 12552 12633 12628 12992
16881 854 93 88 92 400
16882 854 93 88 92 401
16883 854 93 88 92 402
16884 854 188 183 187 520
16885 854 188 183 187 521
16886 854 188 183 187 522
16887 854 283 278 282 643
16888 854 283 278 282 644
16889 854 283 278 282 645
16890 854 743 738 742 1050
16891 854 743 738 742 1051
16892 854 743 738 742 1052
16893 854 838 833 837 1170
16894 854 838 833 837 1171
16895 854 838 833 837 1172
16896 854 933 928 932 1293
16897 854 933 928 932 1294
16898 854 933 928 932 1295
16899 854 1393 1388 1392 1700
16900 854 1393 1388 1392 1701
16901 854 1393 1388 1392 1702
16902 854 1488 1483 1487 1820
16903 854 1488 1483 1487 1821
16904 854 1488 1483 1487 1822
16905 854 1583 1578 1582 1943
16906 854 1583 1578 1582 1944
16907 854 1583 1578 1582 1945
16908 854 2043 2038 2042 2350
16909 854 2043 2038 2042 2351
16910 854 2043 2038 2042 2352
16911 854 2138 2133 2137 2470
16912 854 2138 2133 2137 2471
16913 854 2138 2133 2137 2472
16914 854 2233 2228 2232 2593
16915 854 2233 2228 2232 2594
16916 854 2233 2228 2232 2595
16917 854 2693 2688 2692 3000
16918 854 2693 2688 2692 3001
16919 854 2693 2688 2692 3002
16920 854 2788 2783 2787 3120
16921 854 2788 2783 2787 3121
16922 854 2788 2783 2787 3122
16923 854 2883 2878 2882 3243
16924 854 2883 2878 2882 3244
16925 854 2883 2878 2882 3245
16926 854 3343 3338 3342 3650
16927 854 3343 3338 3342 3651
16928 854 3343 3338 3342 3652
16929 854 3438 3433 3437 3770
16930 854 3438 3433 3437 3771
16931 854 3438 3433 3437 3772
16932 854 3533 3528 3532 3893
16933 854 3533 3528 3532 3894
16934 854 3533 3528 3532 3895
16935 854 3993 3988 3992 4300
16936 854 3993 3988 3992 4301
16937 854 3993 3988 3992 4302
16938 854 4088 4083 4087 4420
16939 854 4088 4083 4087 4421
16940 854 4088 4083 4087 4422
16941 854 4183 4178 4182 4543
16942 854 4183 4178 4182 4544
16943 854 4183 4178 4182 4545
16944 854 4643 4638 4642 4950
16945 854 4643 4638 4642 4951
16946 854 4643 4638 4642 4952
16947 854 4738 4733 4737 5070
16948 854 4738 4733 4737 5071
16949 854 4738 4733 4737 5072
16950 854 4833 4828 4832 5193
16951 854 4833 4828 4832 5194
16952 854 4833 4828 4832 5195
16953 854 5293 5288 5292 5600
16954 854 5293 5288 5292 5601
16955 854 5293 5288 5292 5602
16956 854 5388 5383 5387 5720
16957 854 5388 5383 5387 5721
16958 854 5388 5383 5387 5722
16959 854 5483 5478 5482 5843
16960 854 5483 5478 5482 5844
16961 854 5483 5478 5482 5845
16962 854 5943 5938 5942 6250
16963 854 5943 5938 5942 6251
16964 854 5943 5938 5942 6252
16965 854 6038 6033 6037 6370
16966 854 6038 6033 6037 6371
16967 854 6038 6033 6037 6372
16968 854 6133 6128 6132 6493
16969 854 6133 6128 6132 6494
16970 854 6133 6128 6132 6495
16971 854 6593 6588 6592 6900
16972 854 6593 6588 6592 6901
16973 854 6593 6588 6592 6902
16974 854 6688 6683 6687 7020
16975 854 6688 6683 6687 7021
16976 854 6688 6683 6687 7022
16977 854 6783 6778 6782 7143
16978 854 6783 6778 6782 7144
16979 854 6783 6778 6782 7145
16980 854 7243 7238 7242 7550
16981 854 7243 7238 7242 7551
16982 854 7243 7238 7242 7552
16983 854 7338 7333 7337 7670
16984 854 7338 7333 7337 7671
16985 854 7338 7333 7337 7672
16986 854 7433 7428 7432 7793
16987 854 7433 7428 7432 7794
16988 854 7433 7428 7432 7795
16989 854 7893 7888 7892 8200
16990 854 7893 7888 7892 8201
16991 854 7893 7888 7892 8202
16992 854 7988 7983 7987 8320
16993 854 7988 7983 7987 8321
16994 854 7988 7983 7987 8322
16995 854 8083 8078 8082 8443
16996 854 8083 8078 8082 8444
16997 854 8083 8078 8082 8445
16998 854 8543 8538 8542 8850
16999 854 8543 8538 8542 8851
17000 854 8543 8538 8542 8852
17001 854 8638 8633 8637 8970
17002 854 8638 8633 8637 8971
17003 854 8638 8633 8637 8972
17004 854 8733 8728 8732 9093
17005 854 8733 8728 8732 9094
17006 854 8733 8728 8732 9095
17007 854 9193 9188 9192 9500
17008 854 9193 9188 9192 9501
17009 854 9193 9188 9192 9502
17010 854 9288 9283 9287 9620
17011 854 9288 9283 9287 9621
17012 854 9288 9283 9287 9622
17013 854 9383 9378 9382 9743
17014 854 9383 9378 9382 9744
17015 854 9383 9378 9382 9745
17016 854 9843 9838 9842 10150
17017 854 9843 9838 9842 10151
17018 854 9843 9838 9842 10152
17019 854 9938 9933 9937 10270
17020 854 9938 9933 9937 10271
17021 854 9938 9933 9937 10272
17022 854 10033 10028 10032 10393
17023 854 10033 10028 10032 10394
17024 854 10033 10028 10032 10395
17025 854 10493 10488 10492 10800
17026 854 10493 10488 10492 10801
17027 854 10493 10488 10492 10802
17028 854 10588 10583 10587 10920
17029 854 10588 10583 10587 10921
17030 854 10588 10583 10587 10922
17031 854 10683 10678 10682 11043
17032 854 10683 10678 10682 11044
17033 854 10683 10678 10682 11045
17034 854 11143 11138 11142 11450
17035 854 11143 11138 11142 11451
17036 854 11143 11138 11142 11452
17037 854 11238 11233 11237 11570
17038 854 11238 11233 11237 11571
17039 854 11238 11233 11237 11572
17040 854 11333 11328 11332 11693
17041 854 11333 11328 11332 11694
17042 854 11333 11328 11332 11695
17043 854 11793 11788 11792 12100
17044 854 11793 11788 11792 12101
17045 854 11793 11788 11792 12102
17046 854 11888 11883 11887 12220
17047 854 11888 11883 11887 12221
17048 854 11888 11883 11887 12222
17049 854 11983 11978 11982 12343
17050 854 11983 11978 11982 12344
17051 854 11983 11978 11982 12345
17052 854 12443 12438 12442 12750
17053 854 12443 12438 12442 12751
17054 854 12443 12438 12442 12752
17055 854 12538 12533 12537 12870
17056 854 12538 12533 12537 12871
17057 854 12538 12533 12537 12872
17058 854 12633 12628 12632 12993
17059 854 12633 12628 12632 12994
17060 854 12633 12628 12632 12995
17061 854 12 13 93 403
17062 854 12 13 93 404
17063 854 106 107 188 523
17064 854 106 107 188 524
17065 854 201 202 283 646
17066 854 201 202 283 647
17067 854 662 663 743 1053
17068 854 662 663 743 1054
17069 854 756 757 838 1173
17070 854 756 757 838 1174
17071 854 851 852 933 1296
17072 854 851 852 933 1297
17073 854 1312 1313 1393 1703
17074 854 1312 1313 1393 1704
17075 854 1406 1407 1488 1823
17076 854 1406 1407 1488 1824
17077 854 1501 1502 1583 1946
17078 854 1501 1502 1583 1947
17079 854 1962 1963 2043 2353
17080 854 1962 1963 2043 2354
17081 854 2056 2057 2138 2473
17082 854 2056 2057 2138 2474
17083 854 2151 2152 2233 2596
17084 854 2151 2152 2233 2597
17085 854 2612 2613 2693 3003
17086 854 2612 2613 2693 3004
17087 854 2706 2707 2788 3123
17088 854 2706 2707 2788 3124
17089 854 2801 2802 2883 3246
17090 854 2801 2802 2883 3247
17091 854 3262 3263 3343 3653
17092 854 3262 3263 3343 3654
17093 854 3356 3357 3438 3773
17094 854 3356 3357 3438 3774
17095 854 3451 3452 3533 3896
17096 854 3451 3452 3533 3897
17097 854 3912 3913 3993 4303
17098 854 3912 3913 3993 4304
17099 854 4006 4007 4088 4423
17100 854 4006 4007 4088 4424
17101 854 4101 4102 4183 4546
17102 854 4101 4102 4183 4547
17103 854 4562 4563 4643 4953
17104 854 4562 4563 4643 4954
17105 854 4656 4657 4738 5073
17106 854 4656 4657 4738 5074
17107 854 4751 4752 4833 5196
17108 854 4751 4752 4833 5197
17109 854 5212 5213 5293 5603
17110 854 5212 5213 5293 5604
17111 854 5306 5307 5388 5723
17112 854 5306 5307 5388 5724
17113 854 5401 5402 5483 5846
17114 854 5401 5402 5483 5847
17115 854 5862 5863 5943 6253
17116 854 5862 5863 5943 6254
17117 854 5956 5957 6038 6373
17118 854 5956 5957 6038 6374
17119 854 6051 6052 6133 6496
17120 854 6051 6052 6133 6497
17121 854 6512 6513 6593 6903
17122 854 6512 6513 6593 6904
17123 854 6606 6607 6688 7023
17124 854 6606 6607 6688 7024
17125 854 6701 6702 6783 7146
17126 854 6701 6702 6783 7147
17127 854 7162 7163 7243 7553
17128 854 7162 7163 7243 7554
17129 854 7256 7257 7338 7673
17130 854 7256 7257 7338 7674
17131 854 7351 7352 7433 7796
17132 854 7351 7352 7433 7797
17133 854 7812 7813 7893 8203
17134 854 7812 7813 7893 8204
17135 854 7906 7907 7988 8323
17136 854 7906 7907 7988 8324
17137 854 8001 8002 8083 8446
17138 854 8001 8002 8083 8447
17139 854 8462 8463 8543 8853
17140 854 8462 8463 8543 8854
17141 854 8556 8557 8638 8973
17142 854 8556 8557 8638 8974
17143 854 8651 8652 8733 9096
17144 854 8651 8652 8733 9097
17145 854 9112 9113 9193 9503
17146 854 9112 9113 9193 9504
17147 854 9206 9207 9288 9623
17148 854 9206 9207 9288 9624
17149 854 9301 9302 9383 9746
17150 854 9301 9302 9383 9747
17151 854 9762 9763 9843 10153
17152 854 9762 9763 9843 10154
17153 854 9856 9857 9938 10273
17154 854 9856 9857 9938 10274
17155 854 9951 9952 10033 10396
17156 854 9951 9952 10033 10397
17157 854 10412 10413 10493 10803
17158 854 10412 10413 10493 10804
17159 854 10506 10507 10588 10923
17160 854 10506 10507 10588 10924
17161 854 10601 10602 10683 11046
17162 854 10601 10602 10683 11047
17163 854 11062 11063 11143 11453
17164 854 11062 11063 11143 11454
17165 854 11156 11157 11238 11573
17166 854 11156 11157 11238 11574
17167 854 11251 11252 11333 11696
17168 854 11251 11252 11333 11697
17169 854 11712 11713 11793 12103
17170 854 11712 11713 11793 12104
17171 854 11806 11807 11888 12223
17172 854 11806 11807 11888 12224
17173 854 11901 11902 11983 12346
17174 854 11901 11902 11983 12347
17175 854 12362 12363 12443 12753
17176 854 12362 12363 12443 12754
17177 854 12456 12457 12538 12873
17178 854 12456 12457 12538 12874
17179 854 12551 12552 12633 12996
17180 854 12551 12552 12633 12997
17181 854 92 88 93 403
17182 854 92 88 93 404
17183 854 187 183 188 523
17184 854 187 183 188 524
17185 854 282 278 283 646
17186 854 282 278 283 647
17187 854 742 738 743 1053
17188 854 742 738 743 1054
17189 854 837 833 838 1173
17190 854 837 833 838 1174
17191 854 932 928 933 1296
17192 854 932 928 933 1297
17193 854 1392 1388 1393 1703
17194 854 1392 1388 1393 1704
17195 854 1487 1483 1488 1823
17196 854 1487 1483 1488 1824
17197 854 1582 1578 1583 1946
17198 854 1582 1578 1583 1947
17199 854 2042 2038 2043 2353
17200 854 2042 2038 2043 2354
17201 854 2137 2133 2138 2473
17202 854 2137 2133 2138 2474
17203 854 2232 2228 2233 2596
17204 854 2232 2228 2233 2597
17205 854 2692 2688 2693 3003
17206 854 2692 2688 2693 3004
17207 854 2787 2783 2788 3123
17208 854 2787 2783 2788 3124
17209 854 2882 2878 2883 3246
17210 854 2882 2878 2883 3247
17211 854 3342 3338 3343 3653
17212 854 3342 3338 3343 3654
17213 854 3437 3433 3438 3773
17214 854 3437 3433 3438 3774
17215 854 3532 3528 3533 3896
17216 854 3532 3528 3533 3897
17217 854 3992 3988 3993 4303
17218 854 3992 3988 3993 4304
17219 854 4087 4083 4088 4423
17220 854 4087 4083 4088 4424
17221 854 4182 4178 4183 4546
17222 854 4182 4178 4183 4547
17223 854 4642 4638 4643 4953
17224 854 4642 4638 4643 4954
17225 854 4737 4733 4738 5073
17226 854 4737 4733 4738 5074
17227 854 4832 4828 4833 5196
17228 854 4832 4828 4833 5197
17229 854 5292 5288 5293 5603
17230 854 5292 5288 5293 5604
17231 854 5387 5383 5388 5723
17232 854 5387 5383 5388 5724
17233 854 5482 5478 5483 5846
17234 854 5482 5478 5483 5847
17235 854 5942 5938 5943 6253
17236 854 5942 5938 5943 6254
17237 854 6037 6033 6038 6373
17238 854 6037 6033 6038 6374
17239 854 6132 6128 6133 6496
17240 854 6132 6128 6133 6497
17241 854 6592 6588 6593 6903
17242 854 6592 6588 6593 6904
17243 854 6687 6683 6688 7023
17244 854 6687 6683 6688 7024
17245 854 6782 6778 6783 7146
17246 854 6782 6778 6783 7147
17247 854 7242 7238 7243 7553
17248 854 7242 7238 7243 7554
17249 854 7337 7333 7338 7673
17250 854 7337 7333 7338 7674
17251 854 7432 7428 7433 7796
17252 854 7432 7428 7433 7797
17253 854 7892 7888 7893 8203
17254 854 7892 7888 7893 8204
17255 854 7987 7983 7988 8323
17256 854 7987 7983 7988 8324
17257 854 8082 8078 8083 8446
17258 854 8082 8078 8083 8447
17259 854 8542 8538 8543 8853
17260 854 8542 8538 8543 8854
17261 854 8637 8633 8638 8973
17262 854 8637 8633 8638 8974
17263 854 8732 8728 8733 9096
17264 854 8732 8728 8733 9097
17265 854 9192 9188 9193 9503
17266 854 9192 9188 9193 9504
17267 854 9287 9283 9288 9623
17268 854 9287 9283 9288 9624
17269 854 9382 9378 9383 9746
17270 854 9382 9378 9383 9747
17271 854 9842 9838 9843 10153
17272 854 9842 9838 9843 10154
17273 854 9937 9933 9938 10273
17274 854 9937 9933 9938 10274
17275 854 10032 10028 10033 10396
17276 854 10032 10028 10033 10397
17277 854 10492 10488 10493 10803
17278 854 10492 10488 10493 10804
17279 854 10587 10583 10588 10923
17280 854 10587 10583 10588 10924
17281 854 10682 10678 10683 11046
17282 854 10682 10678 10683 11047
17283 854 11142 11138 11143 11453
17284 854 11142 11138 11143 11454
17285 854 11237 11233 11238 11573
17286 854 11237 11233 11238 11574
17287 854 11332 11328 11333 11696
17288 854 11332 11328 11333 11697
17289 854 11792 11788 11793 12103
17290 854 11792 11788 11793 12104
17291 854 11887 11883 11888 12223
17292 854 11887 11883 11888 12224
17293 854 11982 11978 11983 12346
17294 854 11982 11978 11983 12347
17295 854 12442 12438 12443 12753
17296 854 12442 12438 12443 12754
17297 854 12537 12533 12538 12873
17298 854 12537 12533 12538 12874
17299 854 12632 12628 12633 12996
17300 854 12632 12628 12633 12997
17301 854 221 196 195 533
17302 854 221 196 195 534
17303 854 871 846 845 1183
17304 854 871 846 845 1184
17305 854 1521 1496 1495 1833
17306 854 1521 1496 1495 1834
17307 854 2171 2146 2145 2483
17308 854 2171 2146 2145 2484
17309 854 2821 2796 2795 3133
17310 854 2821 2796 2795 3134
17311 854 3471 3446 3445 3783
17312 854 3471 3446 3445 3784
17313 854 4121 4096 4095 4433
17314 854 4121 4096 4095 4434
17315 854 4771 4746 4745 5083
17316 854 4771 4746 4745 5084
17317 854 5421 5396 5395 5733
17318 854 5421 5396 5395 5734
17319 854 6071 6046 6045 6383
17320 854 6071 6046 6045 6384
17321 854 6721 6696 6695 7033
17322 854 6721 6696 6695 7034
17323 854 7371 7346 7345 7683
17324 854 7371 7346 7345 7684
17325 854 8021 7996 7995 8333
17326 854 8021 7996 7995 8334
17327 854 8671 8646 8645 8983
17328 854 8671 8646 8645 8984
17329 854 9321 9296 9295 9633
17330 854 9321 9296 9295 9634
17331 854 9971 9946 9945 10283
17332 854 9971 9946 9945 10284
17333 854 10621 10596 10595 10933
17334 854 10621 10596 10595 10934
17335 854 11271 11246 11245 11583
17336 854 11271 11246 11245 11584
17337 854 11921 11896 11895 12233
17338 854 11921 11896 11895 12234
17339 854 12571 12546 12545 12883
17340 854 12571 12546 12545 12884
17341 854 199 221 196 535
17342 854 199 221 196 536
17343 854 196 221 199 539
17344 854 196 221 199 540
17345 854 849 871 846 1185
17346 854 849 871 846 1186
17347 854 846 871 849 1189
17348 854 846 871 849 1190
17349 854 1499 1521 1496 1835
17350 854 1499 1521 1496 1836
17351 854 1496 1521 1499 1839
17352 854 1496 1521 1499 1840
17353 854 2149 2171 2146 2485
17354 854 2149 2171 2146 2486
17355 854 2146 2171 2149 2489
17356 854 2146 2171 2149 2490
17357 854 2799 2821 2796 3135
17358 854 2799 2821 2796 3136
17359 854 2796 2821 2799 3139
17360 854 2796 2821 2799 3140
17361 854 3449 3471 3446 3785
17362 854 3449 3471 3446 3786
17363 854 3446 3471 3449 3789
17364 854 3446 3471 3449 3790
17365 854 4099 4121 4096 4435
17366 854 4099 4121 4096 4436
17367 854 4096 4121 4099 4439
17368 854 4096 4121 4099 4440
17369 854 4749 4771 4746 5085
17370 854 4749 4771 4746 5086
17371 854 4746 4771 4749 5089
17372 854 4746 4771 4749 5090
17373 854 5399 5421 5396 5735
17374 854 5399 5421 5396 5736
17375 854 5396 5421 5399 5739
17376 854 5396 5421 5399 5740
17377 854 6049 6071 6046 6385
17378 854 6049 6071 6046 6386
17379 854 6046 6071 6049 6389
17380 854 6046 6071 6049 6390
17381 854 6699 6721 6696 7035
17382 854 6699 6721 6696 7036
17383 854 6696 6721 6699 7039
17384 854 6696 6721 6699 7040
17385 854 7349 7371 7346 7685
17386 854 7349 7371 7346 7686
17387 854 7346 7371 7349 7689
17388 854 7346 7371 7349 7690
17389 854 7999 8021 7996 8335
17390 854 7999 8021 7996 8336
17391 854 7996 8021 7999 8339
17392 854 7996 8021 7999 8340
17393 854 8649 8671 8646 8985
17394 854 8649 8671 8646 8986
17395 854 8646 8671 8649 8989
17396 854 8646 8671 8649 8990
17397 854 9299 9321 9296 9635
17398 854 9299 9321 9296 9636
17399 854 9296 9321 9299 9639
17400 854 9296 9321 9299 9640
17401 854 9949 9971 9946 10285
17402 854 9949 9971 9946 10286
17403 854 9946 9971 9949 10289
17404 854 9946 9971 9949 10290
17405 854 10599 10621 10596 10935
17406 854 10599 10621 10596 10936
17407 854 10596 10621 10599 10939
17408 854 10596 10621 10599 10940
17409 854 11249 11271 11246 11585
17410 854 11249 11271 11246 11586
17411 854 11246 11271 11249 11589
17412 854 11246 11271 11249 11590
17413 854 11899 11921 11896 12235
17414 854 11899 11921 11896 12236
17415 854 11896 11921 11899 12239
17416 854 11896 11921 11899 12240
17417 854 12549 12571 12546 12885
17418 854 12549 12571 12546 12886
17419 854 12546 12571 12549 12889
17420 854 12546 12571 12549 12890
17421 854 221 199 198 537
17422 854 221 199 198 538
17423 854 871 849 848 1187
17424 854 871 849 848 1188
17425 854 1521 1499 1498 1837
17426 854 1521 1499 1498 1838
17427 854 2171 2149 2148 2487
17428 854 2171 2149 2148 2488
17429 854 2821 2799 2798 3137
17430 854 2821 2799 2798 3138
17431 854 3471 3449 3448 3787
17432 854 3471 3449 3448 3788
17433 854 4121 4099 4098 4437
17434 854 4121 4099 4098 4438
17435 854 4771 4749 4748 5087
17436 854 4771 4749 4748 5088
17437 854 5421 5399 5398 5737
17438 854 5421 5399 5398 5738
17439 854 6071 6049 6048 6387
17440 854 6071 6049 6048 6388
17441 854 6721 6699 6698 7037
17442 854 6721 6699 6698 7038
17443 854 7371 7349 7348 7687
17444 854 7371 7349 7348 7688
17445 854 8021 7999 7998 8337
17446 854 8021 7999 7998 8338
17447 854 8671 8649 8648 8987
17448 854 8671 8649 8648 8988
17449 854 9321 9299 9298 9637
17450 854 9321 9299 9298 9638
17451 854 9971 9949 9948 10287
17452 854 9971 9949 9948 10288
17453 854 10621 10599 10598 10937
17454 854 10621 10599 10598 10938
17455 854 11271 11249 11248 11587
17456 854 11271 11249 11248 11588
17457 854 11921 11899 11898 12237
17458 854 11921 11899 11898 12238
17459 854 12571 12549 12548 12887
17460 854 12571 12549 12548 12888
17461 854 195 196 221 565
17462 854 845 846 871 1215
17463 854 1495 1496 1521 1865
17464 854 2145 2146 2171 2515
17465 854 2795 2796 2821 3165
17466 854 3445 3446 3471 3815
17467 854 4095 4096 4121 4465
17468 854 4745 4746 4771 5115
17469 854 5395 5396 5421 5765
17470 854 6045 6046 6071 6415
17471 854 6695 6696 6721 7065
17472 854 7345 7346 7371 7715
17473 854 7995 7996 8021 8365
17474 854 8645 8646 8671 9015
17475 854 9295 9296 9321 9665
17476 854 9945 9946 9971 10315
17477 854 10595 10596 10621 10965
17478 854 11245 11246 11271 11615
17479 854 11895 11896 11921 12265
17480 854 12545 12546 12571 12915
17481 854 198 199 221 565
17482 854 848 849 871 1215
17483 854 1498 1499 1521 1865
17484 854 2148 2149 2171 2515
17485 854 2798 2799 2821 3165
17486 854 3448 3449 3471 3815
17487 854 4098 4099 4121 4465
17488 854 4748 4749 4771 5115
17489 854 5398 5399 5421 5765
17490 854 6048 6049 6071 6415
17491 854 6698 6699 6721 7065
17492 854 7348 7349 7371 7715
17493 854 7998 7999 8021 8365
17494 854 8648 8649 8671 9015
17495 854 9298 9299 9321 9665
17496 854 9948 9949 9971 10315
17497 854 10598 10599 10621 10965
17498 854 11248 11249 11271 11615
17499 854 11898 11899 11921 12265
17500 854 12548 12549 12571 12915
17501 861 3 4 5 288
17502 861 3 4 5 289
17503 861 97 98 99 411
17504 861 97 98 99 412
17505 861 192 193 194 531
17506 861 192 193 194 532
17507 861 653 654 655 938
17508 861 653 654 655 939
17509 861 747 748 749 1061
17510 861 747 748 749 1062
17511 861 842 843 844 1181
17512 861 842 843 844 1182
17513 861 1303 1304 1305 1588
17514 861 1303 1304 1305 1589
17515 861 1397 1398 1399 1711
17516 861 1397 1398 1399 1712
17517 861 1492 1493 1494 1831
17518 861 1492 1493 1494 1832
17519 861 1953 1954 1955 2238
17520 861 1953 1954 1955 2239
17521 861 2047 2048 2049 2361
17522 861 2047 2048 2049 2362
17523 861 2142 2143 2144 2481
17524 861 2142 2143 2144 2482
17525 861 2603 2604 2605 2888
17526 861 2603 2604 2605 2889
17527 861 2697 2698 2699 3011
17528 861 2697 2698 2699 3012
17529 861 2792 2793 2794 3131
17530 861 2792 2793 2794 3132
17531 861 3253 3254 3255 3538
17532 861 3253 3254 3255 3539
17533 861 3347 3348 3349 3661
17534 861 3347 3348 3349 3662
17535 861 3442 3443 3444 3781
17536 861 3442 3443 3444 3782
17537 861 3903 3904 3905 4188
17538 861 3903 3904 3905 4189
17539 861 3997 3998 3999 4311
17540 861 3997 3998 3999 4312
17541 861 4092 4093 4094 4431
17542 861 4092 4093 4094 4432
17543 861 4553 4554 4555 4838
17544 861 4553 4554 4555 4839
17545 861 4647 4648 4649 4961
17546 861 4647 4648 4649 4962
17547 861 4742 4743 4744 5081
17548 861 4742 4743 4744 5082
17549 861 5203 5204 5205 5488
17550 861 5203 5204 5205 5489
17551 861 5297 5298 5299 5611
17552 861 5297 5298 5299 5612
17553 861 5392 5393 5394 5731
17554 861 5392 5393 5394 5732
17555 861 5853 5854 5855 6138
17556 861 5853 5854 5855 6139
17557 861 5947 5948 5949 6261
17558 861 5947 5948 5949 6262
17559 861 6042 6043 6044 6381
17560 861 6042 6043 6044 6382
17561 861 6503 6504 6505 6788
17562 861 6503 6504 6505 6789
17563 861 6597 6598 6599 6911
17564 861 6597 6598 6599 6912
17565 861 6692 6693 6694 7031
17566 861 6692 6693 6694 7032
17567 861 7153 7154 7155 7438
17568 861 7153 7154 7155 7439
17569 861 7247 7248 7249 7561
17570 861 7247 7248 7249 7562
17571 861 7342 7343 7344 7681
17572 861 7342 7343 7344 7682
17573 861 7803 7804 7805 8088
17574 861 7803 7804 7805 8089
17575 861 7897 7898 7899 8211
17576 861 7897 7898 7899 8212
17577 861 7992 7993 7994 8331
17578 861 7992 7993 7994 8332
17579 861 8453 8454 8455 8738
17580 861 8453 8454 8455 8739
17581 861 8547 8548 8549 8861
17582 861 8547 8548 8549 8862
17583 861 8642 8643 8644 8981
17584 861 8642 8643 8644 8982
17585 861 9103 9104 9105 9388
17586 861 9103 9104 9105 9389
17587 861 9197 9198 9199 9511
17588 861 9197 9198 9199 9512
17589 861 9292 9293 9294 9631
17590 861 9292 9293 9294 9632
17591 861 9753 9754 9755 10038
17592 861 9753 9754 9755 10039
17593 861 9847 9848 9849 10161
17594 861 9847 9848 9849 10162
17595 861 9942 9943 9944 10281
17596 861 9942 9943 9944 10282
17597 861 10403 10404 10405 10688
17598 861 10403 10404 10405 10689
17599 861 10497 10498 10499 10811
17600 861 10497 10498 10499 10812
17601 861 10592 10593 10594 10931
17602 861 10592 10593 10594 10932
17603 861 11053 11054 11055 11338
17604 861 11053 11054 11055 11339
17605 861 11147 11148 11149 11461
17606 861 11147 11148 11149 11462
17607 861 11242 11243 11244 11581
17608 861 11242 11243 11244 11582
17609 861 11703 11704 11705 11988
17610 861 11703 11704 11705 11989
17611 861 11797 11798 11799 12111
17612 861 11797 11798 11799 12112
17613 861 11892 11893 11894 12231
17614 861 11892 11893 11894 12232
17615 861 12353 12354 12355 12638
17616 861 12353 12354 12355 12639
17617 861 12447 12448 12449 12761
17618 861 12447 12448 12449 12762
17619 861 12542 12543 12544 12881
17620 861 12542 12543 12544 12882
17621 861 11 12 13 298
17622 861 11 12 13 299
17623 861 105 106 107 421
17624 861 105 106 107 422
17625 861 200 201 202 541
17626 861 200 201 202 542
17627 861 661 662 663 948
17628 861 661 662 663 949
17629 861 755 756 757 1071
17630 861 755 756 757 1072
17631 861 850 851 852 1191
17632 861 850 851 852 1192
17633 861 1311 1312 1313 1598
17634 861 1311 1312 1313 1599
17635 861 1405 1406 1407 1721
17636 861 1405 1406 1407 1722
17637 861 1500 1501 1502 1841
17638 861 1500 1501 1502 1842
17639 861 1961 1962 1963 2248
17640 861 1961 1962 1963 2249
17641 861 2055 2056 2057 2371
17642 861 2055 2056 2057 2372
17643 861 2150 2151 2152 2491
17644 861 2150 2151 2152 2492
17645 861 2611 2612 2613 2898
17646 861 2611 2612 2613 2899
17647 861 2705 2706 2707 3021
17648 861 2705 2706 2707 3022
17649 861 2800 2801 2802 3141
17650 861 2800 2801 2802 3142
17651 861 3261 3262 3263 3548
17652 861 3261 3262 3263 3549
17653 861 3355 3356 3357 3671
17654 861 3355 3356 3357 3672
17655 861 3450 3451 3452 3791
17656 861 3450 3451 3452 3792
17657 861 3911 3912 3913 4198
17658 861 3911 3912 3913 4199
17659 861 4005 4006 4007 4321
17660 861 4005 4006 4007 4322
17661 861 4100 4101 4102 4441
17662 861 4100 4101 4102 4442
17663 861 4561 4562 4563 4848
17664 861 4561 4562 4563 4849
17665 861 4655 4656 4657 4971
17666 861 4655 4656 4657 4972
17667 861 4750 4751 4752 5091
17668 861 4750 4751 4752 5092
17669 861 5211 5212 5213 5498
17670 861 5211 5212 5213 5499
17671 861 5305 5306 5307 5621
17672 861 5305 5306 5307 5622
17673 861 5400 5401 5402 5741
17674 861 5400 5401 5402 5742
17675 861 5861 5862 5863 6148
17676 861 5861 5862 5863 6149
17677 861 5955 5956 5957 6271
17678 861 5955 5956 5957 6272
17679 861 6050 6051 6052 6391
17680 861 6050 6051 6052 6392
17681 861 6511 6512 6513 6798
17682 861 6511 6512 6513 6799
17683 861 6605 6606 6607 6921
17684 861 6605 6606 6607 6922
17685 861 6700 6701 6702 7041
17686 861 6700 6701 6702 7042
17687 861 7161 7162 7163 7448
17688 861 7161 7162 7163 7449
17689 861 7255 7256 7257 7571
17690 861 7255 7256 7257 7572
17691 861 7350 7351 7352 7691
17692 861 7350 7351 7352 7692
17693 861 7811 7812 7813 8098
17694 861 7811 7812 7813 8099
17695 861 7905 7906 7907 8221
17696 861 7905 7906 7907 8222
17697 861 8000 8001 8002 8341
17698 861 8000 8001 8002 8342
17699 861 8461 8462 8463 8748
17700 861 8461 8462 8463 8749
17701 861 8555 8556 8557 8871
17702 861 8555 8556 8557 8872
17703 861 8650 8651 8652 8991
17704 861 8650 8651 8652 8992
17705 861 9111 9112 9113 9398
17706 861 9111 9112 9113 9399
17707 861 9205 9206 9207 9521
17708 861 9205 9206 9207 9522
17709 861 9300 9301 9302 9641
17710 861 9300 9301 9302 9642
17711 861 9761 9762 9763 10048
17712 861 9761 9762 9763 10049
17713 861 9855 9856 9857 10171
17714 861 9855 9856 9857 10172
17715 861 9950 9951 9952 10291
17716 861 9950 9951 9952 10292
17717 861 10411 10412 10413 10698
17718 861 10411 10412 10413 10699
17719 861 10505 10506 10507 10821
17720 861 10505 10506 10507 10822
17721 861 10600 10601 10602 10941
17722 861 10600 10601 10602 10942
17723 861 11061 11062 11063 11348
17724 861 11061 11062 11063 11349
17725 861 11155 11156 11157 11471
17726 861 11155 11156 11157 11472
17727 861 11250 11251 11252 11591
17728 861 11250 11251 11252 11592
17729 861 11711 11712 11713 11998
17730 861 11711 11712 11713 11999
17731 861 11805 11806 11807 12121
17732 861 11805 11806 11807 12122
17733 861 11900 11901 11902 12241
17734 861 11900 11901 11902 12242
17735 861 12361 12362 12363 12648
17736 861 12361 12362 12363 12649
17737 861 12455 12456 12457 12771
17738 861 12455 12456 12457 12772
17739 861 12550 12551 12552 12891
17740 861 12550 12551 12552 12892
17741 861 11 12 14 300
17742 861 11 12 14 301
17743 861 11 12 14 302
17744 861 11 12 94 405
17745 861 11 12 94 406
17746 861 11 12 94 407
17747 861 105 106 108 423
17748 861 105 106 108 424
17749 861 105 106 108 425
17750 861 105 106 189 525
17751 861 105 106 189 526
17752 861 105 106 189 527
17753 861 200 201 203 543
17754 861 200 201 203 544
17755 861 200 201 203 545
17756 861 200 201 284 648
17757 861 200 201 284 649
17758 861 200 201 284 650
17759 861 661 662 664 950
17760 861 661 662 664 951
17761 861 661 662 664 952
17762 861 661 662 744 1055
17763 861 661 662 744 1056
17764 861 661 662 744 1057
17765 861 755 756 758 1073
17766 861 755 756 758 1074
17767 861 755 756 758 1075
17768 861 755 756 839 1175
17769 861 755 756 839 1176
17770 861 755 756 839 1177
17771 861 850 851 853 1193
17772 861 850 851 853 1194
17773 861 850 851 853 1195
17774 861 850 851 934 1298
17775 861 850 851 934 1299
17776 861 850 851 934 1300
17777 861 1311 1312 1314 1600
17778 861 1311 1312 1314 1601
17779 861 1311 1312 1314 1602
17780 861 1311 1312 1394 1705
17781 861 1311 1312 1394 1706
17782 861 1311 1312 1394 1707
17783 861 1405 1406 1408 1723
17784 861 1405 1406 1408 1724
17785 861 1405 1406 1408 1725
17786 861 1405 1406 1489 1825
17787 861 1405 1406 1489 1826
17788 861 1405 1406 1489 1827
17789 861 1500 1501 1503 1843
17790 861 1500 1501 1503 1844
17791 861 1500 1501 1503 1845
17792 861 1500 1501 1584 1948
17793 861 1500 1501 1584 1949
17794 861 1500 1501 1584 1950
17795 861 1961 1962 1964 2250
17796 861 1961 1962 1964 2251
17797 861 1961 1962 1964 2252
17798 861 1961 1962 2044 2355
17799 861 1961 1962 2044 2356
17800 861 1961 1962 2044 2357
17801 861 2055 2056 2058 2373
17802 861 2055 2056 2058 2374
17803 861 2055 2056 2058 2375
17804 861 2055 2056 2139 2475
17805 861 2055 2056 2139 2476
17806 861 2055 2056 2139 2477
17807 861 2150 2151 2153 2493
17808 861 2150 2151 2153 2494
17809 861 2150 2151 2153 2495
17810 861 2150 2151 2234 2598
17811 861 2150 2151 2234 2599
17812 861 2150 2151 2234 2600
17813 861 2611 2612 2614 2900
17814 861 2611 2612 2614 2901
17815 861 2611 2612 2614 2902
17816 861 2611 2612 2694 3005
17817 861 2611 2612 2694 3006
17818 861 2611 2612 2694 3007
17819 861 2705 2706 2708 3023
17820 861 2705 2706 2708 3024
17821 861 2705 2706 2708 3025
17822 861 2705 2706 2789 3125
17823 861 2705 2706 2789 3126
17824 861 2705 2706 2789 3127
17825 861 2800 2801 2803 3143
17826 861 2800 2801 2803 3144
17827 861 2800 2801 2803 3145
17828 861 2800 2801 2884 3248
17829 861 2800 2801 2884 3249
17830 861 2800 2801 2884 3250
17831 861 3261 3262 3264 3550
17832 861 3261 3262 3264 3551
17833 861 3261 3262 3264 3552
17834 861 3261 3262 3344 3655
17835 861 3261 3262 3344 3656
17836 861 3261 3262 3344 3657
17837 861 3355 3356 3358 3673
17838 861 3355 3356 3358 3674
17839 861 3355 3356 3358 3675
17840 861 3355 3356 3439 3775
17841 861 3355 3356 3439 3776
17842 861 3355 3356 3439 3777
17843 861 3450 3451 3453 3793
17844 861 3450 3451 3453 3794
17845 861 3450 3451 3453 3795
17846 861 3450 3451 3534 3898
17847 861 3450 3451 3534 3899
17848 861 3450 3451 3534 3900
17849 861 3911 3912 3914 4200
17850 861 3911 3912 3914 4201
17851 861 3911 3912 3914 4202
17852 861 3911 3912 3994 4305
17853 861 3911 3912 3994 4306
17854 861 3911 3912 3994 4307
17855 861 4005 4006 4008 4323
17856 861 4005 4006 4008 4324
17857 861 4005 4006 4008 4325
17858 861 4005 4006 4089 4425
17859 861 4005 4006 4089 4426
17860 861 4005 4006 4089 4427
17861 861 4100 4101 4103 4443
17862 861 4100 4101 4103 4444
17863 861 4100 4101 4103 4445
17864 861 4100 4101 4184 4548
17865 861 4100 4101 4184 4549
17866 861 4100 4101 4184 4550
17867 861 4561 4562 4564 4850
17868 861 4561 4562 4564 4851
17869 861 4561 4562 4564 4852
17870 861 4561 4562 4644 4955
17871 861 4561 4562 4644 4956
17872 861 4561 4562 4644 4957
17873 861 4655 4656 4658 4973
17874 861 4655 4656 4658 4974
17875 861 4655 4656 4658 4975
17876 861 4655 4656 4739 5075
17877 861 4655 4656 4739 5076
17878 861 4655 4656 4739 5077
17879 861 4750 4751 4753 5093
17880 861 4750 4751 4753 5094
17881 861 4750 4751 4753 5095
17882 861 4750 4751 4834 5198
17883 861 4750 4751 4834 5199
17884 861 4750 4751 4834 5200
17885 861 5211 5212 5214 5500
17886 861 5211 5212 5214 5501
17887 861 5211 5212 5214 5502
17888 861 5211 5212 5294 5605
17889 861 5211 5212 5294 5606
17890 861 5211 5212 5294 5607
17891 861 5305 5306 5308 5623
17892 861 5305 5306 5308 5624
17893 861 5305 5306 5308 5625
17894 861 5305 5306 5389 5725
17895 861 5305 5306 5389 5726
17896 861 5305 5306 5389 5727
17897 861 5400 5401 5403 5743
17898 861 5400 5401 5403 5744
17899 861 5400 5401 5403 5745
17900 861 5400 5401 5484 5848
17901 861 5400 5401 5484 5849
17902 861 5400 5401 5484 5850
17903 861 5861 5862 5864 6150
17904 861 5861 5862 5864 6151
17905 861 5861 5862 5864 6152
17906 861 5861 5862 5944 6255
17907 861 5861 5862 5944 6256
17908 861 5861 5862 5944 6257
17909 861 5955 5956 5958 6273
17910 861 5955 5956 5958 6274
17911 861 5955 5956 5958 6275
17912 861 5955 5956 6039 6375
17913 861 5955 5956 6039 6376
17914 861 5955 5956 6039 6377
17915 861 6050 6051 6053 6393
17916 861 6050 6051 6053 6394
17917 861 6050 6051 6053 6395
17918 861 6050 6051 6134 6498
17919 861 6050 6051 6134 6499
17920 861 6050 6051 6134 6500
17921 861 6511 6512 6514 6800
17922 861 6511 6512 6514 6801
17923 861 6511 6512 6514 6802
17924 861 6511 6512 6594 6905
17925 861 6511 6512 6594 6906
17926 861 6511 6512 6594 6907
17927 861 6605 6606 6608 6923
17928 861 6605 6606 6608 6924
17929 861 6605 6606 6608 6925
17930 861 6605 6606 6689 7025
17931 861 6605 6606 6689 7026
17932 861 6605 6606 6689 7027
17933 861 6700 6701 6703 7043
17934 861 6700 6701 6703 7044
17935 861 6700 6701 6703 7045
17936 861 6700 6701 6784 7148
17937 861 6700 6701 6784 7149
17938 861 6700 6701 6784 7150
17939 861 7161 7162 7164 7450
17940 861 7161 7162 7164 7451
17941 861 7161 7162 7164 7452
17942 861 7161 7162 7244 7555
17943 861 7161 7162 7244 7556
17944 861 7161 7162 7244 7557
17945 861 7255 7256 7258 7573
17946 861 7255 7256 7258 7574
17947 861 7255 7256 7258 7575
17948 861 7255 7256 7339 7675
17949 861 7255 7256 7339 7676
17950 861 7255 7256 7339 7677
17951 861 7350 7351 7353 7693
17952 861 7350 7351 7353 7694
17953 861 7350 7351 7353 7695
17954 861 7350 7351 7434 7798
17955 861 7350 7351 7434 7799
17956 861 7350 7351 7434 7800
17957 861 7811 7812 7814 8100
17958 861 7811 7812 7814 8101
17959 861 7811 7812 7814 8102
17960 861 7811 7812 7894 8205
17961 861 7811 7812 7894 8206
17962 861 7811 7812 7894 8207
17963 861 7905 7906 7908 8223
17964 861 7905 7906 7908 8224
17965 861 7905 7906 7908 8225
17966 861 7905 7906 7989 8325
17967 861 7905 7906 7989 8326
17968 861 7905 7906 7989 8327
17969 861 8000 8001 8003 8343
17970 861 8000 8001 8003 8344
17971 861 8000 8001 8003 8345
17972 861 8000 8001 8084 8448
17973 861 8000 8001 8084 8449
17974 861 8000 8001 8084 8450
17975 861 8461 8462 8464 8750
17976 861 8461 8462 8464 8751
17977 861 8461 8462 8464 8752
17978 861 8461 8462 8544 8855
17979 861 8461 8462 8544 8856
17980 861 8461 8462 8544 8857
17981 861 8555 8556 8558 8873
17982 861 8555 8556 8558 8874
17983 861 8555 8556 8558 8875
17984 861 8555 8556 8639 8975
17985 861 8555 8556 8639 8976
17986 861 8555 8556 8639 8977
17987 861 8650 8651 8653 8993
17988 861 8650 8651 8653 8994
17989 861 8650 8651 8653 8995
17990 861 8650 8651 8734 9098
17991 861 8650 8651 8734 9099
17992 861 8650 8651 8734 9100
17993 861 9111 9112 9114 9400
17994 861 9111 9112 9114 9401
17995 861 9111 9112 9114 9402
17996 861 9111 9112 9194 9505
17997 861 9111 9112 9194 9506
17998 861 9111 9112 9194 9507
17999 861 9205 9206 9208 9523
18000 861 9205 9206 9208 9524
18001 861 9205 9206 9208 9525
18002 861 9205 9206 9289 9625
18003 861 9205 9206 9289 9626
18004 861 9205 9206 9289 9627
18005 861 9300 9301 9303 9643
18006 861 9300 9301 9303 9644
18007 861 9300 9301 9303 9645
18008 861 9300 9301 9384 9748
18009 861 9300 9301 9384 9749
18010 861 9300 9301 9384 9750
18011 861 9761 9762 9764 10050
18012 861 9761 9762 9764 10051
18013 861 9761 9762 9764 10052
18014 861 9761 9762 9844 10155
18015 861 9761 9762 9844 10156
18016 861 9761 9762 9844 10157
18017 861 9855 9856 9858 10173
18018 861 9855 9856 9858 10174
18019 861 9855 9856 9858 10175
18020 861 9855 9856 9939 10275
18021 861 9855 9856 9939 10276
18022 861 9855 9856 9939 10277
18023 861 9950 9951 9953 10293
18024 861 9950 9951 9953 10294
18025 861 9950 9951 9953 10295
18026 861 9950 9951 10034 10398
18027 861 9950 9951 10034 10399
18028 861 9950 9951 10034 10400
18029 861 10411 10412 10414 10700
18030 861 10411 10412 10414 10701
18031 861 10411 10412 10414 10702
18032 861 10411 10412 10494 10805
18033 861 10411 10412 10494 10806
18034 861 10411 10412 10494 10807
18035 861 10505 10506 10508 10823
18036 861 10505 10506 10508 10824
18037 861 10505 10506 10508 10825
18038 861 10505 10506 10589 10925
18039 861 10505 10506 10589 10926
18040 861 10505 10506 10589 10927
18041 861 10600 10601 10603 10943
18042 861 10600 10601 10603 10944
18043 861 10600 10601 10603 10945
18044 861 10600 10601 10684 11048
18045 861 10600 10601 10684 11049
18046 861 10600 10601 10684 11050
18047 861 11061 11062 11064 11350
18048 861 11061 11062 11064 11351
18049 861 11061 11062 11064 11352
18050 861 11061 11062 11144 11455
18051 861 11061 11062 11144 11456
18052 861 11061 11062 11144 11457
18053 861 11155 11156 11158 11473
18054 861 11155 11156 11158 11474
18055 861 11155 11156 11158 11475
18056 861 11155 11156 11239 11575
18057 861 11155 11156 11239 11576
18058 861 11155 11156 11239 11577
18059 861 11250 11251 11253 11593
18060 861 11250 11251 11253 11594
18061 861 11250 11251 11253 11595
18062 861 11250 11251 11334 11698
18063 861 11250 11251 11334 11699
18064 861 11250 11251 11334 11700
18065 861 11711 11712 11714 12000
18066 861 11711 11712 11714 12001
18067 861 11711 11712 11714 12002
18068 861 11711 11712 11794 12105
18069 861 11711 11712 11794 12106
18070 861 11711 11712 11794 12107
18071 861 11805 11806 11808 12123
18072 861 11805 11806 11808 12124
18073 861 11805 11806 11808 12125
18074 861 11805 11806 11889 12225
18075 861 11805 11806 11889 12226
18076 861 11805 11806 11889 12227
18077 861 11900 11901 11903 12243
18078 861 11900 11901 11903 12244
18079 861 11900 11901 11903 12245
18080 861 11900 11901 11984 12348
18081 861 11900 11901 11984 12349
18082 861 11900 11901 11984 12350
18083 861 12361 12362 12364 12650
18084 861 12361 12362 12364 12651
18085 861 12361 12362 12364 12652
18086 861 12361 12362 12444 12755
18087 861 12361 12362 12444 12756
18088 861 12361 12362 12444 12757
18089 861 12455 12456 12458 12773
18090 861 12455 12456 12458 12774
18091 861 12455 12456 12458 12775
18092 861 12455 12456 12539 12875
18093 861 12455 12456 12539 12876
18094 861 12455 12456 12539 12877
18095 861 12550 12551 12553 12893
18096 861 12550 12551 12553 12894
18097 861 12550 12551 12553 12895
18098 861 12550 12551 12634 12998
18099 861 12550 12551 12634 12999
18100 861 12550 12551 12634 13000
18101 861 28 27 26 318
18102 861 28 27 26 319
18103 861 49 48 47 343
18104 861 49 48 47 344
18105 861 72 71 70 370
18106 861 72 71 70 371
18107 861 122 121 120 441
18108 861 122 121 120 442
18109 861 144 143 142 466
18110 861 144 143 142 467
18111 861 167 166 165 490
18112 861 167 166 165 491
18113 861 217 216 215 561
18114 861 217 216 215 562
18115 861 240 239 238 589
18116 861 240 239 238 590
18117 861 262 261 260 613
18118 861 262 261 260 614
18119 861 678 677 676 968
18120 861 678 677 676 969
18121 861 699 698 697 993
18122 861 699 698 697 994
18123 861 722 721 720 1020
18124 861 722 721 720 1021
18125 861 772 771 770 1091
18126 861 772 771 770 1092
18127 861 794 793 792 1116
18128 861 794 793 792 1117
18129 861 817 816 815 1140
18130 861 817 816 815 1141
18131 861 867 866 865 1211
18132 861 867 866 865 1212
18133 861 890 889 888 1239
18134 861 890 889 888 1240
18135 861 912 911 910 1263
18136 861 912 911 910 1264
18137 861 1328 1327 1326 1618
18138 861 1328 1327 1326 1619
18139 861 1349 1348 1347 1643
18140 861 1349 1348 1347 1644
18141 861 1372 1371 1370 1670
18142 861 1372 1371 1370 1671
18143 861 1422 1421 1420 1741
18144 861 1422 1421 1420 1742
18145 861 1444 1443 1442 1766
18146 861 1444 1443 1442 1767
18147 861 1467 1466 1465 1790
18148 861 1467 1466 1465 1791
18149 861 1517 1516 1515 1861
18150 861 1517 1516 1515 1862
18151 861 1540 1539 1538 1889
18152 861 1540 1539 1538 1890
18153 861 1562 1561 1560 1913
18154 861 1562 1561 1560 1914
18155 861 1978 1977 1976 2268
18156 861 1978 1977 1976 2269
18157 861 1999 1998 1997 2293
18158 861 1999 1998 1997 2294
18159 861 2022 2021 2020 2320
18160 861 2022 2021 2020 2321
18161 861 2072 2071 2070 2391
18162 861 2072 2071 2070 2392
18163 861 2094 2093 2092 2416
18164 861 2094 2093 2092 2417
18165 861 2117 2116 2115 2440
18166 861 2117 2116 2115 2441
18167 861 2167 2166 2165 2511
18168 861 2167 2166 2165 2512
18169 861 2190 2189 2188 2539
18170 861 2190 2189 2188 2540
18171 861 2212 2211 2210 2563
18172 861 2212 2211 2210 2564
18173 861 2628 2627 2626 2918
18174 861 2628 2627 2626 2919
18175 861 2649 2648 2647 2943
18176 861 2649 2648 2647 2944
18177 861 2672 2671 2670 2970
18178 861 2672 2671 2670 2971
18179 861 2722 2721 2720 3041
18180 861 2722 2721 2720 3042
18181 861 2744 2743 2742 3066
18182 861 2744 2743 2742 3067
18183 861 2767 2766 2765 3090
18184 861 2767 2766 2765 3091
18185 861 2817 2816 2815 3161
18186 861 2817 2816 2815 3162
18187 861 2840 2839 2838 3189
18188 861 2840 2839 2838 3190
18189 861 2862 2861 2860 3213
18190 861 2862 2861 2860 3214
18191 861 3278 3277 3276 3568
18192 861 3278 3277 3276 3569
18193 861 3299 3298 3297 3593
18194 861 3299 3298 3297 3594
18195 861 3322 3321 3320 3620
18196 861 3322 3321 3320 3621
18197 861 3372 3371 3370 3691
18198 861 3372 3371 3370 3692
18199 861 3394 3393 3392 3716
18200 861 3394 3393 3392 3717
18201 861 3417 3416 3415 3740
18202 861 3417 3416 3415 3741
18203 861 3467 3466 3465 3811
18204 861 3467 3466 3465 3812
18205 861 3490 3489 3488 3839
18206 861 3490 3489 3488 3840
18207 861 3512 3511 3510 3863
18208 861 3512 3511 3510 3864
18209 861 3928 3927 3926 4218
18210 861 3928 3927 3926 4219
18211 861 3949 3948 3947 4243
18212 861 3949 3948 3947 4244
18213 861 3972 3971 3970 4270
18214 861 3972 3971 3970 4271
18215 861 4022 4021 4020 4341
18216 861 4022 4021 4020 4342
18217 861 4044 4043 4042 4366
18218 861 4044 4043 4042 4367
18219 861 4067 4066 4065 4390
18220 861 4067 4066 4065 4391
18221 861 4117 4116 4115 4461
18222 861 4117 4116 4115 4462
18223 861 4140 4139 4138 4489
18224 861 4140 4139 4138 4490
18225 861 4162 4161 4160 4513
18226 861 4162 4161 4160 4514
18227 861 4578 4577 4576 4868
18228 861 4578 4577 4576 4869
18229 861 4599 4598 4597 4893
18230 861 4599 4598 4597 4894
18231 861 4622 4621 4620 4920
18232 861 4622 4621 4620 4921
18233 861 4672 4671 4670 4991
18234 861 4672 4671 4670 4992
18235 861 4694 4693 4692 5016
18236 861 4694 4693 4692 5017
18237 861 4717 4716 4715 5040
18238 861 4717 4716 4715 5041
18239 861 4767 4766 4765 5111
18240 861 4767 4766 4765 5112
18241 861 4790 4789 4788 5139
18242 861 4790 4789 4788 5140
18243 861 4812 4811 4810 5163
18244 861 4812 4811 4810 5164
18245 861 5228 5227 5226 5518
18246 861 5228 5227 5226 5519
18247 861 5249 5248 5247 5543
18248 861 5249 5248 5247 5544
18249 861 5272 5271 5270 5570
18250 861 5272 5271 5270 5571
18251 861 5322 5321 5320 5641
18252 861 5322 5321 5320 5642
18253 861 5344 5343 5342 5666
18254 861 5344 5343 5342 5667
18255 861 5367 5366 5365 5690
18256 861 5367 5366 5365 5691
18257 861 5417 5416 5415 5761
18258 861 5417 5416 5415 5762
18259 861 5440 5439 5438 5789
18260 861 5440 5439 5438 5790
18261 861 5462 5461 5460 5813
18262 861 5462 5461 5460 5814
18263 861 5878 5877 5876 6168
18264 861 5878 5877 5876 6169
18265 861 5899 5898 5897 6193
18266 861 5899 5898 5897 6194
18267 861 5922 5921 5920 6220
18268 861 5922 5921 5920 6221
18269 861 5972 5971 5970 6291
18270 861 5972 5971 5970 6292
18271 861 5994 5993 5992 6316
18272 861 5994 5993 5992 6317
18273 861 6017 6016 6015 6340
18274 861 6017 6016 6015 6341
18275 861 6067 6066 6065 6411
18276 861 6067 6066 6065 6412
18277 861 6090 6089 6088 6439
18278 861 6090 6089 6088 6440
18279 861 6112 6111 6110 6463
18280 861 6112 6111 6110 6464
18281 861 6528 6527 6526 6818
18282 861 6528 6527 6526 6819
18283 861 6549 6548 6547 6843
18284 861 6549 6548 6547 6844
18285 861 6572 6571 6570 6870
18286 861 6572 6571 6570 6871
18287 861 6622 6621 6620 6941
18288 861 6622 6621 6620 6942
18289 861 6644 6643 6642 6966
18290 861 6644 6643 6642 6967
18291 861 6667 6666 6665 6990
18292 861 6667 6666 6665 6991
18293 861 6717 6716 6715 7061
18294 861 6717 6716 6715 7062
18295 861 6740 6739 6738 7089
18296 861 6740 6739 6738 7090
18297 861 6762 6761 6760 7113
18298 861 6762 6761 6760 7114
18299 861 7178 7177 7176 7468
18300 861 7178 7177 7176 7469
18301 861 7199 7198 7197 7493
18302 861 7199 7198 7197 7494
18303 861 7222 7221 7220 7520
18304 861 7222 7221 7220 7521
18305 861 7272 7271 7270 7591
18306 861 7272 7271 7270 7592
18307 861 7294 7293 7292 7616
18308 861 7294 7293 7292 7617
18309 861 7317 7316 7315 7640
18310 861 7317 7316 7315 7641
18311 861 7367 7366 7365 7711
18312 861 7367 7366 7365 7712
18313 861 7390 7389 7388 7739
18314 861 7390 7389 7388 7740
18315 861 7412 7411 7410 7763
18316 861 7412 7411 7410 7764
18317 861 7828 7827 7826 8118
18318 861 7828 7827 7826 8119
18319 861 7849 7848 7847 8143
18320 861 7849 7848 7847 8144
18321 861 7872 7871 7870 8170
18322 861 7872 7871 7870 8171
18323 861 7922 7921 7920 8241
18324 861 7922 7921 7920 8242
18325 861 7944 7943 7942 8266
18326 861 7944 7943 7942 8267
18327 861 7967 7966 7965 8290
18328 861 7967 7966 7965 8291
18329 861 8017 8016 8015 8361
18330 861 8017 8016 8015 8362
18331 861 8040 8039 8038 8389
18332 861 8040 8039 8038 8390
18333 861 8062 8061 8060 8413
18334 861 8062 8061 8060 8414
18335 861 8478 8477 8476 8768
18336 861 8478 8477 8476 8769
18337 861 8499 8498 8497 8793
18338 861 8499 8498 8497 8794
18339 861 8522 8521 8520 8820
18340 861 8522 8521 8520 8821
18341 861 8572 8571 8570 8891
18342 861 8572 8571 8570 8892
18343 861 8594 8593 8592 8916
18344 861 8594 8593 8592 8917
18345 861 8617 8616 8615 8940
18346 861 8617 8616 8615 8941
18347 861 8667 8666 8665 9011
18348 861 8667 8666 8665 9012
18349 861 8690 8689 8688 9039
18350 861 8690 8689 8688 9040
18351 861 8712 8711 8710 9063
18352 861 8712 8711 8710 9064
18353 861 9128 9127 9126 9418
18354 861 9128 9127 9126 9419
18355 861 9149 9148 9147 9443
18356 861 9149 9148 9147 9444
18357 861 9172 9171 9170 9470
18358 861 9172 9171 9170 9471
18359 861 9222 9221 9220 9541
18360 861 9222 9221 9220 9542
18361 861 9244 9243 9242 9566
18362 861 9244 9243 9242 9567
18363 861 9267 9266 9265 9590
18364 861 9267 9266 9265 9591
18365 861 9317 9316 9315 9661
18366 861 9317 9316 9315 9662
18367 861 9340 9339 9338 9689
18368 861 9340 9339 9338 9690
18369 861 9362 9361 9360 9713
18370 861 9362 9361 9360 9714
18371 861 9778 9777 9776 10068
18372 861 9778 9777 9776 10069
18373 861 9799 9798 9797 10093
18374 861 9799 9798 9797 10094
18375 861 9822 9821 9820 10120
18376 861 9822 9821 9820 10121
18377 861 9872 9871 9870 10191
18378 861 9872 9871 9870 10192
18379 861 9894 9893 9892 10216
18380 861 9894 9893 9892 10217
18381 861 9917 9916 9915 10240
18382 861 9917 9916 9915 10241
18383 861 9967 9966 9965 10311
18384 861 9967 9966 9965 10312
18385 861 9990 9989 9988 10339
18386 861 9990 9989 9988 10340
18387 861 10012 10011 10010 10363
18388 861 10012 10011 10010 10364
18389 861 10428 10427 10426 10718
18390 861 10428 10427 10426 10719
18391 861 10449 10448 10447 10743
18392 861 10449 10448 10447 10744
18393 861 10472 10471 10470 10770
18394 861 10472 10471 10470 10771
18395 861 10522 10521 10520 10841
18396 861 10522 10521 10520 10842
18397 861 10544 10543 10542 10866
18398 861 10544 10543 10542 10867
18399 861 10567 10566 10565 10890
18400 861 10567 10566 10565 10891
18401 861 10617 10616 10615 10961
18402 861 10617 10616 10615 10962
18403 861 10640 10639 10638 10989
18404 861 10640 10639 10638 10990
18405 861 10662 10661 10660 11013
18406 861 10662 10661 10660 11014
18407 861 11078 11077 11076 11368
18408 861 11078 11077 11076 11369
18409 861 11099 11098 11097 11393
18410 861 11099 11098 11097 11394
18411 861 11122 11121 11120 11420
18412 861 11122 11121 11120 11421
18413 861 11172 11171 11170 11491
18414 861 11172 11171 11170 11492
18415 861 11194 11193 11192 11516
18416 861 11194 11193 11192 11517
18417 861 11217 11216 11215 11540
18418 861 11217 11216 11215 11541
18419 861 11267 11266 11265 11611
18420 861 11267 11266 11265 11612
18421 861 11290 11289 11288 11639
18422 861 11290 11289 11288 11640
18423 861 11312 11311 11310 11663
18424 861 11312 11311 11310 11664
18425 861 11728 11727 11726 12018
18426 861 11728 11727 11726 12019
18427 861 11749 11748 11747 12043
18428 861 11749 11748 11747 12044
18429 861 11772 11771 11770 12070
18430 861 11772 11771 11770 12071
18431 861 11822 11821 11820 12141
18432 861 11822 11821 11820 12142
18433 861 11844 11843 11842 12166
18434 861 11844 11843 11842 12167
18435 861 11867 11866 11865 12190
18436 861 11867 11866 11865 12191
18437 861 11917 11916 11915 12261
18438 861 11917 11916 11915 12262
18439 861 11940 11939 11938 12289
18440 861 11940 11939 11938 12290
18441 861 11962 11961 11960 12313
18442 861 11962 11961 11960 12314
18443 861 12378 12377 12376 12668
18444 861 12378 12377 12376 12669
18445 861 12399 12398 12397 12693
18446 861 12399 12398 12397 12694
18447 861 12422 12421 12420 12720
18448 861 12422 12421 12420 12721
18449 861 12472 12471 12470 12791
18450 861 12472 12471 12470 12792
18451 861 12494 12493 12492 12816
18452 861 12494 12493 12492 12817
18453 861 12517 12516 12515 12840
18454 861 12517 12516 12515 12841
18455 861 12567 12566 12565 12911
18456 861 12567 12566 12565 12912
18457 861 12590 12589 12588 12939
18458 861 12590 12589 12588 12940
18459 861 12612 12611 12610 12963
18460 861 12612 12611 12610 12964
18461 861 89 88 92 400
18462 861 89 88 92 401
18463 861 89 88 92 402
18464 861 184 183 187 520
18465 861 184 183 187 521
18466 861 184 183 187 522
18467 861 279 278 282 643
18468 861 279 278 282 644
18469 861 279 278 282 645
18470 861 739 738 742 1050
18471 861 739 738 742 1051
18472 861 739 738 742 1052
18473 861 834 833 837 1170
18474 861 834 833 837 1171
18475 861 834 833 837 1172
18476 861 929 928 932 1293
18477 861 929 928 932 1294
18478 861 929 928 932 1295
18479 861 1389 1388 1392 1700
18480 861 1389 1388 1392 1701
18481 861 1389 1388 1392 1702
18482 861 1484 1483 1487 1820
18483 861 1484 1483 1487 1821
18484 861 1484 1483 1487 1822
18485 861 1579 1578 1582 1943
18486 861 1579 1578 1582 1944
18487 861 1579 1578 1582 1945
18488 861 2039 2038 2042 2350
18489 861 2039 2038 2042 2351
18490 861 2039 2038 2042 2352
18491 861 2134 2133 2137 2470
18492 861 2134 2133 2137 2471
18493 861 2134 2133 2137 2472
18494 861 2229 2228 2232 2593
18495 861 2229 2228 2232 2594
18496 861 2229 2228 2232 2595
18497 861 2689 2688 2692 3000
18498 861 2689 2688 2692 3001
18499 861 2689 2688 2692 3002
18500 861 2784 2783 2787 3120
18501 861 2784 2783 2787 3121
18502 861 2784 2783 2787 3122
18503 861 2879 2878 2882 3243
18504 861 2879 2878 2882 3244
18505 861 2879 2878 2882 3245
18506 861 3339 3338 3342 3650
18507 861 3339 3338 3342 3651
18508 861 3339 3338 3342 3652
18509 861 3434 3433 3437 3770
18510 861 3434 3433 3437 3771
18511 861 3434 3433 3437 3772
18512 861 3529 3528 3532 3893
18513 861 3529 3528 3532 3894
18514 861 3529 3528 3532 3895
18515 861 3989 3988 3992 4300
18516 861 3989 3988 3992 4301
18517 861 3989 3988 3992 4302
18518 861 4084 4083 4087 4420
18519 861 4084 4083 4087 4421
18520 861 4084 4083 4087 4422
18521 861 4179 4178 4182 4543
18522 861 4179 4178 4182 4544
18523 861 4179 4178 4182 4545
18524 861 4639 4638 4642 4950
18525 861 4639 4638 4642 4951
18526 861 4639 4638 4642 4952
18527 861 4734 4733 4737 5070
18528 861 4734 4733 4737 5071
18529 861 4734 4733 4737 5072
18530 861 4829 4828 4832 5193
18531 861 4829 4828 4832 5194
18532 861 4829 4828 4832 5195
18533 861 5289 5288 5292 5600
18534 861 5289 5288 5292 5601
18535 861 5289 5288 5292 5602
18536 861 5384 5383 5387 5720
18537 861 5384 5383 5387 5721
18538 861 5384 5383 5387 5722
18539 861 5479 5478 5482 5843
18540 861 5479 5478 5482 5844
18541 861 5479 5478 5482 5845
18542 861 5939 5938 5942 6250
18543 861 5939 5938 5942 6251
18544 861 5939 5938 5942 6252
18545 861 6034 6033 6037 6370
18546 861 6034 6033 6037 6371
18547 861 6034 6033 6037 6372
18548 861 6129 6128 6132 6493
18549 861 6129 6128 6132 6494
18550 861 6129 6128 6132 6495
18551 861 6589 6588 6592 6900
18552 861 6589 6588 6592 6901
18553 861 6589 6588 6592 6902
18554 861 6684 6683 6687 7020
18555 861 6684 6683 6687 7021
18556 861 6684 6683 6687 7022
18557 861 6779 6778 6782 7143
18558 861 6779 6778 6782 7144
18559 861 6779 6778 6782 7145
18560 861 7239 7238 7242 7550
18561 861 7239 7238 7242 7551
18562 861 7239 7238 7242 7552
18563 861 7334 7333 7337 7670
18564 861 7334 7333 7337 7671
18565 861 7334 7333 7337 7672
18566 861 7429 7428 7432 7793
18567 861 7429 7428 7432 7794
18568 861 7429 7428 7432 7795
18569 861 7889 7888 7892 8200
18570 861 7889 7888 7892 8201
18571 861 7889 7888 7892 8202
18572 861 7984 7983 7987 8320
18573 861 7984 7983 7987 8321
18574 861 7984 7983 7987 8322
18575 861 8079 8078 8082 8443
18576 861 8079 8078 8082 8444
18577 861 8079 8078 8082 8445
18578 861 8539 8538 8542 8850
18579 861 8539 8538 8542 8851
18580 861 8539 8538 8542 8852
18581 861 8634 8633 8637 8970
18582 861 8634 8633 8637 8971
18583 861 8634 8633 8637 8972
18584 861 8729 8728 8732 9093
18585 861 8729 8728 8732 9094
18586 861 8729 8728 8732 9095
18587 861 9189 9188 9192 9500
18588 861 9189 9188 9192 9501
18589 861 9189 9188 9192 9502
18590 861 9284 9283 9287 9620
18591 861 9284 9283 9287 9621
18592 861 9284 9283 9287 9622
18593 861 9379 9378 9382 9743
18594 861 9379 9378 9382 9744
18595 861 9379 9378 9382 9745
18596 861 9839 9838 9842 10150
18597 861 9839 9838 9842 10151
18598 861 9839 9838 9842 10152
18599 861 9934 9933 9937 10270
18600 861 9934 9933 9937 10271
18601 861 9934 9933 9937 10272
18602 861 10029 10028 10032 10393
18603 861 10029 10028 10032 10394
18604 861 10029 10028 10032 10395
18605 861 10489 10488 10492 10800
18606 861 10489 10488 10492 10801
18607 861 10489 10488 10492 10802
18608 861 10584 10583 10587 10920
18609 861 10584 10583 10587 10921
18610 861 10584 10583 10587 10922
18611 861 10679 10678 10682 11043
18612 861 10679 10678 10682 11044
18613 861 10679 10678 10682 11045
18614 861 11139 11138 11142 11450
18615 861 11139 11138 11142 11451
18616 861 11139 11138 11142 11452
18617 861 11234 11233 11237 11570
18618 861 11234 11233 11237 11571
18619 861 11234 11233 11237 11572
18620 861 11329 11328 11332 11693
18621 861 11329 11328 11332 11694
18622 861 11329 11328 11332 11695
18623 861 11789 11788 11792 12100
18624 861 11789 11788 11792 12101
18625 861 11789 11788 11792 12102
18626 861 11884 11883 11887 12220
18627 861 11884 11883 11887 12221
18628 861 11884 11883 11887 12222
18629 861 11979 11978 11982 12343
18630 861 11979 11978 11982 12344
18631 861 11979 11978 11982 12345
18632 861 12439 12438 12442 12750
18633 861 12439 12438 12442 12751
18634 861 12439 12438 12442 12752
18635 861 12534 12533 12537 12870
18636 861 12534 12533 12537 12871
18637 861 12534 12533 12537 12872
18638 861 12629 12628 12632 12993
18639 861 12629 12628 12632 12994
18640 861 12629 12628 12632 12995
18641 861 89 88 93 403
18642 861 89 88 93 404
18643 861 184 183 188 523
18644 861 184 183 188 524
18645 861 279 278 283 646
18646 861 279 278 283 647
18647 861 739 738 743 1053
18648 861 739 738 743 1054
18649 861 834 833 838 1173
18650 861 834 833 838 1174
18651 861 929 928 933 1296
18652 861 929 928 933 1297
18653 861 1389 1388 1393 1703
18654 861 1389 1388 1393 1704
18655 861 1484 1483 1488 1823
18656 861 1484 1483 1488 1824
18657 861 1579 1578 1583 1946
18658 861 1579 1578 1583 1947
18659 861 2039 2038 2043 2353
18660 861 2039 2038 2043 2354
18661 861 2134 2133 2138 2473
18662 861 2134 2133 2138 2474
18663 861 2229 2228 2233 2596
18664 861 2229 2228 2233 2597
18665 861 2689 2688 2693 3003
18666 861 2689 2688 2693 3004
18667 861 2784 2783 2788 3123
18668 861 2784 2783 2788 3124
18669 861 2879 2878 2883 3246
18670 861 2879 2878 2883 3247
18671 861 3339 3338 3343 3653
18672 861 3339 3338 3343 3654
18673 861 3434 3433 3438 3773
18674 861 3434 3433 3438 3774
18675 861 3529 3528 3533 3896
18676 861 3529 3528 3533 3897
18677 861 3989 3988 3993 4303
18678 861 3989 3988 3993 4304
18679 861 4084 4083 4088 4423
18680 861 4084 4083 4088 4424
18681 861 4179 4178 4183 4546
18682 861 4179 4178 4183 4547
18683 861 4639 4638 4643 4953
18684 861 4639 4638 4643 4954
18685 861 4734 4733 4738 5073
18686 861 4734 4733 4738 5074
18687 861 4829 4828 4833 5196
18688 861 4829 4828 4833 5197
18689 861 5289 5288 5293 5603
18690 861 5289 5288 5293 5604
18691 861 5384 5383 5388 5723
18692 861 5384 5383 5388 5724
18693 861 5479 5478 5483 5846
18694 861 5479 5478 5483 5847
18695 861 5939 5938 5943 6253
18696 861 5939 5938 5943 6254
18697 861 6034 6033 6038 6373
18698 861 6034 6033 6038 6374
18699 861 6129 6128 6133 6496
18700 861 6129 6128 6133 6497
18701 861 6589 6588 6593 6903
18702 861 6589 6588 6593 6904
18703 861 6684 6683 6688 7023
18704 861 6684 6683 6688 7024
18705 861 6779 6778 6783 7146
18706 861 6779 6778 6783 7147
18707 861 7239 7238 7243 7553
18708 861 7239 7238 7243 7554
18709 861 7334 7333 7338 7673
18710 861 7334 7333 7338 7674
18711 861 7429 7428 7433 7796
18712 861 7429 7428 7433 7797
18713 861 7889 7888 7893 8203
18714 861 7889 7888 7893 8204
18715 861 7984 7983 7988 8323
18716 861 7984 7983 7988 8324
18717 861 8079 8078 8083 8446
18718 861 8079 8078 8083 8447
18719 861 8539 8538 8543 8853
18720 861 8539 8538 8543 8854
18721 861 8634 8633 8638 8973
18722 861 8634 8633 8638 8974
18723 861 8729 8728 8733 9096
18724 861 8729 8728 8733 9097
18725 861 9189 9188 9193 9503
18726 861 9189 9188 9193 9504
18727 861 9284 9283 9288 9623
18728 861 9284 9283 9288 9624
18729 861 9379 9378 9383 9746
18730 861 9379 9378 9383 9747
18731 861 9839 9838 9843 10153
18732 861 9839 9838 9843 10154
18733 861 9934 9933 9938 10273
18734 861 9934 9933 9938 10274
18735 861 10029 10028 10033 10396
18736 861 10029 10028 10033 10397
18737 861 10489 10488 10493 10803
18738 861 10489 10488 10493 10804
18739 861 10584 10583 10588 10923
18740 861 10584 10583 10588 10924
18741 861 10679 10678 10683 11046
18742 861 10679 10678 10683 11047
18743 861 11139 11138 11143 11453
18744 861 11139 11138 11143 11454
18745 861 11234 11233 11238 11573
18746 861 11234 11233 11238 11574
18747 861 11329 11328 11333 11696
18748 861 11329 11328 11333 11697
18749 861 11789 11788 11793 12103
18750 861 11789 11788 11793 12104
18751 861 11884 11883 11888 12223
18752 861 11884 11883 11888 12224
18753 861 11979 11978 11983 12346
18754 861 11979 11978 11983 12347
18755 861 12439 12438 12443 12753
18756 861 12439 12438 12443 12754
18757 861 12534 12533 12538 12873
18758 861 12534 12533 12538 12874
18759 861 12629 12628 12633 12996
18760 861 12629 12628 12633 12997
18761 864 286 4 5 288
18762 864 286 4 5 289
18763 864 287 4 5 288
18764 864 287 4 5 289
18765 864 288 5 6 290
18766 864 288 5 6 291
18767 864 289 5 6 290
18768 864 289 5 6 291
18769 864 290 6 7 292
18770 864 290 6 7 293
18771 864 291 6 7 292
18772 864 291 6 7 293
18773 864 298 13 93 403
18774 864 298 13 93 404
18775 864 299 13 93 403
18776 864 299 13 93 404
18777 864 314 24 25 316
18778 864 314 24 25 317
18779 864 315 24 25 316
18780 864 315 24 25 317
18781 864 316 25 26 318
18782 864 316 25 26 319
18783 864 317 25 26 318
18784 864 317 25 26 319
18785 864 339 45 46 341
18786 864 339 45 46 342
18787 864 340 45 46 341
18788 864 340 45 46 342
18789 864 341 46 47 343
18790 864 341 46 47 344
18791 864 342 46 47 343
18792 864 342 46 47 344
18793 864 366 68 69 368
18794 864 366 68 69 369
18795 864 367 68 69 368
18796 864 367 68 69 369
18797 864 368 69 70 370
18798 864 368 69 70 371
18799 864 369 69 70 370
18800 864 369 69 70 371
18801 864 374 76 77 376
18802 864 374 76 77 377
18803 864 375 76 77 376
18804 864 375 76 77 377
18805 864 376 77 78 378
18806 864 376 77 78 379
18807 864 377 77 78 378
18808 864 377 77 78 379
18809 864 378 78 79 380
18810 864 378 78 79 381
18811 864 379 78 79 380
18812 864 379 78 79 381
18813 864 380 79 80 382
18814 864 380 79 80 383
18815 864 381 79 80 382
18816 864 381 79 80 383
18817 864 382 80 81 384
18818 864 382 80 81 385
18819 864 383 80 81 384
18820 864 383 80 81 385
18821 864 384 81 82 386
18822 864 384 81 82 387
18823 864 385 81 82 386
18824 864 385 81 82 387
18825 864 386 82 83 388
18826 864 386 82 83 389
18827 864 387 82 83 388
18828 864 387 82 83 389
18829 864 388 83 84 390
18830 864 388 83 84 391
18831 864 389 83 84 390
18832 864 389 83 84 391
18833 864 390 84 85 392
18834 864 390 84 85 393
18835 864 391 84 85 392
18836 864 391 84 85 393
18837 864 409 98 99 411
18838 864 409 98 99 412
18839 864 410 98 99 411
18840 864 410 98 99 412
18841 864 411 99 100 413
18842 864 411 99 100 414
18843 864 412 99 100 413
18844 864 412 99 100 414
18845 864 413 100 101 415
18846 864 413 100 101 416
18847 864 414 100 101 415
18848 864 414 100 101 416
18849 864 421 107 188 523
18850 864 421 107 188 524
18851 864 422 107 188 523
18852 864 422 107 188 524
18853 864 437 118 119 439
18854 864 437 118 119 440
18855 864 438 118 119 439
18856 864 438 118 119 440
18857 864 439 119 120 441
18858 864 439 119 120 442
18859 864 440 119 120 441
18860 864 440 119 120 442
18861 864 462 140 141 464
18862 864 462 140 141 465
18863 864 463 140 141 464
18864 864 463 140 141 465
18865 864 464 141 142 466
18866 864 464 141 142 467
18867 864 465 141 142 466
18868 864 465 141 142 467
18869 864 486 163 164 488
18870 864 486 163 164 489
18871 864 487 163 164 488
18872 864 487 163 164 489
18873 864 488 164 165 490
18874 864 488 164 165 491
18875 864 489 164 165 490
18876 864 489 164 165 491
18877 864 494 171 172 496
18878 864 494 171 172 497
18879 864 495 171 172 496
18880 864 495 171 172 497
18881 864 496 172 173 498
18882 864 496 172 173 499
18883 864 497 172 173 498
18884 864 497 172 173 499
18885 864 498 173 174 500
18886 864 498 173 174 501
18887 864 499 173 174 500
18888 864 499 173 174 501
18889 864 500 174 175 502
18890 864 500 174 175 503
18891 864 501 174 175 502
18892 864 501 174 175 503
18893 864 502 175 176 504
18894 864 502 175 176 505
18895 864 503 175 176 504
18896 864 503 175 176 505
18897 864 504 176 177 506
18898 864 504 176 177 507
18899 864 505 176 177 506
18900 864 505 176 177 507
18901 864 506 177 178 508
18902 864 506 177 178 509
18903 864 507 177 178 508
18904 864 507 177 178 509
18905 864 508 178 179 510
18906 864 508 178 179 511
18907 864 509 178 179 510
18908 864 509 178 179 511
18909 864 510 179 180 512
18910 864 510 179 180 513
18911 864 511 179 180 512
18912 864 511 179 180 513
18913 864 529 193 194 531
18914 864 529 193 194 532
18915 864 530 193 194 531
18916 864 530 193 194 532
18917 864 531 194 195 533
18918 864 531 194 195 534
18919 864 532 194 195 533
18920 864 532 194 195 534
18921 864 533 195 196 535
18922 864 533 195 196 536
18923 864 534 195 196 535
18924 864 534 195 196 536
18925 864 541 202 283 646
18926 864 541 202 283 647
18927 864 542 202 283 646
18928 864 542 202 283 647
18929 864 557 213 214 559
18930 864 557 213 214 560
18931 864 558 213 214 559
18932 864 558 213 214 560
18933 864 559 214 215 561
18934 864 559 214 215 562
18935 864 560 214 215 561
18936 864 560 214 215 562
18937 864 585 236 237 587
18938 864 585 236 237 588
18939 864 586 236 237 587
18940 864 586 236 237 588
18941 864 587 237 238 589
18942 864 587 237 238 590
18943 864 588 237 238 589
18944 864 588 237 238 590
18945 864 609 258 259 611
18946 864 609 258 259 612
18947 864 610 258 259 611
18948 864 610 258 259 612
18949 864 611 259 260 613
18950 864 611 259 260 614
18951 864 612 259 260 613
18952 864 612 259 260 614
18953 864 617 266 267 619
18954 864 617 266 267 620
18955 864 618 266 267 619
18956 864 618 266 267 620
18957 864 619 267 268 621
18958 864 619 267 268 622
18959 864 620 267 268 621
18960 864 620 267 268 622
18961 864 621 268 269 623
18962 864 621 268 269 624
18963 864 622 268 269 623
18964 864 622 268 269 624
18965 864 623 269 270 625
18966 864 623 269 270 626
18967 864 624 269 270 625
18968 864 624 269 270 626
18969 864 625 270 271 627
18970 864 625 270 271 628
18971 864 626 270 271 627
18972 864 626 270 271 628
18973 864 627 271 272 629
18974 864 627 271 272 630
18975 864 628 271 272 629
18976 864 628 271 272 630
18977 864 629 272 273 631
18978 864 629 272 273 632
18979 864 630 272 273 631
18980 864 630 272 273 632
18981 864 631 273 274 633
18982 864 631 273 274 634
18983 864 632 273 274 633
18984 864 632 273 274 634
18985 864 633 274 275 635
18986 864 633 274 275 636
18987 864 634 274 275 635
18988 864 634 274 275 636
18989 864 936 654 655 938
18990 864 936 654 655 939
18991 864 937 654 655 938
18992 864 937 654 655 939
18993 864 938 655 656 940
18994 864 938 655 656 941
18995 864 939 655 656 940
18996 864 939 655 656 941
18997 864 940 656 657 942
18998 864 940 656 657 943
18999 864 941 656 657 942
19000 864 941 656 657 943
19001 864 948 663 743 1053
19002 864 948 663 743 1054
19003 864 949 663 743 1053
19004 864 949 663 743 1054
19005 864 964 674 675 966
19006 864 964 674 675 967
19007 864 965 674 675 966
19008 864 965 674 675 967
19009 864 966 675 676 968
19010 864 966 675 676 969
19011 864 967 675 676 968
19012 864 967 675 676 969
19013 864 989 695 696 991
19014 864 989 695 696 992
19015 864 990 695 696 991
19016 864 990 695 696 992
19017 864 991 696 697 993
19018 864 991 696 697 994
19019 864 992 696 697 993
19020 864 992 696 697 994
19021 864 1016 718 719 1018
19022 864 1016 718 719 1019
19023 864 1017 718 719 1018
19024 864 1017 718 719 1019
19025 864 1018 719 720 1020
19026 864 1018 719 720 1021
19027 864 1019 719 720 1020
19028 864 1019 719 720 1021
19029 864 1024 726 727 1026
19030 864 1024 726 727 1027
19031 864 1025 726 727 1026
19032 864 1025 726 727 1027
19033 864 1026 727 728 1028
19034 864 1026 727 728 1029
19035 864 1027 727 728 1028
19036 864 1027 727 728 1029
19037 864 1028 728 729 1030
19038 864 1028 728 729 1031
19039 864 1029 728 729 1030
19040 864 1029 728 729 1031
19041 864 1030 729 730 1032
19042 864 1030 729 730 1033
19043 864 1031 729 730 1032
19044 864 1031 729 730 1033
19045 864 1032 730 731 1034
19046 864 1032 730 731 1035
19047 864 1033 730 731 1034
19048 864 1033 730 731 1035
19049 864 1034 731 732 1036
19050 864 1034 731 732 1037
19051 864 1035 731 732 1036
19052 864 1035 731 732 1037
19053 864 1036 732 733 1038
19054 864 1036 732 733 1039
19055 864 1037 732 733 1038
19056 864 1037 732 733 1039
19057 864 1038 733 734 1040
19058 864 1038 733 734 1041
19059 864 1039 733 734 1040
19060 864 1039 733 734 1041
19061 864 1040 734 735 1042
19062 864 1040 734 735 1043
19063 864 1041 734 735 1042
19064 864 1041 734 735 1043
19065 864 1059 748 749 1061
19066 864 1059 748 749 1062
19067 864 1060 748 749 1061
19068 864 1060 748 749 1062
19069 864 1061 749 750 1063
19070 864 1061 749 750 1064
19071 864 1062 749 750 1063
19072 864 1062 749 750 1064
19073 864 1063 750 751 1065
19074 864 1063 750 751 1066
19075 864 1064 750 751 1065
19076 864 1064 750 751 1066
19077 864 1071 757 838 1173
19078 864 1071 757 838 1174
19079 864 1072 757 838 1173
19080 864 1072 757 838 1174
19081 864 1087 768 769 1089
19082 864 1087 768 769 1090
19083 864 1088 768 769 1089
19084 864 1088 768 769 1090
19085 864 1089 769 770 1091
19086 864 1089 769 770 1092
19087 864 1090 769 770 1091
19088 864 1090 769 770 1092
19089 864 1112 790 791 1114
19090 864 1112 790 791 1115
19091 864 1113 790 791 1114
19092 864 1113 790 791 1115
19093 864 1114 791 792 1116
19094 864 1114 791 792 1117
19095 864 1115 791 792 1116
19096 864 1115 791 792 1117
19097 864 1136 813 814 1138
19098 864 1136 813 814 1139
19099 864 1137 813 814 1138
19100 864 1137 813 814 1139
19101 864 1138 814 815 1140
19102 864 1138 814 815 1141
19103 864 1139 814 815 1140
19104 864 1139 814 815 1141
19105 864 1144 821 822 1146
19106 864 1144 821 822 1147
19107 864 1145 821 822 1146
19108 864 1145 821 822 1147
19109 864 1146 822 823 1148
19110 864 1146 822 823 1149
19111 864 1147 822 823 1148
19112 864 1147 822 823 1149
19113 864 1148 823 824 1150
19114 864 1148 823 824 1151
19115 864 1149 823 824 1150
19116 864 1149 823 824 1151
19117 864 1150 824 825 1152
19118 864 1150 824 825 1153
19119 864 1151 824 825 1152
19120 864 1151 824 825 1153
19121 864 1152 825 826 1154
19122 864 1152 825 826 1155
19123 864 1153 825 826 1154
19124 864 1153 825 826 1155
19125 864 1154 826 827 1156
19126 864 1154 826 827 1157
19127 864 1155 826 827 1156
19128 864 1155 826 827 1157
19129 864 1156 827 828 1158
19130 864 1156 827 828 1159
19131 864 1157 827 828 1158
19132 864 1157 827 828 1159
19133 864 1158 828 829 1160
19134 864 1158 828 829 1161
19135 864 1159 828 829 1160
19136 864 1159 828 829 1161
19137 864 1160 829 830 1162
19138 864 1160 829 830 1163
19139 864 1161 829 830 1162
19140 864 1161 829 830 1163
19141 864 1179 843 844 1181
19142 864 1179 843 844 1182
19143 864 1180 843 844 1181
19144 864 1180 843 844 1182
19145 864 1181 844 845 1183
19146 864 1181 844 845 1184
19147 864 1182 844 845 1183
19148 864 1182 844 845 1184
19149 864 1183 845 846 1185
19150 864 1183 845 846 1186
19151 864 1184 845 846 1185
19152 864 1184 845 846 1186
19153 864 1191 852 933 1296
19154 864 1191 852 933 1297
19155 864 1192 852 933 1296
19156 864 1192 852 933 1297
19157 864 1207 863 864 1209
19158 864 1207 863 864 1210
19159 864 1208 863 864 1209
19160 864 1208 863 864 1210
19161 864 1209 864 865 1211
19162 864 1209 864 865 1212
19163 864 1210 864 865 1211
19164 864 1210 864 865 1212
19165 864 1235 886 887 1237
19166 864 1235 886 887 1238
19167 864 1236 886 887 1237
19168 864 1236 886 887 1238
19169 864 1237 887 888 1239
19170 864 1237 887 888 1240
19171 864 1238 887 888 1239
19172 864 1238 887 888 1240
19173 864 1259 908 909 1261
19174 864 1259 908 909 1262
19175 864 1260 908 909 1261
19176 864 1260 908 909 1262
19177 864 1261 909 910 1263
19178 864 1261 909 910 1264
19179 864 1262 909 910 1263
19180 864 1262 909 910 1264
19181 864 1267 916 917 1269
19182 864 1267 916 917 1270
19183 864 1268 916 917 1269
19184 864 1268 916 917 1270
19185 864 1269 917 918 1271
19186 864 1269 917 918 1272
19187 864 1270 917 918 1271
19188 864 1270 917 918 1272
19189 864 1271 918 919 1273
19190 864 1271 918 919 1274
19191 864 1272 918 919 1273
19192 864 1272 918 919 1274
19193 864 1273 919 920 1275
19194 864 1273 919 920 1276
19195 864 1274 919 920 1275
19196 864 1274 919 920 1276
19197 864 1275 920 921 1277
19198 864 1275 920 921 1278
19199 864 1276 920 921 1277
19200 864 1276 920 921 1278
19201 864 1277 921 922 1279
19202 864 1277 921 922 1280
19203 864 1278 921 922 1279
19204 864 1278 921 922 1280
19205 864 1279 922 923 1281
19206 864 1279 922 923 1282
19207 864 1280 922 923 1281
19208 864 1280 922 923 1282
19209 864 1281 923 924 1283
19210 864 1281 923 924 1284
19211 864 1282 923 924 1283
19212 864 1282 923 924 1284
19213 864 1283 924 925 1285
19214 864 1283 924 925 1286
19215 864 1284 924 925 1285
19216 864 1284 924 925 1286
19217 864 1586 1304 1305 1588
19218 864 1586 1304 1305 1589
19219 864 1587 1304 1305 1588
19220 864 1587 1304 1305 1589
19221 864 1588 1305 1306 1590
19222 864 1588 1305 1306 1591
19223 864 1589 1305 1306 1590
19224 864 1589 1305 1306 1591
19225 864 1590 1306 1307 1592
19226 864 1590 1306 1307 1593
19227 864 1591 1306 1307 1592
19228 864 1591 1306 1307 1593
19229 864 1598 1313 1393 1703
19230 864 1598 1313 1393 1704
19231 864 1599 1313 1393 1703
19232 864 1599 1313 1393 1704
19233 864 1614 1324 1325 1616
19234 864 1614 1324 1325 1617
19235 864 1615 1324 1325 1616
19236 864 1615 1324 1325 1617
19237 864 1616 1325 1326 1618
19238 864 1616 1325 1326 1619
19239 864 1617 1325 1326 1618
19240 864 1617 1325 1326 1619
19241 864 1639 1345 1346 1641
19242 864 1639 1345 1346 1642
19243 864 1640 1345 1346 1641
19244 864 1640 1345 1346 1642
19245 864 1641 1346 1347 1643
19246 864 1641 1346 1347 1644
19247 864 1642 1346 1347 1643
19248 864 1642 1346 1347 1644
19249 864 1666 1368 1369 1668
19250 864 1666 1368 1369 1669
19251 864 1667 1368 1369 1668
19252 864 1667 1368 1369 1669
19253 864 1668 1369 1370 1670
19254 864 1668 1369 1370 1671
19255 864 1669 1369 1370 1670
19256 864 1669 1369 1370 1671
19257 864 1674 1376 1377 1676
19258 864 1674 1376 1377 1677
19259 864 1675 1376 1377 1676
19260 864 1675 1376 1377 1677
19261 864 1676 1377 1378 1678
19262 864 1676 1377 1378 1679
19263 864 1677 1377 1378 1678
19264 864 1677 1377 1378 1679
19265 864 1678 1378 1379 1680
19266 864 1678 1378 1379 1681
19267 864 1679 1378 1379 1680
19268 864 1679 1378 1379 1681
19269 864 1680 1379 1380 1682
19270 864 1680 1379 1380 1683
19271 864 1681 1379 1380 1682
19272 864 1681 1379 1380 1683
19273 864 1682 1380 1381 1684
19274 864 1682 1380 1381 1685
19275 864 1683 1380 1381 1684
19276 864 1683 1380 1381 1685
19277 864 1684 1381 1382 1686
19278 864 1684 1381 1382 1687
19279 864 1685 1381 1382 1686
19280 864 1685 1381 1382 1687
19281 864 1686 1382 1383 1688
19282 864 1686 1382 1383 1689
19283 864 1687 1382 1383 1688
19284 864 1687 1382 1383 1689
19285 864 1688 1383 1384 1690
19286 864 1688 1383 1384 1691
19287 864 1689 1383 1384 1690
19288 864 1689 1383 1384 1691
19289 864 1690 1384 1385 1692
19290 864 1690 1384 1385 1693
19291 864 1691 1384 1385 1692
19292 864 1691 1384 1385 1693
19293 864 1709 1398 1399 1711
19294 864 1709 1398 1399 1712
19295 864 1710 1398 1399 1711
19296 864 1710 1398 1399 1712
19297 864 1711 1399 1400 1713
19298 864 1711 1399 1400 1714
19299 864 1712 1399 1400 1713
19300 864 1712 1399 1400 1714
19301 864 1713 1400 1401 1715
19302 864 1713 1400 1401 1716
19303 864 1714 1400 1401 1715
19304 864 1714 1400 1401 1716
19305 864 1721 1407 1488 1823
19306 864 1721 1407 1488 1824
19307 864 1722 1407 1488 1823
19308 864 1722 1407 1488 1824
19309 864 1737 1418 1419 1739
19310 864 1737 1418 1419 1740
19311 864 1738 1418 1419 1739
19312 864 1738 1418 1419 1740
19313 864 1739 1419 1420 1741
19314 864 1739 1419 1420 1742
19315 864 1740 1419 1420 1741
19316 864 1740 1419 1420 1742
19317 864 1762 1440 1441 1764
19318 864 1762 1440 1441 1765
19319 864 1763 1440 1441 1764
19320 864 1763 1440 1441 1765
19321 864 1764 1441 1442 1766
19322 864 1764 1441 1442 1767
19323 864 1765 1441 1442 1766
19324 864 1765 1441 1442 1767
19325 864 1786 1463 1464 1788
19326 864 1786 1463 1464 1789
19327 864 1787 1463 1464 1788
19328 864 1787 1463 1464 1789
19329 864 1788 1464 1465 1790
19330 864 1788 1464 1465 1791
19331 864 1789 1464 1465 1790
19332 864 1789 1464 1465 1791
19333 864 1794 1471 1472 1796
19334 864 1794 1471 1472 1797
19335 864 1795 1471 1472 1796
19336 864 1795 1471 1472 1797
19337 864 1796 1472 1473 1798
19338 864 1796 1472 1473 1799
19339 864 1797 1472 1473 1798
19340 864 1797 1472 1473 1799
19341 864 1798 1473 1474 1800
19342 864 1798 1473 1474 1801
19343 864 1799 1473 1474 1800
19344 864 1799 1473 1474 1801
19345 864 1800 1474 1475 1802
19346 864 1800 1474 1475 1803
19347 864 1801 1474 1475 1802
19348 864 1801 1474 1475 1803
19349 864 1802 1475 1476 1804
19350 864 1802 1475 1476 1805
19351 864 1803 1475 1476 1804
19352 864 1803 1475 1476 1805
19353 864 1804 1476 1477 1806
19354 864 1804 1476 1477 1807
19355 864 1805 1476 1477 1806
19356 864 1805 1476 1477 1807
19357 864 1806 1477 1478 1808
19358 864 1806 1477 1478 1809
19359 864 1807 1477 1478 1808
19360 864 1807 1477 1478 1809
19361 864 1808 1478 1479 1810
19362 864 1808 1478 1479 1811
19363 864 1809 1478 1479 1810
19364 864 1809 1478 1479 1811
19365 864 1810 1479 1480 1812
19366 864 1810 1479 1480 1813
19367 864 1811 1479 1480 1812
19368 864 1811 1479 1480 1813
19369 864 1829 1493 1494 1831
19370 864 1829 1493 1494 1832
19371 864 1830 1493 1494 1831
19372 864 1830 1493 1494 1832
19373 864 1831 1494 1495 1833
19374 864 1831 1494 1495 1834
19375 864 1832 1494 1495 1833
19376 864 1832 1494 1495 1834
19377 864 1833 1495 1496 1835
19378 864 1833 1495 1496 1836
19379 864 1834 1495 1496 1835
19380 864 1834 1495 1496 1836
19381 864 1841 1502 1583 1946
19382 864 1841 1502 1583 1947
19383 864 1842 1502 1583 1946
19384 864 1842 1502 1583 1947
19385 864 1857 1513 1514 1859
19386 864 1857 1513 1514 1860
19387 864 1858 1513 1514 1859
19388 864 1858 1513 1514 1860
19389 864 1859 1514 1515 1861
19390 864 1859 1514 1515 1862
19391 864 1860 1514 1515 1861
19392 864 1860 1514 1515 1862
19393 864 1885 1536 1537 1887
19394 864 1885 1536 1537 1888
19395 864 1886 1536 1537 1887
19396 864 1886 1536 1537 1888
19397 864 1887 1537 1538 1889
19398 864 1887 1537 1538 1890
19399 864 1888 1537 1538 1889
19400 864 1888 1537 1538 1890
19401 864 1909 1558 1559 1911
19402 864 1909 1558 1559 1912
19403 864 1910 1558 1559 1911
19404 864 1910 1558 1559 1912
19405 864 1911 1559 1560 1913
19406 864 1911 1559 1560 1914
19407 864 1912 1559 1560 1913
19408 864 1912 1559 1560 1914
19409 864 1917 1566 1567 1919
19410 864 1917 1566 1567 1920
19411 864 1918 1566 1567 1919
19412 864 1918 1566 1567 1920
19413 864 1919 1567 1568 1921
19414 864 1919 1567 1568 1922
19415 864 1920 1567 1568 1921
19416 864 1920 1567 1568 1922
19417 864 1921 1568 1569 1923
19418 864 1921 1568 1569 1924
19419 864 1922 1568 1569 1923
19420 864 1922 1568 1569 1924
19421 864 1923 1569 1570 1925
19422 864 1923 1569 1570 1926
19423 864 1924 1569 1570 1925
19424 864 1924 1569 1570 1926
19425 864 1925 1570 1571 1927
19426 864 1925 1570 1571 1928
19427 864 1926 1570 1571 1927
19428 864 1926 1570 1571 1928
19429 864 1927 1571 1572 1929
19430 864 1927 1571 1572 1930
19431 864 1928 1571 1572 1929
19432 864 1928 1571 1572 1930
19433 864 1929 1572 1573 1931
19434 864 1929 1572 1573 1932
19435 864 1930 1572 1573 1931
19436 864 1930 1572 1573 1932
19437 864 1931 1573 1574 1933
19438 864 1931 1573 1574 1934
19439 864 1932 1573 1574 1933
19440 864 1932 1573 1574 1934
19441 864 1933 1574 1575 1935
19442 864 1933 1574 1575 1936
19443 864 1934 1574 1575 1935
19444 864 1934 1574 1575 1936
19445 864 2236 1954 1955 2238
19446 864 2236 1954 1955 2239
19447 864 2237 1954 1955 2238
19448 864 2237 1954 1955 2239
19449 864 2238 1955 1956 2240
19450 864 2238 1955 1956 2241
19451 864 2239 1955 1956 2240
19452 864 2239 1955 1956 2241
19453 864 2240 1956 1957 2242
19454 864 2240 1956 1957 2243
19455 864 2241 1956 1957 2242
19456 864 2241 1956 1957 2243
19457 864 2248 1963 2043 2353
19458 864 2248 1963 2043 2354
19459 864 2249 1963 2043 2353
19460 864 2249 1963 2043 2354
19461 864 2264 1974 1975 2266
19462 864 2264 1974 1975 2267
19463 864 2265 1974 1975 2266
19464 864 2265 1974 1975 2267
19465 864 2266 1975 1976 2268
19466 864 2266 1975 1976 2269
19467 864 2267 1975 1976 2268
19468 864 2267 1975 1976 2269
19469 864 2289 1995 1996 2291
19470 864 2289 1995 1996 2292
19471 864 2290 1995 1996 2291
19472 864 2290 1995 1996 2292
19473 864 2291 1996 1997 2293
19474 864 2291 1996 1997 2294
19475 864 2292 1996 1997 2293
19476 864 2292 1996 1997 2294
19477 864 2316 2018 2019 2318
19478 864 2316 2018 2019 2319
19479 864 2317 2018 2019 2318
19480 864 2317 2018 2019 2319
19481 864 2318 2019 2020 2320
19482 864 2318 2019 2020 2321
19483 864 2319 2019 2020 2320
19484 864 2319 2019 2020 2321
19485 864 2324 2026 2027 2326
19486 864 2324 2026 2027 2327
19487 864 2325 2026 2027 2326
19488 864 2325 2026 2027 2327
19489 864 2326 2027 2028 2328
19490 864 2326 2027 2028 2329
19491 864 2327 2027 2028 2328
19492 864 2327 2027 2028 2329
19493 864 2328 2028 2029 2330
19494 864 2328 2028 2029 2331
19495 864 2329 2028 2029 2330
19496 864 2329 2028 2029 2331
19497 864 2330 2029 2030 2332
19498 864 2330 2029 2030 2333
19499 864 2331 2029 2030 2332
19500 864 2331 2029 2030 2333
19501 864 2332 2030 2031 2334
19502 864 2332 2030 2031 2335
19503 864 2333 2030 2031 2334
19504 864 2333 2030 2031 2335
19505 864 2334 2031 2032 2336
19506 864 2334 2031 2032 2337
19507 864 2335 2031 2032 2336
19508 864 2335 2031 2032 2337
19509 864 2336 2032 2033 2338
19510 864 2336 2032 2033 2339
19511 864 2337 2032 2033 2338
19512 864 2337 2032 2033 2339
19513 864 2338 2033 2034 2340
19514 864 2338 2033 2034 2341
19515 864 2339 2033 2034 2340
19516 864 2339 2033 2034 2341
19517 864 2340 2034 2035 2342
19518 864 2340 2034 2035 2343
19519 864 2341 2034 2035 2342
19520 864 2341 2034 2035 2343
19521 864 2359 2048 2049 2361
19522 864 2359 2048 2049 2362
19523 864 2360 2048 2049 2361
19524 864 2360 2048 2049 2362
19525 864 2361 2049 2050 2363
19526 864 2361 2049 2050 2364
19527 864 2362 2049 2050 2363
19528 864 2362 2049 2050 2364
19529 864 2363 2050 2051 2365
19530 864 2363 2050 2051 2366
19531 864 2364 2050 2051 2365
19532 864 2364 2050 2051 2366
19533 864 2371 2057 2138 2473
19534 864 2371 2057 2138 2474
19535 864 2372 2057 2138 2473
19536 864 2372 2057 2138 2474
19537 864 2387 2068 2069 2389
19538 864 2387 2068 2069 2390
19539 864 2388 2068 2069 2389
19540 864 2388 2068 2069 2390
19541 864 2389 2069 2070 2391
19542 864 2389 2069 2070 2392
19543 864 2390 2069 2070 2391
19544 864 2390 2069 2070 2392
19545 864 2412 2090 2091 2414
19546 864 2412 2090 2091 2415
19547 864 2413 2090 2091 2414
19548 864 2413 2090 2091 2415
19549 864 2414 2091 2092 2416
19550 864 2414 2091 2092 2417
19551 864 2415 2091 2092 2416
19552 864 2415 2091 2092 2417
19553 864 2436 2113 2114 2438
19554 864 2436 2113 2114 2439
19555 864 2437 2113 2114 2438
19556 864 2437 2113 2114 2439
19557 864 2438 2114 2115 2440
19558 864 2438 2114 2115 2441
19559 864 2439 2114 2115 2440
19560 864 2439 2114 2115 2441
19561 864 2444 2121 2122 2446
19562 864 2444 2121 2122 2447
19563 864 2445 2121 2122 2446
19564 864 2445 2121 2122 2447
19565 864 2446 2122 2123 2448
19566 864 2446 2122 2123 2449
19567 864 2447 2122 2123 2448
19568 864 2447 2122 2123 2449
19569 864 2448 2123 2124 2450
19570 864 2448 2123 2124 2451
19571 864 2449 2123 2124 2450
19572 864 2449 2123 2124 2451
19573 864 2450 2124 2125 2452
19574 864 2450 2124 2125 2453
19575 864 2451 2124 2125 2452
19576 864 2451 2124 2125 2453
19577 864 2452 2125 2126 2454
19578 864 2452 2125 2126 2455
19579 864 2453 2125 2126 2454
19580 864 2453 2125 2126 2455
19581 864 2454 2126 2127 2456
19582 864 2454 2126 2127 2457
19583 864 2455 2126 2127 2456
19584 864 2455 2126 2127 2457
19585 864 2456 2127 2128 2458
19586 864 2456 2127 2128 2459
19587 864 2457 2127 2128 2458
19588 864 2457 2127 2128 2459
19589 864 2458 2128 2129 2460
19590 864 2458 2128 2129 2461
19591 864 2459 2128 2129 2460
19592 864 2459 2128 2129 2461
19593 864 2460 2129 2130 2462
19594 864 2460 2129 2130 2463
19595 864 2461 2129 2130 2462
19596 864 2461 2129 2130 2463
19597 864 2479 2143 2144 2481
19598 864 2479 2143 2144 2482
19599 864 2480 2143 2144 2481
19600 864 2480 2143 2144 2482
19601 864 2481 2144 2145 2483
19602 864 2481 2144 2145 2484
19603 864 2482 2144 2145 2483
19604 864 2482 2144 2145 2484
19605 864 2483 2145 2146 2485
19606 864 2483 2145 2146 2486
19607 864 2484 2145 2146 2485
19608 864 2484 2145 2146 2486
19609 864 2491 2152 2233 2596
19610 864 2491 2152 2233 2597
19611 864 2492 2152 2233 2596
19612 864 2492 2152 2233 2597
19613 864 2507 2163 2164 2509
19614 864 2507 2163 2164 2510
19615 864 2508 2163 2164 2509
19616 864 2508 2163 2164 2510
19617 864 2509 2164 2165 2511
19618 864 2509 2164 2165 2512
19619 864 2510 2164 2165 2511
19620 864 2510 2164 2165 2512
19621 864 2535 2186 2187 2537
19622 864 2535 2186 2187 2538
19623 864 2536 2186 2187 2537
19624 864 2536 2186 2187 2538
19625 864 2537 2187 2188 2539
19626 864 2537 2187 2188 2540
19627 864 2538 2187 2188 2539
19628 864 2538 2187 2188 2540
19629 864 2559 2208 2209 2561
19630 864 2559 2208 2209 2562
19631 864 2560 2208 2209 2561
19632 864 2560 2208 2209 2562
19633 864 2561 2209 2210 2563
19634 864 2561 2209 2210 2564
19635 864 2562 2209 2210 2563
19636 864 2562 2209 2210 2564
19637 864 2567 2216 2217 2569
19638 864 2567 2216 2217 2570
19639 864 2568 2216 2217 2569
19640 864 2568 2216 2217 2570
19641 864 2569 2217 2218 2571
19642 864 2569 2217 2218 2572
19643 864 2570 2217 2218 2571
19644 864 2570 2217 2218 2572
19645 864 2571 2218 2219 2573
19646 864 2571 2218 2219 2574
19647 864 2572 2218 2219 2573
19648 864 2572 2218 2219 2574
19649 864 2573 2219 2220 2575
19650 864 2573 2219 2220 2576
19651 864 2574 2219 2220 2575
19652 864 2574 2219 2220 2576
19653 864 2575 2220 2221 2577
19654 864 2575 2220 2221 2578
19655 864 2576 2220 2221 2577
19656 864 2576 2220 2221 2578
19657 864 2577 2221 2222 2579
19658 864 2577 2221 2222 2580
19659 864 2578 2221 2222 2579
19660 864 2578 2221 2222 2580
19661 864 2579 2222 2223 2581
19662 864 2579 2222 2223 2582
19663 864 2580 2222 2223 2581
19664 864 2580 2222 2223 2582
19665 864 2581 2223 2224 2583
19666 864 2581 2223 2224 2584
19667 864 2582 2223 2224 2583
19668 864 2582 2223 2224 2584
19669 864 2583 2224 2225 2585
19670 864 2583 2224 2225 2586
19671 864 2584 2224 2225 2585
19672 864 2584 2224 2225 2586
19673 864 2886 2604 2605 2888
19674 864 2886 2604 2605 2889
19675 864 2887 2604 2605 2888
19676 864 2887 2604 2605 2889
19677 864 2888 2605 2606 2890
19678 864 2888 2605 2606 2891
19679 864 2889 2605 2606 2890
19680 864 2889 2605 2606 2891
19681 864 2890 2606 2607 2892
19682 864 2890 2606 2607 2893
19683 864 2891 2606 2607 2892
19684 864 2891 2606 2607 2893
19685 864 2898 2613 2693 3003
19686 864 2898 2613 2693 3004
19687 864 2899 2613 2693 3003
19688 864 2899 2613 2693 3004
19689 864 2914 2624 2625 2916
19690 864 2914 2624 2625 2917
19691 864 2915 2624 2625 2916
19692 864 2915 2624 2625 2917
19693 864 2916 2625 2626 2918
19694 864 2916 2625 2626 2919
19695 864 2917 2625 2626 2918
19696 864 2917 2625 2626 2919
19697 864 2939 2645 2646 2941
19698 864 2939 2645 2646 2942
19699 864 2940 2645 2646 2941
19700 864 2940 2645 2646 2942
19701 864 2941 2646 2647 2943
19702 864 2941 2646 2647 2944
19703 864 2942 2646 2647 2943
19704 864 2942 2646 2647 2944
19705 864 2966 2668 2669 2968
19706 864 2966 2668 2669 2969
19707 864 2967 2668 2669 2968
19708 864 2967 2668 2669 2969
19709 864 2968 2669 2670 2970
19710 864 2968 2669 2670 2971
19711 864 2969 2669 2670 2970
19712 864 2969 2669 2670 2971
19713 864 2974 2676 2677 2976
19714 864 2974 2676 2677 2977
19715 864 2975 2676 2677 2976
19716 864 2975 2676 2677 2977
19717 864 2976 2677 2678 2978
19718 864 2976 2677 2678 2979
19719 864 2977 2677 2678 2978
19720 864 2977 2677 2678 2979
19721 864 2978 2678 2679 2980
19722 864 2978 2678 2679 2981
19723 864 2979 2678 2679 2980
19724 864 2979 2678 2679 2981
19725 864 2980 2679 2680 2982
19726 864 2980 2679 2680 2983
19727 864 2981 2679 2680 2982
19728 864 2981 2679 2680 2983
19729 864 2982 2680 2681 2984
19730 864 2982 2680 2681 2985
19731 864 2983 2680 2681 2984
19732 864 2983 2680 2681 2985
19733 864 2984 2681 2682 2986
19734 864 2984 2681 2682 2987
19735 864 2985 2681 2682 2986
19736 864 2985 2681 2682 2987
19737 864 2986 2682 2683 2988
19738 864 2986 2682 2683 2989
19739 864 2987 2682 2683 2988
19740 864 2987 2682 2683 2989
19741 864 2988 2683 2684 2990
19742 864 2988 2683 2684 2991
19743 864 2989 2683 2684 2990
19744 864 2989 2683 2684 2991
19745 864 2990 2684 2685 2992
19746 864 2990 2684 2685 2993
19747 864 2991 2684 2685 2992
19748 864 2991 2684 2685 2993
19749 864 3009 2698 2699 3011
19750 864 3009 2698 2699 3012
19751 864 3010 2698 2699 3011
19752 864 3010 2698 2699 3012
19753 864 3011 2699 2700 3013
19754 864 3011 2699 2700 3014
19755 864 3012 2699 2700 3013
19756 864 3012 2699 2700 3014
19757 864 3013 2700 2701 3015
19758 864 3013 2700 2701 3016
19759 864 3014 2700 2701 3015
19760 864 3014 2700 2701 3016
19761 864 3021 2707 2788 3123
19762 864 3021 2707 2788 3124
19763 864 3022 2707 2788 3123
19764 864 3022 2707 2788 3124
19765 864 3037 2718 2719 3039
19766 864 3037 2718 2719 3040
19767 864 3038 2718 2719 3039
19768 864 3038 2718 2719 3040
19769 864 3039 2719 2720 3041
19770 864 3039 2719 2720 3042
19771 864 3040 2719 2720 3041
19772 864 3040 2719 2720 3042
19773 864 3062 2740 2741 3064
19774 864 3062 2740 2741 3065
19775 864 3063 2740 2741 3064
19776 864 3063 2740 2741 3065
19777 864 3064 2741 2742 3066
19778 864 3064 2741 2742 3067
19779 864 3065 2741 2742 3066
19780 864 3065 2741 2742 3067
19781 864 3086 2763 2764 3088
19782 864 3086 2763 2764 3089
19783 864 3087 2763 2764 3088
19784 864 3087 2763 2764 3089
19785 864 3088 2764 2765 3090
19786 864 3088 2764 2765 3091
19787 864 3089 2764 2765 3090
19788 864 3089 2764 2765 3091
19789 864 3094 2771 2772 3096
19790 864 3094 2771 2772 3097
19791 864 3095 2771 2772 3096
19792 864 3095 2771 2772 3097
19793 864 3096 2772 2773 3098
19794 864 3096 2772 2773 3099
19795 864 3097 2772 2773 3098
19796 864 3097 2772 2773 3099
19797 864 3098 2773 2774 3100
19798 864 3098 2773 2774 3101
19799 864 3099 2773 2774 3100
19800 864 3099 2773 2774 3101
19801 864 3100 2774 2775 3102
19802 864 3100 2774 2775 3103
19803 864 3101 2774 2775 3102
19804 864 3101 2774 2775 3103
19805 864 3102 2775 2776 3104
19806 864 3102 2775 2776 3105
19807 864 3103 2775 2776 3104
19808 864 3103 2775 2776 3105
19809 864 3104 2776 2777 3106
19810 864 3104 2776 2777 3107
19811 864 3105 2776 2777 3106
19812 864 3105 2776 2777 3107
19813 864 3106 2777 2778 3108
19814 864 3106 2777 2778 3109
19815 864 3107 2777 2778 3108
19816 864 3107 2777 2778 3109
19817 864 3108 2778 2779 3110
19818 864 3108 2778 2779 3111
19819 864 3109 2778 2779 3110
19820 864 3109 2778 2779 3111
19821 864 3110 2779 2780 3112
19822 864 3110 2779 2780 3113
19823 864 3111 2779 2780 3112
19824 864 3111 2779 2780 3113
19825 864 3129 2793 2794 3131
19826 864 3129 2793 2794 3132
19827 864 3130 2793 2794 3131
19828 864 3130 2793 2794 3132
19829 864 3131 2794 2795 3133
19830 864 3131 2794 2795 3134
19831 864 3132 2794 2795 3133
19832 864 3132 2794 2795 3134
19833 864 3133 2795 2796 3135
19834 864 3133 2795 2796 3136
19835 864 3134 2795 2796 3135
19836 864 3134 2795 2796 3136
19837 864 3141 2802 2883 3246
19838 864 3141 2802 2883 3247
19839 864 3142 2802 2883 3246
19840 864 3142 2802 2883 3247
19841 864 3157 2813 2814 3159
19842 864 3157 2813 2814 3160
19843 864 3158 2813 2814 3159
19844 864 3158 2813 2814 3160
19845 864 3159 2814 2815 3161
19846 864 3159 2814 2815 3162
19847 864 3160 2814 2815 3161
19848 864 3160 2814 2815 3162
19849 864 3185 2836 2837 3187
19850 864 3185 2836 2837 3188
19851 864 3186 2836 2837 3187
19852 864 3186 2836 2837 3188
19853 864 3187 2837 2838 3189
19854 864 3187 2837 2838 3190
19855 864 3188 2837 2838 3189
19856 864 3188 2837 2838 3190
19857 864 3209 2858 2859 3211
19858 864 3209 2858 2859 3212
19859 864 3210 2858 2859 3211
19860 864 3210 2858 2859 3212
19861 864 3211 2859 2860 3213
19862 864 3211 2859 2860 3214
19863 864 3212 2859 2860 3213
19864 864 3212 2859 2860 3214
19865 864 3217 2866 2867 3219
19866 864 3217 2866 2867 3220
19867 864 3218 2866 2867 3219
19868 864 3218 2866 2867 3220
19869 864 3219 2867 2868 3221
19870 864 3219 2867 2868 3222
19871 864 3220 2867 2868 3221
19872 864 3220 2867 2868 3222
19873 864 3221 2868 2869 3223
19874 864 3221 2868 2869 3224
19875 864 3222 2868 2869 3223
19876 864 3222 2868 2869 3224
19877 864 3223 2869 2870 3225
19878 864 3223 2869 2870 3226
19879 864 3224 2869 2870 3225
19880 864 3224 2869 2870 3226
19881 864 3225 2870 2871 3227
19882 864 3225 2870 2871 3228
19883 864 3226 2870 2871 3227
19884 864 3226 2870 2871 3228
19885 864 3227 2871 2872 3229
19886 864 3227 2871 2872 3230
19887 864 3228 2871 2872 3229
19888 864 3228 2871 2872 3230
19889 864 3229 2872 2873 3231
19890 864 3229 2872 2873 3232
19891 864 3230 2872 2873 3231
19892 864 3230 2872 2873 3232
19893 864 3231 2873 2874 3233
19894 864 3231 2873 2874 3234
19895 864 3232 2873 2874 3233
19896 864 3232 2873 2874 3234
19897 864 3233 2874 2875 3235
19898 864 3233 2874 2875 3236
19899 864 3234 2874 2875 3235
19900 864 3234 2874 2875 3236
19901 864 3536 3254 3255 3538
19902 864 3536 3254 3255 3539
19903 864 3537 3254 3255 3538
19904 864 3537 3254 3255 3539
19905 864 3538 3255 3256 3540
19906 864 3538 3255 3256 3541
19907 864 3539 3255 3256 3540
19908 864 3539 3255 3256 3541
19909 864 3540 3256 3257 3542
19910 864 3540 3256 3257 3543
19911 864 3541 3256 3257 3542
19912 864 3541 3256 3257 3543
19913 864 3548 3263 3343 3653
19914 864 3548 3263 3343 3654
19915 864 3549 3263 3343 3653
19916 864 3549 3263 3343 3654
19917 864 3564 3274 3275 3566
19918 864 3564 3274 3275 3567
19919 864 3565 3274 3275 3566
19920 864 3565 3274 3275 3567
19921 864 3566 3275 3276 3568
19922 864 3566 3275 3276 3569
19923 864 3567 3275 3276 3568
19924 864 3567 3275 3276 3569
19925 864 3589 3295 3296 3591
19926 864 3589 3295 3296 3592
19927 864 3590 3295 3296 3591
19928 864 3590 3295 3296 3592
19929 864 3591 3296 3297 3593
19930 864 3591 3296 3297 3594
19931 864 3592 3296 3297 3593
19932 864 3592 3296 3297 3594
19933 864 3616 3318 3319 3618
19934 864 3616 3318 3319 3619
19935 864 3617 3318 3319 3618
19936 864 3617 3318 3319 3619
19937 864 3618 3319 3320 3620
19938 864 3618 3319 3320 3621
19939 864 3619 3319 3320 3620
19940 864 3619 3319 3320 3621
19941 864 3624 3326 3327 3626
19942 864 3624 3326 3327 3627
19943 864 3625 3326 3327 3626
19944 864 3625 3326 3327 3627
19945 864 3626 3327 3328 3628
19946 864 3626 3327 3328 3629
19947 864 3627 3327 3328 3628
19948 864 3627 3327 3328 3629
19949 864 3628 3328 3329 3630
19950 864 3628 3328 3329 3631
19951 864 3629 3328 3329 3630
19952 864 3629 3328 3329 3631
19953 864 3630 3329 3330 3632
19954 864 3630 3329 3330 3633
19955 864 3631 3329 3330 3632
19956 864 3631 3329 3330 3633
19957 864 3632 3330 3331 3634
19958 864 3632 3330 3331 3635
19959 864 3633 3330 3331 3634
19960 864 3633 3330 3331 3635
19961 864 3634 3331 3332 3636
19962 864 3634 3331 3332 3637
19963 864 3635 3331 3332 3636
19964 864 3635 3331 3332 3637
19965 864 3636 3332 3333 3638
19966 864 3636 3332 3333 3639
19967 864 3637 3332 3333 3638
19968 864 3637 3332 3333 3639
19969 864 3638 3333 3334 3640
19970 864 3638 3333 3334 3641
19971 864 3639 3333 3334 3640
19972 864 3639 3333 3334 3641
19973 864 3640 3334 3335 3642
19974 864 3640 3334 3335 3643
19975 864 3641 3334 3335 3642
19976 864 3641 3334 3335 3643
19977 864 3659 3348 3349 3661
19978 864 3659 3348 3349 3662
19979 864 3660 3348 3349 3661
19980 864 3660 3348 3349 3662
19981 864 3661 3349 3350 3663
19982 864 3661 3349 3350 3664
19983 864 3662 3349 3350 3663
19984 864 3662 3349 3350 3664
19985 864 3663 3350 3351 3665
19986 864 3663 3350 3351 3666
19987 864 3664 3350 3351 3665
19988 864 3664 3350 3351 3666
19989 864 3671 3357 3438 3773
19990 864 3671 3357 3438 3774
19991 864 3672 3357 3438 3773
19992 864 3672 3357 3438 3774
19993 864 3687 3368 3369 3689
19994 864 3687 3368 3369 3690
19995 864 3688 3368 3369 3689
19996 864 3688 3368 3369 3690
19997 864 3689 3369 3370 3691
19998 864 3689 3369 3370 3692
19999 864 3690 3369 3370 3691
20000 864 3690 3369 3370 3692
20001 864 3712 3390 3391 3714
20002 864 3712 3390 3391 3715
20003 864 3713 3390 3391 3714
20004 864 3713 3390 3391 3715
20005 864 3714 3391 3392 3716
20006 864 3714 3391 3392 3717
20007 864 3715 3391 3392 3716
20008 864 3715 3391 3392 3717
20009 864 3736 3413 3414 3738
20010 864 3736 3413 3414 3739
20011 864 3737 3413 3414 3738
20012 864 3737 3413 3414 3739
20013 864 3738 3414 3415 3740
20014 864 3738 3414 3415 3741
20015 864 3739 3414 3415 3740
20016 864 3739 3414 3415 3741
20017 864 3744 3421 3422 3746
20018 864 3744 3421 3422 3747
20019 864 3745 3421 3422 3746
20020 864 3745 3421 3422 3747
20021 864 3746 3422 3423 3748
20022 864 3746 3422 3423 3749
20023 864 3747 3422 3423 3748
20024 864 3747 3422 3423 3749
20025 864 3748 3423 3424 3750
20026 864 3748 3423 3424 3751
20027 864 3749 3423 3424 3750
20028 864 3749 3423 3424 3751
20029 864 3750 3424 3425 3752
20030 864 3750 3424 3425 3753
20031 864 3751 3424 3425 3752
20032 864 3751 3424 3425 3753
20033 864 3752 3425 3426 3754
20034 864 3752 3425 3426 3755
20035 864 3753 3425 3426 3754
20036 864 3753 3425 3426 3755
20037 864 3754 3426 3427 3756
20038 864 3754 3426 3427 3757
20039 864 3755 3426 3427 3756
20040 864 3755 3426 3427 3757
20041 864 3756 3427 3428 3758
20042 864 3756 3427 3428 3759
20043 864 3757 3427 3428 3758
20044 864 3757 3427 3428 3759
20045 864 3758 3428 3429 3760
20046 864 3758 3428 3429 3761
20047 864 3759 3428 3429 3760
20048 864 3759 3428 3429 3761
20049 864 3760 3429 3430 3762
20050 864 3760 3429 3430 3763
20051 864 3761 3429 3430 3762
20052 864 3761 3429 3430 3763
20053 864 3779 3443 3444 3781
20054 864 3779 3443 3444 3782
20055 864 3780 3443 3444 3781
20056 864 3780 3443 3444 3782
20057 864 3781 3444 3445 3783
20058 864 3781 3444 3445 3784
20059 864 3782 3444 3445 3783
20060 864 3782 3444 3445 3784
20061 864 3783 3445 3446 3785
20062 864 3783 3445 3446 3786
20063 864 3784 3445 3446 3785
20064 864 3784 3445 3446 3786
20065 864 3791 3452 3533 3896
20066 864 3791 3452 3533 3897
20067 864 3792 3452 3533 3896
20068 864 3792 3452 3533 3897
20069 864 3807 3463 3464 3809
20070 864 3807 3463 3464 3810
20071 864 3808 3463 3464 3809
20072 864 3808 3463 3464 3810
20073 864 3809 3464 3465 3811
20074 864 3809 3464 3465 3812
20075 864 3810 3464 3465 3811
20076 864 3810 3464 3465 3812
20077 864 3835 3486 3487 3837
20078 864 3835 3486 3487 3838
20079 864 3836 3486 3487 3837
20080 864 3836 3486 3487 3838
20081 864 3837 3487 3488 3839
20082 864 3837 3487 3488 3840
20083 864 3838 3487 3488 3839
20084 864 3838 3487 3488 3840
20085 864 3859 3508 3509 3861
20086 864 3859 3508 3509 3862
20087 864 3860 3508 3509 3861
20088 864 3860 3508 3509 3862
20089 864 3861 3509 3510 3863
20090 864 3861 3509 3510 3864
20091 864 3862 3509 3510 3863
20092 864 3862 3509 3510 3864
20093 864 3867 3516 3517 3869
20094 864 3867 3516 3517 3870
20095 864 3868 3516 3517 3869
20096 864 3868 3516 3517 3870
20097 864 3869 3517 3518 3871
20098 864 3869 3517 3518 3872
20099 864 3870 3517 3518 3871
20100 864 3870 3517 3518 3872
20101 864 3871 3518 3519 3873
20102 864 3871 3518 3519 3874
20103 864 3872 3518 3519 3873
20104 864 3872 3518 3519 3874
20105 864 3873 3519 3520 3875
20106 864 3873 3519 3520 3876
20107 864 3874 3519 3520 3875
20108 864 3874 3519 3520 3876
20109 864 3875 3520 3521 3877
20110 864 3875 3520 3521 3878
20111 864 3876 3520 3521 3877
20112 864 3876 3520 3521 3878
20113 864 3877 3521 3522 3879
20114 864 3877 3521 3522 3880
20115 864 3878 3521 3522 3879
20116 864 3878 3521 3522 3880
20117 864 3879 3522 3523 3881
20118 864 3879 3522 3523 3882
20119 864 3880 3522 3523 3881
20120 864 3880 3522 3523 3882
20121 864 3881 3523 3524 3883
20122 864 3881 3523 3524 3884
20123 864 3882 3523 3524 3883
20124 864 3882 3523 3524 3884
20125 864 3883 3524 3525 3885
20126 864 3883 3524 3525 3886
20127 864 3884 3524 3525 3885
20128 864 3884 3524 3525 3886
20129 864 4186 3904 3905 4188
20130 864 4186 3904 3905 4189
20131 864 4187 3904 3905 4188
20132 864 4187 3904 3905 4189
20133 864 4188 3905 3906 4190
20134 864 4188 3905 3906 4191
20135 864 4189 3905 3906 4190
20136 864 4189 3905 3906 4191
20137 864 4190 3906 3907 4192
20138 864 4190 3906 3907 4193
20139 864 4191 3906 3907 4192
20140 864 4191 3906 3907 4193
20141 864 4198 3913 3993 4303
20142 864 4198 3913 3993 4304
20143 864 4199 3913 3993 4303
20144 864 4199 3913 3993 4304
20145 864 4214 3924 3925 4216
20146 864 4214 3924 3925 4217
20147 864 4215 3924 3925 4216
20148 864 4215 3924 3925 4217
20149 864 4216 3925 3926 4218
20150 864 4216 3925 3926 4219
20151 864 4217 3925 3926 4218
20152 864 4217 3925 3926 4219
20153 864 4239 3945 3946 4241
20154 864 4239 3945 3946 4242
20155 864 4240 3945 3946 4241
20156 864 4240 3945 3946 4242
20157 864 4241 3946 3947 4243
20158 864 4241 3946 3947 4244
20159 864 4242 3946 3947 4243
20160 864 4242 3946 3947 4244
20161 864 4266 3968 3969 4268
20162 864 4266 3968 3969 4269
20163 864 4267 3968 3969 4268
20164 864 4267 3968 3969 4269
20165 864 4268 3969 3970 4270
20166 864 4268 3969 3970 4271
20167 864 4269 3969 3970 4270
20168 864 4269 3969 3970 4271
20169 864 4274 3976 3977 4276
20170 864 4274 3976 3977 4277
20171 864 4275 3976 3977 4276
20172 864 4275 3976 3977 4277
20173 864 4276 3977 3978 4278
20174 864 4276 3977 3978 4279
20175 864 4277 3977 3978 4278
20176 864 4277 3977 3978 4279
20177 864 4278 3978 3979 4280
20178 864 4278 3978 3979 4281
20179 864 4279 3978 3979 4280
20180 864 4279 3978 3979 4281
20181 864 4280 3979 3980 4282
20182 864 4280 3979 3980 4283
20183 864 4281 3979 3980 4282
20184 864 4281 3979 3980 4283
20185 864 4282 3980 3981 4284
20186 864 4282 3980 3981 4285
20187 864 4283 3980 3981 4284
20188 864 4283 3980 3981 4285
20189 864 4284 3981 3982 4286
20190 864 4284 3981 3982 4287
20191 864 4285 3981 3982 4286
20192 864 4285 3981 3982 4287
20193 864 4286 3982 3983 4288
20194 864 4286 3982 3983 4289
20195 864 4287 3982 3983 4288
20196 864 4287 3982 3983 4289
20197 864 4288 3983 3984 4290
20198 864 4288 3983 3984 4291
20199 864 4289 3983 3984 4290
20200 864 4289 3983 3984 4291
20201 864 4290 3984 3985 4292
20202 864 4290 3984 3985 4293
20203 864 4291 3984 3985 4292
20204 864 4291 3984 3985 4293
20205 864 4309 3998 3999 4311
20206 864 4309 3998 3999 4312
20207 864 4310 3998 3999 4311
20208 864 4310 3998 3999 4312
20209 864 4311 3999 4000 4313
20210 864 4311 3999 4000 4314
20211 864 4312 3999 4000 4313
20212 864 4312 3999 4000 4314
20213 864 4313 4000 4001 4315
20214 864 4313 4000 4001 4316
20215 864 4314 4000 4001 4315
20216 864 4314 4000 4001 4316
20217 864 4321 4007 4088 4423
20218 864 4321 4007 4088 4424
20219 864 4322 4007 4088 4423
20220 864 4322 4007 4088 4424
20221 864 4337 4018 4019 4339
20222 864 4337 4018 4019 4340
20223 864 4338 4018 4019 4339
20224 864 4338 4018 4019 4340
20225 864 4339 4019 4020 4341
20226 864 4339 4019 4020 4342
20227 864 4340 4019 4020 4341
20228 864 4340 4019 4020 4342
20229 864 4362 4040 4041 4364
20230 864 4362 4040 4041 4365
20231 864 4363 4040 4041 4364
20232 864 4363 4040 4041 4365
20233 864 4364 4041 4042 4366
20234 864 4364 4041 4042 4367
20235 864 4365 4041 4042 4366
20236 864 4365 4041 4042 4367
20237 864 4386 4063 4064 4388
20238 864 4386 4063 4064 4389
20239 864 4387 4063 4064 4388
20240 864 4387 4063 4064 4389
20241 864 4388 4064 4065 4390
20242 864 4388 4064 4065 4391
20243 864 4389 4064 4065 4390
20244 864 4389 4064 4065 4391
20245 864 4394 4071 4072 4396
20246 864 4394 4071 4072 4397
20247 864 4395 4071 4072 4396
20248 864 4395 4071 4072 4397
20249 864 4396 4072 4073 4398
20250 864 4396 4072 4073 4399
20251 864 4397 4072 4073 4398
20252 864 4397 4072 4073 4399
20253 864 4398 4073 4074 4400
20254 864 4398 4073 4074 4401
20255 864 4399 4073 4074 4400
20256 864 4399 4073 4074 4401
20257 864 4400 4074 4075 4402
20258 864 4400 4074 4075 4403
20259 864 4401 4074 4075 4402
20260 864 4401 4074 4075 4403
20261 864 4402 4075 4076 4404
20262 864 4402 4075 4076 4405
20263 864 4403 4075 4076 4404
20264 864 4403 4075 4076 4405
20265 864 4404 4076 4077 4406
20266 864 4404 4076 4077 4407
20267 864 4405 4076 4077 4406
20268 864 4405 4076 4077 4407
20269 864 4406 4077 4078 4408
20270 864 4406 4077 4078 4409
20271 864 4407 4077 4078 4408
20272 864 4407 4077 4078 4409
20273 864 4408 4078 4079 4410
20274 864 4408 4078 4079 4411
20275 864 4409 4078 4079 4410
20276 864 4409 4078 4079 4411
20277 864 4410 4079 4080 4412
20278 864 4410 4079 4080 4413
20279 864 4411 4079 4080 4412
20280 864 4411 4079 4080 4413
20281 864 4429 4093 4094 4431
20282 864 4429 4093 4094 4432
20283 864 4430 4093 4094 4431
20284 864 4430 4093 4094 4432
20285 864 4431 4094 4095 4433
20286 864 4431 4094 4095 4434
20287 864 4432 4094 4095 4433
20288 864 4432 4094 4095 4434
20289 864 4433 4095 4096 4435
20290 864 4433 4095 4096 4436
20291 864 4434 4095 4096 4435
20292 864 4434 4095 4096 4436
20293 864 4441 4102 4183 4546
20294 864 4441 4102 4183 4547
20295 864 4442 4102 4183 4546
20296 864 4442 4102 4183 4547
20297 864 4457 4113 4114 4459
20298 864 4457 4113 4114 4460
20299 864 4458 4113 4114 4459
20300 864 4458 4113 4114 4460
20301 864 4459 4114 4115 4461
20302 864 4459 4114 4115 4462
20303 864 4460 4114 4115 4461
20304 864 4460 4114 4115 4462
20305 864 4485 4136 4137 4487
20306 864 4485 4136 4137 4488
20307 864 4486 4136 4137 4487
20308 864 4486 4136 4137 4488
20309 864 4487 4137 4138 4489
20310 864 4487 4137 4138 4490
20311 864 4488 4137 4138 4489
20312 864 4488 4137 4138 4490
20313 864 4509 4158 4159 4511
20314 864 4509 4158 4159 4512
20315 864 4510 4158 4159 4511
20316 864 4510 4158 4159 4512
20317 864 4511 4159 4160 4513
20318 864 4511 4159 4160 4514
20319 864 4512 4159 4160 4513
20320 864 4512 4159 4160 4514
20321 864 4517 4166 4167 4519
20322 864 4517 4166 4167 4520
20323 864 4518 4166 4167 4519
20324 864 4518 4166 4167 4520
20325 864 4519 4167 4168 4521
20326 864 4519 4167 4168 4522
20327 864 4520 4167 4168 4521
20328 864 4520 4167 4168 4522
20329 864 4521 4168 4169 4523
20330 864 4521 4168 4169 4524
20331 864 4522 4168 4169 4523
20332 864 4522 4168 4169 4524
20333 864 4523 4169 4170 4525
20334 864 4523 4169 4170 4526
20335 864 4524 4169 4170 4525
20336 864 4524 4169 4170 4526
20337 864 4525 4170 4171 4527
20338 864 4525 4170 4171 4528
20339 864 4526 4170 4171 4527
20340 864 4526 4170 4171 4528
20341 864 4527 4171 4172 4529
20342 864 4527 4171 4172 4530
20343 864 4528 4171 4172 4529
20344 864 4528 4171 4172 4530
20345 864 4529 4172 4173 4531
20346 864 4529 4172 4173 4532
20347 864 4530 4172 4173 4531
20348 864 4530 4172 4173 4532
20349 864 4531 4173 4174 4533
20350 864 4531 4173 4174 4534
20351 864 4532 4173 4174 4533
20352 864 4532 4173 4174 4534
20353 864 4533 4174 4175 4535
20354 864 4533 4174 4175 4536
20355 864 4534 4174 4175 4535
20356 864 4534 4174 4175 4536
20357 864 4836 4554 4555 4838
20358 864 4836 4554 4555 4839
20359 864 4837 4554 4555 4838
20360 864 4837 4554 4555 4839
20361 864 4838 4555 4556 4840
20362 864 4838 4555 4556 4841
20363 864 4839 4555 4556 4840
20364 864 4839 4555 4556 4841
20365 864 4840 4556 4557 4842
20366 864 4840 4556 4557 4843
20367 864 4841 4556 4557 4842
20368 864 4841 4556 4557 4843
20369 864 4848 4563 4643 4953
20370 864 4848 4563 4643 4954
20371 864 4849 4563 4643 4953
20372 864 4849 4563 4643 4954
20373 864 4864 4574 4575 4866
20374 864 4864 4574 4575 4867
20375 864 4865 4574 4575 4866
20376 864 4865 4574 4575 4867
20377 864 4866 4575 4576 4868
20378 864 4866 4575 4576 4869
20379 864 4867 4575 4576 4868
20380 864 4867 4575 4576 4869
20381 864 4889 4595 4596 4891
20382 864 4889 4595 4596 4892
20383 864 4890 4595 4596 4891
20384 864 4890 4595 4596 4892
20385 864 4891 4596 4597 4893
20386 864 4891 4596 4597 4894
20387 864 4892 4596 4597 4893
20388 864 4892 4596 4597 4894
20389 864 4916 4618 4619 4918
20390 864 4916 4618 4619 4919
20391 864 4917 4618 4619 4918
20392 864 4917 4618 4619 4919
20393 864 4918 4619 4620 4920
20394 864 4918 4619 4620 4921
20395 864 4919 4619 4620 4920
20396 864 4919 4619 4620 4921
20397 864 4924 4626 4627 4926
20398 864 4924 4626 4627 4927
20399 864 4925 4626 4627 4926
20400 864 4925 4626 4627 4927
20401 864 4926 4627 4628 4928
20402 864 4926 4627 4628 4929
20403 864 4927 4627 4628 4928
20404 864 4927 4627 4628 4929
20405 864 4928 4628 4629 4930
20406 864 4928 4628 4629 4931
20407 864 4929 4628 4629 4930
20408 864 4929 4628 4629 4931
20409 864 4930 4629 4630 4932
20410 864 4930 4629 4630 4933
20411 864 4931 4629 4630 4932
20412 864 4931 4629 4630 4933
20413 864 4932 4630 4631 4934
20414 864 4932 4630 4631 4935
20415 864 4933 4630 4631 4934
20416 864 4933 4630 4631 4935
20417 864 4934 4631 4632 4936
20418 864 4934 4631 4632 4937
20419 864 4935 4631 4632 4936
20420 864 4935 4631 4632 4937
20421 864 4936 4632 4633 4938
20422 864 4936 4632 4633 4939
20423 864 4937 4632 4633 4938
20424 864 4937 4632 4633 4939
20425 864 4938 4633 4634 4940
20426 864 4938 4633 4634 4941
20427 864 4939 4633 4634 4940
20428 864 4939 4633 4634 4941
20429 864 4940 4634 4635 4942
20430 864 4940 4634 4635 4943
20431 864 4941 4634 4635 4942
20432 864 4941 4634 4635 4943
20433 864 4959 4648 4649 4961
20434 864 4959 4648 4649 4962
20435 864 4960 4648 4649 4961
20436 864 4960 4648 4649 4962
20437 864 4961 4649 4650 4963
20438 864 4961 4649 4650 4964
20439 864 4962 4649 4650 4963
20440 864 4962 4649 4650 4964
20441 864 4963 4650 4651 4965
20442 864 4963 4650 4651 4966
20443 864 4964 4650 4651 4965
20444 864 4964 4650 4651 4966
20445 864 4971 4657 4738 5073
20446 864 4971 4657 4738 5074
20447 864 4972 4657 4738 5073
20448 864 4972 4657 4738 5074
20449 864 4987 4668 4669 4989
20450 864 4987 4668 4669 4990
20451 864 4988 4668 4669 4989
20452 864 4988 4668 4669 4990
20453 864 4989 4669 4670 4991
20454 864 4989 4669 4670 4992
20455 864 4990 4669 4670 4991
20456 864 4990 4669 4670 4992
20457 864 5012 4690 4691 5014
20458 864 5012 4690 4691 5015
20459 864 5013 4690 4691 5014
20460 864 5013 4690 4691 5015
20461 864 5014 4691 4692 5016
20462 864 5014 4691 4692 5017
20463 864 5015 4691 4692 5016
20464 864 5015 4691 4692 5017
20465 864 5036 4713 4714 5038
20466 864 5036 4713 4714 5039
20467 864 5037 4713 4714 5038
20468 864 5037 4713 4714 5039
20469 864 5038 4714 4715 5040
20470 864 5038 4714 4715 5041
20471 864 5039 4714 4715 5040
20472 864 5039 4714 4715 5041
20473 864 5044 4721 4722 5046
20474 864 5044 4721 4722 5047
20475 864 5045 4721 4722 5046
20476 864 5045 4721 4722 5047
20477 864 5046 4722 4723 5048
20478 864 5046 4722 4723 5049
20479 864 5047 4722 4723 5048
20480 864 5047 4722 4723 5049
20481 864 5048 4723 4724 5050
20482 864 5048 4723 4724 5051
20483 864 5049 4723 4724 5050
20484 864 5049 4723 4724 5051
20485 864 5050 4724 4725 5052
20486 864 5050 4724 4725 5053
20487 864 5051 4724 4725 5052
20488 864 5051 4724 4725 5053
20489 864 5052 4725 4726 5054
20490 864 5052 4725 4726 5055
20491 864 5053 4725 4726 5054
20492 864 5053 4725 4726 5055
20493 864 5054 4726 4727 5056
20494 864 5054 4726 4727 5057
20495 864 5055 4726 4727 5056
20496 864 5055 4726 4727 5057
20497 864 5056 4727 4728 5058
20498 864 5056 4727 4728 5059
20499 864 5057 4727 4728 5058
20500 864 5057 4727 4728 5059
20501 864 5058 4728 4729 5060
20502 864 5058 4728 4729 5061
20503 864 5059 4728 4729 5060
20504 864 5059 4728 4729 5061
20505 864 5060 4729 4730 5062
20506 864 5060 4729 4730 5063
20507 864 5061 4729 4730 5062
20508 864 5061 4729 4730 5063
20509 864 5079 4743 4744 5081
20510 864 5079 4743 4744 5082
20511 864 5080 4743 4744 5081
20512 864 5080 4743 4744 5082
20513 864 5081 4744 4745 5083
20514 864 5081 4744 4745 5084
20515 864 5082 4744 4745 5083
20516 864 5082 4744 4745 5084
20517 864 5083 4745 4746 5085
20518 864 5083 4745 4746 5086
20519 864 5084 4745 4746 5085
20520 864 5084 4745 4746 5086
20521 864 5091 4752 4833 5196
20522 864 5091 4752 4833 5197
20523 864 5092 4752 4833 5196
20524 864 5092 4752 4833 5197
20525 864 5107 4763 4764 5109
20526 864 5107 4763 4764 5110
20527 864 5108 4763 4764 5109
20528 864 5108 4763 4764 5110
20529 864 5109 4764 4765 5111
20530 864 5109 4764 4765 5112
20531 864 5110 4764 4765 5111
20532 864 5110 4764 4765 5112
20533 864 5135 4786 4787 5137
20534 864 5135 4786 4787 5138
20535 864 5136 4786 4787 5137
20536 864 5136 4786 4787 5138
20537 864 5137 4787 4788 5139
20538 864 5137 4787 4788 5140
20539 864 5138 4787 4788 5139
20540 864 5138 4787 4788 5140
20541 864 5159 4808 4809 5161
20542 864 5159 4808 4809 5162
20543 864 5160 4808 4809 5161
20544 864 5160 4808 4809 5162
20545 864 5161 4809 4810 5163
20546 864 5161 4809 4810 5164
20547 864 5162 4809 4810 5163
20548 864 5162 4809 4810 5164
20549 864 5167 4816 4817 5169
20550 864 5167 4816 4817 5170
20551 864 5168 4816 4817 5169
20552 864 5168 4816 4817 5170
20553 864 5169 4817 4818 5171
20554 864 5169 4817 4818 5172
20555 864 5170 4817 4818 5171
20556 864 5170 4817 4818 5172
20557 864 5171 4818 4819 5173
20558 864 5171 4818 4819 5174
20559 864 5172 4818 4819 5173
20560 864 5172 4818 4819 5174
20561 864 5173 4819 4820 5175
20562 864 5173 4819 4820 5176
20563 864 5174 4819 4820 5175
20564 864 5174 4819 4820 5176
20565 864 5175 4820 4821 5177
20566 864 5175 4820 4821 5178
20567 864 5176 4820 4821 5177
20568 864 5176 4820 4821 5178
20569 864 5177 4821 4822 5179
20570 864 5177 4821 4822 5180
20571 864 5178 4821 4822 5179
20572 864 5178 4821 4822 5180
20573 864 5179 4822 4823 5181
20574 864 5179 4822 4823 5182
20575 864 5180 4822 4823 5181
20576 864 5180 4822 4823 5182
20577 864 5181 4823 4824 5183
20578 864 5181 4823 4824 5184
20579 864 5182 4823 4824 5183
20580 864 5182 4823 4824 5184
20581 864 5183 4824 4825 5185
20582 864 5183 4824 4825 5186
20583 864 5184 4824 4825 5185
20584 864 5184 4824 4825 5186
20585 864 5486 5204 5205 5488
20586 864 5486 5204 5205 5489
20587 864 5487 5204 5205 5488
20588 864 5487 5204 5205 5489
20589 864 5488 5205 5206 5490
20590 864 5488 5205 5206 5491
20591 864 5489 5205 5206 5490
20592 864 5489 5205 5206 5491
20593 864 5490 5206 5207 5492
20594 864 5490 5206 5207 5493
20595 864 5491 5206 5207 5492
20596 864 5491 5206 5207 5493
20597 864 5498 5213 5293 5603
20598 864 5498 5213 5293 5604
20599 864 5499 5213 5293 5603
20600 864 5499 5213 5293 5604
20601 864 5514 5224 5225 5516
20602 864 5514 5224 5225 5517
20603 864 5515 5224 5225 5516
20604 864 5515 5224 5225 5517
20605 864 5516 5225 5226 5518
20606 864 5516 5225 5226 5519
20607 864 5517 5225 5226 5518
20608 864 5517 5225 5226 5519
20609 864 5539 5245 5246 5541
20610 864 5539 5245 5246 5542
20611 864 5540 5245 5246 5541
20612 864 5540 5245 5246 5542
20613 864 5541 5246 5247 5543
20614 864 5541 5246 5247 5544
20615 864 5542 5246 5247 5543
20616 864 5542 5246 5247 5544
20617 864 5566 5268 5269 5568
20618 864 5566 5268 5269 5569
20619 864 5567 5268 5269 5568
20620 864 5567 5268 5269 5569
20621 864 5568 5269 5270 5570
20622 864 5568 5269 5270 5571
20623 864 5569 5269 5270 5570
20624 864 5569 5269 5270 5571
20625 864 5574 5276 5277 5576
20626 864 5574 5276 5277 5577
20627 864 5575 5276 5277 5576
20628 864 5575 5276 5277 5577
20629 864 5576 5277 5278 5578
20630 864 5576 5277 5278 5579
20631 864 5577 5277 5278 5578
20632 864 5577 5277 5278 5579
20633 864 5578 5278 5279 5580
20634 864 5578 5278 5279 5581
20635 864 5579 5278 5279 5580
20636 864 5579 5278 5279 5581
20637 864 5580 5279 5280 5582
20638 864 5580 5279 5280 5583
20639 864 5581 5279 5280 5582
20640 864 5581 5279 5280 5583
20641 864 5582 5280 5281 5584
20642 864 5582 5280 5281 5585
20643 864 5583 5280 5281 5584
20644 864 5583 5280 5281 5585
20645 864 5584 5281 5282 5586
20646 864 5584 5281 5282 5587
20647 864 5585 5281 5282 5586
20648 864 5585 5281 5282 5587
20649 864 5586 5282 5283 5588
20650 864 5586 5282 5283 5589
20651 864 5587 5282 5283 5588
20652 864 5587 5282 5283 5589
20653 864 5588 5283 5284 5590
20654 864 5588 5283 5284 5591
20655 864 5589 5283 5284 5590
20656 864 5589 5283 5284 5591
20657 864 5590 5284 5285 5592
20658 864 5590 5284 5285 5593
20659 864 5591 5284 5285 5592
20660 864 5591 5284 5285 5593
20661 864 5609 5298 5299 5611
20662 864 5609 5298 5299 5612
20663 864 5610 5298 5299 5611
20664 864 5610 5298 5299 5612
20665 864 5611 5299 5300 5613
20666 864 5611 5299 5300 5614
20667 864 5612 5299 5300 5613
20668 864 5612 5299 5300 5614
20669 864 5613 5300 5301 5615
20670 864 5613 5300 5301 5616
20671 864 5614 5300 5301 5615
20672 864 5614 5300 5301 5616
20673 864 5621 5307 5388 5723
20674 864 5621 5307 5388 5724
20675 864 5622 5307 5388 5723
20676 864 5622 5307 5388 5724
20677 864 5637 5318 5319 5639
20678 864 5637 5318 5319 5640
20679 864 5638 5318 5319 5639
20680 864 5638 5318 5319 5640
20681 864 5639 5319 5320 5641
20682 864 5639 5319 5320 5642
20683 864 5640 5319 5320 5641
20684 864 5640 5319 5320 5642
20685 864 5662 5340 5341 5664
20686 864 5662 5340 5341 5665
20687 864 5663 5340 5341 5664
20688 864 5663 5340 5341 5665
20689 864 5664 5341 5342 5666
20690 864 5664 5341 5342 5667
20691 864 5665 5341 5342 5666
20692 864 5665 5341 5342 5667
20693 864 5686 5363 5364 5688
20694 864 5686 5363 5364 5689
20695 864 5687 5363 5364 5688
20696 864 5687 5363 5364 5689
20697 864 5688 5364 5365 5690
20698 864 5688 5364 5365 5691
20699 864 5689 5364 5365 5690
20700 864 5689 5364 5365 5691
20701 864 5694 5371 5372 5696
20702 864 5694 5371 5372 5697
20703 864 5695 5371 5372 5696
20704 864 5695 5371 5372 5697
20705 864 5696 5372 5373 5698
20706 864 5696 5372 5373 5699
20707 864 5697 5372 5373 5698
20708 864 5697 5372 5373 5699
20709 864 5698 5373 5374 5700
20710 864 5698 5373 5374 5701
20711 864 5699 5373 5374 5700
20712 864 5699 5373 5374 5701
20713 864 5700 5374 5375 5702
20714 864 5700 5374 5375 5703
20715 864 5701 5374 5375 5702
20716 864 5701 5374 5375 5703
20717 864 5702 5375 5376 5704
20718 864 5702 5375 5376 5705
20719 864 5703 5375 5376 5704
20720 864 5703 5375 5376 5705
20721 864 5704 5376 5377 5706
20722 864 5704 5376 5377 5707
20723 864 5705 5376 5377 5706
20724 864 5705 5376 5377 5707
20725 864 5706 5377 5378 5708
20726 864 5706 5377 5378 5709
20727 864 5707 5377 5378 5708
20728 864 5707 5377 5378 5709
20729 864 5708 5378 5379 5710
20730 864 5708 5378 5379 5711
20731 864 5709 5378 5379 5710
20732 864 5709 5378 5379 5711
20733 864 5710 5379 5380 5712
20734 864 5710 5379 5380 5713
20735 864 5711 5379 5380 5712
20736 864 5711 5379 5380 5713
20737 864 5729 5393 5394 5731
20738 864 5729 5393 5394 5732
20739 864 5730 5393 5394 5731
20740 864 5730 5393 5394 5732
20741 864 5731 5394 5395 5733
20742 864 5731 5394 5395 5734
20743 864 5732 5394 5395 5733
20744 864 5732 5394 5395 5734
20745 864 5733 5395 5396 5735
20746 864 5733 5395 5396 5736
20747 864 5734 5395 5396 5735
20748 864 5734 5395 5396 5736
20749 864 5741 5402 5483 5846
20750 864 5741 5402 5483 5847
20751 864 5742 5402 5483 5846
20752 864 5742 5402 5483 5847
20753 864 5757 5413 5414 5759
20754 864 5757 5413 5414 5760
20755 864 5758 5413 5414 5759
20756 864 5758 5413 5414 5760
20757 864 5759 5414 5415 5761
20758 864 5759 5414 5415 5762
20759 864 5760 5414 5415 5761
20760 864 5760 5414 5415 5762
20761 864 5785 5436 5437 5787
20762 864 5785 5436 5437 5788
20763 864 5786 5436 5437 5787
20764 864 5786 5436 5437 5788
20765 864 5787 5437 5438 5789
20766 864 5787 5437 5438 5790
20767 864 5788 5437 5438 5789
20768 864 5788 5437 5438 5790
20769 864 5809 5458 5459 5811
20770 864 5809 5458 5459 5812
20771 864 5810 5458 5459 5811
20772 864 5810 5458 5459 5812
20773 864 5811 5459 5460 5813
20774 864 5811 5459 5460 5814
20775 864 5812 5459 5460 5813
20776 864 5812 5459 5460 5814
20777 864 5817 5466 5467 5819
20778 864 5817 5466 5467 5820
20779 864 5818 5466 5467 5819
20780 864 5818 5466 5467 5820
20781 864 5819 5467 5468 5821
20782 864 5819 5467 5468 5822
20783 864 5820 5467 5468 5821
20784 864 5820 5467 5468 5822
20785 864 5821 5468 5469 5823
20786 864 5821 5468 5469 5824
20787 864 5822 5468 5469 5823
20788 864 5822 5468 5469 5824
20789 864 5823 5469 5470 5825
20790 864 5823 5469 5470 5826
20791 864 5824 5469 5470 5825
20792 864 5824 5469 5470 5826
20793 864 5825 5470 5471 5827
20794 864 5825 5470 5471 5828
20795 864 5826 5470 5471 5827
20796 864 5826 5470 5471 5828
20797 864 5827 5471 5472 5829
20798 864 5827 5471 5472 5830
20799 864 5828 5471 5472 5829
20800 864 5828 5471 5472 5830
20801 864 5829 5472 5473 5831
20802 864 5829 5472 5473 5832
20803 864 5830 5472 5473 5831
20804 864 5830 5472 5473 5832
20805 864 5831 5473 5474 5833
20806 864 5831 5473 5474 5834
20807 864 5832 5473 5474 5833
20808 864 5832 5473 5474 5834
20809 864 5833 5474 5475 5835
20810 864 5833 5474 5475 5836
20811 864 5834 5474 5475 5835
20812 864 5834 5474 5475 5836
20813 864 6136 5854 5855 6138
20814 864 6136 5854 5855 6139
20815 864 6137 5854 5855 6138
20816 864 6137 5854 5855 6139
20817 864 6138 5855 5856 6140
20818 864 6138 5855 5856 6141
20819 864 6139 5855 5856 6140
20820 864 6139 5855 5856 6141
20821 864 6140 5856 5857 6142
20822 864 6140 5856 5857 6143
20823 864 6141 5856 5857 6142
20824 864 6141 5856 5857 6143
20825 864 6148 5863 5943 6253
20826 864 6148 5863 5943 6254
20827 864 6149 5863 5943 6253
20828 864 6149 5863 5943 6254
20829 864 6164 5874 5875 6166
20830 864 6164 5874 5875 6167
20831 864 6165 5874 5875 6166
20832 864 6165 5874 5875 6167
20833 864 6166 5875 5876 6168
20834 864 6166 5875 5876 6169
20835 864 6167 5875 5876 6168
20836 864 6167 5875 5876 6169
20837 864 6189 5895 5896 6191
20838 864 6189 5895 5896 6192
20839 864 6190 5895 5896 6191
20840 864 6190 5895 5896 6192
20841 864 6191 5896 5897 6193
20842 864 6191 5896 5897 6194
20843 864 6192 5896 5897 6193
20844 864 6192 5896 5897 6194
20845 864 6216 5918 5919 6218
20846 864 6216 5918 5919 6219
20847 864 6217 5918 5919 6218
20848 864 6217 5918 5919 6219
20849 864 6218 5919 5920 6220
20850 864 6218 5919 5920 6221
20851 864 6219 5919 5920 6220
20852 864 6219 5919 5920 6221
20853 864 6224 5926 5927 6226
20854 864 6224 5926 5927 6227
20855 864 6225 5926 5927 6226
20856 864 6225 5926 5927 6227
20857 864 6226 5927 5928 6228
20858 864 6226 5927 5928 6229
20859 864 6227 5927 5928 6228
20860 864 6227 5927 5928 6229
20861 864 6228 5928 5929 6230
20862 864 6228 5928 5929 6231
20863 864 6229 5928 5929 6230
20864 864 6229 5928 5929 6231
20865 864 6230 5929 5930 6232
20866 864 6230 5929 5930 6233
20867 864 6231 5929 5930 6232
20868 864 6231 5929 5930 6233
20869 864 6232 5930 5931 6234
20870 864 6232 5930 5931 6235
20871 864 6233 5930 5931 6234
20872 864 6233 5930 5931 6235
20873 864 6234 5931 5932 6236
20874 864 6234 5931 5932 6237
20875 864 6235 5931 5932 6236
20876 864 6235 5931 5932 6237
20877 864 6236 5932 5933 6238
20878 864 6236 5932 5933 6239
20879 864 6237 5932 5933 6238
20880 864 6237 5932 5933 6239
20881 864 6238 5933 5934 6240
20882 864 6238 5933 5934 6241
20883 864 6239 5933 5934 6240
20884 864 6239 5933 5934 6241
20885 864 6240 5934 5935 6242
20886 864 6240 5934 5935 6243
20887 864 6241 5934 5935 6242
20888 864 6241 5934 5935 6243
20889 864 6259 5948 5949 6261
20890 864 6259 5948 5949 6262
20891 864 6260 5948 5949 6261
20892 864 6260 5948 5949 6262
20893 864 6261 5949 5950 6263
20894 864 6261 5949 5950 6264
20895 864 6262 5949 5950 6263
20896 864 6262 5949 5950 6264
20897 864 6263 5950 5951 6265
20898 864 6263 5950 5951 6266
20899 864 6264 5950 5951 6265
20900 864 6264 5950 5951 6266
20901 864 6271 5957 6038 6373
20902 864 6271 5957 6038 6374
20903 864 6272 5957 6038 6373
20904 864 6272 5957 6038 6374
20905 864 6287 5968 5969 6289
20906 864 6287 5968 5969 6290
20907 864 6288 5968 5969 6289
20908 864 6288 5968 5969 6290
20909 864 6289 5969 5970 6291
20910 864 6289 5969 5970 6292
20911 864 6290 5969 5970 6291
20912 864 6290 5969 5970 6292
20913 864 6312 5990 5991 6314
20914 864 6312 5990 5991 6315
20915 864 6313 5990 5991 6314
20916 864 6313 5990 5991 6315
20917 864 6314 5991 5992 6316
20918 864 6314 5991 5992 6317
20919 864 6315 5991 5992 6316
20920 864 6315 5991 5992 6317
20921 864 6336 6013 6014 6338
20922 864 6336 6013 6014 6339
20923 864 6337 6013 6014 6338
20924 864 6337 6013 6014 6339
20925 864 6338 6014 6015 6340
20926 864 6338 6014 6015 6341
20927 864 6339 6014 6015 6340
20928 864 6339 6014 6015 6341
20929 864 6344 6021 6022 6346
20930 864 6344 6021 6022 6347
20931 864 6345 6021 6022 6346
20932 864 6345 6021 6022 6347
20933 864 6346 6022 6023 6348
20934 864 6346 6022 6023 6349
20935 864 6347 6022 6023 6348
20936 864 6347 6022 6023 6349
20937 864 6348 6023 6024 6350
20938 864 6348 6023 6024 6351
20939 864 6349 6023 6024 6350
20940 864 6349 6023 6024 6351
20941 864 6350 6024 6025 6352
20942 864 6350 6024 6025 6353
20943 864 6351 6024 6025 6352
20944 864 6351 6024 6025 6353
20945 864 6352 6025 6026 6354
20946 864 6352 6025 6026 6355
20947 864 6353 6025 6026 6354
20948 864 6353 6025 6026 6355
20949 864 6354 6026 6027 6356
20950 864 6354 6026 6027 6357
20951 864 6355 6026 6027 6356
20952 864 6355 6026 6027 6357
20953 864 6356 6027 6028 6358
20954 864 6356 6027 6028 6359
20955 864 6357 6027 6028 6358
20956 864 6357 6027 6028 6359
20957 864 6358 6028 6029 6360
20958 864 6358 6028 6029 6361
20959 864 6359 6028 6029 6360
20960 864 6359 6028 6029 6361
20961 864 6360 6029 6030 6362
20962 864 6360 6029 6030 6363
20963 864 6361 6029 6030 6362
20964 864 6361 6029 6030 6363
20965 864 6379 6043 6044 6381
20966 864 6379 6043 6044 6382
20967 864 6380 6043 6044 6381
20968 864 6380 6043 6044 6382
20969 864 6381 6044 6045 6383
20970 864 6381 6044 6045 6384
20971 864 6382 6044 6045 6383
20972 864 6382 6044 6045 6384
20973 864 6383 6045 6046 6385
20974 864 6383 6045 6046 6386
20975 864 6384 6045 6046 6385
20976 864 6384 6045 6046 6386
20977 864 6391 6052 6133 6496
20978 864 6391 6052 6133 6497
20979 864 6392 6052 6133 6496
20980 864 6392 6052 6133 6497
20981 864 6407 6063 6064 6409
20982 864 6407 6063 6064 6410
20983 864 6408 6063 6064 6409
20984 864 6408 6063 6064 6410
20985 864 6409 6064 6065 6411
20986 864 6409 6064 6065 6412
20987 864 6410 6064 6065 6411
20988 864 6410 6064 6065 6412
20989 864 6435 6086 6087 6437
20990 864 6435 6086 6087 6438
20991 864 6436 6086 6087 6437
20992 864 6436 6086 6087 6438
20993 864 6437 6087 6088 6439
20994 864 6437 6087 6088 6440
20995 864 6438 6087 6088 6439
20996 864 6438 6087 6088 6440
20997 864 6459 6108 6109 6461
20998 864 6459 6108 6109 6462
20999 864 6460 6108 6109 6461
21000 864 6460 6108 6109 6462
21001 864 6461 6109 6110 6463
21002 864 6461 6109 6110 6464
21003 864 6462 6109 6110 6463
21004 864 6462 6109 6110 6464
21005 864 6467 6116 6117 6469
21006 864 6467 6116 6117 6470
21007 864 6468 6116 6117 6469
21008 864 6468 6116 6117 6470
21009 864 6469 6117 6118 6471
21010 864 6469 6117 6118 6472
21011 864 6470 6117 6118 6471
21012 864 6470 6117 6118 6472
21013 864 6471 6118 6119 6473
21014 864 6471 6118 6119 6474
21015 864 6472 6118 6119 6473
21016 864 6472 6118 6119 6474
21017 864 6473 6119 6120 6475
21018 864 6473 6119 6120 6476
21019 864 6474 6119 6120 6475
21020 864 6474 6119 6120 6476
21021 864 6475 6120 6121 6477
21022 864 6475 6120 6121 6478
21023 864 6476 6120 6121 6477
21024 864 6476 6120 6121 6478
21025 864 6477 6121 6122 6479
21026 864 6477 6121 6122 6480
21027 864 6478 6121 6122 6479
21028 864 6478 6121 6122 6480
21029 864 6479 6122 6123 6481
21030 864 6479 6122 6123 6482
21031 864 6480 6122 6123 6481
21032 864 6480 6122 6123 6482
21033 864 6481 6123 6124 6483
21034 864 6481 6123 6124 6484
21035 864 6482 6123 6124 6483
21036 864 6482 6123 6124 6484
21037 864 6483 6124 6125 6485
21038 864 6483 6124 6125 6486
21039 864 6484 6124 6125 6485
21040 864 6484 6124 6125 6486
21041 864 6786 6504 6505 6788
21042 864 6786 6504 6505 6789
21043 864 6787 6504 6505 6788
21044 864 6787 6504 6505 6789
21045 864 6788 6505 6506 6790
21046 864 6788 6505 6506 6791
21047 864 6789 6505 6506 6790
21048 864 6789 6505 6506 6791
21049 864 6790 6506 6507 6792
21050 864 6790 6506 6507 6793
21051 864 6791 6506 6507 6792
21052 864 6791 6506 6507 6793
21053 864 6798 6513 6593 6903
21054 864 6798 6513 6593 6904
21055 864 6799 6513 6593 6903
21056 864 6799 6513 6593 6904
21057 864 6814 6524 6525 6816
21058 864 6814 6524 6525 6817
21059 864 6815 6524 6525 6816
21060 864 6815 6524 6525 6817
21061 864 6816 6525 6526 6818
21062 864 6816 6525 6526 6819
21063 864 6817 6525 6526 6818
21064 864 6817 6525 6526 6819
21065 864 6839 6545 6546 6841
21066 864 6839 6545 6546 6842
21067 864 6840 6545 6546 6841
21068 864 6840 6545 6546 6842
21069 864 6841 6546 6547 6843
21070 864 6841 6546 6547 6844
21071 864 6842 6546 6547 6843
21072 864 6842 6546 6547 6844
21073 864 6866 6568 6569 6868
21074 864 6866 6568 6569 6869
21075 864 6867 6568 6569 6868
21076 864 6867 6568 6569 6869
21077 864 6868 6569 6570 6870
21078 864 6868 6569 6570 6871
21079 864 6869 6569 6570 6870
21080 864 6869 6569 6570 6871
21081 864 6874 6576 6577 6876
21082 864 6874 6576 6577 6877
21083 864 6875 6576 6577 6876
21084 864 6875 6576 6577 6877
21085 864 6876 6577 6578 6878
21086 864 6876 6577 6578 6879
21087 864 6877 6577 6578 6878
21088 864 6877 6577 6578 6879
21089 864 6878 6578 6579 6880
21090 864 6878 6578 6579 6881
21091 864 6879 6578 6579 6880
21092 864 6879 6578 6579 6881
21093 864 6880 6579 6580 6882
21094 864 6880 6579 6580 6883
21095 864 6881 6579 6580 6882
21096 864 6881 6579 6580 6883
21097 864 6882 6580 6581 6884
21098 864 6882 6580 6581 6885
21099 864 6883 6580 6581 6884
21100 864 6883 6580 6581 6885
21101 864 6884 6581 6582 6886
21102 864 6884 6581 6582 6887
21103 864 6885 6581 6582 6886
21104 864 6885 6581 6582 6887
21105 864 6886 6582 6583 6888
21106 864 6886 6582 6583 6889
21107 864 6887 6582 6583 6888
21108 864 6887 6582 6583 6889
21109 864 6888 6583 6584 6890
21110 864 6888 6583 6584 6891
21111 864 6889 6583 6584 6890
21112 864 6889 6583 6584 6891
21113 864 6890 6584 6585 6892
21114 864 6890 6584 6585 6893
21115 864 6891 6584 6585 6892
21116 864 6891 6584 6585 6893
21117 864 6909 6598 6599 6911
21118 864 6909 6598 6599 6912
21119 864 6910 6598 6599 6911
21120 864 6910 6598 6599 6912
21121 864 6911 6599 6600 6913
21122 864 6911 6599 6600 6914
21123 864 6912 6599 6600 6913
21124 864 6912 6599 6600 6914
21125 864 6913 6600 6601 6915
21126 864 6913 6600 6601 6916
21127 864 6914 6600 6601 6915
21128 864 6914 6600 6601 6916
21129 864 6921 6607 6688 7023
21130 864 6921 6607 6688 7024
21131 864 6922 6607 6688 7023
21132 864 6922 6607 6688 7024
21133 864 6937 6618 6619 6939
21134 864 6937 6618 6619 6940
21135 864 6938 6618 6619 6939
21136 864 6938 6618 6619 6940
21137 864 6939 6619 6620 6941
21138 864 6939 6619 6620 6942
21139 864 6940 6619 6620 6941
21140 864 6940 6619 6620 6942
21141 864 6962 6640 6641 6964
21142 864 6962 6640 6641 6965
21143 864 6963 6640 6641 6964
21144 864 6963 6640 6641 6965
21145 864 6964 6641 6642 6966
21146 864 6964 6641 6642 6967
21147 864 6965 6641 6642 6966
21148 864 6965 6641 6642 6967
21149 864 6986 6663 6664 6988
21150 864 6986 6663 6664 6989
21151 864 6987 6663 6664 6988
21152 864 6987 6663 6664 6989
21153 864 6988 6664 6665 6990
21154 864 6988 6664 6665 6991
21155 864 6989 6664 6665 6990
21156 864 6989 6664 6665 6991
21157 864 6994 6671 6672 6996
21158 864 6994 6671 6672 6997
21159 864 6995 6671 6672 6996
21160 864 6995 6671 6672 6997
21161 864 6996 6672 6673 6998
21162 864 6996 6672 6673 6999
21163 864 6997 6672 6673 6998
21164 864 6997 6672 6673 6999
21165 864 6998 6673 6674 7000
21166 864 6998 6673 6674 7001
21167 864 6999 6673 6674 7000
21168 864 6999 6673 6674 7001
21169 864 7000 6674 6675 7002
21170 864 7000 6674 6675 7003
21171 864 7001 6674 6675 7002
21172 864 7001 6674 6675 7003
21173 864 7002 6675 6676 7004
21174 864 7002 6675 6676 7005
21175 864 7003 6675 6676 7004
21176 864 7003 6675 6676 7005
21177 864 7004 6676 6677 7006
21178 864 7004 6676 6677 7007
21179 864 7005 6676 6677 7006
21180 864 7005 6676 6677 7007
21181 864 7006 6677 6678 7008
21182 864 7006 6677 6678 7009
21183 864 7007 6677 6678 7008
21184 864 7007 6677 6678 7009
21185 864 7008 6678 6679 7010
21186 864 7008 6678 6679 7011
21187 864 7009 6678 6679 7010
21188 864 7009 6678 6679 7011
21189 864 7010 6679 6680 7012
21190 864 7010 6679 6680 7013
21191 864 7011 6679 6680 7012
21192 864 7011 6679 6680 7013
21193 864 7029 6693 6694 7031
21194 864 7029 6693 6694 7032
21195 864 7030 6693 6694 7031
21196 864 7030 6693 6694 7032
21197 864 7031 6694 6695 7033
21198 864 7031 6694 6695 7034
21199 864 7032 6694 6695 7033
21200 864 7032 6694 6695 7034
21201 864 7033 6695 6696 7035
21202 864 7033 6695 6696 7036
21203 864 7034 6695 6696 7035
21204 864 7034 6695 6696 7036
21205 864 7041 6702 6783 7146
21206 864 7041 6702 6783 7147
21207 864 7042 6702 6783 7146
21208 864 7042 6702 6783 7147
21209 864 7057 6713 6714 7059
21210 864 7057 6713 6714 7060
21211 864 7058 6713 6714 7059
21212 864 7058 6713 6714 7060
21213 864 7059 6714 6715 7061
21214 864 7059 6714 6715 7062
21215 864 7060 6714 6715 7061
21216 864 7060 6714 6715 7062
21217 864 7085 6736 6737 7087
21218 864 7085 6736 6737 7088
21219 864 7086 6736 6737 7087
21220 864 7086 6736 6737 7088
21221 864 7087 6737 6738 7089
21222 864 7087 6737 6738 7090
21223 864 7088 6737 6738 7089
21224 864 7088 6737 6738 7090
21225 864 7109 6758 6759 7111
21226 864 7109 6758 6759 7112
21227 864 7110 6758 6759 7111
21228 864 7110 6758 6759 7112
21229 864 7111 6759 6760 7113
21230 864 7111 6759 6760 7114
21231 864 7112 6759 6760 7113
21232 864 7112 6759 6760 7114
21233 864 7117 6766 6767 7119
21234 864 7117 6766 6767 7120
21235 864 7118 6766 6767 7119
21236 864 7118 6766 6767 7120
21237 864 7119 6767 6768 7121
21238 864 7119 6767 6768 7122
21239 864 7120 6767 6768 7121
21240 864 7120 6767 6768 7122
21241 864 7121 6768 6769 7123
21242 864 7121 6768 6769 7124
21243 864 7122 6768 6769 7123
21244 864 7122 6768 6769 7124
21245 864 7123 6769 6770 7125
21246 864 7123 6769 6770 7126
21247 864 7124 6769 6770 7125
21248 864 7124 6769 6770 7126
21249 864 7125 6770 6771 7127
21250 864 7125 6770 6771 7128
21251 864 7126 6770 6771 7127
21252 864 7126 6770 6771 7128
21253 864 7127 6771 6772 7129
21254 864 7127 6771 6772 7130
21255 864 7128 6771 6772 7129
21256 864 7128 6771 6772 7130
21257 864 7129 6772 6773 7131
21258 864 7129 6772 6773 7132
21259 864 7130 6772 6773 7131
21260 864 7130 6772 6773 7132
21261 864 7131 6773 6774 7133
21262 864 7131 6773 6774 7134
21263 864 7132 6773 6774 7133
21264 864 7132 6773 6774 7134
21265 864 7133 6774 6775 7135
21266 864 7133 6774 6775 7136
21267 864 7134 6774 6775 7135
21268 864 7134 6774 6775 7136
21269 864 7436 7154 7155 7438
21270 864 7436 7154 7155 7439
21271 864 7437 7154 7155 7438
21272 864 7437 7154 7155 7439
21273 864 7438 7155 7156 7440
21274 864 7438 7155 7156 7441
21275 864 7439 7155 7156 7440
21276 864 7439 7155 7156 7441
21277 864 7440 7156 7157 7442
21278 864 7440 7156 7157 7443
21279 864 7441 7156 7157 7442
21280 864 7441 7156 7157 7443
21281 864 7448 7163 7243 7553
21282 864 7448 7163 7243 7554
21283 864 7449 7163 7243 7553
21284 864 7449 7163 7243 7554
21285 864 7464 7174 7175 7466
21286 864 7464 7174 7175 7467
21287 864 7465 7174 7175 7466
21288 864 7465 7174 7175 7467
21289 864 7466 7175 7176 7468
21290 864 7466 7175 7176 7469
21291 864 7467 7175 7176 7468
21292 864 7467 7175 7176 7469
21293 864 7489 7195 7196 7491
21294 864 7489 7195 7196 7492
21295 864 7490 7195 7196 7491
21296 864 7490 7195 7196 7492
21297 864 7491 7196 7197 7493
21298 864 7491 7196 7197 7494
21299 864 7492 7196 7197 7493
21300 864 7492 7196 7197 7494
21301 864 7516 7218 7219 7518
21302 864 7516 7218 7219 7519
21303 864 7517 7218 7219 7518
21304 864 7517 7218 7219 7519
21305 864 7518 7219 7220 7520
21306 864 7518 7219 7220 7521
21307 864 7519 7219 7220 7520
21308 864 7519 7219 7220 7521
21309 864 7524 7226 7227 7526
21310 864 7524 7226 7227 7527
21311 864 7525 7226 7227 7526
21312 864 7525 7226 7227 7527
21313 864 7526 7227 7228 7528
21314 864 7526 7227 7228 7529
21315 864 7527 7227 7228 7528
21316 864 7527 7227 7228 7529
21317 864 7528 7228 7229 7530
21318 864 7528 7228 7229 7531
21319 864 7529 7228 7229 7530
21320 864 7529 7228 7229 7531
21321 864 7530 7229 7230 7532
21322 864 7530 7229 7230 7533
21323 864 7531 7229 7230 7532
21324 864 7531 7229 7230 7533
21325 864 7532 7230 7231 7534
21326 864 7532 7230 7231 7535
21327 864 7533 7230 7231 7534
21328 864 7533 7230 7231 7535
21329 864 7534 7231 7232 7536
21330 864 7534 7231 7232 7537
21331 864 7535 7231 7232 7536
21332 864 7535 7231 7232 7537
21333 864 7536 7232 7233 7538
21334 864 7536 7232 7233 7539
21335 864 7537 7232 7233 7538
21336 864 7537 7232 7233 7539
21337 864 7538 7233 7234 7540
21338 864 7538 7233 7234 7541
21339 864 7539 7233 7234 7540
21340 864 7539 7233 7234 7541
21341 864 7540 7234 7235 7542
21342 864 7540 7234 7235 7543
21343 864 7541 7234 7235 7542
21344 864 7541 7234 7235 7543
21345 864 7559 7248 7249 7561
21346 864 7559 7248 7249 7562
21347 864 7560 7248 7249 7561
21348 864 7560 7248 7249 7562
21349 864 7561 7249 7250 7563
21350 864 7561 7249 7250 7564
21351 864 7562 7249 7250 7563
21352 864 7562 7249 7250 7564
21353 864 7563 7250 7251 7565
21354 864 7563 7250 7251 7566
21355 864 7564 7250 7251 7565
21356 864 7564 7250 7251 7566
21357 864 7571 7257 7338 7673
21358 864 7571 7257 7338 7674
21359 864 7572 7257 7338 7673
21360 864 7572 7257 7338 7674
21361 864 7587 7268 7269 7589
21362 864 7587 7268 7269 7590
21363 864 7588 7268 7269 7589
21364 864 7588 7268 7269 7590
21365 864 7589 7269 7270 7591
21366 864 7589 7269 7270 7592
21367 864 7590 7269 7270 7591
21368 864 7590 7269 7270 7592
21369 864 7612 7290 7291 7614
21370 864 7612 7290 7291 7615
21371 864 7613 7290 7291 7614
21372 864 7613 7290 7291 7615
21373 864 7614 7291 7292 7616
21374 864 7614 7291 7292 7617
21375 864 7615 7291 7292 7616
21376 864 7615 7291 7292 7617
21377 864 7636 7313 7314 7638
21378 864 7636 7313 7314 7639
21379 864 7637 7313 7314 7638
21380 864 7637 7313 7314 7639
21381 864 7638 7314 7315 7640
21382 864 7638 7314 7315 7641
21383 864 7639 7314 7315 7640
21384 864 7639 7314 7315 7641
21385 864 7644 7321 7322 7646
21386 864 7644 7321 7322 7647
21387 864 7645 7321 7322 7646
21388 864 7645 7321 7322 7647
21389 864 7646 7322 7323 7648
21390 864 7646 7322 7323 7649
21391 864 7647 7322 7323 7648
21392 864 7647 7322 7323 7649
21393 864 7648 7323 7324 7650
21394 864 7648 7323 7324 7651
21395 864 7649 7323 7324 7650
21396 864 7649 7323 7324 7651
21397 864 7650 7324 7325 7652
21398 864 7650 7324 7325 7653
21399 864 7651 7324 7325 7652
21400 864 7651 7324 7325 7653
21401 864 7652 7325 7326 7654
21402 864 7652 7325 7326 7655
21403 864 7653 7325 7326 7654
21404 864 7653 7325 7326 7655
21405 864 7654 7326 7327 7656
21406 864 7654 7326 7327 7657
21407 864 7655 7326 7327 7656
21408 864 7655 7326 7327 7657
21409 864 7656 7327 7328 7658
21410 864 7656 7327 7328 7659
21411 864 7657 7327 7328 7658
21412 864 7657 7327 7328 7659
21413 864 7658 7328 7329 7660
21414 864 7658 7328 7329 7661
21415 864 7659 7328 7329 7660
21416 864 7659 7328 7329 7661
21417 864 7660 7329 7330 7662
21418 864 7660 7329 7330 7663
21419 864 7661 7329 7330 7662
21420 864 7661 7329 7330 7663
21421 864 7679 7343 7344 7681
21422 864 7679 7343 7344 7682
21423 864 7680 7343 7344 7681
21424 864 7680 7343 7344 7682
21425 864 7681 7344 7345 7683
21426 864 7681 7344 7345 7684
21427 864 7682 7344 7345 7683
21428 864 7682 7344 7345 7684
21429 864 7683 7345 7346 7685
21430 864 7683 7345 7346 7686
21431 864 7684 7345 7346 7685
21432 864 7684 7345 7346 7686
21433 864 7691 7352 7433 7796
21434 864 7691 7352 7433 7797
21435 864 7692 7352 7433 7796
21436 864 7692 7352 7433 7797
21437 864 7707 7363 7364 7709
21438 864 7707 7363 7364 7710
21439 864 7708 7363 7364 7709
21440 864 7708 7363 7364 7710
21441 864 7709 7364 7365 7711
21442 864 7709 7364 7365 7712
21443 864 7710 7364 7365 7711
21444 864 7710 7364 7365 7712
21445 864 7735 7386 7387 7737
21446 864 7735 7386 7387 7738
21447 864 7736 7386 7387 7737
21448 864 7736 7386 7387 7738
21449 864 7737 7387 7388 7739
21450 864 7737 7387 7388 7740
21451 864 7738 7387 7388 7739
21452 864 7738 7387 7388 7740
21453 864 7759 7408 7409 7761
21454 864 7759 7408 7409 7762
21455 864 7760 7408 7409 7761
21456 864 7760 7408 7409 7762
21457 864 7761 7409 7410 7763
21458 864 7761 7409 7410 7764
21459 864 7762 7409 7410 7763
21460 864 7762 7409 7410 7764
21461 864 7767 7416 7417 7769
21462 864 7767 7416 7417 7770
21463 864 7768 7416 7417 7769
21464 864 7768 7416 7417 7770
21465 864 7769 7417 7418 7771
21466 864 7769 7417 7418 7772
21467 864 7770 7417 7418 7771
21468 864 7770 7417 7418 7772
21469 864 7771 7418 7419 7773
21470 864 7771 7418 7419 7774
21471 864 7772 7418 7419 7773
21472 864 7772 7418 7419 7774
21473 864 7773 7419 7420 7775
21474 864 7773 7419 7420 7776
21475 864 7774 7419 7420 7775
21476 864 7774 7419 7420 7776
21477 864 7775 7420 7421 7777
21478 864 7775 7420 7421 7778
21479 864 7776 7420 7421 7777
21480 864 7776 7420 7421 7778
21481 864 7777 7421 7422 7779
21482 864 7777 7421 7422 7780
21483 864 7778 7421 7422 7779
21484 864 7778 7421 7422 7780
21485 864 7779 7422 7423 7781
21486 864 7779 7422 7423 7782
21487 864 7780 7422 7423 7781
21488 864 7780 7422 7423 7782
21489 864 7781 7423 7424 7783
21490 864 7781 7423 7424 7784
21491 864 7782 7423 7424 7783
21492 864 7782 7423 7424 7784
21493 864 7783 7424 7425 7785
21494 864 7783 7424 7425 7786
21495 864 7784 7424 7425 7785
21496 864 7784 7424 7425 7786
21497 864 8086 7804 7805 8088
21498 864 8086 7804 7805 8089
21499 864 8087 7804 7805 8088
21500 864 8087 7804 7805 8089
21501 864 8088 7805 7806 8090
21502 864 8088 7805 7806 8091
21503 864 8089 7805 7806 8090
21504 864 8089 7805 7806 8091
21505 864 8090 7806 7807 8092
21506 864 8090 7806 7807 8093
21507 864 8091 7806 7807 8092
21508 864 8091 7806 7807 8093
21509 864 8098 7813 7893 8203
21510 864 8098 7813 7893 8204
21511 864 8099 7813 7893 8203
21512 864 8099 7813 7893 8204
21513 864 8114 7824 7825 8116
21514 864 8114 7824 7825 8117
21515 864 8115 7824 7825 8116
21516 864 8115 7824 7825 8117
21517 864 8116 7825 7826 8118
21518 864 8116 7825 7826 8119
21519 864 8117 7825 7826 8118
21520 864 8117 7825 7826 8119
21521 864 8139 7845 7846 8141
21522 864 8139 7845 7846 8142
21523 864 8140 7845 7846 8141
21524 864 8140 7845 7846 8142
21525 864 8141 7846 7847 8143
21526 864 8141 7846 7847 8144
21527 864 8142 7846 7847 8143
21528 864 8142 7846 7847 8144
21529 864 8166 7868 7869 8168
21530 864 8166 7868 7869 8169
21531 864 8167 7868 7869 8168
21532 864 8167 7868 7869 8169
21533 864 8168 7869 7870 8170
21534 864 8168 7869 7870 8171
21535 864 8169 7869 7870 8170
21536 864 8169 7869 7870 8171
21537 864 8174 7876 7877 8176
21538 864 8174 7876 7877 8177
21539 864 8175 7876 7877 8176
21540 864 8175 7876 7877 8177
21541 864 8176 7877 7878 8178
21542 864 8176 7877 7878 8179
21543 864 8177 7877 7878 8178
21544 864 8177 7877 7878 8179
21545 864 8178 7878 7879 8180
21546 864 8178 7878 7879 8181
21547 864 8179 7878 7879 8180
21548 864 8179 7878 7879 8181
21549 864 8180 7879 7880 8182
21550 864 8180 7879 7880 8183
21551 864 8181 7879 7880 8182
21552 864 8181 7879 7880 8183
21553 864 8182 7880 7881 8184
21554 864 8182 7880 7881 8185
21555 864 8183 7880 7881 8184
21556 864 8183 7880 7881 8185
21557 864 8184 7881 7882 8186
21558 864 8184 7881 7882 8187
21559 864 8185 7881 7882 8186
21560 864 8185 7881 7882 8187
21561 864 8186 7882 7883 8188
21562 864 8186 7882 7883 8189
21563 864 8187 7882 7883 8188
21564 864 8187 7882 7883 8189
21565 864 8188 7883 7884 8190
21566 864 8188 7883 7884 8191
21567 864 8189 7883 7884 8190
21568 864 8189 7883 7884 8191
21569 864 8190 7884 7885 8192
21570 864 8190 7884 7885 8193
21571 864 8191 7884 7885 8192
21572 864 8191 7884 7885 8193
21573 864 8209 7898 7899 8211
21574 864 8209 7898 7899 8212
21575 864 8210 7898 7899 8211
21576 864 8210 7898 7899 8212
21577 864 8211 7899 7900 8213
21578 864 8211 7899 7900 8214
21579 864 8212 7899 7900 8213
21580 864 8212 7899 7900 8214
21581 864 8213 7900 7901 8215
21582 864 8213 7900 7901 8216
21583 864 8214 7900 7901 8215
21584 864 8214 7900 7901 8216
21585 864 8221 7907 7988 8323
21586 864 8221 7907 7988 8324
21587 864 8222 7907 7988 8323
21588 864 8222 7907 7988 8324
21589 864 8237 7918 7919 8239
21590 864 8237 7918 7919 8240
21591 864 8238 7918 7919 8239
21592 864 8238 7918 7919 8240
21593 864 8239 7919 7920 8241
21594 864 8239 7919 7920 8242
21595 864 8240 7919 7920 8241
21596 864 8240 7919 7920 8242
21597 864 8262 7940 7941 8264
21598 864 8262 7940 7941 8265
21599 864 8263 7940 7941 8264
21600 864 8263 7940 7941 8265
21601 864 8264 7941 7942 8266
21602 864 8264 7941 7942 8267
21603 864 8265 7941 7942 8266
21604 864 8265 7941 7942 8267
21605 864 8286 7963 7964 8288
21606 864 8286 7963 7964 8289
21607 864 8287 7963 7964 8288
21608 864 8287 7963 7964 8289
21609 864 8288 7964 7965 8290
21610 864 8288 7964 7965 8291
21611 864 8289 7964 7965 8290
21612 864 8289 7964 7965 8291
21613 864 8294 7971 7972 8296
21614 864 8294 7971 7972 8297
21615 864 8295 7971 7972 8296
21616 864 8295 7971 7972 8297
21617 864 8296 7972 7973 8298
21618 864 8296 7972 7973 8299
21619 864 8297 7972 7973 8298
21620 864 8297 7972 7973 8299
21621 864 8298 7973 7974 8300
21622 864 8298 7973 7974 8301
21623 864 8299 7973 7974 8300
21624 864 8299 7973 7974 8301
21625 864 8300 7974 7975 8302
21626 864 8300 7974 7975 8303
21627 864 8301 7974 7975 8302
21628 864 8301 7974 7975 8303
21629 864 8302 7975 7976 8304
21630 864 8302 7975 7976 8305
21631 864 8303 7975 7976 8304
21632 864 8303 7975 7976 8305
21633 864 8304 7976 7977 8306
21634 864 8304 7976 7977 8307
21635 864 8305 7976 7977 8306
21636 864 8305 7976 7977 8307
21637 864 8306 7977 7978 8308
21638 864 8306 7977 7978 8309
21639 864 8307 7977 7978 8308
21640 864 8307 7977 7978 8309
21641 864 8308 7978 7979 8310
21642 864 8308 7978 7979 8311
21643 864 8309 7978 7979 8310
21644 864 8309 7978 7979 8311
21645 864 8310 7979 7980 8312
21646 864 8310 7979 7980 8313
21647 864 8311 7979 7980 8312
21648 864 8311 7979 7980 8313
21649 864 8329 7993 7994 8331
21650 864 8329 7993 7994 8332
21651 864 8330 7993 7994 8331
21652 864 8330 7993 7994 8332
21653 864 8331 7994 7995 8333
21654 864 8331 7994 7995 8334
21655 864 8332 7994 7995 8333
21656 864 8332 7994 7995 8334
21657 864 8333 7995 7996 8335
21658 864 8333 7995 7996 8336
21659 864 8334 7995 7996 8335
21660 864 8334 7995 7996 8336
21661 864 8341 8002 8083 8446
21662 864 8341 8002 8083 8447
21663 864 8342 8002 8083 8446
21664 864 8342 8002 8083 8447
21665 864 8357 8013 8014 8359
21666 864 8357 8013 8014 8360
21667 864 8358 8013 8014 8359
21668 864 8358 8013 8014 8360
21669 864 8359 8014 8015 8361
21670 864 8359 8014 8015 8362
21671 864 8360 8014 8015 8361
21672 864 8360 8014 8015 8362
21673 864 8385 8036 8037 8387
21674 864 8385 8036 8037 8388
21675 864 8386 8036 8037 8387
21676 864 8386 8036 8037 8388
21677 864 8387 8037 8038 8389
21678 864 8387 8037 8038 8390
21679 864 8388 8037 8038 8389
21680 864 8388 8037 8038 8390
21681 864 8409 8058 8059 8411
21682 864 8409 8058 8059 8412
21683 864 8410 8058 8059 8411
21684 864 8410 8058 8059 8412
21685 864 8411 8059 8060 8413
21686 864 8411 8059 8060 8414
21687 864 8412 8059 8060 8413
21688 864 8412 8059 8060 8414
21689 864 8417 8066 8067 8419
21690 864 8417 8066 8067 8420
21691 864 8418 8066 8067 8419
21692 864 8418 8066 8067 8420
21693 864 8419 8067 8068 8421
21694 864 8419 8067 8068 8422
21695 864 8420 8067 8068 8421
21696 864 8420 8067 8068 8422
21697 864 8421 8068 8069 8423
21698 864 8421 8068 8069 8424
21699 864 8422 8068 8069 8423
21700 864 8422 8068 8069 8424
21701 864 8423 8069 8070 8425
21702 864 8423 8069 8070 8426
21703 864 8424 8069 8070 8425
21704 864 8424 8069 8070 8426
21705 864 8425 8070 8071 8427
21706 864 8425 8070 8071 8428
21707 864 8426 8070 8071 8427
21708 864 8426 8070 8071 8428
21709 864 8427 8071 8072 8429
21710 864 8427 8071 8072 8430
21711 864 8428 8071 8072 8429
21712 864 8428 8071 8072 8430
21713 864 8429 8072 8073 8431
21714 864 8429 8072 8073 8432
21715 864 8430 8072 8073 8431
21716 864 8430 8072 8073 8432
21717 864 8431 8073 8074 8433
21718 864 8431 8073 8074 8434
21719 864 8432 8073 8074 8433
21720 864 8432 8073 8074 8434
21721 864 8433 8074 8075 8435
21722 864 8433 8074 8075 8436
21723 864 8434 8074 8075 8435
21724 864 8434 8074 8075 8436
21725 864 8736 8454 8455 8738
21726 864 8736 8454 8455 8739
21727 864 8737 8454 8455 8738
21728 864 8737 8454 8455 8739
21729 864 8738 8455 8456 8740
21730 864 8738 8455 8456 8741
21731 864 8739 8455 8456 8740
21732 864 8739 8455 8456 8741
21733 864 8740 8456 8457 8742
21734 864 8740 8456 8457 8743
21735 864 8741 8456 8457 8742
21736 864 8741 8456 8457 8743
21737 864 8748 8463 8543 8853
21738 864 8748 8463 8543 8854
21739 864 8749 8463 8543 8853
21740 864 8749 8463 8543 8854
21741 864 8764 8474 8475 8766
21742 864 8764 8474 8475 8767
21743 864 8765 8474 8475 8766
21744 864 8765 8474 8475 8767
21745 864 8766 8475 8476 8768
21746 864 8766 8475 8476 8769
21747 864 8767 8475 8476 8768
21748 864 8767 8475 8476 8769
21749 864 8789 8495 8496 8791
21750 864 8789 8495 8496 8792
21751 864 8790 8495 8496 8791
21752 864 8790 8495 8496 8792
21753 864 8791 8496 8497 8793
21754 864 8791 8496 8497 8794
21755 864 8792 8496 8497 8793
21756 864 8792 8496 8497 8794
21757 864 8816 8518 8519 8818
21758 864 8816 8518 8519 8819
21759 864 8817 8518 8519 8818
21760 864 8817 8518 8519 8819
21761 864 8818 8519 8520 8820
21762 864 8818 8519 8520 8821
21763 864 8819 8519 8520 8820
21764 864 8819 8519 8520 8821
21765 864 8824 8526 8527 8826
21766 864 8824 8526 8527 8827
21767 864 8825 8526 8527 8826
21768 864 8825 8526 8527 8827
21769 864 8826 8527 8528 8828
21770 864 8826 8527 8528 8829
21771 864 8827 8527 8528 8828
21772 864 8827 8527 8528 8829
21773 864 8828 8528 8529 8830
21774 864 8828 8528 8529 8831
21775 864 8829 8528 8529 8830
21776 864 8829 8528 8529 8831
21777 864 8830 8529 8530 8832
21778 864 8830 8529 8530 8833
21779 864 8831 8529 8530 8832
21780 864 8831 8529 8530 8833
21781 864 8832 8530 8531 8834
21782 864 8832 8530 8531 8835
21783 864 8833 8530 8531 8834
21784 864 8833 8530 8531 8835
21785 864 8834 8531 8532 8836
21786 864 8834 8531 8532 8837
21787 864 8835 8531 8532 8836
21788 864 8835 8531 8532 8837
21789 864 8836 8532 8533 8838
21790 864 8836 8532 8533 8839
21791 864 8837 8532 8533 8838
21792 864 8837 8532 8533 8839
21793 864 8838 8533 8534 8840
21794 864 8838 8533 8534 8841
21795 864 8839 8533 8534 8840
21796 864 8839 8533 8534 8841
21797 864 8840 8534 8535 8842
21798 864 8840 8534 8535 8843
21799 864 8841 8534 8535 8842
21800 864 8841 8534 8535 8843
21801 864 8859 8548 8549 8861
21802 864 8859 8548 8549 8862
21803 864 8860 8548 8549 8861
21804 864 8860 8548 8549 8862
21805 864 8861 8549 8550 8863
21806 864 8861 8549 8550 8864
21807 864 8862 8549 8550 8863
21808 864 8862 8549 8550 8864
21809 864 8863 8550 8551 8865
21810 864 8863 8550 8551 8866
21811 864 8864 8550 8551 8865
21812 864 8864 8550 8551 8866
21813 864 8871 8557 8638 8973
21814 864 8871 8557 8638 8974
21815 864 8872 8557 8638 8973
21816 864 8872 8557 8638 8974
21817 864 8887 8568 8569 8889
21818 864 8887 8568 8569 8890
21819 864 8888 8568 8569 8889
21820 864 8888 8568 8569 8890
21821 864 8889 8569 8570 8891
21822 864 8889 8569 8570 8892
21823 864 8890 8569 8570 8891
21824 864 8890 8569 8570 8892
21825 864 8912 8590 8591 8914
21826 864 8912 8590 8591 8915
21827 864 8913 8590 8591 8914
21828 864 8913 8590 8591 8915
21829 864 8914 8591 8592 8916
21830 864 8914 8591 8592 8917
21831 864 8915 8591 8592 8916
21832 864 8915 8591 8592 8917
21833 864 8936 8613 8614 8938
21834 864 8936 8613 8614 8939
21835 864 8937 8613 8614 8938
21836 864 8937 8613 8614 8939
21837 864 8938 8614 8615 8940
21838 864 8938 8614 8615 8941
21839 864 8939 8614 8615 8940
21840 864 8939 8614 8615 8941
21841 864 8944 8621 8622 8946
21842 864 8944 8621 8622 8947
21843 864 8945 8621 8622 8946
21844 864 8945 8621 8622 8947
21845 864 8946 8622 8623 8948
21846 864 8946 8622 8623 8949
21847 864 8947 8622 8623 8948
21848 864 8947 8622 8623 8949
21849 864 8948 8623 8624 8950
21850 864 8948 8623 8624 8951
21851 864 8949 8623 8624 8950
21852 864 8949 8623 8624 8951
21853 864 8950 8624 8625 8952
21854 864 8950 8624 8625 8953
21855 864 8951 8624 8625 8952
21856 864 8951 8624 8625 8953
21857 864 8952 8625 8626 8954
21858 864 8952 8625 8626 8955
21859 864 8953 8625 8626 8954
21860 864 8953 8625 8626 8955
21861 864 8954 8626 8627 8956
21862 864 8954 8626 8627 8957
21863 864 8955 8626 8627 8956
21864 864 8955 8626 8627 8957
21865 864 8956 8627 8628 8958
21866 864 8956 8627 8628 8959
21867 864 8957 8627 8628 8958
21868 864 8957 8627 8628 8959
21869 864 8958 8628 8629 8960
21870 864 8958 8628 8629 8961
21871 864 8959 8628 8629 8960
21872 864 8959 8628 8629 8961
21873 864 8960 8629 8630 8962
21874 864 8960 8629 8630 8963
21875 864 8961 8629 8630 8962
21876 864 8961 8629 8630 8963
21877 864 8979 8643 8644 8981
21878 864 8979 8643 8644 8982
21879 864 8980 8643 8644 8981
21880 864 8980 8643 8644 8982
21881 864 8981 8644 8645 8983
21882 864 8981 8644 8645 8984
21883 864 8982 8644 8645 8983
21884 864 8982 8644 8645 8984
21885 864 8983 8645 8646 8985
21886 864 8983 8645 8646 8986
21887 864 8984 8645 8646 8985
21888 864 8984 8645 8646 8986
21889 864 8991 8652 8733 9096
21890 864 8991 8652 8733 9097
21891 864 8992 8652 8733 9096
21892 864 8992 8652 8733 9097
21893 864 9007 8663 8664 9009
21894 864 9007 8663 8664 9010
21895 864 9008 8663 8664 9009
21896 864 9008 8663 8664 9010
21897 864 9009 8664 8665 9011
21898 864 9009 8664 8665 9012
21899 864 9010 8664 8665 9011
21900 864 9010 8664 8665 9012
21901 864 9035 8686 8687 9037
21902 864 9035 8686 8687 9038
21903 864 9036 8686 8687 9037
21904 864 9036 8686 8687 9038
21905 864 9037 8687 8688 9039
21906 864 9037 8687 8688 9040
21907 864 9038 8687 8688 9039
21908 864 9038 8687 8688 9040
21909 864 9059 8708 8709 9061
21910 864 9059 8708 8709 9062
21911 864 9060 8708 8709 9061
21912 864 9060 8708 8709 9062
21913 864 9061 8709 8710 9063
21914 864 9061 8709 8710 9064
21915 864 9062 8709 8710 9063
21916 864 9062 8709 8710 9064
21917 864 9067 8716 8717 9069
21918 864 9067 8716 8717 9070
21919 864 9068 8716 8717 9069
21920 864 9068 8716 8717 9070
21921 864 9069 8717 8718 9071
21922 864 9069 8717 8718 9072
21923 864 9070 8717 8718 9071
21924 864 9070 8717 8718 9072
21925 864 9071 8718 8719 9073
21926 864 9071 8718 8719 9074
21927 864 9072 8718 8719 9073
21928 864 9072 8718 8719 9074
21929 864 9073 8719 8720 9075
21930 864 9073 8719 8720 9076
21931 864 9074 8719 8720 9075
21932 864 9074 8719 8720 9076
21933 864 9075 8720 8721 9077
21934 864 9075 8720 8721 9078
21935 864 9076 8720 8721 9077
21936 864 9076 8720 8721 9078
21937 864 9077 8721 8722 9079
21938 864 9077 8721 8722 9080
21939 864 9078 8721 8722 9079
21940 864 9078 8721 8722 9080
21941 864 9079 8722 8723 9081
21942 864 9079 8722 8723 9082
21943 864 9080 8722 8723 9081
21944 864 9080 8722 8723 9082
21945 864 9081 8723 8724 9083
21946 864 9081 8723 8724 9084
21947 864 9082 8723 8724 9083
21948 864 9082 8723 8724 9084
21949 864 9083 8724 8725 9085
21950 864 9083 8724 8725 9086
21951 864 9084 8724 8725 9085
21952 864 9084 8724 8725 9086
21953 864 9386 9104 9105 9388
21954 864 9386 9104 9105 9389
21955 864 9387 9104 9105 9388
21956 864 9387 9104 9105 9389
21957 864 9388 9105 9106 9390
21958 864 9388 9105 9106 9391
21959 864 9389 9105 9106 9390
21960 864 9389 9105 9106 9391
21961 864 9390 9106 9107 9392
21962 864 9390 9106 9107 9393
21963 864 9391 9106 9107 9392
21964 864 9391 9106 9107 9393
21965 864 9398 9113 9193 9503
21966 864 9398 9113 9193 9504
21967 864 9399 9113 9193 9503
21968 864 9399 9113 9193 9504
21969 864 9414 9124 9125 9416
21970 864 9414 9124 9125 9417
21971 864 9415 9124 9125 9416
21972 864 9415 9124 9125 9417
21973 864 9416 9125 9126 9418
21974 864 9416 9125 9126 9419
21975 864 9417 9125 9126 9418
21976 864 9417 9125 9126 9419
21977 864 9439 9145 9146 9441
21978 864 9439 9145 9146 9442
21979 864 9440 9145 9146 9441
21980 864 9440 9145 9146 9442
21981 864 9441 9146 9147 9443
21982 864 9441 9146 9147 9444
21983 864 9442 9146 9147 9443
21984 864 9442 9146 9147 9444
21985 864 9466 9168 9169 9468
21986 864 9466 9168 9169 9469
21987 864 9467 9168 9169 9468
21988 864 9467 9168 9169 9469
21989 864 9468 9169 9170 9470
21990 864 9468 9169 9170 9471
21991 864 9469 9169 9170 9470
21992 864 9469 9169 9170 9471
21993 864 9474 9176 9177 9476
21994 864 9474 9176 9177 9477
21995 864 9475 9176 9177 9476
21996 864 9475 9176 9177 9477
21997 864 9476 9177 9178 9478
21998 864 9476 9177 9178 9479
21999 864 9477 9177 9178 9478
22000 864 9477 9177 9178 9479
22001 864 9478 9178 9179 9480
22002 864 9478 9178 9179 9481
22003 864 9479 9178 9179 9480
22004 864 9479 9178 9179 9481
22005 864 9480 9179 9180 9482
22006 864 9480 9179 9180 9483
22007 864 9481 9179 9180 9482
22008 864 9481 9179 9180 9483
22009 864 9482 9180 9181 9484
22010 864 9482 9180 9181 9485
22011 864 9483 9180 9181 9484
22012 864 9483 9180 9181 9485
22013 864 9484 9181 9182 9486
22014 864 9484 9181 9182 9487
22015 864 9485 9181 9182 9486
22016 864 9485 9181 9182 9487
22017 864 9486 9182 9183 9488
22018 864 9486 9182 9183 9489
22019 864 9487 9182 9183 9488
22020 864 9487 9182 9183 9489
22021 864 9488 9183 9184 9490
22022 864 9488 9183 9184 9491
22023 864 9489 9183 9184 9490
22024 864 9489 9183 9184 9491
22025 864 9490 9184 9185 9492
22026 864 9490 9184 9185 9493
22027 864 9491 9184 9185 9492
22028 864 9491 9184 9185 9493
22029 864 9509 9198 9199 9511
22030 864 9509 9198 9199 9512
22031 864 9510 9198 9199 9511
22032 864 9510 9198 9199 9512
22033 864 9511 9199 9200 9513
22034 864 9511 9199 9200 9514
22035 864 9512 9199 9200 9513
22036 864 9512 9199 9200 9514
22037 864 9513 9200 9201 9515
22038 864 9513 9200 9201 9516
22039 864 9514 9200 9201 9515
22040 864 9514 9200 9201 9516
22041 864 9521 9207 9288 9623
22042 864 9521 9207 9288 9624
22043 864 9522 9207 9288 9623
22044 864 9522 9207 9288 9624
22045 864 9537 9218 9219 9539
22046 864 9537 9218 9219 9540
22047 864 9538 9218 9219 9539
22048 864 9538 9218 9219 9540
22049 864 9539 9219 9220 9541
22050 864 9539 9219 9220 9542
22051 864 9540 9219 9220 9541
22052 864 9540 9219 9220 9542
22053 864 9562 9240 9241 9564
22054 864 9562 9240 9241 9565
22055 864 9563 9240 9241 9564
22056 864 9563 9240 9241 9565
22057 864 9564 9241 9242 9566
22058 864 9564 9241 9242 9567
22059 864 9565 9241 9242 9566
22060 864 9565 9241 9242 9567
22061 864 9586 9263 9264 9588
22062 864 9586 9263 9264 9589
22063 864 9587 9263 9264 9588
22064 864 9587 9263 9264 9589
22065 864 9588 9264 9265 9590
22066 864 9588 9264 9265 9591
22067 864 9589 9264 9265 9590
22068 864 9589 9264 9265 9591
22069 864 9594 9271 9272 9596
22070 864 9594 9271 9272 9597
22071 864 9595 9271 9272 9596
22072 864 9595 9271 9272 9597
22073 864 9596 9272 9273 9598
22074 864 9596 9272 9273 9599
22075 864 9597 9272 9273 9598
22076 864 9597 9272 9273 9599
22077 864 9598 9273 9274 9600
22078 864 9598 9273 9274 9601
22079 864 9599 9273 9274 9600
22080 864 9599 9273 9274 9601
22081 864 9600 9274 9275 9602
22082 864 9600 9274 9275 9603
22083 864 9601 9274 9275 9602
22084 864 9601 9274 9275 9603
22085 864 9602 9275 9276 9604
22086 864 9602 9275 9276 9605
22087 864 9603 9275 9276 9604
22088 864 9603 9275 9276 9605
22089 864 9604 9276 9277 9606
22090 864 9604 9276 9277 9607
22091 864 9605 9276 9277 9606
22092 864 9605 9276 9277 9607
22093 864 9606 9277 9278 9608
22094 864 9606 9277 9278 9609
22095 864 9607 9277 9278 9608
22096 864 9607 9277 9278 9609
22097 864 9608 9278 9279 9610
22098 864 9608 9278 9279 9611
22099 864 9609 9278 9279 9610
22100 864 9609 9278 9279 9611
22101 864 9610 9279 9280 9612
22102 864 9610 9279 9280 9613
22103 864 9611 9279 9280 9612
22104 864 9611 9279 9280 9613
22105 864 9629 9293 9294 9631
22106 864 9629 9293 9294 9632
22107 864 9630 9293 9294 9631
22108 864 9630 9293 9294 9632
22109 864 9631 9294 9295 9633
22110 864 9631 9294 9295 9634
22111 864 9632 9294 9295 9633
22112 864 9632 9294 9295 9634
22113 864 9633 9295 9296 9635
22114 864 9633 9295 9296 9636
22115 864 9634 9295 9296 9635
22116 864 9634 9295 9296 9636
22117 864 9641 9302 9383 9746
22118 864 9641 9302 9383 9747
22119 864 9642 9302 9383 9746
22120 864 9642 9302 9383 9747
22121 864 9657 9313 9314 9659
22122 864 9657 9313 9314 9660
22123 864 9658 9313 9314 9659
22124 864 9658 9313 9314 9660
22125 864 9659 9314 9315 9661
22126 864 9659 9314 9315 9662
22127 864 9660 9314 9315 9661
22128 864 9660 9314 9315 9662
22129 864 9685 9336 9337 9687
22130 864 9685 9336 9337 9688
22131 864 9686 9336 9337 9687
22132 864 9686 9336 9337 9688
22133 864 9687 9337 9338 9689
22134 864 9687 9337 9338 9690
22135 864 9688 9337 9338 9689
22136 864 9688 9337 9338 9690
22137 864 9709 9358 9359 9711
22138 864 9709 9358 9359 9712
22139 864 9710 9358 9359 9711
22140 864 9710 9358 9359 9712
22141 864 9711 9359 9360 9713
22142 864 9711 9359 9360 9714
22143 864 9712 9359 9360 9713
22144 864 9712 9359 9360 9714
22145 864 9717 9366 9367 9719
22146 864 9717 9366 9367 9720
22147 864 9718 9366 9367 9719
22148 864 9718 9366 9367 9720
22149 864 9719 9367 9368 9721
22150 864 9719 9367 9368 9722
22151 864 9720 9367 9368 9721
22152 864 9720 9367 9368 9722
22153 864 9721 9368 9369 9723
22154 864 9721 9368 9369 9724
22155 864 9722 9368 9369 9723
22156 864 9722 9368 9369 9724
22157 864 9723 9369 9370 9725
22158 864 9723 9369 9370 9726
22159 864 9724 9369 9370 9725
22160 864 9724 9369 9370 9726
22161 864 9725 9370 9371 9727
22162 864 9725 9370 9371 9728
22163 864 9726 9370 9371 9727
22164 864 9726 9370 9371 9728
22165 864 9727 9371 9372 9729
22166 864 9727 9371 9372 9730
22167 864 9728 9371 9372 9729
22168 864 9728 9371 9372 9730
22169 864 9729 9372 9373 9731
22170 864 9729 9372 9373 9732
22171 864 9730 9372 9373 9731
22172 864 9730 9372 9373 9732
22173 864 9731 9373 9374 9733
22174 864 9731 9373 9374 9734
22175 864 9732 9373 9374 9733
22176 864 9732 9373 9374 9734
22177 864 9733 9374 9375 9735
22178 864 9733 9374 9375 9736
22179 864 9734 9374 9375 9735
22180 864 9734 9374 9375 9736
22181 864 10036 9754 9755 10038
22182 864 10036 9754 9755 10039
22183 864 10037 9754 9755 10038
22184 864 10037 9754 9755 10039
22185 864 10038 9755 9756 10040
22186 864 10038 9755 9756 10041
22187 864 10039 9755 9756 10040
22188 864 10039 9755 9756 10041
22189 864 10040 9756 9757 10042
22190 864 10040 9756 9757 10043
22191 864 10041 9756 9757 10042
22192 864 10041 9756 9757 10043
22193 864 10048 9763 9843 10153
22194 864 10048 9763 9843 10154
22195 864 10049 9763 9843 10153
22196 864 10049 9763 9843 10154
22197 864 10064 9774 9775 10066
22198 864 10064 9774 9775 10067
22199 864 10065 9774 9775 10066
22200 864 10065 9774 9775 10067
22201 864 10066 9775 9776 10068
22202 864 10066 9775 9776 10069
22203 864 10067 9775 9776 10068
22204 864 10067 9775 9776 10069
22205 864 10089 9795 9796 10091
22206 864 10089 9795 9796 10092
22207 864 10090 9795 9796 10091
22208 864 10090 9795 9796 10092
22209 864 10091 9796 9797 10093
22210 864 10091 9796 9797 10094
22211 864 10092 9796 9797 10093
22212 864 10092 9796 9797 10094
22213 864 10116 9818 9819 10118
22214 864 10116 9818 9819 10119
22215 864 10117 9818 9819 10118
22216 864 10117 9818 9819 10119
22217 864 10118 9819 9820 10120
22218 864 10118 9819 9820 10121
22219 864 10119 9819 9820 10120
22220 864 10119 9819 9820 10121
22221 864 10124 9826 9827 10126
22222 864 10124 9826 9827 10127
22223 864 10125 9826 9827 10126
22224 864 10125 9826 9827 10127
22225 864 10126 9827 9828 10128
22226 864 10126 9827 9828 10129
22227 864 10127 9827 9828 10128
22228 864 10127 9827 9828 10129
22229 864 10128 9828 9829 10130
22230 864 10128 9828 9829 10131
22231 864 10129 9828 9829 10130
22232 864 10129 9828 9829 10131
22233 864 10130 9829 9830 10132
22234 864 10130 9829 9830 10133
22235 864 10131 9829 9830 10132
22236 864 10131 9829 9830 10133
22237 864 10132 9830 9831 10134
22238 864 10132 9830 9831 10135
22239 864 10133 9830 9831 10134
22240 864 10133 9830 9831 10135
22241 864 10134 9831 9832 10136
22242 864 10134 9831 9832 10137
22243 864 10135 9831 9832 10136
22244 864 10135 9831 9832 10137
22245 864 10136 9832 9833 10138
22246 864 10136 9832 9833 10139
22247 864 10137 9832 9833 10138
22248 864 10137 9832 9833 10139
22249 864 10138 9833 9834 10140
22250 864 10138 9833 9834 10141
22251 864 10139 9833 9834 10140
22252 864 10139 9833 9834 10141
22253 864 10140 9834 9835 10142
22254 864 10140 9834 9835 10143
22255 864 10141 9834 9835 10142
22256 864 10141 9834 9835 10143
22257 864 10159 9848 9849 10161
22258 864 10159 9848 9849 10162
22259 864 10160 9848 9849 10161
22260 864 10160 9848 9849 10162
22261 864 10161 9849 9850 10163
22262 864 10161 9849 9850 10164
22263 864 10162 9849 9850 10163
22264 864 10162 9849 9850 10164
22265 864 10163 9850 9851 10165
22266 864 10163 9850 9851 10166
22267 864 10164 9850 9851 10165
22268 864 10164 9850 9851 10166
22269 864 10171 9857 9938 10273
22270 864 10171 9857 9938 10274
22271 864 10172 9857 9938 10273
22272 864 10172 9857 9938 10274
22273 864 10187 9868 9869 10189
22274 864 10187 9868 9869 10190
22275 864 10188 9868 9869 10189
22276 864 10188 9868 9869 10190
22277 864 10189 9869 9870 10191
22278 864 10189 9869 9870 10192
22279 864 10190 9869 9870 10191
22280 864 10190 9869 9870 10192
22281 864 10212 9890 9891 10214
22282 864 10212 9890 9891 10215
22283 864 10213 9890 9891 10214
22284 864 10213 9890 9891 10215
22285 864 10214 9891 9892 10216
22286 864 10214 9891 9892 10217
22287 864 10215 9891 9892 10216
22288 864 10215 9891 9892 10217
22289 864 10236 9913 9914 10238
22290 864 10236 9913 9914 10239
22291 864 10237 9913 9914 10238
22292 864 10237 9913 9914 10239
22293 864 10238 9914 9915 10240
22294 864 10238 9914 9915 10241
22295 864 10239 9914 9915 10240
22296 864 10239 9914 9915 10241
22297 864 10244 9921 9922 10246
22298 864 10244 9921 9922 10247
22299 864 10245 9921 9922 10246
22300 864 10245 9921 9922 10247
22301 864 10246 9922 9923 10248
22302 864 10246 9922 9923 10249
22303 864 10247 9922 9923 10248
22304 864 10247 9922 9923 10249
22305 864 10248 9923 9924 10250
22306 864 10248 9923 9924 10251
22307 864 10249 9923 9924 10250
22308 864 10249 9923 9924 10251
22309 864 10250 9924 9925 10252
22310 864 10250 9924 9925 10253
22311 864 10251 9924 9925 10252
22312 864 10251 9924 9925 10253
22313 864 10252 9925 9926 10254
22314 864 10252 9925 9926 10255
22315 864 10253 9925 9926 10254
22316 864 10253 9925 9926 10255
22317 864 10254 9926 9927 10256
22318 864 10254 9926 9927 10257
22319 864 10255 9926 9927 10256
22320 864 10255 9926 9927 10257
22321 864 10256 9927 9928 10258
22322 864 10256 9927 9928 10259
22323 864 10257 9927 9928 10258
22324 864 10257 9927 9928 10259
22325 864 10258 9928 9929 10260
22326 864 10258 9928 9929 10261
22327 864 10259 9928 9929 10260
22328 864 10259 9928 9929 10261
22329 864 10260 9929 9930 10262
22330 864 10260 9929 9930 10263
22331 864 10261 9929 9930 10262
22332 864 10261 9929 9930 10263
22333 864 10279 9943 9944 10281
22334 864 10279 9943 9944 10282
22335 864 10280 9943 9944 10281
22336 864 10280 9943 9944 10282
22337 864 10281 9944 9945 10283
22338 864 10281 9944 9945 10284
22339 864 10282 9944 9945 10283
22340 864 10282 9944 9945 10284
22341 864 10283 9945 9946 10285
22342 864 10283 9945 9946 10286
22343 864 10284 9945 9946 10285
22344 864 10284 9945 9946 10286
22345 864 10291 9952 10033 10396
22346 864 10291 9952 10033 10397
22347 864 10292 9952 10033 10396
22348 864 10292 9952 10033 10397
22349 864 10307 9963 9964 10309
22350 864 10307 9963 9964 10310
22351 864 10308 9963 9964 10309
22352 864 10308 9963 9964 10310
22353 864 10309 9964 9965 10311
22354 864 10309 9964 9965 10312
22355 864 10310 9964 9965 10311
22356 864 10310 9964 9965 10312
22357 864 10335 9986 9987 10337
22358 864 10335 9986 9987 10338
22359 864 10336 9986 9987 10337
22360 864 10336 9986 9987 10338
22361 864 10337 9987 9988 10339
22362 864 10337 9987 9988 10340
22363 864 10338 9987 9988 10339
22364 864 10338 9987 9988 10340
22365 864 10359 10008 10009 10361
22366 864 10359 10008 10009 10362
22367 864 10360 10008 10009 10361
22368 864 10360 10008 10009 10362
22369 864 10361 10009 10010 10363
22370 864 10361 10009 10010 10364
22371 864 10362 10009 10010 10363
22372 864 10362 10009 10010 10364
22373 864 10367 10016 10017 10369
22374 864 10367 10016 10017 10370
22375 864 10368 10016 10017 10369
22376 864 10368 10016 10017 10370
22377 864 10369 10017 10018 10371
22378 864 10369 10017 10018 10372
22379 864 10370 10017 10018 10371
22380 864 10370 10017 10018 10372
22381 864 10371 10018 10019 10373
22382 864 10371 10018 10019 10374
22383 864 10372 10018 10019 10373
22384 864 10372 10018 10019 10374
22385 864 10373 10019 10020 10375
22386 864 10373 10019 10020 10376
22387 864 10374 10019 10020 10375
22388 864 10374 10019 10020 10376
22389 864 10375 10020 10021 10377
22390 864 10375 10020 10021 10378
22391 864 10376 10020 10021 10377
22392 864 10376 10020 10021 10378
22393 864 10377 10021 10022 10379
22394 864 10377 10021 10022 10380
22395 864 10378 10021 10022 10379
22396 864 10378 10021 10022 10380
22397 864 10379 10022 10023 10381
22398 864 10379 10022 10023 10382
22399 864 10380 10022 10023 10381
22400 864 10380 10022 10023 10382
22401 864 10381 10023 10024 10383
22402 864 10381 10023 10024 10384
22403 864 10382 10023 10024 10383
22404 864 10382 10023 10024 10384
22405 864 10383 10024 10025 10385
22406 864 10383 10024 10025 10386
22407 864 10384 10024 10025 10385
22408 864 10384 10024 10025 10386
22409 864 10686 10404 10405 10688
22410 864 10686 10404 10405 10689
22411 864 10687 10404 10405 10688
22412 864 10687 10404 10405 10689
22413 864 10688 10405 10406 10690
22414 864 10688 10405 10406 10691
22415 864 10689 10405 10406 10690
22416 864 10689 10405 10406 10691
22417 864 10690 10406 10407 10692
22418 864 10690 10406 10407 10693
22419 864 10691 10406 10407 10692
22420 864 10691 10406 10407 10693
22421 864 10698 10413 10493 10803
22422 864 10698 10413 10493 10804
22423 864 10699 10413 10493 10803
22424 864 10699 10413 10493 10804
22425 864 10714 10424 10425 10716
22426 864 10714 10424 10425 10717
22427 864 10715 10424 10425 10716
22428 864 10715 10424 10425 10717
22429 864 10716 10425 10426 10718
22430 864 10716 10425 10426 10719
22431 864 10717 10425 10426 10718
22432 864 10717 10425 10426 10719
22433 864 10739 10445 10446 10741
22434 864 10739 10445 10446 10742
22435 864 10740 10445 10446 10741
22436 864 10740 10445 10446 10742
22437 864 10741 10446 10447 10743
22438 864 10741 10446 10447 10744
22439 864 10742 10446 10447 10743
22440 864 10742 10446 10447 10744
22441 864 10766 10468 10469 10768
22442 864 10766 10468 10469 10769
22443 864 10767 10468 10469 10768
22444 864 10767 10468 10469 10769
22445 864 10768 10469 10470 10770
22446 864 10768 10469 10470 10771
22447 864 10769 10469 10470 10770
22448 864 10769 10469 10470 10771
22449 864 10774 10476 10477 10776
22450 864 10774 10476 10477 10777
22451 864 10775 10476 10477 10776
22452 864 10775 10476 10477 10777
22453 864 10776 10477 10478 10778
22454 864 10776 10477 10478 10779
22455 864 10777 10477 10478 10778
22456 864 10777 10477 10478 10779
22457 864 10778 10478 10479 10780
22458 864 10778 10478 10479 10781
22459 864 10779 10478 10479 10780
22460 864 10779 10478 10479 10781
22461 864 10780 10479 10480 10782
22462 864 10780 10479 10480 10783
22463 864 10781 10479 10480 10782
22464 864 10781 10479 10480 10783
22465 864 10782 10480 10481 10784
22466 864 10782 10480 10481 10785
22467 864 10783 10480 10481 10784
22468 864 10783 10480 10481 10785
22469 864 10784 10481 10482 10786
22470 864 10784 10481 10482 10787
22471 864 10785 10481 10482 10786
22472 864 10785 10481 10482 10787
22473 864 10786 10482 10483 10788
22474 864 10786 10482 10483 10789
22475 864 10787 10482 10483 10788
22476 864 10787 10482 10483 10789
22477 864 10788 10483 10484 10790
22478 864 10788 10483 10484 10791
22479 864 10789 10483 10484 10790
22480 864 10789 10483 10484 10791
22481 864 10790 10484 10485 10792
22482 864 10790 10484 10485 10793
22483 864 10791 10484 10485 10792
22484 864 10791 10484 10485 10793
22485 864 10809 10498 10499 10811
22486 864 10809 10498 10499 10812
22487 864 10810 10498 10499 10811
22488 864 10810 10498 10499 10812
22489 864 10811 10499 10500 10813
22490 864 10811 10499 10500 10814
22491 864 10812 10499 10500 10813
22492 864 10812 10499 10500 10814
22493 864 10813 10500 10501 10815
22494 864 10813 10500 10501 10816
22495 864 10814 10500 10501 10815
22496 864 10814 10500 10501 10816
22497 864 10821 10507 10588 10923
22498 864 10821 10507 10588 10924
22499 864 10822 10507 10588 10923
22500 864 10822 10507 10588 10924
22501 864 10837 10518 10519 10839
22502 864 10837 10518 10519 10840
22503 864 10838 10518 10519 10839
22504 864 10838 10518 10519 10840
22505 864 10839 10519 10520 10841
22506 864 10839 10519 10520 10842
22507 864 10840 10519 10520 10841
22508 864 10840 10519 10520 10842
22509 864 10862 10540 10541 10864
22510 864 10862 10540 10541 10865
22511 864 10863 10540 10541 10864
22512 864 10863 10540 10541 10865
22513 864 10864 10541 10542 10866
22514 864 10864 10541 10542 10867
22515 864 10865 10541 10542 10866
22516 864 10865 10541 10542 10867
22517 864 10886 10563 10564 10888
22518 864 10886 10563 10564 10889
22519 864 10887 10563 10564 10888
22520 864 10887 10563 10564 10889
22521 864 10888 10564 10565 10890
22522 864 10888 10564 10565 10891
22523 864 10889 10564 10565 10890
22524 864 10889 10564 10565 10891
22525 864 10894 10571 10572 10896
22526 864 10894 10571 10572 10897
22527 864 10895 10571 10572 10896
22528 864 10895 10571 10572 10897
22529 864 10896 10572 10573 10898
22530 864 10896 10572 10573 10899
22531 864 10897 10572 10573 10898
22532 864 10897 10572 10573 10899
22533 864 10898 10573 10574 10900
22534 864 10898 10573 10574 10901
22535 864 10899 10573 10574 10900
22536 864 10899 10573 10574 10901
22537 864 10900 10574 10575 10902
22538 864 10900 10574 10575 10903
22539 864 10901 10574 10575 10902
22540 864 10901 10574 10575 10903
22541 864 10902 10575 10576 10904
22542 864 10902 10575 10576 10905
22543 864 10903 10575 10576 10904
22544 864 10903 10575 10576 10905
22545 864 10904 10576 10577 10906
22546 864 10904 10576 10577 10907
22547 864 10905 10576 10577 10906
22548 864 10905 10576 10577 10907
22549 864 10906 10577 10578 10908
22550 864 10906 10577 10578 10909
22551 864 10907 10577 10578 10908
22552 864 10907 10577 10578 10909
22553 864 10908 10578 10579 10910
22554 864 10908 10578 10579 10911
22555 864 10909 10578 10579 10910
22556 864 10909 10578 10579 10911
22557 864 10910 10579 10580 10912
22558 864 10910 10579 10580 10913
22559 864 10911 10579 10580 10912
22560 864 10911 10579 10580 10913
22561 864 10929 10593 10594 10931
22562 864 10929 10593 10594 10932
22563 864 10930 10593 10594 10931
22564 864 10930 10593 10594 10932
22565 864 10931 10594 10595 10933
22566 864 10931 10594 10595 10934
22567 864 10932 10594 10595 10933
22568 864 10932 10594 10595 10934
22569 864 10933 10595 10596 10935
22570 864 10933 10595 10596 10936
22571 864 10934 10595 10596 10935
22572 864 10934 10595 10596 10936
22573 864 10941 10602 10683 11046
22574 864 10941 10602 10683 11047
22575 864 10942 10602 10683 11046
22576 864 10942 10602 10683 11047
22577 864 10957 10613 10614 10959
22578 864 10957 10613 10614 10960
22579 864 10958 10613 10614 10959
22580 864 10958 10613 10614 10960
22581 864 10959 10614 10615 10961
22582 864 10959 10614 10615 10962
22583 864 10960 10614 10615 10961
22584 864 10960 10614 10615 10962
22585 864 10985 10636 10637 10987
22586 864 10985 10636 10637 10988
22587 864 10986 10636 10637 10987
22588 864 10986 10636 10637 10988
22589 864 10987 10637 10638 10989
22590 864 10987 10637 10638 10990
22591 864 10988 10637 10638 10989
22592 864 10988 10637 10638 10990
22593 864 11009 10658 10659 11011
22594 864 11009 10658 10659 11012
22595 864 11010 10658 10659 11011
22596 864 11010 10658 10659 11012
22597 864 11011 10659 10660 11013
22598 864 11011 10659 10660 11014
22599 864 11012 10659 10660 11013
22600 864 11012 10659 10660 11014
22601 864 11017 10666 10667 11019
22602 864 11017 10666 10667 11020
22603 864 11018 10666 10667 11019
22604 864 11018 10666 10667 11020
22605 864 11019 10667 10668 11021
22606 864 11019 10667 10668 11022
22607 864 11020 10667 10668 11021
22608 864 11020 10667 10668 11022
22609 864 11021 10668 10669 11023
22610 864 11021 10668 10669 11024
22611 864 11022 10668 10669 11023
22612 864 11022 10668 10669 11024
22613 864 11023 10669 10670 11025
22614 864 11023 10669 10670 11026
22615 864 11024 10669 10670 11025
22616 864 11024 10669 10670 11026
22617 864 11025 10670 10671 11027
22618 864 11025 10670 10671 11028
22619 864 11026 10670 10671 11027
22620 864 11026 10670 10671 11028
22621 864 11027 10671 10672 11029
22622 864 11027 10671 10672 11030
22623 864 11028 10671 10672 11029
22624 864 11028 10671 10672 11030
22625 864 11029 10672 10673 11031
22626 864 11029 10672 10673 11032
22627 864 11030 10672 10673 11031
22628 864 11030 10672 10673 11032
22629 864 11031 10673 10674 11033
22630 864 11031 10673 10674 11034
22631 864 11032 10673 10674 11033
22632 864 11032 10673 10674 11034
22633 864 11033 10674 10675 11035
22634 864 11033 10674 10675 11036
22635 864 11034 10674 10675 11035
22636 864 11034 10674 10675 11036
22637 864 11336 11054 11055 11338
22638 864 11336 11054 11055 11339
22639 864 11337 11054 11055 11338
22640 864 11337 11054 11055 11339
22641 864 11338 11055 11056 11340
22642 864 11338 11055 11056 11341
22643 864 11339 11055 11056 11340
22644 864 11339 11055 11056 11341
22645 864 11340 11056 11057 11342
22646 864 11340 11056 11057 11343
22647 864 11341 11056 11057 11342
22648 864 11341 11056 11057 11343
22649 864 11348 11063 11143 11453
22650 864 11348 11063 11143 11454
22651 864 11349 11063 11143 11453
22652 864 11349 11063 11143 11454
22653 864 11364 11074 11075 11366
22654 864 11364 11074 11075 11367
22655 864 11365 11074 11075 11366
22656 864 11365 11074 11075 11367
22657 864 11366 11075 11076 11368
22658 864 11366 11075 11076 11369
22659 864 11367 11075 11076 11368
22660 864 11367 11075 11076 11369
22661 864 11389 11095 11096 11391
22662 864 11389 11095 11096 11392
22663 864 11390 11095 11096 11391
22664 864 11390 11095 11096 11392
22665 864 11391 11096 11097 11393
22666 864 11391 11096 11097 11394
22667 864 11392 11096 11097 11393
22668 864 11392 11096 11097 11394
22669 864 11416 11118 11119 11418
22670 864 11416 11118 11119 11419
22671 864 11417 11118 11119 11418
22672 864 11417 11118 11119 11419
22673 864 11418 11119 11120 11420
22674 864 11418 11119 11120 11421
22675 864 11419 11119 11120 11420
22676 864 11419 11119 11120 11421
22677 864 11424 11126 11127 11426
22678 864 11424 11126 11127 11427
22679 864 11425 11126 11127 11426
22680 864 11425 11126 11127 11427
22681 864 11426 11127 11128 11428
22682 864 11426 11127 11128 11429
22683 864 11427 11127 11128 11428
22684 864 11427 11127 11128 11429
22685 864 11428 11128 11129 11430
22686 864 11428 11128 11129 11431
22687 864 11429 11128 11129 11430
22688 864 11429 11128 11129 11431
22689 864 11430 11129 11130 11432
22690 864 11430 11129 11130 11433
22691 864 11431 11129 11130 11432
22692 864 11431 11129 11130 11433
22693 864 11432 11130 11131 11434
22694 864 11432 11130 11131 11435
22695 864 11433 11130 11131 11434
22696 864 11433 11130 11131 11435
22697 864 11434 11131 11132 11436
22698 864 11434 11131 11132 11437
22699 864 11435 11131 11132 11436
22700 864 11435 11131 11132 11437
22701 864 11436 11132 11133 11438
22702 864 11436 11132 11133 11439
22703 864 11437 11132 11133 11438
22704 864 11437 11132 11133 11439
22705 864 11438 11133 11134 11440
22706 864 11438 11133 11134 11441
22707 864 11439 11133 11134 11440
22708 864 11439 11133 11134 11441
22709 864 11440 11134 11135 11442
22710 864 11440 11134 11135 11443
22711 864 11441 11134 11135 11442
22712 864 11441 11134 11135 11443
22713 864 11459 11148 11149 11461
22714 864 11459 11148 11149 11462
22715 864 11460 11148 11149 11461
22716 864 11460 11148 11149 11462
22717 864 11461 11149 11150 11463
22718 864 11461 11149 11150 11464
22719 864 11462 11149 11150 11463
22720 864 11462 11149 11150 11464
22721 864 11463 11150 11151 11465
22722 864 11463 11150 11151 11466
22723 864 11464 11150 11151 11465
22724 864 11464 11150 11151 11466
22725 864 11471 11157 11238 11573
22726 864 11471 11157 11238 11574
22727 864 11472 11157 11238 11573
22728 864 11472 11157 11238 11574
22729 864 11487 11168 11169 11489
22730 864 11487 11168 11169 11490
22731 864 11488 11168 11169 11489
22732 864 11488 11168 11169 11490
22733 864 11489 11169 11170 11491
22734 864 11489 11169 11170 11492
22735 864 11490 11169 11170 11491
22736 864 11490 11169 11170 11492
22737 864 11512 11190 11191 11514
22738 864 11512 11190 11191 11515
22739 864 11513 11190 11191 11514
22740 864 11513 11190 11191 11515
22741 864 11514 11191 11192 11516
22742 864 11514 11191 11192 11517
22743 864 11515 11191 11192 11516
22744 864 11515 11191 11192 11517
22745 864 11536 11213 11214 11538
22746 864 11536 11213 11214 11539
22747 864 11537 11213 11214 11538
22748 864 11537 11213 11214 11539
22749 864 11538 11214 11215 11540
22750 864 11538 11214 11215 11541
22751 864 11539 11214 11215 11540
22752 864 11539 11214 11215 11541
22753 864 11544 11221 11222 11546
22754 864 11544 11221 11222 11547
22755 864 11545 11221 11222 11546
22756 864 11545 11221 11222 11547
22757 864 11546 11222 11223 11548
22758 864 11546 11222 11223 11549
22759 864 11547 11222 11223 11548
22760 864 11547 11222 11223 11549
22761 864 11548 11223 11224 11550
22762 864 11548 11223 11224 11551
22763 864 11549 11223 11224 11550
22764 864 11549 11223 11224 11551
22765 864 11550 11224 11225 11552
22766 864 11550 11224 11225 11553
22767 864 11551 11224 11225 11552
22768 864 11551 11224 11225 11553
22769 864 11552 11225 11226 11554
22770 864 11552 11225 11226 11555
22771 864 11553 11225 11226 11554
22772 864 11553 11225 11226 11555
22773 864 11554 11226 11227 11556
22774 864 11554 11226 11227 11557
22775 864 11555 11226 11227 11556
22776 864 11555 11226 11227 11557
22777 864 11556 11227 11228 11558
22778 864 11556 11227 11228 11559
22779 864 11557 11227 11228 11558
22780 864 11557 11227 11228 11559
22781 864 11558 11228 11229 11560
22782 864 11558 11228 11229 11561
22783 864 11559 11228 11229 11560
22784 864 11559 11228 11229 11561
22785 864 11560 11229 11230 11562
22786 864 11560 11229 11230 11563
22787 864 11561 11229 11230 11562
22788 864 11561 11229 11230 11563
22789 864 11579 11243 11244 11581
22790 864 11579 11243 11244 11582
22791 864 11580 11243 11244 11581
22792 864 11580 11243 11244 11582
22793 864 11581 11244 11245 11583
22794 864 11581 11244 11245 11584
22795 864 11582 11244 11245 11583
22796 864 11582 11244 11245 11584
22797 864 11583 11245 11246 11585
22798 864 11583 11245 11246 11586
22799 864 11584 11245 11246 11585
22800 864 11584 11245 11246 11586
22801 864 11591 11252 11333 11696
22802 864 11591 11252 11333 11697
22803 864 11592 11252 11333 11696
22804 864 11592 11252 11333 11697
22805 864 11607 11263 11264 11609
22806 864 11607 11263 11264 11610
22807 864 11608 11263 11264 11609
22808 864 11608 11263 11264 11610
22809 864 11609 11264 11265 11611
22810 864 11609 11264 11265 11612
22811 864 11610 11264 11265 11611
22812 864 11610 11264 11265 11612
22813 864 11635 11286 11287 11637
22814 864 11635 11286 11287 11638
22815 864 11636 11286 11287 11637
22816 864 11636 11286 11287 11638
22817 864 11637 11287 11288 11639
22818 864 11637 11287 11288 11640
22819 864 11638 11287 11288 11639
22820 864 11638 11287 11288 11640
22821 864 11659 11308 11309 11661
22822 864 11659 11308 11309 11662
22823 864 11660 11308 11309 11661
22824 864 11660 11308 11309 11662
22825 864 11661 11309 11310 11663
22826 864 11661 11309 11310 11664
22827 864 11662 11309 11310 11663
22828 864 11662 11309 11310 11664
22829 864 11667 11316 11317 11669
22830 864 11667 11316 11317 11670
22831 864 11668 11316 11317 11669
22832 864 11668 11316 11317 11670
22833 864 11669 11317 11318 11671
22834 864 11669 11317 11318 11672
22835 864 11670 11317 11318 11671
22836 864 11670 11317 11318 11672
22837 864 11671 11318 11319 11673
22838 864 11671 11318 11319 11674
22839 864 11672 11318 11319 11673
22840 864 11672 11318 11319 11674
22841 864 11673 11319 11320 11675
22842 864 11673 11319 11320 11676
22843 864 11674 11319 11320 11675
22844 864 11674 11319 11320 11676
22845 864 11675 11320 11321 11677
22846 864 11675 11320 11321 11678
22847 864 11676 11320 11321 11677
22848 864 11676 11320 11321 11678
22849 864 11677 11321 11322 11679
22850 864 11677 11321 11322 11680
22851 864 11678 11321 11322 11679
22852 864 11678 11321 11322 11680
22853 864 11679 11322 11323 11681
22854 864 11679 11322 11323 11682
22855 864 11680 11322 11323 11681
22856 864 11680 11322 11323 11682
22857 864 11681 11323 11324 11683
22858 864 11681 11323 11324 11684
22859 864 11682 11323 11324 11683
22860 864 11682 11323 11324 11684
22861 864 11683 11324 11325 11685
22862 864 11683 11324 11325 11686
22863 864 11684 11324 11325 11685
22864 864 11684 11324 11325 11686
22865 864 11986 11704 11705 11988
22866 864 11986 11704 11705 11989
22867 864 11987 11704 11705 11988
22868 864 11987 11704 11705 11989
22869 864 11988 11705 11706 11990
22870 864 11988 11705 11706 11991
22871 864 11989 11705 11706 11990
22872 864 11989 11705 11706 11991
22873 864 11990 11706 11707 11992
22874 864 11990 11706 11707 11993
22875 864 11991 11706 11707 11992
22876 864 11991 11706 11707 11993
22877 864 11998 11713 11793 12103
22878 864 11998 11713 11793 12104
22879 864 11999 11713 11793 12103
22880 864 11999 11713 11793 12104
22881 864 12014 11724 11725 12016
22882 864 12014 11724 11725 12017
22883 864 12015 11724 11725 12016
22884 864 12015 11724 11725 12017
22885 864 12016 11725 11726 12018
22886 864 12016 11725 11726 12019
22887 864 12017 11725 11726 12018
22888 864 12017 11725 11726 12019
22889 864 12039 11745 11746 12041
22890 864 12039 11745 11746 12042
22891 864 12040 11745 11746 12041
22892 864 12040 11745 11746 12042
22893 864 12041 11746 11747 12043
22894 864 12041 11746 11747 12044
22895 864 12042 11746 11747 12043
22896 864 12042 11746 11747 12044
22897 864 12066 11768 11769 12068
22898 864 12066 11768 11769 12069
22899 864 12067 11768 11769 12068
22900 864 12067 11768 11769 12069
22901 864 12068 11769 11770 12070
22902 864 12068 11769 11770 12071
22903 864 12069 11769 11770 12070
22904 864 12069 11769 11770 12071
22905 864 12074 11776 11777 12076
22906 864 12074 11776 11777 12077
22907 864 12075 11776 11777 12076
22908 864 12075 11776 11777 12077
22909 864 12076 11777 11778 12078
22910 864 12076 11777 11778 12079
22911 864 12077 11777 11778 12078
22912 864 12077 11777 11778 12079
22913 864 12078 11778 11779 12080
22914 864 12078 11778 11779 12081
22915 864 12079 11778 11779 12080
22916 864 12079 11778 11779 12081
22917 864 12080 11779 11780 12082
22918 864 12080 11779 11780 12083
22919 864 12081 11779 11780 12082
22920 864 12081 11779 11780 12083
22921 864 12082 11780 11781 12084
22922 864 12082 11780 11781 12085
22923 864 12083 11780 11781 12084
22924 864 12083 11780 11781 12085
22925 864 12084 11781 11782 12086
22926 864 12084 11781 11782 12087
22927 864 12085 11781 11782 12086
22928 864 12085 11781 11782 12087
22929 864 12086 11782 11783 12088
22930 864 12086 11782 11783 12089
22931 864 12087 11782 11783 12088
22932 864 12087 11782 11783 12089
22933 864 12088 11783 11784 12090
22934 864 12088 11783 11784 12091
22935 864 12089 11783 11784 12090
22936 864 12089 11783 11784 12091
22937 864 12090 11784 11785 12092
22938 864 12090 11784 11785 12093
22939 864 12091 11784 11785 12092
22940 864 12091 11784 11785 12093
22941 864 12109 11798 11799 12111
22942 864 12109 11798 11799 12112
22943 864 12110 11798 11799 12111
22944 864 12110 11798 11799 12112
22945 864 12111 11799 11800 12113
22946 864 12111 11799 11800 12114
22947 864 12112 11799 11800 12113
22948 864 12112 11799 11800 12114
22949 864 12113 11800 11801 12115
22950 864 12113 11800 11801 12116
22951 864 12114 11800 11801 12115
22952 864 12114 11800 11801 12116
22953 864 12121 11807 11888 12223
22954 864 12121 11807 11888 12224
22955 864 12122 11807 11888 12223
22956 864 12122 11807 11888 12224
22957 864 12137 11818 11819 12139
22958 864 12137 11818 11819 12140
22959 864 12138 11818 11819 12139
22960 864 12138 11818 11819 12140
22961 864 12139 11819 11820 12141
22962 864 12139 11819 11820 12142
22963 864 12140 11819 11820 12141
22964 864 12140 11819 11820 12142
22965 864 12162 11840 11841 12164
22966 864 12162 11840 11841 12165
22967 864 12163 11840 11841 12164
22968 864 12163 11840 11841 12165
22969 864 12164 11841 11842 12166
22970 864 12164 11841 11842 12167
22971 864 12165 11841 11842 12166
22972 864 12165 11841 11842 12167
22973 864 12186 11863 11864 12188
22974 864 12186 11863 11864 12189
22975 864 12187 11863 11864 12188
22976 864 12187 11863 11864 12189
22977 864 12188 11864 11865 12190
22978 864 12188 11864 11865 12191
22979 864 12189 11864 11865 12190
22980 864 12189 11864 11865 12191
22981 864 12194 11871 11872 12196
22982 864 12194 11871 11872 12197
22983 864 12195 11871 11872 12196
22984 864 12195 11871 11872 12197
22985 864 12196 11872 11873 12198
22986 864 12196 11872 11873 12199
22987 864 12197 11872 11873 12198
22988 864 12197 11872 11873 12199
22989 864 12198 11873 11874 12200
22990 864 12198 11873 11874 12201
22991 864 12199 11873 11874 12200
22992 864 12199 11873 11874 12201
22993 864 12200 11874 11875 12202
22994 864 12200 11874 11875 12203
22995 864 12201 11874 11875 12202
22996 864 12201 11874 11875 12203
22997 864 12202 11875 11876 12204
22998 864 12202 11875 11876 12205
22999 864 12203 11875 11876 12204
23000 864 12203 11875 11876 12205
23001 864 12204 11876 11877 12206
23002 864 12204 11876 11877 12207
23003 864 12205 11876 11877 12206
23004 864 12205 11876 11877 12207
23005 864 12206 11877 11878 12208
23006 864 12206 11877 11878 12209
23007 864 12207 11877 11878 12208
23008 864 12207 11877 11878 12209
23009 864 12208 11878 11879 12210
23010 864 12208 11878 11879 12211
23011 864 12209 11878 11879 12210
23012 864 12209 11878 11879 12211
23013 864 12210 11879 11880 12212
23014 864 12210 11879 11880 12213
23015 864 12211 11879 11880 12212
23016 864 12211 11879 11880 12213
23017 864 12229 11893 11894 12231
23018 864 12229 11893 11894 12232
23019 864 12230 11893 11894 12231
23020 864 12230 11893 11894 12232
23021 864 12231 11894 11895 12233
23022 864 12231 11894 11895 12234
23023 864 12232 11894 11895 12233
23024 864 12232 11894 11895 12234
23025 864 12233 11895 11896 12235
23026 864 12233 11895 11896 12236
23027 864 12234 11895 11896 12235
23028 864 12234 11895 11896 12236
23029 864 12241 11902 11983 12346
23030 864 12241 11902 11983 12347
23031 864 12242 11902 11983 12346
23032 864 12242 11902 11983 12347
23033 864 12257 11913 11914 12259
23034 864 12257 11913 11914 12260
23035 864 12258 11913 11914 12259
23036 864 12258 11913 11914 12260
23037 864 12259 11914 11915 12261
23038 864 12259 11914 11915 12262
23039 864 12260 11914 11915 12261
23040 864 12260 11914 11915 12262
23041 864 12285 11936 11937 12287
23042 864 12285 11936 11937 12288
23043 864 12286 11936 11937 12287
23044 864 12286 11936 11937 12288
23045 864 12287 11937 11938 12289
23046 864 12287 11937 11938 12290
23047 864 12288 11937 11938 12289
23048 864 12288 11937 11938 12290
23049 864 12309 11958 11959 12311
23050 864 12309 11958 11959 12312
23051 864 12310 11958 11959 12311
23052 864 12310 11958 11959 12312
23053 864 12311 11959 11960 12313
23054 864 12311 11959 11960 12314
23055 864 12312 11959 11960 12313
23056 864 12312 11959 11960 12314
23057 864 12317 11966 11967 12319
23058 864 12317 11966 11967 12320
23059 864 12318 11966 11967 12319
23060 864 12318 11966 11967 12320
23061 864 12319 11967 11968 12321
23062 864 12319 11967 11968 12322
23063 864 12320 11967 11968 12321
23064 864 12320 11967 11968 12322
23065 864 12321 11968 11969 12323
23066 864 12321 11968 11969 12324
23067 864 12322 11968 11969 12323
23068 864 12322 11968 11969 12324
23069 864 12323 11969 11970 12325
23070 864 12323 11969 11970 12326
23071 864 12324 11969 11970 12325
23072 864 12324 11969 11970 12326
23073 864 12325 11970 11971 12327
23074 864 12325 11970 11971 12328
23075 864 12326 11970 11971 12327
23076 864 12326 11970 11971 12328
23077 864 12327 11971 11972 12329
23078 864 12327 11971 11972 12330
23079 864 12328 11971 11972 12329
23080 864 12328 11971 11972 12330
23081 864 12329 11972 11973 12331
23082 864 12329 11972 11973 12332
23083 864 12330 11972 11973 12331
23084 864 12330 11972 11973 12332
23085 864 12331 11973 11974 12333
23086 864 12331 11973 11974 12334
23087 864 12332 11973 11974 12333
23088 864 12332 11973 11974 12334
23089 864 12333 11974 11975 12335
23090 864 12333 11974 11975 12336
23091 864 12334 11974 11975 12335
23092 864 12334 11974 11975 12336
23093 864 12636 12354 12355 12638
23094 864 12636 12354 12355 12639
23095 864 12637 12354 12355 12638
23096 864 12637 12354 12355 12639
23097 864 12638 12355 12356 12640
23098 864 12638 12355 12356 12641
23099 864 12639 12355 12356 12640
23100 864 12639 12355 12356 12641
23101 864 12640 12356 12357 12642
23102 864 12640 12356 12357 12643
23103 864 12641 12356 12357 12642
23104 864 12641 12356 12357 12643
23105 864 12648 12363 12443 12753
23106 864 12648 12363 12443 12754
23107 864 12649 12363 12443 12753
23108 864 12649 12363 12443 12754
23109 864 12664 12374 12375 12666
23110 864 12664 12374 12375 12667
23111 864 12665 12374 12375 12666
23112 864 12665 12374 12375 12667
23113 864 12666 12375 12376 12668
23114 864 12666 12375 12376 12669
23115 864 12667 12375 12376 12668
23116 864 12667 12375 12376 12669
23117 864 12689 12395 12396 12691
23118 864 12689 12395 12396 12692
23119 864 12690 12395 12396 12691
23120 864 12690 12395 12396 12692
23121 864 12691 12396 12397 12693
23122 864 12691 12396 12397 12694
23123 864 12692 12396 12397 12693
23124 864 12692 12396 12397 12694
23125 864 12716 12418 12419 12718
23126 864 12716 12418 12419 12719
23127 864 12717 12418 12419 12718
23128 864 12717 12418 12419 12719
23129 864 12718 12419 12420 12720
23130 864 12718 12419 12420 12721
23131 864 12719 12419 12420 12720
23132 864 12719 12419 12420 12721
23133 864 12724 12426 12427 12726
23134 864 12724 12426 12427 12727
23135 864 12725 12426 12427 12726
23136 864 12725 12426 12427 12727
23137 864 12726 12427 12428 12728
23138 864 12726 12427 12428 12729
23139 864 12727 12427 12428 12728
23140 864 12727 12427 12428 12729
23141 864 12728 12428 12429 12730
23142 864 12728 12428 12429 12731
23143 864 12729 12428 12429 12730
23144 864 12729 12428 12429 12731
23145 864 12730 12429 12430 12732
23146 864 12730 12429 12430 12733
23147 864 12731 12429 12430 12732
23148 864 12731 12429 12430 12733
23149 864 12732 12430 12431 12734
23150 864 12732 12430 12431 12735
23151 864 12733 12430 12431 12734
23152 864 12733 12430 12431 12735
23153 864 12734 12431 12432 12736
23154 864 12734 12431 12432 12737
23155 864 12735 12431 12432 12736
23156 864 12735 12431 12432 12737
23157 864 12736 12432 12433 12738
23158 864 12736 12432 12433 12739
23159 864 12737 12432 12433 12738
23160 864 12737 12432 12433 12739
23161 864 12738 12433 12434 12740
23162 864 12738 12433 12434 12741
23163 864 12739 12433 12434 12740
23164 864 12739 12433 12434 12741
23165 864 12740 12434 12435 12742
23166 864 12740 12434 12435 12743
23167 864 12741 12434 12435 12742
23168 864 12741 12434 12435 12743
23169 864 12759 12448 12449 12761
23170 864 12759 12448 12449 12762
23171 864 12760 12448 12449 12761
23172 864 12760 12448 12449 12762
23173 864 12761 12449 12450 12763
23174 864 12761 12449 12450 12764
23175 864 12762 12449 12450 12763
23176 864 12762 12449 12450 12764
23177 864 12763 12450 12451 12765
23178 864 12763 12450 12451 12766
23179 864 12764 12450 12451 12765
23180 864 12764 12450 12451 12766
23181 864 12771 12457 12538 12873
23182 864 12771 12457 12538 12874
23183 864 12772 12457 12538 12873
23184 864 12772 12457 12538 12874
23185 864 12787 12468 12469 12789
23186 864 12787 12468 12469 12790
23187 864 12788 12468 12469 12789
23188 864 12788 12468 12469 12790
23189 864 12789 12469 12470 12791
23190 864 12789 12469 12470 12792
23191 864 12790 12469 12470 12791
23192 864 12790 12469 12470 12792
23193 864 12812 12490 12491 12814
23194 864 12812 12490 12491 12815
23195 864 12813 12490 12491 12814
23196 864 12813 12490 12491 12815
23197 864 12814 12491 12492 12816
23198 864 12814 12491 12492 12817
23199 864 12815 12491 12492 12816
23200 864 12815 12491 12492 12817
23201 864 12836 12513 12514 12838
23202 864 12836 12513 12514 12839
23203 864 12837 12513 12514 12838
23204 864 12837 12513 12514 12839
23205 864 12838 12514 12515 12840
23206 864 12838 12514 12515 12841
23207 864 12839 12514 12515 12840
23208 864 12839 12514 12515 12841
23209 864 12844 12521 12522 12846
23210 864 12844 12521 12522 12847
23211 864 12845 12521 12522 12846
23212 864 12845 12521 12522 12847
23213 864 12846 12522 12523 12848
23214 864 12846 12522 12523 12849
23215 864 12847 12522 12523 12848
23216 864 12847 12522 12523 12849
23217 864 12848 12523 12524 12850
23218 864 12848 12523 12524 12851
23219 864 12849 12523 12524 12850
23220 864 12849 12523 12524 12851
23221 864 12850 12524 12525 12852
23222 864 12850 12524 12525 12853
23223 864 12851 12524 12525 12852
23224 864 12851 12524 12525 12853
23225 864 12852 12525 12526 12854
23226 864 12852 12525 12526 12855
23227 864 12853 12525 12526 12854
23228 864 12853 12525 12526 12855
23229 864 12854 12526 12527 12856
23230 864 12854 12526 12527 12857
23231 864 12855 12526 12527 12856
23232 864 12855 12526 12527 12857
23233 864 12856 12527 12528 12858
23234 864 12856 12527 12528 12859
23235 864 12857 12527 12528 12858
23236 864 12857 12527 12528 12859
23237 864 12858 12528 12529 12860
23238 864 12858 12528 12529 12861
23239 864 12859 12528 12529 12860
23240 864 12859 12528 12529 12861
23241 864 12860 12529 12530 12862
23242 864 12860 12529 12530 12863
23243 864 12861 12529 12530 12862
23244 864 12861 12529 12530 12863
23245 864 12879 12543 12544 12881
23246 864 12879 12543 12544 12882
23247 864 12880 12543 12544 12881
23248 864 12880 12543 12544 12882
23249 864 12881 12544 12545 12883
23250 864 12881 12544 12545 12884
23251 864 12882 12544 12545 12883
23252 864 12882 12544 12545 12884
23253 864 12883 12545 12546 12885
23254 864 12883 12545 12546 12886
23255 864 12884 12545 12546 12885
23256 864 12884 12545 12546 12886
23257 864 12891 12552 12633 12996
23258 864 12891 12552 12633 12997
23259 864 12892 12552 12633 12996
23260 864 12892 12552 12633 12997
23261 864 12907 12563 12564 12909
23262 864 12907 12563 12564 12910
23263 864 12908 12563 12564 12909
23264 864 12908 12563 12564 12910
23265 864 12909 12564 12565 12911
23266 864 12909 12564 12565 12912
23267 864 12910 12564 12565 12911
23268 864 12910 12564 12565 12912
23269 864 12935 12586 12587 12937
23270 864 12935 12586 12587 12938
23271 864 12936 12586 12587 12937
23272 864 12936 12586 12587 12938
23273 864 12937 12587 12588 12939
23274 864 12937 12587 12588 12940
23275 864 12938 12587 12588 12939
23276 864 12938 12587 12588 12940
23277 864 12959 12608 12609 12961
23278 864 12959 12608 12609 12962
23279 864 12960 12608 12609 12961
23280 864 12960 12608 12609 12962
23281 864 12961 12609 12610 12963
23282 864 12961 12609 12610 12964
23283 864 12962 12609 12610 12963
23284 864 12962 12609 12610 12964
23285 864 12967 12616 12617 12969
23286 864 12967 12616 12617 12970
23287 864 12968 12616 12617 12969
23288 864 12968 12616 12617 12970
23289 864 12969 12617 12618 12971
23290 864 12969 12617 12618 12972
23291 864 12970 12617 12618 12971
23292 864 12970 12617 12618 12972
23293 864 12971 12618 12619 12973
23294 864 12971 12618 12619 12974
23295 864 12972 12618 12619 12973
23296 864 12972 12618 12619 12974
23297 864 12973 12619 12620 12975
23298 864 12973 12619 12620 12976
23299 864 12974 12619 12620 12975
23300 864 12974 12619 12620 12976
23301 864 12975 12620 12621 12977
23302 864 12975 12620 12621 12978
23303 864 12976 12620 12621 12977
23304 864 12976 12620 12621 12978
23305 864 12977 12621 12622 12979
23306 864 12977 12621 12622 12980
23307 864 12978 12621 12622 12979
23308 864 12978 12621 12622 12980
23309 864 12979 12622 12623 12981
23310 864 12979 12622 12623 12982
23311 864 12980 12622 12623 12981
23312 864 12980 12622 12623 12982
23313 864 12981 12623 12624 12983
23314 864 12981 12623 12624 12984
23315 864 12982 12623 12624 12983
23316 864 12982 12623 12624 12984
23317 864 12983 12624 12625 12985
23318 864 12983 12624 12625 12986
23319 864 12984 12624 12625 12985
23320 864 12984 12624 12625 12986
23321 864 292 7 31 322
23322 864 293 7 31 322
23323 864 296 10 31 322
23324 864 297 10 31 322
23325 864 309 20 21 310
23326 864 309 20 21 311
23327 864 309 20 24 314
23328 864 309 20 24 315
23329 864 334 41 42 335
23330 864 334 41 42 336
23331 864 334 41 45 339
23332 864 334 41 45 340
23333 864 361 64 65 362
23334 864 361 64 65 363
23335 864 361 64 68 366
23336 864 361 64 68 367
23337 864 415 101 126 445
23338 864 416 101 126 445
23339 864 419 104 126 445
23340 864 420 104 126 445
23341 864 432 114 115 433
23342 864 432 114 115 434
23343 864 432 114 118 437
23344 864 432 114 118 438
23345 864 457 136 137 458
23346 864 457 136 137 459
23347 864 457 136 140 462
23348 864 457 136 140 463
23349 864 481 159 160 482
23350 864 481 159 160 483
23351 864 481 159 163 486
23352 864 481 159 163 487
23353 864 552 209 210 553
23354 864 552 209 210 554
23355 864 552 209 213 557
23356 864 552 209 213 558
23357 864 580 232 233 581
23358 864 580 232 233 582
23359 864 580 232 236 585
23360 864 580 232 236 586
23361 864 604 254 255 605
23362 864 604 254 255 606
23363 864 604 254 258 609
23364 864 604 254 258 610
23365 864 942 657 681 972
23366 864 943 657 681 972
23367 864 946 660 681 972
23368 864 947 660 681 972
23369 864 959 670 671 960
23370 864 959 670 671 961
23371 864 959 670 674 964
23372 864 959 670 674 965
23373 864 984 691 692 985
23374 864 984 691 692 986
23375 864 984 691 695 989
23376 864 984 691 695 990
23377 864 1011 714 715 1012
23378 864 1011 714 715 1013
23379 864 1011 714 718 1016
23380 864 1011 714 718 1017
23381 864 1065 751 776 1095
23382 864 1066 751 776 1095
23383 864 1069 754 776 1095
23384 864 1070 754 776 1095
23385 864 1082 764 765 1083
23386 864 1082 764 765 1084
23387 864 1082 764 768 1087
23388 864 1082 764 768 1088
23389 864 1107 786 787 1108
23390 864 1107 786 787 1109
23391 864 1107 786 790 1112
23392 864 1107 786 790 1113
23393 864 1131 809 810 1132
23394 864 1131 809 810 1133
23395 864 1131 809 813 1136
23396 864 1131 809 813 1137
23397 864 1202 859 860 1203
23398 864 1202 859 860 1204
23399 864 1202 859 863 1207
23400 864 1202 859 863 1208
23401 864 1230 882 883 1231
23402 864 1230 882 883 1232
23403 864 1230 882 886 1235
23404 864 1230 882 886 1236
23405 864 1254 904 905 1255
23406 864 1254 904 905 1256
23407 864 1254 904 908 1259
23408 864 1254 904 908 1260
23409 864 1592 1307 1331 1622
23410 864 1593 1307 1331 1622
23411 864 1596 1310 1331 1622
23412 864 1597 1310 1331 1622
23413 864 1609 1320 1321 1610
23414 864 1609 1320 1321 1611
23415 864 1609 1320 1324 1614
23416 864 1609 1320 1324 1615
23417 864 1634 1341 1342 1635
23418 864 1634 1341 1342 1636
23419 864 1634 1341 1345 1639
23420 864 1634 1341 1345 1640
23421 864 1661 1364 1365 1662
23422 864 1661 1364 1365 1663
23423 864 1661 1364 1368 1666
23424 864 1661 1364 1368 1667
23425 864 1715 1401 1426 1745
23426 864 1716 1401 1426 1745
23427 864 1719 1404 1426 1745
23428 864 1720 1404 1426 1745
23429 864 1732 1414 1415 1733
23430 864 1732 1414 1415 1734
23431 864 1732 1414 1418 1737
23432 864 1732 1414 1418 1738
23433 864 1757 1436 1437 1758
23434 864 1757 1436 1437 1759
23435 864 1757 1436 1440 1762
23436 864 1757 1436 1440 1763
23437 864 1781 1459 1460 1782
23438 864 1781 1459 1460 1783
23439 864 1781 1459 1463 1786
23440 864 1781 1459 1463 1787
23441 864 1852 1509 1510 1853
23442 864 1852 1509 1510 1854
23443 864 1852 1509 1513 1857
23444 864 1852 1509 1513 1858
23445 864 1880 1532 1533 1881
23446 864 1880 1532 1533 1882
23447 864 1880 1532 1536 1885
23448 864 1880 1532 1536 1886
23449 864 1904 1554 1555 1905
23450 864 1904 1554 1555 1906
23451 864 1904 1554 1558 1909
23452 864 1904 1554 1558 1910
23453 864 2242 1957 1981 2272
23454 864 2243 1957 1981 2272
23455 864 2246 1960 1981 2272
23456 864 2247 1960 1981 2272
23457 864 2259 1970 1971 2260
23458 864 2259 1970 1971 2261
23459 864 2259 1970 1974 2264
23460 864 2259 1970 1974 2265
23461 864 2284 1991 1992 2285
23462 864 2284 1991 1992 2286
23463 864 2284 1991 1995 2289
23464 864 2284 1991 1995 2290
23465 864 2311 2014 2015 2312
23466 864 2311 2014 2015 2313
23467 864 2311 2014 2018 2316
23468 864 2311 2014 2018 2317
23469 864 2365 2051 2076 2395
23470 864 2366 2051 2076 2395
23471 864 2369 2054 2076 2395
23472 864 2370 2054 2076 2395
23473 864 2382 2064 2065 2383
23474 864 2382 2064 2065 2384
23475 864 2382 2064 2068 2387
23476 864 2382 2064 2068 2388
23477 864 2407 2086 2087 2408
23478 864 2407 2086 2087 2409
23479 864 2407 2086 2090 2412
23480 864 2407 2086 2090 2413
23481 864 2431 2109 2110 2432
23482 864 2431 2109 2110 2433
23483 864 2431 2109 2113 2436
23484 864 2431 2109 2113 2437
23485 864 2502 2159 2160 2503
23486 864 2502 2159 2160 2504
23487 864 2502 2159 2163 2507
23488 864 2502 2159 2163 2508
23489 864 2530 2182 2183 2531
23490 864 2530 2182 2183 2532
23491 864 2530 2182 2186 2535
23492 864 2530 2182 2186 2536
23493 864 2554 2204 2205 2555
23494 864 2554 2204 2205 2556
23495 864 2554 2204 2208 2559
23496 864 2554 2204 2208 2560
23497 864 2892 2607 2631 2922
23498 864 2893 2607 2631 2922
23499 864 2896 2610 2631 2922
23500 864 2897 2610 2631 2922
23501 864 2909 2620 2621 2910
23502 864 2909 2620 2621 2911
23503 864 2909 2620 2624 2914
23504 864 2909 2620 2624 2915
23505 864 2934 2641 2642 2935
23506 864 2934 2641 2642 2936
23507 864 2934 2641 2645 2939
23508 864 2934 2641 2645 2940
23509 864 2961 2664 2665 2962
23510 864 2961 2664 2665 2963
23511 864 2961 2664 2668 2966
23512 864 2961 2664 2668 2967
23513 864 3015 2701 2726 3045
23514 864 3016 2701 2726 3045
23515 864 3019 2704 2726 3045
23516 864 3020 2704 2726 3045
23517 864 3032 2714 2715 3033
23518 864 3032 2714 2715 3034
23519 864 3032 2714 2718 3037
23520 864 3032 2714 2718 3038
23521 864 3057 2736 2737 3058
23522 864 3057 2736 2737 3059
23523 864 3057 2736 2740 3062
23524 864 3057 2736 2740 3063
23525 864 3081 2759 2760 3082
23526 864 3081 2759 2760 3083
23527 864 3081 2759 2763 3086
23528 864 3081 2759 2763 3087
23529 864 3152 2809 2810 3153
23530 864 3152 2809 2810 3154
23531 864 3152 2809 2813 3157
23532 864 3152 2809 2813 3158
23533 864 3180 2832 2833 3181
23534 864 3180 2832 2833 3182
23535 864 3180 2832 2836 3185
23536 864 3180 2832 2836 3186
23537 864 3204 2854 2855 3205
23538 864 3204 2854 2855 3206
23539 864 3204 2854 2858 3209
23540 864 3204 2854 2858 3210
23541 864 3542 3257 3281 3572
23542 864 3543 3257 3281 3572
23543 864 3546 3260 3281 3572
23544 864 3547 3260 3281 3572
23545 864 3559 3270 3271 3560
23546 864 3559 3270 3271 3561
23547 864 3559 3270 3274 3564
23548 864 3559 3270 3274 3565
23549 864 3584 3291 3292 3585
23550 864 3584 3291 3292 3586
23551 864 3584 3291 3295 3589
23552 864 3584 3291 3295 3590
23553 864 3611 3314 3315 3612
23554 864 3611 3314 3315 3613
23555 864 3611 3314 3318 3616
23556 864 3611 3314 3318 3617
23557 864 3665 3351 3376 3695
23558 864 3666 3351 3376 3695
23559 864 3669 3354 3376 3695
23560 864 3670 3354 3376 3695
23561 864 3682 3364 3365 3683
23562 864 3682 3364 3365 3684
23563 864 3682 3364 3368 3687
23564 864 3682 3364 3368 3688
23565 864 3707 3386 3387 3708
23566 864 3707 3386 3387 3709
23567 864 3707 3386 3390 3712
23568 864 3707 3386 3390 3713
23569 864 3731 3409 3410 3732
23570 864 3731 3409 3410 3733
23571 864 3731 3409 3413 3736
23572 864 3731 3409 3413 3737
23573 864 3802 3459 3460 3803
23574 864 3802 3459 3460 3804
23575 864 3802 3459 3463 3807
23576 864 3802 3459 3463 3808
23577 864 3830 3482 3483 3831
23578 864 3830 3482 3483 3832
23579 864 3830 3482 3486 3835
23580 864 3830 3482 3486 3836
23581 864 3854 3504 3505 3855
23582 864 3854 3504 3505 3856
23583 864 3854 3504 3508 3859
23584 864 3854 3504 3508 3860
23585 864 4192 3907 3931 4222
23586 864 4193 3907 3931 4222
23587 864 4196 3910 3931 4222
23588 864 4197 3910 3931 4222
23589 864 4209 3920 3921 4210
23590 864 4209 3920 3921 4211
23591 864 4209 3920 3924 4214
23592 864 4209 3920 3924 4215
23593 864 4234 3941 3942 4235
23594 864 4234 3941 3942 4236
23595 864 4234 3941 3945 4239
23596 864 4234 3941 3945 4240
23597 864 4261 3964 3965 4262
23598 864 4261 3964 3965 4263
23599 864 4261 3964 3968 4266
23600 864 4261 3964 3968 4267
23601 864 4315 4001 4026 4345
23602 864 4316 4001 4026 4345
23603 864 4319 4004 4026 4345
23604 864 4320 4004 4026 4345
23605 864 4332 4014 4015 4333
23606 864 4332 4014 4015 4334
23607 864 4332 4014 4018 4337
23608 864 4332 4014 4018 4338
23609 864 4357 4036 4037 4358
23610 864 4357 4036 4037 4359
23611 864 4357 4036 4040 4362
23612 864 4357 4036 4040 4363
23613 864 4381 4059 4060 4382
23614 864 4381 4059 4060 4383
23615 864 4381 4059 4063 4386
23616 864 4381 4059 4063 4387
23617 864 4452 4109 4110 4453
23618 864 4452 4109 4110 4454
23619 864 4452 4109 4113 4457
23620 864 4452 4109 4113 4458
23621 864 4480 4132 4133 4481
23622 864 4480 4132 4133 4482
23623 864 4480 4132 4136 4485
23624 864 4480 4132 4136 4486
23625 864 4504 4154 4155 4505
23626 864 4504 4154 4155 4506
23627 864 4504 4154 4158 4509
23628 864 4504 4154 4158 4510
23629 864 4842 4557 4581 4872
23630 864 4843 4557 4581 4872
23631 864 4846 4560 4581 4872
23632 864 4847 4560 4581 4872
23633 864 4859 4570 4571 4860
23634 864 4859 4570 4571 4861
23635 864 4859 4570 4574 4864
23636 864 4859 4570 4574 4865
23637 864 4884 4591 4592 4885
23638 864 4884 4591 4592 4886
23639 864 4884 4591 4595 4889
23640 864 4884 4591 4595 4890
23641 864 4911 4614 4615 4912
23642 864 4911 4614 4615 4913
23643 864 4911 4614 4618 4916
23644 864 4911 4614 4618 4917
23645 864 4965 4651 4676 4995
23646 864 4966 4651 4676 4995
23647 864 4969 4654 4676 4995
23648 864 4970 4654 4676 4995
23649 864 4982 4664 4665 4983
23650 864 4982 4664 4665 4984
23651 864 4982 4664 4668 4987
23652 864 4982 4664 4668 4988
23653 864 5007 4686 4687 5008
23654 864 5007 4686 4687 5009
23655 864 5007 4686 4690 5012
23656 864 5007 4686 4690 5013
23657 864 5031 4709 4710 5032
23658 864 5031 4709 4710 5033
23659 864 5031 4709 4713 5036
23660 864 5031 4709 4713 5037
23661 864 5102 4759 4760 5103
23662 864 5102 4759 4760 5104
23663 864 5102 4759 4763 5107
23664 864 5102 4759 4763 5108
23665 864 5130 4782 4783 5131
23666 864 5130 4782 4783 5132
23667 864 5130 4782 4786 5135
23668 864 5130 4782 4786 5136
23669 864 5154 4804 4805 5155
23670 864 5154 4804 4805 5156
23671 864 5154 4804 4808 5159
23672 864 5154 4804 4808 5160
23673 864 5492 5207 5231 5522
23674 864 5493 5207 5231 5522
23675 864 5496 5210 5231 5522
23676 864 5497 5210 5231 5522
23677 864 5509 5220 5221 5510
23678 864 5509 5220 5221 5511
23679 864 5509 5220 5224 5514
23680 864 5509 5220 5224 5515
23681 864 5534 5241 5242 5535
23682 864 5534 5241 5242 5536
23683 864 5534 5241 5245 5539
23684 864 5534 5241 5245 5540
23685 864 5561 5264 5265 5562
23686 864 5561 5264 5265 5563
23687 864 5561 5264 5268 5566
23688 864 5561 5264 5268 5567
23689 864 5615 5301 5326 5645
23690 864 5616 5301 5326 5645
23691 864 5619 5304 5326 5645
23692 864 5620 5304 5326 5645
23693 864 5632 5314 5315 5633
23694 864 5632 5314 5315 5634
23695 864 5632 5314 5318 5637
23696 864 5632 5314 5318 5638
23697 864 5657 5336 5337 5658
23698 864 5657 5336 5337 5659
23699 864 5657 5336 5340 5662
23700 864 5657 5336 5340 5663
23701 864 5681 5359 5360 5682
23702 864 5681 5359 5360 5683
23703 864 5681 5359 5363 5686
23704 864 5681 5359 5363 5687
23705 864 5752 5409 5410 5753
23706 864 5752 5409 5410 5754
23707 864 5752 5409 5413 5757
23708 864 5752 5409 5413 5758
23709 864 5780 5432 5433 5781
23710 864 5780 5432 5433 5782
23711 864 5780 5432 5436 5785
23712 864 5780 5432 5436 5786
23713 864 5804 5454 5455 5805
23714 864 5804 5454 5455 5806
23715 864 5804 5454 5458 5809
23716 864 5804 5454 5458 5810
23717 864 6142 5857 5881 6172
23718 864 6143 5857 5881 6172
23719 864 6146 5860 5881 6172
23720 864 6147 5860 5881 6172
23721 864 6159 5870 5871 6160
23722 864 6159 5870 5871 6161
23723 864 6159 5870 5874 6164
23724 864 6159 5870 5874 6165
23725 864 6184 5891 5892 6185
23726 864 6184 5891 5892 6186
23727 864 6184 5891 5895 6189
23728 864 6184 5891 5895 6190
23729 864 6211 5914 5915 6212
23730 864 6211 5914 5915 6213
23731 864 6211 5914 5918 6216
23732 864 6211 5914 5918 6217
23733 864 6265 5951 5976 6295
23734 864 6266 5951 5976 6295
23735 864 6269 5954 5976 6295
23736 864 6270 5954 5976 6295
23737 864 6282 5964 5965 6283
23738 864 6282 5964 5965 6284
23739 864 6282 5964 5968 6287
23740 864 6282 5964 5968 6288
23741 864 6307 5986 5987 6308
23742 864 6307 5986 5987 6309
23743 864 6307 5986 5990 6312
23744 864 6307 5986 5990 6313
23745 864 6331 6009 6010 6332
23746 864 6331 6009 6010 6333
23747 864 6331 6009 6013 6336
23748 864 6331 6009 6013 6337
23749 864 6402 6059 6060 6403
23750 864 6402 6059 6060 6404
23751 864 6402 6059 6063 6407
23752 864 6402 6059 6063 6408
23753 864 6430 6082 6083 6431
23754 864 6430 6082 6083 6432
23755 864 6430 6082 6086 6435
23756 864 6430 6082 6086 6436
23757 864 6454 6104 6105 6455
23758 864 6454 6104 6105 6456
23759 864 6454 6104 6108 6459
23760 864 6454 6104 6108 6460
23761 864 6792 6507 6531 6822
23762 864 6793 6507 6531 6822
23763 864 6796 6510 6531 6822
23764 864 6797 6510 6531 6822
23765 864 6809 6520 6521 6810
23766 864 6809 6520 6521 6811
23767 864 6809 6520 6524 6814
23768 864 6809 6520 6524 6815
23769 864 6834 6541 6542 6835
23770 864 6834 6541 6542 6836
23771 864 6834 6541 6545 6839
23772 864 6834 6541 6545 6840
23773 864 6861 6564 6565 6862
23774 864 6861 6564 6565 6863
23775 864 6861 6564 6568 6866
23776 864 6861 6564 6568 6867
23777 864 6915 6601 6626 6945
23778 864 6916 6601 6626 6945
23779 864 6919 6604 6626 6945
23780 864 6920 6604 6626 6945
23781 864 6932 6614 6615 6933
23782 864 6932 6614 6615 6934
23783 864 6932 6614 6618 6937
23784 864 6932 6614 6618 6938
23785 864 6957 6636 6637 6958
23786 864 6957 6636 6637 6959
23787 864 6957 6636 6640 6962
23788 864 6957 6636 6640 6963
23789 864 6981 6659 6660 6982
23790 864 6981 6659 6660 6983
23791 864 6981 6659 6663 6986
23792 864 6981 6659 6663 6987
23793 864 7052 6709 6710 7053
23794 864 7052 6709 6710 7054
23795 864 7052 6709 6713 7057
23796 864 7052 6709 6713 7058
23797 864 7080 6732 6733 7081
23798 864 7080 6732 6733 7082
23799 864 7080 6732 6736 7085
23800 864 7080 6732 6736 7086
23801 864 7104 6754 6755 7105
23802 864 7104 6754 6755 7106
23803 864 7104 6754 6758 7109
23804 864 7104 6754 6758 7110
23805 864 7442 7157 7181 7472
23806 864 7443 7157 7181 7472
23807 864 7446 7160 7181 7472
23808 864 7447 7160 7181 7472
23809 864 7459 7170 7171 7460
23810 864 7459 7170 7171 7461
23811 864 7459 7170 7174 7464
23812 864 7459 7170 7174 7465
23813 864 7484 7191 7192 7485
23814 864 7484 7191 7192 7486
23815 864 7484 7191 7195 7489
23816 864 7484 7191 7195 7490
23817 864 7511 7214 7215 7512
23818 864 7511 7214 7215 7513
23819 864 7511 7214 7218 7516
23820 864 7511 7214 7218 7517
23821 864 7565 7251 7276 7595
23822 864 7566 7251 7276 7595
23823 864 7569 7254 7276 7595
23824 864 7570 7254 7276 7595
23825 864 7582 7264 7265 7583
23826 864 7582 7264 7265 7584
23827 864 7582 7264 7268 7587
23828 864 7582 7264 7268 7588
23829 864 7607 7286 7287 7608
23830 864 7607 7286 7287 7609
23831 864 7607 7286 7290 7612
23832 864 7607 7286 7290 7613
23833 864 7631 7309 7310 7632
23834 864 7631 7309 7310 7633
23835 864 7631 7309 7313 7636
23836 864 7631 7309 7313 7637
23837 864 7702 7359 7360 7703
23838 864 7702 7359 7360 7704
23839 864 7702 7359 7363 7707
23840 864 7702 7359 7363 7708
23841 864 7730 7382 7383 7731
23842 864 7730 7382 7383 7732
23843 864 7730 7382 7386 7735
23844 864 7730 7382 7386 7736
23845 864 7754 7404 7405 7755
23846 864 7754 7404 7405 7756
23847 864 7754 7404 7408 7759
23848 864 7754 7404 7408 7760
23849 864 8092 7807 7831 8122
23850 864 8093 7807 7831 8122
23851 864 8096 7810 7831 8122
23852 864 8097 7810 7831 8122
23853 864 8109 7820 7821 8110
23854 864 8109 7820 7821 8111
23855 864 8109 7820 7824 8114
23856 864 8109 7820 7824 8115
23857 864 8134 7841 7842 8135
23858 864 8134 7841 7842 8136
23859 864 8134 7841 7845 8139
23860 864 8134 7841 7845 8140
23861 864 8161 7864 7865 8162
23862 864 8161 7864 7865 8163
23863 864 8161 7864 7868 8166
23864 864 8161 7864 7868 8167
23865 864 8215 7901 7926 8245
23866 864 8216 7901 7926 8245
23867 864 8219 7904 7926 8245
23868 864 8220 7904 7926 8245
23869 864 8232 7914 7915 8233
23870 864 8232 7914 7915 8234
23871 864 8232 7914 7918 8237
23872 864 8232 7914 7918 8238
23873 864 8257 7936 7937 8258
23874 864 8257 7936 7937 8259
23875 864 8257 7936 7940 8262
23876 864 8257 7936 7940 8263
23877 864 8281 7959 7960 8282
23878 864 8281 7959 7960 8283
23879 864 8281 7959 7963 8286
23880 864 8281 7959 7963 8287
23881 864 8352 8009 8010 8353
23882 864 8352 8009 8010 8354
23883 864 8352 8009 8013 8357
23884 864 8352 8009 8013 8358
23885 864 8380 8032 8033 8381
23886 864 8380 8032 8033 8382
23887 864 8380 8032 8036 8385
23888 864 8380 8032 8036 8386
23889 864 8404 8054 8055 8405
23890 864 8404 8054 8055 8406
23891 864 8404 8054 8058 8409
23892 864 8404 8054 8058 8410
23893 864 8742 8457 8481 8772
23894 864 8743 8457 8481 8772
23895 864 8746 8460 8481 8772
23896 864 8747 8460 8481 8772
23897 864 8759 8470 8471 8760
23898 864 8759 8470 8471 8761
23899 864 8759 8470 8474 8764
23900 864 8759 8470 8474 8765
23901 864 8784 8491 8492 8785
23902 864 8784 8491 8492 8786
23903 864 8784 8491 8495 8789
23904 864 8784 8491 8495 8790
23905 864 8811 8514 8515 8812
23906 864 8811 8514 8515 8813
23907 864 8811 8514 8518 8816
23908 864 8811 8514 8518 8817
23909 864 8865 8551 8576 8895
23910 864 8866 8551 8576 8895
23911 864 8869 8554 8576 8895
23912 864 8870 8554 8576 8895
23913 864 8882 8564 8565 8883
23914 864 8882 8564 8565 8884
23915 864 8882 8564 8568 8887
23916 864 8882 8564 8568 8888
23917 864 8907 8586 8587 8908
23918 864 8907 8586 8587 8909
23919 864 8907 8586 8590 8912
23920 864 8907 8586 8590 8913
23921 864 8931 8609 8610 8932
23922 864 8931 8609 8610 8933
23923 864 8931 8609 8613 8936
23924 864 8931 8609 8613 8937
23925 864 9002 8659 8660 9003
23926 864 9002 8659 8660 9004
23927 864 9002 8659 8663 9007
23928 864 9002 8659 8663 9008
23929 864 9030 8682 8683 9031
23930 864 9030 8682 8683 9032
23931 864 9030 8682 8686 9035
23932 864 9030 8682 8686 9036
23933 864 9054 8704 8705 9055
23934 864 9054 8704 8705 9056
23935 864 9054 8704 8708 9059
23936 864 9054 8704 8708 9060
23937 864 9392 9107 9131 9422
23938 864 9393 9107 9131 9422
23939 864 9396 9110 9131 9422
23940 864 9397 9110 9131 9422
23941 864 9409 9120 9121 9410
23942 864 9409 9120 9121 9411
23943 864 9409 9120 9124 9414
23944 864 9409 9120 9124 9415
23945 864 9434 9141 9142 9435
23946 864 9434 9141 9142 9436
23947 864 9434 9141 9145 9439
23948 864 9434 9141 9145 9440
23949 864 9461 9164 9165 9462
23950 864 9461 9164 9165 9463
23951 864 9461 9164 9168 9466
23952 864 9461 9164 9168 9467
23953 864 9515 9201 9226 9545
23954 864 9516 9201 9226 9545
23955 864 9519 9204 9226 9545
23956 864 9520 9204 9226 9545
23957 864 9532 9214 9215 9533
23958 864 9532 9214 9215 9534
23959 864 9532 9214 9218 9537
23960 864 9532 9214 9218 9538
23961 864 9557 9236 9237 9558
23962 864 9557 9236 9237 9559
23963 864 9557 9236 9240 9562
23964 864 9557 9236 9240 9563
23965 864 9581 9259 9260 9582
23966 864 9581 9259 9260 9583
23967 864 9581 9259 9263 9586
23968 864 9581 9259 9263 9587
23969 864 9652 9309 9310 9653
23970 864 9652 9309 9310 9654
23971 864 9652 9309 9313 9657
23972 864 9652 9309 9313 9658
23973 864 9680 9332 9333 9681
23974 864 9680 9332 9333 9682
23975 864 9680 9332 9336 9685
23976 864 9680 9332 9336 9686
23977 864 9704 9354 9355 9705
23978 864 9704 9354 9355 9706
23979 864 9704 9354 9358 9709
23980 864 9704 9354 9358 9710
23981 864 10042 9757 9781 10072
23982 864 10043 9757 9781 10072
23983 864 10046 9760 9781 10072
23984 864 10047 9760 9781 10072
23985 864 10059 9770 9771 10060
23986 864 10059 9770 9771 10061
23987 864 10059 9770 9774 10064
23988 864 10059 9770 9774 10065
23989 864 10084 9791 9792 10085
23990 864 10084 9791 9792 10086
23991 864 10084 9791 9795 10089
23992 864 10084 9791 9795 10090
23993 864 10111 9814 9815 10112
23994 864 10111 9814 9815 10113
23995 864 10111 9814 9818 10116
23996 864 10111 9814 9818 10117
23997 864 10165 9851 9876 10195
23998 864 10166 9851 9876 10195
23999 864 10169 9854 9876 10195
24000 864 10170 9854 9876 10195
24001 864 10182 9864 9865 10183
24002 864 10182 9864 9865 10184
24003 864 10182 9864 9868 10187
24004 864 10182 9864 9868 10188
24005 864 10207 9886 9887 10208
24006 864 10207 9886 9887 10209
24007 864 10207 9886 9890 10212
24008 864 10207 9886 9890 10213
24009 864 10231 9909 9910 10232
24010 864 10231 9909 9910 10233
24011 864 10231 9909 9913 10236
24012 864 10231 9909 9913 10237
24013 864 10302 9959 9960 10303
24014 864 10302 9959 9960 10304
24015 864 10302 9959 9963 10307
24016 864 10302 9959 9963 10308
24017 864 10330 9982 9983 10331
24018 864 10330 9982 9983 10332
24019 864 10330 9982 9986 10335
24020 864 10330 9982 9986 10336
24021 864 10354 10004 10005 10355
24022 864 10354 10004 10005 10356
24023 864 10354 10004 10008 10359
24024 864 10354 10004 10008 10360
24025 864 10692 10407 10431 10722
24026 864 10693 10407 10431 10722
24027 864 10696 10410 10431 10722
24028 864 10697 10410 10431 10722
24029 864 10709 10420 10421 10710
24030 864 10709 10420 10421 10711
24031 864 10709 10420 10424 10714
24032 864 10709 10420 10424 10715
24033 864 10734 10441 10442 10735
24034 864 10734 10441 10442 10736
24035 864 10734 10441 10445 10739
24036 864 10734 10441 10445 10740
24037 864 10761 10464 10465 10762
24038 864 10761 10464 10465 10763
24039 864 10761 10464 10468 10766
24040 864 10761 10464 10468 10767
24041 864 10815 10501 10526 10845
24042 864 10816 10501 10526 10845
24043 864 10819 10504 10526 10845
24044 864 10820 10504 10526 10845
24045 864 10832 10514 10515 10833
24046 864 10832 10514 10515 10834
24047 864 10832 10514 10518 10837
24048 864 10832 10514 10518 10838
24049 864 10857 10536 10537 10858
24050 864 10857 10536 10537 10859
24051 864 10857 10536 10540 10862
24052 864 10857 10536 10540 10863
24053 864 10881 10559 10560 10882
24054 864 10881 10559 10560 10883
24055 864 10881 10559 10563 10886
24056 864 10881 10559 10563 10887
24057 864 10952 10609 10610 10953
24058 864 10952 10609 10610 10954
24059 864 10952 10609 10613 10957
24060 864 10952 10609 10613 10958
24061 864 10980 10632 10633 10981
24062 864 10980 10632 10633 10982
24063 864 10980 10632 10636 10985
24064 864 10980 10632 10636 10986
24065 864 11004 10654 10655 11005
24066 864 11004 10654 10655 11006
24067 864 11004 10654 10658 11009
24068 864 11004 10654 10658 11010
24069 864 11342 11057 11081 11372
24070 864 11343 11057 11081 11372
24071 864 11346 11060 11081 11372
24072 864 11347 11060 11081 11372
24073 864 11359 11070 11071 11360
24074 864 11359 11070 11071 11361
24075 864 11359 11070 11074 11364
24076 864 11359 11070 11074 11365
24077 864 11384 11091 11092 11385
24078 864 11384 11091 11092 11386
24079 864 11384 11091 11095 11389
24080 864 11384 11091 11095 11390
24081 864 11411 11114 11115 11412
24082 864 11411 11114 11115 11413
24083 864 11411 11114 11118 11416
24084 864 11411 11114 11118 11417
24085 864 11465 11151 11176 11495
24086 864 11466 11151 11176 11495
24087 864 11469 11154 11176 11495
24088 864 11470 11154 11176 11495
24089 864 11482 11164 11165 11483
24090 864 11482 11164 11165 11484
24091 864 11482 11164 11168 11487
24092 864 11482 11164 11168 11488
24093 864 11507 11186 11187 11508
24094 864 11507 11186 11187 11509
24095 864 11507 11186 11190 11512
24096 864 11507 11186 11190 11513
24097 864 11531 11209 11210 11532
24098 864 11531 11209 11210 11533
24099 864 11531 11209 11213 11536
24100 864 11531 11209 11213 11537
24101 864 11602 11259 11260 11603
24102 864 11602 11259 11260 11604
24103 864 11602 11259 11263 11607
24104 864 11602 11259 11263 11608
24105 864 11630 11282 11283 11631
24106 864 11630 11282 11283 11632
24107 864 11630 11282 11286 11635
24108 864 11630 11282 11286 11636
24109 864 11654 11304 11305 11655
24110 864 11654 11304 11305 11656
24111 864 11654 11304 11308 11659
24112 864 11654 11304 11308 11660
24113 864 11992 11707 11731 12022
24114 864 11993 11707 11731 12022
24115 864 11996 11710 11731 12022
24116 864 11997 11710 11731 12022
24117 864 12009 11720 11721 12010
24118 864 12009 11720 11721 12011
24119 864 12009 11720 11724 12014
24120 864 12009 11720 11724 12015
24121 864 12034 11741 11742 12035
24122 864 12034 11741 11742 12036
24123 864 12034 11741 11745 12039
24124 864 12034 11741 11745 12040
24125 864 12061 11764 11765 12062
24126 864 12061 11764 11765 12063
24127 864 12061 11764 11768 12066
24128 864 12061 11764 11768 12067
24129 864 12115 11801 11826 12145
24130 864 12116 11801 11826 12145
24131 864 12119 11804 11826 12145
24132 864 12120 11804 11826 12145
24133 864 12132 11814 11815 12133
24134 864 12132 11814 11815 12134
24135 864 12132 11814 11818 12137
24136 864 12132 11814 11818 12138
24137 864 12157 11836 11837 12158
24138 864 12157 11836 11837 12159
24139 864 12157 11836 11840 12162
24140 864 12157 11836 11840 12163
24141 864 12181 11859 11860 12182
24142 864 12181 11859 11860 12183
24143 864 12181 11859 11863 12186
24144 864 12181 11859 11863 12187
24145 864 12252 11909 11910 12253
24146 864 12252 11909 11910 12254
24147 864 12252 11909 11913 12257
24148 864 12252 11909 11913 12258
24149 864 12280 11932 11933 12281
24150 864 12280 11932 11933 12282
24151 864 12280 11932 11936 12285
24152 864 12280 11932 11936 12286
24153 864 12304 11954 11955 12305
24154 864 12304 11954 11955 12306
24155 864 12304 11954 11958 12309
24156 864 12304 11954 11958 12310
24157 864 12642 12357 12381 12672
24158 864 12643 12357 12381 12672
24159 864 12646 12360 12381 12672
24160 864 12647 12360 12381 12672
24161 864 12659 12370 12371 12660
24162 864 12659 12370 12371 12661
24163 864 12659 12370 12374 12664
24164 864 12659 12370 12374 12665
24165 864 12684 12391 12392 12685
24166 864 12684 12391 12392 12686
24167 864 12684 12391 12395 12689
24168 864 12684 12391 12395 12690
24169 864 12711 12414 12415 12712
24170 864 12711 12414 12415 12713
24171 864 12711 12414 12418 12716
24172 864 12711 12414 12418 12717
24173 864 12765 12451 12476 12795
24174 864 12766 12451 12476 12795
24175 864 12769 12454 12476 12795
24176 864 12770 12454 12476 12795
24177 864 12782 12464 12465 12783
24178 864 12782 12464 12465 12784
24179 864 12782 12464 12468 12787
24180 864 12782 12464 12468 12788
24181 864 12807 12486 12487 12808
24182 864 12807 12486 12487 12809
24183 864 12807 12486 12490 12812
24184 864 12807 12486 12490 12813
24185 864 12831 12509 12510 12832
24186 864 12831 12509 12510 12833
24187 864 12831 12509 12513 12836
24188 864 12831 12509 12513 12837
24189 864 12902 12559 12560 12903
24190 864 12902 12559 12560 12904
24191 864 12902 12559 12563 12907
24192 864 12902 12559 12563 12908
24193 864 12930 12582 12583 12931
24194 864 12930 12582 12583 12932
24195 864 12930 12582 12586 12935
24196 864 12930 12582 12586 12936
24197 864 12954 12604 12605 12955
24198 864 12954 12604 12605 12956
24199 864 12954 12604 12608 12959
24200 864 12954 12604 12608 12960
24201 864 294 9 10 296
24202 864 294 9 10 297
24203 864 295 9 10 296
24204 864 295 9 10 297
24205 864 310 21 22 312
24206 864 311 21 22 312
24207 864 310 21 22 313
24208 864 311 21 22 313
24209 864 362 65 66 364
24210 864 363 65 66 364
24211 864 362 65 66 365
24212 864 363 65 66 365
24213 864 417 103 104 419
24214 864 417 103 104 420
24215 864 418 103 104 419
24216 864 418 103 104 420
24217 864 433 115 116 435
24218 864 434 115 116 435
24219 864 433 115 116 436
24220 864 434 115 116 436
24221 864 458 137 138 460
24222 864 459 137 138 460
24223 864 458 137 138 461
24224 864 459 137 138 461
24225 864 482 160 161 484
24226 864 483 160 161 484
24227 864 482 160 161 485
24228 864 483 160 161 485
24229 864 537 198 199 539
24230 864 537 198 199 540
24231 864 538 198 199 539
24232 864 538 198 199 540
24233 864 553 210 211 555
24234 864 554 210 211 555
24235 864 553 210 211 556
24236 864 554 210 211 556
24237 864 581 233 234 583
24238 864 582 233 234 583
24239 864 581 233 234 584
24240 864 582 233 234 584
24241 864 605 255 256 607
24242 864 606 255 256 607
24243 864 605 255 256 608
24244 864 606 255 256 608
24245 864 944 659 660 946
24246 864 944 659 660 947
24247 864 945 659 660 946
24248 864 945 659 660 947
24249 864 960 671 672 962
24250 864 961 671 672 962
24251 864 960 671 672 963
24252 864 961 671 672 963
24253 864 1012 715 716 1014
24254 864 1013 715 716 1014
24255 864 1012 715 716 1015
24256 864 1013 715 716 1015
24257 864 1067 753 754 1069
24258 864 1067 753 754 1070
24259 864 1068 753 754 1069
24260 864 1068 753 754 1070
24261 864 1083 765 766 1085
24262 864 1084 765 766 1085
24263 864 1083 765 766 1086
24264 864 1084 765 766 1086
24265 864 1108 787 788 1110
24266 864 1109 787 788 1110
24267 864 1108 787 788 1111
24268 864 1109 787 788 1111
24269 864 1132 810 811 1134
24270 864 1133 810 811 1134
24271 864 1132 810 811 1135
24272 864 1133 810 811 1135
24273 864 1187 848 849 1189
24274 864 1187 848 849 1190
24275 864 1188 848 849 1189
24276 864 1188 848 849 1190
24277 864 1203 860 861 1205
24278 864 1204 860 861 1205
24279 864 1203 860 861 1206
24280 864 1204 860 861 1206
24281 864 1231 883 884 1233
24282 864 1232 883 884 1233
24283 864 1231 883 884 1234
24284 864 1232 883 884 1234
24285 864 1255 905 906 1257
24286 864 1256 905 906 1257
24287 864 1255 905 906 1258
24288 864 1256 905 906 1258
24289 864 1594 1309 1310 1596
24290 864 1594 1309 1310 1597
24291 864 1595 1309 1310 1596
24292 864 1595 1309 1310 1597
24293 864 1610 1321 1322 1612
24294 864 1611 1321 1322 1612
24295 864 1610 1321 1322 1613
24296 864 1611 1321 1322 1613
24297 864 1662 1365 1366 1664
24298 864 1663 1365 1366 1664
24299 864 1662 1365 1366 1665
24300 864 1663 1365 1366 1665
24301 864 1717 1403 1404 1719
24302 864 1717 1403 1404 1720
24303 864 1718 1403 1404 1719
24304 864 1718 1403 1404 1720
24305 864 1733 1415 1416 1735
24306 864 1734 1415 1416 1735
24307 864 1733 1415 1416 1736
24308 864 1734 1415 1416 1736
24309 864 1758 1437 1438 1760
24310 864 1759 1437 1438 1760
24311 864 1758 1437 1438 1761
24312 864 1759 1437 1438 1761
24313 864 1782 1460 1461 1784
24314 864 1783 1460 1461 1784
24315 864 1782 1460 1461 1785
24316 864 1783 1460 1461 1785
24317 864 1837 1498 1499 1839
24318 864 1837 1498 1499 1840
24319 864 1838 1498 1499 1839
24320 864 1838 1498 1499 1840
24321 864 1853 1510 1511 1855
24322 864 1854 1510 1511 1855
24323 864 1853 1510 1511 1856
24324 864 1854 1510 1511 1856
24325 864 1881 1533 1534 1883
24326 864 1882 1533 1534 1883
24327 864 1881 1533 1534 1884
24328 864 1882 1533 1534 1884
24329 864 1905 1555 1556 1907
24330 864 1906 1555 1556 1907
24331 864 1905 1555 1556 1908
24332 864 1906 1555 1556 1908
24333 864 2244 1959 1960 2246
24334 864 2244 1959 1960 2247
24335 864 2245 1959 1960 2246
24336 864 2245 1959 1960 2247
24337 864 2260 1971 1972 2262
24338 864 2261 1971 1972 2262
24339 864 2260 1971 1972 2263
24340 864 2261 1971 1972 2263
24341 864 2312 2015 2016 2314
24342 864 2313 2015 2016 2314
24343 864 2312 2015 2016 2315
24344 864 2313 2015 2016 2315
24345 864 2367 2053 2054 2369
24346 864 2367 2053 2054 2370
24347 864 2368 2053 2054 2369
24348 864 2368 2053 2054 2370
24349 864 2383 2065 2066 2385
24350 864 2384 2065 2066 2385
24351 864 2383 2065 2066 2386
24352 864 2384 2065 2066 2386
24353 864 2408 2087 2088 2410
24354 864 2409 2087 2088 2410
24355 864 2408 2087 2088 2411
24356 864 2409 2087 2088 2411
24357 864 2432 2110 2111 2434
24358 864 2433 2110 2111 2434
24359 864 2432 2110 2111 2435
24360 864 2433 2110 2111 2435
24361 864 2487 2148 2149 2489
24362 864 2487 2148 2149 2490
24363 864 2488 2148 2149 2489
24364 864 2488 2148 2149 2490
24365 864 2503 2160 2161 2505
24366 864 2504 2160 2161 2505
24367 864 2503 2160 2161 2506
24368 864 2504 2160 2161 2506
24369 864 2531 2183 2184 2533
24370 864 2532 2183 2184 2533
24371 864 2531 2183 2184 2534
24372 864 2532 2183 2184 2534
24373 864 2555 2205 2206 2557
24374 864 2556 2205 2206 2557
24375 864 2555 2205 2206 2558
24376 864 2556 2205 2206 2558
24377 864 2894 2609 2610 2896
24378 864 2894 2609 2610 2897
24379 864 2895 2609 2610 2896
24380 864 2895 2609 2610 2897
24381 864 2910 2621 2622 2912
24382 864 2911 2621 2622 2912
24383 864 2910 2621 2622 2913
24384 864 2911 2621 2622 2913
24385 864 2962 2665 2666 2964
24386 864 2963 2665 2666 2964
24387 864 2962 2665 2666 2965
24388 864 2963 2665 2666 2965
24389 864 3017 2703 2704 3019
24390 864 3017 2703 2704 3020
24391 864 3018 2703 2704 3019
24392 864 3018 2703 2704 3020
24393 864 3033 2715 2716 3035
24394 864 3034 2715 2716 3035
24395 864 3033 2715 2716 3036
24396 864 3034 2715 2716 3036
24397 864 3058 2737 2738 3060
24398 864 3059 2737 2738 3060
24399 864 3058 2737 2738 3061
24400 864 3059 2737 2738 3061
24401 864 3082 2760 2761 3084
24402 864 3083 2760 2761 3084
24403 864 3082 2760 2761 3085
24404 864 3083 2760 2761 3085
24405 864 3137 2798 2799 3139
24406 864 3137 2798 2799 3140
24407 864 3138 2798 2799 3139
24408 864 3138 2798 2799 3140
24409 864 3153 2810 2811 3155
24410 864 3154 2810 2811 3155
24411 864 3153 2810 2811 3156
24412 864 3154 2810 2811 3156
24413 864 3181 2833 2834 3183
24414 864 3182 2833 2834 3183
24415 864 3181 2833 2834 3184
24416 864 3182 2833 2834 3184
24417 864 3205 2855 2856 3207
24418 864 3206 2855 2856 3207
24419 864 3205 2855 2856 3208
24420 864 3206 2855 2856 3208
24421 864 3544 3259 3260 3546
24422 864 3544 3259 3260 3547
24423 864 3545 3259 3260 3546
24424 864 3545 3259 3260 3547
24425 864 3560 3271 3272 3562
24426 864 3561 3271 3272 3562
24427 864 3560 3271 3272 3563
24428 864 3561 3271 3272 3563
24429 864 3612 3315 3316 3614
24430 864 3613 3315 3316 3614
24431 864 3612 3315 3316 3615
24432 864 3613 3315 3316 3615
24433 864 3667 3353 3354 3669
24434 864 3667 3353 3354 3670
24435 864 3668 3353 3354 3669
24436 864 3668 3353 3354 3670
24437 864 3683 3365 3366 3685
24438 864 3684 3365 3366 3685
24439 864 3683 3365 3366 3686
24440 864 3684 3365 3366 3686
24441 864 3708 3387 3388 3710
24442 864 3709 3387 3388 3710
24443 864 3708 3387 3388 3711
24444 864 3709 3387 3388 3711
24445 864 3732 3410 3411 3734
24446 864 3733 3410 3411 3734
24447 864 3732 3410 3411 3735
24448 864 3733 3410 3411 3735
24449 864 3787 3448 3449 3789
24450 864 3787 3448 3449 3790
24451 864 3788 3448 3449 3789
24452 864 3788 3448 3449 3790
24453 864 3803 3460 3461 3805
24454 864 3804 3460 3461 3805
24455 864 3803 3460 3461 3806
24456 864 3804 3460 3461 3806
24457 864 3831 3483 3484 3833
24458 864 3832 3483 3484 3833
24459 864 3831 3483 3484 3834
24460 864 3832 3483 3484 3834
24461 864 3855 3505 3506 3857
24462 864 3856 3505 3506 3857
24463 864 3855 3505 3506 3858
24464 864 3856 3505 3506 3858
24465 864 4194 3909 3910 4196
24466 864 4194 3909 3910 4197
24467 864 4195 3909 3910 4196
24468 864 4195 3909 3910 4197
24469 864 4210 3921 3922 4212
24470 864 4211 3921 3922 4212
24471 864 4210 3921 3922 4213
24472 864 4211 3921 3922 4213
24473 864 4262 3965 3966 4264
24474 864 4263 3965 3966 4264
24475 864 4262 3965 3966 4265
24476 864 4263 3965 3966 4265
24477 864 4317 4003 4004 4319
24478 864 4317 4003 4004 4320
24479 864 4318 4003 4004 4319
24480 864 4318 4003 4004 4320
24481 864 4333 4015 4016 4335
24482 864 4334 4015 4016 4335
24483 864 4333 4015 4016 4336
24484 864 4334 4015 4016 4336
24485 864 4358 4037 4038 4360
24486 864 4359 4037 4038 4360
24487 864 4358 4037 4038 4361
24488 864 4359 4037 4038 4361
24489 864 4382 4060 4061 4384
24490 864 4383 4060 4061 4384
24491 864 4382 4060 4061 4385
24492 864 4383 4060 4061 4385
24493 864 4437 4098 4099 4439
24494 864 4437 4098 4099 4440
24495 864 4438 4098 4099 4439
24496 864 4438 4098 4099 4440
24497 864 4453 4110 4111 4455
24498 864 4454 4110 4111 4455
24499 864 4453 4110 4111 4456
24500 864 4454 4110 4111 4456
24501 864 4481 4133 4134 4483
24502 864 4482 4133 4134 4483
24503 864 4481 4133 4134 4484
24504 864 4482 4133 4134 4484
24505 864 4505 4155 4156 4507
24506 864 4506 4155 4156 4507
24507 864 4505 4155 4156 4508
24508 864 4506 4155 4156 4508
24509 864 4844 4559 4560 4846
24510 864 4844 4559 4560 4847
24511 864 4845 4559 4560 4846
24512 864 4845 4559 4560 4847
24513 864 4860 4571 4572 4862
24514 864 4861 4571 4572 4862
24515 864 4860 4571 4572 4863
24516 864 4861 4571 4572 4863
24517 864 4912 4615 4616 4914
24518 864 4913 4615 4616 4914
24519 864 4912 4615 4616 4915
24520 864 4913 4615 4616 4915
24521 864 4967 4653 4654 4969
24522 864 4967 4653 4654 4970
24523 864 4968 4653 4654 4969
24524 864 4968 4653 4654 4970
24525 864 4983 4665 4666 4985
24526 864 4984 4665 4666 4985
24527 864 4983 4665 4666 4986
24528 864 4984 4665 4666 4986
24529 864 5008 4687 4688 5010
24530 864 5009 4687 4688 5010
24531 864 5008 4687 4688 5011
24532 864 5009 4687 4688 5011
24533 864 5032 4710 4711 5034
24534 864 5033 4710 4711 5034
24535 864 5032 4710 4711 5035
24536 864 5033 4710 4711 5035
24537 864 5087 4748 4749 5089
24538 864 5087 4748 4749 5090
24539 864 5088 4748 4749 5089
24540 864 5088 4748 4749 5090
24541 864 5103 4760 4761 5105
24542 864 5104 4760 4761 5105
24543 864 5103 4760 4761 5106
24544 864 5104 4760 4761 5106
24545 864 5131 4783 4784 5133
24546 864 5132 4783 4784 5133
24547 864 5131 4783 4784 5134
24548 864 5132 4783 4784 5134
24549 864 5155 4805 4806 5157
24550 864 5156 4805 4806 5157
24551 864 5155 4805 4806 5158
24552 864 5156 4805 4806 5158
24553 864 5494 5209 5210 5496
24554 864 5494 5209 5210 5497
24555 864 5495 5209 5210 5496
24556 864 5495 5209 5210 5497
24557 864 5510 5221 5222 5512
24558 864 5511 5221 5222 5512
24559 864 5510 5221 5222 5513
24560 864 5511 5221 5222 5513
24561 864 5562 5265 5266 5564
24562 864 5563 5265 5266 5564
24563 864 5562 5265 5266 5565
24564 864 5563 5265 5266 5565
24565 864 5617 5303 5304 5619
24566 864 5617 5303 5304 5620
24567 864 5618 5303 5304 5619
24568 864 5618 5303 5304 5620
24569 864 5633 5315 5316 5635
24570 864 5634 5315 5316 5635
24571 864 5633 5315 5316 5636
24572 864 5634 5315 5316 5636
24573 864 5658 5337 5338 5660
24574 864 5659 5337 5338 5660
24575 864 5658 5337 5338 5661
24576 864 5659 5337 5338 5661
24577 864 5682 5360 5361 5684
24578 864 5683 5360 5361 5684
24579 864 5682 5360 5361 5685
24580 864 5683 5360 5361 5685
24581 864 5737 5398 5399 5739
24582 864 5737 5398 5399 5740
24583 864 5738 5398 5399 5739
24584 864 5738 5398 5399 5740
24585 864 5753 5410 5411 5755
24586 864 5754 5410 5411 5755
24587 864 5753 5410 5411 5756
24588 864 5754 5410 5411 5756
24589 864 5781 5433 5434 5783
24590 864 5782 5433 5434 5783
24591 864 5781 5433 5434 5784
24592 864 5782 5433 5434 5784
24593 864 5805 5455 5456 5807
24594 864 5806 5455 5456 5807
24595 864 5805 5455 5456 5808
24596 864 5806 5455 5456 5808
24597 864 6144 5859 5860 6146
24598 864 6144 5859 5860 6147
24599 864 6145 5859 5860 6146
24600 864 6145 5859 5860 6147
24601 864 6160 5871 5872 6162
24602 864 6161 5871 5872 6162
24603 864 6160 5871 5872 6163
24604 864 6161 5871 5872 6163
24605 864 6212 5915 5916 6214
24606 864 6213 5915 5916 6214
24607 864 6212 5915 5916 6215
24608 864 6213 5915 5916 6215
24609 864 6267 5953 5954 6269
24610 864 6267 5953 5954 6270
24611 864 6268 5953 5954 6269
24612 864 6268 5953 5954 6270
24613 864 6283 5965 5966 6285
24614 864 6284 5965 5966 6285
24615 864 6283 5965 5966 6286
24616 864 6284 5965 5966 6286
24617 864 6308 5987 5988 6310
24618 864 6309 5987 5988 6310
24619 864 6308 5987 5988 6311
24620 864 6309 5987 5988 6311
24621 864 6332 6010 6011 6334
24622 864 6333 6010 6011 6334
24623 864 6332 6010 6011 6335
24624 864 6333 6010 6011 6335
24625 864 6387 6048 6049 6389
24626 864 6387 6048 6049 6390
24627 864 6388 6048 6049 6389
24628 864 6388 6048 6049 6390
24629 864 6403 6060 6061 6405
24630 864 6404 6060 6061 6405
24631 864 6403 6060 6061 6406
24632 864 6404 6060 6061 6406
24633 864 6431 6083 6084 6433
24634 864 6432 6083 6084 6433
24635 864 6431 6083 6084 6434
24636 864 6432 6083 6084 6434
24637 864 6455 6105 6106 6457
24638 864 6456 6105 6106 6457
24639 864 6455 6105 6106 6458
24640 864 6456 6105 6106 6458
24641 864 6794 6509 6510 6796
24642 864 6794 6509 6510 6797
24643 864 6795 6509 6510 6796
24644 864 6795 6509 6510 6797
24645 864 6810 6521 6522 6812
24646 864 6811 6521 6522 6812
24647 864 6810 6521 6522 6813
24648 864 6811 6521 6522 6813
24649 864 6862 6565 6566 6864
24650 864 6863 6565 6566 6864
24651 864 6862 6565 6566 6865
24652 864 6863 6565 6566 6865
24653 864 6917 6603 6604 6919
24654 864 6917 6603 6604 6920
24655 864 6918 6603 6604 6919
24656 864 6918 6603 6604 6920
24657 864 6933 6615 6616 6935
24658 864 6934 6615 6616 6935
24659 864 6933 6615 6616 6936
24660 864 6934 6615 6616 6936
24661 864 6958 6637 6638 6960
24662 864 6959 6637 6638 6960
24663 864 6958 6637 6638 6961
24664 864 6959 6637 6638 6961
24665 864 6982 6660 6661 6984
24666 864 6983 6660 6661 6984
24667 864 6982 6660 6661 6985
24668 864 6983 6660 6661 6985
24669 864 7037 6698 6699 7039
24670 864 7037 6698 6699 7040
24671 864 7038 6698 6699 7039
24672 864 7038 6698 6699 7040
24673 864 7053 6710 6711 7055
24674 864 7054 6710 6711 7055
24675 864 7053 6710 6711 7056
24676 864 7054 6710 6711 7056
24677 864 7081 6733 6734 7083
24678 864 7082 6733 6734 7083
24679 864 7081 6733 6734 7084
24680 864 7082 6733 6734 7084
24681 864 7105 6755 6756 7107
24682 864 7106 6755 6756 7107
24683 864 7105 6755 6756 7108
24684 864 7106 6755 6756 7108
24685 864 7444 7159 7160 7446
24686 864 7444 7159 7160 7447
24687 864 7445 7159 7160 7446
24688 864 7445 7159 7160 7447
24689 864 7460 7171 7172 7462
24690 864 7461 7171 7172 7462
24691 864 7460 7171 7172 7463
24692 864 7461 7171 7172 7463
24693 864 7512 7215 7216 7514
24694 864 7513 7215 7216 7514
24695 864 7512 7215 7216 7515
24696 864 7513 7215 7216 7515
24697 864 7567 7253 7254 7569
24698 864 7567 7253 7254 7570
24699 864 7568 7253 7254 7569
24700 864 7568 7253 7254 7570
24701 864 7583 7265 7266 7585
24702 864 7584 7265 7266 7585
24703 864 7583 7265 7266 7586
24704 864 7584 7265 7266 7586
24705 864 7608 7287 7288 7610
24706 864 7609 7287 7288 7610
24707 864 7608 7287 7288 7611
24708 864 7609 7287 7288 7611
24709 864 7632 7310 7311 7634
24710 864 7633 7310 7311 7634
24711 864 7632 7310 7311 7635
24712 864 7633 7310 7311 7635
24713 864 7687 7348 7349 7689
24714 864 7687 7348 7349 7690
24715 864 7688 7348 7349 7689
24716 864 7688 7348 7349 7690
24717 864 7703 7360 7361 7705
24718 864 7704 7360 7361 7705
24719 864 7703 7360 7361 7706
24720 864 7704 7360 7361 7706
24721 864 7731 7383 7384 7733
24722 864 7732 7383 7384 7733
24723 864 7731 7383 7384 7734
24724 864 7732 7383 7384 7734
24725 864 7755 7405 7406 7757
24726 864 7756 7405 7406 7757
24727 864 7755 7405 7406 7758
24728 864 7756 7405 7406 7758
24729 864 8094 7809 7810 8096
24730 864 8094 7809 7810 8097
24731 864 8095 7809 7810 8096
24732 864 8095 7809 7810 8097
24733 864 8110 7821 7822 8112
24734 864 8111 7821 7822 8112
24735 864 8110 7821 7822 8113
24736 864 8111 7821 7822 8113
24737 864 8162 7865 7866 8164
24738 864 8163 7865 7866 8164
24739 864 8162 7865 7866 8165
24740 864 8163 7865 7866 8165
24741 864 8217 7903 7904 8219
24742 864 8217 7903 7904 8220
24743 864 8218 7903 7904 8219
24744 864 8218 7903 7904 8220
24745 864 8233 7915 7916 8235
24746 864 8234 7915 7916 8235
24747 864 8233 7915 7916 8236
24748 864 8234 7915 7916 8236
24749 864 8258 7937 7938 8260
24750 864 8259 7937 7938 8260
24751 864 8258 7937 7938 8261
24752 864 8259 7937 7938 8261
24753 864 8282 7960 7961 8284
24754 864 8283 7960 7961 8284
24755 864 8282 7960 7961 8285
24756 864 8283 7960 7961 8285
24757 864 8337 7998 7999 8339
24758 864 8337 7998 7999 8340
24759 864 8338 7998 7999 8339
24760 864 8338 7998 7999 8340
24761 864 8353 8010 8011 8355
24762 864 8354 8010 8011 8355
24763 864 8353 8010 8011 8356
24764 864 8354 8010 8011 8356
24765 864 8381 8033 8034 8383
24766 864 8382 8033 8034 8383
24767 864 8381 8033 8034 8384
24768 864 8382 8033 8034 8384
24769 864 8405 8055 8056 8407
24770 864 8406 8055 8056 8407
24771 864 8405 8055 8056 8408
24772 864 8406 8055 8056 8408
24773 864 8744 8459 8460 8746
24774 864 8744 8459 8460 8747
24775 864 8745 8459 8460 8746
24776 864 8745 8459 8460 8747
24777 864 8760 8471 8472 8762
24778 864 8761 8471 8472 8762
24779 864 8760 8471 8472 8763
24780 864 8761 8471 8472 8763
24781 864 8812 8515 8516 8814
24782 864 8813 8515 8516 8814
24783 864 8812 8515 8516 8815
24784 864 8813 8515 8516 8815
24785 864 8867 8553 8554 8869
24786 864 8867 8553 8554 8870
24787 864 8868 8553 8554 8869
24788 864 8868 8553 8554 8870
24789 864 8883 8565 8566 8885
24790 864 8884 8565 8566 8885
24791 864 8883 8565 8566 8886
24792 864 8884 8565 8566 8886
24793 864 8908 8587 8588 8910
24794 864 8909 8587 8588 8910
24795 864 8908 8587 8588 8911
24796 864 8909 8587 8588 8911
24797 864 8932 8610 8611 8934
24798 864 8933 8610 8611 8934
24799 864 8932 8610 8611 8935
24800 864 8933 8610 8611 8935
24801 864 8987 8648 8649 8989
24802 864 8987 8648 8649 8990
24803 864 8988 8648 8649 8989
24804 864 8988 8648 8649 8990
24805 864 9003 8660 8661 9005
24806 864 9004 8660 8661 9005
24807 864 9003 8660 8661 9006
24808 864 9004 8660 8661 9006
24809 864 9031 8683 8684 9033
24810 864 9032 8683 8684 9033
24811 864 9031 8683 8684 9034
24812 864 9032 8683 8684 9034
24813 864 9055 8705 8706 9057
24814 864 9056 8705 8706 9057
24815 864 9055 8705 8706 9058
24816 864 9056 8705 8706 9058
24817 864 9394 9109 9110 9396
24818 864 9394 9109 9110 9397
24819 864 9395 9109 9110 9396
24820 864 9395 9109 9110 9397
24821 864 9410 9121 9122 9412
24822 864 9411 9121 9122 9412
24823 864 9410 9121 9122 9413
24824 864 9411 9121 9122 9413
24825 864 9462 9165 9166 9464
24826 864 9463 9165 9166 9464
24827 864 9462 9165 9166 9465
24828 864 9463 9165 9166 9465
24829 864 9517 9203 9204 9519
24830 864 9517 9203 9204 9520
24831 864 9518 9203 9204 9519
24832 864 9518 9203 9204 9520
24833 864 9533 9215 9216 9535
24834 864 9534 9215 9216 9535
24835 864 9533 9215 9216 9536
24836 864 9534 9215 9216 9536
24837 864 9558 9237 9238 9560
24838 864 9559 9237 9238 9560
24839 864 9558 9237 9238 9561
24840 864 9559 9237 9238 9561
24841 864 9582 9260 9261 9584
24842 864 9583 9260 9261 9584
24843 864 9582 9260 9261 9585
24844 864 9583 9260 9261 9585
24845 864 9637 9298 9299 9639
24846 864 9637 9298 9299 9640
24847 864 9638 9298 9299 9639
24848 864 9638 9298 9299 9640
24849 864 9653 9310 9311 9655
24850 864 9654 9310 9311 9655
24851 864 9653 9310 9311 9656
24852 864 9654 9310 9311 9656
24853 864 9681 9333 9334 9683
24854 864 9682 9333 9334 9683
24855 864 9681 9333 9334 9684
24856 864 9682 9333 9334 9684
24857 864 9705 9355 9356 9707
24858 864 9706 9355 9356 9707
24859 864 9705 9355 9356 9708
24860 864 9706 9355 9356 9708
24861 864 10044 9759 9760 10046
24862 864 10044 9759 9760 10047
24863 864 10045 9759 9760 10046
24864 864 10045 9759 9760 10047
24865 864 10060 9771 9772 10062
24866 864 10061 9771 9772 10062
24867 864 10060 9771 9772 10063
24868 864 10061 9771 9772 10063
24869 864 10112 9815 9816 10114
24870 864 10113 9815 9816 10114
24871 864 10112 9815 9816 10115
24872 864 10113 9815 9816 10115
24873 864 10167 9853 9854 10169
24874 864 10167 9853 9854 10170
24875 864 10168 9853 9854 10169
24876 864 10168 9853 9854 10170
24877 864 10183 9865 9866 10185
24878 864 10184 9865 9866 10185
24879 864 10183 9865 9866 10186
24880 864 10184 9865 9866 10186
24881 864 10208 9887 9888 10210
24882 864 10209 9887 9888 10210
24883 864 10208 9887 9888 10211
24884 864 10209 9887 9888 10211
24885 864 10232 9910 9911 10234
24886 864 10233 9910 9911 10234
24887 864 10232 9910 9911 10235
24888 864 10233 9910 9911 10235
24889 864 10287 9948 9949 10289
24890 864 10287 9948 9949 10290
24891 864 10288 9948 9949 10289
24892 864 10288 9948 9949 10290
24893 864 10303 9960 9961 10305
24894 864 10304 9960 9961 10305
24895 864 10303 9960 9961 10306
24896 864 10304 9960 9961 10306
24897 864 10331 9983 9984 10333
24898 864 10332 9983 9984 10333
24899 864 10331 9983 9984 10334
24900 864 10332 9983 9984 10334
24901 864 10355 10005 10006 10357
24902 864 10356 10005 10006 10357
24903 864 10355 10005 10006 10358
24904 864 10356 10005 10006 10358
24905 864 10694 10409 10410 10696
24906 864 10694 10409 10410 10697
24907 864 10695 10409 10410 10696
24908 864 10695 10409 10410 10697
24909 864 10710 10421 10422 10712
24910 864 10711 10421 10422 10712
24911 864 10710 10421 10422 10713
24912 864 10711 10421 10422 10713
24913 864 10762 10465 10466 10764
24914 864 10763 10465 10466 10764
24915 864 10762 10465 10466 10765
24916 864 10763 10465 10466 10765
24917 864 10817 10503 10504 10819
24918 864 10817 10503 10504 10820
24919 864 10818 10503 10504 10819
24920 864 10818 10503 10504 10820
24921 864 10833 10515 10516 10835
24922 864 10834 10515 10516 10835
24923 864 10833 10515 10516 10836
24924 864 10834 10515 10516 10836
24925 864 10858 10537 10538 10860
24926 864 10859 10537 10538 10860
24927 864 10858 10537 10538 10861
24928 864 10859 10537 10538 10861
24929 864 10882 10560 10561 10884
24930 864 10883 10560 10561 10884
24931 864 10882 10560 10561 10885
24932 864 10883 10560 10561 10885
24933 864 10937 10598 10599 10939
24934 864 10937 10598 10599 10940
24935 864 10938 10598 10599 10939
24936 864 10938 10598 10599 10940
24937 864 10953 10610 10611 10955
24938 864 10954 10610 10611 10955
24939 864 10953 10610 10611 10956
24940 864 10954 10610 10611 10956
24941 864 10981 10633 10634 10983
24942 864 10982 10633 10634 10983
24943 864 10981 10633 10634 10984
24944 864 10982 10633 10634 10984
24945 864 11005 10655 10656 11007
24946 864 11006 10655 10656 11007
24947 864 11005 10655 10656 11008
24948 864 11006 10655 10656 11008
24949 864 11344 11059 11060 11346
24950 864 11344 11059 11060 11347
24951 864 11345 11059 11060 11346
24952 864 11345 11059 11060 11347
24953 864 11360 11071 11072 11362
24954 864 11361 11071 11072 11362
24955 864 11360 11071 11072 11363
24956 864 11361 11071 11072 11363
24957 864 11412 11115 11116 11414
24958 864 11413 11115 11116 11414
24959 864 11412 11115 11116 11415
24960 864 11413 11115 11116 11415
24961 864 11467 11153 11154 11469
24962 864 11467 11153 11154 11470
24963 864 11468 11153 11154 11469
24964 864 11468 11153 11154 11470
24965 864 11483 11165 11166 11485
24966 864 11484 11165 11166 11485
24967 864 11483 11165 11166 11486
24968 864 11484 11165 11166 11486
24969 864 11508 11187 11188 11510
24970 864 11509 11187 11188 11510
24971 864 11508 11187 11188 11511
24972 864 11509 11187 11188 11511
24973 864 11532 11210 11211 11534
24974 864 11533 11210 11211 11534
24975 864 11532 11210 11211 11535
24976 864 11533 11210 11211 11535
24977 864 11587 11248 11249 11589
24978 864 11587 11248 11249 11590
24979 864 11588 11248 11249 11589
24980 864 11588 11248 11249 11590
24981 864 11603 11260 11261 11605
24982 864 11604 11260 11261 11605
24983 864 11603 11260 11261 11606
24984 864 11604 11260 11261 11606
24985 864 11631 11283 11284 11633
24986 864 11632 11283 11284 11633
24987 864 11631 11283 11284 11634
24988 864 11632 11283 11284 11634
24989 864 11655 11305 11306 11657
24990 864 11656 11305 11306 11657
24991 864 11655 11305 11306 11658
24992 864 11656 11305 11306 11658
24993 864 11994 11709 11710 11996
24994 864 11994 11709 11710 11997
24995 864 11995 11709 11710 11996
24996 864 11995 11709 11710 11997
24997 864 12010 11721 11722 12012
24998 864 12011 11721 11722 12012
24999 864 12010 11721 11722 12013
25000 864 12011 11721 11722 12013
25001 864 12062 11765 11766 12064
25002 864 12063 11765 11766 12064
25003 864 12062 11765 11766 12065
25004 864 12063 11765 11766 12065
25005 864 12117 11803 11804 12119
25006 864 12117 11803 11804 12120
25007 864 12118 11803 11804 12119
25008 864 12118 11803 11804 12120
25009 864 12133 11815 11816 12135
25010 864 12134 11815 11816 12135
25011 864 12133 11815 11816 12136
25012 864 12134 11815 11816 12136
25013 864 12158 11837 11838 12160
25014 864 12159 11837 11838 12160
25015 864 12158 11837 11838 12161
25016 864 12159 11837 11838 12161
25017 864 12182 11860 11861 12184
25018 864 12183 11860 11861 12184
25019 864 12182 11860 11861 12185
25020 864 12183 11860 11861 12185
25021 864 12237 11898 11899 12239
25022 864 12237 11898 11899 12240
25023 864 12238 11898 11899 12239
25024 864 12238 11898 11899 12240
25025 864 12253 11910 11911 12255
25026 864 12254 11910 11911 12255
25027 864 12253 11910 11911 12256
25028 864 12254 11910 11911 12256
25029 864 12281 11933 11934 12283
25030 864 12282 11933 11934 12283
25031 864 12281 11933 11934 12284
25032 864 12282 11933 11934 12284
25033 864 12305 11955 11956 12307
25034 864 12306 11955 11956 12307
25035 864 12305 11955 11956 12308
25036 864 12306 11955 11956 12308
25037 864 12644 12359 12360 12646
25038 864 12644 12359 12360 12647
25039 864 12645 12359 12360 12646
25040 864 12645 12359 12360 12647
25041 864 12660 12371 12372 12662
25042 864 12661 12371 12372 12662
25043 864 12660 12371 12372 12663
25044 864 12661 12371 12372 12663
25045 864 12712 12415 12416 12714
25046 864 12713 12415 12416 12714
25047 864 12712 12415 12416 12715
25048 864 12713 12415 12416 12715
25049 864 12767 12453 12454 12769
25050 864 12767 12453 12454 12770
25051 864 12768 12453 12454 12769
25052 864 12768 12453 12454 12770
25053 864 12783 12465 12466 12785
25054 864 12784 12465 12466 12785
25055 864 12783 12465 12466 12786
25056 864 12784 12465 12466 12786
25057 864 12808 12487 12488 12810
25058 864 12809 12487 12488 12810
25059 864 12808 12487 12488 12811
25060 864 12809 12487 12488 12811
25061 864 12832 12510 12511 12834
25062 864 12833 12510 12511 12834
25063 864 12832 12510 12511 12835
25064 864 12833 12510 12511 12835
25065 864 12887 12548 12549 12889
25066 864 12887 12548 12549 12890
25067 864 12888 12548 12549 12889
25068 864 12888 12548 12549 12890
25069 864 12903 12560 12561 12905
25070 864 12904 12560 12561 12905
25071 864 12903 12560 12561 12906
25072 864 12904 12560 12561 12906
25073 864 12931 12583 12584 12933
25074 864 12932 12583 12584 12933
25075 864 12931 12583 12584 12934
25076 864 12932 12583 12584 12934
25077 864 12955 12605 12606 12957
25078 864 12956 12605 12606 12957
25079 864 12955 12605 12606 12958
25080 864 12956 12605 12606 12958
25081 864 303 17 18 305
25082 864 304 17 18 305
25083 864 328 38 39 330
25084 864 329 38 39 330
25085 864 355 60 61 357
25086 864 356 60 61 357
25087 864 426 111 112 428
25088 864 427 111 112 428
25089 864 451 133 134 453
25090 864 452 133 134 453
25091 864 475 155 156 477
25092 864 476 155 156 477
25093 864 546 206 207 548
25094 864 547 206 207 548
25095 864 574 229 230 576
25096 864 575 229 230 576
25097 864 598 250 251 600
25098 864 599 250 251 600
25099 864 953 667 668 955
25100 864 954 667 668 955
25101 864 978 688 689 980
25102 864 979 688 689 980
25103 864 1005 710 711 1007
25104 864 1006 710 711 1007
25105 864 1076 761 762 1078
25106 864 1077 761 762 1078
25107 864 1101 783 784 1103
25108 864 1102 783 784 1103
25109 864 1125 805 806 1127
25110 864 1126 805 806 1127
25111 864 1196 856 857 1198
25112 864 1197 856 857 1198
25113 864 1224 879 880 1226
25114 864 1225 879 880 1226
25115 864 1248 900 901 1250
25116 864 1249 900 901 1250
25117 864 1603 1317 1318 1605
25118 864 1604 1317 1318 1605
25119 864 1628 1338 1339 1630
25120 864 1629 1338 1339 1630
25121 864 1655 1360 1361 1657
25122 864 1656 1360 1361 1657
25123 864 1726 1411 1412 1728
25124 864 1727 1411 1412 1728
25125 864 1751 1433 1434 1753
25126 864 1752 1433 1434 1753
25127 864 1775 1455 1456 1777
25128 864 1776 1455 1456 1777
25129 864 1846 1506 1507 1848
25130 864 1847 1506 1507 1848
25131 864 1874 1529 1530 1876
25132 864 1875 1529 1530 1876
25133 864 1898 1550 1551 1900
25134 864 1899 1550 1551 1900
25135 864 2253 1967 1968 2255
25136 864 2254 1967 1968 2255
25137 864 2278 1988 1989 2280
25138 864 2279 1988 1989 2280
25139 864 2305 2010 2011 2307
25140 864 2306 2010 2011 2307
25141 864 2376 2061 2062 2378
25142 864 2377 2061 2062 2378
25143 864 2401 2083 2084 2403
25144 864 2402 2083 2084 2403
25145 864 2425 2105 2106 2427
25146 864 2426 2105 2106 2427
25147 864 2496 2156 2157 2498
25148 864 2497 2156 2157 2498
25149 864 2524 2179 2180 2526
25150 864 2525 2179 2180 2526
25151 864 2548 2200 2201 2550
25152 864 2549 2200 2201 2550
25153 864 2903 2617 2618 2905
25154 864 2904 2617 2618 2905
25155 864 2928 2638 2639 2930
25156 864 2929 2638 2639 2930
25157 864 2955 2660 2661 2957
25158 864 2956 2660 2661 2957
25159 864 3026 2711 2712 3028
25160 864 3027 2711 2712 3028
25161 864 3051 2733 2734 3053
25162 864 3052 2733 2734 3053
25163 864 3075 2755 2756 3077
25164 864 3076 2755 2756 3077
25165 864 3146 2806 2807 3148
25166 864 3147 2806 2807 3148
25167 864 3174 2829 2830 3176
25168 864 3175 2829 2830 3176
25169 864 3198 2850 2851 3200
25170 864 3199 2850 2851 3200
25171 864 3553 3267 3268 3555
25172 864 3554 3267 3268 3555
25173 864 3578 3288 3289 3580
25174 864 3579 3288 3289 3580
25175 864 3605 3310 3311 3607
25176 864 3606 3310 3311 3607
25177 864 3676 3361 3362 3678
25178 864 3677 3361 3362 3678
25179 864 3701 3383 3384 3703
25180 864 3702 3383 3384 3703
25181 864 3725 3405 3406 3727
25182 864 3726 3405 3406 3727
25183 864 3796 3456 3457 3798
25184 864 3797 3456 3457 3798
25185 864 3824 3479 3480 3826
25186 864 3825 3479 3480 3826
25187 864 3848 3500 3501 3850
25188 864 3849 3500 3501 3850
25189 864 4203 3917 3918 4205
25190 864 4204 3917 3918 4205
25191 864 4228 3938 3939 4230
25192 864 4229 3938 3939 4230
25193 864 4255 3960 3961 4257
25194 864 4256 3960 3961 4257
25195 864 4326 4011 4012 4328
25196 864 4327 4011 4012 4328
25197 864 4351 4033 4034 4353
25198 864 4352 4033 4034 4353
25199 864 4375 4055 4056 4377
25200 864 4376 4055 4056 4377
25201 864 4446 4106 4107 4448
25202 864 4447 4106 4107 4448
25203 864 4474 4129 4130 4476
25204 864 4475 4129 4130 4476
25205 864 4498 4150 4151 4500
25206 864 4499 4150 4151 4500
25207 864 4853 4567 4568 4855
25208 864 4854 4567 4568 4855
25209 864 4878 4588 4589 4880
25210 864 4879 4588 4589 4880
25211 864 4905 4610 4611 4907
25212 864 4906 4610 4611 4907
25213 864 4976 4661 4662 4978
25214 864 4977 4661 4662 4978
25215 864 5001 4683 4684 5003
25216 864 5002 4683 4684 5003
25217 864 5025 4705 4706 5027
25218 864 5026 4705 4706 5027
25219 864 5096 4756 4757 5098
25220 864 5097 4756 4757 5098
25221 864 5124 4779 4780 5126
25222 864 5125 4779 4780 5126
25223 864 5148 4800 4801 5150
25224 864 5149 4800 4801 5150
25225 864 5503 5217 5218 5505
25226 864 5504 5217 5218 5505
25227 864 5528 5238 5239 5530
25228 864 5529 5238 5239 5530
25229 864 5555 5260 5261 5557
25230 864 5556 5260 5261 5557
25231 864 5626 5311 5312 5628
25232 864 5627 5311 5312 5628
25233 864 5651 5333 5334 5653
25234 864 5652 5333 5334 5653
25235 864 5675 5355 5356 5677
25236 864 5676 5355 5356 5677
25237 864 5746 5406 5407 5748
25238 864 5747 5406 5407 5748
25239 864 5774 5429 5430 5776
25240 864 5775 5429 5430 5776
25241 864 5798 5450 5451 5800
25242 864 5799 5450 5451 5800
25243 864 6153 5867 5868 6155
25244 864 6154 5867 5868 6155
25245 864 6178 5888 5889 6180
25246 864 6179 5888 5889 6180
25247 864 6205 5910 5911 6207
25248 864 6206 5910 5911 6207
25249 864 6276 5961 5962 6278
25250 864 6277 5961 5962 6278
25251 864 6301 5983 5984 6303
25252 864 6302 5983 5984 6303
25253 864 6325 6005 6006 6327
25254 864 6326 6005 6006 6327
25255 864 6396 6056 6057 6398
25256 864 6397 6056 6057 6398
25257 864 6424 6079 6080 6426
25258 864 6425 6079 6080 6426
25259 864 6448 6100 6101 6450
25260 864 6449 6100 6101 6450
25261 864 6803 6517 6518 6805
25262 864 6804 6517 6518 6805
25263 864 6828 6538 6539 6830
25264 864 6829 6538 6539 6830
25265 864 6855 6560 6561 6857
25266 864 6856 6560 6561 6857
25267 864 6926 6611 6612 6928
25268 864 6927 6611 6612 6928
25269 864 6951 6633 6634 6953
25270 864 6952 6633 6634 6953
25271 864 6975 6655 6656 6977
25272 864 6976 6655 6656 6977
25273 864 7046 6706 6707 7048
25274 864 7047 6706 6707 7048
25275 864 7074 6729 6730 7076
25276 864 7075 6729 6730 7076
25277 864 7098 6750 6751 7100
25278 864 7099 6750 6751 7100
25279 864 7453 7167 7168 7455
25280 864 7454 7167 7168 7455
25281 864 7478 7188 7189 7480
25282 864 7479 7188 7189 7480
25283 864 7505 7210 7211 7507
25284 864 7506 7210 7211 7507
25285 864 7576 7261 7262 7578
25286 864 7577 7261 7262 7578
25287 864 7601 7283 7284 7603
25288 864 7602 7283 7284 7603
25289 864 7625 7305 7306 7627
25290 864 7626 7305 7306 7627
25291 864 7696 7356 7357 7698
25292 864 7697 7356 7357 7698
25293 864 7724 7379 7380 7726
25294 864 7725 7379 7380 7726
25295 864 7748 7400 7401 7750
25296 864 7749 7400 7401 7750
25297 864 8103 7817 7818 8105
25298 864 8104 7817 7818 8105
25299 864 8128 7838 7839 8130
25300 864 8129 7838 7839 8130
25301 864 8155 7860 7861 8157
25302 864 8156 7860 7861 8157
25303 864 8226 7911 7912 8228
25304 864 8227 7911 7912 8228
25305 864 8251 7933 7934 8253
25306 864 8252 7933 7934 8253
25307 864 8275 7955 7956 8277
25308 864 8276 7955 7956 8277
25309 864 8346 8006 8007 8348
25310 864 8347 8006 8007 8348
25311 864 8374 8029 8030 8376
25312 864 8375 8029 8030 8376
25313 864 8398 8050 8051 8400
25314 864 8399 8050 8051 8400
25315 864 8753 8467 8468 8755
25316 864 8754 8467 8468 8755
25317 864 8778 8488 8489 8780
25318 864 8779 8488 8489 8780
25319 864 8805 8510 8511 8807
25320 864 8806 8510 8511 8807
25321 864 8876 8561 8562 8878
25322 864 8877 8561 8562 8878
25323 864 8901 8583 8584 8903
25324 864 8902 8583 8584 8903
25325 864 8925 8605 8606 8927
25326 864 8926 8605 8606 8927
25327 864 8996 8656 8657 8998
25328 864 8997 8656 8657 8998
25329 864 9024 8679 8680 9026
25330 864 9025 8679 8680 9026
25331 864 9048 8700 8701 9050
25332 864 9049 8700 8701 9050
25333 864 9403 9117 9118 9405
25334 864 9404 9117 9118 9405
25335 864 9428 9138 9139 9430
25336 864 9429 9138 9139 9430
25337 864 9455 9160 9161 9457
25338 864 9456 9160 9161 9457
25339 864 9526 9211 9212 9528
25340 864 9527 9211 9212 9528
25341 864 9551 9233 9234 9553
25342 864 9552 9233 9234 9553
25343 864 9575 9255 9256 9577
25344 864 9576 9255 9256 9577
25345 864 9646 9306 9307 9648
25346 864 9647 9306 9307 9648
25347 864 9674 9329 9330 9676
25348 864 9675 9329 9330 9676
25349 864 9698 9350 9351 9700
25350 864 9699 9350 9351 9700
25351 864 10053 9767 9768 10055
25352 864 10054 9767 9768 10055
25353 864 10078 9788 9789 10080
25354 864 10079 9788 9789 10080
25355 864 10105 9810 9811 10107
25356 864 10106 9810 9811 10107
25357 864 10176 9861 9862 10178
25358 864 10177 9861 9862 10178
25359 864 10201 9883 9884 10203
25360 864 10202 9883 9884 10203
25361 864 10225 9905 9906 10227
25362 864 10226 9905 9906 10227
25363 864 10296 9956 9957 10298
25364 864 10297 9956 9957 10298
25365 864 10324 9979 9980 10326
25366 864 10325 9979 9980 10326
25367 864 10348 10000 10001 10350
25368 864 10349 10000 10001 10350
25369 864 10703 10417 10418 10705
25370 864 10704 10417 10418 10705
25371 864 10728 10438 10439 10730
25372 864 10729 10438 10439 10730
25373 864 10755 10460 10461 10757
25374 864 10756 10460 10461 10757
25375 864 10826 10511 10512 10828
25376 864 10827 10511 10512 10828
25377 864 10851 10533 10534 10853
25378 864 10852 10533 10534 10853
25379 864 10875 10555 10556 10877
25380 864 10876 10555 10556 10877
25381 864 10946 10606 10607 10948
25382 864 10947 10606 10607 10948
25383 864 10974 10629 10630 10976
25384 864 10975 10629 10630 10976
25385 864 10998 10650 10651 11000
25386 864 10999 10650 10651 11000
25387 864 11353 11067 11068 11355
25388 864 11354 11067 11068 11355
25389 864 11378 11088 11089 11380
25390 864 11379 11088 11089 11380
25391 864 11405 11110 11111 11407
25392 864 11406 11110 11111 11407
25393 864 11476 11161 11162 11478
25394 864 11477 11161 11162 11478
25395 864 11501 11183 11184 11503
25396 864 11502 11183 11184 11503
25397 864 11525 11205 11206 11527
25398 864 11526 11205 11206 11527
25399 864 11596 11256 11257 11598
25400 864 11597 11256 11257 11598
25401 864 11624 11279 11280 11626
25402 864 11625 11279 11280 11626
25403 864 11648 11300 11301 11650
25404 864 11649 11300 11301 11650
25405 864 12003 11717 11718 12005
25406 864 12004 11717 11718 12005
25407 864 12028 11738 11739 12030
25408 864 12029 11738 11739 12030
25409 864 12055 11760 11761 12057
25410 864 12056 11760 11761 12057
25411 864 12126 11811 11812 12128
25412 864 12127 11811 11812 12128
25413 864 12151 11833 11834 12153
25414 864 12152 11833 11834 12153
25415 864 12175 11855 11856 12177
25416 864 12176 11855 11856 12177
25417 864 12246 11906 11907 12248
25418 864 12247 11906 11907 12248
25419 864 12274 11929 11930 12276
25420 864 12275 11929 11930 12276
25421 864 12298 11950 11951 12300
25422 864 12299 11950 11951 12300
25423 864 12653 12367 12368 12655
25424 864 12654 12367 12368 12655
25425 864 12678 12388 12389 12680
25426 864 12679 12388 12389 12680
25427 864 12705 12410 12411 12707
25428 864 12706 12410 12411 12707
25429 864 12776 12461 12462 12778
25430 864 12777 12461 12462 12778
25431 864 12801 12483 12484 12803
25432 864 12802 12483 12484 12803
25433 864 12825 12505 12506 12827
25434 864 12826 12505 12506 12827
25435 864 12896 12556 12557 12898
25436 864 12897 12556 12557 12898
25437 864 12924 12579 12580 12926
25438 864 12925 12579 12580 12926
25439 864 12948 12600 12601 12950
25440 864 12949 12600 12601 12950
25441 864 305 18 19 306
25442 864 305 18 19 307
25443 864 305 18 19 308
25444 864 330 39 40 331
25445 864 330 39 40 332
25446 864 330 39 40 333
25447 864 357 61 62 358
25448 864 357 61 62 359
25449 864 357 61 62 360
25450 864 428 112 113 429
25451 864 428 112 113 430
25452 864 428 112 113 431
25453 864 453 134 135 454
25454 864 453 134 135 455
25455 864 453 134 135 456
25456 864 477 156 157 478
25457 864 477 156 157 479
25458 864 477 156 157 480
25459 864 548 207 208 549
25460 864 548 207 208 550
25461 864 548 207 208 551
25462 864 576 230 231 577
25463 864 576 230 231 578
25464 864 576 230 231 579
25465 864 600 251 252 601
25466 864 600 251 252 602
25467 864 600 251 252 603
25468 864 955 668 669 956
25469 864 955 668 669 957
25470 864 955 668 669 958
25471 864 980 689 690 981
25472 864 980 689 690 982
25473 864 980 689 690 983
25474 864 1007 711 712 1008
25475 864 1007 711 712 1009
25476 864 1007 711 712 1010
25477 864 1078 762 763 1079
25478 864 1078 762 763 1080
25479 864 1078 762 763 1081
25480 864 1103 784 785 1104
25481 864 1103 784 785 1105
25482 864 1103 784 785 1106
25483 864 1127 806 807 1128
25484 864 1127 806 807 1129
25485 864 1127 806 807 1130
25486 864 1198 857 858 1199
25487 864 1198 857 858 1200
25488 864 1198 857 858 1201
25489 864 1226 880 881 1227
25490 864 1226 880 881 1228
25491 864 1226 880 881 1229
25492 864 1250 901 902 1251
25493 864 1250 901 902 1252
25494 864 1250 901 902 1253
25495 864 1605 1318 1319 1606
25496 864 1605 1318 1319 1607
25497 864 1605 1318 1319 1608
25498 864 1630 1339 1340 1631
25499 864 1630 1339 1340 1632
25500 864 1630 1339 1340 1633
25501 864 1657 1361 1362 1658
25502 864 1657 1361 1362 1659
25503 864 1657 1361 1362 1660
25504 864 1728 1412 1413 1729
25505 864 1728 1412 1413 1730
25506 864 1728 1412 1413 1731
25507 864 1753 1434 1435 1754
25508 864 1753 1434 1435 1755
25509 864 1753 1434 1435 1756
25510 864 1777 1456 1457 1778
25511 864 1777 1456 1457 1779
25512 864 1777 1456 1457 1780
25513 864 1848 1507 1508 1849
25514 864 1848 1507 1508 1850
25515 864 1848 1507 1508 1851
25516 864 1876 1530 1531 1877
25517 864 1876 1530 1531 1878
25518 864 1876 1530 1531 1879
25519 864 1900 1551 1552 1901
25520 864 1900 1551 1552 1902
25521 864 1900 1551 1552 1903
25522 864 2255 1968 1969 2256
25523 864 2255 1968 1969 2257
25524 864 2255 1968 1969 2258
25525 864 2280 1989 1990 2281
25526 864 2280 1989 1990 2282
25527 864 2280 1989 1990 2283
25528 864 2307 2011 2012 2308
25529 864 2307 2011 2012 2309
25530 864 2307 2011 2012 2310
25531 864 2378 2062 2063 2379
25532 864 2378 2062 2063 2380
25533 864 2378 2062 2063 2381
25534 864 2403 2084 2085 2404
25535 864 2403 2084 2085 2405
25536 864 2403 2084 2085 2406
25537 864 2427 2106 2107 2428
25538 864 2427 2106 2107 2429
25539 864 2427 2106 2107 2430
25540 864 2498 2157 2158 2499
25541 864 2498 2157 2158 2500
25542 864 2498 2157 2158 2501
25543 864 2526 2180 2181 2527
25544 864 2526 2180 2181 2528
25545 864 2526 2180 2181 2529
25546 864 2550 2201 2202 2551
25547 864 2550 2201 2202 2552
25548 864 2550 2201 2202 2553
25549 864 2905 2618 2619 2906
25550 864 2905 2618 2619 2907
25551 864 2905 2618 2619 2908
25552 864 2930 2639 2640 2931
25553 864 2930 2639 2640 2932
25554 864 2930 2639 2640 2933
25555 864 2957 2661 2662 2958
25556 864 2957 2661 2662 2959
25557 864 2957 2661 2662 2960
25558 864 3028 2712 2713 3029
25559 864 3028 2712 2713 3030
25560 864 3028 2712 2713 3031
25561 864 3053 2734 2735 3054
25562 864 3053 2734 2735 3055
25563 864 3053 2734 2735 3056
25564 864 3077 2756 2757 3078
25565 864 3077 2756 2757 3079
25566 864 3077 2756 2757 3080
25567 864 3148 2807 2808 3149
25568 864 3148 2807 2808 3150
25569 864 3148 2807 2808 3151
25570 864 3176 2830 2831 3177
25571 864 3176 2830 2831 3178
25572 864 3176 2830 2831 3179
25573 864 3200 2851 2852 3201
25574 864 3200 2851 2852 3202
25575 864 3200 2851 2852 3203
25576 864 3555 3268 3269 3556
25577 864 3555 3268 3269 3557
25578 864 3555 3268 3269 3558
25579 864 3580 3289 3290 3581
25580 864 3580 3289 3290 3582
25581 864 3580 3289 3290 3583
25582 864 3607 3311 3312 3608
25583 864 3607 3311 3312 3609
25584 864 3607 3311 3312 3610
25585 864 3678 3362 3363 3679
25586 864 3678 3362 3363 3680
25587 864 3678 3362 3363 3681
25588 864 3703 3384 3385 3704
25589 864 3703 3384 3385 3705
25590 864 3703 3384 3385 3706
25591 864 3727 3406 3407 3728
25592 864 3727 3406 3407 3729
25593 864 3727 3406 3407 3730
25594 864 3798 3457 3458 3799
25595 864 3798 3457 3458 3800
25596 864 3798 3457 3458 3801
25597 864 3826 3480 3481 3827
25598 864 3826 3480 3481 3828
25599 864 3826 3480 3481 3829
25600 864 3850 3501 3502 3851
25601 864 3850 3501 3502 3852
25602 864 3850 3501 3502 3853
25603 864 4205 3918 3919 4206
25604 864 4205 3918 3919 4207
25605 864 4205 3918 3919 4208
25606 864 4230 3939 3940 4231
25607 864 4230 3939 3940 4232
25608 864 4230 3939 3940 4233
25609 864 4257 3961 3962 4258
25610 864 4257 3961 3962 4259
25611 864 4257 3961 3962 4260
25612 864 4328 4012 4013 4329
25613 864 4328 4012 4013 4330
25614 864 4328 4012 4013 4331
25615 864 4353 4034 4035 4354
25616 864 4353 4034 4035 4355
25617 864 4353 4034 4035 4356
25618 864 4377 4056 4057 4378
25619 864 4377 4056 4057 4379
25620 864 4377 4056 4057 4380
25621 864 4448 4107 4108 4449
25622 864 4448 4107 4108 4450
25623 864 4448 4107 4108 4451
25624 864 4476 4130 4131 4477
25625 864 4476 4130 4131 4478
25626 864 4476 4130 4131 4479
25627 864 4500 4151 4152 4501
25628 864 4500 4151 4152 4502
25629 864 4500 4151 4152 4503
25630 864 4855 4568 4569 4856
25631 864 4855 4568 4569 4857
25632 864 4855 4568 4569 4858
25633 864 4880 4589 4590 4881
25634 864 4880 4589 4590 4882
25635 864 4880 4589 4590 4883
25636 864 4907 4611 4612 4908
25637 864 4907 4611 4612 4909
25638 864 4907 4611 4612 4910
25639 864 4978 4662 4663 4979
25640 864 4978 4662 4663 4980
25641 864 4978 4662 4663 4981
25642 864 5003 4684 4685 5004
25643 864 5003 4684 4685 5005
25644 864 5003 4684 4685 5006
25645 864 5027 4706 4707 5028
25646 864 5027 4706 4707 5029
25647 864 5027 4706 4707 5030
25648 864 5098 4757 4758 5099
25649 864 5098 4757 4758 5100
25650 864 5098 4757 4758 5101
25651 864 5126 4780 4781 5127
25652 864 5126 4780 4781 5128
25653 864 5126 4780 4781 5129
25654 864 5150 4801 4802 5151
25655 864 5150 4801 4802 5152
25656 864 5150 4801 4802 5153
25657 864 5505 5218 5219 5506
25658 864 5505 5218 5219 5507
25659 864 5505 5218 5219 5508
25660 864 5530 5239 5240 5531
25661 864 5530 5239 5240 5532
25662 864 5530 5239 5240 5533
25663 864 5557 5261 5262 5558
25664 864 5557 5261 5262 5559
25665 864 5557 5261 5262 5560
25666 864 5628 5312 5313 5629
25667 864 5628 5312 5313 5630
25668 864 5628 5312 5313 5631
25669 864 5653 5334 5335 5654
25670 864 5653 5334 5335 5655
25671 864 5653 5334 5335 5656
25672 864 5677 5356 5357 5678
25673 864 5677 5356 5357 5679
25674 864 5677 5356 5357 5680
25675 864 5748 5407 5408 5749
25676 864 5748 5407 5408 5750
25677 864 5748 5407 5408 5751
25678 864 5776 5430 5431 5777
25679 864 5776 5430 5431 5778
25680 864 5776 5430 5431 5779
25681 864 5800 5451 5452 5801
25682 864 5800 5451 5452 5802
25683 864 5800 5451 5452 5803
25684 864 6155 5868 5869 6156
25685 864 6155 5868 5869 6157
25686 864 6155 5868 5869 6158
25687 864 6180 5889 5890 6181
25688 864 6180 5889 5890 6182
25689 864 6180 5889 5890 6183
25690 864 6207 5911 5912 6208
25691 864 6207 5911 5912 6209
25692 864 6207 5911 5912 6210
25693 864 6278 5962 5963 6279
25694 864 6278 5962 5963 6280
25695 864 6278 5962 5963 6281
25696 864 6303 5984 5985 6304
25697 864 6303 5984 5985 6305
25698 864 6303 5984 5985 6306
25699 864 6327 6006 6007 6328
25700 864 6327 6006 6007 6329
25701 864 6327 6006 6007 6330
25702 864 6398 6057 6058 6399
25703 864 6398 6057 6058 6400
25704 864 6398 6057 6058 6401
25705 864 6426 6080 6081 6427
25706 864 6426 6080 6081 6428
25707 864 6426 6080 6081 6429
25708 864 6450 6101 6102 6451
25709 864 6450 6101 6102 6452
25710 864 6450 6101 6102 6453
25711 864 6805 6518 6519 6806
25712 864 6805 6518 6519 6807
25713 864 6805 6518 6519 6808
25714 864 6830 6539 6540 6831
25715 864 6830 6539 6540 6832
25716 864 6830 6539 6540 6833
25717 864 6857 6561 6562 6858
25718 864 6857 6561 6562 6859
25719 864 6857 6561 6562 6860
25720 864 6928 6612 6613 6929
25721 864 6928 6612 6613 6930
25722 864 6928 6612 6613 6931
25723 864 6953 6634 6635 6954
25724 864 6953 6634 6635 6955
25725 864 6953 6634 6635 6956
25726 864 6977 6656 6657 6978
25727 864 6977 6656 6657 6979
25728 864 6977 6656 6657 6980
25729 864 7048 6707 6708 7049
25730 864 7048 6707 6708 7050
25731 864 7048 6707 6708 7051
25732 864 7076 6730 6731 7077
25733 864 7076 6730 6731 7078
25734 864 7076 6730 6731 7079
25735 864 7100 6751 6752 7101
25736 864 7100 6751 6752 7102
25737 864 7100 6751 6752 7103
25738 864 7455 7168 7169 7456
25739 864 7455 7168 7169 7457
25740 864 7455 7168 7169 7458
25741 864 7480 7189 7190 7481
25742 864 7480 7189 7190 7482
25743 864 7480 7189 7190 7483
25744 864 7507 7211 7212 7508
25745 864 7507 7211 7212 7509
25746 864 7507 7211 7212 7510
25747 864 7578 7262 7263 7579
25748 864 7578 7262 7263 7580
25749 864 7578 7262 7263 7581
25750 864 7603 7284 7285 7604
25751 864 7603 7284 7285 7605
25752 864 7603 7284 7285 7606
25753 864 7627 7306 7307 7628
25754 864 7627 7306 7307 7629
25755 864 7627 7306 7307 7630
25756 864 7698 7357 7358 7699
25757 864 7698 7357 7358 7700
25758 864 7698 7357 7358 7701
25759 864 7726 7380 7381 7727
25760 864 7726 7380 7381 7728
25761 864 7726 7380 7381 7729
25762 864 7750 7401 7402 7751
25763 864 7750 7401 7402 7752
25764 864 7750 7401 7402 7753
25765 864 8105 7818 7819 8106
25766 864 8105 7818 7819 8107
25767 864 8105 7818 7819 8108
25768 864 8130 7839 7840 8131
25769 864 8130 7839 7840 8132
25770 864 8130 7839 7840 8133
25771 864 8157 7861 7862 8158
25772 864 8157 7861 7862 8159
25773 864 8157 7861 7862 8160
25774 864 8228 7912 7913 8229
25775 864 8228 7912 7913 8230
25776 864 8228 7912 7913 8231
25777 864 8253 7934 7935 8254
25778 864 8253 7934 7935 8255
25779 864 8253 7934 7935 8256
25780 864 8277 7956 7957 8278
25781 864 8277 7956 7957 8279
25782 864 8277 7956 7957 8280
25783 864 8348 8007 8008 8349
25784 864 8348 8007 8008 8350
25785 864 8348 8007 8008 8351
25786 864 8376 8030 8031 8377
25787 864 8376 8030 8031 8378
25788 864 8376 8030 8031 8379
25789 864 8400 8051 8052 8401
25790 864 8400 8051 8052 8402
25791 864 8400 8051 8052 8403
25792 864 8755 8468 8469 8756
25793 864 8755 8468 8469 8757
25794 864 8755 8468 8469 8758
25795 864 8780 8489 8490 8781
25796 864 8780 8489 8490 8782
25797 864 8780 8489 8490 8783
25798 864 8807 8511 8512 8808
25799 864 8807 8511 8512 8809
25800 864 8807 8511 8512 8810
25801 864 8878 8562 8563 8879
25802 864 8878 8562 8563 8880
25803 864 8878 8562 8563 8881
25804 864 8903 8584 8585 8904
25805 864 8903 8584 8585 8905
25806 864 8903 8584 8585 8906
25807 864 8927 8606 8607 8928
25808 864 8927 8606 8607 8929
25809 864 8927 8606 8607 8930
25810 864 8998 8657 8658 8999
25811 864 8998 8657 8658 9000
25812 864 8998 8657 8658 9001
25813 864 9026 8680 8681 9027
25814 864 9026 8680 8681 9028
25815 864 9026 8680 8681 9029
25816 864 9050 8701 8702 9051
25817 864 9050 8701 8702 9052
25818 864 9050 8701 8702 9053
25819 864 9405 9118 9119 9406
25820 864 9405 9118 9119 9407
25821 864 9405 9118 9119 9408
25822 864 9430 9139 9140 9431
25823 864 9430 9139 9140 9432
25824 864 9430 9139 9140 9433
25825 864 9457 9161 9162 9458
25826 864 9457 9161 9162 9459
25827 864 9457 9161 9162 9460
25828 864 9528 9212 9213 9529
25829 864 9528 9212 9213 9530
25830 864 9528 9212 9213 9531
25831 864 9553 9234 9235 9554
25832 864 9553 9234 9235 9555
25833 864 9553 9234 9235 9556
25834 864 9577 9256 9257 9578
25835 864 9577 9256 9257 9579
25836 864 9577 9256 9257 9580
25837 864 9648 9307 9308 9649
25838 864 9648 9307 9308 9650
25839 864 9648 9307 9308 9651
25840 864 9676 9330 9331 9677
25841 864 9676 9330 9331 9678
25842 864 9676 9330 9331 9679
25843 864 9700 9351 9352 9701
25844 864 9700 9351 9352 9702
25845 864 9700 9351 9352 9703
25846 864 10055 9768 9769 10056
25847 864 10055 9768 9769 10057
25848 864 10055 9768 9769 10058
25849 864 10080 9789 9790 10081
25850 864 10080 9789 9790 10082
25851 864 10080 9789 9790 10083
25852 864 10107 9811 9812 10108
25853 864 10107 9811 9812 10109
25854 864 10107 9811 9812 10110
25855 864 10178 9862 9863 10179
25856 864 10178 9862 9863 10180
25857 864 10178 9862 9863 10181
25858 864 10203 9884 9885 10204
25859 864 10203 9884 9885 10205
25860 864 10203 9884 9885 10206
25861 864 10227 9906 9907 10228
25862 864 10227 9906 9907 10229
25863 864 10227 9906 9907 10230
25864 864 10298 9957 9958 10299
25865 864 10298 9957 9958 10300
25866 864 10298 9957 9958 10301
25867 864 10326 9980 9981 10327
25868 864 10326 9980 9981 10328
25869 864 10326 9980 9981 10329
25870 864 10350 10001 10002 10351
25871 864 10350 10001 10002 10352
25872 864 10350 10001 10002 10353
25873 864 10705 10418 10419 10706
25874 864 10705 10418 10419 10707
25875 864 10705 10418 10419 10708
25876 864 10730 10439 10440 10731
25877 864 10730 10439 10440 10732
25878 864 10730 10439 10440 10733
25879 864 10757 10461 10462 10758
25880 864 10757 10461 10462 10759
25881 864 10757 10461 10462 10760
25882 864 10828 10512 10513 10829
25883 864 10828 10512 10513 10830
25884 864 10828 10512 10513 10831
25885 864 10853 10534 10535 10854
25886 864 10853 10534 10535 10855
25887 864 10853 10534 10535 10856
25888 864 10877 10556 10557 10878
25889 864 10877 10556 10557 10879
25890 864 10877 10556 10557 10880
25891 864 10948 10607 10608 10949
25892 864 10948 10607 10608 10950
25893 864 10948 10607 10608 10951
25894 864 10976 10630 10631 10977
25895 864 10976 10630 10631 10978
25896 864 10976 10630 10631 10979
25897 864 11000 10651 10652 11001
25898 864 11000 10651 10652 11002
25899 864 11000 10651 10652 11003
25900 864 11355 11068 11069 11356
25901 864 11355 11068 11069 11357
25902 864 11355 11068 11069 11358
25903 864 11380 11089 11090 11381
25904 864 11380 11089 11090 11382
25905 864 11380 11089 11090 11383
25906 864 11407 11111 11112 11408
25907 864 11407 11111 11112 11409
25908 864 11407 11111 11112 11410
25909 864 11478 11162 11163 11479
25910 864 11478 11162 11163 11480
25911 864 11478 11162 11163 11481
25912 864 11503 11184 11185 11504
25913 864 11503 11184 11185 11505
25914 864 11503 11184 11185 11506
25915 864 11527 11206 11207 11528
25916 864 11527 11206 11207 11529
25917 864 11527 11206 11207 11530
25918 864 11598 11257 11258 11599
25919 864 11598 11257 11258 11600
25920 864 11598 11257 11258 11601
25921 864 11626 11280 11281 11627
25922 864 11626 11280 11281 11628
25923 864 11626 11280 11281 11629
25924 864 11650 11301 11302 11651
25925 864 11650 11301 11302 11652
25926 864 11650 11301 11302 11653
25927 864 12005 11718 11719 12006
25928 864 12005 11718 11719 12007
25929 864 12005 11718 11719 12008
25930 864 12030 11739 11740 12031
25931 864 12030 11739 11740 12032
25932 864 12030 11739 11740 12033
25933 864 12057 11761 11762 12058
25934 864 12057 11761 11762 12059
25935 864 12057 11761 11762 12060
25936 864 12128 11812 11813 12129
25937 864 12128 11812 11813 12130
25938 864 12128 11812 11813 12131
25939 864 12153 11834 11835 12154
25940 864 12153 11834 11835 12155
25941 864 12153 11834 11835 12156
25942 864 12177 11856 11857 12178
25943 864 12177 11856 11857 12179
25944 864 12177 11856 11857 12180
25945 864 12248 11907 11908 12249
25946 864 12248 11907 11908 12250
25947 864 12248 11907 11908 12251
25948 864 12276 11930 11931 12277
25949 864 12276 11930 11931 12278
25950 864 12276 11930 11931 12279
25951 864 12300 11951 11952 12301
25952 864 12300 11951 11952 12302
25953 864 12300 11951 11952 12303
25954 864 12655 12368 12369 12656
25955 864 12655 12368 12369 12657
25956 864 12655 12368 12369 12658
25957 864 12680 12389 12390 12681
25958 864 12680 12389 12390 12682
25959 864 12680 12389 12390 12683
25960 864 12707 12411 12412 12708
25961 864 12707 12411 12412 12709
25962 864 12707 12411 12412 12710
25963 864 12778 12462 12463 12779
25964 864 12778 12462 12463 12780
25965 864 12778 12462 12463 12781
25966 864 12803 12484 12485 12804
25967 864 12803 12484 12485 12805
25968 864 12803 12484 12485 12806
25969 864 12827 12506 12507 12828
25970 864 12827 12506 12507 12829
25971 864 12827 12506 12507 12830
25972 864 12898 12557 12558 12899
25973 864 12898 12557 12558 12900
25974 864 12898 12557 12558 12901
25975 864 12926 12580 12581 12927
25976 864 12926 12580 12581 12928
25977 864 12926 12580 12581 12929
25978 864 12950 12601 12602 12951
25979 864 12950 12601 12602 12952
25980 864 12950 12601 12602 12953
25981 864 318 26 27 320
25982 864 318 26 27 321
25983 864 319 26 27 320
25984 864 319 26 27 321
25985 864 343 47 48 345
25986 864 343 47 48 346
25987 864 344 47 48 345
25988 864 344 47 48 346
25989 864 370 70 71 372
25990 864 370 70 71 373
25991 864 371 70 71 372
25992 864 371 70 71 373
25993 864 441 120 121 443
25994 864 441 120 121 444
25995 864 442 120 121 443
25996 864 442 120 121 444
25997 864 466 142 143 468
25998 864 466 142 143 469
25999 864 467 142 143 468
26000 864 467 142 143 469
26001 864 490 165 166 492
26002 864 490 165 166 493
26003 864 491 165 166 492
26004 864 491 165 166 493
26005 864 561 215 216 563
26006 864 561 215 216 564
26007 864 562 215 216 563
26008 864 562 215 216 564
26009 864 589 238 239 591
26010 864 589 238 239 592
26011 864 590 238 239 591
26012 864 590 238 239 592
26013 864 613 260 261 615
26014 864 613 260 261 616
26015 864 614 260 261 615
26016 864 614 260 261 616
26017 864 968 676 677 970
26018 864 968 676 677 971
26019 864 969 676 677 970
26020 864 969 676 677 971
26021 864 993 697 698 995
26022 864 993 697 698 996
26023 864 994 697 698 995
26024 864 994 697 698 996
26025 864 1020 720 721 1022
26026 864 1020 720 721 1023
26027 864 1021 720 721 1022
26028 864 1021 720 721 1023
26029 864 1091 770 771 1093
26030 864 1091 770 771 1094
26031 864 1092 770 771 1093
26032 864 1092 770 771 1094
26033 864 1116 792 793 1118
26034 864 1116 792 793 1119
26035 864 1117 792 793 1118
26036 864 1117 792 793 1119
26037 864 1140 815 816 1142
26038 864 1140 815 816 1143
26039 864 1141 815 816 1142
26040 864 1141 815 816 1143
26041 864 1211 865 866 1213
26042 864 1211 865 866 1214
26043 864 1212 865 866 1213
26044 864 1212 865 866 1214
26045 864 1239 888 889 1241
26046 864 1239 888 889 1242
26047 864 1240 888 889 1241
26048 864 1240 888 889 1242
26049 864 1263 910 911 1265
26050 864 1263 910 911 1266
26051 864 1264 910 911 1265
26052 864 1264 910 911 1266
26053 864 1618 1326 1327 1620
26054 864 1618 1326 1327 1621
26055 864 1619 1326 1327 1620
26056 864 1619 1326 1327 1621
26057 864 1643 1347 1348 1645
26058 864 1643 1347 1348 1646
26059 864 1644 1347 1348 1645
26060 864 1644 1347 1348 1646
26061 864 1670 1370 1371 1672
26062 864 1670 1370 1371 1673
26063 864 1671 1370 1371 1672
26064 864 1671 1370 1371 1673
26065 864 1741 1420 1421 1743
26066 864 1741 1420 1421 1744
26067 864 1742 1420 1421 1743
26068 864 1742 1420 1421 1744
26069 864 1766 1442 1443 1768
26070 864 1766 1442 1443 1769
26071 864 1767 1442 1443 1768
26072 864 1767 1442 1443 1769
26073 864 1790 1465 1466 1792
26074 864 1790 1465 1466 1793
26075 864 1791 1465 1466 1792
26076 864 1791 1465 1466 1793
26077 864 1861 1515 1516 1863
26078 864 1861 1515 1516 1864
26079 864 1862 1515 1516 1863
26080 864 1862 1515 1516 1864
26081 864 1889 1538 1539 1891
26082 864 1889 1538 1539 1892
26083 864 1890 1538 1539 1891
26084 864 1890 1538 1539 1892
26085 864 1913 1560 1561 1915
26086 864 1913 1560 1561 1916
26087 864 1914 1560 1561 1915
26088 864 1914 1560 1561 1916
26089 864 2268 1976 1977 2270
26090 864 2268 1976 1977 2271
26091 864 2269 1976 1977 2270
26092 864 2269 1976 1977 2271
26093 864 2293 1997 1998 2295
26094 864 2293 1997 1998 2296
26095 864 2294 1997 1998 2295
26096 864 2294 1997 1998 2296
26097 864 2320 2020 2021 2322
26098 864 2320 2020 2021 2323
26099 864 2321 2020 2021 2322
26100 864 2321 2020 2021 2323
26101 864 2391 2070 2071 2393
26102 864 2391 2070 2071 2394
26103 864 2392 2070 2071 2393
26104 864 2392 2070 2071 2394
26105 864 2416 2092 2093 2418
26106 864 2416 2092 2093 2419
26107 864 2417 2092 2093 2418
26108 864 2417 2092 2093 2419
26109 864 2440 2115 2116 2442
26110 864 2440 2115 2116 2443
26111 864 2441 2115 2116 2442
26112 864 2441 2115 2116 2443
26113 864 2511 2165 2166 2513
26114 864 2511 2165 2166 2514
26115 864 2512 2165 2166 2513
26116 864 2512 2165 2166 2514
26117 864 2539 2188 2189 2541
26118 864 2539 2188 2189 2542
26119 864 2540 2188 2189 2541
26120 864 2540 2188 2189 2542
26121 864 2563 2210 2211 2565
26122 864 2563 2210 2211 2566
26123 864 2564 2210 2211 2565
26124 864 2564 2210 2211 2566
26125 864 2918 2626 2627 2920
26126 864 2918 2626 2627 2921
26127 864 2919 2626 2627 2920
26128 864 2919 2626 2627 2921
26129 864 2943 2647 2648 2945
26130 864 2943 2647 2648 2946
26131 864 2944 2647 2648 2945
26132 864 2944 2647 2648 2946
26133 864 2970 2670 2671 2972
26134 864 2970 2670 2671 2973
26135 864 2971 2670 2671 2972
26136 864 2971 2670 2671 2973
26137 864 3041 2720 2721 3043
26138 864 3041 2720 2721 3044
26139 864 3042 2720 2721 3043
26140 864 3042 2720 2721 3044
26141 864 3066 2742 2743 3068
26142 864 3066 2742 2743 3069
26143 864 3067 2742 2743 3068
26144 864 3067 2742 2743 3069
26145 864 3090 2765 2766 3092
26146 864 3090 2765 2766 3093
26147 864 3091 2765 2766 3092
26148 864 3091 2765 2766 3093
26149 864 3161 2815 2816 3163
26150 864 3161 2815 2816 3164
26151 864 3162 2815 2816 3163
26152 864 3162 2815 2816 3164
26153 864 3189 2838 2839 3191
26154 864 3189 2838 2839 3192
26155 864 3190 2838 2839 3191
26156 864 3190 2838 2839 3192
26157 864 3213 2860 2861 3215
26158 864 3213 2860 2861 3216
26159 864 3214 2860 2861 3215
26160 864 3214 2860 2861 3216
26161 864 3568 3276 3277 3570
26162 864 3568 3276 3277 3571
26163 864 3569 3276 3277 3570
26164 864 3569 3276 3277 3571
26165 864 3593 3297 3298 3595
26166 864 3593 3297 3298 3596
26167 864 3594 3297 3298 3595
26168 864 3594 3297 3298 3596
26169 864 3620 3320 3321 3622
26170 864 3620 3320 3321 3623
26171 864 3621 3320 3321 3622
26172 864 3621 3320 3321 3623
26173 864 3691 3370 3371 3693
26174 864 3691 3370 3371 3694
26175 864 3692 3370 3371 3693
26176 864 3692 3370 3371 3694
26177 864 3716 3392 3393 3718
26178 864 3716 3392 3393 3719
26179 864 3717 3392 3393 3718
26180 864 3717 3392 3393 3719
26181 864 3740 3415 3416 3742
26182 864 3740 3415 3416 3743
26183 864 3741 3415 3416 3742
26184 864 3741 3415 3416 3743
26185 864 3811 3465 3466 3813
26186 864 3811 3465 3466 3814
26187 864 3812 3465 3466 3813
26188 864 3812 3465 3466 3814
26189 864 3839 3488 3489 3841
26190 864 3839 3488 3489 3842
26191 864 3840 3488 3489 3841
26192 864 3840 3488 3489 3842
26193 864 3863 3510 3511 3865
26194 864 3863 3510 3511 3866
26195 864 3864 3510 3511 3865
26196 864 3864 3510 3511 3866
26197 864 4218 3926 3927 4220
26198 864 4218 3926 3927 4221
26199 864 4219 3926 3927 4220
26200 864 4219 3926 3927 4221
26201 864 4243 3947 3948 4245
26202 864 4243 3947 3948 4246
26203 864 4244 3947 3948 4245
26204 864 4244 3947 3948 4246
26205 864 4270 3970 3971 4272
26206 864 4270 3970 3971 4273
26207 864 4271 3970 3971 4272
26208 864 4271 3970 3971 4273
26209 864 4341 4020 4021 4343
26210 864 4341 4020 4021 4344
26211 864 4342 4020 4021 4343
26212 864 4342 4020 4021 4344
26213 864 4366 4042 4043 4368
26214 864 4366 4042 4043 4369
26215 864 4367 4042 4043 4368
26216 864 4367 4042 4043 4369
26217 864 4390 4065 4066 4392
26218 864 4390 4065 4066 4393
26219 864 4391 4065 4066 4392
26220 864 4391 4065 4066 4393
26221 864 4461 4115 4116 4463
26222 864 4461 4115 4116 4464
26223 864 4462 4115 4116 4463
26224 864 4462 4115 4116 4464
26225 864 4489 4138 4139 4491
26226 864 4489 4138 4139 4492
26227 864 4490 4138 4139 4491
26228 864 4490 4138 4139 4492
26229 864 4513 4160 4161 4515
26230 864 4513 4160 4161 4516
26231 864 4514 4160 4161 4515
26232 864 4514 4160 4161 4516
26233 864 4868 4576 4577 4870
26234 864 4868 4576 4577 4871
26235 864 4869 4576 4577 4870
26236 864 4869 4576 4577 4871
26237 864 4893 4597 4598 4895
26238 864 4893 4597 4598 4896
26239 864 4894 4597 4598 4895
26240 864 4894 4597 4598 4896
26241 864 4920 4620 4621 4922
26242 864 4920 4620 4621 4923
26243 864 4921 4620 4621 4922
26244 864 4921 4620 4621 4923
26245 864 4991 4670 4671 4993
26246 864 4991 4670 4671 4994
26247 864 4992 4670 4671 4993
26248 864 4992 4670 4671 4994
26249 864 5016 4692 4693 5018
26250 864 5016 4692 4693 5019
26251 864 5017 4692 4693 5018
26252 864 5017 4692 4693 5019
26253 864 5040 4715 4716 5042
26254 864 5040 4715 4716 5043
26255 864 5041 4715 4716 5042
26256 864 5041 4715 4716 5043
26257 864 5111 4765 4766 5113
26258 864 5111 4765 4766 5114
26259 864 5112 4765 4766 5113
26260 864 5112 4765 4766 5114
26261 864 5139 4788 4789 5141
26262 864 5139 4788 4789 5142
26263 864 5140 4788 4789 5141
26264 864 5140 4788 4789 5142
26265 864 5163 4810 4811 5165
26266 864 5163 4810 4811 5166
26267 864 5164 4810 4811 5165
26268 864 5164 4810 4811 5166
26269 864 5518 5226 5227 5520
26270 864 5518 5226 5227 5521
26271 864 5519 5226 5227 5520
26272 864 5519 5226 5227 5521
26273 864 5543 5247 5248 5545
26274 864 5543 5247 5248 5546
26275 864 5544 5247 5248 5545
26276 864 5544 5247 5248 5546
26277 864 5570 5270 5271 5572
26278 864 5570 5270 5271 5573
26279 864 5571 5270 5271 5572
26280 864 5571 5270 5271 5573
26281 864 5641 5320 5321 5643
26282 864 5641 5320 5321 5644
26283 864 5642 5320 5321 5643
26284 864 5642 5320 5321 5644
26285 864 5666 5342 5343 5668
26286 864 5666 5342 5343 5669
26287 864 5667 5342 5343 5668
26288 864 5667 5342 5343 5669
26289 864 5690 5365 5366 5692
26290 864 5690 5365 5366 5693
26291 864 5691 5365 5366 5692
26292 864 5691 5365 5366 5693
26293 864 5761 5415 5416 5763
26294 864 5761 5415 5416 5764
26295 864 5762 5415 5416 5763
26296 864 5762 5415 5416 5764
26297 864 5789 5438 5439 5791
26298 864 5789 5438 5439 5792
26299 864 5790 5438 5439 5791
26300 864 5790 5438 5439 5792
26301 864 5813 5460 5461 5815
26302 864 5813 5460 5461 5816
26303 864 5814 5460 5461 5815
26304 864 5814 5460 5461 5816
26305 864 6168 5876 5877 6170
26306 864 6168 5876 5877 6171
26307 864 6169 5876 5877 6170
26308 864 6169 5876 5877 6171
26309 864 6193 5897 5898 6195
26310 864 6193 5897 5898 6196
26311 864 6194 5897 5898 6195
26312 864 6194 5897 5898 6196
26313 864 6220 5920 5921 6222
26314 864 6220 5920 5921 6223
26315 864 6221 5920 5921 6222
26316 864 6221 5920 5921 6223
26317 864 6291 5970 5971 6293
26318 864 6291 5970 5971 6294
26319 864 6292 5970 5971 6293
26320 864 6292 5970 5971 6294
26321 864 6316 5992 5993 6318
26322 864 6316 5992 5993 6319
26323 864 6317 5992 5993 6318
26324 864 6317 5992 5993 6319
26325 864 6340 6015 6016 6342
26326 864 6340 6015 6016 6343
26327 864 6341 6015 6016 6342
26328 864 6341 6015 6016 6343
26329 864 6411 6065 6066 6413
26330 864 6411 6065 6066 6414
26331 864 6412 6065 6066 6413
26332 864 6412 6065 6066 6414
26333 864 6439 6088 6089 6441
26334 864 6439 6088 6089 6442
26335 864 6440 6088 6089 6441
26336 864 6440 6088 6089 6442
26337 864 6463 6110 6111 6465
26338 864 6463 6110 6111 6466
26339 864 6464 6110 6111 6465
26340 864 6464 6110 6111 6466
26341 864 6818 6526 6527 6820
26342 864 6818 6526 6527 6821
26343 864 6819 6526 6527 6820
26344 864 6819 6526 6527 6821
26345 864 6843 6547 6548 6845
26346 864 6843 6547 6548 6846
26347 864 6844 6547 6548 6845
26348 864 6844 6547 6548 6846
26349 864 6870 6570 6571 6872
26350 864 6870 6570 6571 6873
26351 864 6871 6570 6571 6872
26352 864 6871 6570 6571 6873
26353 864 6941 6620 6621 6943
26354 864 6941 6620 6621 6944
26355 864 6942 6620 6621 6943
26356 864 6942 6620 6621 6944
26357 864 6966 6642 6643 6968
26358 864 6966 6642 6643 6969
26359 864 6967 6642 6643 6968
26360 864 6967 6642 6643 6969
26361 864 6990 6665 6666 6992
26362 864 6990 6665 6666 6993
26363 864 6991 6665 6666 6992
26364 864 6991 6665 6666 6993
26365 864 7061 6715 6716 7063
26366 864 7061 6715 6716 7064
26367 864 7062 6715 6716 7063
26368 864 7062 6715 6716 7064
26369 864 7089 6738 6739 7091
26370 864 7089 6738 6739 7092
26371 864 7090 6738 6739 7091
26372 864 7090 6738 6739 7092
26373 864 7113 6760 6761 7115
26374 864 7113 6760 6761 7116
26375 864 7114 6760 6761 7115
26376 864 7114 6760 6761 7116
26377 864 7468 7176 7177 7470
26378 864 7468 7176 7177 7471
26379 864 7469 7176 7177 7470
26380 864 7469 7176 7177 7471
26381 864 7493 7197 7198 7495
26382 864 7493 7197 7198 7496
26383 864 7494 7197 7198 7495
26384 864 7494 7197 7198 7496
26385 864 7520 7220 7221 7522
26386 864 7520 7220 7221 7523
26387 864 7521 7220 7221 7522
26388 864 7521 7220 7221 7523
26389 864 7591 7270 7271 7593
26390 864 7591 7270 7271 7594
26391 864 7592 7270 7271 7593
26392 864 7592 7270 7271 7594
26393 864 7616 7292 7293 7618
26394 864 7616 7292 7293 7619
26395 864 7617 7292 7293 7618
26396 864 7617 7292 7293 7619
26397 864 7640 7315 7316 7642
26398 864 7640 7315 7316 7643
26399 864 7641 7315 7316 7642
26400 864 7641 7315 7316 7643
26401 864 7711 7365 7366 7713
26402 864 7711 7365 7366 7714
26403 864 7712 7365 7366 7713
26404 864 7712 7365 7366 7714
26405 864 7739 7388 7389 7741
26406 864 7739 7388 7389 7742
26407 864 7740 7388 7389 7741
26408 864 7740 7388 7389 7742
26409 864 7763 7410 7411 7765
26410 864 7763 7410 7411 7766
26411 864 7764 7410 7411 7765
26412 864 7764 7410 7411 7766
26413 864 8118 7826 7827 8120
26414 864 8118 7826 7827 8121
26415 864 8119 7826 7827 8120
26416 864 8119 7826 7827 8121
26417 864 8143 7847 7848 8145
26418 864 8143 7847 7848 8146
26419 864 8144 7847 7848 8145
26420 864 8144 7847 7848 8146
26421 864 8170 7870 7871 8172
26422 864 8170 7870 7871 8173
26423 864 8171 7870 7871 8172
26424 864 8171 7870 7871 8173
26425 864 8241 7920 7921 8243
26426 864 8241 7920 7921 8244
26427 864 8242 7920 7921 8243
26428 864 8242 7920 7921 8244
26429 864 8266 7942 7943 8268
26430 864 8266 7942 7943 8269
26431 864 8267 7942 7943 8268
26432 864 8267 7942 7943 8269
26433 864 8290 7965 7966 8292
26434 864 8290 7965 7966 8293
26435 864 8291 7965 7966 8292
26436 864 8291 7965 7966 8293
26437 864 8361 8015 8016 8363
26438 864 8361 8015 8016 8364
26439 864 8362 8015 8016 8363
26440 864 8362 8015 8016 8364
26441 864 8389 8038 8039 8391
26442 864 8389 8038 8039 8392
26443 864 8390 8038 8039 8391
26444 864 8390 8038 8039 8392
26445 864 8413 8060 8061 8415
26446 864 8413 8060 8061 8416
26447 864 8414 8060 8061 8415
26448 864 8414 8060 8061 8416
26449 864 8768 8476 8477 8770
26450 864 8768 8476 8477 8771
26451 864 8769 8476 8477 8770
26452 864 8769 8476 8477 8771
26453 864 8793 8497 8498 8795
26454 864 8793 8497 8498 8796
26455 864 8794 8497 8498 8795
26456 864 8794 8497 8498 8796
26457 864 8820 8520 8521 8822
26458 864 8820 8520 8521 8823
26459 864 8821 8520 8521 8822
26460 864 8821 8520 8521 8823
26461 864 8891 8570 8571 8893
26462 864 8891 8570 8571 8894
26463 864 8892 8570 8571 8893
26464 864 8892 8570 8571 8894
26465 864 8916 8592 8593 8918
26466 864 8916 8592 8593 8919
26467 864 8917 8592 8593 8918
26468 864 8917 8592 8593 8919
26469 864 8940 8615 8616 8942
26470 864 8940 8615 8616 8943
26471 864 8941 8615 8616 8942
26472 864 8941 8615 8616 8943
26473 864 9011 8665 8666 9013
26474 864 9011 8665 8666 9014
26475 864 9012 8665 8666 9013
26476 864 9012 8665 8666 9014
26477 864 9039 8688 8689 9041
26478 864 9039 8688 8689 9042
26479 864 9040 8688 8689 9041
26480 864 9040 8688 8689 9042
26481 864 9063 8710 8711 9065
26482 864 9063 8710 8711 9066
26483 864 9064 8710 8711 9065
26484 864 9064 8710 8711 9066
26485 864 9418 9126 9127 9420
26486 864 9418 9126 9127 9421
26487 864 9419 9126 9127 9420
26488 864 9419 9126 9127 9421
26489 864 9443 9147 9148 9445
26490 864 9443 9147 9148 9446
26491 864 9444 9147 9148 9445
26492 864 9444 9147 9148 9446
26493 864 9470 9170 9171 9472
26494 864 9470 9170 9171 9473
26495 864 9471 9170 9171 9472
26496 864 9471 9170 9171 9473
26497 864 9541 9220 9221 9543
26498 864 9541 9220 9221 9544
26499 864 9542 9220 9221 9543
26500 864 9542 9220 9221 9544
26501 864 9566 9242 9243 9568
26502 864 9566 9242 9243 9569
26503 864 9567 9242 9243 9568
26504 864 9567 9242 9243 9569
26505 864 9590 9265 9266 9592
26506 864 9590 9265 9266 9593
26507 864 9591 9265 9266 9592
26508 864 9591 9265 9266 9593
26509 864 9661 9315 9316 9663
26510 864 9661 9315 9316 9664
26511 864 9662 9315 9316 9663
26512 864 9662 9315 9316 9664
26513 864 9689 9338 9339 9691
26514 864 9689 9338 9339 9692
26515 864 9690 9338 9339 9691
26516 864 9690 9338 9339 9692
26517 864 9713 9360 9361 9715
26518 864 9713 9360 9361 9716
26519 864 9714 9360 9361 9715
26520 864 9714 9360 9361 9716
26521 864 10068 9776 9777 10070
26522 864 10068 9776 9777 10071
26523 864 10069 9776 9777 10070
26524 864 10069 9776 9777 10071
26525 864 10093 9797 9798 10095
26526 864 10093 9797 9798 10096
26527 864 10094 9797 9798 10095
26528 864 10094 9797 9798 10096
26529 864 10120 9820 9821 10122
26530 864 10120 9820 9821 10123
26531 864 10121 9820 9821 10122
26532 864 10121 9820 9821 10123
26533 864 10191 9870 9871 10193
26534 864 10191 9870 9871 10194
26535 864 10192 9870 9871 10193
26536 864 10192 9870 9871 10194
26537 864 10216 9892 9893 10218
26538 864 10216 9892 9893 10219
26539 864 10217 9892 9893 10218
26540 864 10217 9892 9893 10219
26541 864 10240 9915 9916 10242
26542 864 10240 9915 9916 10243
26543 864 10241 9915 9916 10242
26544 864 10241 9915 9916 10243
26545 864 10311 9965 9966 10313
26546 864 10311 9965 9966 10314
26547 864 10312 9965 9966 10313
26548 864 10312 9965 9966 10314
26549 864 10339 9988 9989 10341
26550 864 10339 9988 9989 10342
26551 864 10340 9988 9989 10341
26552 864 10340 9988 9989 10342
26553 864 10363 10010 10011 10365
26554 864 10363 10010 10011 10366
26555 864 10364 10010 10011 10365
26556 864 10364 10010 10011 10366
26557 864 10718 10426 10427 10720
26558 864 10718 10426 10427 10721
26559 864 10719 10426 10427 10720
26560 864 10719 10426 10427 10721
26561 864 10743 10447 10448 10745
26562 864 10743 10447 10448 10746
26563 864 10744 10447 10448 10745
26564 864 10744 10447 10448 10746
26565 864 10770 10470 10471 10772
26566 864 10770 10470 10471 10773
26567 864 10771 10470 10471 10772
26568 864 10771 10470 10471 10773
26569 864 10841 10520 10521 10843
26570 864 10841 10520 10521 10844
26571 864 10842 10520 10521 10843
26572 864 10842 10520 10521 10844
26573 864 10866 10542 10543 10868
26574 864 10866 10542 10543 10869
26575 864 10867 10542 10543 10868
26576 864 10867 10542 10543 10869
26577 864 10890 10565 10566 10892
26578 864 10890 10565 10566 10893
26579 864 10891 10565 10566 10892
26580 864 10891 10565 10566 10893
26581 864 10961 10615 10616 10963
26582 864 10961 10615 10616 10964
26583 864 10962 10615 10616 10963
26584 864 10962 10615 10616 10964
26585 864 10989 10638 10639 10991
26586 864 10989 10638 10639 10992
26587 864 10990 10638 10639 10991
26588 864 10990 10638 10639 10992
26589 864 11013 10660 10661 11015
26590 864 11013 10660 10661 11016
26591 864 11014 10660 10661 11015
26592 864 11014 10660 10661 11016
26593 864 11368 11076 11077 11370
26594 864 11368 11076 11077 11371
26595 864 11369 11076 11077 11370
26596 864 11369 11076 11077 11371
26597 864 11393 11097 11098 11395
26598 864 11393 11097 11098 11396
26599 864 11394 11097 11098 11395
26600 864 11394 11097 11098 11396
26601 864 11420 11120 11121 11422
26602 864 11420 11120 11121 11423
26603 864 11421 11120 11121 11422
26604 864 11421 11120 11121 11423
26605 864 11491 11170 11171 11493
26606 864 11491 11170 11171 11494
26607 864 11492 11170 11171 11493
26608 864 11492 11170 11171 11494
26609 864 11516 11192 11193 11518
26610 864 11516 11192 11193 11519
26611 864 11517 11192 11193 11518
26612 864 11517 11192 11193 11519
26613 864 11540 11215 11216 11542
26614 864 11540 11215 11216 11543
26615 864 11541 11215 11216 11542
26616 864 11541 11215 11216 11543
26617 864 11611 11265 11266 11613
26618 864 11611 11265 11266 11614
26619 864 11612 11265 11266 11613
26620 864 11612 11265 11266 11614
26621 864 11639 11288 11289 11641
26622 864 11639 11288 11289 11642
26623 864 11640 11288 11289 11641
26624 864 11640 11288 11289 11642
26625 864 11663 11310 11311 11665
26626 864 11663 11310 11311 11666
26627 864 11664 11310 11311 11665
26628 864 11664 11310 11311 11666
26629 864 12018 11726 11727 12020
26630 864 12018 11726 11727 12021
26631 864 12019 11726 11727 12020
26632 864 12019 11726 11727 12021
26633 864 12043 11747 11748 12045
26634 864 12043 11747 11748 12046
26635 864 12044 11747 11748 12045
26636 864 12044 11747 11748 12046
26637 864 12070 11770 11771 12072
26638 864 12070 11770 11771 12073
26639 864 12071 11770 11771 12072
26640 864 12071 11770 11771 12073
26641 864 12141 11820 11821 12143
26642 864 12141 11820 11821 12144
26643 864 12142 11820 11821 12143
26644 864 12142 11820 11821 12144
26645 864 12166 11842 11843 12168
26646 864 12166 11842 11843 12169
26647 864 12167 11842 11843 12168
26648 864 12167 11842 11843 12169
26649 864 12190 11865 11866 12192
26650 864 12190 11865 11866 12193
26651 864 12191 11865 11866 12192
26652 864 12191 11865 11866 12193
26653 864 12261 11915 11916 12263
26654 864 12261 11915 11916 12264
26655 864 12262 11915 11916 12263
26656 864 12262 11915 11916 12264
26657 864 12289 11938 11939 12291
26658 864 12289 11938 11939 12292
26659 864 12290 11938 11939 12291
26660 864 12290 11938 11939 12292
26661 864 12313 11960 11961 12315
26662 864 12313 11960 11961 12316
26663 864 12314 11960 11961 12315
26664 864 12314 11960 11961 12316
26665 864 12668 12376 12377 12670
26666 864 12668 12376 12377 12671
26667 864 12669 12376 12377 12670
26668 864 12669 12376 12377 12671
26669 864 12693 12397 12398 12695
26670 864 12693 12397 12398 12696
26671 864 12694 12397 12398 12695
26672 864 12694 12397 12398 12696
26673 864 12720 12420 12421 12722
26674 864 12720 12420 12421 12723
26675 864 12721 12420 12421 12722
26676 864 12721 12420 12421 12723
26677 864 12791 12470 12471 12793
26678 864 12791 12470 12471 12794
26679 864 12792 12470 12471 12793
26680 864 12792 12470 12471 12794
26681 864 12816 12492 12493 12818
26682 864 12816 12492 12493 12819
26683 864 12817 12492 12493 12818
26684 864 12817 12492 12493 12819
26685 864 12840 12515 12516 12842
26686 864 12840 12515 12516 12843
26687 864 12841 12515 12516 12842
26688 864 12841 12515 12516 12843
26689 864 12911 12565 12566 12913
26690 864 12911 12565 12566 12914
26691 864 12912 12565 12566 12913
26692 864 12912 12565 12566 12914
26693 864 12939 12588 12589 12941
26694 864 12939 12588 12589 12942
26695 864 12940 12588 12589 12941
26696 864 12940 12588 12589 12942
26697 864 12963 12610 12611 12965
26698 864 12963 12610 12611 12966
26699 864 12964 12610 12611 12965
26700 864 12964 12610 12611 12966
26701 864 335 42 43 337
26702 864 335 42 43 338
26703 864 336 42 43 337
26704 864 336 42 43 338
26705 864 985 692 693 987
26706 864 985 692 693 988
26707 864 986 692 693 987
26708 864 986 692 693 988
26709 864 1635 1342 1343 1637
26710 864 1635 1342 1343 1638
26711 864 1636 1342 1343 1637
26712 864 1636 1342 1343 1638
26713 864 2285 1992 1993 2287
26714 864 2285 1992 1993 2288
26715 864 2286 1992 1993 2287
26716 864 2286 1992 1993 2288
26717 864 2935 2642 2643 2937
26718 864 2935 2642 2643 2938
26719 864 2936 2642 2643 2937
26720 864 2936 2642 2643 2938
26721 864 3585 3292 3293 3587
26722 864 3585 3292 3293 3588
26723 864 3586 3292 3293 3587
26724 864 3586 3292 3293 3588
26725 864 4235 3942 3943 4237
26726 864 4235 3942 3943 4238
26727 864 4236 3942 3943 4237
26728 864 4236 3942 3943 4238
26729 864 4885 4592 4593 4887
26730 864 4885 4592 4593 4888
26731 864 4886 4592 4593 4887
26732 864 4886 4592 4593 4888
26733 864 5535 5242 5243 5537
26734 864 5535 5242 5243 5538
26735 864 5536 5242 5243 5537
26736 864 5536 5242 5243 5538
26737 864 6185 5892 5893 6187
26738 864 6185 5892 5893 6188
26739 864 6186 5892 5893 6187
26740 864 6186 5892 5893 6188
26741 864 6835 6542 6543 6837
26742 864 6835 6542 6543 6838
26743 864 6836 6542 6543 6837
26744 864 6836 6542 6543 6838
26745 864 7485 7192 7193 7487
26746 864 7485 7192 7193 7488
26747 864 7486 7192 7193 7487
26748 864 7486 7192 7193 7488
26749 864 8135 7842 7843 8137
26750 864 8135 7842 7843 8138
26751 864 8136 7842 7843 8137
26752 864 8136 7842 7843 8138
26753 864 8785 8492 8493 8787
26754 864 8785 8492 8493 8788
26755 864 8786 8492 8493 8787
26756 864 8786 8492 8493 8788
26757 864 9435 9142 9143 9437
26758 864 9435 9142 9143 9438
26759 864 9436 9142 9143 9437
26760 864 9436 9142 9143 9438
26761 864 10085 9792 9793 10087
26762 864 10085 9792 9793 10088
26763 864 10086 9792 9793 10087
26764 864 10086 9792 9793 10088
26765 864 10735 10442 10443 10737
26766 864 10735 10442 10443 10738
26767 864 10736 10442 10443 10737
26768 864 10736 10442 10443 10738
26769 864 11385 11092 11093 11387
26770 864 11385 11092 11093 11388
26771 864 11386 11092 11093 11387
26772 864 11386 11092 11093 11388
26773 864 12035 11742 11743 12037
26774 864 12035 11742 11743 12038
26775 864 12036 11742 11743 12037
26776 864 12036 11742 11743 12038
26777 864 12685 12392 12393 12687
26778 864 12685 12392 12393 12688
26779 864 12686 12392 12393 12687
26780 864 12686 12392 12393 12688
26781 864 374 76 87 396
26782 864 374 76 87 397
26783 864 374 76 87 398
26784 864 375 76 87 396
26785 864 375 76 87 397
26786 864 375 76 87 398
26787 864 494 171 182 516
26788 864 494 171 182 517
26789 864 494 171 182 518
26790 864 495 171 182 516
26791 864 495 171 182 517
26792 864 495 171 182 518
26793 864 617 266 277 639
26794 864 617 266 277 640
26795 864 617 266 277 641
26796 864 618 266 277 639
26797 864 618 266 277 640
26798 864 618 266 277 641
26799 864 1024 726 737 1046
26800 864 1024 726 737 1047
26801 864 1024 726 737 1048
26802 864 1025 726 737 1046
26803 864 1025 726 737 1047
26804 864 1025 726 737 1048
26805 864 1144 821 832 1166
26806 864 1144 821 832 1167
26807 864 1144 821 832 1168
26808 864 1145 821 832 1166
26809 864 1145 821 832 1167
26810 864 1145 821 832 1168
26811 864 1267 916 927 1289
26812 864 1267 916 927 1290
26813 864 1267 916 927 1291
26814 864 1268 916 927 1289
26815 864 1268 916 927 1290
26816 864 1268 916 927 1291
26817 864 1674 1376 1387 1696
26818 864 1674 1376 1387 1697
26819 864 1674 1376 1387 1698
26820 864 1675 1376 1387 1696
26821 864 1675 1376 1387 1697
26822 864 1675 1376 1387 1698
26823 864 1794 1471 1482 1816
26824 864 1794 1471 1482 1817
26825 864 1794 1471 1482 1818
26826 864 1795 1471 1482 1816
26827 864 1795 1471 1482 1817
26828 864 1795 1471 1482 1818
26829 864 1917 1566 1577 1939
26830 864 1917 1566 1577 1940
26831 864 1917 1566 1577 1941
26832 864 1918 1566 1577 1939
26833 864 1918 1566 1577 1940
26834 864 1918 1566 1577 1941
26835 864 2324 2026 2037 2346
26836 864 2324 2026 2037 2347
26837 864 2324 2026 2037 2348
26838 864 2325 2026 2037 2346
26839 864 2325 2026 2037 2347
26840 864 2325 2026 2037 2348
26841 864 2444 2121 2132 2466
26842 864 2444 2121 2132 2467
26843 864 2444 2121 2132 2468
26844 864 2445 2121 2132 2466
26845 864 2445 2121 2132 2467
26846 864 2445 2121 2132 2468
26847 864 2567 2216 2227 2589
26848 864 2567 2216 2227 2590
26849 864 2567 2216 2227 2591
26850 864 2568 2216 2227 2589
26851 864 2568 2216 2227 2590
26852 864 2568 2216 2227 2591
26853 864 2974 2676 2687 2996
26854 864 2974 2676 2687 2997
26855 864 2974 2676 2687 2998
26856 864 2975 2676 2687 2996
26857 864 2975 2676 2687 2997
26858 864 2975 2676 2687 2998
26859 864 3094 2771 2782 3116
26860 864 3094 2771 2782 3117
26861 864 3094 2771 2782 3118
26862 864 3095 2771 2782 3116
26863 864 3095 2771 2782 3117
26864 864 3095 2771 2782 3118
26865 864 3217 2866 2877 3239
26866 864 3217 2866 2877 3240
26867 864 3217 2866 2877 3241
26868 864 3218 2866 2877 3239
26869 864 3218 2866 2877 3240
26870 864 3218 2866 2877 3241
26871 864 3624 3326 3337 3646
26872 864 3624 3326 3337 3647
26873 864 3624 3326 3337 3648
26874 864 3625 3326 3337 3646
26875 864 3625 3326 3337 3647
26876 864 3625 3326 3337 3648
26877 864 3744 3421 3432 3766
26878 864 3744 3421 3432 3767
26879 864 3744 3421 3432 3768
26880 864 3745 3421 3432 3766
26881 864 3745 3421 3432 3767
26882 864 3745 3421 3432 3768
26883 864 3867 3516 3527 3889
26884 864 3867 3516 3527 3890
26885 864 3867 3516 3527 3891
26886 864 3868 3516 3527 3889
26887 864 3868 3516 3527 3890
26888 864 3868 3516 3527 3891
26889 864 4274 3976 3987 4296
26890 864 4274 3976 3987 4297
26891 864 4274 3976 3987 4298
26892 864 4275 3976 3987 4296
26893 864 4275 3976 3987 4297
26894 864 4275 3976 3987 4298
26895 864 4394 4071 4082 4416
26896 864 4394 4071 4082 4417
26897 864 4394 4071 4082 4418
26898 864 4395 4071 4082 4416
26899 864 4395 4071 4082 4417
26900 864 4395 4071 4082 4418
26901 864 4517 4166 4177 4539
26902 864 4517 4166 4177 4540
26903 864 4517 4166 4177 4541
26904 864 4518 4166 4177 4539
26905 864 4518 4166 4177 4540
26906 864 4518 4166 4177 4541
26907 864 4924 4626 4637 4946
26908 864 4924 4626 4637 4947
26909 864 4924 4626 4637 4948
26910 864 4925 4626 4637 4946
26911 864 4925 4626 4637 4947
26912 864 4925 4626 4637 4948
26913 864 5044 4721 4732 5066
26914 864 5044 4721 4732 5067
26915 864 5044 4721 4732 5068
26916 864 5045 4721 4732 5066
26917 864 5045 4721 4732 5067
26918 864 5045 4721 4732 5068
26919 864 5167 4816 4827 5189
26920 864 5167 4816 4827 5190
26921 864 5167 4816 4827 5191
26922 864 5168 4816 4827 5189
26923 864 5168 4816 4827 5190
26924 864 5168 4816 4827 5191
26925 864 5574 5276 5287 5596
26926 864 5574 5276 5287 5597
26927 864 5574 5276 5287 5598
26928 864 5575 5276 5287 5596
26929 864 5575 5276 5287 5597
26930 864 5575 5276 5287 5598
26931 864 5694 5371 5382 5716
26932 864 5694 5371 5382 5717
26933 864 5694 5371 5382 5718
26934 864 5695 5371 5382 5716
26935 864 5695 5371 5382 5717
26936 864 5695 5371 5382 5718
26937 864 5817 5466 5477 5839
26938 864 5817 5466 5477 5840
26939 864 5817 5466 5477 5841
26940 864 5818 5466 5477 5839
26941 864 5818 5466 5477 5840
26942 864 5818 5466 5477 5841
26943 864 6224 5926 5937 6246
26944 864 6224 5926 5937 6247
26945 864 6224 5926 5937 6248
26946 864 6225 5926 5937 6246
26947 864 6225 5926 5937 6247
26948 864 6225 5926 5937 6248
26949 864 6344 6021 6032 6366
26950 864 6344 6021 6032 6367
26951 864 6344 6021 6032 6368
26952 864 6345 6021 6032 6366
26953 864 6345 6021 6032 6367
26954 864 6345 6021 6032 6368
26955 864 6467 6116 6127 6489
26956 864 6467 6116 6127 6490
26957 864 6467 6116 6127 6491
26958 864 6468 6116 6127 6489
26959 864 6468 6116 6127 6490
26960 864 6468 6116 6127 6491
26961 864 6874 6576 6587 6896
26962 864 6874 6576 6587 6897
26963 864 6874 6576 6587 6898
26964 864 6875 6576 6587 6896
26965 864 6875 6576 6587 6897
26966 864 6875 6576 6587 6898
26967 864 6994 6671 6682 7016
26968 864 6994 6671 6682 7017
26969 864 6994 6671 6682 7018
26970 864 6995 6671 6682 7016
26971 864 6995 6671 6682 7017
26972 864 6995 6671 6682 7018
26973 864 7117 6766 6777 7139
26974 864 7117 6766 6777 7140
26975 864 7117 6766 6777 7141
26976 864 7118 6766 6777 7139
26977 864 7118 6766 6777 7140
26978 864 7118 6766 6777 7141
26979 864 7524 7226 7237 7546
26980 864 7524 7226 7237 7547
26981 864 7524 7226 7237 7548
26982 864 7525 7226 7237 7546
26983 864 7525 7226 7237 7547
26984 864 7525 7226 7237 7548
26985 864 7644 7321 7332 7666
26986 864 7644 7321 7332 7667
26987 864 7644 7321 7332 7668
26988 864 7645 7321 7332 7666
26989 864 7645 7321 7332 7667
26990 864 7645 7321 7332 7668
26991 864 7767 7416 7427 7789
26992 864 7767 7416 7427 7790
26993 864 7767 7416 7427 7791
26994 864 7768 7416 7427 7789
26995 864 7768 7416 7427 7790
26996 864 7768 7416 7427 7791
26997 864 8174 7876 7887 8196
26998 864 8174 7876 7887 8197
26999 864 8174 7876 7887 8198
27000 864 8175 7876 7887 8196
27001 864 8175 7876 7887 8197
27002 864 8175 7876 7887 8198
27003 864 8294 7971 7982 8316
27004 864 8294 7971 7982 8317
27005 864 8294 7971 7982 8318
27006 864 8295 7971 7982 8316
27007 864 8295 7971 7982 8317
27008 864 8295 7971 7982 8318
27009 864 8417 8066 8077 8439
27010 864 8417 8066 8077 8440
27011 864 8417 8066 8077 8441
27012 864 8418 8066 8077 8439
27013 864 8418 8066 8077 8440
27014 864 8418 8066 8077 8441
27015 864 8824 8526 8537 8846
27016 864 8824 8526 8537 8847
27017 864 8824 8526 8537 8848
27018 864 8825 8526 8537 8846
27019 864 8825 8526 8537 8847
27020 864 8825 8526 8537 8848
27021 864 8944 8621 8632 8966
27022 864 8944 8621 8632 8967
27023 864 8944 8621 8632 8968
27024 864 8945 8621 8632 8966
27025 864 8945 8621 8632 8967
27026 864 8945 8621 8632 8968
27027 864 9067 8716 8727 9089
27028 864 9067 8716 8727 9090
27029 864 9067 8716 8727 9091
27030 864 9068 8716 8727 9089
27031 864 9068 8716 8727 9090
27032 864 9068 8716 8727 9091
27033 864 9474 9176 9187 9496
27034 864 9474 9176 9187 9497
27035 864 9474 9176 9187 9498
27036 864 9475 9176 9187 9496
27037 864 9475 9176 9187 9497
27038 864 9475 9176 9187 9498
27039 864 9594 9271 9282 9616
27040 864 9594 9271 9282 9617
27041 864 9594 9271 9282 9618
27042 864 9595 9271 9282 9616
27043 864 9595 9271 9282 9617
27044 864 9595 9271 9282 9618
27045 864 9717 9366 9377 9739
27046 864 9717 9366 9377 9740
27047 864 9717 9366 9377 9741
27048 864 9718 9366 9377 9739
27049 864 9718 9366 9377 9740
27050 864 9718 9366 9377 9741
27051 864 10124 9826 9837 10146
27052 864 10124 9826 9837 10147
27053 864 10124 9826 9837 10148
27054 864 10125 9826 9837 10146
27055 864 10125 9826 9837 10147
27056 864 10125 9826 9837 10148
27057 864 10244 9921 9932 10266
27058 864 10244 9921 9932 10267
27059 864 10244 9921 9932 10268
27060 864 10245 9921 9932 10266
27061 864 10245 9921 9932 10267
27062 864 10245 9921 9932 10268
27063 864 10367 10016 10027 10389
27064 864 10367 10016 10027 10390
27065 864 10367 10016 10027 10391
27066 864 10368 10016 10027 10389
27067 864 10368 10016 10027 10390
27068 864 10368 10016 10027 10391
27069 864 10774 10476 10487 10796
27070 864 10774 10476 10487 10797
27071 864 10774 10476 10487 10798
27072 864 10775 10476 10487 10796
27073 864 10775 10476 10487 10797
27074 864 10775 10476 10487 10798
27075 864 10894 10571 10582 10916
27076 864 10894 10571 10582 10917
27077 864 10894 10571 10582 10918
27078 864 10895 10571 10582 10916
27079 864 10895 10571 10582 10917
27080 864 10895 10571 10582 10918
27081 864 11017 10666 10677 11039
27082 864 11017 10666 10677 11040
27083 864 11017 10666 10677 11041
27084 864 11018 10666 10677 11039
27085 864 11018 10666 10677 11040
27086 864 11018 10666 10677 11041
27087 864 11424 11126 11137 11446
27088 864 11424 11126 11137 11447
27089 864 11424 11126 11137 11448
27090 864 11425 11126 11137 11446
27091 864 11425 11126 11137 11447
27092 864 11425 11126 11137 11448
27093 864 11544 11221 11232 11566
27094 864 11544 11221 11232 11567
27095 864 11544 11221 11232 11568
27096 864 11545 11221 11232 11566
27097 864 11545 11221 11232 11567
27098 864 11545 11221 11232 11568
27099 864 11667 11316 11327 11689
27100 864 11667 11316 11327 11690
27101 864 11667 11316 11327 11691
27102 864 11668 11316 11327 11689
27103 864 11668 11316 11327 11690
27104 864 11668 11316 11327 11691
27105 864 12074 11776 11787 12096
27106 864 12074 11776 11787 12097
27107 864 12074 11776 11787 12098
27108 864 12075 11776 11787 12096
27109 864 12075 11776 11787 12097
27110 864 12075 11776 11787 12098
27111 864 12194 11871 11882 12216
27112 864 12194 11871 11882 12217
27113 864 12194 11871 11882 12218
27114 864 12195 11871 11882 12216
27115 864 12195 11871 11882 12217
27116 864 12195 11871 11882 12218
27117 864 12317 11966 11977 12339
27118 864 12317 11966 11977 12340
27119 864 12317 11966 11977 12341
27120 864 12318 11966 11977 12339
27121 864 12318 11966 11977 12340
27122 864 12318 11966 11977 12341
27123 864 12724 12426 12437 12746
27124 864 12724 12426 12437 12747
27125 864 12724 12426 12437 12748
27126 864 12725 12426 12437 12746
27127 864 12725 12426 12437 12747
27128 864 12725 12426 12437 12748
27129 864 12844 12521 12532 12866
27130 864 12844 12521 12532 12867
27131 864 12844 12521 12532 12868
27132 864 12845 12521 12532 12866
27133 864 12845 12521 12532 12867
27134 864 12845 12521 12532 12868
27135 864 12967 12616 12627 12989
27136 864 12967 12616 12627 12990
27137 864 12967 12616 12627 12991
27138 864 12968 12616 12627 12989
27139 864 12968 12616 12627 12990
27140 864 12968 12616 12627 12991
27141 864 392 85 86 394
27142 864 392 85 86 395
27143 864 393 85 86 394
27144 864 393 85 86 395
27145 864 512 180 181 514
27146 864 512 180 181 515
27147 864 513 180 181 514
27148 864 513 180 181 515
27149 864 635 275 276 637
27150 864 635 275 276 638
27151 864 636 275 276 637
27152 864 636 275 276 638
27153 864 1042 735 736 1044
27154 864 1042 735 736 1045
27155 864 1043 735 736 1044
27156 864 1043 735 736 1045
27157 864 1162 830 831 1164
27158 864 1162 830 831 1165
27159 864 1163 830 831 1164
27160 864 1163 830 831 1165
27161 864 1285 925 926 1287
27162 864 1285 925 926 1288
27163 864 1286 925 926 1287
27164 864 1286 925 926 1288
27165 864 1692 1385 1386 1694
27166 864 1692 1385 1386 1695
27167 864 1693 1385 1386 1694
27168 864 1693 1385 1386 1695
27169 864 1812 1480 1481 1814
27170 864 1812 1480 1481 1815
27171 864 1813 1480 1481 1814
27172 864 1813 1480 1481 1815
27173 864 1935 1575 1576 1937
27174 864 1935 1575 1576 1938
27175 864 1936 1575 1576 1937
27176 864 1936 1575 1576 1938
27177 864 2342 2035 2036 2344
27178 864 2342 2035 2036 2345
27179 864 2343 2035 2036 2344
27180 864 2343 2035 2036 2345
27181 864 2462 2130 2131 2464
27182 864 2462 2130 2131 2465
27183 864 2463 2130 2131 2464
27184 864 2463 2130 2131 2465
27185 864 2585 2225 2226 2587
27186 864 2585 2225 2226 2588
27187 864 2586 2225 2226 2587
27188 864 2586 2225 2226 2588
27189 864 2992 2685 2686 2994
27190 864 2992 2685 2686 2995
27191 864 2993 2685 2686 2994
27192 864 2993 2685 2686 2995
27193 864 3112 2780 2781 3114
27194 864 3112 2780 2781 3115
27195 864 3113 2780 2781 3114
27196 864 3113 2780 2781 3115
27197 864 3235 2875 2876 3237
27198 864 3235 2875 2876 3238
27199 864 3236 2875 2876 3237
27200 864 3236 2875 2876 3238
27201 864 3642 3335 3336 3644
27202 864 3642 3335 3336 3645
27203 864 3643 3335 3336 3644
27204 864 3643 3335 3336 3645
27205 864 3762 3430 3431 3764
27206 864 3762 3430 3431 3765
27207 864 3763 3430 3431 3764
27208 864 3763 3430 3431 3765
27209 864 3885 3525 3526 3887
27210 864 3885 3525 3526 3888
27211 864 3886 3525 3526 3887
27212 864 3886 3525 3526 3888
27213 864 4292 3985 3986 4294
27214 864 4292 3985 3986 4295
27215 864 4293 3985 3986 4294
27216 864 4293 3985 3986 4295
27217 864 4412 4080 4081 4414
27218 864 4412 4080 4081 4415
27219 864 4413 4080 4081 4414
27220 864 4413 4080 4081 4415
27221 864 4535 4175 4176 4537
27222 864 4535 4175 4176 4538
27223 864 4536 4175 4176 4537
27224 864 4536 4175 4176 4538
27225 864 4942 4635 4636 4944
27226 864 4942 4635 4636 4945
27227 864 4943 4635 4636 4944
27228 864 4943 4635 4636 4945
27229 864 5062 4730 4731 5064
27230 864 5062 4730 4731 5065
27231 864 5063 4730 4731 5064
27232 864 5063 4730 4731 5065
27233 864 5185 4825 4826 5187
27234 864 5185 4825 4826 5188
27235 864 5186 4825 4826 5187
27236 864 5186 4825 4826 5188
27237 864 5592 5285 5286 5594
27238 864 5592 5285 5286 5595
27239 864 5593 5285 5286 5594
27240 864 5593 5285 5286 5595
27241 864 5712 5380 5381 5714
27242 864 5712 5380 5381 5715
27243 864 5713 5380 5381 5714
27244 864 5713 5380 5381 5715
27245 864 5835 5475 5476 5837
27246 864 5835 5475 5476 5838
27247 864 5836 5475 5476 5837
27248 864 5836 5475 5476 5838
27249 864 6242 5935 5936 6244
27250 864 6242 5935 5936 6245
27251 864 6243 5935 5936 6244
27252 864 6243 5935 5936 6245
27253 864 6362 6030 6031 6364
27254 864 6362 6030 6031 6365
27255 864 6363 6030 6031 6364
27256 864 6363 6030 6031 6365
27257 864 6485 6125 6126 6487
27258 864 6485 6125 6126 6488
27259 864 6486 6125 6126 6487
27260 864 6486 6125 6126 6488
27261 864 6892 6585 6586 6894
27262 864 6892 6585 6586 6895
27263 864 6893 6585 6586 6894
27264 864 6893 6585 6586 6895
27265 864 7012 6680 6681 7014
27266 864 7012 6680 6681 7015
27267 864 7013 6680 6681 7014
27268 864 7013 6680 6681 7015
27269 864 7135 6775 6776 7137
27270 864 7135 6775 6776 7138
27271 864 7136 6775 6776 7137
27272 864 7136 6775 6776 7138
27273 864 7542 7235 7236 7544
27274 864 7542 7235 7236 7545
27275 864 7543 7235 7236 7544
27276 864 7543 7235 7236 7545
27277 864 7662 7330 7331 7664
27278 864 7662 7330 7331 7665
27279 864 7663 7330 7331 7664
27280 864 7663 7330 7331 7665
27281 864 7785 7425 7426 7787
27282 864 7785 7425 7426 7788
27283 864 7786 7425 7426 7787
27284 864 7786 7425 7426 7788
27285 864 8192 7885 7886 8194
27286 864 8192 7885 7886 8195
27287 864 8193 7885 7886 8194
27288 864 8193 7885 7886 8195
27289 864 8312 7980 7981 8314
27290 864 8312 7980 7981 8315
27291 864 8313 7980 7981 8314
27292 864 8313 7980 7981 8315
27293 864 8435 8075 8076 8437
27294 864 8435 8075 8076 8438
27295 864 8436 8075 8076 8437
27296 864 8436 8075 8076 8438
27297 864 8842 8535 8536 8844
27298 864 8842 8535 8536 8845
27299 864 8843 8535 8536 8844
27300 864 8843 8535 8536 8845
27301 864 8962 8630 8631 8964
27302 864 8962 8630 8631 8965
27303 864 8963 8630 8631 8964
27304 864 8963 8630 8631 8965
27305 864 9085 8725 8726 9087
27306 864 9085 8725 8726 9088
27307 864 9086 8725 8726 9087
27308 864 9086 8725 8726 9088
27309 864 9492 9185 9186 9494
27310 864 9492 9185 9186 9495
27311 864 9493 9185 9186 9494
27312 864 9493 9185 9186 9495
27313 864 9612 9280 9281 9614
27314 864 9612 9280 9281 9615
27315 864 9613 9280 9281 9614
27316 864 9613 9280 9281 9615
27317 864 9735 9375 9376 9737
27318 864 9735 9375 9376 9738
27319 864 9736 9375 9376 9737
27320 864 9736 9375 9376 9738
27321 864 10142 9835 9836 10144
27322 864 10142 9835 9836 10145
27323 864 10143 9835 9836 10144
27324 864 10143 9835 9836 10145
27325 864 10262 9930 9931 10264
27326 864 10262 9930 9931 10265
27327 864 10263 9930 9931 10264
27328 864 10263 9930 9931 10265
27329 864 10385 10025 10026 10387
27330 864 10385 10025 10026 10388
27331 864 10386 10025 10026 10387
27332 864 10386 10025 10026 10388
27333 864 10792 10485 10486 10794
27334 864 10792 10485 10486 10795
27335 864 10793 10485 10486 10794
27336 864 10793 10485 10486 10795
27337 864 10912 10580 10581 10914
27338 864 10912 10580 10581 10915
27339 864 10913 10580 10581 10914
27340 864 10913 10580 10581 10915
27341 864 11035 10675 10676 11037
27342 864 11035 10675 10676 11038
27343 864 11036 10675 10676 11037
27344 864 11036 10675 10676 11038
27345 864 11442 11135 11136 11444
27346 864 11442 11135 11136 11445
27347 864 11443 11135 11136 11444
27348 864 11443 11135 11136 11445
27349 864 11562 11230 11231 11564
27350 864 11562 11230 11231 11565
27351 864 11563 11230 11231 11564
27352 864 11563 11230 11231 11565
27353 864 11685 11325 11326 11687
27354 864 11685 11325 11326 11688
27355 864 11686 11325 11326 11687
27356 864 11686 11325 11326 11688
27357 864 12092 11785 11786 12094
27358 864 12092 11785 11786 12095
27359 864 12093 11785 11786 12094
27360 864 12093 11785 11786 12095
27361 864 12212 11880 11881 12214
27362 864 12212 11880 11881 12215
27363 864 12213 11880 11881 12214
27364 864 12213 11880 11881 12215
27365 864 12335 11975 11976 12337
27366 864 12335 11975 11976 12338
27367 864 12336 11975 11976 12337
27368 864 12336 11975 11976 12338
27369 864 12742 12435 12436 12744
27370 864 12742 12435 12436 12745
27371 864 12743 12435 12436 12744
27372 864 12743 12435 12436 12745
27373 864 12862 12530 12531 12864
27374 864 12862 12530 12531 12865
27375 864 12863 12530 12531 12864
27376 864 12863 12530 12531 12865
27377 864 12985 12625 12626 12987
27378 864 12985 12625 12626 12988
27379 864 12986 12625 12626 12987
27380 864 12986 12625 12626 12988
27381 864 399 88 92 400
27382 864 399 88 92 401
27383 864 399 88 92 402
27384 864 519 183 187 520
27385 864 519 183 187 521
27386 864 519 183 187 522
27387 864 642 278 282 643
27388 864 642 278 282 644
27389 864 642 278 282 645
27390 864 1049 738 742 1050
27391 864 1049 738 742 1051
27392 864 1049 738 742 1052
27393 864 1169 833 837 1170
27394 864 1169 833 837 1171
27395 864 1169 833 837 1172
27396 864 1292 928 932 1293
27397 864 1292 928 932 1294
27398 864 1292 928 932 1295
27399 864 1699 1388 1392 1700
27400 864 1699 1388 1392 1701
27401 864 1699 1388 1392 1702
27402 864 1819 1483 1487 1820
27403 864 1819 1483 1487 1821
27404 864 1819 1483 1487 1822
27405 864 1942 1578 1582 1943
27406 864 1942 1578 1582 1944
27407 864 1942 1578 1582 1945
27408 864 2349 2038 2042 2350
27409 864 2349 2038 2042 2351
27410 864 2349 2038 2042 2352
27411 864 2469 2133 2137 2470
27412 864 2469 2133 2137 2471
27413 864 2469 2133 2137 2472
27414 864 2592 2228 2232 2593
27415 864 2592 2228 2232 2594
27416 864 2592 2228 2232 2595
27417 864 2999 2688 2692 3000
27418 864 2999 2688 2692 3001
27419 864 2999 2688 2692 3002
27420 864 3119 2783 2787 3120
27421 864 3119 2783 2787 3121
27422 864 3119 2783 2787 3122
27423 864 3242 2878 2882 3243
27424 864 3242 2878 2882 3244
27425 864 3242 2878 2882 3245
27426 864 3649 3338 3342 3650
27427 864 3649 3338 3342 3651
27428 864 3649 3338 3342 3652
27429 864 3769 3433 3437 3770
27430 864 3769 3433 3437 3771
27431 864 3769 3433 3437 3772
27432 864 3892 3528 3532 3893
27433 864 3892 3528 3532 3894
27434 864 3892 3528 3532 3895
27435 864 4299 3988 3992 4300
27436 864 4299 3988 3992 4301
27437 864 4299 3988 3992 4302
27438 864 4419 4083 4087 4420
27439 864 4419 4083 4087 4421
27440 864 4419 4083 4087 4422
27441 864 4542 4178 4182 4543
27442 864 4542 4178 4182 4544
27443 864 4542 4178 4182 4545
27444 864 4949 4638 4642 4950
27445 864 4949 4638 4642 4951
27446 864 4949 4638 4642 4952
27447 864 5069 4733 4737 5070
27448 864 5069 4733 4737 5071
27449 864 5069 4733 4737 5072
27450 864 5192 4828 4832 5193
27451 864 5192 4828 4832 5194
27452 864 5192 4828 4832 5195
27453 864 5599 5288 5292 5600
27454 864 5599 5288 5292 5601
27455 864 5599 5288 5292 5602
27456 864 5719 5383 5387 5720
27457 864 5719 5383 5387 5721
27458 864 5719 5383 5387 5722
27459 864 5842 5478 5482 5843
27460 864 5842 5478 5482 5844
27461 864 5842 5478 5482 5845
27462 864 6249 5938 5942 6250
27463 864 6249 5938 5942 6251
27464 864 6249 5938 5942 6252
27465 864 6369 6033 6037 6370
27466 864 6369 6033 6037 6371
27467 864 6369 6033 6037 6372
27468 864 6492 6128 6132 6493
27469 864 6492 6128 6132 6494
27470 864 6492 6128 6132 6495
27471 864 6899 6588 6592 6900
27472 864 6899 6588 6592 6901
27473 864 6899 6588 6592 6902
27474 864 7019 6683 6687 7020
27475 864 7019 6683 6687 7021
27476 864 7019 6683 6687 7022
27477 864 7142 6778 6782 7143
27478 864 7142 6778 6782 7144
27479 864 7142 6778 6782 7145
27480 864 7549 7238 7242 7550
27481 864 7549 7238 7242 7551
27482 864 7549 7238 7242 7552
27483 864 7669 7333 7337 7670
27484 864 7669 7333 7337 7671
27485 864 7669 7333 7337 7672
27486 864 7792 7428 7432 7793
27487 864 7792 7428 7432 7794
27488 864 7792 7428 7432 7795
27489 864 8199 7888 7892 8200
27490 864 8199 7888 7892 8201
27491 864 8199 7888 7892 8202
27492 864 8319 7983 7987 8320
27493 864 8319 7983 7987 8321
27494 864 8319 7983 7987 8322
27495 864 8442 8078 8082 8443
27496 864 8442 8078 8082 8444
27497 864 8442 8078 8082 8445
27498 864 8849 8538 8542 8850
27499 864 8849 8538 8542 8851
27500 864 8849 8538 8542 8852
27501 864 8969 8633 8637 8970
27502 864 8969 8633 8637 8971
27503 864 8969 8633 8637 8972
27504 864 9092 8728 8732 9093
27505 864 9092 8728 8732 9094
27506 864 9092 8728 8732 9095
27507 864 9499 9188 9192 9500
27508 864 9499 9188 9192 9501
27509 864 9499 9188 9192 9502
27510 864 9619 9283 9287 9620
27511 864 9619 9283 9287 9621
27512 864 9619 9283 9287 9622
27513 864 9742 9378 9382 9743
27514 864 9742 9378 9382 9744
27515 864 9742 9378 9382 9745
27516 864 10149 9838 9842 10150
27517 864 10149 9838 9842 10151
27518 864 10149 9838 9842 10152
27519 864 10269 9933 9937 10270
27520 864 10269 9933 9937 10271
27521 864 10269 9933 9937 10272
27522 864 10392 10028 10032 10393
27523 864 10392 10028 10032 10394
27524 864 10392 10028 10032 10395
27525 864 10799 10488 10492 10800
27526 864 10799 10488 10492 10801
27527 864 10799 10488 10492 10802
27528 864 10919 10583 10587 10920
27529 864 10919 10583 10587 10921
27530 864 10919 10583 10587 10922
27531 864 11042 10678 10682 11043
27532 864 11042 10678 10682 11044
27533 864 11042 10678 10682 11045
27534 864 11449 11138 11142 11450
27535 864 11449 11138 11142 11451
27536 864 11449 11138 11142 11452
27537 864 11569 11233 11237 11570
27538 864 11569 11233 11237 11571
27539 864 11569 11233 11237 11572
27540 864 11692 11328 11332 11693
27541 864 11692 11328 11332 11694
27542 864 11692 11328 11332 11695
27543 864 12099 11788 11792 12100
27544 864 12099 11788 11792 12101
27545 864 12099 11788 11792 12102
27546 864 12219 11883 11887 12220
27547 864 12219 11883 11887 12221
27548 864 12219 11883 11887 12222
27549 864 12342 11978 11982 12343
27550 864 12342 11978 11982 12344
27551 864 12342 11978 11982 12345
27552 864 12749 12438 12442 12750
27553 864 12749 12438 12442 12751
27554 864 12749 12438 12442 12752
27555 864 12869 12533 12537 12870
27556 864 12869 12533 12537 12871
27557 864 12869 12533 12537 12872
27558 864 12992 12628 12632 12993
27559 864 12992 12628 12632 12994
27560 864 12992 12628 12632 12995
27561 864 399 88 93 403
27562 864 399 88 93 404
27563 864 519 183 188 523
27564 864 519 183 188 524
27565 864 642 278 283 646
27566 864 642 278 283 647
27567 864 1049 738 743 1053
27568 864 1049 738 743 1054
27569 864 1169 833 838 1173
27570 864 1169 833 838 1174
27571 864 1292 928 933 1296
27572 864 1292 928 933 1297
27573 864 1699 1388 1393 1703
27574 864 1699 1388 1393 1704
27575 864 1819 1483 1488 1823
27576 864 1819 1483 1488 1824
27577 864 1942 1578 1583 1946
27578 864 1942 1578 1583 1947
27579 864 2349 2038 2043 2353
27580 864 2349 2038 2043 2354
27581 864 2469 2133 2138 2473
27582 864 2469 2133 2138 2474
27583 864 2592 2228 2233 2596
27584 864 2592 2228 2233 2597
27585 864 2999 2688 2693 3003
27586 864 2999 2688 2693 3004
27587 864 3119 2783 2788 3123
27588 864 3119 2783 2788 3124
27589 864 3242 2878 2883 3246
27590 864 3242 2878 2883 3247
27591 864 3649 3338 3343 3653
27592 864 3649 3338 3343 3654
27593 864 3769 3433 3438 3773
27594 864 3769 3433 3438 3774
27595 864 3892 3528 3533 3896
27596 864 3892 3528 3533 3897
27597 864 4299 3988 3993 4303
27598 864 4299 3988 3993 4304
27599 864 4419 4083 4088 4423
27600 864 4419 4083 4088 4424
27601 864 4542 4178 4183 4546
27602 864 4542 4178 4183 4547
27603 864 4949 4638 4643 4953
27604 864 4949 4638 4643 4954
27605 864 5069 4733 4738 5073
27606 864 5069 4733 4738 5074
27607 864 5192 4828 4833 5196
27608 864 5192 4828 4833 5197
27609 864 5599 5288 5293 5603
27610 864 5599 5288 5293 5604
27611 864 5719 5383 5388 5723
27612 864 5719 5383 5388 5724
27613 864 5842 5478 5483 5846
27614 864 5842 5478 5483 5847
27615 864 6249 5938 5943 6253
27616 864 6249 5938 5943 6254
27617 864 6369 6033 6038 6373
27618 864 6369 6033 6038 6374
27619 864 6492 6128 6133 6496
27620 864 6492 6128 6133 6497
27621 864 6899 6588 6593 6903
27622 864 6899 6588 6593 6904
27623 864 7019 6683 6688 7023
27624 864 7019 6683 6688 7024
27625 864 7142 6778 6783 7146
27626 864 7142 6778 6783 7147
27627 864 7549 7238 7243 7553
27628 864 7549 7238 7243 7554
27629 864 7669 7333 7338 7673
27630 864 7669 7333 7338 7674
27631 864 7792 7428 7433 7796
27632 864 7792 7428 7433 7797
27633 864 8199 7888 7893 8203
27634 864 8199 7888 7893 8204
27635 864 8319 7983 7988 8323
27636 864 8319 7983 7988 8324
27637 864 8442 8078 8083 8446
27638 864 8442 8078 8083 8447
27639 864 8849 8538 8543 8853
27640 864 8849 8538 8543 8854
27641 864 8969 8633 8638 8973
27642 864 8969 8633 8638 8974
27643 864 9092 8728 8733 9096
27644 864 9092 8728 8733 9097
27645 864 9499 9188 9193 9503
27646 864 9499 9188 9193 9504
27647 864 9619 9283 9288 9623
27648 864 9619 9283 9288 9624
27649 864 9742 9378 9383 9746
27650 864 9742 9378 9383 9747
27651 864 10149 9838 9843 10153
27652 864 10149 9838 9843 10154
27653 864 10269 9933 9938 10273
27654 864 10269 9933 9938 10274
27655 864 10392 10028 10033 10396
27656 864 10392 10028 10033 10397
27657 864 10799 10488 10493 10803
27658 864 10799 10488 10493 10804
27659 864 10919 10583 10588 10923
27660 864 10919 10583 10588 10924
27661 864 11042 10678 10683 11046
27662 864 11042 10678 10683 11047
27663 864 11449 11138 11143 11453
27664 864 11449 11138 11143 11454
27665 864 11569 11233 11238 11573
27666 864 11569 11233 11238 11574
27667 864 11692 11328 11333 11696
27668 864 11692 11328 11333 11697
27669 864 12099 11788 11793 12103
27670 864 12099 11788 11793 12104
27671 864 12219 11883 11888 12223
27672 864 12219 11883 11888 12224
27673 864 12342 11978 11983 12346
27674 864 12342 11978 11983 12347
27675 864 12749 12438 12443 12753
27676 864 12749 12438 12443 12754
27677 864 12869 12533 12538 12873
27678 864 12869 12533 12538 12874
27679 864 12992 12628 12633 12996
27680 864 12992 12628 12633 12997
27681 864 535 196 221 565
27682 864 536 196 221 565
27683 864 539 199 221 565
27684 864 540 199 221 565
27685 864 1185 846 871 1215
27686 864 1186 846 871 1215
27687 864 1189 849 871 1215
27688 864 1190 849 871 1215
27689 864 1835 1496 1521 1865
27690 864 1836 1496 1521 1865
27691 864 1839 1499 1521 1865
27692 864 1840 1499 1521 1865
27693 864 2485 2146 2171 2515
27694 864 2486 2146 2171 2515
27695 864 2489 2149 2171 2515
27696 864 2490 2149 2171 2515
27697 864 3135 2796 2821 3165
27698 864 3136 2796 2821 3165
27699 864 3139 2799 2821 3165
27700 864 3140 2799 2821 3165
27701 864 3785 3446 3471 3815
27702 864 3786 3446 3471 3815
27703 864 3789 3449 3471 3815
27704 864 3790 3449 3471 3815
27705 864 4435 4096 4121 4465
27706 864 4436 4096 4121 4465
27707 864 4439 4099 4121 4465
27708 864 4440 4099 4121 4465
27709 864 5085 4746 4771 5115
27710 864 5086 4746 4771 5115
27711 864 5089 4749 4771 5115
27712 864 5090 4749 4771 5115
27713 864 5735 5396 5421 5765
27714 864 5736 5396 5421 5765
27715 864 5739 5399 5421 5765
27716 864 5740 5399 5421 5765
27717 864 6385 6046 6071 6415
27718 864 6386 6046 6071 6415
27719 864 6389 6049 6071 6415
27720 864 6390 6049 6071 6415
27721 864 7035 6696 6721 7065
27722 864 7036 6696 6721 7065
27723 864 7039 6699 6721 7065
27724 864 7040 6699 6721 7065
27725 864 7685 7346 7371 7715
27726 864 7686 7346 7371 7715
27727 864 7689 7349 7371 7715
27728 864 7690 7349 7371 7715
27729 864 8335 7996 8021 8365
27730 864 8336 7996 8021 8365
27731 864 8339 7999 8021 8365
27732 864 8340 7999 8021 8365
27733 864 8985 8646 8671 9015
27734 864 8986 8646 8671 9015
27735 864 8989 8649 8671 9015
27736 864 8990 8649 8671 9015
27737 864 9635 9296 9321 9665
27738 864 9636 9296 9321 9665
27739 864 9639 9299 9321 9665
27740 864 9640 9299 9321 9665
27741 864 10285 9946 9971 10315
27742 864 10286 9946 9971 10315
27743 864 10289 9949 9971 10315
27744 864 10290 9949 9971 10315
27745 864 10935 10596 10621 10965
27746 864 10936 10596 10621 10965
27747 864 10939 10599 10621 10965
27748 864 10940 10599 10621 10965
27749 864 11585 11246 11271 11615
27750 864 11586 11246 11271 11615
27751 864 11589 11249 11271 11615
27752 864 11590 11249 11271 11615
27753 864 12235 11896 11921 12265
27754 864 12236 11896 11921 12265
27755 864 12239 11899 11921 12265
27756 864 12240 11899 11921 12265
27757 864 12885 12546 12571 12915
27758 864 12886 12546 12571 12915
27759 864 12889 12549 12571 12915
27760 864 12890 12549 12571 12915
27761 871 29 18 17 303
27762 871 29 18 17 304
27763 871 50 39 38 328
27764 871 50 39 38 329
27765 871 73 61 60 355
27766 871 73 61 60 356
27767 871 123 112 111 426
27768 871 123 112 111 427
27769 871 145 134 133 451
27770 871 145 134 133 452
27771 871 168 156 155 475
27772 871 168 156 155 476
27773 871 218 207 206 546
27774 871 218 207 206 547
27775 871 241 230 229 574
27776 871 241 230 229 575
27777 871 263 251 250 598
27778 871 263 251 250 599
27779 871 679 668 667 953
27780 871 679 668 667 954
27781 871 700 689 688 978
27782 871 700 689 688 979
27783 871 723 711 710 1005
27784 871 723 711 710 1006
27785 871 773 762 761 1076
27786 871 773 762 761 1077
27787 871 795 784 783 1101
27788 871 795 784 783 1102
27789 871 818 806 805 1125
27790 871 818 806 805 1126
27791 871 868 857 856 1196
27792 871 868 857 856 1197
27793 871 891 880 879 1224
27794 871 891 880 879 1225
27795 871 913 901 900 1248
27796 871 913 901 900 1249
27797 871 1329 1318 1317 1603
27798 871 1329 1318 1317 1604
27799 871 1350 1339 1338 1628
27800 871 1350 1339 1338 1629
27801 871 1373 1361 1360 1655
27802 871 1373 1361 1360 1656
27803 871 1423 1412 1411 1726
27804 871 1423 1412 1411 1727
27805 871 1445 1434 1433 1751
27806 871 1445 1434 1433 1752
27807 871 1468 1456 1455 1775
27808 871 1468 1456 1455 1776
27809 871 1518 1507 1506 1846
27810 871 1518 1507 1506 1847
27811 871 1541 1530 1529 1874
27812 871 1541 1530 1529 1875
27813 871 1563 1551 1550 1898
27814 871 1563 1551 1550 1899
27815 871 1979 1968 1967 2253
27816 871 1979 1968 1967 2254
27817 871 2000 1989 1988 2278
27818 871 2000 1989 1988 2279
27819 871 2023 2011 2010 2305
27820 871 2023 2011 2010 2306
27821 871 2073 2062 2061 2376
27822 871 2073 2062 2061 2377
27823 871 2095 2084 2083 2401
27824 871 2095 2084 2083 2402
27825 871 2118 2106 2105 2425
27826 871 2118 2106 2105 2426
27827 871 2168 2157 2156 2496
27828 871 2168 2157 2156 2497
27829 871 2191 2180 2179 2524
27830 871 2191 2180 2179 2525
27831 871 2213 2201 2200 2548
27832 871 2213 2201 2200 2549
27833 871 2629 2618 2617 2903
27834 871 2629 2618 2617 2904
27835 871 2650 2639 2638 2928
27836 871 2650 2639 2638 2929
27837 871 2673 2661 2660 2955
27838 871 2673 2661 2660 2956
27839 871 2723 2712 2711 3026
27840 871 2723 2712 2711 3027
27841 871 2745 2734 2733 3051
27842 871 2745 2734 2733 3052
27843 871 2768 2756 2755 3075
27844 871 2768 2756 2755 3076
27845 871 2818 2807 2806 3146
27846 871 2818 2807 2806 3147
27847 871 2841 2830 2829 3174
27848 871 2841 2830 2829 3175
27849 871 2863 2851 2850 3198
27850 871 2863 2851 2850 3199
27851 871 3279 3268 3267 3553
27852 871 3279 3268 3267 3554
27853 871 3300 3289 3288 3578
27854 871 3300 3289 3288 3579
27855 871 3323 3311 3310 3605
27856 871 3323 3311 3310 3606
27857 871 3373 3362 3361 3676
27858 871 3373 3362 3361 3677
27859 871 3395 3384 3383 3701
27860 871 3395 3384 3383 3702
27861 871 3418 3406 3405 3725
27862 871 3418 3406 3405 3726
27863 871 3468 3457 3456 3796
27864 871 3468 3457 3456 3797
27865 871 3491 3480 3479 3824
27866 871 3491 3480 3479 3825
27867 871 3513 3501 3500 3848
27868 871 3513 3501 3500 3849
27869 871 3929 3918 3917 4203
27870 871 3929 3918 3917 4204
27871 871 3950 3939 3938 4228
27872 871 3950 3939 3938 4229
27873 871 3973 3961 3960 4255
27874 871 3973 3961 3960 4256
27875 871 4023 4012 4011 4326
27876 871 4023 4012 4011 4327
27877 871 4045 4034 4033 4351
27878 871 4045 4034 4033 4352
27879 871 4068 4056 4055 4375
27880 871 4068 4056 4055 4376
27881 871 4118 4107 4106 4446
27882 871 4118 4107 4106 4447
27883 871 4141 4130 4129 4474
27884 871 4141 4130 4129 4475
27885 871 4163 4151 4150 4498
27886 871 4163 4151 4150 4499
27887 871 4579 4568 4567 4853
27888 871 4579 4568 4567 4854
27889 871 4600 4589 4588 4878
27890 871 4600 4589 4588 4879
27891 871 4623 4611 4610 4905
27892 871 4623 4611 4610 4906
27893 871 4673 4662 4661 4976
27894 871 4673 4662 4661 4977
27895 871 4695 4684 4683 5001
27896 871 4695 4684 4683 5002
27897 871 4718 4706 4705 5025
27898 871 4718 4706 4705 5026
27899 871 4768 4757 4756 5096
27900 871 4768 4757 4756 5097
27901 871 4791 4780 4779 5124
27902 871 4791 4780 4779 5125
27903 871 4813 4801 4800 5148
27904 871 4813 4801 4800 5149
27905 871 5229 5218 5217 5503
27906 871 5229 5218 5217 5504
27907 871 5250 5239 5238 5528
27908 871 5250 5239 5238 5529
27909 871 5273 5261 5260 5555
27910 871 5273 5261 5260 5556
27911 871 5323 5312 5311 5626
27912 871 5323 5312 5311 5627
27913 871 5345 5334 5333 5651
27914 871 5345 5334 5333 5652
27915 871 5368 5356 5355 5675
27916 871 5368 5356 5355 5676
27917 871 5418 5407 5406 5746
27918 871 5418 5407 5406 5747
27919 871 5441 5430 5429 5774
27920 871 5441 5430 5429 5775
27921 871 5463 5451 5450 5798
27922 871 5463 5451 5450 5799
27923 871 5879 5868 5867 6153
27924 871 5879 5868 5867 6154
27925 871 5900 5889 5888 6178
27926 871 5900 5889 5888 6179
27927 871 5923 5911 5910 6205
27928 871 5923 5911 5910 6206
27929 871 5973 5962 5961 6276
27930 871 5973 5962 5961 6277
27931 871 5995 5984 5983 6301
27932 871 5995 5984 5983 6302
27933 871 6018 6006 6005 6325
27934 871 6018 6006 6005 6326
27935 871 6068 6057 6056 6396
27936 871 6068 6057 6056 6397
27937 871 6091 6080 6079 6424
27938 871 6091 6080 6079 6425
27939 871 6113 6101 6100 6448
27940 871 6113 6101 6100 6449
27941 871 6529 6518 6517 6803
27942 871 6529 6518 6517 6804
27943 871 6550 6539 6538 6828
27944 871 6550 6539 6538 6829
27945 871 6573 6561 6560 6855
27946 871 6573 6561 6560 6856
27947 871 6623 6612 6611 6926
27948 871 6623 6612 6611 6927
27949 871 6645 6634 6633 6951
27950 871 6645 6634 6633 6952
27951 871 6668 6656 6655 6975
27952 871 6668 6656 6655 6976
27953 871 6718 6707 6706 7046
27954 871 6718 6707 6706 7047
27955 871 6741 6730 6729 7074
27956 871 6741 6730 6729 7075
27957 871 6763 6751 6750 7098
27958 871 6763 6751 6750 7099
27959 871 7179 7168 7167 7453
27960 871 7179 7168 7167 7454
27961 871 7200 7189 7188 7478
27962 871 7200 7189 7188 7479
27963 871 7223 7211 7210 7505
27964 871 7223 7211 7210 7506
27965 871 7273 7262 7261 7576
27966 871 7273 7262 7261 7577
27967 871 7295 7284 7283 7601
27968 871 7295 7284 7283 7602
27969 871 7318 7306 7305 7625
27970 871 7318 7306 7305 7626
27971 871 7368 7357 7356 7696
27972 871 7368 7357 7356 7697
27973 871 7391 7380 7379 7724
27974 871 7391 7380 7379 7725
27975 871 7413 7401 7400 7748
27976 871 7413 7401 7400 7749
27977 871 7829 7818 7817 8103
27978 871 7829 7818 7817 8104
27979 871 7850 7839 7838 8128
27980 871 7850 7839 7838 8129
27981 871 7873 7861 7860 8155
27982 871 7873 7861 7860 8156
27983 871 7923 7912 7911 8226
27984 871 7923 7912 7911 8227
27985 871 7945 7934 7933 8251
27986 871 7945 7934 7933 8252
27987 871 7968 7956 7955 8275
27988 871 7968 7956 7955 8276
27989 871 8018 8007 8006 8346
27990 871 8018 8007 8006 8347
27991 871 8041 8030 8029 8374
27992 871 8041 8030 8029 8375
27993 871 8063 8051 8050 8398
27994 871 8063 8051 8050 8399
27995 871 8479 8468 8467 8753
27996 871 8479 8468 8467 8754
27997 871 8500 8489 8488 8778
27998 871 8500 8489 8488 8779
27999 871 8523 8511 8510 8805
28000 871 8523 8511 8510 8806
28001 871 8573 8562 8561 8876
28002 871 8573 8562 8561 8877
28003 871 8595 8584 8583 8901
28004 871 8595 8584 8583 8902
28005 871 8618 8606 8605 8925
28006 871 8618 8606 8605 8926
28007 871 8668 8657 8656 8996
28008 871 8668 8657 8656 8997
28009 871 8691 8680 8679 9024
28010 871 8691 8680 8679 9025
28011 871 8713 8701 8700 9048
28012 871 8713 8701 8700 9049
28013 871 9129 9118 9117 9403
28014 871 9129 9118 9117 9404
28015 871 9150 9139 9138 9428
28016 871 9150 9139 9138 9429
28017 871 9173 9161 9160 9455
28018 871 9173 9161 9160 9456
28019 871 9223 9212 9211 9526
28020 871 9223 9212 9211 9527
28021 871 9245 9234 9233 9551
28022 871 9245 9234 9233 9552
28023 871 9268 9256 9255 9575
28024 871 9268 9256 9255 9576
28025 871 9318 9307 9306 9646
28026 871 9318 9307 9306 9647
28027 871 9341 9330 9329 9674
28028 871 9341 9330 9329 9675
28029 871 9363 9351 9350 9698
28030 871 9363 9351 9350 9699
28031 871 9779 9768 9767 10053
28032 871 9779 9768 9767 10054
28033 871 9800 9789 9788 10078
28034 871 9800 9789 9788 10079
28035 871 9823 9811 9810 10105
28036 871 9823 9811 9810 10106
28037 871 9873 9862 9861 10176
28038 871 9873 9862 9861 10177
28039 871 9895 9884 9883 10201
28040 871 9895 9884 9883 10202
28041 871 9918 9906 9905 10225
28042 871 9918 9906 9905 10226
28043 871 9968 9957 9956 10296
28044 871 9968 9957 9956 10297
28045 871 9991 9980 9979 10324
28046 871 9991 9980 9979 10325
28047 871 10013 10001 10000 10348
28048 871 10013 10001 10000 10349
28049 871 10429 10418 10417 10703
28050 871 10429 10418 10417 10704
28051 871 10450 10439 10438 10728
28052 871 10450 10439 10438 10729
28053 871 10473 10461 10460 10755
28054 871 10473 10461 10460 10756
28055 871 10523 10512 10511 10826
28056 871 10523 10512 10511 10827
28057 871 10545 10534 10533 10851
28058 871 10545 10534 10533 10852
28059 871 10568 10556 10555 10875
28060 871 10568 10556 10555 10876
28061 871 10618 10607 10606 10946
28062 871 10618 10607 10606 10947
28063 871 10641 10630 10629 10974
28064 871 10641 10630 10629 10975
28065 871 10663 10651 10650 10998
28066 871 10663 10651 10650 10999
28067 871 11079 11068 11067 11353
28068 871 11079 11068 11067 11354
28069 871 11100 11089 11088 11378
28070 871 11100 11089 11088 11379
28071 871 11123 11111 11110 11405
28072 871 11123 11111 11110 11406
28073 871 11173 11162 11161 11476
28074 871 11173 11162 11161 11477
28075 871 11195 11184 11183 11501
28076 871 11195 11184 11183 11502
28077 871 11218 11206 11205 11525
28078 871 11218 11206 11205 11526
28079 871 11268 11257 11256 11596
28080 871 11268 11257 11256 11597
28081 871 11291 11280 11279 11624
28082 871 11291 11280 11279 11625
28083 871 11313 11301 11300 11648
28084 871 11313 11301 11300 11649
28085 871 11729 11718 11717 12003
28086 871 11729 11718 11717 12004
28087 871 11750 11739 11738 12028
28088 871 11750 11739 11738 12029
28089 871 11773 11761 11760 12055
28090 871 11773 11761 11760 12056
28091 871 11823 11812 11811 12126
28092 871 11823 11812 11811 12127
28093 871 11845 11834 11833 12151
28094 871 11845 11834 11833 12152
28095 871 11868 11856 11855 12175
28096 871 11868 11856 11855 12176
28097 871 11918 11907 11906 12246
28098 871 11918 11907 11906 12247
28099 871 11941 11930 11929 12274
28100 871 11941 11930 11929 12275
28101 871 11963 11951 11950 12298
28102 871 11963 11951 11950 12299
28103 871 12379 12368 12367 12653
28104 871 12379 12368 12367 12654
28105 871 12400 12389 12388 12678
28106 871 12400 12389 12388 12679
28107 871 12423 12411 12410 12705
28108 871 12423 12411 12410 12706
28109 871 12473 12462 12461 12776
28110 871 12473 12462 12461 12777
28111 871 12495 12484 12483 12801
28112 871 12495 12484 12483 12802
28113 871 12518 12506 12505 12825
28114 871 12518 12506 12505 12826
28115 871 12568 12557 12556 12896
28116 871 12568 12557 12556 12897
28117 871 12591 12580 12579 12924
28118 871 12591 12580 12579 12925
28119 871 12613 12601 12600 12948
28120 871 12613 12601 12600 12949
28121 871 16 17 18 305
28122 871 37 38 39 330
28123 871 59 60 61 357
28124 871 110 111 112 428
28125 871 132 133 134 453
28126 871 154 155 156 477
28127 871 205 206 207 548
28128 871 228 229 230 576
28129 871 249 250 251 600
28130 871 666 667 668 955
28131 871 687 688 689 980
28132 871 709 710 711 1007
28133 871 760 761 762 1078
28134 871 782 783 784 1103
28135 871 804 805 806 1127
28136 871 855 856 857 1198
28137 871 878 879 880 1226
28138 871 899 900 901 1250
28139 871 1316 1317 1318 1605
28140 871 1337 1338 1339 1630
28141 871 1359 1360 1361 1657
28142 871 1410 1411 1412 1728
28143 871 1432 1433 1434 1753
28144 871 1454 1455 1456 1777
28145 871 1505 1506 1507 1848
28146 871 1528 1529 1530 1876
28147 871 1549 1550 1551 1900
28148 871 1966 1967 1968 2255
28149 871 1987 1988 1989 2280
28150 871 2009 2010 2011 2307
28151 871 2060 2061 2062 2378
28152 871 2082 2083 2084 2403
28153 871 2104 2105 2106 2427
28154 871 2155 2156 2157 2498
28155 871 2178 2179 2180 2526
28156 871 2199 2200 2201 2550
28157 871 2616 2617 2618 2905
28158 871 2637 2638 2639 2930
28159 871 2659 2660 2661 2957
28160 871 2710 2711 2712 3028
28161 871 2732 2733 2734 3053
28162 871 2754 2755 2756 3077
28163 871 2805 2806 2807 3148
28164 871 2828 2829 2830 3176
28165 871 2849 2850 2851 3200
28166 871 3266 3267 3268 3555
28167 871 3287 3288 3289 3580
28168 871 3309 3310 3311 3607
28169 871 3360 3361 3362 3678
28170 871 3382 3383 3384 3703
28171 871 3404 3405 3406 3727
28172 871 3455 3456 3457 3798
28173 871 3478 3479 3480 3826
28174 871 3499 3500 3501 3850
28175 871 3916 3917 3918 4205
28176 871 3937 3938 3939 4230
28177 871 3959 3960 3961 4257
28178 871 4010 4011 4012 4328
28179 871 4032 4033 4034 4353
28180 871 4054 4055 4056 4377
28181 871 4105 4106 4107 4448
28182 871 4128 4129 4130 4476
28183 871 4149 4150 4151 4500
28184 871 4566 4567 4568 4855
28185 871 4587 4588 4589 4880
28186 871 4609 4610 4611 4907
28187 871 4660 4661 4662 4978
28188 871 4682 4683 4684 5003
28189 871 4704 4705 4706 5027
28190 871 4755 4756 4757 5098
28191 871 4778 4779 4780 5126
28192 871 4799 4800 4801 5150
28193 871 5216 5217 5218 5505
28194 871 5237 5238 5239 5530
28195 871 5259 5260 5261 5557
28196 871 5310 5311 5312 5628
28197 871 5332 5333 5334 5653
28198 871 5354 5355 5356 5677
28199 871 5405 5406 5407 5748
28200 871 5428 5429 5430 5776
28201 871 5449 5450 5451 5800
28202 871 5866 5867 5868 6155
28203 871 5887 5888 5889 6180
28204 871 5909 5910 5911 6207
28205 871 5960 5961 5962 6278
28206 871 5982 5983 5984 6303
28207 871 6004 6005 6006 6327
28208 871 6055 6056 6057 6398
28209 871 6078 6079 6080 6426
28210 871 6099 6100 6101 6450
28211 871 6516 6517 6518 6805
28212 871 6537 6538 6539 6830
28213 871 6559 6560 6561 6857
28214 871 6610 6611 6612 6928
28215 871 6632 6633 6634 6953
28216 871 6654 6655 6656 6977
28217 871 6705 6706 6707 7048
28218 871 6728 6729 6730 7076
28219 871 6749 6750 6751 7100
28220 871 7166 7167 7168 7455
28221 871 7187 7188 7189 7480
28222 871 7209 7210 7211 7507
28223 871 7260 7261 7262 7578
28224 871 7282 7283 7284 7603
28225 871 7304 7305 7306 7627
28226 871 7355 7356 7357 7698
28227 871 7378 7379 7380 7726
28228 871 7399 7400 7401 7750
28229 871 7816 7817 7818 8105
28230 871 7837 7838 7839 8130
28231 871 7859 7860 7861 8157
28232 871 7910 7911 7912 8228
28233 871 7932 7933 7934 8253
28234 871 7954 7955 7956 8277
28235 871 8005 8006 8007 8348
28236 871 8028 8029 8030 8376
28237 871 8049 8050 8051 8400
28238 871 8466 8467 8468 8755
28239 871 8487 8488 8489 8780
28240 871 8509 8510 8511 8807
28241 871 8560 8561 8562 8878
28242 871 8582 8583 8584 8903
28243 871 8604 8605 8606 8927
28244 871 8655 8656 8657 8998
28245 871 8678 8679 8680 9026
28246 871 8699 8700 8701 9050
28247 871 9116 9117 9118 9405
28248 871 9137 9138 9139 9430
28249 871 9159 9160 9161 9457
28250 871 9210 9211 9212 9528
28251 871 9232 9233 9234 9553
28252 871 9254 9255 9256 9577
28253 871 9305 9306 9307 9648
28254 871 9328 9329 9330 9676
28255 871 9349 9350 9351 9700
28256 871 9766 9767 9768 10055
28257 871 9787 9788 9789 10080
28258 871 9809 9810 9811 10107
28259 871 9860 9861 9862 10178
28260 871 9882 9883 9884 10203
28261 871 9904 9905 9906 10227
28262 871 9955 9956 9957 10298
28263 871 9978 9979 9980 10326
28264 871 9999 10000 10001 10350
28265 871 10416 10417 10418 10705
28266 871 10437 10438 10439 10730
28267 871 10459 10460 10461 10757
28268 871 10510 10511 10512 10828
28269 871 10532 10533 10534 10853
28270 871 10554 10555 10556 10877
28271 871 10605 10606 10607 10948
28272 871 10628 10629 10630 10976
28273 871 10649 10650 10651 11000
28274 871 11066 11067 11068 11355
28275 871 11087 11088 11089 11380
28276 871 11109 11110 11111 11407
28277 871 11160 11161 11162 11478
28278 871 11182 11183 11184 11503
28279 871 11204 11205 11206 11527
28280 871 11255 11256 11257 11598
28281 871 11278 11279 11280 11626
28282 871 11299 11300 11301 11650
28283 871 11716 11717 11718 12005
28284 871 11737 11738 11739 12030
28285 871 11759 11760 11761 12057
28286 871 11810 11811 11812 12128
28287 871 11832 11833 11834 12153
28288 871 11854 11855 11856 12177
28289 871 11905 11906 11907 12248
28290 871 11928 11929 11930 12276
28291 871 11949 11950 11951 12300
28292 871 12366 12367 12368 12655
28293 871 12387 12388 12389 12680
28294 871 12409 12410 12411 12707
28295 871 12460 12461 12462 12778
28296 871 12482 12483 12484 12803
28297 871 12504 12505 12506 12827
28298 871 12555 12556 12557 12898
28299 871 12578 12579 12580 12926
28300 871 12599 12600 12601 12950
28301 871 29 18 19 306
28302 871 29 18 19 307
28303 871 29 18 19 308
28304 871 50 39 40 331
28305 871 50 39 40 332
28306 871 50 39 40 333
28307 871 73 61 62 358
28308 871 73 61 62 359
28309 871 73 61 62 360
28310 871 123 112 113 429
28311 871 123 112 113 430
28312 871 123 112 113 431
28313 871 145 134 135 454
28314 871 145 134 135 455
28315 871 145 134 135 456
28316 871 168 156 157 478
28317 871 168 156 157 479
28318 871 168 156 157 480
28319 871 218 207 208 549
28320 871 218 207 208 550
28321 871 218 207 208 551
28322 871 241 230 231 577
28323 871 241 230 231 578
28324 871 241 230 231 579
28325 871 263 251 252 601
28326 871 263 251 252 602
28327 871 263 251 252 603
28328 871 679 668 669 956
28329 871 679 668 669 957
28330 871 679 668 669 958
28331 871 700 689 690 981
28332 871 700 689 690 982
28333 871 700 689 690 983
28334 871 723 711 712 1008
28335 871 723 711 712 1009
28336 871 723 711 712 1010
28337 871 773 762 763 1079
28338 871 773 762 763 1080
28339 871 773 762 763 1081
28340 871 795 784 785 1104
28341 871 795 784 785 1105
28342 871 795 784 785 1106
28343 871 818 806 807 1128
28344 871 818 806 807 1129
28345 871 818 806 807 1130
28346 871 868 857 858 1199
28347 871 868 857 858 1200
28348 871 868 857 858 1201
28349 871 891 880 881 1227
28350 871 891 880 881 1228
28351 871 891 880 881 1229
28352 871 913 901 902 1251
28353 871 913 901 902 1252
28354 871 913 901 902 1253
28355 871 1329 1318 1319 1606
28356 871 1329 1318 1319 1607
28357 871 1329 1318 1319 1608
28358 871 1350 1339 1340 1631
28359 871 1350 1339 1340 1632
28360 871 1350 1339 1340 1633
28361 871 1373 1361 1362 1658
28362 871 1373 1361 1362 1659
28363 871 1373 1361 1362 1660
28364 871 1423 1412 1413 1729
28365 871 1423 1412 1413 1730
28366 871 1423 1412 1413 1731
28367 871 1445 1434 1435 1754
28368 871 1445 1434 1435 1755
28369 871 1445 1434 1435 1756
28370 871 1468 1456 1457 1778
28371 871 1468 1456 1457 1779
28372 871 1468 1456 1457 1780
28373 871 1518 1507 1508 1849
28374 871 1518 1507 1508 1850
28375 871 1518 1507 1508 1851
28376 871 1541 1530 1531 1877
28377 871 1541 1530 1531 1878
28378 871 1541 1530 1531 1879
28379 871 1563 1551 1552 1901
28380 871 1563 1551 1552 1902
28381 871 1563 1551 1552 1903
28382 871 1979 1968 1969 2256
28383 871 1979 1968 1969 2257
28384 871 1979 1968 1969 2258
28385 871 2000 1989 1990 2281
28386 871 2000 1989 1990 2282
28387 871 2000 1989 1990 2283
28388 871 2023 2011 2012 2308
28389 871 2023 2011 2012 2309
28390 871 2023 2011 2012 2310
28391 871 2073 2062 2063 2379
28392 871 2073 2062 2063 2380
28393 871 2073 2062 2063 2381
28394 871 2095 2084 2085 2404
28395 871 2095 2084 2085 2405
28396 871 2095 2084 2085 2406
28397 871 2118 2106 2107 2428
28398 871 2118 2106 2107 2429
28399 871 2118 2106 2107 2430
28400 871 2168 2157 2158 2499
28401 871 2168 2157 2158 2500
28402 871 2168 2157 2158 2501
28403 871 2191 2180 2181 2527
28404 871 2191 2180 2181 2528
28405 871 2191 2180 2181 2529
28406 871 2213 2201 2202 2551
28407 871 2213 2201 2202 2552
28408 871 2213 2201 2202 2553
28409 871 2629 2618 2619 2906
28410 871 2629 2618 2619 2907
28411 871 2629 2618 2619 2908
28412 871 2650 2639 2640 2931
28413 871 2650 2639 2640 2932
28414 871 2650 2639 2640 2933
28415 871 2673 2661 2662 2958
28416 871 2673 2661 2662 2959
28417 871 2673 2661 2662 2960
28418 871 2723 2712 2713 3029
28419 871 2723 2712 2713 3030
28420 871 2723 2712 2713 3031
28421 871 2745 2734 2735 3054
28422 871 2745 2734 2735 3055
28423 871 2745 2734 2735 3056
28424 871 2768 2756 2757 3078
28425 871 2768 2756 2757 3079
28426 871 2768 2756 2757 3080
28427 871 2818 2807 2808 3149
28428 871 2818 2807 2808 3150
28429 871 2818 2807 2808 3151
28430 871 2841 2830 2831 3177
28431 871 2841 2830 2831 3178
28432 871 2841 2830 2831 3179
28433 871 2863 2851 2852 3201
28434 871 2863 2851 2852 3202
28435 871 2863 2851 2852 3203
28436 871 3279 3268 3269 3556
28437 871 3279 3268 3269 3557
28438 871 3279 3268 3269 3558
28439 871 3300 3289 3290 3581
28440 871 3300 3289 3290 3582
28441 871 3300 3289 3290 3583
28442 871 3323 3311 3312 3608
28443 871 3323 3311 3312 3609
28444 871 3323 3311 3312 3610
28445 871 3373 3362 3363 3679
28446 871 3373 3362 3363 3680
28447 871 3373 3362 3363 3681
28448 871 3395 3384 3385 3704
28449 871 3395 3384 3385 3705
28450 871 3395 3384 3385 3706
28451 871 3418 3406 3407 3728
28452 871 3418 3406 3407 3729
28453 871 3418 3406 3407 3730
28454 871 3468 3457 3458 3799
28455 871 3468 3457 3458 3800
28456 871 3468 3457 3458 3801
28457 871 3491 3480 3481 3827
28458 871 3491 3480 3481 3828
28459 871 3491 3480 3481 3829
28460 871 3513 3501 3502 3851
28461 871 3513 3501 3502 3852
28462 871 3513 3501 3502 3853
28463 871 3929 3918 3919 4206
28464 871 3929 3918 3919 4207
28465 871 3929 3918 3919 4208
28466 871 3950 3939 3940 4231
28467 871 3950 3939 3940 4232
28468 871 3950 3939 3940 4233
28469 871 3973 3961 3962 4258
28470 871 3973 3961 3962 4259
28471 871 3973 3961 3962 4260
28472 871 4023 4012 4013 4329
28473 871 4023 4012 4013 4330
28474 871 4023 4012 4013 4331
28475 871 4045 4034 4035 4354
28476 871 4045 4034 4035 4355
28477 871 4045 4034 4035 4356
28478 871 4068 4056 4057 4378
28479 871 4068 4056 4057 4379
28480 871 4068 4056 4057 4380
28481 871 4118 4107 4108 4449
28482 871 4118 4107 4108 4450
28483 871 4118 4107 4108 4451
28484 871 4141 4130 4131 4477
28485 871 4141 4130 4131 4478
28486 871 4141 4130 4131 4479
28487 871 4163 4151 4152 4501
28488 871 4163 4151 4152 4502
28489 871 4163 4151 4152 4503
28490 871 4579 4568 4569 4856
28491 871 4579 4568 4569 4857
28492 871 4579 4568 4569 4858
28493 871 4600 4589 4590 4881
28494 871 4600 4589 4590 4882
28495 871 4600 4589 4590 4883
28496 871 4623 4611 4612 4908
28497 871 4623 4611 4612 4909
28498 871 4623 4611 4612 4910
28499 871 4673 4662 4663 4979
28500 871 4673 4662 4663 4980
28501 871 4673 4662 4663 4981
28502 871 4695 4684 4685 5004
28503 871 4695 4684 4685 5005
28504 871 4695 4684 4685 5006
28505 871 4718 4706 4707 5028
28506 871 4718 4706 4707 5029
28507 871 4718 4706 4707 5030
28508 871 4768 4757 4758 5099
28509 871 4768 4757 4758 5100
28510 871 4768 4757 4758 5101
28511 871 4791 4780 4781 5127
28512 871 4791 4780 4781 5128
28513 871 4791 4780 4781 5129
28514 871 4813 4801 4802 5151
28515 871 4813 4801 4802 5152
28516 871 4813 4801 4802 5153
28517 871 5229 5218 5219 5506
28518 871 5229 5218 5219 5507
28519 871 5229 5218 5219 5508
28520 871 5250 5239 5240 5531
28521 871 5250 5239 5240 5532
28522 871 5250 5239 5240 5533
28523 871 5273 5261 5262 5558
28524 871 5273 5261 5262 5559
28525 871 5273 5261 5262 5560
28526 871 5323 5312 5313 5629
28527 871 5323 5312 5313 5630
28528 871 5323 5312 5313 5631
28529 871 5345 5334 5335 5654
28530 871 5345 5334 5335 5655
28531 871 5345 5334 5335 5656
28532 871 5368 5356 5357 5678
28533 871 5368 5356 5357 5679
28534 871 5368 5356 5357 5680
28535 871 5418 5407 5408 5749
28536 871 5418 5407 5408 5750
28537 871 5418 5407 5408 5751
28538 871 5441 5430 5431 5777
28539 871 5441 5430 5431 5778
28540 871 5441 5430 5431 5779
28541 871 5463 5451 5452 5801
28542 871 5463 5451 5452 5802
28543 871 5463 5451 5452 5803
28544 871 5879 5868 5869 6156
28545 871 5879 5868 5869 6157
28546 871 5879 5868 5869 6158
28547 871 5900 5889 5890 6181
28548 871 5900 5889 5890 6182
28549 871 5900 5889 5890 6183
28550 871 5923 5911 5912 6208
28551 871 5923 5911 5912 6209
28552 871 5923 5911 5912 6210
28553 871 5973 5962 5963 6279
28554 871 5973 5962 5963 6280
28555 871 5973 5962 5963 6281
28556 871 5995 5984 5985 6304
28557 871 5995 5984 5985 6305
28558 871 5995 5984 5985 6306
28559 871 6018 6006 6007 6328
28560 871 6018 6006 6007 6329
28561 871 6018 6006 6007 6330
28562 871 6068 6057 6058 6399
28563 871 6068 6057 6058 6400
28564 871 6068 6057 6058 6401
28565 871 6091 6080 6081 6427
28566 871 6091 6080 6081 6428
28567 871 6091 6080 6081 6429
28568 871 6113 6101 6102 6451
28569 871 6113 6101 6102 6452
28570 871 6113 6101 6102 6453
28571 871 6529 6518 6519 6806
28572 871 6529 6518 6519 6807
28573 871 6529 6518 6519 6808
28574 871 6550 6539 6540 6831
28575 871 6550 6539 6540 6832
28576 871 6550 6539 6540 6833
28577 871 6573 6561 6562 6858
28578 871 6573 6561 6562 6859
28579 871 6573 6561 6562 6860
28580 871 6623 6612 6613 6929
28581 871 6623 6612 6613 6930
28582 871 6623 6612 6613 6931
28583 871 6645 6634 6635 6954
28584 871 6645 6634 6635 6955
28585 871 6645 6634 6635 6956
28586 871 6668 6656 6657 6978
28587 871 6668 6656 6657 6979
28588 871 6668 6656 6657 6980
28589 871 6718 6707 6708 7049
28590 871 6718 6707 6708 7050
28591 871 6718 6707 6708 7051
28592 871 6741 6730 6731 7077
28593 871 6741 6730 6731 7078
28594 871 6741 6730 6731 7079
28595 871 6763 6751 6752 7101
28596 871 6763 6751 6752 7102
28597 871 6763 6751 6752 7103
28598 871 7179 7168 7169 7456
28599 871 7179 7168 7169 7457
28600 871 7179 7168 7169 7458
28601 871 7200 7189 7190 7481
28602 871 7200 7189 7190 7482
28603 871 7200 7189 7190 7483
28604 871 7223 7211 7212 7508
28605 871 7223 7211 7212 7509
28606 871 7223 7211 7212 7510
28607 871 7273 7262 7263 7579
28608 871 7273 7262 7263 7580
28609 871 7273 7262 7263 7581
28610 871 7295 7284 7285 7604
28611 871 7295 7284 7285 7605
28612 871 7295 7284 7285 7606
28613 871 7318 7306 7307 7628
28614 871 7318 7306 7307 7629
28615 871 7318 7306 7307 7630
28616 871 7368 7357 7358 7699
28617 871 7368 7357 7358 7700
28618 871 7368 7357 7358 7701
28619 871 7391 7380 7381 7727
28620 871 7391 7380 7381 7728
28621 871 7391 7380 7381 7729
28622 871 7413 7401 7402 7751
28623 871 7413 7401 7402 7752
28624 871 7413 7401 7402 7753
28625 871 7829 7818 7819 8106
28626 871 7829 7818 7819 8107
28627 871 7829 7818 7819 8108
28628 871 7850 7839 7840 8131
28629 871 7850 7839 7840 8132
28630 871 7850 7839 7840 8133
28631 871 7873 7861 7862 8158
28632 871 7873 7861 7862 8159
28633 871 7873 7861 7862 8160
28634 871 7923 7912 7913 8229
28635 871 7923 7912 7913 8230
28636 871 7923 7912 7913 8231
28637 871 7945 7934 7935 8254
28638 871 7945 7934 7935 8255
28639 871 7945 7934 7935 8256
28640 871 7968 7956 7957 8278
28641 871 7968 7956 7957 8279
28642 871 7968 7956 7957 8280
28643 871 8018 8007 8008 8349
28644 871 8018 8007 8008 8350
28645 871 8018 8007 8008 8351
28646 871 8041 8030 8031 8377
28647 871 8041 8030 8031 8378
28648 871 8041 8030 8031 8379
28649 871 8063 8051 8052 8401
28650 871 8063 8051 8052 8402
28651 871 8063 8051 8052 8403
28652 871 8479 8468 8469 8756
28653 871 8479 8468 8469 8757
28654 871 8479 8468 8469 8758
28655 871 8500 8489 8490 8781
28656 871 8500 8489 8490 8782
28657 871 8500 8489 8490 8783
28658 871 8523 8511 8512 8808
28659 871 8523 8511 8512 8809
28660 871 8523 8511 8512 8810
28661 871 8573 8562 8563 8879
28662 871 8573 8562 8563 8880
28663 871 8573 8562 8563 8881
28664 871 8595 8584 8585 8904
28665 871 8595 8584 8585 8905
28666 871 8595 8584 8585 8906
28667 871 8618 8606 8607 8928
28668 871 8618 8606 8607 8929
28669 871 8618 8606 8607 8930
28670 871 8668 8657 8658 8999
28671 871 8668 8657 8658 9000
28672 871 8668 8657 8658 9001
28673 871 8691 8680 8681 9027
28674 871 8691 8680 8681 9028
28675 871 8691 8680 8681 9029
28676 871 8713 8701 8702 9051
28677 871 8713 8701 8702 9052
28678 871 8713 8701 8702 9053
28679 871 9129 9118 9119 9406
28680 871 9129 9118 9119 9407
28681 871 9129 9118 9119 9408
28682 871 9150 9139 9140 9431
28683 871 9150 9139 9140 9432
28684 871 9150 9139 9140 9433
28685 871 9173 9161 9162 9458
28686 871 9173 9161 9162 9459
28687 871 9173 9161 9162 9460
28688 871 9223 9212 9213 9529
28689 871 9223 9212 9213 9530
28690 871 9223 9212 9213 9531
28691 871 9245 9234 9235 9554
28692 871 9245 9234 9235 9555
28693 871 9245 9234 9235 9556
28694 871 9268 9256 9257 9578
28695 871 9268 9256 9257 9579
28696 871 9268 9256 9257 9580
28697 871 9318 9307 9308 9649
28698 871 9318 9307 9308 9650
28699 871 9318 9307 9308 9651
28700 871 9341 9330 9331 9677
28701 871 9341 9330 9331 9678
28702 871 9341 9330 9331 9679
28703 871 9363 9351 9352 9701
28704 871 9363 9351 9352 9702
28705 871 9363 9351 9352 9703
28706 871 9779 9768 9769 10056
28707 871 9779 9768 9769 10057
28708 871 9779 9768 9769 10058
28709 871 9800 9789 9790 10081
28710 871 9800 9789 9790 10082
28711 871 9800 9789 9790 10083
28712 871 9823 9811 9812 10108
28713 871 9823 9811 9812 10109
28714 871 9823 9811 9812 10110
28715 871 9873 9862 9863 10179
28716 871 9873 9862 9863 10180
28717 871 9873 9862 9863 10181
28718 871 9895 9884 9885 10204
28719 871 9895 9884 9885 10205
28720 871 9895 9884 9885 10206
28721 871 9918 9906 9907 10228
28722 871 9918 9906 9907 10229
28723 871 9918 9906 9907 10230
28724 871 9968 9957 9958 10299
28725 871 9968 9957 9958 10300
28726 871 9968 9957 9958 10301
28727 871 9991 9980 9981 10327
28728 871 9991 9980 9981 10328
28729 871 9991 9980 9981 10329
28730 871 10013 10001 10002 10351
28731 871 10013 10001 10002 10352
28732 871 10013 10001 10002 10353
28733 871 10429 10418 10419 10706
28734 871 10429 10418 10419 10707
28735 871 10429 10418 10419 10708
28736 871 10450 10439 10440 10731
28737 871 10450 10439 10440 10732
28738 871 10450 10439 10440 10733
28739 871 10473 10461 10462 10758
28740 871 10473 10461 10462 10759
28741 871 10473 10461 10462 10760
28742 871 10523 10512 10513 10829
28743 871 10523 10512 10513 10830
28744 871 10523 10512 10513 10831
28745 871 10545 10534 10535 10854
28746 871 10545 10534 10535 10855
28747 871 10545 10534 10535 10856
28748 871 10568 10556 10557 10878
28749 871 10568 10556 10557 10879
28750 871 10568 10556 10557 10880
28751 871 10618 10607 10608 10949
28752 871 10618 10607 10608 10950
28753 871 10618 10607 10608 10951
28754 871 10641 10630 10631 10977
28755 871 10641 10630 10631 10978
28756 871 10641 10630 10631 10979
28757 871 10663 10651 10652 11001
28758 871 10663 10651 10652 11002
28759 871 10663 10651 10652 11003
28760 871 11079 11068 11069 11356
28761 871 11079 11068 11069 11357
28762 871 11079 11068 11069 11358
28763 871 11100 11089 11090 11381
28764 871 11100 11089 11090 11382
28765 871 11100 11089 11090 11383
28766 871 11123 11111 11112 11408
28767 871 11123 11111 11112 11409
28768 871 11123 11111 11112 11410
28769 871 11173 11162 11163 11479
28770 871 11173 11162 11163 11480
28771 871 11173 11162 11163 11481
28772 871 11195 11184 11185 11504
28773 871 11195 11184 11185 11505
28774 871 11195 11184 11185 11506
28775 871 11218 11206 11207 11528
28776 871 11218 11206 11207 11529
28777 871 11218 11206 11207 11530
28778 871 11268 11257 11258 11599
28779 871 11268 11257 11258 11600
28780 871 11268 11257 11258 11601
28781 871 11291 11280 11281 11627
28782 871 11291 11280 11281 11628
28783 871 11291 11280 11281 11629
28784 871 11313 11301 11302 11651
28785 871 11313 11301 11302 11652
28786 871 11313 11301 11302 11653
28787 871 11729 11718 11719 12006
28788 871 11729 11718 11719 12007
28789 871 11729 11718 11719 12008
28790 871 11750 11739 11740 12031
28791 871 11750 11739 11740 12032
28792 871 11750 11739 11740 12033
28793 871 11773 11761 11762 12058
28794 871 11773 11761 11762 12059
28795 871 11773 11761 11762 12060
28796 871 11823 11812 11813 12129
28797 871 11823 11812 11813 12130
28798 871 11823 11812 11813 12131
28799 871 11845 11834 11835 12154
28800 871 11845 11834 11835 12155
28801 871 11845 11834 11835 12156
28802 871 11868 11856 11857 12178
28803 871 11868 11856 11857 12179
28804 871 11868 11856 11857 12180
28805 871 11918 11907 11908 12249
28806 871 11918 11907 11908 12250
28807 871 11918 11907 11908 12251
28808 871 11941 11930 11931 12277
28809 871 11941 11930 11931 12278
28810 871 11941 11930 11931 12279
28811 871 11963 11951 11952 12301
28812 871 11963 11951 11952 12302
28813 871 11963 11951 11952 12303
28814 871 12379 12368 12369 12656
28815 871 12379 12368 12369 12657
28816 871 12379 12368 12369 12658
28817 871 12400 12389 12390 12681
28818 871 12400 12389 12390 12682
28819 871 12400 12389 12390 12683
28820 871 12423 12411 12412 12708
28821 871 12423 12411 12412 12709
28822 871 12423 12411 12412 12710
28823 871 12473 12462 12463 12779
28824 871 12473 12462 12463 12780
28825 871 12473 12462 12463 12781
28826 871 12495 12484 12485 12804
28827 871 12495 12484 12485 12805
28828 871 12495 12484 12485 12806
28829 871 12518 12506 12507 12828
28830 871 12518 12506 12507 12829
28831 871 12518 12506 12507 12830
28832 871 12568 12557 12558 12899
28833 871 12568 12557 12558 12900
28834 871 12568 12557 12558 12901
28835 871 12591 12580 12581 12927
28836 871 12591 12580 12581 12928
28837 871 12591 12580 12581 12929
28838 871 12613 12601 12602 12951
28839 871 12613 12601 12602 12952
28840 871 12613 12601 12602 12953
28841 871 90 86 85 392
28842 871 90 86 85 393
28843 871 185 181 180 512
28844 871 185 181 180 513
28845 871 280 276 275 635
28846 871 280 276 275 636
28847 871 740 736 735 1042
28848 871 740 736 735 1043
28849 871 835 831 830 1162
28850 871 835 831 830 1163
28851 871 930 926 925 1285
28852 871 930 926 925 1286
28853 871 1390 1386 1385 1692
28854 871 1390 1386 1385 1693
28855 871 1485 1481 1480 1812
28856 871 1485 1481 1480 1813
28857 871 1580 1576 1575 1935
28858 871 1580 1576 1575 1936
28859 871 2040 2036 2035 2342
28860 871 2040 2036 2035 2343
28861 871 2135 2131 2130 2462
28862 871 2135 2131 2130 2463
28863 871 2230 2226 2225 2585
28864 871 2230 2226 2225 2586
28865 871 2690 2686 2685 2992
28866 871 2690 2686 2685 2993
28867 871 2785 2781 2780 3112
28868 871 2785 2781 2780 3113
28869 871 2880 2876 2875 3235
28870 871 2880 2876 2875 3236
28871 871 3340 3336 3335 3642
28872 871 3340 3336 3335 3643
28873 871 3435 3431 3430 3762
28874 871 3435 3431 3430 3763
28875 871 3530 3526 3525 3885
28876 871 3530 3526 3525 3886
28877 871 3990 3986 3985 4292
28878 871 3990 3986 3985 4293
28879 871 4085 4081 4080 4412
28880 871 4085 4081 4080 4413
28881 871 4180 4176 4175 4535
28882 871 4180 4176 4175 4536
28883 871 4640 4636 4635 4942
28884 871 4640 4636 4635 4943
28885 871 4735 4731 4730 5062
28886 871 4735 4731 4730 5063
28887 871 4830 4826 4825 5185
28888 871 4830 4826 4825 5186
28889 871 5290 5286 5285 5592
28890 871 5290 5286 5285 5593
28891 871 5385 5381 5380 5712
28892 871 5385 5381 5380 5713
28893 871 5480 5476 5475 5835
28894 871 5480 5476 5475 5836
28895 871 5940 5936 5935 6242
28896 871 5940 5936 5935 6243
28897 871 6035 6031 6030 6362
28898 871 6035 6031 6030 6363
28899 871 6130 6126 6125 6485
28900 871 6130 6126 6125 6486
28901 871 6590 6586 6585 6892
28902 871 6590 6586 6585 6893
28903 871 6685 6681 6680 7012
28904 871 6685 6681 6680 7013
28905 871 6780 6776 6775 7135
28906 871 6780 6776 6775 7136
28907 871 7240 7236 7235 7542
28908 871 7240 7236 7235 7543
28909 871 7335 7331 7330 7662
28910 871 7335 7331 7330 7663
28911 871 7430 7426 7425 7785
28912 871 7430 7426 7425 7786
28913 871 7890 7886 7885 8192
28914 871 7890 7886 7885 8193
28915 871 7985 7981 7980 8312
28916 871 7985 7981 7980 8313
28917 871 8080 8076 8075 8435
28918 871 8080 8076 8075 8436
28919 871 8540 8536 8535 8842
28920 871 8540 8536 8535 8843
28921 871 8635 8631 8630 8962
28922 871 8635 8631 8630 8963
28923 871 8730 8726 8725 9085
28924 871 8730 8726 8725 9086
28925 871 9190 9186 9185 9492
28926 871 9190 9186 9185 9493
28927 871 9285 9281 9280 9612
28928 871 9285 9281 9280 9613
28929 871 9380 9376 9375 9735
28930 871 9380 9376 9375 9736
28931 871 9840 9836 9835 10142
28932 871 9840 9836 9835 10143
28933 871 9935 9931 9930 10262
28934 871 9935 9931 9930 10263
28935 871 10030 10026 10025 10385
28936 871 10030 10026 10025 10386
28937 871 10490 10486 10485 10792
28938 871 10490 10486 10485 10793
28939 871 10585 10581 10580 10912
28940 871 10585 10581 10580 10913
28941 871 10680 10676 10675 11035
28942 871 10680 10676 10675 11036
28943 871 11140 11136 11135 11442
28944 871 11140 11136 11135 11443
28945 871 11235 11231 11230 11562
28946 871 11235 11231 11230 11563
28947 871 11330 11326 11325 11685
28948 871 11330 11326 11325 11686
28949 871 11790 11786 11785 12092
28950 871 11790 11786 11785 12093
28951 871 11885 11881 11880 12212
28952 871 11885 11881 11880 12213
28953 871 11980 11976 11975 12335
28954 871 11980 11976 11975 12336
28955 871 12440 12436 12435 12742
28956 871 12440 12436 12435 12743
28957 871 12535 12531 12530 12862
28958 871 12535 12531 12530 12863
28959 871 12630 12626 12625 12985
28960 871 12630 12626 12625 12986
28961 876 147 31 7 292
28962 876 147 31 7 293
28963 876 147 31 10 296
28964 876 147 31 10 297
28965 876 75 20 21 310
28966 876 75 20 21 311
28967 876 75 20 24 314
28968 876 75 20 24 315
28969 876 53 41 42 335
28970 876 53 41 42 336
28971 876 53 41 45 339
28972 876 53 41 45 340
28973 876 63 64 65 362
28974 876 63 64 65 363
28975 876 63 64 68 366
28976 876 63 64 68 367
28977 876 125 126 101 415
28978 876 125 126 101 416
28979 876 125 126 104 419
28980 876 125 126 104 420
28981 876 170 114 115 433
28982 876 170 114 115 434
28983 876 170 114 118 437
28984 876 170 114 118 438
28985 876 148 136 137 458
28986 876 148 136 137 459
28987 876 148 136 140 462
28988 876 148 136 140 463
28989 876 158 159 160 482
28990 876 158 159 160 483
28991 876 158 159 163 486
28992 876 158 159 163 487
28993 876 265 209 210 553
28994 876 265 209 210 554
28995 876 265 209 213 557
28996 876 265 209 213 558
28997 876 243 232 233 581
28998 876 243 232 233 582
28999 876 243 232 236 585
29000 876 243 232 236 586
29001 876 253 254 255 605
29002 876 253 254 255 606
29003 876 253 254 258 609
29004 876 253 254 258 610
29005 876 797 681 657 942
29006 876 797 681 657 943
29007 876 797 681 660 946
29008 876 797 681 660 947
29009 876 725 670 671 960
29010 876 725 670 671 961
29011 876 725 670 674 964
29012 876 725 670 674 965
29013 876 703 691 692 985
29014 876 703 691 692 986
29015 876 703 691 695 989
29016 876 703 691 695 990
29017 876 713 714 715 1012
29018 876 713 714 715 1013
29019 876 713 714 718 1016
29020 876 713 714 718 1017
29021 876 775 776 751 1065
29022 876 775 776 751 1066
29023 876 775 776 754 1069
29024 876 775 776 754 1070
29025 876 820 764 765 1083
29026 876 820 764 765 1084
29027 876 820 764 768 1087
29028 876 820 764 768 1088
29029 876 798 786 787 1108
29030 876 798 786 787 1109
29031 876 798 786 790 1112
29032 876 798 786 790 1113
29033 876 808 809 810 1132
29034 876 808 809 810 1133
29035 876 808 809 813 1136
29036 876 808 809 813 1137
29037 876 915 859 860 1203
29038 876 915 859 860 1204
29039 876 915 859 863 1207
29040 876 915 859 863 1208
29041 876 893 882 883 1231
29042 876 893 882 883 1232
29043 876 893 882 886 1235
29044 876 893 882 886 1236
29045 876 903 904 905 1255
29046 876 903 904 905 1256
29047 876 903 904 908 1259
29048 876 903 904 908 1260
29049 876 1447 1331 1307 1592
29050 876 1447 1331 1307 1593
29051 876 1447 1331 1310 1596
29052 876 1447 1331 1310 1597
29053 876 1375 1320 1321 1610
29054 876 1375 1320 1321 1611
29055 876 1375 1320 1324 1614
29056 876 1375 1320 1324 1615
29057 876 1353 1341 1342 1635
29058 876 1353 1341 1342 1636
29059 876 1353 1341 1345 1639
29060 876 1353 1341 1345 1640
29061 876 1363 1364 1365 1662
29062 876 1363 1364 1365 1663
29063 876 1363 1364 1368 1666
29064 876 1363 1364 1368 1667
29065 876 1425 1426 1401 1715
29066 876 1425 1426 1401 1716
29067 876 1425 1426 1404 1719
29068 876 1425 1426 1404 1720
29069 876 1470 1414 1415 1733
29070 876 1470 1414 1415 1734
29071 876 1470 1414 1418 1737
29072 876 1470 1414 1418 1738
29073 876 1448 1436 1437 1758
29074 876 1448 1436 1437 1759
29075 876 1448 1436 1440 1762
29076 876 1448 1436 1440 1763
29077 876 1458 1459 1460 1782
29078 876 1458 1459 1460 1783
29079 876 1458 1459 1463 1786
29080 876 1458 1459 1463 1787
29081 876 1565 1509 1510 1853
29082 876 1565 1509 1510 1854
29083 876 1565 1509 1513 1857
29084 876 1565 1509 1513 1858
29085 876 1543 1532 1533 1881
29086 876 1543 1532 1533 1882
29087 876 1543 1532 1536 1885
29088 876 1543 1532 1536 1886
29089 876 1553 1554 1555 1905
29090 876 1553 1554 1555 1906
29091 876 1553 1554 1558 1909
29092 876 1553 1554 1558 1910
29093 876 2097 1981 1957 2242
29094 876 2097 1981 1957 2243
29095 876 2097 1981 1960 2246
29096 876 2097 1981 1960 2247
29097 876 2025 1970 1971 2260
29098 876 2025 1970 1971 2261
29099 876 2025 1970 1974 2264
29100 876 2025 1970 1974 2265
29101 876 2003 1991 1992 2285
29102 876 2003 1991 1992 2286
29103 876 2003 1991 1995 2289
29104 876 2003 1991 1995 2290
29105 876 2013 2014 2015 2312
29106 876 2013 2014 2015 2313
29107 876 2013 2014 2018 2316
29108 876 2013 2014 2018 2317
29109 876 2075 2076 2051 2365
29110 876 2075 2076 2051 2366
29111 876 2075 2076 2054 2369
29112 876 2075 2076 2054 2370
29113 876 2120 2064 2065 2383
29114 876 2120 2064 2065 2384
29115 876 2120 2064 2068 2387
29116 876 2120 2064 2068 2388
29117 876 2098 2086 2087 2408
29118 876 2098 2086 2087 2409
29119 876 2098 2086 2090 2412
29120 876 2098 2086 2090 2413
29121 876 2108 2109 2110 2432
29122 876 2108 2109 2110 2433
29123 876 2108 2109 2113 2436
29124 876 2108 2109 2113 2437
29125 876 2215 2159 2160 2503
29126 876 2215 2159 2160 2504
29127 876 2215 2159 2163 2507
29128 876 2215 2159 2163 2508
29129 876 2193 2182 2183 2531
29130 876 2193 2182 2183 2532
29131 876 2193 2182 2186 2535
29132 876 2193 2182 2186 2536
29133 876 2203 2204 2205 2555
29134 876 2203 2204 2205 2556
29135 876 2203 2204 2208 2559
29136 876 2203 2204 2208 2560
29137 876 2747 2631 2607 2892
29138 876 2747 2631 2607 2893
29139 876 2747 2631 2610 2896
29140 876 2747 2631 2610 2897
29141 876 2675 2620 2621 2910
29142 876 2675 2620 2621 2911
29143 876 2675 2620 2624 2914
29144 876 2675 2620 2624 2915
29145 876 2653 2641 2642 2935
29146 876 2653 2641 2642 2936
29147 876 2653 2641 2645 2939
29148 876 2653 2641 2645 2940
29149 876 2663 2664 2665 2962
29150 876 2663 2664 2665 2963
29151 876 2663 2664 2668 2966
29152 876 2663 2664 2668 2967
29153 876 2725 2726 2701 3015
29154 876 2725 2726 2701 3016
29155 876 2725 2726 2704 3019
29156 876 2725 2726 2704 3020
29157 876 2770 2714 2715 3033
29158 876 2770 2714 2715 3034
29159 876 2770 2714 2718 3037
29160 876 2770 2714 2718 3038
29161 876 2748 2736 2737 3058
29162 876 2748 2736 2737 3059
29163 876 2748 2736 2740 3062
29164 876 2748 2736 2740 3063
29165 876 2758 2759 2760 3082
29166 876 2758 2759 2760 3083
29167 876 2758 2759 2763 3086
29168 876 2758 2759 2763 3087
29169 876 2865 2809 2810 3153
29170 876 2865 2809 2810 3154
29171 876 2865 2809 2813 3157
29172 876 2865 2809 2813 3158
29173 876 2843 2832 2833 3181
29174 876 2843 2832 2833 3182
29175 876 2843 2832 2836 3185
29176 876 2843 2832 2836 3186
29177 876 2853 2854 2855 3205
29178 876 2853 2854 2855 3206
29179 876 2853 2854 2858 3209
29180 876 2853 2854 2858 3210
29181 876 3397 3281 3257 3542
29182 876 3397 3281 3257 3543
29183 876 3397 3281 3260 3546
29184 876 3397 3281 3260 3547
29185 876 3325 3270 3271 3560
29186 876 3325 3270 3271 3561
29187 876 3325 3270 3274 3564
29188 876 3325 3270 3274 3565
29189 876 3303 3291 3292 3585
29190 876 3303 3291 3292 3586
29191 876 3303 3291 3295 3589
29192 876 3303 3291 3295 3590
29193 876 3313 3314 3315 3612
29194 876 3313 3314 3315 3613
29195 876 3313 3314 3318 3616
29196 876 3313 3314 3318 3617
29197 876 3375 3376 3351 3665
29198 876 3375 3376 3351 3666
29199 876 3375 3376 3354 3669
29200 876 3375 3376 3354 3670
29201 876 3420 3364 3365 3683
29202 876 3420 3364 3365 3684
29203 876 3420 3364 3368 3687
29204 876 3420 3364 3368 3688
29205 876 3398 3386 3387 3708
29206 876 3398 3386 3387 3709
29207 876 3398 3386 3390 3712
29208 876 3398 3386 3390 3713
29209 876 3408 3409 3410 3732
29210 876 3408 3409 3410 3733
29211 876 3408 3409 3413 3736
29212 876 3408 3409 3413 3737
29213 876 3515 3459 3460 3803
29214 876 3515 3459 3460 3804
29215 876 3515 3459 3463 3807
29216 876 3515 3459 3463 3808
29217 876 3493 3482 3483 3831
29218 876 3493 3482 3483 3832
29219 876 3493 3482 3486 3835
29220 876 3493 3482 3486 3836
29221 876 3503 3504 3505 3855
29222 876 3503 3504 3505 3856
29223 876 3503 3504 3508 3859
29224 876 3503 3504 3508 3860
29225 876 4047 3931 3907 4192
29226 876 4047 3931 3907 4193
29227 876 4047 3931 3910 4196
29228 876 4047 3931 3910 4197
29229 876 3975 3920 3921 4210
29230 876 3975 3920 3921 4211
29231 876 3975 3920 3924 4214
29232 876 3975 3920 3924 4215
29233 876 3953 3941 3942 4235
29234 876 3953 3941 3942 4236
29235 876 3953 3941 3945 4239
29236 876 3953 3941 3945 4240
29237 876 3963 3964 3965 4262
29238 876 3963 3964 3965 4263
29239 876 3963 3964 3968 4266
29240 876 3963 3964 3968 4267
29241 876 4025 4026 4001 4315
29242 876 4025 4026 4001 4316
29243 876 4025 4026 4004 4319
29244 876 4025 4026 4004 4320
29245 876 4070 4014 4015 4333
29246 876 4070 4014 4015 4334
29247 876 4070 4014 4018 4337
29248 876 4070 4014 4018 4338
29249 876 4048 4036 4037 4358
29250 876 4048 4036 4037 4359
29251 876 4048 4036 4040 4362
29252 876 4048 4036 4040 4363
29253 876 4058 4059 4060 4382
29254 876 4058 4059 4060 4383
29255 876 4058 4059 4063 4386
29256 876 4058 4059 4063 4387
29257 876 4165 4109 4110 4453
29258 876 4165 4109 4110 4454
29259 876 4165 4109 4113 4457
29260 876 4165 4109 4113 4458
29261 876 4143 4132 4133 4481
29262 876 4143 4132 4133 4482
29263 876 4143 4132 4136 4485
29264 876 4143 4132 4136 4486
29265 876 4153 4154 4155 4505
29266 876 4153 4154 4155 4506
29267 876 4153 4154 4158 4509
29268 876 4153 4154 4158 4510
29269 876 4697 4581 4557 4842
29270 876 4697 4581 4557 4843
29271 876 4697 4581 4560 4846
29272 876 4697 4581 4560 4847
29273 876 4625 4570 4571 4860
29274 876 4625 4570 4571 4861
29275 876 4625 4570 4574 4864
29276 876 4625 4570 4574 4865
29277 876 4603 4591 4592 4885
29278 876 4603 4591 4592 4886
29279 876 4603 4591 4595 4889
29280 876 4603 4591 4595 4890
29281 876 4613 4614 4615 4912
29282 876 4613 4614 4615 4913
29283 876 4613 4614 4618 4916
29284 876 4613 4614 4618 4917
29285 876 4675 4676 4651 4965
29286 876 4675 4676 4651 4966
29287 876 4675 4676 4654 4969
29288 876 4675 4676 4654 4970
29289 876 4720 4664 4665 4983
29290 876 4720 4664 4665 4984
29291 876 4720 4664 4668 4987
29292 876 4720 4664 4668 4988
29293 876 4698 4686 4687 5008
29294 876 4698 4686 4687 5009
29295 876 4698 4686 4690 5012
29296 876 4698 4686 4690 5013
29297 876 4708 4709 4710 5032
29298 876 4708 4709 4710 5033
29299 876 4708 4709 4713 5036
29300 876 4708 4709 4713 5037
29301 876 4815 4759 4760 5103
29302 876 4815 4759 4760 5104
29303 876 4815 4759 4763 5107
29304 876 4815 4759 4763 5108
29305 876 4793 4782 4783 5131
29306 876 4793 4782 4783 5132
29307 876 4793 4782 4786 5135
29308 876 4793 4782 4786 5136
29309 876 4803 4804 4805 5155
29310 876 4803 4804 4805 5156
29311 876 4803 4804 4808 5159
29312 876 4803 4804 4808 5160
29313 876 5347 5231 5207 5492
29314 876 5347 5231 5207 5493
29315 876 5347 5231 5210 5496
29316 876 5347 5231 5210 5497
29317 876 5275 5220 5221 5510
29318 876 5275 5220 5221 5511
29319 876 5275 5220 5224 5514
29320 876 5275 5220 5224 5515
29321 876 5253 5241 5242 5535
29322 876 5253 5241 5242 5536
29323 876 5253 5241 5245 5539
29324 876 5253 5241 5245 5540
29325 876 5263 5264 5265 5562
29326 876 5263 5264 5265 5563
29327 876 5263 5264 5268 5566
29328 876 5263 5264 5268 5567
29329 876 5325 5326 5301 5615
29330 876 5325 5326 5301 5616
29331 876 5325 5326 5304 5619
29332 876 5325 5326 5304 5620
29333 876 5370 5314 5315 5633
29334 876 5370 5314 5315 5634
29335 876 5370 5314 5318 5637
29336 876 5370 5314 5318 5638
29337 876 5348 5336 5337 5658
29338 876 5348 5336 5337 5659
29339 876 5348 5336 5340 5662
29340 876 5348 5336 5340 5663
29341 876 5358 5359 5360 5682
29342 876 5358 5359 5360 5683
29343 876 5358 5359 5363 5686
29344 876 5358 5359 5363 5687
29345 876 5465 5409 5410 5753
29346 876 5465 5409 5410 5754
29347 876 5465 5409 5413 5757
29348 876 5465 5409 5413 5758
29349 876 5443 5432 5433 5781
29350 876 5443 5432 5433 5782
29351 876 5443 5432 5436 5785
29352 876 5443 5432 5436 5786
29353 876 5453 5454 5455 5805
29354 876 5453 5454 5455 5806
29355 876 5453 5454 5458 5809
29356 876 5453 5454 5458 5810
29357 876 5997 5881 5857 6142
29358 876 5997 5881 5857 6143
29359 876 5997 5881 5860 6146
29360 876 5997 5881 5860 6147
29361 876 5925 5870 5871 6160
29362 876 5925 5870 5871 6161
29363 876 5925 5870 5874 6164
29364 876 5925 5870 5874 6165
29365 876 5903 5891 5892 6185
29366 876 5903 5891 5892 6186
29367 876 5903 5891 5895 6189
29368 876 5903 5891 5895 6190
29369 876 5913 5914 5915 6212
29370 876 5913 5914 5915 6213
29371 876 5913 5914 5918 6216
29372 876 5913 5914 5918 6217
29373 876 5975 5976 5951 6265
29374 876 5975 5976 5951 6266
29375 876 5975 5976 5954 6269
29376 876 5975 5976 5954 6270
29377 876 6020 5964 5965 6283
29378 876 6020 5964 5965 6284
29379 876 6020 5964 5968 6287
29380 876 6020 5964 5968 6288
29381 876 5998 5986 5987 6308
29382 876 5998 5986 5987 6309
29383 876 5998 5986 5990 6312
29384 876 5998 5986 5990 6313
29385 876 6008 6009 6010 6332
29386 876 6008 6009 6010 6333
29387 876 6008 6009 6013 6336
29388 876 6008 6009 6013 6337
29389 876 6115 6059 6060 6403
29390 876 6115 6059 6060 6404
29391 876 6115 6059 6063 6407
29392 876 6115 6059 6063 6408
29393 876 6093 6082 6083 6431
29394 876 6093 6082 6083 6432
29395 876 6093 6082 6086 6435
29396 876 6093 6082 6086 6436
29397 876 6103 6104 6105 6455
29398 876 6103 6104 6105 6456
29399 876 6103 6104 6108 6459
29400 876 6103 6104 6108 6460
29401 876 6647 6531 6507 6792
29402 876 6647 6531 6507 6793
29403 876 6647 6531 6510 6796
29404 876 6647 6531 6510 6797
29405 876 6575 6520 6521 6810
29406 876 6575 6520 6521 6811
29407 876 6575 6520 6524 6814
29408 876 6575 6520 6524 6815
29409 876 6553 6541 6542 6835
29410 876 6553 6541 6542 6836
29411 876 6553 6541 6545 6839
29412 876 6553 6541 6545 6840
29413 876 6563 6564 6565 6862
29414 876 6563 6564 6565 6863
29415 876 6563 6564 6568 6866
29416 876 6563 6564 6568 6867
29417 876 6625 6626 6601 6915
29418 876 6625 6626 6601 6916
29419 876 6625 6626 6604 6919
29420 876 6625 6626 6604 6920
29421 876 6670 6614 6615 6933
29422 876 6670 6614 6615 6934
29423 876 6670 6614 6618 6937
29424 876 6670 6614 6618 6938
29425 876 6648 6636 6637 6958
29426 876 6648 6636 6637 6959
29427 876 6648 6636 6640 6962
29428 876 6648 6636 6640 6963
29429 876 6658 6659 6660 6982
29430 876 6658 6659 6660 6983
29431 876 6658 6659 6663 6986
29432 876 6658 6659 6663 6987
29433 876 6765 6709 6710 7053
29434 876 6765 6709 6710 7054
29435 876 6765 6709 6713 7057
29436 876 6765 6709 6713 7058
29437 876 6743 6732 6733 7081
29438 876 6743 6732 6733 7082
29439 876 6743 6732 6736 7085
29440 876 6743 6732 6736 7086
29441 876 6753 6754 6755 7105
29442 876 6753 6754 6755 7106
29443 876 6753 6754 6758 7109
29444 876 6753 6754 6758 7110
29445 876 7297 7181 7157 7442
29446 876 7297 7181 7157 7443
29447 876 7297 7181 7160 7446
29448 876 7297 7181 7160 7447
29449 876 7225 7170 7171 7460
29450 876 7225 7170 7171 7461
29451 876 7225 7170 7174 7464
29452 876 7225 7170 7174 7465
29453 876 7203 7191 7192 7485
29454 876 7203 7191 7192 7486
29455 876 7203 7191 7195 7489
29456 876 7203 7191 7195 7490
29457 876 7213 7214 7215 7512
29458 876 7213 7214 7215 7513
29459 876 7213 7214 7218 7516
29460 876 7213 7214 7218 7517
29461 876 7275 7276 7251 7565
29462 876 7275 7276 7251 7566
29463 876 7275 7276 7254 7569
29464 876 7275 7276 7254 7570
29465 876 7320 7264 7265 7583
29466 876 7320 7264 7265 7584
29467 876 7320 7264 7268 7587
29468 876 7320 7264 7268 7588
29469 876 7298 7286 7287 7608
29470 876 7298 7286 7287 7609
29471 876 7298 7286 7290 7612
29472 876 7298 7286 7290 7613
29473 876 7308 7309 7310 7632
29474 876 7308 7309 7310 7633
29475 876 7308 7309 7313 7636
29476 876 7308 7309 7313 7637
29477 876 7415 7359 7360 7703
29478 876 7415 7359 7360 7704
29479 876 7415 7359 7363 7707
29480 876 7415 7359 7363 7708
29481 876 7393 7382 7383 7731
29482 876 7393 7382 7383 7732
29483 876 7393 7382 7386 7735
29484 876 7393 7382 7386 7736
29485 876 7403 7404 7405 7755
29486 876 7403 7404 7405 7756
29487 876 7403 7404 7408 7759
29488 876 7403 7404 7408 7760
29489 876 7947 7831 7807 8092
29490 876 7947 7831 7807 8093
29491 876 7947 7831 7810 8096
29492 876 7947 7831 7810 8097
29493 876 7875 7820 7821 8110
29494 876 7875 7820 7821 8111
29495 876 7875 7820 7824 8114
29496 876 7875 7820 7824 8115
29497 876 7853 7841 7842 8135
29498 876 7853 7841 7842 8136
29499 876 7853 7841 7845 8139
29500 876 7853 7841 7845 8140
29501 876 7863 7864 7865 8162
29502 876 7863 7864 7865 8163
29503 876 7863 7864 7868 8166
29504 876 7863 7864 7868 8167
29505 876 7925 7926 7901 8215
29506 876 7925 7926 7901 8216
29507 876 7925 7926 7904 8219
29508 876 7925 7926 7904 8220
29509 876 7970 7914 7915 8233
29510 876 7970 7914 7915 8234
29511 876 7970 7914 7918 8237
29512 876 7970 7914 7918 8238
29513 876 7948 7936 7937 8258
29514 876 7948 7936 7937 8259
29515 876 7948 7936 7940 8262
29516 876 7948 7936 7940 8263
29517 876 7958 7959 7960 8282
29518 876 7958 7959 7960 8283
29519 876 7958 7959 7963 8286
29520 876 7958 7959 7963 8287
29521 876 8065 8009 8010 8353
29522 876 8065 8009 8010 8354
29523 876 8065 8009 8013 8357
29524 876 8065 8009 8013 8358
29525 876 8043 8032 8033 8381
29526 876 8043 8032 8033 8382
29527 876 8043 8032 8036 8385
29528 876 8043 8032 8036 8386
29529 876 8053 8054 8055 8405
29530 876 8053 8054 8055 8406
29531 876 8053 8054 8058 8409
29532 876 8053 8054 8058 8410
29533 876 8597 8481 8457 8742
29534 876 8597 8481 8457 8743
29535 876 8597 8481 8460 8746
29536 876 8597 8481 8460 8747
29537 876 8525 8470 8471 8760
29538 876 8525 8470 8471 8761
29539 876 8525 8470 8474 8764
29540 876 8525 8470 8474 8765
29541 876 8503 8491 8492 8785
29542 876 8503 8491 8492 8786
29543 876 8503 8491 8495 8789
29544 876 8503 8491 8495 8790
29545 876 8513 8514 8515 8812
29546 876 8513 8514 8515 8813
29547 876 8513 8514 8518 8816
29548 876 8513 8514 8518 8817
29549 876 8575 8576 8551 8865
29550 876 8575 8576 8551 8866
29551 876 8575 8576 8554 8869
29552 876 8575 8576 8554 8870
29553 876 8620 8564 8565 8883
29554 876 8620 8564 8565 8884
29555 876 8620 8564 8568 8887
29556 876 8620 8564 8568 8888
29557 876 8598 8586 8587 8908
29558 876 8598 8586 8587 8909
29559 876 8598 8586 8590 8912
29560 876 8598 8586 8590 8913
29561 876 8608 8609 8610 8932
29562 876 8608 8609 8610 8933
29563 876 8608 8609 8613 8936
29564 876 8608 8609 8613 8937
29565 876 8715 8659 8660 9003
29566 876 8715 8659 8660 9004
29567 876 8715 8659 8663 9007
29568 876 8715 8659 8663 9008
29569 876 8693 8682 8683 9031
29570 876 8693 8682 8683 9032
29571 876 8693 8682 8686 9035
29572 876 8693 8682 8686 9036
29573 876 8703 8704 8705 9055
29574 876 8703 8704 8705 9056
29575 876 8703 8704 8708 9059
29576 876 8703 8704 8708 9060
29577 876 9247 9131 9107 9392
29578 876 9247 9131 9107 9393
29579 876 9247 9131 9110 9396
29580 876 9247 9131 9110 9397
29581 876 9175 9120 9121 9410
29582 876 9175 9120 9121 9411
29583 876 9175 9120 9124 9414
29584 876 9175 9120 9124 9415
29585 876 9153 9141 9142 9435
29586 876 9153 9141 9142 9436
29587 876 9153 9141 9145 9439
29588 876 9153 9141 9145 9440
29589 876 9163 9164 9165 9462
29590 876 9163 9164 9165 9463
29591 876 9163 9164 9168 9466
29592 876 9163 9164 9168 9467
29593 876 9225 9226 9201 9515
29594 876 9225 9226 9201 9516
29595 876 9225 9226 9204 9519
29596 876 9225 9226 9204 9520
29597 876 9270 9214 9215 9533
29598 876 9270 9214 9215 9534
29599 876 9270 9214 9218 9537
29600 876 9270 9214 9218 9538
29601 876 9248 9236 9237 9558
29602 876 9248 9236 9237 9559
29603 876 9248 9236 9240 9562
29604 876 9248 9236 9240 9563
29605 876 9258 9259 9260 9582
29606 876 9258 9259 9260 9583
29607 876 9258 9259 9263 9586
29608 876 9258 9259 9263 9587
29609 876 9365 9309 9310 9653
29610 876 9365 9309 9310 9654
29611 876 9365 9309 9313 9657
29612 876 9365 9309 9313 9658
29613 876 9343 9332 9333 9681
29614 876 9343 9332 9333 9682
29615 876 9343 9332 9336 9685
29616 876 9343 9332 9336 9686
29617 876 9353 9354 9355 9705
29618 876 9353 9354 9355 9706
29619 876 9353 9354 9358 9709
29620 876 9353 9354 9358 9710
29621 876 9897 9781 9757 10042
29622 876 9897 9781 9757 10043
29623 876 9897 9781 9760 10046
29624 876 9897 9781 9760 10047
29625 876 9825 9770 9771 10060
29626 876 9825 9770 9771 10061
29627 876 9825 9770 9774 10064
29628 876 9825 9770 9774 10065
29629 876 9803 9791 9792 10085
29630 876 9803 9791 9792 10086
29631 876 9803 9791 9795 10089
29632 876 9803 9791 9795 10090
29633 876 9813 9814 9815 10112
29634 876 9813 9814 9815 10113
29635 876 9813 9814 9818 10116
29636 876 9813 9814 9818 10117
29637 876 9875 9876 9851 10165
29638 876 9875 9876 9851 10166
29639 876 9875 9876 9854 10169
29640 876 9875 9876 9854 10170
29641 876 9920 9864 9865 10183
29642 876 9920 9864 9865 10184
29643 876 9920 9864 9868 10187
29644 876 9920 9864 9868 10188
29645 876 9898 9886 9887 10208
29646 876 9898 9886 9887 10209
29647 876 9898 9886 9890 10212
29648 876 9898 9886 9890 10213
29649 876 9908 9909 9910 10232
29650 876 9908 9909 9910 10233
29651 876 9908 9909 9913 10236
29652 876 9908 9909 9913 10237
29653 876 10015 9959 9960 10303
29654 876 10015 9959 9960 10304
29655 876 10015 9959 9963 10307
29656 876 10015 9959 9963 10308
29657 876 9993 9982 9983 10331
29658 876 9993 9982 9983 10332
29659 876 9993 9982 9986 10335
29660 876 9993 9982 9986 10336
29661 876 10003 10004 10005 10355
29662 876 10003 10004 10005 10356
29663 876 10003 10004 10008 10359
29664 876 10003 10004 10008 10360
29665 876 10547 10431 10407 10692
29666 876 10547 10431 10407 10693
29667 876 10547 10431 10410 10696
29668 876 10547 10431 10410 10697
29669 876 10475 10420 10421 10710
29670 876 10475 10420 10421 10711
29671 876 10475 10420 10424 10714
29672 876 10475 10420 10424 10715
29673 876 10453 10441 10442 10735
29674 876 10453 10441 10442 10736
29675 876 10453 10441 10445 10739
29676 876 10453 10441 10445 10740
29677 876 10463 10464 10465 10762
29678 876 10463 10464 10465 10763
29679 876 10463 10464 10468 10766
29680 876 10463 10464 10468 10767
29681 876 10525 10526 10501 10815
29682 876 10525 10526 10501 10816
29683 876 10525 10526 10504 10819
29684 876 10525 10526 10504 10820
29685 876 10570 10514 10515 10833
29686 876 10570 10514 10515 10834
29687 876 10570 10514 10518 10837
29688 876 10570 10514 10518 10838
29689 876 10548 10536 10537 10858
29690 876 10548 10536 10537 10859
29691 876 10548 10536 10540 10862
29692 876 10548 10536 10540 10863
29693 876 10558 10559 10560 10882
29694 876 10558 10559 10560 10883
29695 876 10558 10559 10563 10886
29696 876 10558 10559 10563 10887
29697 876 10665 10609 10610 10953
29698 876 10665 10609 10610 10954
29699 876 10665 10609 10613 10957
29700 876 10665 10609 10613 10958
29701 876 10643 10632 10633 10981
29702 876 10643 10632 10633 10982
29703 876 10643 10632 10636 10985
29704 876 10643 10632 10636 10986
29705 876 10653 10654 10655 11005
29706 876 10653 10654 10655 11006
29707 876 10653 10654 10658 11009
29708 876 10653 10654 10658 11010
29709 876 11197 11081 11057 11342
29710 876 11197 11081 11057 11343
29711 876 11197 11081 11060 11346
29712 876 11197 11081 11060 11347
29713 876 11125 11070 11071 11360
29714 876 11125 11070 11071 11361
29715 876 11125 11070 11074 11364
29716 876 11125 11070 11074 11365
29717 876 11103 11091 11092 11385
29718 876 11103 11091 11092 11386
29719 876 11103 11091 11095 11389
29720 876 11103 11091 11095 11390
29721 876 11113 11114 11115 11412
29722 876 11113 11114 11115 11413
29723 876 11113 11114 11118 11416
29724 876 11113 11114 11118 11417
29725 876 11175 11176 11151 11465
29726 876 11175 11176 11151 11466
29727 876 11175 11176 11154 11469
29728 876 11175 11176 11154 11470
29729 876 11220 11164 11165 11483
29730 876 11220 11164 11165 11484
29731 876 11220 11164 11168 11487
29732 876 11220 11164 11168 11488
29733 876 11198 11186 11187 11508
29734 876 11198 11186 11187 11509
29735 876 11198 11186 11190 11512
29736 876 11198 11186 11190 11513
29737 876 11208 11209 11210 11532
29738 876 11208 11209 11210 11533
29739 876 11208 11209 11213 11536
29740 876 11208 11209 11213 11537
29741 876 11315 11259 11260 11603
29742 876 11315 11259 11260 11604
29743 876 11315 11259 11263 11607
29744 876 11315 11259 11263 11608
29745 876 11293 11282 11283 11631
29746 876 11293 11282 11283 11632
29747 876 11293 11282 11286 11635
29748 876 11293 11282 11286 11636
29749 876 11303 11304 11305 11655
29750 876 11303 11304 11305 11656
29751 876 11303 11304 11308 11659
29752 876 11303 11304 11308 11660
29753 876 11847 11731 11707 11992
29754 876 11847 11731 11707 11993
29755 876 11847 11731 11710 11996
29756 876 11847 11731 11710 11997
29757 876 11775 11720 11721 12010
29758 876 11775 11720 11721 12011
29759 876 11775 11720 11724 12014
29760 876 11775 11720 11724 12015
29761 876 11753 11741 11742 12035
29762 876 11753 11741 11742 12036
29763 876 11753 11741 11745 12039
29764 876 11753 11741 11745 12040
29765 876 11763 11764 11765 12062
29766 876 11763 11764 11765 12063
29767 876 11763 11764 11768 12066
29768 876 11763 11764 11768 12067
29769 876 11825 11826 11801 12115
29770 876 11825 11826 11801 12116
29771 876 11825 11826 11804 12119
29772 876 11825 11826 11804 12120
29773 876 11870 11814 11815 12133
29774 876 11870 11814 11815 12134
29775 876 11870 11814 11818 12137
29776 876 11870 11814 11818 12138
29777 876 11848 11836 11837 12158
29778 876 11848 11836 11837 12159
29779 876 11848 11836 11840 12162
29780 876 11848 11836 11840 12163
29781 876 11858 11859 11860 12182
29782 876 11858 11859 11860 12183
29783 876 11858 11859 11863 12186
29784 876 11858 11859 11863 12187
29785 876 11965 11909 11910 12253
29786 876 11965 11909 11910 12254
29787 876 11965 11909 11913 12257
29788 876 11965 11909 11913 12258
29789 876 11943 11932 11933 12281
29790 876 11943 11932 11933 12282
29791 876 11943 11932 11936 12285
29792 876 11943 11932 11936 12286
29793 876 11953 11954 11955 12305
29794 876 11953 11954 11955 12306
29795 876 11953 11954 11958 12309
29796 876 11953 11954 11958 12310
29797 876 12497 12381 12357 12642
29798 876 12497 12381 12357 12643
29799 876 12497 12381 12360 12646
29800 876 12497 12381 12360 12647
29801 876 12425 12370 12371 12660
29802 876 12425 12370 12371 12661
29803 876 12425 12370 12374 12664
29804 876 12425 12370 12374 12665
29805 876 12403 12391 12392 12685
29806 876 12403 12391 12392 12686
29807 876 12403 12391 12395 12689
29808 876 12403 12391 12395 12690
29809 876 12413 12414 12415 12712
29810 876 12413 12414 12415 12713
29811 876 12413 12414 12418 12716
29812 876 12413 12414 12418 12717
29813 876 12475 12476 12451 12765
29814 876 12475 12476 12451 12766
29815 876 12475 12476 12454 12769
29816 876 12475 12476 12454 12770
29817 876 12520 12464 12465 12783
29818 876 12520 12464 12465 12784
29819 876 12520 12464 12468 12787
29820 876 12520 12464 12468 12788
29821 876 12498 12486 12487 12808
29822 876 12498 12486 12487 12809
29823 876 12498 12486 12490 12812
29824 876 12498 12486 12490 12813
29825 876 12508 12509 12510 12832
29826 876 12508 12509 12510 12833
29827 876 12508 12509 12513 12836
29828 876 12508 12509 12513 12837
29829 876 12615 12559 12560 12903
29830 876 12615 12559 12560 12904
29831 876 12615 12559 12563 12907
29832 876 12615 12559 12563 12908
29833 876 12593 12582 12583 12931
29834 876 12593 12582 12583 12932
29835 876 12593 12582 12586 12935
29836 876 12593 12582 12586 12936
29837 876 12603 12604 12605 12955
29838 876 12603 12604 12605 12956
29839 876 12603 12604 12608 12959
29840 876 12603 12604 12608 12960
29841 876 8 9 10 296
29842 876 8 9 10 297
29843 876 23 22 21 310
29844 876 23 22 21 311
29845 876 67 66 65 362
29846 876 67 66 65 363
29847 876 102 103 104 419
29848 876 102 103 104 420
29849 876 117 116 115 433
29850 876 117 116 115 434
29851 876 139 138 137 458
29852 876 139 138 137 459
29853 876 162 161 160 482
29854 876 162 161 160 483
29855 876 197 198 199 539
29856 876 197 198 199 540
29857 876 212 211 210 553
29858 876 212 211 210 554
29859 876 235 234 233 581
29860 876 235 234 233 582
29861 876 257 256 255 605
29862 876 257 256 255 606
29863 876 658 659 660 946
29864 876 658 659 660 947
29865 876 673 672 671 960
29866 876 673 672 671 961
29867 876 717 716 715 1012
29868 876 717 716 715 1013
29869 876 752 753 754 1069
29870 876 752 753 754 1070
29871 876 767 766 765 1083
29872 876 767 766 765 1084
29873 876 789 788 787 1108
29874 876 789 788 787 1109
29875 876 812 811 810 1132
29876 876 812 811 810 1133
29877 876 847 848 849 1189
29878 876 847 848 849 1190
29879 876 862 861 860 1203
29880 876 862 861 860 1204
29881 876 885 884 883 1231
29882 876 885 884 883 1232
29883 876 907 906 905 1255
29884 876 907 906 905 1256
29885 876 1308 1309 1310 1596
29886 876 1308 1309 1310 1597
29887 876 1323 1322 1321 1610
29888 876 1323 1322 1321 1611
29889 876 1367 1366 1365 1662
29890 876 1367 1366 1365 1663
29891 876 1402 1403 1404 1719
29892 876 1402 1403 1404 1720
29893 876 1417 1416 1415 1733
29894 876 1417 1416 1415 1734
29895 876 1439 1438 1437 1758
29896 876 1439 1438 1437 1759
29897 876 1462 1461 1460 1782
29898 876 1462 1461 1460 1783
29899 876 1497 1498 1499 1839
29900 876 1497 1498 1499 1840
29901 876 1512 1511 1510 1853
29902 876 1512 1511 1510 1854
29903 876 1535 1534 1533 1881
29904 876 1535 1534 1533 1882
29905 876 1557 1556 1555 1905
29906 876 1557 1556 1555 1906
29907 876 1958 1959 1960 2246
29908 876 1958 1959 1960 2247
29909 876 1973 1972 1971 2260
29910 876 1973 1972 1971 2261
29911 876 2017 2016 2015 2312
29912 876 2017 2016 2015 2313
29913 876 2052 2053 2054 2369
29914 876 2052 2053 2054 2370
29915 876 2067 2066 2065 2383
29916 876 2067 2066 2065 2384
29917 876 2089 2088 2087 2408
29918 876 2089 2088 2087 2409
29919 876 2112 2111 2110 2432
29920 876 2112 2111 2110 2433
29921 876 2147 2148 2149 2489
29922 876 2147 2148 2149 2490
29923 876 2162 2161 2160 2503
29924 876 2162 2161 2160 2504
29925 876 2185 2184 2183 2531
29926 876 2185 2184 2183 2532
29927 876 2207 2206 2205 2555
29928 876 2207 2206 2205 2556
29929 876 2608 2609 2610 2896
29930 876 2608 2609 2610 2897
29931 876 2623 2622 2621 2910
29932 876 2623 2622 2621 2911
29933 876 2667 2666 2665 2962
29934 876 2667 2666 2665 2963
29935 876 2702 2703 2704 3019
29936 876 2702 2703 2704 3020
29937 876 2717 2716 2715 3033
29938 876 2717 2716 2715 3034
29939 876 2739 2738 2737 3058
29940 876 2739 2738 2737 3059
29941 876 2762 2761 2760 3082
29942 876 2762 2761 2760 3083
29943 876 2797 2798 2799 3139
29944 876 2797 2798 2799 3140
29945 876 2812 2811 2810 3153
29946 876 2812 2811 2810 3154
29947 876 2835 2834 2833 3181
29948 876 2835 2834 2833 3182
29949 876 2857 2856 2855 3205
29950 876 2857 2856 2855 3206
29951 876 3258 3259 3260 3546
29952 876 3258 3259 3260 3547
29953 876 3273 3272 3271 3560
29954 876 3273 3272 3271 3561
29955 876 3317 3316 3315 3612
29956 876 3317 3316 3315 3613
29957 876 3352 3353 3354 3669
29958 876 3352 3353 3354 3670
29959 876 3367 3366 3365 3683
29960 876 3367 3366 3365 3684
29961 876 3389 3388 3387 3708
29962 876 3389 3388 3387 3709
29963 876 3412 3411 3410 3732
29964 876 3412 3411 3410 3733
29965 876 3447 3448 3449 3789
29966 876 3447 3448 3449 3790
29967 876 3462 3461 3460 3803
29968 876 3462 3461 3460 3804
29969 876 3485 3484 3483 3831
29970 876 3485 3484 3483 3832
29971 876 3507 3506 3505 3855
29972 876 3507 3506 3505 3856
29973 876 3908 3909 3910 4196
29974 876 3908 3909 3910 4197
29975 876 3923 3922 3921 4210
29976 876 3923 3922 3921 4211
29977 876 3967 3966 3965 4262
29978 876 3967 3966 3965 4263
29979 876 4002 4003 4004 4319
29980 876 4002 4003 4004 4320
29981 876 4017 4016 4015 4333
29982 876 4017 4016 4015 4334
29983 876 4039 4038 4037 4358
29984 876 4039 4038 4037 4359
29985 876 4062 4061 4060 4382
29986 876 4062 4061 4060 4383
29987 876 4097 4098 4099 4439
29988 876 4097 4098 4099 4440
29989 876 4112 4111 4110 4453
29990 876 4112 4111 4110 4454
29991 876 4135 4134 4133 4481
29992 876 4135 4134 4133 4482
29993 876 4157 4156 4155 4505
29994 876 4157 4156 4155 4506
29995 876 4558 4559 4560 4846
29996 876 4558 4559 4560 4847
29997 876 4573 4572 4571 4860
29998 876 4573 4572 4571 4861
29999 876 4617 4616 4615 4912
30000 876 4617 4616 4615 4913
30001 876 4652 4653 4654 4969
30002 876 4652 4653 4654 4970
30003 876 4667 4666 4665 4983
30004 876 4667 4666 4665 4984
30005 876 4689 4688 4687 5008
30006 876 4689 4688 4687 5009
30007 876 4712 4711 4710 5032
30008 876 4712 4711 4710 5033
30009 876 4747 4748 4749 5089
30010 876 4747 4748 4749 5090
30011 876 4762 4761 4760 5103
30012 876 4762 4761 4760 5104
30013 876 4785 4784 4783 5131
30014 876 4785 4784 4783 5132
30015 876 4807 4806 4805 5155
30016 876 4807 4806 4805 5156
30017 876 5208 5209 5210 5496
30018 876 5208 5209 5210 5497
30019 876 5223 5222 5221 5510
30020 876 5223 5222 5221 5511
30021 876 5267 5266 5265 5562
30022 876 5267 5266 5265 5563
30023 876 5302 5303 5304 5619
30024 876 5302 5303 5304 5620
30025 876 5317 5316 5315 5633
30026 876 5317 5316 5315 5634
30027 876 5339 5338 5337 5658
30028 876 5339 5338 5337 5659
30029 876 5362 5361 5360 5682
30030 876 5362 5361 5360 5683
30031 876 5397 5398 5399 5739
30032 876 5397 5398 5399 5740
30033 876 5412 5411 5410 5753
30034 876 5412 5411 5410 5754
30035 876 5435 5434 5433 5781
30036 876 5435 5434 5433 5782
30037 876 5457 5456 5455 5805
30038 876 5457 5456 5455 5806
30039 876 5858 5859 5860 6146
30040 876 5858 5859 5860 6147
30041 876 5873 5872 5871 6160
30042 876 5873 5872 5871 6161
30043 876 5917 5916 5915 6212
30044 876 5917 5916 5915 6213
30045 876 5952 5953 5954 6269
30046 876 5952 5953 5954 6270
30047 876 5967 5966 5965 6283
30048 876 5967 5966 5965 6284
30049 876 5989 5988 5987 6308
30050 876 5989 5988 5987 6309
30051 876 6012 6011 6010 6332
30052 876 6012 6011 6010 6333
30053 876 6047 6048 6049 6389
30054 876 6047 6048 6049 6390
30055 876 6062 6061 6060 6403
30056 876 6062 6061 6060 6404
30057 876 6085 6084 6083 6431
30058 876 6085 6084 6083 6432
30059 876 6107 6106 6105 6455
30060 876 6107 6106 6105 6456
30061 876 6508 6509 6510 6796
30062 876 6508 6509 6510 6797
30063 876 6523 6522 6521 6810
30064 876 6523 6522 6521 6811
30065 876 6567 6566 6565 6862
30066 876 6567 6566 6565 6863
30067 876 6602 6603 6604 6919
30068 876 6602 6603 6604 6920
30069 876 6617 6616 6615 6933
30070 876 6617 6616 6615 6934
30071 876 6639 6638 6637 6958
30072 876 6639 6638 6637 6959
30073 876 6662 6661 6660 6982
30074 876 6662 6661 6660 6983
30075 876 6697 6698 6699 7039
30076 876 6697 6698 6699 7040
30077 876 6712 6711 6710 7053
30078 876 6712 6711 6710 7054
30079 876 6735 6734 6733 7081
30080 876 6735 6734 6733 7082
30081 876 6757 6756 6755 7105
30082 876 6757 6756 6755 7106
30083 876 7158 7159 7160 7446
30084 876 7158 7159 7160 7447
30085 876 7173 7172 7171 7460
30086 876 7173 7172 7171 7461
30087 876 7217 7216 7215 7512
30088 876 7217 7216 7215 7513
30089 876 7252 7253 7254 7569
30090 876 7252 7253 7254 7570
30091 876 7267 7266 7265 7583
30092 876 7267 7266 7265 7584
30093 876 7289 7288 7287 7608
30094 876 7289 7288 7287 7609
30095 876 7312 7311 7310 7632
30096 876 7312 7311 7310 7633
30097 876 7347 7348 7349 7689
30098 876 7347 7348 7349 7690
30099 876 7362 7361 7360 7703
30100 876 7362 7361 7360 7704
30101 876 7385 7384 7383 7731
30102 876 7385 7384 7383 7732
30103 876 7407 7406 7405 7755
30104 876 7407 7406 7405 7756
30105 876 7808 7809 7810 8096
30106 876 7808 7809 7810 8097
30107 876 7823 7822 7821 8110
30108 876 7823 7822 7821 8111
30109 876 7867 7866 7865 8162
30110 876 7867 7866 7865 8163
30111 876 7902 7903 7904 8219
30112 876 7902 7903 7904 8220
30113 876 7917 7916 7915 8233
30114 876 7917 7916 7915 8234
30115 876 7939 7938 7937 8258
30116 876 7939 7938 7937 8259
30117 876 7962 7961 7960 8282
30118 876 7962 7961 7960 8283
30119 876 7997 7998 7999 8339
30120 876 7997 7998 7999 8340
30121 876 8012 8011 8010 8353
30122 876 8012 8011 8010 8354
30123 876 8035 8034 8033 8381
30124 876 8035 8034 8033 8382
30125 876 8057 8056 8055 8405
30126 876 8057 8056 8055 8406
30127 876 8458 8459 8460 8746
30128 876 8458 8459 8460 8747
30129 876 8473 8472 8471 8760
30130 876 8473 8472 8471 8761
30131 876 8517 8516 8515 8812
30132 876 8517 8516 8515 8813
30133 876 8552 8553 8554 8869
30134 876 8552 8553 8554 8870
30135 876 8567 8566 8565 8883
30136 876 8567 8566 8565 8884
30137 876 8589 8588 8587 8908
30138 876 8589 8588 8587 8909
30139 876 8612 8611 8610 8932
30140 876 8612 8611 8610 8933
30141 876 8647 8648 8649 8989
30142 876 8647 8648 8649 8990
30143 876 8662 8661 8660 9003
30144 876 8662 8661 8660 9004
30145 876 8685 8684 8683 9031
30146 876 8685 8684 8683 9032
30147 876 8707 8706 8705 9055
30148 876 8707 8706 8705 9056
30149 876 9108 9109 9110 9396
30150 876 9108 9109 9110 9397
30151 876 9123 9122 9121 9410
30152 876 9123 9122 9121 9411
30153 876 9167 9166 9165 9462
30154 876 9167 9166 9165 9463
30155 876 9202 9203 9204 9519
30156 876 9202 9203 9204 9520
30157 876 9217 9216 9215 9533
30158 876 9217 9216 9215 9534
30159 876 9239 9238 9237 9558
30160 876 9239 9238 9237 9559
30161 876 9262 9261 9260 9582
30162 876 9262 9261 9260 9583
30163 876 9297 9298 9299 9639
30164 876 9297 9298 9299 9640
30165 876 9312 9311 9310 9653
30166 876 9312 9311 9310 9654
30167 876 9335 9334 9333 9681
30168 876 9335 9334 9333 9682
30169 876 9357 9356 9355 9705
30170 876 9357 9356 9355 9706
30171 876 9758 9759 9760 10046
30172 876 9758 9759 9760 10047
30173 876 9773 9772 9771 10060
30174 876 9773 9772 9771 10061
30175 876 9817 9816 9815 10112
30176 876 9817 9816 9815 10113
30177 876 9852 9853 9854 10169
30178 876 9852 9853 9854 10170
30179 876 9867 9866 9865 10183
30180 876 9867 9866 9865 10184
30181 876 9889 9888 9887 10208
30182 876 9889 9888 9887 10209
30183 876 9912 9911 9910 10232
30184 876 9912 9911 9910 10233
30185 876 9947 9948 9949 10289
30186 876 9947 9948 9949 10290
30187 876 9962 9961 9960 10303
30188 876 9962 9961 9960 10304
30189 876 9985 9984 9983 10331
30190 876 9985 9984 9983 10332
30191 876 10007 10006 10005 10355
30192 876 10007 10006 10005 10356
30193 876 10408 10409 10410 10696
30194 876 10408 10409 10410 10697
30195 876 10423 10422 10421 10710
30196 876 10423 10422 10421 10711
30197 876 10467 10466 10465 10762
30198 876 10467 10466 10465 10763
30199 876 10502 10503 10504 10819
30200 876 10502 10503 10504 10820
30201 876 10517 10516 10515 10833
30202 876 10517 10516 10515 10834
30203 876 10539 10538 10537 10858
30204 876 10539 10538 10537 10859
30205 876 10562 10561 10560 10882
30206 876 10562 10561 10560 10883
30207 876 10597 10598 10599 10939
30208 876 10597 10598 10599 10940
30209 876 10612 10611 10610 10953
30210 876 10612 10611 10610 10954
30211 876 10635 10634 10633 10981
30212 876 10635 10634 10633 10982
30213 876 10657 10656 10655 11005
30214 876 10657 10656 10655 11006
30215 876 11058 11059 11060 11346
30216 876 11058 11059 11060 11347
30217 876 11073 11072 11071 11360
30218 876 11073 11072 11071 11361
30219 876 11117 11116 11115 11412
30220 876 11117 11116 11115 11413
30221 876 11152 11153 11154 11469
30222 876 11152 11153 11154 11470
30223 876 11167 11166 11165 11483
30224 876 11167 11166 11165 11484
30225 876 11189 11188 11187 11508
30226 876 11189 11188 11187 11509
30227 876 11212 11211 11210 11532
30228 876 11212 11211 11210 11533
30229 876 11247 11248 11249 11589
30230 876 11247 11248 11249 11590
30231 876 11262 11261 11260 11603
30232 876 11262 11261 11260 11604
30233 876 11285 11284 11283 11631
30234 876 11285 11284 11283 11632
30235 876 11307 11306 11305 11655
30236 876 11307 11306 11305 11656
30237 876 11708 11709 11710 11996
30238 876 11708 11709 11710 11997
30239 876 11723 11722 11721 12010
30240 876 11723 11722 11721 12011
30241 876 11767 11766 11765 12062
30242 876 11767 11766 11765 12063
30243 876 11802 11803 11804 12119
30244 876 11802 11803 11804 12120
30245 876 11817 11816 11815 12133
30246 876 11817 11816 11815 12134
30247 876 11839 11838 11837 12158
30248 876 11839 11838 11837 12159
30249 876 11862 11861 11860 12182
30250 876 11862 11861 11860 12183
30251 876 11897 11898 11899 12239
30252 876 11897 11898 11899 12240
30253 876 11912 11911 11910 12253
30254 876 11912 11911 11910 12254
30255 876 11935 11934 11933 12281
30256 876 11935 11934 11933 12282
30257 876 11957 11956 11955 12305
30258 876 11957 11956 11955 12306
30259 876 12358 12359 12360 12646
30260 876 12358 12359 12360 12647
30261 876 12373 12372 12371 12660
30262 876 12373 12372 12371 12661
30263 876 12417 12416 12415 12712
30264 876 12417 12416 12415 12713
30265 876 12452 12453 12454 12769
30266 876 12452 12453 12454 12770
30267 876 12467 12466 12465 12783
30268 876 12467 12466 12465 12784
30269 876 12489 12488 12487 12808
30270 876 12489 12488 12487 12809
30271 876 12512 12511 12510 12832
30272 876 12512 12511 12510 12833
30273 876 12547 12548 12549 12889
30274 876 12547 12548 12549 12890
30275 876 12562 12561 12560 12903
30276 876 12562 12561 12560 12904
30277 876 12585 12584 12583 12931
30278 876 12585 12584 12583 12932
30279 876 12607 12606 12605 12955
30280 876 12607 12606 12605 12956
30281 876 44 43 42 335
30282 876 44 43 42 336
30283 876 694 693 692 985
30284 876 694 693 692 986
30285 876 1344 1343 1342 1635
30286 876 1344 1343 1342 1636
30287 876 1994 1993 1992 2285
30288 876 1994 1993 1992 2286
30289 876 2644 2643 2642 2935
30290 876 2644 2643 2642 2936
30291 876 3294 3293 3292 3585
30292 876 3294 3293 3292 3586
30293 876 3944 3943 3942 4235
30294 876 3944 3943 3942 4236
30295 876 4594 4593 4592 4885
30296 876 4594 4593 4592 4886
30297 876 5244 5243 5242 5535
30298 876 5244 5243 5242 5536
30299 876 5894 5893 5892 6185
30300 876 5894 5893 5892 6186
30301 876 6544 6543 6542 6835
30302 876 6544 6543 6542 6836
30303 876 7194 7193 7192 7485
30304 876 7194 7193 7192 7486
30305 876 7844 7843 7842 8135
30306 876 7844 7843 7842 8136
30307 876 8494 8493 8492 8785
30308 876 8494 8493 8492 8786
30309 876 9144 9143 9142 9435
30310 876 9144 9143 9142 9436
30311 876 9794 9793 9792 10085
30312 876 9794 9793 9792 10086
30313 876 10444 10443 10442 10735
30314 876 10444 10443 10442 10736
30315 876 11094 11093 11092 11385
30316 876 11094 11093 11092 11386
30317 876 11744 11743 11742 12035
30318 876 11744 11743 11742 12036
30319 876 12394 12393 12392 12685
30320 876 12394 12393 12392 12686
30321 876 220 221 196 535
30322 876 220 221 196 536
30323 876 220 221 199 539
30324 876 220 221 199 540
30325 876 870 871 846 1185
30326 876 870 871 846 1186
30327 876 870 871 849 1189
30328 876 870 871 849 1190
30329 876 1520 1521 1496 1835
30330 876 1520 1521 1496 1836
30331 876 1520 1521 1499 1839
30332 876 1520 1521 1499 1840
30333 876 2170 2171 2146 2485
30334 876 2170 2171 2146 2486
30335 876 2170 2171 2149 2489
30336 876 2170 2171 2149 2490
30337 876 2820 2821 2796 3135
30338 876 2820 2821 2796 3136
30339 876 2820 2821 2799 3139
30340 876 2820 2821 2799 3140
30341 876 3470 3471 3446 3785
30342 876 3470 3471 3446 3786
30343 876 3470 3471 3449 3789
30344 876 3470 3471 3449 3790
30345 876 4120 4121 4096 4435
30346 876 4120 4121 4096 4436
30347 876 4120 4121 4099 4439
30348 876 4120 4121 4099 4440
30349 876 4770 4771 4746 5085
30350 876 4770 4771 4746 5086
30351 876 4770 4771 4749 5089
30352 876 4770 4771 4749 5090
30353 876 5420 5421 5396 5735
30354 876 5420 5421 5396 5736
30355 876 5420 5421 5399 5739
30356 876 5420 5421 5399 5740
30357 876 6070 6071 6046 6385
30358 876 6070 6071 6046 6386
30359 876 6070 6071 6049 6389
30360 876 6070 6071 6049 6390
30361 876 6720 6721 6696 7035
30362 876 6720 6721 6696 7036
30363 876 6720 6721 6699 7039
30364 876 6720 6721 6699 7040
30365 876 7370 7371 7346 7685
30366 876 7370 7371 7346 7686
30367 876 7370 7371 7349 7689
30368 876 7370 7371 7349 7690
30369 876 8020 8021 7996 8335
30370 876 8020 8021 7996 8336
30371 876 8020 8021 7999 8339
30372 876 8020 8021 7999 8340
30373 876 8670 8671 8646 8985
30374 876 8670 8671 8646 8986
30375 876 8670 8671 8649 8989
30376 876 8670 8671 8649 8990
30377 876 9320 9321 9296 9635
30378 876 9320 9321 9296 9636
30379 876 9320 9321 9299 9639
30380 876 9320 9321 9299 9640
30381 876 9970 9971 9946 10285
30382 876 9970 9971 9946 10286
30383 876 9970 9971 9949 10289
30384 876 9970 9971 9949 10290
30385 876 10620 10621 10596 10935
30386 876 10620 10621 10596 10936
30387 876 10620 10621 10599 10939
30388 876 10620 10621 10599 10940
30389 876 11270 11271 11246 11585
30390 876 11270 11271 11246 11586
30391 876 11270 11271 11249 11589
30392 876 11270 11271 11249 11590
30393 876 11920 11921 11896 12235
30394 876 11920 11921 11896 12236
30395 876 11920 11921 11899 12239
30396 876 11920 11921 11899 12240
30397 876 12570 12571 12546 12885
30398 876 12570 12571 12546 12886
30399 876 12570 12571 12549 12889
30400 876 12570 12571 12549 12890
30401 892 2 3 4 286
30402 892 2 3 4 287
30403 892 96 97 98 409
30404 892 96 97 98 410
30405 892 191 192 193 529
30406 892 191 192 193 530
30407 892 652 653 654 936
30408 892 652 653 654 937
30409 892 746 747 748 1059
30410 892 746 747 748 1060
30411 892 841 842 843 1179
30412 892 841 842 843 1180
30413 892 1302 1303 1304 1586
30414 892 1302 1303 1304 1587
30415 892 1396 1397 1398 1709
30416 892 1396 1397 1398 1710
30417 892 1491 1492 1493 1829
30418 892 1491 1492 1493 1830
30419 892 1952 1953 1954 2236
30420 892 1952 1953 1954 2237
30421 892 2046 2047 2048 2359
30422 892 2046 2047 2048 2360
30423 892 2141 2142 2143 2479
30424 892 2141 2142 2143 2480
30425 892 2602 2603 2604 2886
30426 892 2602 2603 2604 2887
30427 892 2696 2697 2698 3009
30428 892 2696 2697 2698 3010
30429 892 2791 2792 2793 3129
30430 892 2791 2792 2793 3130
30431 892 3252 3253 3254 3536
30432 892 3252 3253 3254 3537
30433 892 3346 3347 3348 3659
30434 892 3346 3347 3348 3660
30435 892 3441 3442 3443 3779
30436 892 3441 3442 3443 3780
30437 892 3902 3903 3904 4186
30438 892 3902 3903 3904 4187
30439 892 3996 3997 3998 4309
30440 892 3996 3997 3998 4310
30441 892 4091 4092 4093 4429
30442 892 4091 4092 4093 4430
30443 892 4552 4553 4554 4836
30444 892 4552 4553 4554 4837
30445 892 4646 4647 4648 4959
30446 892 4646 4647 4648 4960
30447 892 4741 4742 4743 5079
30448 892 4741 4742 4743 5080
30449 892 5202 5203 5204 5486
30450 892 5202 5203 5204 5487
30451 892 5296 5297 5298 5609
30452 892 5296 5297 5298 5610
30453 892 5391 5392 5393 5729
30454 892 5391 5392 5393 5730
30455 892 5852 5853 5854 6136
30456 892 5852 5853 5854 6137
30457 892 5946 5947 5948 6259
30458 892 5946 5947 5948 6260
30459 892 6041 6042 6043 6379
30460 892 6041 6042 6043 6380
30461 892 6502 6503 6504 6786
30462 892 6502 6503 6504 6787
30463 892 6596 6597 6598 6909
30464 892 6596 6597 6598 6910
30465 892 6691 6692 6693 7029
30466 892 6691 6692 6693 7030
30467 892 7152 7153 7154 7436
30468 892 7152 7153 7154 7437
30469 892 7246 7247 7248 7559
30470 892 7246 7247 7248 7560
30471 892 7341 7342 7343 7679
30472 892 7341 7342 7343 7680
30473 892 7802 7803 7804 8086
30474 892 7802 7803 7804 8087
30475 892 7896 7897 7898 8209
30476 892 7896 7897 7898 8210
30477 892 7991 7992 7993 8329
30478 892 7991 7992 7993 8330
30479 892 8452 8453 8454 8736
30480 892 8452 8453 8454 8737
30481 892 8546 8547 8548 8859
30482 892 8546 8547 8548 8860
30483 892 8641 8642 8643 8979
30484 892 8641 8642 8643 8980
30485 892 9102 9103 9104 9386
30486 892 9102 9103 9104 9387
30487 892 9196 9197 9198 9509
30488 892 9196 9197 9198 9510
30489 892 9291 9292 9293 9629
30490 892 9291 9292 9293 9630
30491 892 9752 9753 9754 10036
30492 892 9752 9753 9754 10037
30493 892 9846 9847 9848 10159
30494 892 9846 9847 9848 10160
30495 892 9941 9942 9943 10279
30496 892 9941 9942 9943 10280
30497 892 10402 10403 10404 10686
30498 892 10402 10403 10404 10687
30499 892 10496 10497 10498 10809
30500 892 10496 10497 10498 10810
30501 892 10591 10592 10593 10929
30502 892 10591 10592 10593 10930
30503 892 11052 11053 11054 11336
30504 892 11052 11053 11054 11337
30505 892 11146 11147 11148 11459
30506 892 11146 11147 11148 11460
30507 892 11241 11242 11243 11579
30508 892 11241 11242 11243 11580
30509 892 11702 11703 11704 11986
30510 892 11702 11703 11704 11987
30511 892 11796 11797 11798 12109
30512 892 11796 11797 11798 12110
30513 892 11891 11892 11893 12229
30514 892 11891 11892 11893 12230
30515 892 12352 12353 12354 12636
30516 892 12352 12353 12354 12637
30517 892 12446 12447 12448 12759
30518 892 12446 12447 12448 12760
30519 892 12541 12542 12543 12879
30520 892 12541 12542 12543 12880
30521 893 29 28 27 320
30522 893 29 28 27 321
30523 893 50 49 48 345
30524 893 50 49 48 346
30525 893 73 72 71 372
30526 893 73 72 71 373
30527 893 123 122 121 443
30528 893 123 122 121 444
30529 893 145 144 143 468
30530 893 145 144 143 469
30531 893 168 167 166 492
30532 893 168 167 166 493
30533 893 218 217 216 563
30534 893 218 217 216 564
30535 893 241 240 239 591
30536 893 241 240 239 592
30537 893 263 262 261 615
30538 893 263 262 261 616
30539 893 679 678 677 970
30540 893 679 678 677 971
30541 893 700 699 698 995
30542 893 700 699 698 996
30543 893 723 722 721 1022
30544 893 723 722 721 1023
30545 893 773 772 771 1093
30546 893 773 772 771 1094
30547 893 795 794 793 1118
30548 893 795 794 793 1119
30549 893 818 817 816 1142
30550 893 818 817 816 1143
30551 893 868 867 866 1213
30552 893 868 867 866 1214
30553 893 891 890 889 1241
30554 893 891 890 889 1242
30555 893 913 912 911 1265
30556 893 913 912 911 1266
30557 893 1329 1328 1327 1620
30558 893 1329 1328 1327 1621
30559 893 1350 1349 1348 1645
30560 893 1350 1349 1348 1646
30561 893 1373 1372 1371 1672
30562 893 1373 1372 1371 1673
30563 893 1423 1422 1421 1743
30564 893 1423 1422 1421 1744
30565 893 1445 1444 1443 1768
30566 893 1445 1444 1443 1769
30567 893 1468 1467 1466 1792
30568 893 1468 1467 1466 1793
30569 893 1518 1517 1516 1863
30570 893 1518 1517 1516 1864
30571 893 1541 1540 1539 1891
30572 893 1541 1540 1539 1892
30573 893 1563 1562 1561 1915
30574 893 1563 1562 1561 1916
30575 893 1979 1978 1977 2270
30576 893 1979 1978 1977 2271
30577 893 2000 1999 1998 2295
30578 893 2000 1999 1998 2296
30579 893 2023 2022 2021 2322
30580 893 2023 2022 2021 2323
30581 893 2073 2072 2071 2393
30582 893 2073 2072 2071 2394
30583 893 2095 2094 2093 2418
30584 893 2095 2094 2093 2419
30585 893 2118 2117 2116 2442
30586 893 2118 2117 2116 2443
30587 893 2168 2167 2166 2513
30588 893 2168 2167 2166 2514
30589 893 2191 2190 2189 2541
30590 893 2191 2190 2189 2542
30591 893 2213 2212 2211 2565
30592 893 2213 2212 2211 2566
30593 893 2629 2628 2627 2920
30594 893 2629 2628 2627 2921
30595 893 2650 2649 2648 2945
30596 893 2650 2649 2648 2946
30597 893 2673 2672 2671 2972
30598 893 2673 2672 2671 2973
30599 893 2723 2722 2721 3043
30600 893 2723 2722 2721 3044
30601 893 2745 2744 2743 3068
30602 893 2745 2744 2743 3069
30603 893 2768 2767 2766 3092
30604 893 2768 2767 2766 3093
30605 893 2818 2817 2816 3163
30606 893 2818 2817 2816 3164
30607 893 2841 2840 2839 3191
30608 893 2841 2840 2839 3192
30609 893 2863 2862 2861 3215
30610 893 2863 2862 2861 3216
30611 893 3279 3278 3277 3570
30612 893 3279 3278 3277 3571
30613 893 3300 3299 3298 3595
30614 893 3300 3299 3298 3596
30615 893 3323 3322 3321 3622
30616 893 3323 3322 3321 3623
30617 893 3373 3372 3371 3693
30618 893 3373 3372 3371 3694
30619 893 3395 3394 3393 3718
30620 893 3395 3394 3393 3719
30621 893 3418 3417 3416 3742
30622 893 3418 3417 3416 3743
30623 893 3468 3467 3466 3813
30624 893 3468 3467 3466 3814
30625 893 3491 3490 3489 3841
30626 893 3491 3490 3489 3842
30627 893 3513 3512 3511 3865
30628 893 3513 3512 3511 3866
30629 893 3929 3928 3927 4220
30630 893 3929 3928 3927 4221
30631 893 3950 3949 3948 4245
30632 893 3950 3949 3948 4246
30633 893 3973 3972 3971 4272
30634 893 3973 3972 3971 4273
30635 893 4023 4022 4021 4343
30636 893 4023 4022 4021 4344
30637 893 4045 4044 4043 4368
30638 893 4045 4044 4043 4369
30639 893 4068 4067 4066 4392
30640 893 4068 4067 4066 4393
30641 893 4118 4117 4116 4463
30642 893 4118 4117 4116 4464
30643 893 4141 4140 4139 4491
30644 893 4141 4140 4139 4492
30645 893 4163 4162 4161 4515
30646 893 4163 4162 4161 4516
30647 893 4579 4578 4577 4870
30648 893 4579 4578 4577 4871
30649 893 4600 4599 4598 4895
30650 893 4600 4599 4598 4896
30651 893 4623 4622 4621 4922
30652 893 4623 4622 4621 4923
30653 893 4673 4672 4671 4993
30654 893 4673 4672 4671 4994
30655 893 4695 4694 4693 5018
30656 893 4695 4694 4693 5019
30657 893 4718 4717 4716 5042
30658 893 4718 4717 4716 5043
30659 893 4768 4767 4766 5113
30660 893 4768 4767 4766 5114
30661 893 4791 4790 4789 5141
30662 893 4791 4790 4789 5142
30663 893 4813 4812 4811 5165
30664 893 4813 4812 4811 5166
30665 893 5229 5228 5227 5520
30666 893 5229 5228 5227 5521
30667 893 5250 5249 5248 5545
30668 893 5250 5249 5248 5546
30669 893 5273 5272 5271 5572
30670 893 5273 5272 5271 5573
30671 893 5323 5322 5321 5643
30672 893 5323 5322 5321 5644
30673 893 5345 5344 5343 5668
30674 893 5345 5344 5343 5669
30675 893 5368 5367 5366 5692
30676 893 5368 5367 5366 5693
30677 893 5418 5417 5416 5763
30678 893 5418 5417 5416 5764
30679 893 5441 5440 5439 5791
30680 893 5441 5440 5439 5792
30681 893 5463 5462 5461 5815
30682 893 5463 5462 5461 5816
30683 893 5879 5878 5877 6170
30684 893 5879 5878 5877 6171
30685 893 5900 5899 5898 6195
30686 893 5900 5899 5898 6196
30687 893 5923 5922 5921 6222
30688 893 5923 5922 5921 6223
30689 893 5973 5972 5971 6293
30690 893 5973 5972 5971 6294
30691 893 5995 5994 5993 6318
30692 893 5995 5994 5993 6319
30693 893 6018 6017 6016 6342
30694 893 6018 6017 6016 6343
30695 893 6068 6067 6066 6413
30696 893 6068 6067 6066 6414
30697 893 6091 6090 6089 6441
30698 893 6091 6090 6089 6442
30699 893 6113 6112 6111 6465
30700 893 6113 6112 6111 6466
30701 893 6529 6528 6527 6820
30702 893 6529 6528 6527 6821
30703 893 6550 6549 6548 6845
30704 893 6550 6549 6548 6846
30705 893 6573 6572 6571 6872
30706 893 6573 6572 6571 6873
30707 893 6623 6622 6621 6943
30708 893 6623 6622 6621 6944
30709 893 6645 6644 6643 6968
30710 893 6645 6644 6643 6969
30711 893 6668 6667 6666 6992
30712 893 6668 6667 6666 6993
30713 893 6718 6717 6716 7063
30714 893 6718 6717 6716 7064
30715 893 6741 6740 6739 7091
30716 893 6741 6740 6739 7092
30717 893 6763 6762 6761 7115
30718 893 6763 6762 6761 7116
30719 893 7179 7178 7177 7470
30720 893 7179 7178 7177 7471
30721 893 7200 7199 7198 7495
30722 893 7200 7199 7198 7496
30723 893 7223 7222 7221 7522
30724 893 7223 7222 7221 7523
30725 893 7273 7272 7271 7593
30726 893 7273 7272 7271 7594
30727 893 7295 7294 7293 7618
30728 893 7295 7294 7293 7619
30729 893 7318 7317 7316 7642
30730 893 7318 7317 7316 7643
30731 893 7368 7367 7366 7713
30732 893 7368 7367 7366 7714
30733 893 7391 7390 7389 7741
30734 893 7391 7390 7389 7742
30735 893 7413 7412 7411 7765
30736 893 7413 7412 7411 7766
30737 893 7829 7828 7827 8120
30738 893 7829 7828 7827 8121
30739 893 7850 7849 7848 8145
30740 893 7850 7849 7848 8146
30741 893 7873 7872 7871 8172
30742 893 7873 7872 7871 8173
30743 893 7923 7922 7921 8243
30744 893 7923 7922 7921 8244
30745 893 7945 7944 7943 8268
30746 893 7945 7944 7943 8269
30747 893 7968 7967 7966 8292
30748 893 7968 7967 7966 8293
30749 893 8018 8017 8016 8363
30750 893 8018 8017 8016 8364
30751 893 8041 8040 8039 8391
30752 893 8041 8040 8039 8392
30753 893 8063 8062 8061 8415
30754 893 8063 8062 8061 8416
30755 893 8479 8478 8477 8770
30756 893 8479 8478 8477 8771
30757 893 8500 8499 8498 8795
30758 893 8500 8499 8498 8796
30759 893 8523 8522 8521 8822
30760 893 8523 8522 8521 8823
30761 893 8573 8572 8571 8893
30762 893 8573 8572 8571 8894
30763 893 8595 8594 8593 8918
30764 893 8595 8594 8593 8919
30765 893 8618 8617 8616 8942
30766 893 8618 8617 8616 8943
30767 893 8668 8667 8666 9013
30768 893 8668 8667 8666 9014
30769 893 8691 8690 8689 9041
30770 893 8691 8690 8689 9042
30771 893 8713 8712 8711 9065
30772 893 8713 8712 8711 9066
30773 893 9129 9128 9127 9420
30774 893 9129 9128 9127 9421
30775 893 9150 9149 9148 9445
30776 893 9150 9149 9148 9446
30777 893 9173 9172 9171 9472
30778 893 9173 9172 9171 9473
30779 893 9223 9222 9221 9543
30780 893 9223 9222 9221 9544
30781 893 9245 9244 9243 9568
30782 893 9245 9244 9243 9569
30783 893 9268 9267 9266 9592
30784 893 9268 9267 9266 9593
30785 893 9318 9317 9316 9663
30786 893 9318 9317 9316 9664
30787 893 9341 9340 9339 9691
30788 893 9341 9340 9339 9692
30789 893 9363 9362 9361 9715
30790 893 9363 9362 9361 9716
30791 893 9779 9778 9777 10070
30792 893 9779 9778 9777 10071
30793 893 9800 9799 9798 10095
30794 893 9800 9799 9798 10096
30795 893 9823 9822 9821 10122
30796 893 9823 9822 9821 10123
30797 893 9873 9872 9871 10193
30798 893 9873 9872 9871 10194
30799 893 9895 9894 9893 10218
30800 893 9895 9894 9893 10219
30801 893 9918 9917 9916 10242
30802 893 9918 9917 9916 10243
30803 893 9968 9967 9966 10313
30804 893 9968 9967 9966 10314
30805 893 9991 9990 9989 10341
30806 893 9991 9990 9989 10342
30807 893 10013 10012 10011 10365
30808 893 10013 10012 10011 10366
30809 893 10429 10428 10427 10720
30810 893 10429 10428 10427 10721
30811 893 10450 10449 10448 10745
30812 893 10450 10449 10448 10746
30813 893 10473 10472 10471 10772
30814 893 10473 10472 10471 10773
30815 893 10523 10522 10521 10843
30816 893 10523 10522 10521 10844
30817 893 10545 10544 10543 10868
30818 893 10545 10544 10543 10869
30819 893 10568 10567 10566 10892
30820 893 10568 10567 10566 10893
30821 893 10618 10617 10616 10963
30822 893 10618 10617 10616 10964
30823 893 10641 10640 10639 10991
30824 893 10641 10640 10639 10992
30825 893 10663 10662 10661 11015
30826 893 10663 10662 10661 11016
30827 893 11079 11078 11077 11370
30828 893 11079 11078 11077 11371
30829 893 11100 11099 11098 11395
30830 893 11100 11099 11098 11396
30831 893 11123 11122 11121 11422
30832 893 11123 11122 11121 11423
30833 893 11173 11172 11171 11493
30834 893 11173 11172 11171 11494
30835 893 11195 11194 11193 11518
30836 893 11195 11194 11193 11519
30837 893 11218 11217 11216 11542
30838 893 11218 11217 11216 11543
30839 893 11268 11267 11266 11613
30840 893 11268 11267 11266 11614
30841 893 11291 11290 11289 11641
30842 893 11291 11290 11289 11642
30843 893 11313 11312 11311 11665
30844 893 11313 11312 11311 11666
30845 893 11729 11728 11727 12020
30846 893 11729 11728 11727 12021
30847 893 11750 11749 11748 12045
30848 893 11750 11749 11748 12046
30849 893 11773 11772 11771 12072
30850 893 11773 11772 11771 12073
30851 893 11823 11822 11821 12143
30852 893 11823 11822 11821 12144
30853 893 11845 11844 11843 12168
30854 893 11845 11844 11843 12169
30855 893 11868 11867 11866 12192
30856 893 11868 11867 11866 12193
30857 893 11918 11917 11916 12263
30858 893 11918 11917 11916 12264
30859 893 11941 11940 11939 12291
30860 893 11941 11940 11939 12292
30861 893 11963 11962 11961 12315
30862 893 11963 11962 11961 12316
30863 893 12379 12378 12377 12670
30864 893 12379 12378 12377 12671
30865 893 12400 12399 12398 12695
30866 893 12400 12399 12398 12696
30867 893 12423 12422 12421 12722
30868 893 12423 12422 12421 12723
30869 893 12473 12472 12471 12793
30870 893 12473 12472 12471 12794
30871 893 12495 12494 12493 12818
30872 893 12495 12494 12493 12819
30873 893 12518 12517 12516 12842
30874 893 12518 12517 12516 12843
30875 893 12568 12567 12566 12913
30876 893 12568 12567 12566 12914
30877 893 12591 12590 12589 12941
30878 893 12591 12590 12589 12942
30879 893 12613 12612 12611 12965
30880 893 12613 12612 12611 12966
30881 893 90 89 88 399
30882 893 185 184 183 519
30883 893 280 279 278 642
30884 893 740 739 738 1049
30885 893 835 834 833 1169
30886 893 930 929 928 1292
30887 893 1390 1389 1388 1699
30888 893 1485 1484 1483 1819
30889 893 1580 1579 1578 1942
30890 893 2040 2039 2038 2349
30891 893 2135 2134 2133 2469
30892 893 2230 2229 2228 2592
30893 893 2690 2689 2688 2999
30894 893 2785 2784 2783 3119
30895 893 2880 2879 2878 3242
30896 893 3340 3339 3338 3649
30897 893 3435 3434 3433 3769
30898 893 3530 3529 3528 3892
30899 893 3990 3989 3988 4299
30900 893 4085 4084 4083 4419
30901 893 4180 4179 4178 4542
30902 893 4640 4639 4638 4949
30903 893 4735 4734 4733 5069
30904 893 4830 4829 4828 5192
30905 893 5290 5289 5288 5599
30906 893 5385 5384 5383 5719
30907 893 5480 5479 5478 5842
30908 893 5940 5939 5938 6249
30909 893 6035 6034 6033 6369
30910 893 6130 6129 6128 6492
30911 893 6590 6589 6588 6899
30912 893 6685 6684 6683 7019
30913 893 6780 6779 6778 7142
30914 893 7240 7239 7238 7549
30915 893 7335 7334 7333 7669
30916 893 7430 7429 7428 7792
30917 893 7890 7889 7888 8199
30918 893 7985 7984 7983 8319
30919 893 8080 8079 8078 8442
30920 893 8540 8539 8538 8849
30921 893 8635 8634 8633 8969
30922 893 8730 8729 8728 9092
30923 893 9190 9189 9188 9499
30924 893 9285 9284 9283 9619
30925 893 9380 9379 9378 9742
30926 893 9840 9839 9838 10149
30927 893 9935 9934 9933 10269
30928 893 10030 10029 10028 10392
30929 893 10490 10489 10488 10799
30930 893 10585 10584 10583 10919
30931 893 10680 10679 10678 11042
30932 893 11140 11139 11138 11449
30933 893 11235 11234 11233 11569
30934 893 11330 11329 11328 11692
30935 893 11790 11789 11788 12099
30936 893 11885 11884 11883 12219
30937 893 11980 11979 11978 12342
30938 893 12440 12439 12438 12749
30939 893 12535 12534 12533 12869
30940 893 12630 12629 12628 12992
30941 894 1 3 4 286
30942 894 1 3 4 287
30943 894 95 97 98 409
30944 894 95 97 98 410
30945 894 190 192 193 529
30946 894 190 192 193 530
30947 894 651 653 654 936
30948 894 651 653 654 937
30949 894 745 747 748 1059
30950 894 745 747 748 1060
30951 894 840 842 843 1179
30952 894 840 842 843 1180
30953 894 1301 1303 1304 1586
30954 894 1301 1303 1304 1587
30955 894 1395 1397 1398 1709
30956 894 1395 1397 1398 1710
30957 894 1490 1492 1493 1829
30958 894 1490 1492 1493 1830
30959 894 1951 1953 1954 2236
30960 894 1951 1953 1954 2237
30961 894 2045 2047 2048 2359
30962 894 2045 2047 2048 2360
30963 894 2140 2142 2143 2479
30964 894 2140 2142 2143 2480
30965 894 2601 2603 2604 2886
30966 894 2601 2603 2604 2887
30967 894 2695 2697 2698 3009
30968 894 2695 2697 2698 3010
30969 894 2790 2792 2793 3129
30970 894 2790 2792 2793 3130
30971 894 3251 3253 3254 3536
30972 894 3251 3253 3254 3537
30973 894 3345 3347 3348 3659
30974 894 3345 3347 3348 3660
30975 894 3440 3442 3443 3779
30976 894 3440 3442 3443 3780
30977 894 3901 3903 3904 4186
30978 894 3901 3903 3904 4187
30979 894 3995 3997 3998 4309
30980 894 3995 3997 3998 4310
30981 894 4090 4092 4093 4429
30982 894 4090 4092 4093 4430
30983 894 4551 4553 4554 4836
30984 894 4551 4553 4554 4837
30985 894 4645 4647 4648 4959
30986 894 4645 4647 4648 4960
30987 894 4740 4742 4743 5079
30988 894 4740 4742 4743 5080
30989 894 5201 5203 5204 5486
30990 894 5201 5203 5204 5487
30991 894 5295 5297 5298 5609
30992 894 5295 5297 5298 5610
30993 894 5390 5392 5393 5729
30994 894 5390 5392 5393 5730
30995 894 5851 5853 5854 6136
30996 894 5851 5853 5854 6137
30997 894 5945 5947 5948 6259
30998 894 5945 5947 5948 6260
30999 894 6040 6042 6043 6379
31000 894 6040 6042 6043 6380
31001 894 6501 6503 6504 6786
31002 894 6501 6503 6504 6787
31003 894 6595 6597 6598 6909
31004 894 6595 6597 6598 6910
31005 894 6690 6692 6693 7029
31006 894 6690 6692 6693 7030
31007 894 7151 7153 7154 7436
31008 894 7151 7153 7154 7437
31009 894 7245 7247 7248 7559
31010 894 7245 7247 7248 7560
31011 894 7340 7342 7343 7679
31012 894 7340 7342 7343 7680
31013 894 7801 7803 7804 8086
31014 894 7801 7803 7804 8087
31015 894 7895 7897 7898 8209
31016 894 7895 7897 7898 8210
31017 894 7990 7992 7993 8329
31018 894 7990 7992 7993 8330
31019 894 8451 8453 8454 8736
31020 894 8451 8453 8454 8737
31021 894 8545 8547 8548 8859
31022 894 8545 8547 8548 8860
31023 894 8640 8642 8643 8979
31024 894 8640 8642 8643 8980
31025 894 9101 9103 9104 9386
31026 894 9101 9103 9104 9387
31027 894 9195 9197 9198 9509
31028 894 9195 9197 9198 9510
31029 894 9290 9292 9293 9629
31030 894 9290 9292 9293 9630
31031 894 9751 9753 9754 10036
31032 894 9751 9753 9754 10037
31033 894 9845 9847 9848 10159
31034 894 9845 9847 9848 10160
31035 894 9940 9942 9943 10279
31036 894 9940 9942 9943 10280
31037 894 10401 10403 10404 10686
31038 894 10401 10403 10404 10687
31039 894 10495 10497 10498 10809
31040 894 10495 10497 10498 10810
31041 894 10590 10592 10593 10929
31042 894 10590 10592 10593 10930
31043 894 11051 11053 11054 11336
31044 894 11051 11053 11054 11337
31045 894 11145 11147 11148 11459
31046 894 11145 11147 11148 11460
31047 894 11240 11242 11243 11579
31048 894 11240 11242 11243 11580
31049 894 11701 11703 11704 11986
31050 894 11701 11703 11704 11987
31051 894 11795 11797 11798 12109
31052 894 11795 11797 11798 12110
31053 894 11890 11892 11893 12229
31054 894 11890 11892 11893 12230
31055 894 12351 12353 12354 12636
31056 894 12351 12353 12354 12637
31057 894 12445 12447 12448 12759
31058 894 12445 12447 12448 12760
31059 894 12540 12542 12543 12879
31060 894 12540 12542 12543 12880
31061 894 30 28 27 320
31062 894 30 28 27 321
31063 894 51 49 48 345
31064 894 51 49 48 346
31065 894 74 72 71 372
31066 894 74 72 71 373
31067 894 124 122 121 443
31068 894 124 122 121 444
31069 894 146 144 143 468
31070 894 146 144 143 469
31071 894 169 167 166 492
31072 894 169 167 166 493
31073 894 219 217 216 563
31074 894 219 217 216 564
31075 894 242 240 239 591
31076 894 242 240 239 592
31077 894 264 262 261 615
31078 894 264 262 261 616
31079 894 680 678 677 970
31080 894 680 678 677 971
31081 894 701 699 698 995
31082 894 701 699 698 996
31083 894 724 722 721 1022
31084 894 724 722 721 1023
31085 894 774 772 771 1093
31086 894 774 772 771 1094
31087 894 796 794 793 1118
31088 894 796 794 793 1119
31089 894 819 817 816 1142
31090 894 819 817 816 1143
31091 894 869 867 866 1213
31092 894 869 867 866 1214
31093 894 892 890 889 1241
31094 894 892 890 889 1242
31095 894 914 912 911 1265
31096 894 914 912 911 1266
31097 894 1330 1328 1327 1620
31098 894 1330 1328 1327 1621
31099 894 1351 1349 1348 1645
31100 894 1351 1349 1348 1646
31101 894 1374 1372 1371 1672
31102 894 1374 1372 1371 1673
31103 894 1424 1422 1421 1743
31104 894 1424 1422 1421 1744
31105 894 1446 1444 1443 1768
31106 894 1446 1444 1443 1769
31107 894 1469 1467 1466 1792
31108 894 1469 1467 1466 1793
31109 894 1519 1517 1516 1863
31110 894 1519 1517 1516 1864
31111 894 1542 1540 1539 1891
31112 894 1542 1540 1539 1892
31113 894 1564 1562 1561 1915
31114 894 1564 1562 1561 1916
31115 894 1980 1978 1977 2270
31116 894 1980 1978 1977 2271
31117 894 2001 1999 1998 2295
31118 894 2001 1999 1998 2296
31119 894 2024 2022 2021 2322
31120 894 2024 2022 2021 2323
31121 894 2074 2072 2071 2393
31122 894 2074 2072 2071 2394
31123 894 2096 2094 2093 2418
31124 894 2096 2094 2093 2419
31125 894 2119 2117 2116 2442
31126 894 2119 2117 2116 2443
31127 894 2169 2167 2166 2513
31128 894 2169 2167 2166 2514
31129 894 2192 2190 2189 2541
31130 894 2192 2190 2189 2542
31131 894 2214 2212 2211 2565
31132 894 2214 2212 2211 2566
31133 894 2630 2628 2627 2920
31134 894 2630 2628 2627 2921
31135 894 2651 2649 2648 2945
31136 894 2651 2649 2648 2946
31137 894 2674 2672 2671 2972
31138 894 2674 2672 2671 2973
31139 894 2724 2722 2721 3043
31140 894 2724 2722 2721 3044
31141 894 2746 2744 2743 3068
31142 894 2746 2744 2743 3069
31143 894 2769 2767 2766 3092
31144 894 2769 2767 2766 3093
31145 894 2819 2817 2816 3163
31146 894 2819 2817 2816 3164
31147 894 2842 2840 2839 3191
31148 894 2842 2840 2839 3192
31149 894 2864 2862 2861 3215
31150 894 2864 2862 2861 3216
31151 894 3280 3278 3277 3570
31152 894 3280 3278 3277 3571
31153 894 3301 3299 3298 3595
31154 894 3301 3299 3298 3596
31155 894 3324 3322 3321 3622
31156 894 3324 3322 3321 3623
31157 894 3374 3372 3371 3693
31158 894 3374 3372 3371 3694
31159 894 3396 3394 3393 3718
31160 894 3396 3394 3393 3719
31161 894 3419 3417 3416 3742
31162 894 3419 3417 3416 3743
31163 894 3469 3467 3466 3813
31164 894 3469 3467 3466 3814
31165 894 3492 3490 3489 3841
31166 894 3492 3490 3489 3842
31167 894 3514 3512 3511 3865
31168 894 3514 3512 3511 3866
31169 894 3930 3928 3927 4220
31170 894 3930 3928 3927 4221
31171 894 3951 3949 3948 4245
31172 894 3951 3949 3948 4246
31173 894 3974 3972 3971 4272
31174 894 3974 3972 3971 4273
31175 894 4024 4022 4021 4343
31176 894 4024 4022 4021 4344
31177 894 4046 4044 4043 4368
31178 894 4046 4044 4043 4369
31179 894 4069 4067 4066 4392
31180 894 4069 4067 4066 4393
31181 894 4119 4117 4116 4463
31182 894 4119 4117 4116 4464
31183 894 4142 4140 4139 4491
31184 894 4142 4140 4139 4492
31185 894 4164 4162 4161 4515
31186 894 4164 4162 4161 4516
31187 894 4580 4578 4577 4870
31188 894 4580 4578 4577 4871
31189 894 4601 4599 4598 4895
31190 894 4601 4599 4598 4896
31191 894 4624 4622 4621 4922
31192 894 4624 4622 4621 4923
31193 894 4674 4672 4671 4993
31194 894 4674 4672 4671 4994
31195 894 4696 4694 4693 5018
31196 894 4696 4694 4693 5019
31197 894 4719 4717 4716 5042
31198 894 4719 4717 4716 5043
31199 894 4769 4767 4766 5113
31200 894 4769 4767 4766 5114
31201 894 4792 4790 4789 5141
31202 894 4792 4790 4789 5142
31203 894 4814 4812 4811 5165
31204 894 4814 4812 4811 5166
31205 894 5230 5228 5227 5520
31206 894 5230 5228 5227 5521
31207 894 5251 5249 5248 5545
31208 894 5251 5249 5248 5546
31209 894 5274 5272 5271 5572
31210 894 5274 5272 5271 5573
31211 894 5324 5322 5321 5643
31212 894 5324 5322 5321 5644
31213 894 5346 5344 5343 5668
31214 894 5346 5344 5343 5669
31215 894 5369 5367 5366 5692
31216 894 5369 5367 5366 5693
31217 894 5419 5417 5416 5763
31218 894 5419 5417 5416 5764
31219 894 5442 5440 5439 5791
31220 894 5442 5440 5439 5792
31221 894 5464 5462 5461 5815
31222 894 5464 5462 5461 5816
31223 894 5880 5878 5877 6170
31224 894 5880 5878 5877 6171
31225 894 5901 5899 5898 6195
31226 894 5901 5899 5898 6196
31227 894 5924 5922 5921 6222
31228 894 5924 5922 5921 6223
31229 894 5974 5972 5971 6293
31230 894 5974 5972 5971 6294
31231 894 5996 5994 5993 6318
31232 894 5996 5994 5993 6319
31233 894 6019 6017 6016 6342
31234 894 6019 6017 6016 6343
31235 894 6069 6067 6066 6413
31236 894 6069 6067 6066 6414
31237 894 6092 6090 6089 6441
31238 894 6092 6090 6089 6442
31239 894 6114 6112 6111 6465
31240 894 6114 6112 6111 6466
31241 894 6530 6528 6527 6820
31242 894 6530 6528 6527 6821
31243 894 6551 6549 6548 6845
31244 894 6551 6549 6548 6846
31245 894 6574 6572 6571 6872
31246 894 6574 6572 6571 6873
31247 894 6624 6622 6621 6943
31248 894 6624 6622 6621 6944
31249 894 6646 6644 6643 6968
31250 894 6646 6644 6643 6969
31251 894 6669 6667 6666 6992
31252 894 6669 6667 6666 6993
31253 894 6719 6717 6716 7063
31254 894 6719 6717 6716 7064
31255 894 6742 6740 6739 7091
31256 894 6742 6740 6739 7092
31257 894 6764 6762 6761 7115
31258 894 6764 6762 6761 7116
31259 894 7180 7178 7177 7470
31260 894 7180 7178 7177 7471
31261 894 7201 7199 7198 7495
31262 894 7201 7199 7198 7496
31263 894 7224 7222 7221 7522
31264 894 7224 7222 7221 7523
31265 894 7274 7272 7271 7593
31266 894 7274 7272 7271 7594
31267 894 7296 7294 7293 7618
31268 894 7296 7294 7293 7619
31269 894 7319 7317 7316 7642
31270 894 7319 7317 7316 7643
31271 894 7369 7367 7366 7713
31272 894 7369 7367 7366 7714
31273 894 7392 7390 7389 7741
31274 894 7392 7390 7389 7742
31275 894 7414 7412 7411 7765
31276 894 7414 7412 7411 7766
31277 894 7830 7828 7827 8120
31278 894 7830 7828 7827 8121
31279 894 7851 7849 7848 8145
31280 894 7851 7849 7848 8146
31281 894 7874 7872 7871 8172
31282 894 7874 7872 7871 8173
31283 894 7924 7922 7921 8243
31284 894 7924 7922 7921 8244
31285 894 7946 7944 7943 8268
31286 894 7946 7944 7943 8269
31287 894 7969 7967 7966 8292
31288 894 7969 7967 7966 8293
31289 894 8019 8017 8016 8363
31290 894 8019 8017 8016 8364
31291 894 8042 8040 8039 8391
31292 894 8042 8040 8039 8392
31293 894 8064 8062 8061 8415
31294 894 8064 8062 8061 8416
31295 894 8480 8478 8477 8770
31296 894 8480 8478 8477 8771
31297 894 8501 8499 8498 8795
31298 894 8501 8499 8498 8796
31299 894 8524 8522 8521 8822
31300 894 8524 8522 8521 8823
31301 894 8574 8572 8571 8893
31302 894 8574 8572 8571 8894
31303 894 8596 8594 8593 8918
31304 894 8596 8594 8593 8919
31305 894 8619 8617 8616 8942
31306 894 8619 8617 8616 8943
31307 894 8669 8667 8666 9013
31308 894 8669 8667 8666 9014
31309 894 8692 8690 8689 9041
31310 894 8692 8690 8689 9042
31311 894 8714 8712 8711 9065
31312 894 8714 8712 8711 9066
31313 894 9130 9128 9127 9420
31314 894 9130 9128 9127 9421
31315 894 9151 9149 9148 9445
31316 894 9151 9149 9148 9446
31317 894 9174 9172 9171 9472
31318 894 9174 9172 9171 9473
31319 894 9224 9222 9221 9543
31320 894 9224 9222 9221 9544
31321 894 9246 9244 9243 9568
31322 894 9246 9244 9243 9569
31323 894 9269 9267 9266 9592
31324 894 9269 9267 9266 9593
31325 894 9319 9317 9316 9663
31326 894 9319 9317 9316 9664
31327 894 9342 9340 9339 9691
31328 894 9342 9340 9339 9692
31329 894 9364 9362 9361 9715
31330 894 9364 9362 9361 9716
31331 894 9780 9778 9777 10070
31332 894 9780 9778 9777 10071
31333 894 9801 9799 9798 10095
31334 894 9801 9799 9798 10096
31335 894 9824 9822 9821 10122
31336 894 9824 9822 9821 10123
31337 894 9874 9872 9871 10193
31338 894 9874 9872 9871 10194
31339 894 9896 9894 9893 10218
31340 894 9896 9894 9893 10219
31341 894 9919 9917 9916 10242
31342 894 9919 9917 9916 10243
31343 894 9969 9967 9966 10313
31344 894 9969 9967 9966 10314
31345 894 9992 9990 9989 10341
31346 894 9992 9990 9989 10342
31347 894 10014 10012 10011 10365
31348 894 10014 10012 10011 10366
31349 894 10430 10428 10427 10720
31350 894 10430 10428 10427 10721
31351 894 10451 10449 10448 10745
31352 894 10451 10449 10448 10746
31353 894 10474 10472 10471 10772
31354 894 10474 10472 10471 10773
31355 894 10524 10522 10521 10843
31356 894 10524 10522 10521 10844
31357 894 10546 10544 10543 10868
31358 894 10546 10544 10543 10869
31359 894 10569 10567 10566 10892
31360 894 10569 10567 10566 10893
31361 894 10619 10617 10616 10963
31362 894 10619 10617 10616 10964
31363 894 10642 10640 10639 10991
31364 894 10642 10640 10639 10992
31365 894 10664 10662 10661 11015
31366 894 10664 10662 10661 11016
31367 894 11080 11078 11077 11370
31368 894 11080 11078 11077 11371
31369 894 11101 11099 11098 11395
31370 894 11101 11099 11098 11396
31371 894 11124 11122 11121 11422
31372 894 11124 11122 11121 11423
31373 894 11174 11172 11171 11493
31374 894 11174 11172 11171 11494
31375 894 11196 11194 11193 11518
31376 894 11196 11194 11193 11519
31377 894 11219 11217 11216 11542
31378 894 11219 11217 11216 11543
31379 894 11269 11267 11266 11613
31380 894 11269 11267 11266 11614
31381 894 11292 11290 11289 11641
31382 894 11292 11290 11289 11642
31383 894 11314 11312 11311 11665
31384 894 11314 11312 11311 11666
31385 894 11730 11728 11727 12020
31386 894 11730 11728 11727 12021
31387 894 11751 11749 11748 12045
31388 894 11751 11749 11748 12046
31389 894 11774 11772 11771 12072
31390 894 11774 11772 11771 12073
31391 894 11824 11822 11821 12143
31392 894 11824 11822 11821 12144
31393 894 11846 11844 11843 12168
31394 894 11846 11844 11843 12169
31395 894 11869 11867 11866 12192
31396 894 11869 11867 11866 12193
31397 894 11919 11917 11916 12263
31398 894 11919 11917 11916 12264
31399 894 11942 11940 11939 12291
31400 894 11942 11940 11939 12292
31401 894 11964 11962 11961 12315
31402 894 11964 11962 11961 12316
31403 894 12380 12378 12377 12670
31404 894 12380 12378 12377 12671
31405 894 12401 12399 12398 12695
31406 894 12401 12399 12398 12696
31407 894 12424 12422 12421 12722
31408 894 12424 12422 12421 12723
31409 894 12474 12472 12471 12793
31410 894 12474 12472 12471 12794
31411 894 12496 12494 12493 12818
31412 894 12496 12494 12493 12819
31413 894 12519 12517 12516 12842
31414 894 12519 12517 12516 12843
31415 894 12569 12567 12566 12913
31416 894 12569 12567 12566 12914
31417 894 12592 12590 12589 12941
31418 894 12592 12590 12589 12942
31419 894 12614 12612 12611 12965
31420 894 12614 12612 12611 12966
31421 894 91 89 88 399
31422 894 186 184 183 519
31423 894 281 279 278 642
31424 894 741 739 738 1049
31425 894 836 834 833 1169
31426 894 931 929 928 1292
31427 894 1391 1389 1388 1699
31428 894 1486 1484 1483 1819
31429 894 1581 1579 1578 1942
31430 894 2041 2039 2038 2349
31431 894 2136 2134 2133 2469
31432 894 2231 2229 2228 2592
31433 894 2691 2689 2688 2999
31434 894 2786 2784 2783 3119
31435 894 2881 2879 2878 3242
31436 894 3341 3339 3338 3649
31437 894 3436 3434 3433 3769
31438 894 3531 3529 3528 3892
31439 894 3991 3989 3988 4299
31440 894 4086 4084 4083 4419
31441 894 4181 4179 4178 4542
31442 894 4641 4639 4638 4949
31443 894 4736 4734 4733 5069
31444 894 4831 4829 4828 5192
31445 894 5291 5289 5288 5599
31446 894 5386 5384 5383 5719
31447 894 5481 5479 5478 5842
31448 894 5941 5939 5938 6249
31449 894 6036 6034 6033 6369
31450 894 6131 6129 6128 6492
31451 894 6591 6589 6588 6899
31452 894 6686 6684 6683 7019
31453 894 6781 6779 6778 7142
31454 894 7241 7239 7238 7549
31455 894 7336 7334 7333 7669
31456 894 7431 7429 7428 7792
31457 894 7891 7889 7888 8199
31458 894 7986 7984 7983 8319
31459 894 8081 8079 8078 8442
31460 894 8541 8539 8538 8849
31461 894 8636 8634 8633 8969
31462 894 8731 8729 8728 9092
31463 894 9191 9189 9188 9499
31464 894 9286 9284 9283 9619
31465 894 9381 9379 9378 9742
31466 894 9841 9839 9838 10149
31467 894 9936 9934 9933 10269
31468 894 10031 10029 10028 10392
31469 894 10491 10489 10488 10799
31470 894 10586 10584 10583 10919
31471 894 10681 10679 10678 11042
31472 894 11141 11139 11138 11449
31473 894 11236 11234 11233 11569
31474 894 11331 11329 11328 11692
31475 894 11791 11789 11788 12099
31476 894 11886 11884 11883 12219
31477 894 11981 11979 11978 12342
31478 894 12441 12439 12438 12749
31479 894 12536 12534 12533 12869
31480 894 12631 12629 12628 12992
31481 929 52 44 43 337
31482 929 52 44 43 338
31483 929 702 694 693 987
31484 929 702 694 693 988
31485 929 1352 1344 1343 1637
31486 929 1352 1344 1343 1638
31487 929 2002 1994 1993 2287
31488 929 2002 1994 1993 2288
31489 929 2652 2644 2643 2937
31490 929 2652 2644 2643 2938
31491 929 3302 3294 3293 3587
31492 929 3302 3294 3293 3588
31493 929 3952 3944 3943 4237
31494 929 3952 3944 3943 4238
31495 929 4602 4594 4593 4887
31496 929 4602 4594 4593 4888
31497 929 5252 5244 5243 5537
31498 929 5252 5244 5243 5538
31499 929 5902 5894 5893 6187
31500 929 5902 5894 5893 6188
31501 929 6552 6544 6543 6837
31502 929 6552 6544 6543 6838
31503 929 7202 7194 7193 7487
31504 929 7202 7194 7193 7488
31505 929 7852 7844 7843 8137
31506 929 7852 7844 7843 8138
31507 929 8502 8494 8493 8787
31508 929 8502 8494 8493 8788
31509 929 9152 9144 9143 9437
31510 929 9152 9144 9143 9438
31511 929 9802 9794 9793 10087
31512 929 9802 9794 9793 10088
31513 929 10452 10444 10443 10737
31514 929 10452 10444 10443 10738
31515 929 11102 11094 11093 11387
31516 929 11102 11094 11093 11388
31517 929 11752 11744 11743 12037
31518 929 11752 11744 11743 12038
31519 929 12402 12394 12393 12687
31520 929 12402 12394 12393 12688
31521 929 43 44 52 347
31522 929 43 44 52 348
31523 929 43 44 52 349
31524 929 693 694 702 997
31525 929 693 694 702 998
31526 929 693 694 702 999
31527 929 1343 1344 1352 1647
31528 929 1343 1344 1352 1648
31529 929 1343 1344 1352 1649
31530 929 1993 1994 2002 2297
31531 929 1993 1994 2002 2298
31532 929 1993 1994 2002 2299
31533 929 2643 2644 2652 2947
31534 929 2643 2644 2652 2948
31535 929 2643 2644 2652 2949
31536 929 3293 3294 3302 3597
31537 929 3293 3294 3302 3598
31538 929 3293 3294 3302 3599
31539 929 3943 3944 3952 4247
31540 929 3943 3944 3952 4248
31541 929 3943 3944 3952 4249
31542 929 4593 4594 4602 4897
31543 929 4593 4594 4602 4898
31544 929 4593 4594 4602 4899
31545 929 5243 5244 5252 5547
31546 929 5243 5244 5252 5548
31547 929 5243 5244 5252 5549
31548 929 5893 5894 5902 6197
31549 929 5893 5894 5902 6198
31550 929 5893 5894 5902 6199
31551 929 6543 6544 6552 6847
31552 929 6543 6544 6552 6848
31553 929 6543 6544 6552 6849
31554 929 7193 7194 7202 7497
31555 929 7193 7194 7202 7498
31556 929 7193 7194 7202 7499
31557 929 7843 7844 7852 8147
31558 929 7843 7844 7852 8148
31559 929 7843 7844 7852 8149
31560 929 8493 8494 8502 8797
31561 929 8493 8494 8502 8798
31562 929 8493 8494 8502 8799
31563 929 9143 9144 9152 9447
31564 929 9143 9144 9152 9448
31565 929 9143 9144 9152 9449
31566 929 9793 9794 9802 10097
31567 929 9793 9794 9802 10098
31568 929 9793 9794 9802 10099
31569 929 10443 10444 10452 10747
31570 929 10443 10444 10452 10748
31571 929 10443 10444 10452 10749
31572 929 11093 11094 11102 11397
31573 929 11093 11094 11102 11398
31574 929 11093 11094 11102 11399
31575 929 11743 11744 11752 12047
31576 929 11743 11744 11752 12048
31577 929 11743 11744 11752 12049
31578 929 12393 12394 12402 12697
31579 929 12393 12394 12402 12698
31580 929 12393 12394 12402 12699
31581 929 222 220 221 565
31582 929 872 870 871 1215
31583 929 1522 1520 1521 1865
31584 929 2172 2170 2171 2515
31585 929 2822 2820 2821 3165
31586 929 3472 3470 3471 3815
31587 929 4122 4120 4121 4465
31588 929 4772 4770 4771 5115
31589 929 5422 5420 5421 5765
31590 929 6072 6070 6071 6415
31591 929 6722 6720 6721 7065
31592 929 7372 7370 7371 7715
31593 929 8022 8020 8021 8365
31594 929 8672 8670 8671 9015
31595 929 9322 9320 9321 9665
31596 929 9972 9970 9971 10315
31597 929 10622 10620 10621 10965
31598 929 11272 11270 11271 11615
31599 929 11922 11920 11921 12265
31600 929 12572 12570 12571 12915
31601 929 221 220 222 566
31602 929 221 220 222 567
31603 929 221 220 222 568
31604 929 871 870 872 1216
31605 929 871 870 872 1217
31606 929 871 870 872 1218
31607 929 1521 1520 1522 1866
31608 929 1521 1520 1522 1867
31609 929 1521 1520 1522 1868
31610 929 2171 2170 2172 2516
31611 929 2171 2170 2172 2517
31612 929 2171 2170 2172 2518
31613 929 2821 2820 2822 3166
31614 929 2821 2820 2822 3167
31615 929 2821 2820 2822 3168
31616 929 3471 3470 3472 3816
31617 929 3471 3470 3472 3817
31618 929 3471 3470 3472 3818
31619 929 4121 4120 4122 4466
31620 929 4121 4120 4122 4467
31621 929 4121 4120 4122 4468
31622 929 4771 4770 4772 5116
31623 929 4771 4770 4772 5117
31624 929 4771 4770 4772 5118
31625 929 5421 5420 5422 5766
31626 929 5421 5420 5422 5767
31627 929 5421 5420 5422 5768
31628 929 6071 6070 6072 6416
31629 929 6071 6070 6072 6417
31630 929 6071 6070 6072 6418
31631 929 6721 6720 6722 7066
31632 929 6721 6720 6722 7067
31633 929 6721 6720 6722 7068
31634 929 7371 7370 7372 7716
31635 929 7371 7370 7372 7717
31636 929 7371 7370 7372 7718
31637 929 8021 8020 8022 8366
31638 929 8021 8020 8022 8367
31639 929 8021 8020 8022 8368
31640 929 8671 8670 8672 9016
31641 929 8671 8670 8672 9017
31642 929 8671 8670 8672 9018
31643 929 9321 9320 9322 9666
31644 929 9321 9320 9322 9667
31645 929 9321 9320 9322 9668
31646 929 9971 9970 9972 10316
31647 929 9971 9970 9972 10317
31648 929 9971 9970 9972 10318
31649 929 10621 10620 10622 10966
31650 929 10621 10620 10622 10967
31651 929 10621 10620 10622 10968
31652 929 11271 11270 11272 11616
31653 929 11271 11270 11272 11617
31654 929 11271 11270 11272 11618
31655 929 11921 11920 11922 12266
31656 929 11921 11920 11922 12267
31657 929 11921 11920 11922 12268
31658 929 12571 12570 12572 12916
31659 929 12571 12570 12572 12917
31660 929 12571 12570 12572 12918
31661 930 63 8 9 294
31662 930 63 8 9 295
31663 930 53 23 22 312
31664 930 53 23 22 313
31665 930 75 67 66 364
31666 930 75 67 66 365
31667 930 158 102 103 417
31668 930 158 102 103 418
31669 930 148 117 116 435
31670 930 148 117 116 436
31671 930 147 139 138 460
31672 930 147 139 138 461
31673 930 170 162 161 484
31674 930 170 162 161 485
31675 930 253 197 198 537
31676 930 253 197 198 538
31677 930 243 212 211 555
31678 930 243 212 211 556
31679 930 125 235 234 583
31680 930 125 235 234 584
31681 930 265 257 256 607
31682 930 265 257 256 608
31683 930 713 658 659 944
31684 930 713 658 659 945
31685 930 703 673 672 962
31686 930 703 673 672 963
31687 930 725 717 716 1014
31688 930 725 717 716 1015
31689 930 808 752 753 1067
31690 930 808 752 753 1068
31691 930 798 767 766 1085
31692 930 798 767 766 1086
31693 930 797 789 788 1110
31694 930 797 789 788 1111
31695 930 820 812 811 1134
31696 930 820 812 811 1135
31697 930 903 847 848 1187
31698 930 903 847 848 1188
31699 930 893 862 861 1205
31700 930 893 862 861 1206
31701 930 775 885 884 1233
31702 930 775 885 884 1234
31703 930 915 907 906 1257
31704 930 915 907 906 1258
31705 930 1363 1308 1309 1594
31706 930 1363 1308 1309 1595
31707 930 1353 1323 1322 1612
31708 930 1353 1323 1322 1613
31709 930 1375 1367 1366 1664
31710 930 1375 1367 1366 1665
31711 930 1458 1402 1403 1717
31712 930 1458 1402 1403 1718
31713 930 1448 1417 1416 1735
31714 930 1448 1417 1416 1736
31715 930 1447 1439 1438 1760
31716 930 1447 1439 1438 1761
31717 930 1470 1462 1461 1784
31718 930 1470 1462 1461 1785
31719 930 1553 1497 1498 1837
31720 930 1553 1497 1498 1838
31721 930 1543 1512 1511 1855
31722 930 1543 1512 1511 1856
31723 930 1425 1535 1534 1883
31724 930 1425 1535 1534 1884
31725 930 1565 1557 1556 1907
31726 930 1565 1557 1556 1908
31727 930 2013 1958 1959 2244
31728 930 2013 1958 1959 2245
31729 930 2003 1973 1972 2262
31730 930 2003 1973 1972 2263
31731 930 2025 2017 2016 2314
31732 930 2025 2017 2016 2315
31733 930 2108 2052 2053 2367
31734 930 2108 2052 2053 2368
31735 930 2098 2067 2066 2385
31736 930 2098 2067 2066 2386
31737 930 2097 2089 2088 2410
31738 930 2097 2089 2088 2411
31739 930 2120 2112 2111 2434
31740 930 2120 2112 2111 2435
31741 930 2203 2147 2148 2487
31742 930 2203 2147 2148 2488
31743 930 2193 2162 2161 2505
31744 930 2193 2162 2161 2506
31745 930 2075 2185 2184 2533
31746 930 2075 2185 2184 2534
31747 930 2215 2207 2206 2557
31748 930 2215 2207 2206 2558
31749 930 2663 2608 2609 2894
31750 930 2663 2608 2609 2895
31751 930 2653 2623 2622 2912
31752 930 2653 2623 2622 2913
31753 930 2675 2667 2666 2964
31754 930 2675 2667 2666 2965
31755 930 2758 2702 2703 3017
31756 930 2758 2702 2703 3018
31757 930 2748 2717 2716 3035
31758 930 2748 2717 2716 3036
31759 930 2747 2739 2738 3060
31760 930 2747 2739 2738 3061
31761 930 2770 2762 2761 3084
31762 930 2770 2762 2761 3085
31763 930 2853 2797 2798 3137
31764 930 2853 2797 2798 3138
31765 930 2843 2812 2811 3155
31766 930 2843 2812 2811 3156
31767 930 2725 2835 2834 3183
31768 930 2725 2835 2834 3184
31769 930 2865 2857 2856 3207
31770 930 2865 2857 2856 3208
31771 930 3313 3258 3259 3544
31772 930 3313 3258 3259 3545
31773 930 3303 3273 3272 3562
31774 930 3303 3273 3272 3563
31775 930 3325 3317 3316 3614
31776 930 3325 3317 3316 3615
31777 930 3408 3352 3353 3667
31778 930 3408 3352 3353 3668
31779 930 3398 3367 3366 3685
31780 930 3398 3367 3366 3686
31781 930 3397 3389 3388 3710
31782 930 3397 3389 3388 3711
31783 930 3420 3412 3411 3734
31784 930 3420 3412 3411 3735
31785 930 3503 3447 3448 3787
31786 930 3503 3447 3448 3788
31787 930 3493 3462 3461 3805
31788 930 3493 3462 3461 3806
31789 930 3375 3485 3484 3833
31790 930 3375 3485 3484 3834
31791 930 3515 3507 3506 3857
31792 930 3515 3507 3506 3858
31793 930 3963 3908 3909 4194
31794 930 3963 3908 3909 4195
31795 930 3953 3923 3922 4212
31796 930 3953 3923 3922 4213
31797 930 3975 3967 3966 4264
31798 930 3975 3967 3966 4265
31799 930 4058 4002 4003 4317
31800 930 4058 4002 4003 4318
31801 930 4048 4017 4016 4335
31802 930 4048 4017 4016 4336
31803 930 4047 4039 4038 4360
31804 930 4047 4039 4038 4361
31805 930 4070 4062 4061 4384
31806 930 4070 4062 4061 4385
31807 930 4153 4097 4098 4437
31808 930 4153 4097 4098 4438
31809 930 4143 4112 4111 4455
31810 930 4143 4112 4111 4456
31811 930 4025 4135 4134 4483
31812 930 4025 4135 4134 4484
31813 930 4165 4157 4156 4507
31814 930 4165 4157 4156 4508
31815 930 4613 4558 4559 4844
31816 930 4613 4558 4559 4845
31817 930 4603 4573 4572 4862
31818 930 4603 4573 4572 4863
31819 930 4625 4617 4616 4914
31820 930 4625 4617 4616 4915
31821 930 4708 4652 4653 4967
31822 930 4708 4652 4653 4968
31823 930 4698 4667 4666 4985
31824 930 4698 4667 4666 4986
31825 930 4697 4689 4688 5010
31826 930 4697 4689 4688 5011
31827 930 4720 4712 4711 5034
31828 930 4720 4712 4711 5035
31829 930 4803 4747 4748 5087
31830 930 4803 4747 4748 5088
31831 930 4793 4762 4761 5105
31832 930 4793 4762 4761 5106
31833 930 4675 4785 4784 5133
31834 930 4675 4785 4784 5134
31835 930 4815 4807 4806 5157
31836 930 4815 4807 4806 5158
31837 930 5263 5208 5209 5494
31838 930 5263 5208 5209 5495
31839 930 5253 5223 5222 5512
31840 930 5253 5223 5222 5513
31841 930 5275 5267 5266 5564
31842 930 5275 5267 5266 5565
31843 930 5358 5302 5303 5617
31844 930 5358 5302 5303 5618
31845 930 5348 5317 5316 5635
31846 930 5348 5317 5316 5636
31847 930 5347 5339 5338 5660
31848 930 5347 5339 5338 5661
31849 930 5370 5362 5361 5684
31850 930 5370 5362 5361 5685
31851 930 5453 5397 5398 5737
31852 930 5453 5397 5398 5738
31853 930 5443 5412 5411 5755
31854 930 5443 5412 5411 5756
31855 930 5325 5435 5434 5783
31856 930 5325 5435 5434 5784
31857 930 5465 5457 5456 5807
31858 930 5465 5457 5456 5808
31859 930 5913 5858 5859 6144
31860 930 5913 5858 5859 6145
31861 930 5903 5873 5872 6162
31862 930 5903 5873 5872 6163
31863 930 5925 5917 5916 6214
31864 930 5925 5917 5916 6215
31865 930 6008 5952 5953 6267
31866 930 6008 5952 5953 6268
31867 930 5998 5967 5966 6285
31868 930 5998 5967 5966 6286
31869 930 5997 5989 5988 6310
31870 930 5997 5989 5988 6311
31871 930 6020 6012 6011 6334
31872 930 6020 6012 6011 6335
31873 930 6103 6047 6048 6387
31874 930 6103 6047 6048 6388
31875 930 6093 6062 6061 6405
31876 930 6093 6062 6061 6406
31877 930 5975 6085 6084 6433
31878 930 5975 6085 6084 6434
31879 930 6115 6107 6106 6457
31880 930 6115 6107 6106 6458
31881 930 6563 6508 6509 6794
31882 930 6563 6508 6509 6795
31883 930 6553 6523 6522 6812
31884 930 6553 6523 6522 6813
31885 930 6575 6567 6566 6864
31886 930 6575 6567 6566 6865
31887 930 6658 6602 6603 6917
31888 930 6658 6602 6603 6918
31889 930 6648 6617 6616 6935
31890 930 6648 6617 6616 6936
31891 930 6647 6639 6638 6960
31892 930 6647 6639 6638 6961
31893 930 6670 6662 6661 6984
31894 930 6670 6662 6661 6985
31895 930 6753 6697 6698 7037
31896 930 6753 6697 6698 7038
31897 930 6743 6712 6711 7055
31898 930 6743 6712 6711 7056
31899 930 6625 6735 6734 7083
31900 930 6625 6735 6734 7084
31901 930 6765 6757 6756 7107
31902 930 6765 6757 6756 7108
31903 930 7213 7158 7159 7444
31904 930 7213 7158 7159 7445
31905 930 7203 7173 7172 7462
31906 930 7203 7173 7172 7463
31907 930 7225 7217 7216 7514
31908 930 7225 7217 7216 7515
31909 930 7308 7252 7253 7567
31910 930 7308 7252 7253 7568
31911 930 7298 7267 7266 7585
31912 930 7298 7267 7266 7586
31913 930 7297 7289 7288 7610
31914 930 7297 7289 7288 7611
31915 930 7320 7312 7311 7634
31916 930 7320 7312 7311 7635
31917 930 7403 7347 7348 7687
31918 930 7403 7347 7348 7688
31919 930 7393 7362 7361 7705
31920 930 7393 7362 7361 7706
31921 930 7275 7385 7384 7733
31922 930 7275 7385 7384 7734
31923 930 7415 7407 7406 7757
31924 930 7415 7407 7406 7758
31925 930 7863 7808 7809 8094
31926 930 7863 7808 7809 8095
31927 930 7853 7823 7822 8112
31928 930 7853 7823 7822 8113
31929 930 7875 7867 7866 8164
31930 930 7875 7867 7866 8165
31931 930 7958 7902 7903 8217
31932 930 7958 7902 7903 8218
31933 930 7948 7917 7916 8235
31934 930 7948 7917 7916 8236
31935 930 7947 7939 7938 8260
31936 930 7947 7939 7938 8261
31937 930 7970 7962 7961 8284
31938 930 7970 7962 7961 8285
31939 930 8053 7997 7998 8337
31940 930 8053 7997 7998 8338
31941 930 8043 8012 8011 8355
31942 930 8043 8012 8011 8356
31943 930 7925 8035 8034 8383
31944 930 7925 8035 8034 8384
31945 930 8065 8057 8056 8407
31946 930 8065 8057 8056 8408
31947 930 8513 8458 8459 8744
31948 930 8513 8458 8459 8745
31949 930 8503 8473 8472 8762
31950 930 8503 8473 8472 8763
31951 930 8525 8517 8516 8814
31952 930 8525 8517 8516 8815
31953 930 8608 8552 8553 8867
31954 930 8608 8552 8553 8868
31955 930 8598 8567 8566 8885
31956 930 8598 8567 8566 8886
31957 930 8597 8589 8588 8910
31958 930 8597 8589 8588 8911
31959 930 8620 8612 8611 8934
31960 930 8620 8612 8611 8935
31961 930 8703 8647 8648 8987
31962 930 8703 8647 8648 8988
31963 930 8693 8662 8661 9005
31964 930 8693 8662 8661 9006
31965 930 8575 8685 8684 9033
31966 930 8575 8685 8684 9034
31967 930 8715 8707 8706 9057
31968 930 8715 8707 8706 9058
31969 930 9163 9108 9109 9394
31970 930 9163 9108 9109 9395
31971 930 9153 9123 9122 9412
31972 930 9153 9123 9122 9413
31973 930 9175 9167 9166 9464
31974 930 9175 9167 9166 9465
31975 930 9258 9202 9203 9517
31976 930 9258 9202 9203 9518
31977 930 9248 9217 9216 9535
31978 930 9248 9217 9216 9536
31979 930 9247 9239 9238 9560
31980 930 9247 9239 9238 9561
31981 930 9270 9262 9261 9584
31982 930 9270 9262 9261 9585
31983 930 9353 9297 9298 9637
31984 930 9353 9297 9298 9638
31985 930 9343 9312 9311 9655
31986 930 9343 9312 9311 9656
31987 930 9225 9335 9334 9683
31988 930 9225 9335 9334 9684
31989 930 9365 9357 9356 9707
31990 930 9365 9357 9356 9708
31991 930 9813 9758 9759 10044
31992 930 9813 9758 9759 10045
31993 930 9803 9773 9772 10062
31994 930 9803 9773 9772 10063
31995 930 9825 9817 9816 10114
31996 930 9825 9817 9816 10115
31997 930 9908 9852 9853 10167
31998 930 9908 9852 9853 10168
31999 930 9898 9867 9866 10185
32000 930 9898 9867 9866 10186
32001 930 9897 9889 9888 10210
32002 930 9897 9889 9888 10211
32003 930 9920 9912 9911 10234
32004 930 9920 9912 9911 10235
32005 930 10003 9947 9948 10287
32006 930 10003 9947 9948 10288
32007 930 9993 9962 9961 10305
32008 930 9993 9962 9961 10306
32009 930 9875 9985 9984 10333
32010 930 9875 9985 9984 10334
32011 930 10015 10007 10006 10357
32012 930 10015 10007 10006 10358
32013 930 10463 10408 10409 10694
32014 930 10463 10408 10409 10695
32015 930 10453 10423 10422 10712
32016 930 10453 10423 10422 10713
32017 930 10475 10467 10466 10764
32018 930 10475 10467 10466 10765
32019 930 10558 10502 10503 10817
32020 930 10558 10502 10503 10818
32021 930 10548 10517 10516 10835
32022 930 10548 10517 10516 10836
32023 930 10547 10539 10538 10860
32024 930 10547 10539 10538 10861
32025 930 10570 10562 10561 10884
32026 930 10570 10562 10561 10885
32027 930 10653 10597 10598 10937
32028 930 10653 10597 10598 10938
32029 930 10643 10612 10611 10955
32030 930 10643 10612 10611 10956
32031 930 10525 10635 10634 10983
32032 930 10525 10635 10634 10984
32033 930 10665 10657 10656 11007
32034 930 10665 10657 10656 11008
32035 930 11113 11058 11059 11344
32036 930 11113 11058 11059 11345
32037 930 11103 11073 11072 11362
32038 930 11103 11073 11072 11363
32039 930 11125 11117 11116 11414
32040 930 11125 11117 11116 11415
32041 930 11208 11152 11153 11467
32042 930 11208 11152 11153 11468
32043 930 11198 11167 11166 11485
32044 930 11198 11167 11166 11486
32045 930 11197 11189 11188 11510
32046 930 11197 11189 11188 11511
32047 930 11220 11212 11211 11534
32048 930 11220 11212 11211 11535
32049 930 11303 11247 11248 11587
32050 930 11303 11247 11248 11588
32051 930 11293 11262 11261 11605
32052 930 11293 11262 11261 11606
32053 930 11175 11285 11284 11633
32054 930 11175 11285 11284 11634
32055 930 11315 11307 11306 11657
32056 930 11315 11307 11306 11658
32057 930 11763 11708 11709 11994
32058 930 11763 11708 11709 11995
32059 930 11753 11723 11722 12012
32060 930 11753 11723 11722 12013
32061 930 11775 11767 11766 12064
32062 930 11775 11767 11766 12065
32063 930 11858 11802 11803 12117
32064 930 11858 11802 11803 12118
32065 930 11848 11817 11816 12135
32066 930 11848 11817 11816 12136
32067 930 11847 11839 11838 12160
32068 930 11847 11839 11838 12161
32069 930 11870 11862 11861 12184
32070 930 11870 11862 11861 12185
32071 930 11953 11897 11898 12237
32072 930 11953 11897 11898 12238
32073 930 11943 11912 11911 12255
32074 930 11943 11912 11911 12256
32075 930 11825 11935 11934 12283
32076 930 11825 11935 11934 12284
32077 930 11965 11957 11956 12307
32078 930 11965 11957 11956 12308
32079 930 12413 12358 12359 12644
32080 930 12413 12358 12359 12645
32081 930 12403 12373 12372 12662
32082 930 12403 12373 12372 12663
32083 930 12425 12417 12416 12714
32084 930 12425 12417 12416 12715
32085 930 12508 12452 12453 12767
32086 930 12508 12452 12453 12768
32087 930 12498 12467 12466 12785
32088 930 12498 12467 12466 12786
32089 930 12497 12489 12488 12810
32090 930 12497 12489 12488 12811
32091 930 12520 12512 12511 12834
32092 930 12520 12512 12511 12835
32093 930 12603 12547 12548 12887
32094 930 12603 12547 12548 12888
32095 930 12593 12562 12561 12905
32096 930 12593 12562 12561 12906
32097 930 12475 12585 12584 12933
32098 930 12475 12585 12584 12934
32099 930 12615 12607 12606 12957
32100 930 12615 12607 12606 12958
32101 930 67 75 20 309
32102 930 139 147 31 322
32103 930 23 53 41 334
32104 930 8 63 64 361
32105 930 162 170 114 432
32106 930 235 125 126 445
32107 930 117 148 136 457
32108 930 102 158 159 481
32109 930 257 265 209 552
32110 930 212 243 232 580
32111 930 197 253 254 604
32112 930 717 725 670 959
32113 930 789 797 681 972
32114 930 673 703 691 984
32115 930 658 713 714 1011
32116 930 812 820 764 1082
32117 930 885 775 776 1095
32118 930 767 798 786 1107
32119 930 752 808 809 1131
32120 930 907 915 859 1202
32121 930 862 893 882 1230
32122 930 847 903 904 1254
32123 930 1367 1375 1320 1609
32124 930 1439 1447 1331 1622
32125 930 1323 1353 1341 1634
32126 930 1308 1363 1364 1661
32127 930 1462 1470 1414 1732
32128 930 1535 1425 1426 1745
32129 930 1417 1448 1436 1757
32130 930 1402 1458 1459 1781
32131 930 1557 1565 1509 1852
32132 930 1512 1543 1532 1880
32133 930 1497 1553 1554 1904
32134 930 2017 2025 1970 2259
32135 930 2089 2097 1981 2272
32136 930 1973 2003 1991 2284
32137 930 1958 2013 2014 2311
32138 930 2112 2120 2064 2382
32139 930 2185 2075 2076 2395
32140 930 2067 2098 2086 2407
32141 930 2052 2108 2109 2431
32142 930 2207 2215 2159 2502
32143 930 2162 2193 2182 2530
32144 930 2147 2203 2204 2554
32145 930 2667 2675 2620 2909
32146 930 2739 2747 2631 2922
32147 930 2623 2653 2641 2934
32148 930 2608 2663 2664 2961
32149 930 2762 2770 2714 3032
32150 930 2835 2725 2726 3045
32151 930 2717 2748 2736 3057
32152 930 2702 2758 2759 3081
32153 930 2857 2865 2809 3152
32154 930 2812 2843 2832 3180
32155 930 2797 2853 2854 3204
32156 930 3317 3325 3270 3559
32157 930 3389 3397 3281 3572
32158 930 3273 3303 3291 3584
32159 930 3258 3313 3314 3611
32160 930 3412 3420 3364 3682
32161 930 3485 3375 3376 3695
32162 930 3367 3398 3386 3707
32163 930 3352 3408 3409 3731
32164 930 3507 3515 3459 3802
32165 930 3462 3493 3482 3830
32166 930 3447 3503 3504 3854
32167 930 3967 3975 3920 4209
32168 930 4039 4047 3931 4222
32169 930 3923 3953 3941 4234
32170 930 3908 3963 3964 4261
32171 930 4062 4070 4014 4332
32172 930 4135 4025 4026 4345
32173 930 4017 4048 4036 4357
32174 930 4002 4058 4059 4381
32175 930 4157 4165 4109 4452
32176 930 4112 4143 4132 4480
32177 930 4097 4153 4154 4504
32178 930 4617 4625 4570 4859
32179 930 4689 4697 4581 4872
32180 930 4573 4603 4591 4884
32181 930 4558 4613 4614 4911
32182 930 4712 4720 4664 4982
32183 930 4785 4675 4676 4995
32184 930 4667 4698 4686 5007
32185 930 4652 4708 4709 5031
32186 930 4807 4815 4759 5102
32187 930 4762 4793 4782 5130
32188 930 4747 4803 4804 5154
32189 930 5267 5275 5220 5509
32190 930 5339 5347 5231 5522
32191 930 5223 5253 5241 5534
32192 930 5208 5263 5264 5561
32193 930 5362 5370 5314 5632
32194 930 5435 5325 5326 5645
32195 930 5317 5348 5336 5657
32196 930 5302 5358 5359 5681
32197 930 5457 5465 5409 5752
32198 930 5412 5443 5432 5780
32199 930 5397 5453 5454 5804
32200 930 5917 5925 5870 6159
32201 930 5989 5997 5881 6172
32202 930 5873 5903 5891 6184
32203 930 5858 5913 5914 6211
32204 930 6012 6020 5964 6282
32205 930 6085 5975 5976 6295
32206 930 5967 5998 5986 6307
32207 930 5952 6008 6009 6331
32208 930 6107 6115 6059 6402
32209 930 6062 6093 6082 6430
32210 930 6047 6103 6104 6454
32211 930 6567 6575 6520 6809
32212 930 6639 6647 6531 6822
32213 930 6523 6553 6541 6834
32214 930 6508 6563 6564 6861
32215 930 6662 6670 6614 6932
32216 930 6735 6625 6626 6945
32217 930 6617 6648 6636 6957
32218 930 6602 6658 6659 6981
32219 930 6757 6765 6709 7052
32220 930 6712 6743 6732 7080
32221 930 6697 6753 6754 7104
32222 930 7217 7225 7170 7459
32223 930 7289 7297 7181 7472
32224 930 7173 7203 7191 7484
32225 930 7158 7213 7214 7511
32226 930 7312 7320 7264 7582
32227 930 7385 7275 7276 7595
32228 930 7267 7298 7286 7607
32229 930 7252 7308 7309 7631
32230 930 7407 7415 7359 7702
32231 930 7362 7393 7382 7730
32232 930 7347 7403 7404 7754
32233 930 7867 7875 7820 8109
32234 930 7939 7947 7831 8122
32235 930 7823 7853 7841 8134
32236 930 7808 7863 7864 8161
32237 930 7962 7970 7914 8232
32238 930 8035 7925 7926 8245
32239 930 7917 7948 7936 8257
32240 930 7902 7958 7959 8281
32241 930 8057 8065 8009 8352
32242 930 8012 8043 8032 8380
32243 930 7997 8053 8054 8404
32244 930 8517 8525 8470 8759
32245 930 8589 8597 8481 8772
32246 930 8473 8503 8491 8784
32247 930 8458 8513 8514 8811
32248 930 8612 8620 8564 8882
32249 930 8685 8575 8576 8895
32250 930 8567 8598 8586 8907
32251 930 8552 8608 8609 8931
32252 930 8707 8715 8659 9002
32253 930 8662 8693 8682 9030
32254 930 8647 8703 8704 9054
32255 930 9167 9175 9120 9409
32256 930 9239 9247 9131 9422
32257 930 9123 9153 9141 9434
32258 930 9108 9163 9164 9461
32259 930 9262 9270 9214 9532
32260 930 9335 9225 9226 9545
32261 930 9217 9248 9236 9557
32262 930 9202 9258 9259 9581
32263 930 9357 9365 9309 9652
32264 930 9312 9343 9332 9680
32265 930 9297 9353 9354 9704
32266 930 9817 9825 9770 10059
32267 930 9889 9897 9781 10072
32268 930 9773 9803 9791 10084
32269 930 9758 9813 9814 10111
32270 930 9912 9920 9864 10182
32271 930 9985 9875 9876 10195
32272 930 9867 9898 9886 10207
32273 930 9852 9908 9909 10231
32274 930 10007 10015 9959 10302
32275 930 9962 9993 9982 10330
32276 930 9947 10003 10004 10354
32277 930 10467 10475 10420 10709
32278 930 10539 10547 10431 10722
32279 930 10423 10453 10441 10734
32280 930 10408 10463 10464 10761
32281 930 10562 10570 10514 10832
32282 930 10635 10525 10526 10845
32283 930 10517 10548 10536 10857
32284 930 10502 10558 10559 10881
32285 930 10657 10665 10609 10952
32286 930 10612 10643 10632 10980
32287 930 10597 10653 10654 11004
32288 930 11117 11125 11070 11359
32289 930 11189 11197 11081 11372
32290 930 11073 11103 11091 11384
32291 930 11058 11113 11114 11411
32292 930 11212 11220 11164 11482
32293 930 11285 11175 11176 11495
32294 930 11167 11198 11186 11507
32295 930 11152 11208 11209 11531
32296 930 11307 11315 11259 11602
32297 930 11262 11293 11282 11630
32298 930 11247 11303 11304 11654
32299 930 11767 11775 11720 12009
32300 930 11839 11847 11731 12022
32301 930 11723 11753 11741 12034
32302 930 11708 11763 11764 12061
32303 930 11862 11870 11814 12132
32304 930 11935 11825 11826 12145
32305 930 11817 11848 11836 12157
32306 930 11802 11858 11859 12181
32307 930 11957 11965 11909 12252
32308 930 11912 11943 11932 12280
32309 930 11897 11953 11954 12304
32310 930 12417 12425 12370 12659
32311 930 12489 12497 12381 12672
32312 930 12373 12403 12391 12684
32313 930 12358 12413 12414 12711
32314 930 12512 12520 12464 12782
32315 930 12585 12475 12476 12795
32316 930 12467 12498 12486 12807
32317 930 12452 12508 12509 12831
32318 930 12607 12615 12559 12902
32319 930 12562 12593 12582 12930
32320 930 12547 12603 12604 12954
32321 1127 16 17 18 29
32322 1127 37 38 39 50
32323 1127 59 60 61 73
32324 1127 110 111 112 123
32325 1127 132 133 134 145
32326 1127 154 155 156 168
32327 1127 205 206 207 218
32328 1127 228 229 230 241
32329 1127 249 250 251 263
32330 1127 666 667 668 679
32331 1127 687 688 689 700
32332 1127 709 710 711 723
32333 1127 760 761 762 773
32334 1127 782 783 784 795
32335 1127 804 805 806 818
32336 1127 855 856 857 868
32337 1127 878 879 880 891
32338 1127 899 900 901 913
32339 1127 1316 1317 1318 1329
32340 1127 1337 1338 1339 1350
32341 1127 1359 1360 1361 1373
32342 1127 1410 1411 1412 1423
32343 1127 1432 1433 1434 1445
32344 1127 1454 1455 1456 1468
32345 1127 1505 1506 1507 1518
32346 1127 1528 1529 1530 1541
32347 1127 1549 1550 1551 1563
32348 1127 1966 1967 1968 1979
32349 1127 1987 1988 1989 2000
32350 1127 2009 2010 2011 2023
32351 1127 2060 2061 2062 2073
32352 1127 2082 2083 2084 2095
32353 1127 2104 2105 2106 2118
32354 1127 2155 2156 2157 2168
32355 1127 2178 2179 2180 2191
32356 1127 2199 2200 2201 2213
32357 1127 2616 2617 2618 2629
32358 1127 2637 2638 2639 2650
32359 1127 2659 2660 2661 2673
32360 1127 2710 2711 2712 2723
32361 1127 2732 2733 2734 2745
32362 1127 2754 2755 2756 2768
32363 1127 2805 2806 2807 2818
32364 1127 2828 2829 2830 2841
32365 1127 2849 2850 2851 2863
32366 1127 3266 3267 3268 3279
32367 1127 3287 3288 3289 3300
32368 1127 3309 3310 3311 3323
32369 1127 3360 3361 3362 3373
32370 1127 3382 3383 3384 3395
32371 1127 3404 3405 3406 3418
32372 1127 3455 3456 3457 3468
32373 1127 3478 3479 3480 3491
32374 1127 3499 3500 3501 3513
32375 1127 3916 3917 3918 3929
32376 1127 3937 3938 3939 3950
32377 1127 3959 3960 3961 3973
32378 1127 4010 4011 4012 4023
32379 1127 4032 4033 4034 4045
32380 1127 4054 4055 4056 4068
32381 1127 4105 4106 4107 4118
32382 1127 4128 4129 4130 4141
32383 1127 4149 4150 4151 4163
32384 1127 4566 4567 4568 4579
32385 1127 4587 4588 4589 4600
32386 1127 4609 4610 4611 4623
32387 1127 4660 4661 4662 4673
32388 1127 4682 4683 4684 4695
32389 1127 4704 4705 4706 4718
32390 1127 4755 4756 4757 4768
32391 1127 4778 4779 4780 4791
32392 1127 4799 4800 4801 4813
32393 1127 5216 5217 5218 5229
32394 1127 5237 5238 5239 5250
32395 1127 5259 5260 5261 5273
32396 1127 5310 5311 5312 5323
32397 1127 5332 5333 5334 5345
32398 1127 5354 5355 5356 5368
32399 1127 5405 5406 5407 5418
32400 1127 5428 5429 5430 5441
32401 1127 5449 5450 5451 5463
32402 1127 5866 5867 5868 5879
32403 1127 5887 5888 5889 5900
32404 1127 5909 5910 5911 5923
32405 1127 5960 5961 5962 5973
32406 1127 5982 5983 5984 5995
32407 1127 6004 6005 6006 6018
32408 1127 6055 6056 6057 6068
32409 1127 6078 6079 6080 6091
32410 1127 6099 6100 6101 6113
32411 1127 6516 6517 6518 6529
32412 1127 6537 6538 6539 6550
32413 1127 6559 6560 6561 6573
32414 1127 6610 6611 6612 6623
32415 1127 6632 6633 6634 6645
32416 1127 6654 6655 6656 6668
32417 1127 6705 6706 6707 6718
32418 1127 6728 6729 6730 6741
32419 1127 6749 6750 6751 6763
32420 1127 7166 7167 7168 7179
32421 1127 7187 7188 7189 7200
32422 1127 7209 7210 7211 7223
32423 1127 7260 7261 7262 7273
32424 1127 7282 7283 7284 7295
32425 1127 7304 7305 7306 7318
32426 1127 7355 7356 7357 7368
32427 1127 7378 7379 7380 7391
32428 1127 7399 7400 7401 7413
32429 1127 7816 7817 7818 7829
32430 1127 7837 7838 7839 7850
32431 1127 7859 7860 7861 7873
32432 1127 7910 7911 7912 7923
32433 1127 7932 7933 7934 7945
32434 1127 7954 7955 7956 7968
32435 1127 8005 8006 8007 8018
32436 1127 8028 8029 8030 8041
32437 1127 8049 8050 8051 8063
32438 1127 8466 8467 8468 8479
32439 1127 8487 8488 8489 8500
32440 1127 8509 8510 8511 8523
32441 1127 8560 8561 8562 8573
32442 1127 8582 8583 8584 8595
32443 1127 8604 8605 8606 8618
32444 1127 8655 8656 8657 8668
32445 1127 8678 8679 8680 8691
32446 1127 8699 8700 8701 8713
32447 1127 9116 9117 9118 9129
32448 1127 9137 9138 9139 9150
32449 1127 9159 9160 9161 9173
32450 1127 9210 9211 9212 9223
32451 1127 9232 9233 9234 9245
32452 1127 9254 9255 9256 9268
32453 1127 9305 9306 9307 9318
32454 1127 9328 9329 9330 9341
32455 1127 9349 9350 9351 9363
32456 1127 9766 9767 9768 9779
32457 1127 9787 9788 9789 9800
32458 1127 9809 9810 9811 9823
32459 1127 9860 9861 9862 9873
32460 1127 9882 9883 9884 9895
32461 1127 9904 9905 9906 9918
32462 1127 9955 9956 9957 9968
32463 1127 9978 9979 9980 9991
32464 1127 9999 10000 10001 10013
32465 1127 10416 10417 10418 10429
32466 1127 10437 10438 10439 10450
32467 1127 10459 10460 10461 10473
32468 1127 10510 10511 10512 10523
32469 1127 10532 10533 10534 10545
32470 1127 10554 10555 10556 10568
32471 1127 10605 10606 10607 10618
32472 1127 10628 10629 10630 10641
32473 1127 10649 10650 10651 10663
32474 1127 11066 11067 11068 11079
32475 1127 11087 11088 11089 11100
32476 1127 11109 11110 11111 11123
32477 1127 11160 11161 11162 11173
32478 1127 11182 11183 11184 11195
32479 1127 11204 11205 11206 11218
32480 1127 11255 11256 11257 11268
32481 1127 11278 11279 11280 11291
32482 1127 11299 11300 11301 11313
32483 1127 11716 11717 11718 11729
32484 1127 11737 11738 11739 11750
32485 1127 11759 11760 11761 11773
32486 1127 11810 11811 11812 11823
32487 1127 11832 11833 11834 11845
32488 1127 11854 11855 11856 11868
32489 1127 11905 11906 11907 11918
32490 1127 11928 11929 11930 11941
32491 1127 11949 11950 11951 11963
32492 1127 12366 12367 12368 12379
32493 1127 12387 12388 12389 12400
32494 1127 12409 12410 12411 12423
32495 1127 12460 12461 12462 12473
32496 1127 12482 12483 12484 12495
32497 1127 12504 12505 12506 12518
32498 1127 12555 12556 12557 12568
32499 1127 12578 12579 12580 12591
32500 1127 12599 12600 12601 12613
32501 1152 1 3 2 285
32502 1152 95 97 96 408
32503 1152 190 192 191 528
32504 1152 651 653 652 935
32505 1152 745 747 746 1058
32506 1152 840 842 841 1178
32507 1152 1301 1303 1302 1585
32508 1152 1395 1397 1396 1708
32509 1152 1490 1492 1491 1828
32510 1152 1951 1953 1952 2235
32511 1152 2045 2047 2046 2358
32512 1152 2140 2142 2141 2478
32513 1152 2601 2603 2602 2885
32514 1152 2695 2697 2696 3008
32515 1152 2790 2792 2791 3128
32516 1152 3251 3253 3252 3535
32517 1152 3345 3347 3346 3658
32518 1152 3440 3442 3441 3778
32519 1152 3901 3903 3902 4185
32520 1152 3995 3997 3996 4308
32521 1152 4090 4092 4091 4428
32522 1152 4551 4553 4552 4835
32523 1152 4645 4647 4646 4958
32524 1152 4740 4742 4741 5078
32525 1152 5201 5203 5202 5485
32526 1152 5295 5297 5296 5608
32527 1152 5390 5392 5391 5728
32528 1152 5851 5853 5852 6135
32529 1152 5945 5947 5946 6258
32530 1152 6040 6042 6041 6378
32531 1152 6501 6503 6502 6785
32532 1152 6595 6597 6596 6908
32533 1152 6690 6692 6691 7028
32534 1152 7151 7153 7152 7435
32535 1152 7245 7247 7246 7558
32536 1152 7340 7342 7341 7678
32537 1152 7801 7803 7802 8085
32538 1152 7895 7897 7896 8208
32539 1152 7990 7992 7991 8328
32540 1152 8451 8453 8452 8735
32541 1152 8545 8547 8546 8858
32542 1152 8640 8642 8641 8978
32543 1152 9101 9103 9102 9385
32544 1152 9195 9197 9196 9508
32545 1152 9290 9292 9291 9628
32546 1152 9751 9753 9752 10035
32547 1152 9845 9847 9846 10158
32548 1152 9940 9942 9941 10278
32549 1152 10401 10403 10402 10685
32550 1152 10495 10497 10496 10808
32551 1152 10590 10592 10591 10928
32552 1152 11051 11053 11052 11335
32553 1152 11145 11147 11146 11458
32554 1152 11240 11242 11241 11578
32555 1152 11701 11703 11702 11985
32556 1152 11795 11797 11796 12108
32557 1152 11890 11892 11891 12228
32558 1152 12351 12353 12352 12635
32559 1152 12445 12447 12446 12758
32560 1152 12540 12542 12541 12878
32561 1155 15 11 16 17
32562 1155 36 32 37 38
32563 1155 58 54 59 60
32564 1155 86 90 89 91
32565 1155 109 105 110 111
32566 1155 131 127 132 133
32567 1155 153 149 154 155
32568 1155 181 185 184 186
32569 1155 204 200 205 206
32570 1155 227 223 228 229
32571 1155 248 244 249 250
32572 1155 276 280 279 281
32573 1155 665 661 666 667
32574 1155 686 682 687 688
32575 1155 708 704 709 710
32576 1155 736 740 739 741
32577 1155 759 755 760 761
32578 1155 781 777 782 783
32579 1155 803 799 804 805
32580 1155 831 835 834 836
32581 1155 854 850 855 856
32582 1155 877 873 878 879
32583 1155 898 894 899 900
32584 1155 926 930 929 931
32585 1155 1315 1311 1316 1317
32586 1155 1336 1332 1337 1338
32587 1155 1358 1354 1359 1360
32588 1155 1386 1390 1389 1391
32589 1155 1409 1405 1410 1411
32590 1155 1431 1427 1432 1433
32591 1155 1453 1449 1454 1455
32592 1155 1481 1485 1484 1486
32593 1155 1504 1500 1505 1506
32594 1155 1527 1523 1528 1529
32595 1155 1548 1544 1549 1550
32596 1155 1576 1580 1579 1581
32597 1155 1965 1961 1966 1967
32598 1155 1986 1982 1987 1988
32599 1155 2008 2004 2009 2010
32600 1155 2036 2040 2039 2041
32601 1155 2059 2055 2060 2061
32602 1155 2081 2077 2082 2083
32603 1155 2103 2099 2104 2105
32604 1155 2131 2135 2134 2136
32605 1155 2154 2150 2155 2156
32606 1155 2177 2173 2178 2179
32607 1155 2198 2194 2199 2200
32608 1155 2226 2230 2229 2231
32609 1155 2615 2611 2616 2617
32610 1155 2636 2632 2637 2638
32611 1155 2658 2654 2659 2660
32612 1155 2686 2690 2689 2691
32613 1155 2709 2705 2710 2711
32614 1155 2731 2727 2732 2733
32615 1155 2753 2749 2754 2755
32616 1155 2781 2785 2784 2786
32617 1155 2804 2800 2805 2806
32618 1155 2827 2823 2828 2829
32619 1155 2848 2844 2849 2850
32620 1155 2876 2880 2879 2881
32621 1155 3265 3261 3266 3267
32622 1155 3286 3282 3287 3288
32623 1155 3308 3304 3309 3310
32624 1155 3336 3340 3339 3341
32625 1155 3359 3355 3360 3361
32626 1155 3381 3377 3382 3383
32627 1155 3403 3399 3404 3405
32628 1155 3431 3435 3434 3436
32629 1155 3454 3450 3455 3456
32630 1155 3477 3473 3478 3479
32631 1155 3498 3494 3499 3500
32632 1155 3526 3530 3529 3531
32633 1155 3915 3911 3916 3917
32634 1155 3936 3932 3937 3938
32635 1155 3958 3954 3959 3960
32636 1155 3986 3990 3989 3991
32637 1155 4009 4005 4010 4011
32638 1155 4031 4027 4032 4033
32639 1155 4053 4049 4054 4055
32640 1155 4081 4085 4084 4086
32641 1155 4104 4100 4105 4106
32642 1155 4127 4123 4128 4129
32643 1155 4148 4144 4149 4150
32644 1155 4176 4180 4179 4181
32645 1155 4565 4561 4566 4567
32646 1155 4586 4582 4587 4588
32647 1155 4608 4604 4609 4610
32648 1155 4636 4640 4639 4641
32649 1155 4659 4655 4660 4661
32650 1155 4681 4677 4682 4683
32651 1155 4703 4699 4704 4705
32652 1155 4731 4735 4734 4736
32653 1155 4754 4750 4755 4756
32654 1155 4777 4773 4778 4779
32655 1155 4798 4794 4799 4800
32656 1155 4826 4830 4829 4831
32657 1155 5215 5211 5216 5217
32658 1155 5236 5232 5237 5238
32659 1155 5258 5254 5259 5260
32660 1155 5286 5290 5289 5291
32661 1155 5309 5305 5310 5311
32662 1155 5331 5327 5332 5333
32663 1155 5353 5349 5354 5355
32664 1155 5381 5385 5384 5386
32665 1155 5404 5400 5405 5406
32666 1155 5427 5423 5428 5429
32667 1155 5448 5444 5449 5450
32668 1155 5476 5480 5479 5481
32669 1155 5865 5861 5866 5867
32670 1155 5886 5882 5887 5888
32671 1155 5908 5904 5909 5910
32672 1155 5936 5940 5939 5941
32673 1155 5959 5955 5960 5961
32674 1155 5981 5977 5982 5983
32675 1155 6003 5999 6004 6005
32676 1155 6031 6035 6034 6036
32677 1155 6054 6050 6055 6056
32678 1155 6077 6073 6078 6079
32679 1155 6098 6094 6099 6100
32680 1155 6126 6130 6129 6131
32681 1155 6515 6511 6516 6517
32682 1155 6536 6532 6537 6538
32683 1155 6558 6554 6559 6560
32684 1155 6586 6590 6589 6591
32685 1155 6609 6605 6610 6611
32686 1155 6631 6627 6632 6633
32687 1155 6653 6649 6654 6655
32688 1155 6681 6685 6684 6686
32689 1155 6704 6700 6705 6706
32690 1155 6727 6723 6728 6729
32691 1155 6748 6744 6749 6750
32692 1155 6776 6780 6779 6781
32693 1155 7165 7161 7166 7167
32694 1155 7186 7182 7187 7188
32695 1155 7208 7204 7209 7210
32696 1155 7236 7240 7239 7241
32697 1155 7259 7255 7260 7261
32698 1155 7281 7277 7282 7283
32699 1155 7303 7299 7304 7305
32700 1155 7331 7335 7334 7336
32701 1155 7354 7350 7355 7356
32702 1155 7377 7373 7378 7379
32703 1155 7398 7394 7399 7400
32704 1155 7426 7430 7429 7431
32705 1155 7815 7811 7816 7817
32706 1155 7836 7832 7837 7838
32707 1155 7858 7854 7859 7860
32708 1155 7886 7890 7889 7891
32709 1155 7909 7905 7910 7911
32710 1155 7931 7927 7932 7933
32711 1155 7953 7949 7954 7955
32712 1155 7981 7985 7984 7986
32713 1155 8004 8000 8005 8006
32714 1155 8027 8023 8028 8029
32715 1155 8048 8044 8049 8050
32716 1155 8076 8080 8079 8081
32717 1155 8465 8461 8466 8467
32718 1155 8486 8482 8487 8488
32719 1155 8508 8504 8509 8510
32720 1155 8536 8540 8539 8541
32721 1155 8559 8555 8560 8561
32722 1155 8581 8577 8582 8583
32723 1155 8603 8599 8604 8605
32724 1155 8631 8635 8634 8636
32725 1155 8654 8650 8655 8656
32726 1155 8677 8673 8678 8679
32727 1155 8698 8694 8699 8700
32728 1155 8726 8730 8729 8731
32729 1155 9115 9111 9116 9117
32730 1155 9136 9132 9137 9138
32731 1155 9158 9154 9159 9160
32732 1155 9186 9190 9189 9191
32733 1155 9209 9205 9210 9211
32734 1155 9231 9227 9232 9233
32735 1155 9253 9249 9254 9255
32736 1155 9281 9285 9284 9286
32737 1155 9304 9300 9305 9306
32738 1155 9327 9323 9328 9329
32739 1155 9348 9344 9349 9350
32740 1155 9376 9380 9379 9381
32741 1155 9765 9761 9766 9767
32742 1155 9786 9782 9787 9788
32743 1155 9808 9804 9809 9810
32744 1155 9836 9840 9839 9841
32745 1155 9859 9855 9860 9861
32746 1155 9881 9877 9882 9883
32747 1155 9903 9899 9904 9905
32748 1155 9931 9935 9934 9936
32749 1155 9954 9950 9955 9956
32750 1155 9977 9973 9978 9979
32751 1155 9998 9994 9999 10000
32752 1155 10026 10030 10029 10031
32753 1155 10415 10411 10416 10417
32754 1155 10436 10432 10437 10438
32755 1155 10458 10454 10459 10460
32756 1155 10486 10490 10489 10491
32757 1155 10509 10505 10510 10511
32758 1155 10531 10527 10532 10533
32759 1155 10553 10549 10554 10555
32760 1155 10581 10585 10584 10586
32761 1155 10604 10600 10605 10606
32762 1155 10627 10623 10628 10629
32763 1155 10648 10644 10649 10650
32764 1155 10676 10680 10679 10681
32765 1155 11065 11061 11066 11067
32766 1155 11086 11082 11087 11088
32767 1155 11108 11104 11109 11110
32768 1155 11136 11140 11139 11141
32769 1155 11159 11155 11160 11161
32770 1155 11181 11177 11182 11183
32771 1155 11203 11199 11204 11205
32772 1155 11231 11235 11234 11236
32773 1155 11254 11250 11255 11256
32774 1155 11277 11273 11278 11279
32775 1155 11298 11294 11299 11300
32776 1155 11326 11330 11329 11331
32777 1155 11715 11711 11716 11717
32778 1155 11736 11732 11737 11738
32779 1155 11758 11754 11759 11760
32780 1155 11786 11790 11789 11791
32781 1155 11809 11805 11810 11811
32782 1155 11831 11827 11832 11833
32783 1155 11853 11849 11854 11855
32784 1155 11881 11885 11884 11886
32785 1155 11904 11900 11905 11906
32786 1155 11927 11923 11928 11929
32787 1155 11948 11944 11949 11950
32788 1155 11976 11980 11979 11981
32789 1155 12365 12361 12366 12367
32790 1155 12386 12382 12387 12388
32791 1155 12408 12404 12409 12410
32792 1155 12436 12440 12439 12441
32793 1155 12459 12455 12460 12461
32794 1155 12481 12477 12482 12483
32795 1155 12503 12499 12504 12505
32796 1155 12531 12535 12534 12536
32797 1155 12554 12550 12555 12556
32798 1155 12577 12573 12578 12579
32799 1155 12598 12594 12599 12600
32800 1155 12626 12630 12629 12631
32801 1155 18 29 28 30
32802 1155 39 50 49 51
32803 1155 61 73 72 74
32804 1155 112 123 122 124
32805 1155 134 145 144 146
32806 1155 156 168 167 169
32807 1155 207 218 217 219
32808 1155 230 241 240 242
32809 1155 251 263 262 264
32810 1155 668 679 678 680
32811 1155 689 700 699 701
32812 1155 711 723 722 724
32813 1155 762 773 772 774
32814 1155 784 795 794 796
32815 1155 806 818 817 819
32816 1155 857 868 867 869
32817 1155 880 891 890 892
32818 1155 901 913 912 914
32819 1155 1318 1329 1328 1330
32820 1155 1339 1350 1349 1351
32821 1155 1361 1373 1372 1374
32822 1155 1412 1423 1422 1424
32823 1155 1434 1445 1444 1446
32824 1155 1456 1468 1467 1469
32825 1155 1507 1518 1517 1519
32826 1155 1530 1541 1540 1542
32827 1155 1551 1563 1562 1564
32828 1155 1968 1979 1978 1980
32829 1155 1989 2000 1999 2001
32830 1155 2011 2023 2022 2024
32831 1155 2062 2073 2072 2074
32832 1155 2084 2095 2094 2096
32833 1155 2106 2118 2117 2119
32834 1155 2157 2168 2167 2169
32835 1155 2180 2191 2190 2192
32836 1155 2201 2213 2212 2214
32837 1155 2618 2629 2628 2630
32838 1155 2639 2650 2649 2651
32839 1155 2661 2673 2672 2674
32840 1155 2712 2723 2722 2724
32841 1155 2734 2745 2744 2746
32842 1155 2756 2768 2767 2769
32843 1155 2807 2818 2817 2819
32844 1155 2830 2841 2840 2842
32845 1155 2851 2863 2862 2864
32846 1155 3268 3279 3278 3280
32847 1155 3289 3300 3299 3301
32848 1155 3311 3323 3322 3324
32849 1155 3362 3373 3372 3374
32850 1155 3384 3395 3394 3396
32851 1155 3406 3418 3417 3419
32852 1155 3457 3468 3467 3469
32853 1155 3480 3491 3490 3492
32854 1155 3501 3513 3512 3514
32855 1155 3918 3929 3928 3930
32856 1155 3939 3950 3949 3951
32857 1155 3961 3973 3972 3974
32858 1155 4012 4023 4022 4024
32859 1155 4034 4045 4044 4046
32860 1155 4056 4068 4067 4069
32861 1155 4107 4118 4117 4119
32862 1155 4130 4141 4140 4142
32863 1155 4151 4163 4162 4164
32864 1155 4568 4579 4578 4580
32865 1155 4589 4600 4599 4601
32866 1155 4611 4623 4622 4624
32867 1155 4662 4673 4672 4674
32868 1155 4684 4695 4694 4696
32869 1155 4706 4718 4717 4719
32870 1155 4757 4768 4767 4769
32871 1155 4780 4791 4790 4792
32872 1155 4801 4813 4812 4814
32873 1155 5218 5229 5228 5230
32874 1155 5239 5250 5249 5251
32875 1155 5261 5273 5272 5274
32876 1155 5312 5323 5322 5324
32877 1155 5334 5345 5344 5346
32878 1155 5356 5368 5367 5369
32879 1155 5407 5418 5417 5419
32880 1155 5430 5441 5440 5442
32881 1155 5451 5463 5462 5464
32882 1155 5868 5879 5878 5880
32883 1155 5889 5900 5899 5901
32884 1155 5911 5923 5922 5924
32885 1155 5962 5973 5972 5974
32886 1155 5984 5995 5994 5996
32887 1155 6006 6018 6017 6019
32888 1155 6057 6068 6067 6069
32889 1155 6080 6091 6090 6092
32890 1155 6101 6113 6112 6114
32891 1155 6518 6529 6528 6530
32892 1155 6539 6550 6549 6551
32893 1155 6561 6573 6572 6574
32894 1155 6612 6623 6622 6624
32895 1155 6634 6645 6644 6646
32896 1155 6656 6668 6667 6669
32897 1155 6707 6718 6717 6719
32898 1155 6730 6741 6740 6742
32899 1155 6751 6763 6762 6764
32900 1155 7168 7179 7178 7180
32901 1155 7189 7200 7199 7201
32902 1155 7211 7223 7222 7224
32903 1155 7262 7273 7272 7274
32904 1155 7284 7295 7294 7296
32905 1155 7306 7318 7317 7319
32906 1155 7357 7368 7367 7369
32907 1155 7380 7391 7390 7392
32908 1155 7401 7413 7412 7414
32909 1155 7818 7829 7828 7830
32910 1155 7839 7850 7849 7851
32911 1155 7861 7873 7872 7874
32912 1155 7912 7923 7922 7924
32913 1155 7934 7945 7944 7946
32914 1155 7956 7968 7967 7969
32915 1155 8007 8018 8017 8019
32916 1155 8030 8041 8040 8042
32917 1155 8051 8063 8062 8064
32918 1155 8468 8479 8478 8480
32919 1155 8489 8500 8499 8501
32920 1155 8511 8523 8522 8524
32921 1155 8562 8573 8572 8574
32922 1155 8584 8595 8594 8596
32923 1155 8606 8618 8617 8619
32924 1155 8657 8668 8667 8669
32925 1155 8680 8691 8690 8692
32926 1155 8701 8713 8712 8714
32927 1155 9118 9129 9128 9130
32928 1155 9139 9150 9149 9151
32929 1155 9161 9173 9172 9174
32930 1155 9212 9223 9222 9224
32931 1155 9234 9245 9244 9246
32932 1155 9256 9268 9267 9269
32933 1155 9307 9318 9317 9319
32934 1155 9330 9341 9340 9342
32935 1155 9351 9363 9362 9364
32936 1155 9768 9779 9778 9780
32937 1155 9789 9800 9799 9801
32938 1155 9811 9823 9822 9824
32939 1155 9862 9873 9872 9874
32940 1155 9884 9895 9894 9896
32941 1155 9906 9918 9917 9919
32942 1155 9957 9968 9967 9969
32943 1155 9980 9991 9990 9992
32944 1155 10001 10013 10012 10014
32945 1155 10418 10429 10428 10430
32946 1155 10439 10450 10449 10451
32947 1155 10461 10473 10472 10474
32948 1155 10512 10523 10522 10524
32949 1155 10534 10545 10544 10546
32950 1155 10556 10568 10567 10569
32951 1155 10607 10618 10617 10619
32952 1155 10630 10641 10640 10642
32953 1155 10651 10663 10662 10664
32954 1155 11068 11079 11078 11080
32955 1155 11089 11100 11099 11101
32956 1155 11111 11123 11122 11124
32957 1155 11162 11173 11172 11174
32958 1155 11184 11195 11194 11196
32959 1155 11206 11218 11217 11219
32960 1155 11257 11268 11267 11269
32961 1155 11280 11291 11290 11292
32962 1155 11301 11313 11312 11314
32963 1155 11718 11729 11728 11730
32964 1155 11739 11750 11749 11751
32965 1155 11761 11773 11772 11774
32966 1155 11812 11823 11822 11824
32967 1155 11834 11845 11844 11846
32968 1155 11856 11868 11867 11869
32969 1155 11907 11918 11917 11919
32970 1155 11930 11941 11940 11942
32971 1155 11951 11963 11962 11964
32972 1155 12368 12379 12378 12380
32973 1155 12389 12400 12399 12401
32974 1155 12411 12423 12422 12424
32975 1155 12462 12473 12472 12474
32976 1155 12484 12495 12494 12496
32977 1155 12506 12518 12517 12519
32978 1155 12557 12568 12567 12569
32979 1155 12580 12591 12590 12592
32980 1155 12601 12613 12612 12614
