1 346 1 3
2 344 2 3
3 386 2 285
4 328 3 4
5 222 4 5
6 227 4 286
7 227 4 287
8 222 5 6
9 227 5 288
10 227 5 289
11 222 6 7
12 227 6 290
13 227 6 291
14 222 7 31
15 227 7 292
16 227 7 293
17 247 8 9
18 458 8 63
19 222 9 10
20 227 9 294
21 227 9 295
22 222 10 31
23 227 10 296
24 227 10 297
25 328 11 12
26 346 11 15
27 345 11 16
28 222 12 13
29 222 12 14
30 222 12 94
31 222 13 93
32 227 13 298
33 227 13 299
34 227 14 300
35 227 14 301
36 227 14 302
37 243 16 17
38 222 17 18
39 227 17 303
40 227 17 304
41 222 18 19
42 243 18 29
43 227 18 305
44 227 19 306
45 227 19 307
46 227 19 308
47 222 20 21
48 222 20 24
49 247 20 75
50 227 20 309
51 222 21 22
52 227 21 310
53 227 21 311
54 247 22 23
55 227 22 312
56 227 22 313
57 458 23 53
58 222 24 25
59 227 24 314
60 227 24 315
61 222 25 26
62 227 25 316
63 227 25 317
64 222 26 27
65 227 26 318
66 227 26 319
67 328 27 28
68 227 27 320
69 227 27 321
70 345 28 29
71 346 28 30
72 247 31 147
73 227 31 322
74 327 32 33
75 346 32 36
76 345 32 37
77 152 33 34
78 153 33 35
79 160 34 323
80 160 34 324
81 227 35 325
82 227 35 326
83 227 35 327
84 243 37 38
85 222 38 39
86 227 38 328
87 227 38 329
88 222 39 40
89 243 39 50
90 227 39 330
91 227 40 331
92 227 40 332
93 227 40 333
94 222 41 42
95 222 41 45
96 247 41 53
97 227 41 334
98 222 42 43
99 227 42 335
100 227 42 336
101 247 43 44
102 227 43 337
103 227 43 338
104 247 44 52
105 222 45 46
106 227 45 339
107 227 45 340
108 222 46 47
109 227 46 341
110 227 46 342
111 222 47 48
112 227 47 343
113 227 47 344
114 328 48 49
115 227 48 345
116 227 48 346
117 345 49 50
118 346 49 51
119 227 52 347
120 227 52 348
121 227 52 349
122 327 54 55
123 346 54 58
124 345 54 59
125 152 55 56
126 153 55 57
127 160 56 350
128 160 56 351
129 227 57 352
130 227 57 353
131 227 57 354
132 243 59 60
133 222 60 61
134 227 60 355
135 227 60 356
136 222 61 62
137 243 61 73
138 227 61 357
139 227 62 358
140 227 62 359
141 227 62 360
142 247 63 64
143 222 64 65
144 222 64 68
145 227 64 361
146 222 65 66
147 227 65 362
148 227 65 363
149 247 66 67
150 227 66 364
151 227 66 365
152 458 67 75
153 222 68 69
154 227 68 366
155 227 68 367
156 222 69 70
157 227 69 368
158 227 69 369
159 222 70 71
160 227 70 370
161 227 70 371
162 328 71 72
163 227 71 372
164 227 71 373
165 345 72 73
166 346 72 74
167 222 76 77
168 222 76 87
169 227 76 374
170 227 76 375
171 222 77 78
172 227 77 376
173 227 77 377
174 222 78 79
175 227 78 378
176 227 78 379
177 222 79 80
178 227 79 380
179 227 79 381
180 222 80 81
181 227 80 382
182 227 80 383
183 222 81 82
184 227 81 384
185 227 81 385
186 222 82 83
187 227 82 386
188 227 82 387
189 222 83 84
190 227 83 388
191 227 83 389
192 222 84 85
193 227 84 390
194 227 84 391
195 222 85 86
196 227 85 392
197 227 85 393
198 243 86 90
199 227 86 394
200 227 86 395
201 227 87 396
202 227 87 397
203 227 87 398
204 328 88 89
205 222 88 92
206 222 88 93
207 227 88 399
208 345 89 90
209 346 89 91
210 227 92 400
211 227 92 401
212 227 92 402
213 227 93 403
214 227 93 404
215 227 94 405
216 227 94 406
217 227 94 407
218 346 95 97
219 344 96 97
220 386 96 408
221 328 97 98
222 222 98 99
223 227 98 409
224 227 98 410
225 222 99 100
226 227 99 411
227 227 99 412
228 222 100 101
229 227 100 413
230 227 100 414
231 222 101 126
232 227 101 415
233 227 101 416
234 247 102 103
235 458 102 158
236 222 103 104
237 227 103 417
238 227 103 418
239 222 104 126
240 227 104 419
241 227 104 420
242 328 105 106
243 346 105 109
244 345 105 110
245 222 106 107
246 222 106 108
247 222 106 189
248 222 107 188
249 227 107 421
250 227 107 422
251 227 108 423
252 227 108 424
253 227 108 425
254 243 110 111
255 222 111 112
256 227 111 426
257 227 111 427
258 222 112 113
259 243 112 123
260 227 112 428
261 227 113 429
262 227 113 430
263 227 113 431
264 222 114 115
265 222 114 118
266 247 114 170
267 227 114 432
268 222 115 116
269 227 115 433
270 227 115 434
271 247 116 117
272 227 116 435
273 227 116 436
274 458 117 148
275 222 118 119
276 227 118 437
277 227 118 438
278 222 119 120
279 227 119 439
280 227 119 440
281 222 120 121
282 227 120 441
283 227 120 442
284 328 121 122
285 227 121 443
286 227 121 444
287 345 122 123
288 346 122 124
289 247 125 126
290 458 125 235
291 227 126 445
292 327 127 128
293 346 127 131
294 345 127 132
295 152 128 129
296 153 128 130
297 160 129 446
298 160 129 447
299 227 130 448
300 227 130 449
301 227 130 450
302 243 132 133
303 222 133 134
304 227 133 451
305 227 133 452
306 222 134 135
307 243 134 145
308 227 134 453
309 227 135 454
310 227 135 455
311 227 135 456
312 222 136 137
313 222 136 140
314 247 136 148
315 227 136 457
316 222 137 138
317 227 137 458
318 227 137 459
319 247 138 139
320 227 138 460
321 227 138 461
322 458 139 147
323 222 140 141
324 227 140 462
325 227 140 463
326 222 141 142
327 227 141 464
328 227 141 465
329 222 142 143
330 227 142 466
331 227 142 467
332 328 143 144
333 227 143 468
334 227 143 469
335 345 144 145
336 346 144 146
337 327 149 150
338 346 149 153
339 345 149 154
340 152 150 151
341 153 150 152
342 160 151 470
343 160 151 471
344 227 152 472
345 227 152 473
346 227 152 474
347 243 154 155
348 222 155 156
349 227 155 475
350 227 155 476
351 222 156 157
352 243 156 168
353 227 156 477
354 227 157 478
355 227 157 479
356 227 157 480
357 247 158 159
358 222 159 160
359 222 159 163
360 227 159 481
361 222 160 161
362 227 160 482
363 227 160 483
364 247 161 162
365 227 161 484
366 227 161 485
367 458 162 170
368 222 163 164
369 227 163 486
370 227 163 487
371 222 164 165
372 227 164 488
373 227 164 489
374 222 165 166
375 227 165 490
376 227 165 491
377 328 166 167
378 227 166 492
379 227 166 493
380 345 167 168
381 346 167 169
382 222 171 172
383 222 171 182
384 227 171 494
385 227 171 495
386 222 172 173
387 227 172 496
388 227 172 497
389 222 173 174
390 227 173 498
391 227 173 499
392 222 174 175
393 227 174 500
394 227 174 501
395 222 175 176
396 227 175 502
397 227 175 503
398 222 176 177
399 227 176 504
400 227 176 505
401 222 177 178
402 227 177 506
403 227 177 507
404 222 178 179
405 227 178 508
406 227 178 509
407 222 179 180
408 227 179 510
409 227 179 511
410 222 180 181
411 227 180 512
412 227 180 513
413 243 181 185
414 227 181 514
415 227 181 515
416 227 182 516
417 227 182 517
418 227 182 518
419 328 183 184
420 222 183 187
421 222 183 188
422 227 183 519
423 345 184 185
424 346 184 186
425 227 187 520
426 227 187 521
427 227 187 522
428 227 188 523
429 227 188 524
430 227 189 525
431 227 189 526
432 227 189 527
433 346 190 192
434 344 191 192
435 386 191 528
436 328 192 193
437 222 193 194
438 227 193 529
439 227 193 530
440 222 194 195
441 227 194 531
442 227 194 532
443 222 195 196
444 227 195 533
445 227 195 534
446 222 196 221
447 227 196 535
448 227 196 536
449 247 197 198
450 458 197 253
451 222 198 199
452 227 198 537
453 227 198 538
454 222 199 221
455 227 199 539
456 227 199 540
457 328 200 201
458 346 200 204
459 345 200 205
460 222 201 202
461 222 201 203
462 222 201 284
463 222 202 283
464 227 202 541
465 227 202 542
466 227 203 543
467 227 203 544
468 227 203 545
469 243 205 206
470 222 206 207
471 227 206 546
472 227 206 547
473 222 207 208
474 243 207 218
475 227 207 548
476 227 208 549
477 227 208 550
478 227 208 551
479 222 209 210
480 222 209 213
481 247 209 265
482 227 209 552
483 222 210 211
484 227 210 553
485 227 210 554
486 247 211 212
487 227 211 555
488 227 211 556
489 458 212 243
490 222 213 214
491 227 213 557
492 227 213 558
493 222 214 215
494 227 214 559
495 227 214 560
496 222 215 216
497 227 215 561
498 227 215 562
499 328 216 217
500 227 216 563
501 227 216 564
502 345 217 218
503 346 217 219
504 247 220 221
505 247 220 222
506 227 221 565
507 227 222 566
508 227 222 567
509 227 222 568
510 327 223 224
511 346 223 227
512 345 223 228
513 152 224 225
514 153 224 226
515 160 225 569
516 160 225 570
517 227 226 571
518 227 226 572
519 227 226 573
520 243 228 229
521 222 229 230
522 227 229 574
523 227 229 575
524 222 230 231
525 243 230 241
526 227 230 576
527 227 231 577
528 227 231 578
529 227 231 579
530 222 232 233
531 222 232 236
532 247 232 243
533 227 232 580
534 222 233 234
535 227 233 581
536 227 233 582
537 247 234 235
538 227 234 583
539 227 234 584
540 222 236 237
541 227 236 585
542 227 236 586
543 222 237 238
544 227 237 587
545 227 237 588
546 222 238 239
547 227 238 589
548 227 238 590
549 328 239 240
550 227 239 591
551 227 239 592
552 345 240 241
553 346 240 242
554 327 244 245
555 346 244 248
556 345 244 249
557 152 245 246
558 153 245 247
559 160 246 593
560 160 246 594
561 227 247 595
562 227 247 596
563 227 247 597
564 243 249 250
565 222 250 251
566 227 250 598
567 227 250 599
568 222 251 252
569 243 251 263
570 227 251 600
571 227 252 601
572 227 252 602
573 227 252 603
574 247 253 254
575 222 254 255
576 222 254 258
577 227 254 604
578 222 255 256
579 227 255 605
580 227 255 606
581 247 256 257
582 227 256 607
583 227 256 608
584 458 257 265
585 222 258 259
586 227 258 609
587 227 258 610
588 222 259 260
589 227 259 611
590 227 259 612
591 222 260 261
592 227 260 613
593 227 260 614
594 328 261 262
595 227 261 615
596 227 261 616
597 345 262 263
598 346 262 264
599 222 266 267
600 222 266 277
601 227 266 617
602 227 266 618
603 222 267 268
604 227 267 619
605 227 267 620
606 222 268 269
607 227 268 621
608 227 268 622
609 222 269 270
610 227 269 623
611 227 269 624
612 222 270 271
613 227 270 625
614 227 270 626
615 222 271 272
616 227 271 627
617 227 271 628
618 222 272 273
619 227 272 629
620 227 272 630
621 222 273 274
622 227 273 631
623 227 273 632
624 222 274 275
625 227 274 633
626 227 274 634
627 222 275 276
628 227 275 635
629 227 275 636
630 243 276 280
631 227 276 637
632 227 276 638
633 227 277 639
634 227 277 640
635 227 277 641
636 328 278 279
637 222 278 282
638 222 278 283
639 227 278 642
640 345 279 280
641 346 279 281
642 227 282 643
643 227 282 644
644 227 282 645
645 227 283 646
646 227 283 647
647 227 284 648
648 227 284 649
649 227 284 650
650 346 651 653
651 344 652 653
652 386 652 935
653 328 653 654
654 222 654 655
655 227 654 936
656 227 654 937
657 222 655 656
658 227 655 938
659 227 655 939
660 222 656 657
661 227 656 940
662 227 656 941
663 222 657 681
664 227 657 942
665 227 657 943
666 247 658 659
667 458 658 713
668 222 659 660
669 227 659 944
670 227 659 945
671 222 660 681
672 227 660 946
673 227 660 947
674 328 661 662
675 346 661 665
676 345 661 666
677 222 662 663
678 222 662 664
679 222 662 744
680 222 663 743
681 227 663 948
682 227 663 949
683 227 664 950
684 227 664 951
685 227 664 952
686 243 666 667
687 222 667 668
688 227 667 953
689 227 667 954
690 222 668 669
691 243 668 679
692 227 668 955
693 227 669 956
694 227 669 957
695 227 669 958
696 222 670 671
697 222 670 674
698 247 670 725
699 227 670 959
700 222 671 672
701 227 671 960
702 227 671 961
703 247 672 673
704 227 672 962
705 227 672 963
706 458 673 703
707 222 674 675
708 227 674 964
709 227 674 965
710 222 675 676
711 227 675 966
712 227 675 967
713 222 676 677
714 227 676 968
715 227 676 969
716 328 677 678
717 227 677 970
718 227 677 971
719 345 678 679
720 346 678 680
721 247 681 797
722 227 681 972
723 327 682 683
724 346 682 686
725 345 682 687
726 152 683 684
727 153 683 685
728 160 684 973
729 160 684 974
730 227 685 975
731 227 685 976
732 227 685 977
733 243 687 688
734 222 688 689
735 227 688 978
736 227 688 979
737 222 689 690
738 243 689 700
739 227 689 980
740 227 690 981
741 227 690 982
742 227 690 983
743 222 691 692
744 222 691 695
745 247 691 703
746 227 691 984
747 222 692 693
748 227 692 985
749 227 692 986
750 247 693 694
751 227 693 987
752 227 693 988
753 247 694 702
754 222 695 696
755 227 695 989
756 227 695 990
757 222 696 697
758 227 696 991
759 227 696 992
760 222 697 698
761 227 697 993
762 227 697 994
763 328 698 699
764 227 698 995
765 227 698 996
766 345 699 700
767 346 699 701
768 227 702 997
769 227 702 998
770 227 702 999
771 327 704 705
772 346 704 708
773 345 704 709
774 152 705 706
775 153 705 707
776 160 706 1000
777 160 706 1001
778 227 707 1002
779 227 707 1003
780 227 707 1004
781 243 709 710
782 222 710 711
783 227 710 1005
784 227 710 1006
785 222 711 712
786 243 711 723
787 227 711 1007
788 227 712 1008
789 227 712 1009
790 227 712 1010
791 247 713 714
792 222 714 715
793 222 714 718
794 227 714 1011
795 222 715 716
796 227 715 1012
797 227 715 1013
798 247 716 717
799 227 716 1014
800 227 716 1015
801 458 717 725
802 222 718 719
803 227 718 1016
804 227 718 1017
805 222 719 720
806 227 719 1018
807 227 719 1019
808 222 720 721
809 227 720 1020
810 227 720 1021
811 328 721 722
812 227 721 1022
813 227 721 1023
814 345 722 723
815 346 722 724
816 222 726 727
817 222 726 737
818 227 726 1024
819 227 726 1025
820 222 727 728
821 227 727 1026
822 227 727 1027
823 222 728 729
824 227 728 1028
825 227 728 1029
826 222 729 730
827 227 729 1030
828 227 729 1031
829 222 730 731
830 227 730 1032
831 227 730 1033
832 222 731 732
833 227 731 1034
834 227 731 1035
835 222 732 733
836 227 732 1036
837 227 732 1037
838 222 733 734
839 227 733 1038
840 227 733 1039
841 222 734 735
842 227 734 1040
843 227 734 1041
844 222 735 736
845 227 735 1042
846 227 735 1043
847 243 736 740
848 227 736 1044
849 227 736 1045
850 227 737 1046
851 227 737 1047
852 227 737 1048
853 328 738 739
854 222 738 742
855 222 738 743
856 227 738 1049
857 345 739 740
858 346 739 741
859 227 742 1050
860 227 742 1051
861 227 742 1052
862 227 743 1053
863 227 743 1054
864 227 744 1055
865 227 744 1056
866 227 744 1057
867 346 745 747
868 344 746 747
869 386 746 1058
870 328 747 748
871 222 748 749
872 227 748 1059
873 227 748 1060
874 222 749 750
875 227 749 1061
876 227 749 1062
877 222 750 751
878 227 750 1063
879 227 750 1064
880 222 751 776
881 227 751 1065
882 227 751 1066
883 247 752 753
884 458 752 808
885 222 753 754
886 227 753 1067
887 227 753 1068
888 222 754 776
889 227 754 1069
890 227 754 1070
891 328 755 756
892 346 755 759
893 345 755 760
894 222 756 757
895 222 756 758
896 222 756 839
897 222 757 838
898 227 757 1071
899 227 757 1072
900 227 758 1073
901 227 758 1074
902 227 758 1075
903 243 760 761
904 222 761 762
905 227 761 1076
906 227 761 1077
907 222 762 763
908 243 762 773
909 227 762 1078
910 227 763 1079
911 227 763 1080
912 227 763 1081
913 222 764 765
914 222 764 768
915 247 764 820
916 227 764 1082
917 222 765 766
918 227 765 1083
919 227 765 1084
920 247 766 767
921 227 766 1085
922 227 766 1086
923 458 767 798
924 222 768 769
925 227 768 1087
926 227 768 1088
927 222 769 770
928 227 769 1089
929 227 769 1090
930 222 770 771
931 227 770 1091
932 227 770 1092
933 328 771 772
934 227 771 1093
935 227 771 1094
936 345 772 773
937 346 772 774
938 247 775 776
939 458 775 885
940 227 776 1095
941 327 777 778
942 346 777 781
943 345 777 782
944 152 778 779
945 153 778 780
946 160 779 1096
947 160 779 1097
948 227 780 1098
949 227 780 1099
950 227 780 1100
951 243 782 783
952 222 783 784
953 227 783 1101
954 227 783 1102
955 222 784 785
956 243 784 795
957 227 784 1103
958 227 785 1104
959 227 785 1105
960 227 785 1106
961 222 786 787
962 222 786 790
963 247 786 798
964 227 786 1107
965 222 787 788
966 227 787 1108
967 227 787 1109
968 247 788 789
969 227 788 1110
970 227 788 1111
971 458 789 797
972 222 790 791
973 227 790 1112
974 227 790 1113
975 222 791 792
976 227 791 1114
977 227 791 1115
978 222 792 793
979 227 792 1116
980 227 792 1117
981 328 793 794
982 227 793 1118
983 227 793 1119
984 345 794 795
985 346 794 796
986 327 799 800
987 346 799 803
988 345 799 804
989 152 800 801
990 153 800 802
991 160 801 1120
992 160 801 1121
993 227 802 1122
994 227 802 1123
995 227 802 1124
996 243 804 805
997 222 805 806
998 227 805 1125
999 227 805 1126
1000 222 806 807
1001 243 806 818
1002 227 806 1127
1003 227 807 1128
1004 227 807 1129
1005 227 807 1130
1006 247 808 809
1007 222 809 810
1008 222 809 813
1009 227 809 1131
1010 222 810 811
1011 227 810 1132
1012 227 810 1133
1013 247 811 812
1014 227 811 1134
1015 227 811 1135
1016 458 812 820
1017 222 813 814
1018 227 813 1136
1019 227 813 1137
1020 222 814 815
1021 227 814 1138
1022 227 814 1139
1023 222 815 816
1024 227 815 1140
1025 227 815 1141
1026 328 816 817
1027 227 816 1142
1028 227 816 1143
1029 345 817 818
1030 346 817 819
1031 222 821 822
1032 222 821 832
1033 227 821 1144
1034 227 821 1145
1035 222 822 823
1036 227 822 1146
1037 227 822 1147
1038 222 823 824
1039 227 823 1148
1040 227 823 1149
1041 222 824 825
1042 227 824 1150
1043 227 824 1151
1044 222 825 826
1045 227 825 1152
1046 227 825 1153
1047 222 826 827
1048 227 826 1154
1049 227 826 1155
1050 222 827 828
1051 227 827 1156
1052 227 827 1157
1053 222 828 829
1054 227 828 1158
1055 227 828 1159
1056 222 829 830
1057 227 829 1160
1058 227 829 1161
1059 222 830 831
1060 227 830 1162
1061 227 830 1163
1062 243 831 835
1063 227 831 1164
1064 227 831 1165
1065 227 832 1166
1066 227 832 1167
1067 227 832 1168
1068 328 833 834
1069 222 833 837
1070 222 833 838
1071 227 833 1169
1072 345 834 835
1073 346 834 836
1074 227 837 1170
1075 227 837 1171
1076 227 837 1172
1077 227 838 1173
1078 227 838 1174
1079 227 839 1175
1080 227 839 1176
1081 227 839 1177
1082 346 840 842
1083 344 841 842
1084 386 841 1178
1085 328 842 843
1086 222 843 844
1087 227 843 1179
1088 227 843 1180
1089 222 844 845
1090 227 844 1181
1091 227 844 1182
1092 222 845 846
1093 227 845 1183
1094 227 845 1184
1095 222 846 871
1096 227 846 1185
1097 227 846 1186
1098 247 847 848
1099 458 847 903
1100 222 848 849
1101 227 848 1187
1102 227 848 1188
1103 222 849 871
1104 227 849 1189
1105 227 849 1190
1106 328 850 851
1107 346 850 854
1108 345 850 855
1109 222 851 852
1110 222 851 853
1111 222 851 934
1112 222 852 933
1113 227 852 1191
1114 227 852 1192
1115 227 853 1193
1116 227 853 1194
1117 227 853 1195
1118 243 855 856
1119 222 856 857
1120 227 856 1196
1121 227 856 1197
1122 222 857 858
1123 243 857 868
1124 227 857 1198
1125 227 858 1199
1126 227 858 1200
1127 227 858 1201
1128 222 859 860
1129 222 859 863
1130 247 859 915
1131 227 859 1202
1132 222 860 861
1133 227 860 1203
1134 227 860 1204
1135 247 861 862
1136 227 861 1205
1137 227 861 1206
1138 458 862 893
1139 222 863 864
1140 227 863 1207
1141 227 863 1208
1142 222 864 865
1143 227 864 1209
1144 227 864 1210
1145 222 865 866
1146 227 865 1211
1147 227 865 1212
1148 328 866 867
1149 227 866 1213
1150 227 866 1214
1151 345 867 868
1152 346 867 869
1153 247 870 871
1154 247 870 872
1155 227 871 1215
1156 227 872 1216
1157 227 872 1217
1158 227 872 1218
1159 327 873 874
1160 346 873 877
1161 345 873 878
1162 152 874 875
1163 153 874 876
1164 160 875 1219
1165 160 875 1220
1166 227 876 1221
1167 227 876 1222
1168 227 876 1223
1169 243 878 879
1170 222 879 880
1171 227 879 1224
1172 227 879 1225
1173 222 880 881
1174 243 880 891
1175 227 880 1226
1176 227 881 1227
1177 227 881 1228
1178 227 881 1229
1179 222 882 883
1180 222 882 886
1181 247 882 893
1182 227 882 1230
1183 222 883 884
1184 227 883 1231
1185 227 883 1232
1186 247 884 885
1187 227 884 1233
1188 227 884 1234
1189 222 886 887
1190 227 886 1235
1191 227 886 1236
1192 222 887 888
1193 227 887 1237
1194 227 887 1238
1195 222 888 889
1196 227 888 1239
1197 227 888 1240
1198 328 889 890
1199 227 889 1241
1200 227 889 1242
1201 345 890 891
1202 346 890 892
1203 327 894 895
1204 346 894 898
1205 345 894 899
1206 152 895 896
1207 153 895 897
1208 160 896 1243
1209 160 896 1244
1210 227 897 1245
1211 227 897 1246
1212 227 897 1247
1213 243 899 900
1214 222 900 901
1215 227 900 1248
1216 227 900 1249
1217 222 901 902
1218 243 901 913
1219 227 901 1250
1220 227 902 1251
1221 227 902 1252
1222 227 902 1253
1223 247 903 904
1224 222 904 905
1225 222 904 908
1226 227 904 1254
1227 222 905 906
1228 227 905 1255
1229 227 905 1256
1230 247 906 907
1231 227 906 1257
1232 227 906 1258
1233 458 907 915
1234 222 908 909
1235 227 908 1259
1236 227 908 1260
1237 222 909 910
1238 227 909 1261
1239 227 909 1262
1240 222 910 911
1241 227 910 1263
1242 227 910 1264
1243 328 911 912
1244 227 911 1265
1245 227 911 1266
1246 345 912 913
1247 346 912 914
1248 222 916 917
1249 222 916 927
1250 227 916 1267
1251 227 916 1268
1252 222 917 918
1253 227 917 1269
1254 227 917 1270
1255 222 918 919
1256 227 918 1271
1257 227 918 1272
1258 222 919 920
1259 227 919 1273
1260 227 919 1274
1261 222 920 921
1262 227 920 1275
1263 227 920 1276
1264 222 921 922
1265 227 921 1277
1266 227 921 1278
1267 222 922 923
1268 227 922 1279
1269 227 922 1280
1270 222 923 924
1271 227 923 1281
1272 227 923 1282
1273 222 924 925
1274 227 924 1283
1275 227 924 1284
1276 222 925 926
1277 227 925 1285
1278 227 925 1286
1279 243 926 930
1280 227 926 1287
1281 227 926 1288
1282 227 927 1289
1283 227 927 1290
1284 227 927 1291
1285 328 928 929
1286 222 928 932
1287 222 928 933
1288 227 928 1292
1289 345 929 930
1290 346 929 931
1291 227 932 1293
1292 227 932 1294
1293 227 932 1295
1294 227 933 1296
1295 227 933 1297
1296 227 934 1298
1297 227 934 1299
1298 227 934 1300
1299 346 1301 1303
1300 344 1302 1303
1301 386 1302 1585
1302 328 1303 1304
1303 222 1304 1305
1304 227 1304 1586
1305 227 1304 1587
1306 222 1305 1306
1307 227 1305 1588
1308 227 1305 1589
1309 222 1306 1307
1310 227 1306 1590
1311 227 1306 1591
1312 222 1307 1331
1313 227 1307 1592
1314 227 1307 1593
1315 247 1308 1309
1316 458 1308 1363
1317 222 1309 1310
1318 227 1309 1594
1319 227 1309 1595
1320 222 1310 1331
1321 227 1310 1596
1322 227 1310 1597
1323 328 1311 1312
1324 346 1311 1315
1325 345 1311 1316
1326 222 1312 1313
1327 222 1312 1314
1328 222 1312 1394
1329 222 1313 1393
1330 227 1313 1598
1331 227 1313 1599
1332 227 1314 1600
1333 227 1314 1601
1334 227 1314 1602
1335 243 1316 1317
1336 222 1317 1318
1337 227 1317 1603
1338 227 1317 1604
1339 222 1318 1319
1340 243 1318 1329
1341 227 1318 1605
1342 227 1319 1606
1343 227 1319 1607
1344 227 1319 1608
1345 222 1320 1321
1346 222 1320 1324
1347 247 1320 1375
1348 227 1320 1609
1349 222 1321 1322
1350 227 1321 1610
1351 227 1321 1611
1352 247 1322 1323
1353 227 1322 1612
1354 227 1322 1613
1355 458 1323 1353
1356 222 1324 1325
1357 227 1324 1614
1358 227 1324 1615
1359 222 1325 1326
1360 227 1325 1616
1361 227 1325 1617
1362 222 1326 1327
1363 227 1326 1618
1364 227 1326 1619
1365 328 1327 1328
1366 227 1327 1620
1367 227 1327 1621
1368 345 1328 1329
1369 346 1328 1330
1370 247 1331 1447
1371 227 1331 1622
1372 327 1332 1333
1373 346 1332 1336
1374 345 1332 1337
1375 152 1333 1334
1376 153 1333 1335
1377 160 1334 1623
1378 160 1334 1624
1379 227 1335 1625
1380 227 1335 1626
1381 227 1335 1627
1382 243 1337 1338
1383 222 1338 1339
1384 227 1338 1628
1385 227 1338 1629
1386 222 1339 1340
1387 243 1339 1350
1388 227 1339 1630
1389 227 1340 1631
1390 227 1340 1632
1391 227 1340 1633
1392 222 1341 1342
1393 222 1341 1345
1394 247 1341 1353
1395 227 1341 1634
1396 222 1342 1343
1397 227 1342 1635
1398 227 1342 1636
1399 247 1343 1344
1400 227 1343 1637
1401 227 1343 1638
1402 247 1344 1352
1403 222 1345 1346
1404 227 1345 1639
1405 227 1345 1640
1406 222 1346 1347
1407 227 1346 1641
1408 227 1346 1642
1409 222 1347 1348
1410 227 1347 1643
1411 227 1347 1644
1412 328 1348 1349
1413 227 1348 1645
1414 227 1348 1646
1415 345 1349 1350
1416 346 1349 1351
1417 227 1352 1647
1418 227 1352 1648
1419 227 1352 1649
1420 327 1354 1355
1421 346 1354 1358
1422 345 1354 1359
1423 152 1355 1356
1424 153 1355 1357
1425 160 1356 1650
1426 160 1356 1651
1427 227 1357 1652
1428 227 1357 1653
1429 227 1357 1654
1430 243 1359 1360
1431 222 1360 1361
1432 227 1360 1655
1433 227 1360 1656
1434 222 1361 1362
1435 243 1361 1373
1436 227 1361 1657
1437 227 1362 1658
1438 227 1362 1659
1439 227 1362 1660
1440 247 1363 1364
1441 222 1364 1365
1442 222 1364 1368
1443 227 1364 1661
1444 222 1365 1366
1445 227 1365 1662
1446 227 1365 1663
1447 247 1366 1367
1448 227 1366 1664
1449 227 1366 1665
1450 458 1367 1375
1451 222 1368 1369
1452 227 1368 1666
1453 227 1368 1667
1454 222 1369 1370
1455 227 1369 1668
1456 227 1369 1669
1457 222 1370 1371
1458 227 1370 1670
1459 227 1370 1671
1460 328 1371 1372
1461 227 1371 1672
1462 227 1371 1673
1463 345 1372 1373
1464 346 1372 1374
1465 222 1376 1377
1466 222 1376 1387
1467 227 1376 1674
1468 227 1376 1675
1469 222 1377 1378
1470 227 1377 1676
1471 227 1377 1677
1472 222 1378 1379
1473 227 1378 1678
1474 227 1378 1679
1475 222 1379 1380
1476 227 1379 1680
1477 227 1379 1681
1478 222 1380 1381
1479 227 1380 1682
1480 227 1380 1683
1481 222 1381 1382
1482 227 1381 1684
1483 227 1381 1685
1484 222 1382 1383
1485 227 1382 1686
1486 227 1382 1687
1487 222 1383 1384
1488 227 1383 1688
1489 227 1383 1689
1490 222 1384 1385
1491 227 1384 1690
1492 227 1384 1691
1493 222 1385 1386
1494 227 1385 1692
1495 227 1385 1693
1496 243 1386 1390
1497 227 1386 1694
1498 227 1386 1695
1499 227 1387 1696
1500 227 1387 1697
1501 227 1387 1698
1502 328 1388 1389
1503 222 1388 1392
1504 222 1388 1393
1505 227 1388 1699
1506 345 1389 1390
1507 346 1389 1391
1508 227 1392 1700
1509 227 1392 1701
1510 227 1392 1702
1511 227 1393 1703
1512 227 1393 1704
1513 227 1394 1705
1514 227 1394 1706
1515 227 1394 1707
1516 346 1395 1397
1517 344 1396 1397
1518 386 1396 1708
1519 328 1397 1398
1520 222 1398 1399
1521 227 1398 1709
1522 227 1398 1710
1523 222 1399 1400
1524 227 1399 1711
1525 227 1399 1712
1526 222 1400 1401
1527 227 1400 1713
1528 227 1400 1714
1529 222 1401 1426
1530 227 1401 1715
1531 227 1401 1716
1532 247 1402 1403
1533 458 1402 1458
1534 222 1403 1404
1535 227 1403 1717
1536 227 1403 1718
1537 222 1404 1426
1538 227 1404 1719
1539 227 1404 1720
1540 328 1405 1406
1541 346 1405 1409
1542 345 1405 1410
1543 222 1406 1407
1544 222 1406 1408
1545 222 1406 1489
1546 222 1407 1488
1547 227 1407 1721
1548 227 1407 1722
1549 227 1408 1723
1550 227 1408 1724
1551 227 1408 1725
1552 243 1410 1411
1553 222 1411 1412
1554 227 1411 1726
1555 227 1411 1727
1556 222 1412 1413
1557 243 1412 1423
1558 227 1412 1728
1559 227 1413 1729
1560 227 1413 1730
1561 227 1413 1731
1562 222 1414 1415
1563 222 1414 1418
1564 247 1414 1470
1565 227 1414 1732
1566 222 1415 1416
1567 227 1415 1733
1568 227 1415 1734
1569 247 1416 1417
1570 227 1416 1735
1571 227 1416 1736
1572 458 1417 1448
1573 222 1418 1419
1574 227 1418 1737
1575 227 1418 1738
1576 222 1419 1420
1577 227 1419 1739
1578 227 1419 1740
1579 222 1420 1421
1580 227 1420 1741
1581 227 1420 1742
1582 328 1421 1422
1583 227 1421 1743
1584 227 1421 1744
1585 345 1422 1423
1586 346 1422 1424
1587 247 1425 1426
1588 458 1425 1535
1589 227 1426 1745
1590 327 1427 1428
1591 346 1427 1431
1592 345 1427 1432
1593 152 1428 1429
1594 153 1428 1430
1595 160 1429 1746
1596 160 1429 1747
1597 227 1430 1748
1598 227 1430 1749
1599 227 1430 1750
1600 243 1432 1433
1601 222 1433 1434
1602 227 1433 1751
1603 227 1433 1752
1604 222 1434 1435
1605 243 1434 1445
1606 227 1434 1753
1607 227 1435 1754
1608 227 1435 1755
1609 227 1435 1756
1610 222 1436 1437
1611 222 1436 1440
1612 247 1436 1448
1613 227 1436 1757
1614 222 1437 1438
1615 227 1437 1758
1616 227 1437 1759
1617 247 1438 1439
1618 227 1438 1760
1619 227 1438 1761
1620 458 1439 1447
1621 222 1440 1441
1622 227 1440 1762
1623 227 1440 1763
1624 222 1441 1442
1625 227 1441 1764
1626 227 1441 1765
1627 222 1442 1443
1628 227 1442 1766
1629 227 1442 1767
1630 328 1443 1444
1631 227 1443 1768
1632 227 1443 1769
1633 345 1444 1445
1634 346 1444 1446
1635 327 1449 1450
1636 346 1449 1453
1637 345 1449 1454
1638 152 1450 1451
1639 153 1450 1452
1640 160 1451 1770
1641 160 1451 1771
1642 227 1452 1772
1643 227 1452 1773
1644 227 1452 1774
1645 243 1454 1455
1646 222 1455 1456
1647 227 1455 1775
1648 227 1455 1776
1649 222 1456 1457
1650 243 1456 1468
1651 227 1456 1777
1652 227 1457 1778
1653 227 1457 1779
1654 227 1457 1780
1655 247 1458 1459
1656 222 1459 1460
1657 222 1459 1463
1658 227 1459 1781
1659 222 1460 1461
1660 227 1460 1782
1661 227 1460 1783
1662 247 1461 1462
1663 227 1461 1784
1664 227 1461 1785
1665 458 1462 1470
1666 222 1463 1464
1667 227 1463 1786
1668 227 1463 1787
1669 222 1464 1465
1670 227 1464 1788
1671 227 1464 1789
1672 222 1465 1466
1673 227 1465 1790
1674 227 1465 1791
1675 328 1466 1467
1676 227 1466 1792
1677 227 1466 1793
1678 345 1467 1468
1679 346 1467 1469
1680 222 1471 1472
1681 222 1471 1482
1682 227 1471 1794
1683 227 1471 1795
1684 222 1472 1473
1685 227 1472 1796
1686 227 1472 1797
1687 222 1473 1474
1688 227 1473 1798
1689 227 1473 1799
1690 222 1474 1475
1691 227 1474 1800
1692 227 1474 1801
1693 222 1475 1476
1694 227 1475 1802
1695 227 1475 1803
1696 222 1476 1477
1697 227 1476 1804
1698 227 1476 1805
1699 222 1477 1478
1700 227 1477 1806
1701 227 1477 1807
1702 222 1478 1479
1703 227 1478 1808
1704 227 1478 1809
1705 222 1479 1480
1706 227 1479 1810
1707 227 1479 1811
1708 222 1480 1481
1709 227 1480 1812
1710 227 1480 1813
1711 243 1481 1485
1712 227 1481 1814
1713 227 1481 1815
1714 227 1482 1816
1715 227 1482 1817
1716 227 1482 1818
1717 328 1483 1484
1718 222 1483 1487
1719 222 1483 1488
1720 227 1483 1819
1721 345 1484 1485
1722 346 1484 1486
1723 227 1487 1820
1724 227 1487 1821
1725 227 1487 1822
1726 227 1488 1823
1727 227 1488 1824
1728 227 1489 1825
1729 227 1489 1826
1730 227 1489 1827
1731 346 1490 1492
1732 344 1491 1492
1733 386 1491 1828
1734 328 1492 1493
1735 222 1493 1494
1736 227 1493 1829
1737 227 1493 1830
1738 222 1494 1495
1739 227 1494 1831
1740 227 1494 1832
1741 222 1495 1496
1742 227 1495 1833
1743 227 1495 1834
1744 222 1496 1521
1745 227 1496 1835
1746 227 1496 1836
1747 247 1497 1498
1748 458 1497 1553
1749 222 1498 1499
1750 227 1498 1837
1751 227 1498 1838
1752 222 1499 1521
1753 227 1499 1839
1754 227 1499 1840
1755 328 1500 1501
1756 346 1500 1504
1757 345 1500 1505
1758 222 1501 1502
1759 222 1501 1503
1760 222 1501 1584
1761 222 1502 1583
1762 227 1502 1841
1763 227 1502 1842
1764 227 1503 1843
1765 227 1503 1844
1766 227 1503 1845
1767 243 1505 1506
1768 222 1506 1507
1769 227 1506 1846
1770 227 1506 1847
1771 222 1507 1508
1772 243 1507 1518
1773 227 1507 1848
1774 227 1508 1849
1775 227 1508 1850
1776 227 1508 1851
1777 222 1509 1510
1778 222 1509 1513
1779 247 1509 1565
1780 227 1509 1852
1781 222 1510 1511
1782 227 1510 1853
1783 227 1510 1854
1784 247 1511 1512
1785 227 1511 1855
1786 227 1511 1856
1787 458 1512 1543
1788 222 1513 1514
1789 227 1513 1857
1790 227 1513 1858
1791 222 1514 1515
1792 227 1514 1859
1793 227 1514 1860
1794 222 1515 1516
1795 227 1515 1861
1796 227 1515 1862
1797 328 1516 1517
1798 227 1516 1863
1799 227 1516 1864
1800 345 1517 1518
1801 346 1517 1519
1802 247 1520 1521
1803 247 1520 1522
1804 227 1521 1865
1805 227 1522 1866
1806 227 1522 1867
1807 227 1522 1868
1808 327 1523 1524
1809 346 1523 1527
1810 345 1523 1528
1811 152 1524 1525
1812 153 1524 1526
1813 160 1525 1869
1814 160 1525 1870
1815 227 1526 1871
1816 227 1526 1872
1817 227 1526 1873
1818 243 1528 1529
1819 222 1529 1530
1820 227 1529 1874
1821 227 1529 1875
1822 222 1530 1531
1823 243 1530 1541
1824 227 1530 1876
1825 227 1531 1877
1826 227 1531 1878
1827 227 1531 1879
1828 222 1532 1533
1829 222 1532 1536
1830 247 1532 1543
1831 227 1532 1880
1832 222 1533 1534
1833 227 1533 1881
1834 227 1533 1882
1835 247 1534 1535
1836 227 1534 1883
1837 227 1534 1884
1838 222 1536 1537
1839 227 1536 1885
1840 227 1536 1886
1841 222 1537 1538
1842 227 1537 1887
1843 227 1537 1888
1844 222 1538 1539
1845 227 1538 1889
1846 227 1538 1890
1847 328 1539 1540
1848 227 1539 1891
1849 227 1539 1892
1850 345 1540 1541
1851 346 1540 1542
1852 327 1544 1545
1853 346 1544 1548
1854 345 1544 1549
1855 152 1545 1546
1856 153 1545 1547
1857 160 1546 1893
1858 160 1546 1894
1859 227 1547 1895
1860 227 1547 1896
1861 227 1547 1897
1862 243 1549 1550
1863 222 1550 1551
1864 227 1550 1898
1865 227 1550 1899
1866 222 1551 1552
1867 243 1551 1563
1868 227 1551 1900
1869 227 1552 1901
1870 227 1552 1902
1871 227 1552 1903
1872 247 1553 1554
1873 222 1554 1555
1874 222 1554 1558
1875 227 1554 1904
1876 222 1555 1556
1877 227 1555 1905
1878 227 1555 1906
1879 247 1556 1557
1880 227 1556 1907
1881 227 1556 1908
1882 458 1557 1565
1883 222 1558 1559
1884 227 1558 1909
1885 227 1558 1910
1886 222 1559 1560
1887 227 1559 1911
1888 227 1559 1912
1889 222 1560 1561
1890 227 1560 1913
1891 227 1560 1914
1892 328 1561 1562
1893 227 1561 1915
1894 227 1561 1916
1895 345 1562 1563
1896 346 1562 1564
1897 222 1566 1567
1898 222 1566 1577
1899 227 1566 1917
1900 227 1566 1918
1901 222 1567 1568
1902 227 1567 1919
1903 227 1567 1920
1904 222 1568 1569
1905 227 1568 1921
1906 227 1568 1922
1907 222 1569 1570
1908 227 1569 1923
1909 227 1569 1924
1910 222 1570 1571
1911 227 1570 1925
1912 227 1570 1926
1913 222 1571 1572
1914 227 1571 1927
1915 227 1571 1928
1916 222 1572 1573
1917 227 1572 1929
1918 227 1572 1930
1919 222 1573 1574
1920 227 1573 1931
1921 227 1573 1932
1922 222 1574 1575
1923 227 1574 1933
1924 227 1574 1934
1925 222 1575 1576
1926 227 1575 1935
1927 227 1575 1936
1928 243 1576 1580
1929 227 1576 1937
1930 227 1576 1938
1931 227 1577 1939
1932 227 1577 1940
1933 227 1577 1941
1934 328 1578 1579
1935 222 1578 1582
1936 222 1578 1583
1937 227 1578 1942
1938 345 1579 1580
1939 346 1579 1581
1940 227 1582 1943
1941 227 1582 1944
1942 227 1582 1945
1943 227 1583 1946
1944 227 1583 1947
1945 227 1584 1948
1946 227 1584 1949
1947 227 1584 1950
1948 346 1951 1953
1949 344 1952 1953
1950 386 1952 2235
1951 328 1953 1954
1952 222 1954 1955
1953 227 1954 2236
1954 227 1954 2237
1955 222 1955 1956
1956 227 1955 2238
1957 227 1955 2239
1958 222 1956 1957
1959 227 1956 2240
1960 227 1956 2241
1961 222 1957 1981
1962 227 1957 2242
1963 227 1957 2243
1964 247 1958 1959
1965 458 1958 2013
1966 222 1959 1960
1967 227 1959 2244
1968 227 1959 2245
1969 222 1960 1981
1970 227 1960 2246
1971 227 1960 2247
1972 328 1961 1962
1973 346 1961 1965
1974 345 1961 1966
1975 222 1962 1963
1976 222 1962 1964
1977 222 1962 2044
1978 222 1963 2043
1979 227 1963 2248
1980 227 1963 2249
1981 227 1964 2250
1982 227 1964 2251
1983 227 1964 2252
1984 243 1966 1967
1985 222 1967 1968
1986 227 1967 2253
1987 227 1967 2254
1988 222 1968 1969
1989 243 1968 1979
1990 227 1968 2255
1991 227 1969 2256
1992 227 1969 2257
1993 227 1969 2258
1994 222 1970 1971
1995 222 1970 1974
1996 247 1970 2025
1997 227 1970 2259
1998 222 1971 1972
1999 227 1971 2260
2000 227 1971 2261
2001 247 1972 1973
2002 227 1972 2262
2003 227 1972 2263
2004 458 1973 2003
2005 222 1974 1975
2006 227 1974 2264
2007 227 1974 2265
2008 222 1975 1976
2009 227 1975 2266
2010 227 1975 2267
2011 222 1976 1977
2012 227 1976 2268
2013 227 1976 2269
2014 328 1977 1978
2015 227 1977 2270
2016 227 1977 2271
2017 345 1978 1979
2018 346 1978 1980
2019 247 1981 2097
2020 227 1981 2272
2021 327 1982 1983
2022 346 1982 1986
2023 345 1982 1987
2024 152 1983 1984
2025 153 1983 1985
2026 160 1984 2273
2027 160 1984 2274
2028 227 1985 2275
2029 227 1985 2276
2030 227 1985 2277
2031 243 1987 1988
2032 222 1988 1989
2033 227 1988 2278
2034 227 1988 2279
2035 222 1989 1990
2036 243 1989 2000
2037 227 1989 2280
2038 227 1990 2281
2039 227 1990 2282
2040 227 1990 2283
2041 222 1991 1992
2042 222 1991 1995
2043 247 1991 2003
2044 227 1991 2284
2045 222 1992 1993
2046 227 1992 2285
2047 227 1992 2286
2048 247 1993 1994
2049 227 1993 2287
2050 227 1993 2288
2051 247 1994 2002
2052 222 1995 1996
2053 227 1995 2289
2054 227 1995 2290
2055 222 1996 1997
2056 227 1996 2291
2057 227 1996 2292
2058 222 1997 1998
2059 227 1997 2293
2060 227 1997 2294
2061 328 1998 1999
2062 227 1998 2295
2063 227 1998 2296
2064 345 1999 2000
2065 346 1999 2001
2066 227 2002 2297
2067 227 2002 2298
2068 227 2002 2299
2069 327 2004 2005
2070 346 2004 2008
2071 345 2004 2009
2072 152 2005 2006
2073 153 2005 2007
2074 160 2006 2300
2075 160 2006 2301
2076 227 2007 2302
2077 227 2007 2303
2078 227 2007 2304
2079 243 2009 2010
2080 222 2010 2011
2081 227 2010 2305
2082 227 2010 2306
2083 222 2011 2012
2084 243 2011 2023
2085 227 2011 2307
2086 227 2012 2308
2087 227 2012 2309
2088 227 2012 2310
2089 247 2013 2014
2090 222 2014 2015
2091 222 2014 2018
2092 227 2014 2311
2093 222 2015 2016
2094 227 2015 2312
2095 227 2015 2313
2096 247 2016 2017
2097 227 2016 2314
2098 227 2016 2315
2099 458 2017 2025
2100 222 2018 2019
2101 227 2018 2316
2102 227 2018 2317
2103 222 2019 2020
2104 227 2019 2318
2105 227 2019 2319
2106 222 2020 2021
2107 227 2020 2320
2108 227 2020 2321
2109 328 2021 2022
2110 227 2021 2322
2111 227 2021 2323
2112 345 2022 2023
2113 346 2022 2024
2114 222 2026 2027
2115 222 2026 2037
2116 227 2026 2324
2117 227 2026 2325
2118 222 2027 2028
2119 227 2027 2326
2120 227 2027 2327
2121 222 2028 2029
2122 227 2028 2328
2123 227 2028 2329
2124 222 2029 2030
2125 227 2029 2330
2126 227 2029 2331
2127 222 2030 2031
2128 227 2030 2332
2129 227 2030 2333
2130 222 2031 2032
2131 227 2031 2334
2132 227 2031 2335
2133 222 2032 2033
2134 227 2032 2336
2135 227 2032 2337
2136 222 2033 2034
2137 227 2033 2338
2138 227 2033 2339
2139 222 2034 2035
2140 227 2034 2340
2141 227 2034 2341
2142 222 2035 2036
2143 227 2035 2342
2144 227 2035 2343
2145 243 2036 2040
2146 227 2036 2344
2147 227 2036 2345
2148 227 2037 2346
2149 227 2037 2347
2150 227 2037 2348
2151 328 2038 2039
2152 222 2038 2042
2153 222 2038 2043
2154 227 2038 2349
2155 345 2039 2040
2156 346 2039 2041
2157 227 2042 2350
2158 227 2042 2351
2159 227 2042 2352
2160 227 2043 2353
2161 227 2043 2354
2162 227 2044 2355
2163 227 2044 2356
2164 227 2044 2357
2165 346 2045 2047
2166 344 2046 2047
2167 386 2046 2358
2168 328 2047 2048
2169 222 2048 2049
2170 227 2048 2359
2171 227 2048 2360
2172 222 2049 2050
2173 227 2049 2361
2174 227 2049 2362
2175 222 2050 2051
2176 227 2050 2363
2177 227 2050 2364
2178 222 2051 2076
2179 227 2051 2365
2180 227 2051 2366
2181 247 2052 2053
2182 458 2052 2108
2183 222 2053 2054
2184 227 2053 2367
2185 227 2053 2368
2186 222 2054 2076
2187 227 2054 2369
2188 227 2054 2370
2189 328 2055 2056
2190 346 2055 2059
2191 345 2055 2060
2192 222 2056 2057
2193 222 2056 2058
2194 222 2056 2139
2195 222 2057 2138
2196 227 2057 2371
2197 227 2057 2372
2198 227 2058 2373
2199 227 2058 2374
2200 227 2058 2375
2201 243 2060 2061
2202 222 2061 2062
2203 227 2061 2376
2204 227 2061 2377
2205 222 2062 2063
2206 243 2062 2073
2207 227 2062 2378
2208 227 2063 2379
2209 227 2063 2380
2210 227 2063 2381
2211 222 2064 2065
2212 222 2064 2068
2213 247 2064 2120
2214 227 2064 2382
2215 222 2065 2066
2216 227 2065 2383
2217 227 2065 2384
2218 247 2066 2067
2219 227 2066 2385
2220 227 2066 2386
2221 458 2067 2098
2222 222 2068 2069
2223 227 2068 2387
2224 227 2068 2388
2225 222 2069 2070
2226 227 2069 2389
2227 227 2069 2390
2228 222 2070 2071
2229 227 2070 2391
2230 227 2070 2392
2231 328 2071 2072
2232 227 2071 2393
2233 227 2071 2394
2234 345 2072 2073
2235 346 2072 2074
2236 247 2075 2076
2237 458 2075 2185
2238 227 2076 2395
2239 327 2077 2078
2240 346 2077 2081
2241 345 2077 2082
2242 152 2078 2079
2243 153 2078 2080
2244 160 2079 2396
2245 160 2079 2397
2246 227 2080 2398
2247 227 2080 2399
2248 227 2080 2400
2249 243 2082 2083
2250 222 2083 2084
2251 227 2083 2401
2252 227 2083 2402
2253 222 2084 2085
2254 243 2084 2095
2255 227 2084 2403
2256 227 2085 2404
2257 227 2085 2405
2258 227 2085 2406
2259 222 2086 2087
2260 222 2086 2090
2261 247 2086 2098
2262 227 2086 2407
2263 222 2087 2088
2264 227 2087 2408
2265 227 2087 2409
2266 247 2088 2089
2267 227 2088 2410
2268 227 2088 2411
2269 458 2089 2097
2270 222 2090 2091
2271 227 2090 2412
2272 227 2090 2413
2273 222 2091 2092
2274 227 2091 2414
2275 227 2091 2415
2276 222 2092 2093
2277 227 2092 2416
2278 227 2092 2417
2279 328 2093 2094
2280 227 2093 2418
2281 227 2093 2419
2282 345 2094 2095
2283 346 2094 2096
2284 327 2099 2100
2285 346 2099 2103
2286 345 2099 2104
2287 152 2100 2101
2288 153 2100 2102
2289 160 2101 2420
2290 160 2101 2421
2291 227 2102 2422
2292 227 2102 2423
2293 227 2102 2424
2294 243 2104 2105
2295 222 2105 2106
2296 227 2105 2425
2297 227 2105 2426
2298 222 2106 2107
2299 243 2106 2118
2300 227 2106 2427
2301 227 2107 2428
2302 227 2107 2429
2303 227 2107 2430
2304 247 2108 2109
2305 222 2109 2110
2306 222 2109 2113
2307 227 2109 2431
2308 222 2110 2111
2309 227 2110 2432
2310 227 2110 2433
2311 247 2111 2112
2312 227 2111 2434
2313 227 2111 2435
2314 458 2112 2120
2315 222 2113 2114
2316 227 2113 2436
2317 227 2113 2437
2318 222 2114 2115
2319 227 2114 2438
2320 227 2114 2439
2321 222 2115 2116
2322 227 2115 2440
2323 227 2115 2441
2324 328 2116 2117
2325 227 2116 2442
2326 227 2116 2443
2327 345 2117 2118
2328 346 2117 2119
2329 222 2121 2122
2330 222 2121 2132
2331 227 2121 2444
2332 227 2121 2445
2333 222 2122 2123
2334 227 2122 2446
2335 227 2122 2447
2336 222 2123 2124
2337 227 2123 2448
2338 227 2123 2449
2339 222 2124 2125
2340 227 2124 2450
2341 227 2124 2451
2342 222 2125 2126
2343 227 2125 2452
2344 227 2125 2453
2345 222 2126 2127
2346 227 2126 2454
2347 227 2126 2455
2348 222 2127 2128
2349 227 2127 2456
2350 227 2127 2457
2351 222 2128 2129
2352 227 2128 2458
2353 227 2128 2459
2354 222 2129 2130
2355 227 2129 2460
2356 227 2129 2461
2357 222 2130 2131
2358 227 2130 2462
2359 227 2130 2463
2360 243 2131 2135
2361 227 2131 2464
2362 227 2131 2465
2363 227 2132 2466
2364 227 2132 2467
2365 227 2132 2468
2366 328 2133 2134
2367 222 2133 2137
2368 222 2133 2138
2369 227 2133 2469
2370 345 2134 2135
2371 346 2134 2136
2372 227 2137 2470
2373 227 2137 2471
2374 227 2137 2472
2375 227 2138 2473
2376 227 2138 2474
2377 227 2139 2475
2378 227 2139 2476
2379 227 2139 2477
2380 346 2140 2142
2381 344 2141 2142
2382 386 2141 2478
2383 328 2142 2143
2384 222 2143 2144
2385 227 2143 2479
2386 227 2143 2480
2387 222 2144 2145
2388 227 2144 2481
2389 227 2144 2482
2390 222 2145 2146
2391 227 2145 2483
2392 227 2145 2484
2393 222 2146 2171
2394 227 2146 2485
2395 227 2146 2486
2396 247 2147 2148
2397 458 2147 2203
2398 222 2148 2149
2399 227 2148 2487
2400 227 2148 2488
2401 222 2149 2171
2402 227 2149 2489
2403 227 2149 2490
2404 328 2150 2151
2405 346 2150 2154
2406 345 2150 2155
2407 222 2151 2152
2408 222 2151 2153
2409 222 2151 2234
2410 222 2152 2233
2411 227 2152 2491
2412 227 2152 2492
2413 227 2153 2493
2414 227 2153 2494
2415 227 2153 2495
2416 243 2155 2156
2417 222 2156 2157
2418 227 2156 2496
2419 227 2156 2497
2420 222 2157 2158
2421 243 2157 2168
2422 227 2157 2498
2423 227 2158 2499
2424 227 2158 2500
2425 227 2158 2501
2426 222 2159 2160
2427 222 2159 2163
2428 247 2159 2215
2429 227 2159 2502
2430 222 2160 2161
2431 227 2160 2503
2432 227 2160 2504
2433 247 2161 2162
2434 227 2161 2505
2435 227 2161 2506
2436 458 2162 2193
2437 222 2163 2164
2438 227 2163 2507
2439 227 2163 2508
2440 222 2164 2165
2441 227 2164 2509
2442 227 2164 2510
2443 222 2165 2166
2444 227 2165 2511
2445 227 2165 2512
2446 328 2166 2167
2447 227 2166 2513
2448 227 2166 2514
2449 345 2167 2168
2450 346 2167 2169
2451 247 2170 2171
2452 247 2170 2172
2453 227 2171 2515
2454 227 2172 2516
2455 227 2172 2517
2456 227 2172 2518
2457 327 2173 2174
2458 346 2173 2177
2459 345 2173 2178
2460 152 2174 2175
2461 153 2174 2176
2462 160 2175 2519
2463 160 2175 2520
2464 227 2176 2521
2465 227 2176 2522
2466 227 2176 2523
2467 243 2178 2179
2468 222 2179 2180
2469 227 2179 2524
2470 227 2179 2525
2471 222 2180 2181
2472 243 2180 2191
2473 227 2180 2526
2474 227 2181 2527
2475 227 2181 2528
2476 227 2181 2529
2477 222 2182 2183
2478 222 2182 2186
2479 247 2182 2193
2480 227 2182 2530
2481 222 2183 2184
2482 227 2183 2531
2483 227 2183 2532
2484 247 2184 2185
2485 227 2184 2533
2486 227 2184 2534
2487 222 2186 2187
2488 227 2186 2535
2489 227 2186 2536
2490 222 2187 2188
2491 227 2187 2537
2492 227 2187 2538
2493 222 2188 2189
2494 227 2188 2539
2495 227 2188 2540
2496 328 2189 2190
2497 227 2189 2541
2498 227 2189 2542
2499 345 2190 2191
2500 346 2190 2192
2501 327 2194 2195
2502 346 2194 2198
2503 345 2194 2199
2504 152 2195 2196
2505 153 2195 2197
2506 160 2196 2543
2507 160 2196 2544
2508 227 2197 2545
2509 227 2197 2546
2510 227 2197 2547
2511 243 2199 2200
2512 222 2200 2201
2513 227 2200 2548
2514 227 2200 2549
2515 222 2201 2202
2516 243 2201 2213
2517 227 2201 2550
2518 227 2202 2551
2519 227 2202 2552
2520 227 2202 2553
2521 247 2203 2204
2522 222 2204 2205
2523 222 2204 2208
2524 227 2204 2554
2525 222 2205 2206
2526 227 2205 2555
2527 227 2205 2556
2528 247 2206 2207
2529 227 2206 2557
2530 227 2206 2558
2531 458 2207 2215
2532 222 2208 2209
2533 227 2208 2559
2534 227 2208 2560
2535 222 2209 2210
2536 227 2209 2561
2537 227 2209 2562
2538 222 2210 2211
2539 227 2210 2563
2540 227 2210 2564
2541 328 2211 2212
2542 227 2211 2565
2543 227 2211 2566
2544 345 2212 2213
2545 346 2212 2214
2546 222 2216 2217
2547 222 2216 2227
2548 227 2216 2567
2549 227 2216 2568
2550 222 2217 2218
2551 227 2217 2569
2552 227 2217 2570
2553 222 2218 2219
2554 227 2218 2571
2555 227 2218 2572
2556 222 2219 2220
2557 227 2219 2573
2558 227 2219 2574
2559 222 2220 2221
2560 227 2220 2575
2561 227 2220 2576
2562 222 2221 2222
2563 227 2221 2577
2564 227 2221 2578
2565 222 2222 2223
2566 227 2222 2579
2567 227 2222 2580
2568 222 2223 2224
2569 227 2223 2581
2570 227 2223 2582
2571 222 2224 2225
2572 227 2224 2583
2573 227 2224 2584
2574 222 2225 2226
2575 227 2225 2585
2576 227 2225 2586
2577 243 2226 2230
2578 227 2226 2587
2579 227 2226 2588
2580 227 2227 2589
2581 227 2227 2590
2582 227 2227 2591
2583 328 2228 2229
2584 222 2228 2232
2585 222 2228 2233
2586 227 2228 2592
2587 345 2229 2230
2588 346 2229 2231
2589 227 2232 2593
2590 227 2232 2594
2591 227 2232 2595
2592 227 2233 2596
2593 227 2233 2597
2594 227 2234 2598
2595 227 2234 2599
2596 227 2234 2600
2597 346 2601 2603
2598 344 2602 2603
2599 386 2602 2885
2600 328 2603 2604
2601 222 2604 2605
2602 227 2604 2886
2603 227 2604 2887
2604 222 2605 2606
2605 227 2605 2888
2606 227 2605 2889
2607 222 2606 2607
2608 227 2606 2890
2609 227 2606 2891
2610 222 2607 2631
2611 227 2607 2892
2612 227 2607 2893
2613 247 2608 2609
2614 458 2608 2663
2615 222 2609 2610
2616 227 2609 2894
2617 227 2609 2895
2618 222 2610 2631
2619 227 2610 2896
2620 227 2610 2897
2621 328 2611 2612
2622 346 2611 2615
2623 345 2611 2616
2624 222 2612 2613
2625 222 2612 2614
2626 222 2612 2694
2627 222 2613 2693
2628 227 2613 2898
2629 227 2613 2899
2630 227 2614 2900
2631 227 2614 2901
2632 227 2614 2902
2633 243 2616 2617
2634 222 2617 2618
2635 227 2617 2903
2636 227 2617 2904
2637 222 2618 2619
2638 243 2618 2629
2639 227 2618 2905
2640 227 2619 2906
2641 227 2619 2907
2642 227 2619 2908
2643 222 2620 2621
2644 222 2620 2624
2645 247 2620 2675
2646 227 2620 2909
2647 222 2621 2622
2648 227 2621 2910
2649 227 2621 2911
2650 247 2622 2623
2651 227 2622 2912
2652 227 2622 2913
2653 458 2623 2653
2654 222 2624 2625
2655 227 2624 2914
2656 227 2624 2915
2657 222 2625 2626
2658 227 2625 2916
2659 227 2625 2917
2660 222 2626 2627
2661 227 2626 2918
2662 227 2626 2919
2663 328 2627 2628
2664 227 2627 2920
2665 227 2627 2921
2666 345 2628 2629
2667 346 2628 2630
2668 247 2631 2747
2669 227 2631 2922
2670 327 2632 2633
2671 346 2632 2636
2672 345 2632 2637
2673 152 2633 2634
2674 153 2633 2635
2675 160 2634 2923
2676 160 2634 2924
2677 227 2635 2925
2678 227 2635 2926
2679 227 2635 2927
2680 243 2637 2638
2681 222 2638 2639
2682 227 2638 2928
2683 227 2638 2929
2684 222 2639 2640
2685 243 2639 2650
2686 227 2639 2930
2687 227 2640 2931
2688 227 2640 2932
2689 227 2640 2933
2690 222 2641 2642
2691 222 2641 2645
2692 247 2641 2653
2693 227 2641 2934
2694 222 2642 2643
2695 227 2642 2935
2696 227 2642 2936
2697 247 2643 2644
2698 227 2643 2937
2699 227 2643 2938
2700 247 2644 2652
2701 222 2645 2646
2702 227 2645 2939
2703 227 2645 2940
2704 222 2646 2647
2705 227 2646 2941
2706 227 2646 2942
2707 222 2647 2648
2708 227 2647 2943
2709 227 2647 2944
2710 328 2648 2649
2711 227 2648 2945
2712 227 2648 2946
2713 345 2649 2650
2714 346 2649 2651
2715 227 2652 2947
2716 227 2652 2948
2717 227 2652 2949
2718 327 2654 2655
2719 346 2654 2658
2720 345 2654 2659
2721 152 2655 2656
2722 153 2655 2657
2723 160 2656 2950
2724 160 2656 2951
2725 227 2657 2952
2726 227 2657 2953
2727 227 2657 2954
2728 243 2659 2660
2729 222 2660 2661
2730 227 2660 2955
2731 227 2660 2956
2732 222 2661 2662
2733 243 2661 2673
2734 227 2661 2957
2735 227 2662 2958
2736 227 2662 2959
2737 227 2662 2960
2738 247 2663 2664
2739 222 2664 2665
2740 222 2664 2668
2741 227 2664 2961
2742 222 2665 2666
2743 227 2665 2962
2744 227 2665 2963
2745 247 2666 2667
2746 227 2666 2964
2747 227 2666 2965
2748 458 2667 2675
2749 222 2668 2669
2750 227 2668 2966
2751 227 2668 2967
2752 222 2669 2670
2753 227 2669 2968
2754 227 2669 2969
2755 222 2670 2671
2756 227 2670 2970
2757 227 2670 2971
2758 328 2671 2672
2759 227 2671 2972
2760 227 2671 2973
2761 345 2672 2673
2762 346 2672 2674
2763 222 2676 2677
2764 222 2676 2687
2765 227 2676 2974
2766 227 2676 2975
2767 222 2677 2678
2768 227 2677 2976
2769 227 2677 2977
2770 222 2678 2679
2771 227 2678 2978
2772 227 2678 2979
2773 222 2679 2680
2774 227 2679 2980
2775 227 2679 2981
2776 222 2680 2681
2777 227 2680 2982
2778 227 2680 2983
2779 222 2681 2682
2780 227 2681 2984
2781 227 2681 2985
2782 222 2682 2683
2783 227 2682 2986
2784 227 2682 2987
2785 222 2683 2684
2786 227 2683 2988
2787 227 2683 2989
2788 222 2684 2685
2789 227 2684 2990
2790 227 2684 2991
2791 222 2685 2686
2792 227 2685 2992
2793 227 2685 2993
2794 243 2686 2690
2795 227 2686 2994
2796 227 2686 2995
2797 227 2687 2996
2798 227 2687 2997
2799 227 2687 2998
2800 328 2688 2689
2801 222 2688 2692
2802 222 2688 2693
2803 227 2688 2999
2804 345 2689 2690
2805 346 2689 2691
2806 227 2692 3000
2807 227 2692 3001
2808 227 2692 3002
2809 227 2693 3003
2810 227 2693 3004
2811 227 2694 3005
2812 227 2694 3006
2813 227 2694 3007
2814 346 2695 2697
2815 344 2696 2697
2816 386 2696 3008
2817 328 2697 2698
2818 222 2698 2699
2819 227 2698 3009
2820 227 2698 3010
2821 222 2699 2700
2822 227 2699 3011
2823 227 2699 3012
2824 222 2700 2701
2825 227 2700 3013
2826 227 2700 3014
2827 222 2701 2726
2828 227 2701 3015
2829 227 2701 3016
2830 247 2702 2703
2831 458 2702 2758
2832 222 2703 2704
2833 227 2703 3017
2834 227 2703 3018
2835 222 2704 2726
2836 227 2704 3019
2837 227 2704 3020
2838 328 2705 2706
2839 346 2705 2709
2840 345 2705 2710
2841 222 2706 2707
2842 222 2706 2708
2843 222 2706 2789
2844 222 2707 2788
2845 227 2707 3021
2846 227 2707 3022
2847 227 2708 3023
2848 227 2708 3024
2849 227 2708 3025
2850 243 2710 2711
2851 222 2711 2712
2852 227 2711 3026
2853 227 2711 3027
2854 222 2712 2713
2855 243 2712 2723
2856 227 2712 3028
2857 227 2713 3029
2858 227 2713 3030
2859 227 2713 3031
2860 222 2714 2715
2861 222 2714 2718
2862 247 2714 2770
2863 227 2714 3032
2864 222 2715 2716
2865 227 2715 3033
2866 227 2715 3034
2867 247 2716 2717
2868 227 2716 3035
2869 227 2716 3036
2870 458 2717 2748
2871 222 2718 2719
2872 227 2718 3037
2873 227 2718 3038
2874 222 2719 2720
2875 227 2719 3039
2876 227 2719 3040
2877 222 2720 2721
2878 227 2720 3041
2879 227 2720 3042
2880 328 2721 2722
2881 227 2721 3043
2882 227 2721 3044
2883 345 2722 2723
2884 346 2722 2724
2885 247 2725 2726
2886 458 2725 2835
2887 227 2726 3045
2888 327 2727 2728
2889 346 2727 2731
2890 345 2727 2732
2891 152 2728 2729
2892 153 2728 2730
2893 160 2729 3046
2894 160 2729 3047
2895 227 2730 3048
2896 227 2730 3049
2897 227 2730 3050
2898 243 2732 2733
2899 222 2733 2734
2900 227 2733 3051
2901 227 2733 3052
2902 222 2734 2735
2903 243 2734 2745
2904 227 2734 3053
2905 227 2735 3054
2906 227 2735 3055
2907 227 2735 3056
2908 222 2736 2737
2909 222 2736 2740
2910 247 2736 2748
2911 227 2736 3057
2912 222 2737 2738
2913 227 2737 3058
2914 227 2737 3059
2915 247 2738 2739
2916 227 2738 3060
2917 227 2738 3061
2918 458 2739 2747
2919 222 2740 2741
2920 227 2740 3062
2921 227 2740 3063
2922 222 2741 2742
2923 227 2741 3064
2924 227 2741 3065
2925 222 2742 2743
2926 227 2742 3066
2927 227 2742 3067
2928 328 2743 2744
2929 227 2743 3068
2930 227 2743 3069
2931 345 2744 2745
2932 346 2744 2746
2933 327 2749 2750
2934 346 2749 2753
2935 345 2749 2754
2936 152 2750 2751
2937 153 2750 2752
2938 160 2751 3070
2939 160 2751 3071
2940 227 2752 3072
2941 227 2752 3073
2942 227 2752 3074
2943 243 2754 2755
2944 222 2755 2756
2945 227 2755 3075
2946 227 2755 3076
2947 222 2756 2757
2948 243 2756 2768
2949 227 2756 3077
2950 227 2757 3078
2951 227 2757 3079
2952 227 2757 3080
2953 247 2758 2759
2954 222 2759 2760
2955 222 2759 2763
2956 227 2759 3081
2957 222 2760 2761
2958 227 2760 3082
2959 227 2760 3083
2960 247 2761 2762
2961 227 2761 3084
2962 227 2761 3085
2963 458 2762 2770
2964 222 2763 2764
2965 227 2763 3086
2966 227 2763 3087
2967 222 2764 2765
2968 227 2764 3088
2969 227 2764 3089
2970 222 2765 2766
2971 227 2765 3090
2972 227 2765 3091
2973 328 2766 2767
2974 227 2766 3092
2975 227 2766 3093
2976 345 2767 2768
2977 346 2767 2769
2978 222 2771 2772
2979 222 2771 2782
2980 227 2771 3094
2981 227 2771 3095
2982 222 2772 2773
2983 227 2772 3096
2984 227 2772 3097
2985 222 2773 2774
2986 227 2773 3098
2987 227 2773 3099
2988 222 2774 2775
2989 227 2774 3100
2990 227 2774 3101
2991 222 2775 2776
2992 227 2775 3102
2993 227 2775 3103
2994 222 2776 2777
2995 227 2776 3104
2996 227 2776 3105
2997 222 2777 2778
2998 227 2777 3106
2999 227 2777 3107
3000 222 2778 2779
3001 227 2778 3108
3002 227 2778 3109
3003 222 2779 2780
3004 227 2779 3110
3005 227 2779 3111
3006 222 2780 2781
3007 227 2780 3112
3008 227 2780 3113
3009 243 2781 2785
3010 227 2781 3114
3011 227 2781 3115
3012 227 2782 3116
3013 227 2782 3117
3014 227 2782 3118
3015 328 2783 2784
3016 222 2783 2787
3017 222 2783 2788
3018 227 2783 3119
3019 345 2784 2785
3020 346 2784 2786
3021 227 2787 3120
3022 227 2787 3121
3023 227 2787 3122
3024 227 2788 3123
3025 227 2788 3124
3026 227 2789 3125
3027 227 2789 3126
3028 227 2789 3127
3029 346 2790 2792
3030 344 2791 2792
3031 386 2791 3128
3032 328 2792 2793
3033 222 2793 2794
3034 227 2793 3129
3035 227 2793 3130
3036 222 2794 2795
3037 227 2794 3131
3038 227 2794 3132
3039 222 2795 2796
3040 227 2795 3133
3041 227 2795 3134
3042 222 2796 2821
3043 227 2796 3135
3044 227 2796 3136
3045 247 2797 2798
3046 458 2797 2853
3047 222 2798 2799
3048 227 2798 3137
3049 227 2798 3138
3050 222 2799 2821
3051 227 2799 3139
3052 227 2799 3140
3053 328 2800 2801
3054 346 2800 2804
3055 345 2800 2805
3056 222 2801 2802
3057 222 2801 2803
3058 222 2801 2884
3059 222 2802 2883
3060 227 2802 3141
3061 227 2802 3142
3062 227 2803 3143
3063 227 2803 3144
3064 227 2803 3145
3065 243 2805 2806
3066 222 2806 2807
3067 227 2806 3146
3068 227 2806 3147
3069 222 2807 2808
3070 243 2807 2818
3071 227 2807 3148
3072 227 2808 3149
3073 227 2808 3150
3074 227 2808 3151
3075 222 2809 2810
3076 222 2809 2813
3077 247 2809 2865
3078 227 2809 3152
3079 222 2810 2811
3080 227 2810 3153
3081 227 2810 3154
3082 247 2811 2812
3083 227 2811 3155
3084 227 2811 3156
3085 458 2812 2843
3086 222 2813 2814
3087 227 2813 3157
3088 227 2813 3158
3089 222 2814 2815
3090 227 2814 3159
3091 227 2814 3160
3092 222 2815 2816
3093 227 2815 3161
3094 227 2815 3162
3095 328 2816 2817
3096 227 2816 3163
3097 227 2816 3164
3098 345 2817 2818
3099 346 2817 2819
3100 247 2820 2821
3101 247 2820 2822
3102 227 2821 3165
3103 227 2822 3166
3104 227 2822 3167
3105 227 2822 3168
3106 327 2823 2824
3107 346 2823 2827
3108 345 2823 2828
3109 152 2824 2825
3110 153 2824 2826
3111 160 2825 3169
3112 160 2825 3170
3113 227 2826 3171
3114 227 2826 3172
3115 227 2826 3173
3116 243 2828 2829
3117 222 2829 2830
3118 227 2829 3174
3119 227 2829 3175
3120 222 2830 2831
3121 243 2830 2841
3122 227 2830 3176
3123 227 2831 3177
3124 227 2831 3178
3125 227 2831 3179
3126 222 2832 2833
3127 222 2832 2836
3128 247 2832 2843
3129 227 2832 3180
3130 222 2833 2834
3131 227 2833 3181
3132 227 2833 3182
3133 247 2834 2835
3134 227 2834 3183
3135 227 2834 3184
3136 222 2836 2837
3137 227 2836 3185
3138 227 2836 3186
3139 222 2837 2838
3140 227 2837 3187
3141 227 2837 3188
3142 222 2838 2839
3143 227 2838 3189
3144 227 2838 3190
3145 328 2839 2840
3146 227 2839 3191
3147 227 2839 3192
3148 345 2840 2841
3149 346 2840 2842
3150 327 2844 2845
3151 346 2844 2848
3152 345 2844 2849
3153 152 2845 2846
3154 153 2845 2847
3155 160 2846 3193
3156 160 2846 3194
3157 227 2847 3195
3158 227 2847 3196
3159 227 2847 3197
3160 243 2849 2850
3161 222 2850 2851
3162 227 2850 3198
3163 227 2850 3199
3164 222 2851 2852
3165 243 2851 2863
3166 227 2851 3200
3167 227 2852 3201
3168 227 2852 3202
3169 227 2852 3203
3170 247 2853 2854
3171 222 2854 2855
3172 222 2854 2858
3173 227 2854 3204
3174 222 2855 2856
3175 227 2855 3205
3176 227 2855 3206
3177 247 2856 2857
3178 227 2856 3207
3179 227 2856 3208
3180 458 2857 2865
3181 222 2858 2859
3182 227 2858 3209
3183 227 2858 3210
3184 222 2859 2860
3185 227 2859 3211
3186 227 2859 3212
3187 222 2860 2861
3188 227 2860 3213
3189 227 2860 3214
3190 328 2861 2862
3191 227 2861 3215
3192 227 2861 3216
3193 345 2862 2863
3194 346 2862 2864
3195 222 2866 2867
3196 222 2866 2877
3197 227 2866 3217
3198 227 2866 3218
3199 222 2867 2868
3200 227 2867 3219
3201 227 2867 3220
3202 222 2868 2869
3203 227 2868 3221
3204 227 2868 3222
3205 222 2869 2870
3206 227 2869 3223
3207 227 2869 3224
3208 222 2870 2871
3209 227 2870 3225
3210 227 2870 3226
3211 222 2871 2872
3212 227 2871 3227
3213 227 2871 3228
3214 222 2872 2873
3215 227 2872 3229
3216 227 2872 3230
3217 222 2873 2874
3218 227 2873 3231
3219 227 2873 3232
3220 222 2874 2875
3221 227 2874 3233
3222 227 2874 3234
3223 222 2875 2876
3224 227 2875 3235
3225 227 2875 3236
3226 243 2876 2880
3227 227 2876 3237
3228 227 2876 3238
3229 227 2877 3239
3230 227 2877 3240
3231 227 2877 3241
3232 328 2878 2879
3233 222 2878 2882
3234 222 2878 2883
3235 227 2878 3242
3236 345 2879 2880
3237 346 2879 2881
3238 227 2882 3243
3239 227 2882 3244
3240 227 2882 3245
3241 227 2883 3246
3242 227 2883 3247
3243 227 2884 3248
3244 227 2884 3249
3245 227 2884 3250
3246 346 3251 3253
3247 344 3252 3253
3248 386 3252 3535
3249 328 3253 3254
3250 222 3254 3255
3251 227 3254 3536
3252 227 3254 3537
3253 222 3255 3256
3254 227 3255 3538
3255 227 3255 3539
3256 222 3256 3257
3257 227 3256 3540
3258 227 3256 3541
3259 222 3257 3281
3260 227 3257 3542
3261 227 3257 3543
3262 247 3258 3259
3263 458 3258 3313
3264 222 3259 3260
3265 227 3259 3544
3266 227 3259 3545
3267 222 3260 3281
3268 227 3260 3546
3269 227 3260 3547
3270 328 3261 3262
3271 346 3261 3265
3272 345 3261 3266
3273 222 3262 3263
3274 222 3262 3264
3275 222 3262 3344
3276 222 3263 3343
3277 227 3263 3548
3278 227 3263 3549
3279 227 3264 3550
3280 227 3264 3551
3281 227 3264 3552
3282 243 3266 3267
3283 222 3267 3268
3284 227 3267 3553
3285 227 3267 3554
3286 222 3268 3269
3287 243 3268 3279
3288 227 3268 3555
3289 227 3269 3556
3290 227 3269 3557
3291 227 3269 3558
3292 222 3270 3271
3293 222 3270 3274
3294 247 3270 3325
3295 227 3270 3559
3296 222 3271 3272
3297 227 3271 3560
3298 227 3271 3561
3299 247 3272 3273
3300 227 3272 3562
3301 227 3272 3563
3302 458 3273 3303
3303 222 3274 3275
3304 227 3274 3564
3305 227 3274 3565
3306 222 3275 3276
3307 227 3275 3566
3308 227 3275 3567
3309 222 3276 3277
3310 227 3276 3568
3311 227 3276 3569
3312 328 3277 3278
3313 227 3277 3570
3314 227 3277 3571
3315 345 3278 3279
3316 346 3278 3280
3317 247 3281 3397
3318 227 3281 3572
3319 327 3282 3283
3320 346 3282 3286
3321 345 3282 3287
3322 152 3283 3284
3323 153 3283 3285
3324 160 3284 3573
3325 160 3284 3574
3326 227 3285 3575
3327 227 3285 3576
3328 227 3285 3577
3329 243 3287 3288
3330 222 3288 3289
3331 227 3288 3578
3332 227 3288 3579
3333 222 3289 3290
3334 243 3289 3300
3335 227 3289 3580
3336 227 3290 3581
3337 227 3290 3582
3338 227 3290 3583
3339 222 3291 3292
3340 222 3291 3295
3341 247 3291 3303
3342 227 3291 3584
3343 222 3292 3293
3344 227 3292 3585
3345 227 3292 3586
3346 247 3293 3294
3347 227 3293 3587
3348 227 3293 3588
3349 247 3294 3302
3350 222 3295 3296
3351 227 3295 3589
3352 227 3295 3590
3353 222 3296 3297
3354 227 3296 3591
3355 227 3296 3592
3356 222 3297 3298
3357 227 3297 3593
3358 227 3297 3594
3359 328 3298 3299
3360 227 3298 3595
3361 227 3298 3596
3362 345 3299 3300
3363 346 3299 3301
3364 227 3302 3597
3365 227 3302 3598
3366 227 3302 3599
3367 327 3304 3305
3368 346 3304 3308
3369 345 3304 3309
3370 152 3305 3306
3371 153 3305 3307
3372 160 3306 3600
3373 160 3306 3601
3374 227 3307 3602
3375 227 3307 3603
3376 227 3307 3604
3377 243 3309 3310
3378 222 3310 3311
3379 227 3310 3605
3380 227 3310 3606
3381 222 3311 3312
3382 243 3311 3323
3383 227 3311 3607
3384 227 3312 3608
3385 227 3312 3609
3386 227 3312 3610
3387 247 3313 3314
3388 222 3314 3315
3389 222 3314 3318
3390 227 3314 3611
3391 222 3315 3316
3392 227 3315 3612
3393 227 3315 3613
3394 247 3316 3317
3395 227 3316 3614
3396 227 3316 3615
3397 458 3317 3325
3398 222 3318 3319
3399 227 3318 3616
3400 227 3318 3617
3401 222 3319 3320
3402 227 3319 3618
3403 227 3319 3619
3404 222 3320 3321
3405 227 3320 3620
3406 227 3320 3621
3407 328 3321 3322
3408 227 3321 3622
3409 227 3321 3623
3410 345 3322 3323
3411 346 3322 3324
3412 222 3326 3327
3413 222 3326 3337
3414 227 3326 3624
3415 227 3326 3625
3416 222 3327 3328
3417 227 3327 3626
3418 227 3327 3627
3419 222 3328 3329
3420 227 3328 3628
3421 227 3328 3629
3422 222 3329 3330
3423 227 3329 3630
3424 227 3329 3631
3425 222 3330 3331
3426 227 3330 3632
3427 227 3330 3633
3428 222 3331 3332
3429 227 3331 3634
3430 227 3331 3635
3431 222 3332 3333
3432 227 3332 3636
3433 227 3332 3637
3434 222 3333 3334
3435 227 3333 3638
3436 227 3333 3639
3437 222 3334 3335
3438 227 3334 3640
3439 227 3334 3641
3440 222 3335 3336
3441 227 3335 3642
3442 227 3335 3643
3443 243 3336 3340
3444 227 3336 3644
3445 227 3336 3645
3446 227 3337 3646
3447 227 3337 3647
3448 227 3337 3648
3449 328 3338 3339
3450 222 3338 3342
3451 222 3338 3343
3452 227 3338 3649
3453 345 3339 3340
3454 346 3339 3341
3455 227 3342 3650
3456 227 3342 3651
3457 227 3342 3652
3458 227 3343 3653
3459 227 3343 3654
3460 227 3344 3655
3461 227 3344 3656
3462 227 3344 3657
3463 346 3345 3347
3464 344 3346 3347
3465 386 3346 3658
3466 328 3347 3348
3467 222 3348 3349
3468 227 3348 3659
3469 227 3348 3660
3470 222 3349 3350
3471 227 3349 3661
3472 227 3349 3662
3473 222 3350 3351
3474 227 3350 3663
3475 227 3350 3664
3476 222 3351 3376
3477 227 3351 3665
3478 227 3351 3666
3479 247 3352 3353
3480 458 3352 3408
3481 222 3353 3354
3482 227 3353 3667
3483 227 3353 3668
3484 222 3354 3376
3485 227 3354 3669
3486 227 3354 3670
3487 328 3355 3356
3488 346 3355 3359
3489 345 3355 3360
3490 222 3356 3357
3491 222 3356 3358
3492 222 3356 3439
3493 222 3357 3438
3494 227 3357 3671
3495 227 3357 3672
3496 227 3358 3673
3497 227 3358 3674
3498 227 3358 3675
3499 243 3360 3361
3500 222 3361 3362
3501 227 3361 3676
3502 227 3361 3677
3503 222 3362 3363
3504 243 3362 3373
3505 227 3362 3678
3506 227 3363 3679
3507 227 3363 3680
3508 227 3363 3681
3509 222 3364 3365
3510 222 3364 3368
3511 247 3364 3420
3512 227 3364 3682
3513 222 3365 3366
3514 227 3365 3683
3515 227 3365 3684
3516 247 3366 3367
3517 227 3366 3685
3518 227 3366 3686
3519 458 3367 3398
3520 222 3368 3369
3521 227 3368 3687
3522 227 3368 3688
3523 222 3369 3370
3524 227 3369 3689
3525 227 3369 3690
3526 222 3370 3371
3527 227 3370 3691
3528 227 3370 3692
3529 328 3371 3372
3530 227 3371 3693
3531 227 3371 3694
3532 345 3372 3373
3533 346 3372 3374
3534 247 3375 3376
3535 458 3375 3485
3536 227 3376 3695
3537 327 3377 3378
3538 346 3377 3381
3539 345 3377 3382
3540 152 3378 3379
3541 153 3378 3380
3542 160 3379 3696
3543 160 3379 3697
3544 227 3380 3698
3545 227 3380 3699
3546 227 3380 3700
3547 243 3382 3383
3548 222 3383 3384
3549 227 3383 3701
3550 227 3383 3702
3551 222 3384 3385
3552 243 3384 3395
3553 227 3384 3703
3554 227 3385 3704
3555 227 3385 3705
3556 227 3385 3706
3557 222 3386 3387
3558 222 3386 3390
3559 247 3386 3398
3560 227 3386 3707
3561 222 3387 3388
3562 227 3387 3708
3563 227 3387 3709
3564 247 3388 3389
3565 227 3388 3710
3566 227 3388 3711
3567 458 3389 3397
3568 222 3390 3391
3569 227 3390 3712
3570 227 3390 3713
3571 222 3391 3392
3572 227 3391 3714
3573 227 3391 3715
3574 222 3392 3393
3575 227 3392 3716
3576 227 3392 3717
3577 328 3393 3394
3578 227 3393 3718
3579 227 3393 3719
3580 345 3394 3395
3581 346 3394 3396
3582 327 3399 3400
3583 346 3399 3403
3584 345 3399 3404
3585 152 3400 3401
3586 153 3400 3402
3587 160 3401 3720
3588 160 3401 3721
3589 227 3402 3722
3590 227 3402 3723
3591 227 3402 3724
3592 243 3404 3405
3593 222 3405 3406
3594 227 3405 3725
3595 227 3405 3726
3596 222 3406 3407
3597 243 3406 3418
3598 227 3406 3727
3599 227 3407 3728
3600 227 3407 3729
3601 227 3407 3730
3602 247 3408 3409
3603 222 3409 3410
3604 222 3409 3413
3605 227 3409 3731
3606 222 3410 3411
3607 227 3410 3732
3608 227 3410 3733
3609 247 3411 3412
3610 227 3411 3734
3611 227 3411 3735
3612 458 3412 3420
3613 222 3413 3414
3614 227 3413 3736
3615 227 3413 3737
3616 222 3414 3415
3617 227 3414 3738
3618 227 3414 3739
3619 222 3415 3416
3620 227 3415 3740
3621 227 3415 3741
3622 328 3416 3417
3623 227 3416 3742
3624 227 3416 3743
3625 345 3417 3418
3626 346 3417 3419
3627 222 3421 3422
3628 222 3421 3432
3629 227 3421 3744
3630 227 3421 3745
3631 222 3422 3423
3632 227 3422 3746
3633 227 3422 3747
3634 222 3423 3424
3635 227 3423 3748
3636 227 3423 3749
3637 222 3424 3425
3638 227 3424 3750
3639 227 3424 3751
3640 222 3425 3426
3641 227 3425 3752
3642 227 3425 3753
3643 222 3426 3427
3644 227 3426 3754
3645 227 3426 3755
3646 222 3427 3428
3647 227 3427 3756
3648 227 3427 3757
3649 222 3428 3429
3650 227 3428 3758
3651 227 3428 3759
3652 222 3429 3430
3653 227 3429 3760
3654 227 3429 3761
3655 222 3430 3431
3656 227 3430 3762
3657 227 3430 3763
3658 243 3431 3435
3659 227 3431 3764
3660 227 3431 3765
3661 227 3432 3766
3662 227 3432 3767
3663 227 3432 3768
3664 328 3433 3434
3665 222 3433 3437
3666 222 3433 3438
3667 227 3433 3769
3668 345 3434 3435
3669 346 3434 3436
3670 227 3437 3770
3671 227 3437 3771
3672 227 3437 3772
3673 227 3438 3773
3674 227 3438 3774
3675 227 3439 3775
3676 227 3439 3776
3677 227 3439 3777
3678 346 3440 3442
3679 344 3441 3442
3680 386 3441 3778
3681 328 3442 3443
3682 222 3443 3444
3683 227 3443 3779
3684 227 3443 3780
3685 222 3444 3445
3686 227 3444 3781
3687 227 3444 3782
3688 222 3445 3446
3689 227 3445 3783
3690 227 3445 3784
3691 222 3446 3471
3692 227 3446 3785
3693 227 3446 3786
3694 247 3447 3448
3695 458 3447 3503
3696 222 3448 3449
3697 227 3448 3787
3698 227 3448 3788
3699 222 3449 3471
3700 227 3449 3789
3701 227 3449 3790
3702 328 3450 3451
3703 346 3450 3454
3704 345 3450 3455
3705 222 3451 3452
3706 222 3451 3453
3707 222 3451 3534
3708 222 3452 3533
3709 227 3452 3791
3710 227 3452 3792
3711 227 3453 3793
3712 227 3453 3794
3713 227 3453 3795
3714 243 3455 3456
3715 222 3456 3457
3716 227 3456 3796
3717 227 3456 3797
3718 222 3457 3458
3719 243 3457 3468
3720 227 3457 3798
3721 227 3458 3799
3722 227 3458 3800
3723 227 3458 3801
3724 222 3459 3460
3725 222 3459 3463
3726 247 3459 3515
3727 227 3459 3802
3728 222 3460 3461
3729 227 3460 3803
3730 227 3460 3804
3731 247 3461 3462
3732 227 3461 3805
3733 227 3461 3806
3734 458 3462 3493
3735 222 3463 3464
3736 227 3463 3807
3737 227 3463 3808
3738 222 3464 3465
3739 227 3464 3809
3740 227 3464 3810
3741 222 3465 3466
3742 227 3465 3811
3743 227 3465 3812
3744 328 3466 3467
3745 227 3466 3813
3746 227 3466 3814
3747 345 3467 3468
3748 346 3467 3469
3749 247 3470 3471
3750 247 3470 3472
3751 227 3471 3815
3752 227 3472 3816
3753 227 3472 3817
3754 227 3472 3818
3755 327 3473 3474
3756 346 3473 3477
3757 345 3473 3478
3758 152 3474 3475
3759 153 3474 3476
3760 160 3475 3819
3761 160 3475 3820
3762 227 3476 3821
3763 227 3476 3822
3764 227 3476 3823
3765 243 3478 3479
3766 222 3479 3480
3767 227 3479 3824
3768 227 3479 3825
3769 222 3480 3481
3770 243 3480 3491
3771 227 3480 3826
3772 227 3481 3827
3773 227 3481 3828
3774 227 3481 3829
3775 222 3482 3483
3776 222 3482 3486
3777 247 3482 3493
3778 227 3482 3830
3779 222 3483 3484
3780 227 3483 3831
3781 227 3483 3832
3782 247 3484 3485
3783 227 3484 3833
3784 227 3484 3834
3785 222 3486 3487
3786 227 3486 3835
3787 227 3486 3836
3788 222 3487 3488
3789 227 3487 3837
3790 227 3487 3838
3791 222 3488 3489
3792 227 3488 3839
3793 227 3488 3840
3794 328 3489 3490
3795 227 3489 3841
3796 227 3489 3842
3797 345 3490 3491
3798 346 3490 3492
3799 327 3494 3495
3800 346 3494 3498
3801 345 3494 3499
3802 152 3495 3496
3803 153 3495 3497
3804 160 3496 3843
3805 160 3496 3844
3806 227 3497 3845
3807 227 3497 3846
3808 227 3497 3847
3809 243 3499 3500
3810 222 3500 3501
3811 227 3500 3848
3812 227 3500 3849
3813 222 3501 3502
3814 243 3501 3513
3815 227 3501 3850
3816 227 3502 3851
3817 227 3502 3852
3818 227 3502 3853
3819 247 3503 3504
3820 222 3504 3505
3821 222 3504 3508
3822 227 3504 3854
3823 222 3505 3506
3824 227 3505 3855
3825 227 3505 3856
3826 247 3506 3507
3827 227 3506 3857
3828 227 3506 3858
3829 458 3507 3515
3830 222 3508 3509
3831 227 3508 3859
3832 227 3508 3860
3833 222 3509 3510
3834 227 3509 3861
3835 227 3509 3862
3836 222 3510 3511
3837 227 3510 3863
3838 227 3510 3864
3839 328 3511 3512
3840 227 3511 3865
3841 227 3511 3866
3842 345 3512 3513
3843 346 3512 3514
3844 222 3516 3517
3845 222 3516 3527
3846 227 3516 3867
3847 227 3516 3868
3848 222 3517 3518
3849 227 3517 3869
3850 227 3517 3870
3851 222 3518 3519
3852 227 3518 3871
3853 227 3518 3872
3854 222 3519 3520
3855 227 3519 3873
3856 227 3519 3874
3857 222 3520 3521
3858 227 3520 3875
3859 227 3520 3876
3860 222 3521 3522
3861 227 3521 3877
3862 227 3521 3878
3863 222 3522 3523
3864 227 3522 3879
3865 227 3522 3880
3866 222 3523 3524
3867 227 3523 3881
3868 227 3523 3882
3869 222 3524 3525
3870 227 3524 3883
3871 227 3524 3884
3872 222 3525 3526
3873 227 3525 3885
3874 227 3525 3886
3875 243 3526 3530
3876 227 3526 3887
3877 227 3526 3888
3878 227 3527 3889
3879 227 3527 3890
3880 227 3527 3891
3881 328 3528 3529
3882 222 3528 3532
3883 222 3528 3533
3884 227 3528 3892
3885 345 3529 3530
3886 346 3529 3531
3887 227 3532 3893
3888 227 3532 3894
3889 227 3532 3895
3890 227 3533 3896
3891 227 3533 3897
3892 227 3534 3898
3893 227 3534 3899
3894 227 3534 3900
3895 346 3901 3903
3896 344 3902 3903
3897 386 3902 4185
3898 328 3903 3904
3899 222 3904 3905
3900 227 3904 4186
3901 227 3904 4187
3902 222 3905 3906
3903 227 3905 4188
3904 227 3905 4189
3905 222 3906 3907
3906 227 3906 4190
3907 227 3906 4191
3908 222 3907 3931
3909 227 3907 4192
3910 227 3907 4193
3911 247 3908 3909
3912 458 3908 3963
3913 222 3909 3910
3914 227 3909 4194
3915 227 3909 4195
3916 222 3910 3931
3917 227 3910 4196
3918 227 3910 4197
3919 328 3911 3912
3920 346 3911 3915
3921 345 3911 3916
3922 222 3912 3913
3923 222 3912 3914
3924 222 3912 3994
3925 222 3913 3993
3926 227 3913 4198
3927 227 3913 4199
3928 227 3914 4200
3929 227 3914 4201
3930 227 3914 4202
3931 243 3916 3917
3932 222 3917 3918
3933 227 3917 4203
3934 227 3917 4204
3935 222 3918 3919
3936 243 3918 3929
3937 227 3918 4205
3938 227 3919 4206
3939 227 3919 4207
3940 227 3919 4208
3941 222 3920 3921
3942 222 3920 3924
3943 247 3920 3975
3944 227 3920 4209
3945 222 3921 3922
3946 227 3921 4210
3947 227 3921 4211
3948 247 3922 3923
3949 227 3922 4212
3950 227 3922 4213
3951 458 3923 3953
3952 222 3924 3925
3953 227 3924 4214
3954 227 3924 4215
3955 222 3925 3926
3956 227 3925 4216
3957 227 3925 4217
3958 222 3926 3927
3959 227 3926 4218
3960 227 3926 4219
3961 328 3927 3928
3962 227 3927 4220
3963 227 3927 4221
3964 345 3928 3929
3965 346 3928 3930
3966 247 3931 4047
3967 227 3931 4222
3968 327 3932 3933
3969 346 3932 3936
3970 345 3932 3937
3971 152 3933 3934
3972 153 3933 3935
3973 160 3934 4223
3974 160 3934 4224
3975 227 3935 4225
3976 227 3935 4226
3977 227 3935 4227
3978 243 3937 3938
3979 222 3938 3939
3980 227 3938 4228
3981 227 3938 4229
3982 222 3939 3940
3983 243 3939 3950
3984 227 3939 4230
3985 227 3940 4231
3986 227 3940 4232
3987 227 3940 4233
3988 222 3941 3942
3989 222 3941 3945
3990 247 3941 3953
3991 227 3941 4234
3992 222 3942 3943
3993 227 3942 4235
3994 227 3942 4236
3995 247 3943 3944
3996 227 3943 4237
3997 227 3943 4238
3998 247 3944 3952
3999 222 3945 3946
4000 227 3945 4239
4001 227 3945 4240
4002 222 3946 3947
4003 227 3946 4241
4004 227 3946 4242
4005 222 3947 3948
4006 227 3947 4243
4007 227 3947 4244
4008 328 3948 3949
4009 227 3948 4245
4010 227 3948 4246
4011 345 3949 3950
4012 346 3949 3951
4013 227 3952 4247
4014 227 3952 4248
4015 227 3952 4249
4016 327 3954 3955
4017 346 3954 3958
4018 345 3954 3959
4019 152 3955 3956
4020 153 3955 3957
4021 160 3956 4250
4022 160 3956 4251
4023 227 3957 4252
4024 227 3957 4253
4025 227 3957 4254
4026 243 3959 3960
4027 222 3960 3961
4028 227 3960 4255
4029 227 3960 4256
4030 222 3961 3962
4031 243 3961 3973
4032 227 3961 4257
4033 227 3962 4258
4034 227 3962 4259
4035 227 3962 4260
4036 247 3963 3964
4037 222 3964 3965
4038 222 3964 3968
4039 227 3964 4261
4040 222 3965 3966
4041 227 3965 4262
4042 227 3965 4263
4043 247 3966 3967
4044 227 3966 4264
4045 227 3966 4265
4046 458 3967 3975
4047 222 3968 3969
4048 227 3968 4266
4049 227 3968 4267
4050 222 3969 3970
4051 227 3969 4268
4052 227 3969 4269
4053 222 3970 3971
4054 227 3970 4270
4055 227 3970 4271
4056 328 3971 3972
4057 227 3971 4272
4058 227 3971 4273
4059 345 3972 3973
4060 346 3972 3974
4061 222 3976 3977
4062 222 3976 3987
4063 227 3976 4274
4064 227 3976 4275
4065 222 3977 3978
4066 227 3977 4276
4067 227 3977 4277
4068 222 3978 3979
4069 227 3978 4278
4070 227 3978 4279
4071 222 3979 3980
4072 227 3979 4280
4073 227 3979 4281
4074 222 3980 3981
4075 227 3980 4282
4076 227 3980 4283
4077 222 3981 3982
4078 227 3981 4284
4079 227 3981 4285
4080 222 3982 3983
4081 227 3982 4286
4082 227 3982 4287
4083 222 3983 3984
4084 227 3983 4288
4085 227 3983 4289
4086 222 3984 3985
4087 227 3984 4290
4088 227 3984 4291
4089 222 3985 3986
4090 227 3985 4292
4091 227 3985 4293
4092 243 3986 3990
4093 227 3986 4294
4094 227 3986 4295
4095 227 3987 4296
4096 227 3987 4297
4097 227 3987 4298
4098 328 3988 3989
4099 222 3988 3992
4100 222 3988 3993
4101 227 3988 4299
4102 345 3989 3990
4103 346 3989 3991
4104 227 3992 4300
4105 227 3992 4301
4106 227 3992 4302
4107 227 3993 4303
4108 227 3993 4304
4109 227 3994 4305
4110 227 3994 4306
4111 227 3994 4307
4112 346 3995 3997
4113 344 3996 3997
4114 386 3996 4308
4115 328 3997 3998
4116 222 3998 3999
4117 227 3998 4309
4118 227 3998 4310
4119 222 3999 4000
4120 227 3999 4311
4121 227 3999 4312
4122 222 4000 4001
4123 227 4000 4313
4124 227 4000 4314
4125 222 4001 4026
4126 227 4001 4315
4127 227 4001 4316
4128 247 4002 4003
4129 458 4002 4058
4130 222 4003 4004
4131 227 4003 4317
4132 227 4003 4318
4133 222 4004 4026
4134 227 4004 4319
4135 227 4004 4320
4136 328 4005 4006
4137 346 4005 4009
4138 345 4005 4010
4139 222 4006 4007
4140 222 4006 4008
4141 222 4006 4089
4142 222 4007 4088
4143 227 4007 4321
4144 227 4007 4322
4145 227 4008 4323
4146 227 4008 4324
4147 227 4008 4325
4148 243 4010 4011
4149 222 4011 4012
4150 227 4011 4326
4151 227 4011 4327
4152 222 4012 4013
4153 243 4012 4023
4154 227 4012 4328
4155 227 4013 4329
4156 227 4013 4330
4157 227 4013 4331
4158 222 4014 4015
4159 222 4014 4018
4160 247 4014 4070
4161 227 4014 4332
4162 222 4015 4016
4163 227 4015 4333
4164 227 4015 4334
4165 247 4016 4017
4166 227 4016 4335
4167 227 4016 4336
4168 458 4017 4048
4169 222 4018 4019
4170 227 4018 4337
4171 227 4018 4338
4172 222 4019 4020
4173 227 4019 4339
4174 227 4019 4340
4175 222 4020 4021
4176 227 4020 4341
4177 227 4020 4342
4178 328 4021 4022
4179 227 4021 4343
4180 227 4021 4344
4181 345 4022 4023
4182 346 4022 4024
4183 247 4025 4026
4184 458 4025 4135
4185 227 4026 4345
4186 327 4027 4028
4187 346 4027 4031
4188 345 4027 4032
4189 152 4028 4029
4190 153 4028 4030
4191 160 4029 4346
4192 160 4029 4347
4193 227 4030 4348
4194 227 4030 4349
4195 227 4030 4350
4196 243 4032 4033
4197 222 4033 4034
4198 227 4033 4351
4199 227 4033 4352
4200 222 4034 4035
4201 243 4034 4045
4202 227 4034 4353
4203 227 4035 4354
4204 227 4035 4355
4205 227 4035 4356
4206 222 4036 4037
4207 222 4036 4040
4208 247 4036 4048
4209 227 4036 4357
4210 222 4037 4038
4211 227 4037 4358
4212 227 4037 4359
4213 247 4038 4039
4214 227 4038 4360
4215 227 4038 4361
4216 458 4039 4047
4217 222 4040 4041
4218 227 4040 4362
4219 227 4040 4363
4220 222 4041 4042
4221 227 4041 4364
4222 227 4041 4365
4223 222 4042 4043
4224 227 4042 4366
4225 227 4042 4367
4226 328 4043 4044
4227 227 4043 4368
4228 227 4043 4369
4229 345 4044 4045
4230 346 4044 4046
4231 327 4049 4050
4232 346 4049 4053
4233 345 4049 4054
4234 152 4050 4051
4235 153 4050 4052
4236 160 4051 4370
4237 160 4051 4371
4238 227 4052 4372
4239 227 4052 4373
4240 227 4052 4374
4241 243 4054 4055
4242 222 4055 4056
4243 227 4055 4375
4244 227 4055 4376
4245 222 4056 4057
4246 243 4056 4068
4247 227 4056 4377
4248 227 4057 4378
4249 227 4057 4379
4250 227 4057 4380
4251 247 4058 4059
4252 222 4059 4060
4253 222 4059 4063
4254 227 4059 4381
4255 222 4060 4061
4256 227 4060 4382
4257 227 4060 4383
4258 247 4061 4062
4259 227 4061 4384
4260 227 4061 4385
4261 458 4062 4070
4262 222 4063 4064
4263 227 4063 4386
4264 227 4063 4387
4265 222 4064 4065
4266 227 4064 4388
4267 227 4064 4389
4268 222 4065 4066
4269 227 4065 4390
4270 227 4065 4391
4271 328 4066 4067
4272 227 4066 4392
4273 227 4066 4393
4274 345 4067 4068
4275 346 4067 4069
4276 222 4071 4072
4277 222 4071 4082
4278 227 4071 4394
4279 227 4071 4395
4280 222 4072 4073
4281 227 4072 4396
4282 227 4072 4397
4283 222 4073 4074
4284 227 4073 4398
4285 227 4073 4399
4286 222 4074 4075
4287 227 4074 4400
4288 227 4074 4401
4289 222 4075 4076
4290 227 4075 4402
4291 227 4075 4403
4292 222 4076 4077
4293 227 4076 4404
4294 227 4076 4405
4295 222 4077 4078
4296 227 4077 4406
4297 227 4077 4407
4298 222 4078 4079
4299 227 4078 4408
4300 227 4078 4409
4301 222 4079 4080
4302 227 4079 4410
4303 227 4079 4411
4304 222 4080 4081
4305 227 4080 4412
4306 227 4080 4413
4307 243 4081 4085
4308 227 4081 4414
4309 227 4081 4415
4310 227 4082 4416
4311 227 4082 4417
4312 227 4082 4418
4313 328 4083 4084
4314 222 4083 4087
4315 222 4083 4088
4316 227 4083 4419
4317 345 4084 4085
4318 346 4084 4086
4319 227 4087 4420
4320 227 4087 4421
4321 227 4087 4422
4322 227 4088 4423
4323 227 4088 4424
4324 227 4089 4425
4325 227 4089 4426
4326 227 4089 4427
4327 346 4090 4092
4328 344 4091 4092
4329 386 4091 4428
4330 328 4092 4093
4331 222 4093 4094
4332 227 4093 4429
4333 227 4093 4430
4334 222 4094 4095
4335 227 4094 4431
4336 227 4094 4432
4337 222 4095 4096
4338 227 4095 4433
4339 227 4095 4434
4340 222 4096 4121
4341 227 4096 4435
4342 227 4096 4436
4343 247 4097 4098
4344 458 4097 4153
4345 222 4098 4099
4346 227 4098 4437
4347 227 4098 4438
4348 222 4099 4121
4349 227 4099 4439
4350 227 4099 4440
4351 328 4100 4101
4352 346 4100 4104
4353 345 4100 4105
4354 222 4101 4102
4355 222 4101 4103
4356 222 4101 4184
4357 222 4102 4183
4358 227 4102 4441
4359 227 4102 4442
4360 227 4103 4443
4361 227 4103 4444
4362 227 4103 4445
4363 243 4105 4106
4364 222 4106 4107
4365 227 4106 4446
4366 227 4106 4447
4367 222 4107 4108
4368 243 4107 4118
4369 227 4107 4448
4370 227 4108 4449
4371 227 4108 4450
4372 227 4108 4451
4373 222 4109 4110
4374 222 4109 4113
4375 247 4109 4165
4376 227 4109 4452
4377 222 4110 4111
4378 227 4110 4453
4379 227 4110 4454
4380 247 4111 4112
4381 227 4111 4455
4382 227 4111 4456
4383 458 4112 4143
4384 222 4113 4114
4385 227 4113 4457
4386 227 4113 4458
4387 222 4114 4115
4388 227 4114 4459
4389 227 4114 4460
4390 222 4115 4116
4391 227 4115 4461
4392 227 4115 4462
4393 328 4116 4117
4394 227 4116 4463
4395 227 4116 4464
4396 345 4117 4118
4397 346 4117 4119
4398 247 4120 4121
4399 247 4120 4122
4400 227 4121 4465
4401 227 4122 4466
4402 227 4122 4467
4403 227 4122 4468
4404 327 4123 4124
4405 346 4123 4127
4406 345 4123 4128
4407 152 4124 4125
4408 153 4124 4126
4409 160 4125 4469
4410 160 4125 4470
4411 227 4126 4471
4412 227 4126 4472
4413 227 4126 4473
4414 243 4128 4129
4415 222 4129 4130
4416 227 4129 4474
4417 227 4129 4475
4418 222 4130 4131
4419 243 4130 4141
4420 227 4130 4476
4421 227 4131 4477
4422 227 4131 4478
4423 227 4131 4479
4424 222 4132 4133
4425 222 4132 4136
4426 247 4132 4143
4427 227 4132 4480
4428 222 4133 4134
4429 227 4133 4481
4430 227 4133 4482
4431 247 4134 4135
4432 227 4134 4483
4433 227 4134 4484
4434 222 4136 4137
4435 227 4136 4485
4436 227 4136 4486
4437 222 4137 4138
4438 227 4137 4487
4439 227 4137 4488
4440 222 4138 4139
4441 227 4138 4489
4442 227 4138 4490
4443 328 4139 4140
4444 227 4139 4491
4445 227 4139 4492
4446 345 4140 4141
4447 346 4140 4142
4448 327 4144 4145
4449 346 4144 4148
4450 345 4144 4149
4451 152 4145 4146
4452 153 4145 4147
4453 160 4146 4493
4454 160 4146 4494
4455 227 4147 4495
4456 227 4147 4496
4457 227 4147 4497
4458 243 4149 4150
4459 222 4150 4151
4460 227 4150 4498
4461 227 4150 4499
4462 222 4151 4152
4463 243 4151 4163
4464 227 4151 4500
4465 227 4152 4501
4466 227 4152 4502
4467 227 4152 4503
4468 247 4153 4154
4469 222 4154 4155
4470 222 4154 4158
4471 227 4154 4504
4472 222 4155 4156
4473 227 4155 4505
4474 227 4155 4506
4475 247 4156 4157
4476 227 4156 4507
4477 227 4156 4508
4478 458 4157 4165
4479 222 4158 4159
4480 227 4158 4509
4481 227 4158 4510
4482 222 4159 4160
4483 227 4159 4511
4484 227 4159 4512
4485 222 4160 4161
4486 227 4160 4513
4487 227 4160 4514
4488 328 4161 4162
4489 227 4161 4515
4490 227 4161 4516
4491 345 4162 4163
4492 346 4162 4164
4493 222 4166 4167
4494 222 4166 4177
4495 227 4166 4517
4496 227 4166 4518
4497 222 4167 4168
4498 227 4167 4519
4499 227 4167 4520
4500 222 4168 4169
4501 227 4168 4521
4502 227 4168 4522
4503 222 4169 4170
4504 227 4169 4523
4505 227 4169 4524
4506 222 4170 4171
4507 227 4170 4525
4508 227 4170 4526
4509 222 4171 4172
4510 227 4171 4527
4511 227 4171 4528
4512 222 4172 4173
4513 227 4172 4529
4514 227 4172 4530
4515 222 4173 4174
4516 227 4173 4531
4517 227 4173 4532
4518 222 4174 4175
4519 227 4174 4533
4520 227 4174 4534
4521 222 4175 4176
4522 227 4175 4535
4523 227 4175 4536
4524 243 4176 4180
4525 227 4176 4537
4526 227 4176 4538
4527 227 4177 4539
4528 227 4177 4540
4529 227 4177 4541
4530 328 4178 4179
4531 222 4178 4182
4532 222 4178 4183
4533 227 4178 4542
4534 345 4179 4180
4535 346 4179 4181
4536 227 4182 4543
4537 227 4182 4544
4538 227 4182 4545
4539 227 4183 4546
4540 227 4183 4547
4541 227 4184 4548
4542 227 4184 4549
4543 227 4184 4550
4544 346 4551 4553
4545 344 4552 4553
4546 386 4552 4835
4547 328 4553 4554
4548 222 4554 4555
4549 227 4554 4836
4550 227 4554 4837
4551 222 4555 4556
4552 227 4555 4838
4553 227 4555 4839
4554 222 4556 4557
4555 227 4556 4840
4556 227 4556 4841
4557 222 4557 4581
4558 227 4557 4842
4559 227 4557 4843
4560 247 4558 4559
4561 458 4558 4613
4562 222 4559 4560
4563 227 4559 4844
4564 227 4559 4845
4565 222 4560 4581
4566 227 4560 4846
4567 227 4560 4847
4568 328 4561 4562
4569 346 4561 4565
4570 345 4561 4566
4571 222 4562 4563
4572 222 4562 4564
4573 222 4562 4644
4574 222 4563 4643
4575 227 4563 4848
4576 227 4563 4849
4577 227 4564 4850
4578 227 4564 4851
4579 227 4564 4852
4580 243 4566 4567
4581 222 4567 4568
4582 227 4567 4853
4583 227 4567 4854
4584 222 4568 4569
4585 243 4568 4579
4586 227 4568 4855
4587 227 4569 4856
4588 227 4569 4857
4589 227 4569 4858
4590 222 4570 4571
4591 222 4570 4574
4592 247 4570 4625
4593 227 4570 4859
4594 222 4571 4572
4595 227 4571 4860
4596 227 4571 4861
4597 247 4572 4573
4598 227 4572 4862
4599 227 4572 4863
4600 458 4573 4603
4601 222 4574 4575
4602 227 4574 4864
4603 227 4574 4865
4604 222 4575 4576
4605 227 4575 4866
4606 227 4575 4867
4607 222 4576 4577
4608 227 4576 4868
4609 227 4576 4869
4610 328 4577 4578
4611 227 4577 4870
4612 227 4577 4871
4613 345 4578 4579
4614 346 4578 4580
4615 247 4581 4697
4616 227 4581 4872
4617 327 4582 4583
4618 346 4582 4586
4619 345 4582 4587
4620 152 4583 4584
4621 153 4583 4585
4622 160 4584 4873
4623 160 4584 4874
4624 227 4585 4875
4625 227 4585 4876
4626 227 4585 4877
4627 243 4587 4588
4628 222 4588 4589
4629 227 4588 4878
4630 227 4588 4879
4631 222 4589 4590
4632 243 4589 4600
4633 227 4589 4880
4634 227 4590 4881
4635 227 4590 4882
4636 227 4590 4883
4637 222 4591 4592
4638 222 4591 4595
4639 247 4591 4603
4640 227 4591 4884
4641 222 4592 4593
4642 227 4592 4885
4643 227 4592 4886
4644 247 4593 4594
4645 227 4593 4887
4646 227 4593 4888
4647 247 4594 4602
4648 222 4595 4596
4649 227 4595 4889
4650 227 4595 4890
4651 222 4596 4597
4652 227 4596 4891
4653 227 4596 4892
4654 222 4597 4598
4655 227 4597 4893
4656 227 4597 4894
4657 328 4598 4599
4658 227 4598 4895
4659 227 4598 4896
4660 345 4599 4600
4661 346 4599 4601
4662 227 4602 4897
4663 227 4602 4898
4664 227 4602 4899
4665 327 4604 4605
4666 346 4604 4608
4667 345 4604 4609
4668 152 4605 4606
4669 153 4605 4607
4670 160 4606 4900
4671 160 4606 4901
4672 227 4607 4902
4673 227 4607 4903
4674 227 4607 4904
4675 243 4609 4610
4676 222 4610 4611
4677 227 4610 4905
4678 227 4610 4906
4679 222 4611 4612
4680 243 4611 4623
4681 227 4611 4907
4682 227 4612 4908
4683 227 4612 4909
4684 227 4612 4910
4685 247 4613 4614
4686 222 4614 4615
4687 222 4614 4618
4688 227 4614 4911
4689 222 4615 4616
4690 227 4615 4912
4691 227 4615 4913
4692 247 4616 4617
4693 227 4616 4914
4694 227 4616 4915
4695 458 4617 4625
4696 222 4618 4619
4697 227 4618 4916
4698 227 4618 4917
4699 222 4619 4620
4700 227 4619 4918
4701 227 4619 4919
4702 222 4620 4621
4703 227 4620 4920
4704 227 4620 4921
4705 328 4621 4622
4706 227 4621 4922
4707 227 4621 4923
4708 345 4622 4623
4709 346 4622 4624
4710 222 4626 4627
4711 222 4626 4637
4712 227 4626 4924
4713 227 4626 4925
4714 222 4627 4628
4715 227 4627 4926
4716 227 4627 4927
4717 222 4628 4629
4718 227 4628 4928
4719 227 4628 4929
4720 222 4629 4630
4721 227 4629 4930
4722 227 4629 4931
4723 222 4630 4631
4724 227 4630 4932
4725 227 4630 4933
4726 222 4631 4632
4727 227 4631 4934
4728 227 4631 4935
4729 222 4632 4633
4730 227 4632 4936
4731 227 4632 4937
4732 222 4633 4634
4733 227 4633 4938
4734 227 4633 4939
4735 222 4634 4635
4736 227 4634 4940
4737 227 4634 4941
4738 222 4635 4636
4739 227 4635 4942
4740 227 4635 4943
4741 243 4636 4640
4742 227 4636 4944
4743 227 4636 4945
4744 227 4637 4946
4745 227 4637 4947
4746 227 4637 4948
4747 328 4638 4639
4748 222 4638 4642
4749 222 4638 4643
4750 227 4638 4949
4751 345 4639 4640
4752 346 4639 4641
4753 227 4642 4950
4754 227 4642 4951
4755 227 4642 4952
4756 227 4643 4953
4757 227 4643 4954
4758 227 4644 4955
4759 227 4644 4956
4760 227 4644 4957
4761 346 4645 4647
4762 344 4646 4647
4763 386 4646 4958
4764 328 4647 4648
4765 222 4648 4649
4766 227 4648 4959
4767 227 4648 4960
4768 222 4649 4650
4769 227 4649 4961
4770 227 4649 4962
4771 222 4650 4651
4772 227 4650 4963
4773 227 4650 4964
4774 222 4651 4676
4775 227 4651 4965
4776 227 4651 4966
4777 247 4652 4653
4778 458 4652 4708
4779 222 4653 4654
4780 227 4653 4967
4781 227 4653 4968
4782 222 4654 4676
4783 227 4654 4969
4784 227 4654 4970
4785 328 4655 4656
4786 346 4655 4659
4787 345 4655 4660
4788 222 4656 4657
4789 222 4656 4658
4790 222 4656 4739
4791 222 4657 4738
4792 227 4657 4971
4793 227 4657 4972
4794 227 4658 4973
4795 227 4658 4974
4796 227 4658 4975
4797 243 4660 4661
4798 222 4661 4662
4799 227 4661 4976
4800 227 4661 4977
4801 222 4662 4663
4802 243 4662 4673
4803 227 4662 4978
4804 227 4663 4979
4805 227 4663 4980
4806 227 4663 4981
4807 222 4664 4665
4808 222 4664 4668
4809 247 4664 4720
4810 227 4664 4982
4811 222 4665 4666
4812 227 4665 4983
4813 227 4665 4984
4814 247 4666 4667
4815 227 4666 4985
4816 227 4666 4986
4817 458 4667 4698
4818 222 4668 4669
4819 227 4668 4987
4820 227 4668 4988
4821 222 4669 4670
4822 227 4669 4989
4823 227 4669 4990
4824 222 4670 4671
4825 227 4670 4991
4826 227 4670 4992
4827 328 4671 4672
4828 227 4671 4993
4829 227 4671 4994
4830 345 4672 4673
4831 346 4672 4674
4832 247 4675 4676
4833 458 4675 4785
4834 227 4676 4995
4835 327 4677 4678
4836 346 4677 4681
4837 345 4677 4682
4838 152 4678 4679
4839 153 4678 4680
4840 160 4679 4996
4841 160 4679 4997
4842 227 4680 4998
4843 227 4680 4999
4844 227 4680 5000
4845 243 4682 4683
4846 222 4683 4684
4847 227 4683 5001
4848 227 4683 5002
4849 222 4684 4685
4850 243 4684 4695
4851 227 4684 5003
4852 227 4685 5004
4853 227 4685 5005
4854 227 4685 5006
4855 222 4686 4687
4856 222 4686 4690
4857 247 4686 4698
4858 227 4686 5007
4859 222 4687 4688
4860 227 4687 5008
4861 227 4687 5009
4862 247 4688 4689
4863 227 4688 5010
4864 227 4688 5011
4865 458 4689 4697
4866 222 4690 4691
4867 227 4690 5012
4868 227 4690 5013
4869 222 4691 4692
4870 227 4691 5014
4871 227 4691 5015
4872 222 4692 4693
4873 227 4692 5016
4874 227 4692 5017
4875 328 4693 4694
4876 227 4693 5018
4877 227 4693 5019
4878 345 4694 4695
4879 346 4694 4696
4880 327 4699 4700
4881 346 4699 4703
4882 345 4699 4704
4883 152 4700 4701
4884 153 4700 4702
4885 160 4701 5020
4886 160 4701 5021
4887 227 4702 5022
4888 227 4702 5023
4889 227 4702 5024
4890 243 4704 4705
4891 222 4705 4706
4892 227 4705 5025
4893 227 4705 5026
4894 222 4706 4707
4895 243 4706 4718
4896 227 4706 5027
4897 227 4707 5028
4898 227 4707 5029
4899 227 4707 5030
4900 247 4708 4709
4901 222 4709 4710
4902 222 4709 4713
4903 227 4709 5031
4904 222 4710 4711
4905 227 4710 5032
4906 227 4710 5033
4907 247 4711 4712
4908 227 4711 5034
4909 227 4711 5035
4910 458 4712 4720
4911 222 4713 4714
4912 227 4713 5036
4913 227 4713 5037
4914 222 4714 4715
4915 227 4714 5038
4916 227 4714 5039
4917 222 4715 4716
4918 227 4715 5040
4919 227 4715 5041
4920 328 4716 4717
4921 227 4716 5042
4922 227 4716 5043
4923 345 4717 4718
4924 346 4717 4719
4925 222 4721 4722
4926 222 4721 4732
4927 227 4721 5044
4928 227 4721 5045
4929 222 4722 4723
4930 227 4722 5046
4931 227 4722 5047
4932 222 4723 4724
4933 227 4723 5048
4934 227 4723 5049
4935 222 4724 4725
4936 227 4724 5050
4937 227 4724 5051
4938 222 4725 4726
4939 227 4725 5052
4940 227 4725 5053
4941 222 4726 4727
4942 227 4726 5054
4943 227 4726 5055
4944 222 4727 4728
4945 227 4727 5056
4946 227 4727 5057
4947 222 4728 4729
4948 227 4728 5058
4949 227 4728 5059
4950 222 4729 4730
4951 227 4729 5060
4952 227 4729 5061
4953 222 4730 4731
4954 227 4730 5062
4955 227 4730 5063
4956 243 4731 4735
4957 227 4731 5064
4958 227 4731 5065
4959 227 4732 5066
4960 227 4732 5067
4961 227 4732 5068
4962 328 4733 4734
4963 222 4733 4737
4964 222 4733 4738
4965 227 4733 5069
4966 345 4734 4735
4967 346 4734 4736
4968 227 4737 5070
4969 227 4737 5071
4970 227 4737 5072
4971 227 4738 5073
4972 227 4738 5074
4973 227 4739 5075
4974 227 4739 5076
4975 227 4739 5077
4976 346 4740 4742
4977 344 4741 4742
4978 386 4741 5078
4979 328 4742 4743
4980 222 4743 4744
4981 227 4743 5079
4982 227 4743 5080
4983 222 4744 4745
4984 227 4744 5081
4985 227 4744 5082
4986 222 4745 4746
4987 227 4745 5083
4988 227 4745 5084
4989 222 4746 4771
4990 227 4746 5085
4991 227 4746 5086
4992 247 4747 4748
4993 458 4747 4803
4994 222 4748 4749
4995 227 4748 5087
4996 227 4748 5088
4997 222 4749 4771
4998 227 4749 5089
4999 227 4749 5090
5000 328 4750 4751
5001 346 4750 4754
5002 345 4750 4755
5003 222 4751 4752
5004 222 4751 4753
5005 222 4751 4834
5006 222 4752 4833
5007 227 4752 5091
5008 227 4752 5092
5009 227 4753 5093
5010 227 4753 5094
5011 227 4753 5095
5012 243 4755 4756
5013 222 4756 4757
5014 227 4756 5096
5015 227 4756 5097
5016 222 4757 4758
5017 243 4757 4768
5018 227 4757 5098
5019 227 4758 5099
5020 227 4758 5100
5021 227 4758 5101
5022 222 4759 4760
5023 222 4759 4763
5024 247 4759 4815
5025 227 4759 5102
5026 222 4760 4761
5027 227 4760 5103
5028 227 4760 5104
5029 247 4761 4762
5030 227 4761 5105
5031 227 4761 5106
5032 458 4762 4793
5033 222 4763 4764
5034 227 4763 5107
5035 227 4763 5108
5036 222 4764 4765
5037 227 4764 5109
5038 227 4764 5110
5039 222 4765 4766
5040 227 4765 5111
5041 227 4765 5112
5042 328 4766 4767
5043 227 4766 5113
5044 227 4766 5114
5045 345 4767 4768
5046 346 4767 4769
5047 247 4770 4771
5048 247 4770 4772
5049 227 4771 5115
5050 227 4772 5116
5051 227 4772 5117
5052 227 4772 5118
5053 327 4773 4774
5054 346 4773 4777
5055 345 4773 4778
5056 152 4774 4775
5057 153 4774 4776
5058 160 4775 5119
5059 160 4775 5120
5060 227 4776 5121
5061 227 4776 5122
5062 227 4776 5123
5063 243 4778 4779
5064 222 4779 4780
5065 227 4779 5124
5066 227 4779 5125
5067 222 4780 4781
5068 243 4780 4791
5069 227 4780 5126
5070 227 4781 5127
5071 227 4781 5128
5072 227 4781 5129
5073 222 4782 4783
5074 222 4782 4786
5075 247 4782 4793
5076 227 4782 5130
5077 222 4783 4784
5078 227 4783 5131
5079 227 4783 5132
5080 247 4784 4785
5081 227 4784 5133
5082 227 4784 5134
5083 222 4786 4787
5084 227 4786 5135
5085 227 4786 5136
5086 222 4787 4788
5087 227 4787 5137
5088 227 4787 5138
5089 222 4788 4789
5090 227 4788 5139
5091 227 4788 5140
5092 328 4789 4790
5093 227 4789 5141
5094 227 4789 5142
5095 345 4790 4791
5096 346 4790 4792
5097 327 4794 4795
5098 346 4794 4798
5099 345 4794 4799
5100 152 4795 4796
5101 153 4795 4797
5102 160 4796 5143
5103 160 4796 5144
5104 227 4797 5145
5105 227 4797 5146
5106 227 4797 5147
5107 243 4799 4800
5108 222 4800 4801
5109 227 4800 5148
5110 227 4800 5149
5111 222 4801 4802
5112 243 4801 4813
5113 227 4801 5150
5114 227 4802 5151
5115 227 4802 5152
5116 227 4802 5153
5117 247 4803 4804
5118 222 4804 4805
5119 222 4804 4808
5120 227 4804 5154
5121 222 4805 4806
5122 227 4805 5155
5123 227 4805 5156
5124 247 4806 4807
5125 227 4806 5157
5126 227 4806 5158
5127 458 4807 4815
5128 222 4808 4809
5129 227 4808 5159
5130 227 4808 5160
5131 222 4809 4810
5132 227 4809 5161
5133 227 4809 5162
5134 222 4810 4811
5135 227 4810 5163
5136 227 4810 5164
5137 328 4811 4812
5138 227 4811 5165
5139 227 4811 5166
5140 345 4812 4813
5141 346 4812 4814
5142 222 4816 4817
5143 222 4816 4827
5144 227 4816 5167
5145 227 4816 5168
5146 222 4817 4818
5147 227 4817 5169
5148 227 4817 5170
5149 222 4818 4819
5150 227 4818 5171
5151 227 4818 5172
5152 222 4819 4820
5153 227 4819 5173
5154 227 4819 5174
5155 222 4820 4821
5156 227 4820 5175
5157 227 4820 5176
5158 222 4821 4822
5159 227 4821 5177
5160 227 4821 5178
5161 222 4822 4823
5162 227 4822 5179
5163 227 4822 5180
5164 222 4823 4824
5165 227 4823 5181
5166 227 4823 5182
5167 222 4824 4825
5168 227 4824 5183
5169 227 4824 5184
5170 222 4825 4826
5171 227 4825 5185
5172 227 4825 5186
5173 243 4826 4830
5174 227 4826 5187
5175 227 4826 5188
5176 227 4827 5189
5177 227 4827 5190
5178 227 4827 5191
5179 328 4828 4829
5180 222 4828 4832
5181 222 4828 4833
5182 227 4828 5192
5183 345 4829 4830
5184 346 4829 4831
5185 227 4832 5193
5186 227 4832 5194
5187 227 4832 5195
5188 227 4833 5196
5189 227 4833 5197
5190 227 4834 5198
5191 227 4834 5199
5192 227 4834 5200
5193 346 5201 5203
5194 344 5202 5203
5195 386 5202 5485
5196 328 5203 5204
5197 222 5204 5205
5198 227 5204 5486
5199 227 5204 5487
5200 222 5205 5206
5201 227 5205 5488
5202 227 5205 5489
5203 222 5206 5207
5204 227 5206 5490
5205 227 5206 5491
5206 222 5207 5231
5207 227 5207 5492
5208 227 5207 5493
5209 247 5208 5209
5210 458 5208 5263
5211 222 5209 5210
5212 227 5209 5494
5213 227 5209 5495
5214 222 5210 5231
5215 227 5210 5496
5216 227 5210 5497
5217 328 5211 5212
5218 346 5211 5215
5219 345 5211 5216
5220 222 5212 5213
5221 222 5212 5214
5222 222 5212 5294
5223 222 5213 5293
5224 227 5213 5498
5225 227 5213 5499
5226 227 5214 5500
5227 227 5214 5501
5228 227 5214 5502
5229 243 5216 5217
5230 222 5217 5218
5231 227 5217 5503
5232 227 5217 5504
5233 222 5218 5219
5234 243 5218 5229
5235 227 5218 5505
5236 227 5219 5506
5237 227 5219 5507
5238 227 5219 5508
5239 222 5220 5221
5240 222 5220 5224
5241 247 5220 5275
5242 227 5220 5509
5243 222 5221 5222
5244 227 5221 5510
5245 227 5221 5511
5246 247 5222 5223
5247 227 5222 5512
5248 227 5222 5513
5249 458 5223 5253
5250 222 5224 5225
5251 227 5224 5514
5252 227 5224 5515
5253 222 5225 5226
5254 227 5225 5516
5255 227 5225 5517
5256 222 5226 5227
5257 227 5226 5518
5258 227 5226 5519
5259 328 5227 5228
5260 227 5227 5520
5261 227 5227 5521
5262 345 5228 5229
5263 346 5228 5230
5264 247 5231 5347
5265 227 5231 5522
5266 327 5232 5233
5267 346 5232 5236
5268 345 5232 5237
5269 152 5233 5234
5270 153 5233 5235
5271 160 5234 5523
5272 160 5234 5524
5273 227 5235 5525
5274 227 5235 5526
5275 227 5235 5527
5276 243 5237 5238
5277 222 5238 5239
5278 227 5238 5528
5279 227 5238 5529
5280 222 5239 5240
5281 243 5239 5250
5282 227 5239 5530
5283 227 5240 5531
5284 227 5240 5532
5285 227 5240 5533
5286 222 5241 5242
5287 222 5241 5245
5288 247 5241 5253
5289 227 5241 5534
5290 222 5242 5243
5291 227 5242 5535
5292 227 5242 5536
5293 247 5243 5244
5294 227 5243 5537
5295 227 5243 5538
5296 247 5244 5252
5297 222 5245 5246
5298 227 5245 5539
5299 227 5245 5540
5300 222 5246 5247
5301 227 5246 5541
5302 227 5246 5542
5303 222 5247 5248
5304 227 5247 5543
5305 227 5247 5544
5306 328 5248 5249
5307 227 5248 5545
5308 227 5248 5546
5309 345 5249 5250
5310 346 5249 5251
5311 227 5252 5547
5312 227 5252 5548
5313 227 5252 5549
5314 327 5254 5255
5315 346 5254 5258
5316 345 5254 5259
5317 152 5255 5256
5318 153 5255 5257
5319 160 5256 5550
5320 160 5256 5551
5321 227 5257 5552
5322 227 5257 5553
5323 227 5257 5554
5324 243 5259 5260
5325 222 5260 5261
5326 227 5260 5555
5327 227 5260 5556
5328 222 5261 5262
5329 243 5261 5273
5330 227 5261 5557
5331 227 5262 5558
5332 227 5262 5559
5333 227 5262 5560
5334 247 5263 5264
5335 222 5264 5265
5336 222 5264 5268
5337 227 5264 5561
5338 222 5265 5266
5339 227 5265 5562
5340 227 5265 5563
5341 247 5266 5267
5342 227 5266 5564
5343 227 5266 5565
5344 458 5267 5275
5345 222 5268 5269
5346 227 5268 5566
5347 227 5268 5567
5348 222 5269 5270
5349 227 5269 5568
5350 227 5269 5569
5351 222 5270 5271
5352 227 5270 5570
5353 227 5270 5571
5354 328 5271 5272
5355 227 5271 5572
5356 227 5271 5573
5357 345 5272 5273
5358 346 5272 5274
5359 222 5276 5277
5360 222 5276 5287
5361 227 5276 5574
5362 227 5276 5575
5363 222 5277 5278
5364 227 5277 5576
5365 227 5277 5577
5366 222 5278 5279
5367 227 5278 5578
5368 227 5278 5579
5369 222 5279 5280
5370 227 5279 5580
5371 227 5279 5581
5372 222 5280 5281
5373 227 5280 5582
5374 227 5280 5583
5375 222 5281 5282
5376 227 5281 5584
5377 227 5281 5585
5378 222 5282 5283
5379 227 5282 5586
5380 227 5282 5587
5381 222 5283 5284
5382 227 5283 5588
5383 227 5283 5589
5384 222 5284 5285
5385 227 5284 5590
5386 227 5284 5591
5387 222 5285 5286
5388 227 5285 5592
5389 227 5285 5593
5390 243 5286 5290
5391 227 5286 5594
5392 227 5286 5595
5393 227 5287 5596
5394 227 5287 5597
5395 227 5287 5598
5396 328 5288 5289
5397 222 5288 5292
5398 222 5288 5293
5399 227 5288 5599
5400 345 5289 5290
5401 346 5289 5291
5402 227 5292 5600
5403 227 5292 5601
5404 227 5292 5602
5405 227 5293 5603
5406 227 5293 5604
5407 227 5294 5605
5408 227 5294 5606
5409 227 5294 5607
5410 346 5295 5297
5411 344 5296 5297
5412 386 5296 5608
5413 328 5297 5298
5414 222 5298 5299
5415 227 5298 5609
5416 227 5298 5610
5417 222 5299 5300
5418 227 5299 5611
5419 227 5299 5612
5420 222 5300 5301
5421 227 5300 5613
5422 227 5300 5614
5423 222 5301 5326
5424 227 5301 5615
5425 227 5301 5616
5426 247 5302 5303
5427 458 5302 5358
5428 222 5303 5304
5429 227 5303 5617
5430 227 5303 5618
5431 222 5304 5326
5432 227 5304 5619
5433 227 5304 5620
5434 328 5305 5306
5435 346 5305 5309
5436 345 5305 5310
5437 222 5306 5307
5438 222 5306 5308
5439 222 5306 5389
5440 222 5307 5388
5441 227 5307 5621
5442 227 5307 5622
5443 227 5308 5623
5444 227 5308 5624
5445 227 5308 5625
5446 243 5310 5311
5447 222 5311 5312
5448 227 5311 5626
5449 227 5311 5627
5450 222 5312 5313
5451 243 5312 5323
5452 227 5312 5628
5453 227 5313 5629
5454 227 5313 5630
5455 227 5313 5631
5456 222 5314 5315
5457 222 5314 5318
5458 247 5314 5370
5459 227 5314 5632
5460 222 5315 5316
5461 227 5315 5633
5462 227 5315 5634
5463 247 5316 5317
5464 227 5316 5635
5465 227 5316 5636
5466 458 5317 5348
5467 222 5318 5319
5468 227 5318 5637
5469 227 5318 5638
5470 222 5319 5320
5471 227 5319 5639
5472 227 5319 5640
5473 222 5320 5321
5474 227 5320 5641
5475 227 5320 5642
5476 328 5321 5322
5477 227 5321 5643
5478 227 5321 5644
5479 345 5322 5323
5480 346 5322 5324
5481 247 5325 5326
5482 458 5325 5435
5483 227 5326 5645
5484 327 5327 5328
5485 346 5327 5331
5486 345 5327 5332
5487 152 5328 5329
5488 153 5328 5330
5489 160 5329 5646
5490 160 5329 5647
5491 227 5330 5648
5492 227 5330 5649
5493 227 5330 5650
5494 243 5332 5333
5495 222 5333 5334
5496 227 5333 5651
5497 227 5333 5652
5498 222 5334 5335
5499 243 5334 5345
5500 227 5334 5653
5501 227 5335 5654
5502 227 5335 5655
5503 227 5335 5656
5504 222 5336 5337
5505 222 5336 5340
5506 247 5336 5348
5507 227 5336 5657
5508 222 5337 5338
5509 227 5337 5658
5510 227 5337 5659
5511 247 5338 5339
5512 227 5338 5660
5513 227 5338 5661
5514 458 5339 5347
5515 222 5340 5341
5516 227 5340 5662
5517 227 5340 5663
5518 222 5341 5342
5519 227 5341 5664
5520 227 5341 5665
5521 222 5342 5343
5522 227 5342 5666
5523 227 5342 5667
5524 328 5343 5344
5525 227 5343 5668
5526 227 5343 5669
5527 345 5344 5345
5528 346 5344 5346
5529 327 5349 5350
5530 346 5349 5353
5531 345 5349 5354
5532 152 5350 5351
5533 153 5350 5352
5534 160 5351 5670
5535 160 5351 5671
5536 227 5352 5672
5537 227 5352 5673
5538 227 5352 5674
5539 243 5354 5355
5540 222 5355 5356
5541 227 5355 5675
5542 227 5355 5676
5543 222 5356 5357
5544 243 5356 5368
5545 227 5356 5677
5546 227 5357 5678
5547 227 5357 5679
5548 227 5357 5680
5549 247 5358 5359
5550 222 5359 5360
5551 222 5359 5363
5552 227 5359 5681
5553 222 5360 5361
5554 227 5360 5682
5555 227 5360 5683
5556 247 5361 5362
5557 227 5361 5684
5558 227 5361 5685
5559 458 5362 5370
5560 222 5363 5364
5561 227 5363 5686
5562 227 5363 5687
5563 222 5364 5365
5564 227 5364 5688
5565 227 5364 5689
5566 222 5365 5366
5567 227 5365 5690
5568 227 5365 5691
5569 328 5366 5367
5570 227 5366 5692
5571 227 5366 5693
5572 345 5367 5368
5573 346 5367 5369
5574 222 5371 5372
5575 222 5371 5382
5576 227 5371 5694
5577 227 5371 5695
5578 222 5372 5373
5579 227 5372 5696
5580 227 5372 5697
5581 222 5373 5374
5582 227 5373 5698
5583 227 5373 5699
5584 222 5374 5375
5585 227 5374 5700
5586 227 5374 5701
5587 222 5375 5376
5588 227 5375 5702
5589 227 5375 5703
5590 222 5376 5377
5591 227 5376 5704
5592 227 5376 5705
5593 222 5377 5378
5594 227 5377 5706
5595 227 5377 5707
5596 222 5378 5379
5597 227 5378 5708
5598 227 5378 5709
5599 222 5379 5380
5600 227 5379 5710
5601 227 5379 5711
5602 222 5380 5381
5603 227 5380 5712
5604 227 5380 5713
5605 243 5381 5385
5606 227 5381 5714
5607 227 5381 5715
5608 227 5382 5716
5609 227 5382 5717
5610 227 5382 5718
5611 328 5383 5384
5612 222 5383 5387
5613 222 5383 5388
5614 227 5383 5719
5615 345 5384 5385
5616 346 5384 5386
5617 227 5387 5720
5618 227 5387 5721
5619 227 5387 5722
5620 227 5388 5723
5621 227 5388 5724
5622 227 5389 5725
5623 227 5389 5726
5624 227 5389 5727
5625 346 5390 5392
5626 344 5391 5392
5627 386 5391 5728
5628 328 5392 5393
5629 222 5393 5394
5630 227 5393 5729
5631 227 5393 5730
5632 222 5394 5395
5633 227 5394 5731
5634 227 5394 5732
5635 222 5395 5396
5636 227 5395 5733
5637 227 5395 5734
5638 222 5396 5421
5639 227 5396 5735
5640 227 5396 5736
5641 247 5397 5398
5642 458 5397 5453
5643 222 5398 5399
5644 227 5398 5737
5645 227 5398 5738
5646 222 5399 5421
5647 227 5399 5739
5648 227 5399 5740
5649 328 5400 5401
5650 346 5400 5404
5651 345 5400 5405
5652 222 5401 5402
5653 222 5401 5403
5654 222 5401 5484
5655 222 5402 5483
5656 227 5402 5741
5657 227 5402 5742
5658 227 5403 5743
5659 227 5403 5744
5660 227 5403 5745
5661 243 5405 5406
5662 222 5406 5407
5663 227 5406 5746
5664 227 5406 5747
5665 222 5407 5408
5666 243 5407 5418
5667 227 5407 5748
5668 227 5408 5749
5669 227 5408 5750
5670 227 5408 5751
5671 222 5409 5410
5672 222 5409 5413
5673 247 5409 5465
5674 227 5409 5752
5675 222 5410 5411
5676 227 5410 5753
5677 227 5410 5754
5678 247 5411 5412
5679 227 5411 5755
5680 227 5411 5756
5681 458 5412 5443
5682 222 5413 5414
5683 227 5413 5757
5684 227 5413 5758
5685 222 5414 5415
5686 227 5414 5759
5687 227 5414 5760
5688 222 5415 5416
5689 227 5415 5761
5690 227 5415 5762
5691 328 5416 5417
5692 227 5416 5763
5693 227 5416 5764
5694 345 5417 5418
5695 346 5417 5419
5696 247 5420 5421
5697 247 5420 5422
5698 227 5421 5765
5699 227 5422 5766
5700 227 5422 5767
5701 227 5422 5768
5702 327 5423 5424
5703 346 5423 5427
5704 345 5423 5428
5705 152 5424 5425
5706 153 5424 5426
5707 160 5425 5769
5708 160 5425 5770
5709 227 5426 5771
5710 227 5426 5772
5711 227 5426 5773
5712 243 5428 5429
5713 222 5429 5430
5714 227 5429 5774
5715 227 5429 5775
5716 222 5430 5431
5717 243 5430 5441
5718 227 5430 5776
5719 227 5431 5777
5720 227 5431 5778
5721 227 5431 5779
5722 222 5432 5433
5723 222 5432 5436
5724 247 5432 5443
5725 227 5432 5780
5726 222 5433 5434
5727 227 5433 5781
5728 227 5433 5782
5729 247 5434 5435
5730 227 5434 5783
5731 227 5434 5784
5732 222 5436 5437
5733 227 5436 5785
5734 227 5436 5786
5735 222 5437 5438
5736 227 5437 5787
5737 227 5437 5788
5738 222 5438 5439
5739 227 5438 5789
5740 227 5438 5790
5741 328 5439 5440
5742 227 5439 5791
5743 227 5439 5792
5744 345 5440 5441
5745 346 5440 5442
5746 327 5444 5445
5747 346 5444 5448
5748 345 5444 5449
5749 152 5445 5446
5750 153 5445 5447
5751 160 5446 5793
5752 160 5446 5794
5753 227 5447 5795
5754 227 5447 5796
5755 227 5447 5797
5756 243 5449 5450
5757 222 5450 5451
5758 227 5450 5798
5759 227 5450 5799
5760 222 5451 5452
5761 243 5451 5463
5762 227 5451 5800
5763 227 5452 5801
5764 227 5452 5802
5765 227 5452 5803
5766 247 5453 5454
5767 222 5454 5455
5768 222 5454 5458
5769 227 5454 5804
5770 222 5455 5456
5771 227 5455 5805
5772 227 5455 5806
5773 247 5456 5457
5774 227 5456 5807
5775 227 5456 5808
5776 458 5457 5465
5777 222 5458 5459
5778 227 5458 5809
5779 227 5458 5810
5780 222 5459 5460
5781 227 5459 5811
5782 227 5459 5812
5783 222 5460 5461
5784 227 5460 5813
5785 227 5460 5814
5786 328 5461 5462
5787 227 5461 5815
5788 227 5461 5816
5789 345 5462 5463
5790 346 5462 5464
5791 222 5466 5467
5792 222 5466 5477
5793 227 5466 5817
5794 227 5466 5818
5795 222 5467 5468
5796 227 5467 5819
5797 227 5467 5820
5798 222 5468 5469
5799 227 5468 5821
5800 227 5468 5822
5801 222 5469 5470
5802 227 5469 5823
5803 227 5469 5824
5804 222 5470 5471
5805 227 5470 5825
5806 227 5470 5826
5807 222 5471 5472
5808 227 5471 5827
5809 227 5471 5828
5810 222 5472 5473
5811 227 5472 5829
5812 227 5472 5830
5813 222 5473 5474
5814 227 5473 5831
5815 227 5473 5832
5816 222 5474 5475
5817 227 5474 5833
5818 227 5474 5834
5819 222 5475 5476
5820 227 5475 5835
5821 227 5475 5836
5822 243 5476 5480
5823 227 5476 5837
5824 227 5476 5838
5825 227 5477 5839
5826 227 5477 5840
5827 227 5477 5841
5828 328 5478 5479
5829 222 5478 5482
5830 222 5478 5483
5831 227 5478 5842
5832 345 5479 5480
5833 346 5479 5481
5834 227 5482 5843
5835 227 5482 5844
5836 227 5482 5845
5837 227 5483 5846
5838 227 5483 5847
5839 227 5484 5848
5840 227 5484 5849
5841 227 5484 5850
5842 346 5851 5853
5843 344 5852 5853
5844 386 5852 6135
5845 328 5853 5854
5846 222 5854 5855
5847 227 5854 6136
5848 227 5854 6137
5849 222 5855 5856
5850 227 5855 6138
5851 227 5855 6139
5852 222 5856 5857
5853 227 5856 6140
5854 227 5856 6141
5855 222 5857 5881
5856 227 5857 6142
5857 227 5857 6143
5858 247 5858 5859
5859 458 5858 5913
5860 222 5859 5860
5861 227 5859 6144
5862 227 5859 6145
5863 222 5860 5881
5864 227 5860 6146
5865 227 5860 6147
5866 328 5861 5862
5867 346 5861 5865
5868 345 5861 5866
5869 222 5862 5863
5870 222 5862 5864
5871 222 5862 5944
5872 222 5863 5943
5873 227 5863 6148
5874 227 5863 6149
5875 227 5864 6150
5876 227 5864 6151
5877 227 5864 6152
5878 243 5866 5867
5879 222 5867 5868
5880 227 5867 6153
5881 227 5867 6154
5882 222 5868 5869
5883 243 5868 5879
5884 227 5868 6155
5885 227 5869 6156
5886 227 5869 6157
5887 227 5869 6158
5888 222 5870 5871
5889 222 5870 5874
5890 247 5870 5925
5891 227 5870 6159
5892 222 5871 5872
5893 227 5871 6160
5894 227 5871 6161
5895 247 5872 5873
5896 227 5872 6162
5897 227 5872 6163
5898 458 5873 5903
5899 222 5874 5875
5900 227 5874 6164
5901 227 5874 6165
5902 222 5875 5876
5903 227 5875 6166
5904 227 5875 6167
5905 222 5876 5877
5906 227 5876 6168
5907 227 5876 6169
5908 328 5877 5878
5909 227 5877 6170
5910 227 5877 6171
5911 345 5878 5879
5912 346 5878 5880
5913 247 5881 5997
5914 227 5881 6172
5915 327 5882 5883
5916 346 5882 5886
5917 345 5882 5887
5918 152 5883 5884
5919 153 5883 5885
5920 160 5884 6173
5921 160 5884 6174
5922 227 5885 6175
5923 227 5885 6176
5924 227 5885 6177
5925 243 5887 5888
5926 222 5888 5889
5927 227 5888 6178
5928 227 5888 6179
5929 222 5889 5890
5930 243 5889 5900
5931 227 5889 6180
5932 227 5890 6181
5933 227 5890 6182
5934 227 5890 6183
5935 222 5891 5892
5936 222 5891 5895
5937 247 5891 5903
5938 227 5891 6184
5939 222 5892 5893
5940 227 5892 6185
5941 227 5892 6186
5942 247 5893 5894
5943 227 5893 6187
5944 227 5893 6188
5945 247 5894 5902
5946 222 5895 5896
5947 227 5895 6189
5948 227 5895 6190
5949 222 5896 5897
5950 227 5896 6191
5951 227 5896 6192
5952 222 5897 5898
5953 227 5897 6193
5954 227 5897 6194
5955 328 5898 5899
5956 227 5898 6195
5957 227 5898 6196
5958 345 5899 5900
5959 346 5899 5901
5960 227 5902 6197
5961 227 5902 6198
5962 227 5902 6199
5963 327 5904 5905
5964 346 5904 5908
5965 345 5904 5909
5966 152 5905 5906
5967 153 5905 5907
5968 160 5906 6200
5969 160 5906 6201
5970 227 5907 6202
5971 227 5907 6203
5972 227 5907 6204
5973 243 5909 5910
5974 222 5910 5911
5975 227 5910 6205
5976 227 5910 6206
5977 222 5911 5912
5978 243 5911 5923
5979 227 5911 6207
5980 227 5912 6208
5981 227 5912 6209
5982 227 5912 6210
5983 247 5913 5914
5984 222 5914 5915
5985 222 5914 5918
5986 227 5914 6211
5987 222 5915 5916
5988 227 5915 6212
5989 227 5915 6213
5990 247 5916 5917
5991 227 5916 6214
5992 227 5916 6215
5993 458 5917 5925
5994 222 5918 5919
5995 227 5918 6216
5996 227 5918 6217
5997 222 5919 5920
5998 227 5919 6218
5999 227 5919 6219
6000 222 5920 5921
6001 227 5920 6220
6002 227 5920 6221
6003 328 5921 5922
6004 227 5921 6222
6005 227 5921 6223
6006 345 5922 5923
6007 346 5922 5924
6008 222 5926 5927
6009 222 5926 5937
6010 227 5926 6224
6011 227 5926 6225
6012 222 5927 5928
6013 227 5927 6226
6014 227 5927 6227
6015 222 5928 5929
6016 227 5928 6228
6017 227 5928 6229
6018 222 5929 5930
6019 227 5929 6230
6020 227 5929 6231
6021 222 5930 5931
6022 227 5930 6232
6023 227 5930 6233
6024 222 5931 5932
6025 227 5931 6234
6026 227 5931 6235
6027 222 5932 5933
6028 227 5932 6236
6029 227 5932 6237
6030 222 5933 5934
6031 227 5933 6238
6032 227 5933 6239
6033 222 5934 5935
6034 227 5934 6240
6035 227 5934 6241
6036 222 5935 5936
6037 227 5935 6242
6038 227 5935 6243
6039 243 5936 5940
6040 227 5936 6244
6041 227 5936 6245
6042 227 5937 6246
6043 227 5937 6247
6044 227 5937 6248
6045 328 5938 5939
6046 222 5938 5942
6047 222 5938 5943
6048 227 5938 6249
6049 345 5939 5940
6050 346 5939 5941
6051 227 5942 6250
6052 227 5942 6251
6053 227 5942 6252
6054 227 5943 6253
6055 227 5943 6254
6056 227 5944 6255
6057 227 5944 6256
6058 227 5944 6257
6059 346 5945 5947
6060 344 5946 5947
6061 386 5946 6258
6062 328 5947 5948
6063 222 5948 5949
6064 227 5948 6259
6065 227 5948 6260
6066 222 5949 5950
6067 227 5949 6261
6068 227 5949 6262
6069 222 5950 5951
6070 227 5950 6263
6071 227 5950 6264
6072 222 5951 5976
6073 227 5951 6265
6074 227 5951 6266
6075 247 5952 5953
6076 458 5952 6008
6077 222 5953 5954
6078 227 5953 6267
6079 227 5953 6268
6080 222 5954 5976
6081 227 5954 6269
6082 227 5954 6270
6083 328 5955 5956
6084 346 5955 5959
6085 345 5955 5960
6086 222 5956 5957
6087 222 5956 5958
6088 222 5956 6039
6089 222 5957 6038
6090 227 5957 6271
6091 227 5957 6272
6092 227 5958 6273
6093 227 5958 6274
6094 227 5958 6275
6095 243 5960 5961
6096 222 5961 5962
6097 227 5961 6276
6098 227 5961 6277
6099 222 5962 5963
6100 243 5962 5973
6101 227 5962 6278
6102 227 5963 6279
6103 227 5963 6280
6104 227 5963 6281
6105 222 5964 5965
6106 222 5964 5968
6107 247 5964 6020
6108 227 5964 6282
6109 222 5965 5966
6110 227 5965 6283
6111 227 5965 6284
6112 247 5966 5967
6113 227 5966 6285
6114 227 5966 6286
6115 458 5967 5998
6116 222 5968 5969
6117 227 5968 6287
6118 227 5968 6288
6119 222 5969 5970
6120 227 5969 6289
6121 227 5969 6290
6122 222 5970 5971
6123 227 5970 6291
6124 227 5970 6292
6125 328 5971 5972
6126 227 5971 6293
6127 227 5971 6294
6128 345 5972 5973
6129 346 5972 5974
6130 247 5975 5976
6131 458 5975 6085
6132 227 5976 6295
6133 327 5977 5978
6134 346 5977 5981
6135 345 5977 5982
6136 152 5978 5979
6137 153 5978 5980
6138 160 5979 6296
6139 160 5979 6297
6140 227 5980 6298
6141 227 5980 6299
6142 227 5980 6300
6143 243 5982 5983
6144 222 5983 5984
6145 227 5983 6301
6146 227 5983 6302
6147 222 5984 5985
6148 243 5984 5995
6149 227 5984 6303
6150 227 5985 6304
6151 227 5985 6305
6152 227 5985 6306
6153 222 5986 5987
6154 222 5986 5990
6155 247 5986 5998
6156 227 5986 6307
6157 222 5987 5988
6158 227 5987 6308
6159 227 5987 6309
6160 247 5988 5989
6161 227 5988 6310
6162 227 5988 6311
6163 458 5989 5997
6164 222 5990 5991
6165 227 5990 6312
6166 227 5990 6313
6167 222 5991 5992
6168 227 5991 6314
6169 227 5991 6315
6170 222 5992 5993
6171 227 5992 6316
6172 227 5992 6317
6173 328 5993 5994
6174 227 5993 6318
6175 227 5993 6319
6176 345 5994 5995
6177 346 5994 5996
6178 327 5999 6000
6179 346 5999 6003
6180 345 5999 6004
6181 152 6000 6001
6182 153 6000 6002
6183 160 6001 6320
6184 160 6001 6321
6185 227 6002 6322
6186 227 6002 6323
6187 227 6002 6324
6188 243 6004 6005
6189 222 6005 6006
6190 227 6005 6325
6191 227 6005 6326
6192 222 6006 6007
6193 243 6006 6018
6194 227 6006 6327
6195 227 6007 6328
6196 227 6007 6329
6197 227 6007 6330
6198 247 6008 6009
6199 222 6009 6010
6200 222 6009 6013
6201 227 6009 6331
6202 222 6010 6011
6203 227 6010 6332
6204 227 6010 6333
6205 247 6011 6012
6206 227 6011 6334
6207 227 6011 6335
6208 458 6012 6020
6209 222 6013 6014
6210 227 6013 6336
6211 227 6013 6337
6212 222 6014 6015
6213 227 6014 6338
6214 227 6014 6339
6215 222 6015 6016
6216 227 6015 6340
6217 227 6015 6341
6218 328 6016 6017
6219 227 6016 6342
6220 227 6016 6343
6221 345 6017 6018
6222 346 6017 6019
6223 222 6021 6022
6224 222 6021 6032
6225 227 6021 6344
6226 227 6021 6345
6227 222 6022 6023
6228 227 6022 6346
6229 227 6022 6347
6230 222 6023 6024
6231 227 6023 6348
6232 227 6023 6349
6233 222 6024 6025
6234 227 6024 6350
6235 227 6024 6351
6236 222 6025 6026
6237 227 6025 6352
6238 227 6025 6353
6239 222 6026 6027
6240 227 6026 6354
6241 227 6026 6355
6242 222 6027 6028
6243 227 6027 6356
6244 227 6027 6357
6245 222 6028 6029
6246 227 6028 6358
6247 227 6028 6359
6248 222 6029 6030
6249 227 6029 6360
6250 227 6029 6361
6251 222 6030 6031
6252 227 6030 6362
6253 227 6030 6363
6254 243 6031 6035
6255 227 6031 6364
6256 227 6031 6365
6257 227 6032 6366
6258 227 6032 6367
6259 227 6032 6368
6260 328 6033 6034
6261 222 6033 6037
6262 222 6033 6038
6263 227 6033 6369
6264 345 6034 6035
6265 346 6034 6036
6266 227 6037 6370
6267 227 6037 6371
6268 227 6037 6372
6269 227 6038 6373
6270 227 6038 6374
6271 227 6039 6375
6272 227 6039 6376
6273 227 6039 6377
6274 346 6040 6042
6275 344 6041 6042
6276 386 6041 6378
6277 328 6042 6043
6278 222 6043 6044
6279 227 6043 6379
6280 227 6043 6380
6281 222 6044 6045
6282 227 6044 6381
6283 227 6044 6382
6284 222 6045 6046
6285 227 6045 6383
6286 227 6045 6384
6287 222 6046 6071
6288 227 6046 6385
6289 227 6046 6386
6290 247 6047 6048
6291 458 6047 6103
6292 222 6048 6049
6293 227 6048 6387
6294 227 6048 6388
6295 222 6049 6071
6296 227 6049 6389
6297 227 6049 6390
6298 328 6050 6051
6299 346 6050 6054
6300 345 6050 6055
6301 222 6051 6052
6302 222 6051 6053
6303 222 6051 6134
6304 222 6052 6133
6305 227 6052 6391
6306 227 6052 6392
6307 227 6053 6393
6308 227 6053 6394
6309 227 6053 6395
6310 243 6055 6056
6311 222 6056 6057
6312 227 6056 6396
6313 227 6056 6397
6314 222 6057 6058
6315 243 6057 6068
6316 227 6057 6398
6317 227 6058 6399
6318 227 6058 6400
6319 227 6058 6401
6320 222 6059 6060
6321 222 6059 6063
6322 247 6059 6115
6323 227 6059 6402
6324 222 6060 6061
6325 227 6060 6403
6326 227 6060 6404
6327 247 6061 6062
6328 227 6061 6405
6329 227 6061 6406
6330 458 6062 6093
6331 222 6063 6064
6332 227 6063 6407
6333 227 6063 6408
6334 222 6064 6065
6335 227 6064 6409
6336 227 6064 6410
6337 222 6065 6066
6338 227 6065 6411
6339 227 6065 6412
6340 328 6066 6067
6341 227 6066 6413
6342 227 6066 6414
6343 345 6067 6068
6344 346 6067 6069
6345 247 6070 6071
6346 247 6070 6072
6347 227 6071 6415
6348 227 6072 6416
6349 227 6072 6417
6350 227 6072 6418
6351 327 6073 6074
6352 346 6073 6077
6353 345 6073 6078
6354 152 6074 6075
6355 153 6074 6076
6356 160 6075 6419
6357 160 6075 6420
6358 227 6076 6421
6359 227 6076 6422
6360 227 6076 6423
6361 243 6078 6079
6362 222 6079 6080
6363 227 6079 6424
6364 227 6079 6425
6365 222 6080 6081
6366 243 6080 6091
6367 227 6080 6426
6368 227 6081 6427
6369 227 6081 6428
6370 227 6081 6429
6371 222 6082 6083
6372 222 6082 6086
6373 247 6082 6093
6374 227 6082 6430
6375 222 6083 6084
6376 227 6083 6431
6377 227 6083 6432
6378 247 6084 6085
6379 227 6084 6433
6380 227 6084 6434
6381 222 6086 6087
6382 227 6086 6435
6383 227 6086 6436
6384 222 6087 6088
6385 227 6087 6437
6386 227 6087 6438
6387 222 6088 6089
6388 227 6088 6439
6389 227 6088 6440
6390 328 6089 6090
6391 227 6089 6441
6392 227 6089 6442
6393 345 6090 6091
6394 346 6090 6092
6395 327 6094 6095
6396 346 6094 6098
6397 345 6094 6099
6398 152 6095 6096
6399 153 6095 6097
6400 160 6096 6443
6401 160 6096 6444
6402 227 6097 6445
6403 227 6097 6446
6404 227 6097 6447
6405 243 6099 6100
6406 222 6100 6101
6407 227 6100 6448
6408 227 6100 6449
6409 222 6101 6102
6410 243 6101 6113
6411 227 6101 6450
6412 227 6102 6451
6413 227 6102 6452
6414 227 6102 6453
6415 247 6103 6104
6416 222 6104 6105
6417 222 6104 6108
6418 227 6104 6454
6419 222 6105 6106
6420 227 6105 6455
6421 227 6105 6456
6422 247 6106 6107
6423 227 6106 6457
6424 227 6106 6458
6425 458 6107 6115
6426 222 6108 6109
6427 227 6108 6459
6428 227 6108 6460
6429 222 6109 6110
6430 227 6109 6461
6431 227 6109 6462
6432 222 6110 6111
6433 227 6110 6463
6434 227 6110 6464
6435 328 6111 6112
6436 227 6111 6465
6437 227 6111 6466
6438 345 6112 6113
6439 346 6112 6114
6440 222 6116 6117
6441 222 6116 6127
6442 227 6116 6467
6443 227 6116 6468
6444 222 6117 6118
6445 227 6117 6469
6446 227 6117 6470
6447 222 6118 6119
6448 227 6118 6471
6449 227 6118 6472
6450 222 6119 6120
6451 227 6119 6473
6452 227 6119 6474
6453 222 6120 6121
6454 227 6120 6475
6455 227 6120 6476
6456 222 6121 6122
6457 227 6121 6477
6458 227 6121 6478
6459 222 6122 6123
6460 227 6122 6479
6461 227 6122 6480
6462 222 6123 6124
6463 227 6123 6481
6464 227 6123 6482
6465 222 6124 6125
6466 227 6124 6483
6467 227 6124 6484
6468 222 6125 6126
6469 227 6125 6485
6470 227 6125 6486
6471 243 6126 6130
6472 227 6126 6487
6473 227 6126 6488
6474 227 6127 6489
6475 227 6127 6490
6476 227 6127 6491
6477 328 6128 6129
6478 222 6128 6132
6479 222 6128 6133
6480 227 6128 6492
6481 345 6129 6130
6482 346 6129 6131
6483 227 6132 6493
6484 227 6132 6494
6485 227 6132 6495
6486 227 6133 6496
6487 227 6133 6497
6488 227 6134 6498
6489 227 6134 6499
6490 227 6134 6500
6491 346 6501 6503
6492 344 6502 6503
6493 386 6502 6785
6494 328 6503 6504
6495 222 6504 6505
6496 227 6504 6786
6497 227 6504 6787
6498 222 6505 6506
6499 227 6505 6788
6500 227 6505 6789
6501 222 6506 6507
6502 227 6506 6790
6503 227 6506 6791
6504 222 6507 6531
6505 227 6507 6792
6506 227 6507 6793
6507 247 6508 6509
6508 458 6508 6563
6509 222 6509 6510
6510 227 6509 6794
6511 227 6509 6795
6512 222 6510 6531
6513 227 6510 6796
6514 227 6510 6797
6515 328 6511 6512
6516 346 6511 6515
6517 345 6511 6516
6518 222 6512 6513
6519 222 6512 6514
6520 222 6512 6594
6521 222 6513 6593
6522 227 6513 6798
6523 227 6513 6799
6524 227 6514 6800
6525 227 6514 6801
6526 227 6514 6802
6527 243 6516 6517
6528 222 6517 6518
6529 227 6517 6803
6530 227 6517 6804
6531 222 6518 6519
6532 243 6518 6529
6533 227 6518 6805
6534 227 6519 6806
6535 227 6519 6807
6536 227 6519 6808
6537 222 6520 6521
6538 222 6520 6524
6539 247 6520 6575
6540 227 6520 6809
6541 222 6521 6522
6542 227 6521 6810
6543 227 6521 6811
6544 247 6522 6523
6545 227 6522 6812
6546 227 6522 6813
6547 458 6523 6553
6548 222 6524 6525
6549 227 6524 6814
6550 227 6524 6815
6551 222 6525 6526
6552 227 6525 6816
6553 227 6525 6817
6554 222 6526 6527
6555 227 6526 6818
6556 227 6526 6819
6557 328 6527 6528
6558 227 6527 6820
6559 227 6527 6821
6560 345 6528 6529
6561 346 6528 6530
6562 247 6531 6647
6563 227 6531 6822
6564 327 6532 6533
6565 346 6532 6536
6566 345 6532 6537
6567 152 6533 6534
6568 153 6533 6535
6569 160 6534 6823
6570 160 6534 6824
6571 227 6535 6825
6572 227 6535 6826
6573 227 6535 6827
6574 243 6537 6538
6575 222 6538 6539
6576 227 6538 6828
6577 227 6538 6829
6578 222 6539 6540
6579 243 6539 6550
6580 227 6539 6830
6581 227 6540 6831
6582 227 6540 6832
6583 227 6540 6833
6584 222 6541 6542
6585 222 6541 6545
6586 247 6541 6553
6587 227 6541 6834
6588 222 6542 6543
6589 227 6542 6835
6590 227 6542 6836
6591 247 6543 6544
6592 227 6543 6837
6593 227 6543 6838
6594 247 6544 6552
6595 222 6545 6546
6596 227 6545 6839
6597 227 6545 6840
6598 222 6546 6547
6599 227 6546 6841
6600 227 6546 6842
6601 222 6547 6548
6602 227 6547 6843
6603 227 6547 6844
6604 328 6548 6549
6605 227 6548 6845
6606 227 6548 6846
6607 345 6549 6550
6608 346 6549 6551
6609 227 6552 6847
6610 227 6552 6848
6611 227 6552 6849
6612 327 6554 6555
6613 346 6554 6558
6614 345 6554 6559
6615 152 6555 6556
6616 153 6555 6557
6617 160 6556 6850
6618 160 6556 6851
6619 227 6557 6852
6620 227 6557 6853
6621 227 6557 6854
6622 243 6559 6560
6623 222 6560 6561
6624 227 6560 6855
6625 227 6560 6856
6626 222 6561 6562
6627 243 6561 6573
6628 227 6561 6857
6629 227 6562 6858
6630 227 6562 6859
6631 227 6562 6860
6632 247 6563 6564
6633 222 6564 6565
6634 222 6564 6568
6635 227 6564 6861
6636 222 6565 6566
6637 227 6565 6862
6638 227 6565 6863
6639 247 6566 6567
6640 227 6566 6864
6641 227 6566 6865
6642 458 6567 6575
6643 222 6568 6569
6644 227 6568 6866
6645 227 6568 6867
6646 222 6569 6570
6647 227 6569 6868
6648 227 6569 6869
6649 222 6570 6571
6650 227 6570 6870
6651 227 6570 6871
6652 328 6571 6572
6653 227 6571 6872
6654 227 6571 6873
6655 345 6572 6573
6656 346 6572 6574
6657 222 6576 6577
6658 222 6576 6587
6659 227 6576 6874
6660 227 6576 6875
6661 222 6577 6578
6662 227 6577 6876
6663 227 6577 6877
6664 222 6578 6579
6665 227 6578 6878
6666 227 6578 6879
6667 222 6579 6580
6668 227 6579 6880
6669 227 6579 6881
6670 222 6580 6581
6671 227 6580 6882
6672 227 6580 6883
6673 222 6581 6582
6674 227 6581 6884
6675 227 6581 6885
6676 222 6582 6583
6677 227 6582 6886
6678 227 6582 6887
6679 222 6583 6584
6680 227 6583 6888
6681 227 6583 6889
6682 222 6584 6585
6683 227 6584 6890
6684 227 6584 6891
6685 222 6585 6586
6686 227 6585 6892
6687 227 6585 6893
6688 243 6586 6590
6689 227 6586 6894
6690 227 6586 6895
6691 227 6587 6896
6692 227 6587 6897
6693 227 6587 6898
6694 328 6588 6589
6695 222 6588 6592
6696 222 6588 6593
6697 227 6588 6899
6698 345 6589 6590
6699 346 6589 6591
6700 227 6592 6900
6701 227 6592 6901
6702 227 6592 6902
6703 227 6593 6903
6704 227 6593 6904
6705 227 6594 6905
6706 227 6594 6906
6707 227 6594 6907
6708 346 6595 6597
6709 344 6596 6597
6710 386 6596 6908
6711 328 6597 6598
6712 222 6598 6599
6713 227 6598 6909
6714 227 6598 6910
6715 222 6599 6600
6716 227 6599 6911
6717 227 6599 6912
6718 222 6600 6601
6719 227 6600 6913
6720 227 6600 6914
6721 222 6601 6626
6722 227 6601 6915
6723 227 6601 6916
6724 247 6602 6603
6725 458 6602 6658
6726 222 6603 6604
6727 227 6603 6917
6728 227 6603 6918
6729 222 6604 6626
6730 227 6604 6919
6731 227 6604 6920
6732 328 6605 6606
6733 346 6605 6609
6734 345 6605 6610
6735 222 6606 6607
6736 222 6606 6608
6737 222 6606 6689
6738 222 6607 6688
6739 227 6607 6921
6740 227 6607 6922
6741 227 6608 6923
6742 227 6608 6924
6743 227 6608 6925
6744 243 6610 6611
6745 222 6611 6612
6746 227 6611 6926
6747 227 6611 6927
6748 222 6612 6613
6749 243 6612 6623
6750 227 6612 6928
6751 227 6613 6929
6752 227 6613 6930
6753 227 6613 6931
6754 222 6614 6615
6755 222 6614 6618
6756 247 6614 6670
6757 227 6614 6932
6758 222 6615 6616
6759 227 6615 6933
6760 227 6615 6934
6761 247 6616 6617
6762 227 6616 6935
6763 227 6616 6936
6764 458 6617 6648
6765 222 6618 6619
6766 227 6618 6937
6767 227 6618 6938
6768 222 6619 6620
6769 227 6619 6939
6770 227 6619 6940
6771 222 6620 6621
6772 227 6620 6941
6773 227 6620 6942
6774 328 6621 6622
6775 227 6621 6943
6776 227 6621 6944
6777 345 6622 6623
6778 346 6622 6624
6779 247 6625 6626
6780 458 6625 6735
6781 227 6626 6945
6782 327 6627 6628
6783 346 6627 6631
6784 345 6627 6632
6785 152 6628 6629
6786 153 6628 6630
6787 160 6629 6946
6788 160 6629 6947
6789 227 6630 6948
6790 227 6630 6949
6791 227 6630 6950
6792 243 6632 6633
6793 222 6633 6634
6794 227 6633 6951
6795 227 6633 6952
6796 222 6634 6635
6797 243 6634 6645
6798 227 6634 6953
6799 227 6635 6954
6800 227 6635 6955
6801 227 6635 6956
6802 222 6636 6637
6803 222 6636 6640
6804 247 6636 6648
6805 227 6636 6957
6806 222 6637 6638
6807 227 6637 6958
6808 227 6637 6959
6809 247 6638 6639
6810 227 6638 6960
6811 227 6638 6961
6812 458 6639 6647
6813 222 6640 6641
6814 227 6640 6962
6815 227 6640 6963
6816 222 6641 6642
6817 227 6641 6964
6818 227 6641 6965
6819 222 6642 6643
6820 227 6642 6966
6821 227 6642 6967
6822 328 6643 6644
6823 227 6643 6968
6824 227 6643 6969
6825 345 6644 6645
6826 346 6644 6646
6827 327 6649 6650
6828 346 6649 6653
6829 345 6649 6654
6830 152 6650 6651
6831 153 6650 6652
6832 160 6651 6970
6833 160 6651 6971
6834 227 6652 6972
6835 227 6652 6973
6836 227 6652 6974
6837 243 6654 6655
6838 222 6655 6656
6839 227 6655 6975
6840 227 6655 6976
6841 222 6656 6657
6842 243 6656 6668
6843 227 6656 6977
6844 227 6657 6978
6845 227 6657 6979
6846 227 6657 6980
6847 247 6658 6659
6848 222 6659 6660
6849 222 6659 6663
6850 227 6659 6981
6851 222 6660 6661
6852 227 6660 6982
6853 227 6660 6983
6854 247 6661 6662
6855 227 6661 6984
6856 227 6661 6985
6857 458 6662 6670
6858 222 6663 6664
6859 227 6663 6986
6860 227 6663 6987
6861 222 6664 6665
6862 227 6664 6988
6863 227 6664 6989
6864 222 6665 6666
6865 227 6665 6990
6866 227 6665 6991
6867 328 6666 6667
6868 227 6666 6992
6869 227 6666 6993
6870 345 6667 6668
6871 346 6667 6669
6872 222 6671 6672
6873 222 6671 6682
6874 227 6671 6994
6875 227 6671 6995
6876 222 6672 6673
6877 227 6672 6996
6878 227 6672 6997
6879 222 6673 6674
6880 227 6673 6998
6881 227 6673 6999
6882 222 6674 6675
6883 227 6674 7000
6884 227 6674 7001
6885 222 6675 6676
6886 227 6675 7002
6887 227 6675 7003
6888 222 6676 6677
6889 227 6676 7004
6890 227 6676 7005
6891 222 6677 6678
6892 227 6677 7006
6893 227 6677 7007
6894 222 6678 6679
6895 227 6678 7008
6896 227 6678 7009
6897 222 6679 6680
6898 227 6679 7010
6899 227 6679 7011
6900 222 6680 6681
6901 227 6680 7012
6902 227 6680 7013
6903 243 6681 6685
6904 227 6681 7014
6905 227 6681 7015
6906 227 6682 7016
6907 227 6682 7017
6908 227 6682 7018
6909 328 6683 6684
6910 222 6683 6687
6911 222 6683 6688
6912 227 6683 7019
6913 345 6684 6685
6914 346 6684 6686
6915 227 6687 7020
6916 227 6687 7021
6917 227 6687 7022
6918 227 6688 7023
6919 227 6688 7024
6920 227 6689 7025
6921 227 6689 7026
6922 227 6689 7027
6923 346 6690 6692
6924 344 6691 6692
6925 386 6691 7028
6926 328 6692 6693
6927 222 6693 6694
6928 227 6693 7029
6929 227 6693 7030
6930 222 6694 6695
6931 227 6694 7031
6932 227 6694 7032
6933 222 6695 6696
6934 227 6695 7033
6935 227 6695 7034
6936 222 6696 6721
6937 227 6696 7035
6938 227 6696 7036
6939 247 6697 6698
6940 458 6697 6753
6941 222 6698 6699
6942 227 6698 7037
6943 227 6698 7038
6944 222 6699 6721
6945 227 6699 7039
6946 227 6699 7040
6947 328 6700 6701
6948 346 6700 6704
6949 345 6700 6705
6950 222 6701 6702
6951 222 6701 6703
6952 222 6701 6784
6953 222 6702 6783
6954 227 6702 7041
6955 227 6702 7042
6956 227 6703 7043
6957 227 6703 7044
6958 227 6703 7045
6959 243 6705 6706
6960 222 6706 6707
6961 227 6706 7046
6962 227 6706 7047
6963 222 6707 6708
6964 243 6707 6718
6965 227 6707 7048
6966 227 6708 7049
6967 227 6708 7050
6968 227 6708 7051
6969 222 6709 6710
6970 222 6709 6713
6971 247 6709 6765
6972 227 6709 7052
6973 222 6710 6711
6974 227 6710 7053
6975 227 6710 7054
6976 247 6711 6712
6977 227 6711 7055
6978 227 6711 7056
6979 458 6712 6743
6980 222 6713 6714
6981 227 6713 7057
6982 227 6713 7058
6983 222 6714 6715
6984 227 6714 7059
6985 227 6714 7060
6986 222 6715 6716
6987 227 6715 7061
6988 227 6715 7062
6989 328 6716 6717
6990 227 6716 7063
6991 227 6716 7064
6992 345 6717 6718
6993 346 6717 6719
6994 247 6720 6721
6995 247 6720 6722
6996 227 6721 7065
6997 227 6722 7066
6998 227 6722 7067
6999 227 6722 7068
7000 327 6723 6724
7001 346 6723 6727
7002 345 6723 6728
7003 152 6724 6725
7004 153 6724 6726
7005 160 6725 7069
7006 160 6725 7070
7007 227 6726 7071
7008 227 6726 7072
7009 227 6726 7073
7010 243 6728 6729
7011 222 6729 6730
7012 227 6729 7074
7013 227 6729 7075
7014 222 6730 6731
7015 243 6730 6741
7016 227 6730 7076
7017 227 6731 7077
7018 227 6731 7078
7019 227 6731 7079
7020 222 6732 6733
7021 222 6732 6736
7022 247 6732 6743
7023 227 6732 7080
7024 222 6733 6734
7025 227 6733 7081
7026 227 6733 7082
7027 247 6734 6735
7028 227 6734 7083
7029 227 6734 7084
7030 222 6736 6737
7031 227 6736 7085
7032 227 6736 7086
7033 222 6737 6738
7034 227 6737 7087
7035 227 6737 7088
7036 222 6738 6739
7037 227 6738 7089
7038 227 6738 7090
7039 328 6739 6740
7040 227 6739 7091
7041 227 6739 7092
7042 345 6740 6741
7043 346 6740 6742
7044 327 6744 6745
7045 346 6744 6748
7046 345 6744 6749
7047 152 6745 6746
7048 153 6745 6747
7049 160 6746 7093
7050 160 6746 7094
7051 227 6747 7095
7052 227 6747 7096
7053 227 6747 7097
7054 243 6749 6750
7055 222 6750 6751
7056 227 6750 7098
7057 227 6750 7099
7058 222 6751 6752
7059 243 6751 6763
7060 227 6751 7100
7061 227 6752 7101
7062 227 6752 7102
7063 227 6752 7103
7064 247 6753 6754
7065 222 6754 6755
7066 222 6754 6758
7067 227 6754 7104
7068 222 6755 6756
7069 227 6755 7105
7070 227 6755 7106
7071 247 6756 6757
7072 227 6756 7107
7073 227 6756 7108
7074 458 6757 6765
7075 222 6758 6759
7076 227 6758 7109
7077 227 6758 7110
7078 222 6759 6760
7079 227 6759 7111
7080 227 6759 7112
7081 222 6760 6761
7082 227 6760 7113
7083 227 6760 7114
7084 328 6761 6762
7085 227 6761 7115
7086 227 6761 7116
7087 345 6762 6763
7088 346 6762 6764
7089 222 6766 6767
7090 222 6766 6777
7091 227 6766 7117
7092 227 6766 7118
7093 222 6767 6768
7094 227 6767 7119
7095 227 6767 7120
7096 222 6768 6769
7097 227 6768 7121
7098 227 6768 7122
7099 222 6769 6770
7100 227 6769 7123
7101 227 6769 7124
7102 222 6770 6771
7103 227 6770 7125
7104 227 6770 7126
7105 222 6771 6772
7106 227 6771 7127
7107 227 6771 7128
7108 222 6772 6773
7109 227 6772 7129
7110 227 6772 7130
7111 222 6773 6774
7112 227 6773 7131
7113 227 6773 7132
7114 222 6774 6775
7115 227 6774 7133
7116 227 6774 7134
7117 222 6775 6776
7118 227 6775 7135
7119 227 6775 7136
7120 243 6776 6780
7121 227 6776 7137
7122 227 6776 7138
7123 227 6777 7139
7124 227 6777 7140
7125 227 6777 7141
7126 328 6778 6779
7127 222 6778 6782
7128 222 6778 6783
7129 227 6778 7142
7130 345 6779 6780
7131 346 6779 6781
7132 227 6782 7143
7133 227 6782 7144
7134 227 6782 7145
7135 227 6783 7146
7136 227 6783 7147
7137 227 6784 7148
7138 227 6784 7149
7139 227 6784 7150
7140 346 7151 7153
7141 344 7152 7153
7142 386 7152 7435
7143 328 7153 7154
7144 222 7154 7155
7145 227 7154 7436
7146 227 7154 7437
7147 222 7155 7156
7148 227 7155 7438
7149 227 7155 7439
7150 222 7156 7157
7151 227 7156 7440
7152 227 7156 7441
7153 222 7157 7181
7154 227 7157 7442
7155 227 7157 7443
7156 247 7158 7159
7157 458 7158 7213
7158 222 7159 7160
7159 227 7159 7444
7160 227 7159 7445
7161 222 7160 7181
7162 227 7160 7446
7163 227 7160 7447
7164 328 7161 7162
7165 346 7161 7165
7166 345 7161 7166
7167 222 7162 7163
7168 222 7162 7164
7169 222 7162 7244
7170 222 7163 7243
7171 227 7163 7448
7172 227 7163 7449
7173 227 7164 7450
7174 227 7164 7451
7175 227 7164 7452
7176 243 7166 7167
7177 222 7167 7168
7178 227 7167 7453
7179 227 7167 7454
7180 222 7168 7169
7181 243 7168 7179
7182 227 7168 7455
7183 227 7169 7456
7184 227 7169 7457
7185 227 7169 7458
7186 222 7170 7171
7187 222 7170 7174
7188 247 7170 7225
7189 227 7170 7459
7190 222 7171 7172
7191 227 7171 7460
7192 227 7171 7461
7193 247 7172 7173
7194 227 7172 7462
7195 227 7172 7463
7196 458 7173 7203
7197 222 7174 7175
7198 227 7174 7464
7199 227 7174 7465
7200 222 7175 7176
7201 227 7175 7466
7202 227 7175 7467
7203 222 7176 7177
7204 227 7176 7468
7205 227 7176 7469
7206 328 7177 7178
7207 227 7177 7470
7208 227 7177 7471
7209 345 7178 7179
7210 346 7178 7180
7211 247 7181 7297
7212 227 7181 7472
7213 327 7182 7183
7214 346 7182 7186
7215 345 7182 7187
7216 152 7183 7184
7217 153 7183 7185
7218 160 7184 7473
7219 160 7184 7474
7220 227 7185 7475
7221 227 7185 7476
7222 227 7185 7477
7223 243 7187 7188
7224 222 7188 7189
7225 227 7188 7478
7226 227 7188 7479
7227 222 7189 7190
7228 243 7189 7200
7229 227 7189 7480
7230 227 7190 7481
7231 227 7190 7482
7232 227 7190 7483
7233 222 7191 7192
7234 222 7191 7195
7235 247 7191 7203
7236 227 7191 7484
7237 222 7192 7193
7238 227 7192 7485
7239 227 7192 7486
7240 247 7193 7194
7241 227 7193 7487
7242 227 7193 7488
7243 247 7194 7202
7244 222 7195 7196
7245 227 7195 7489
7246 227 7195 7490
7247 222 7196 7197
7248 227 7196 7491
7249 227 7196 7492
7250 222 7197 7198
7251 227 7197 7493
7252 227 7197 7494
7253 328 7198 7199
7254 227 7198 7495
7255 227 7198 7496
7256 345 7199 7200
7257 346 7199 7201
7258 227 7202 7497
7259 227 7202 7498
7260 227 7202 7499
7261 327 7204 7205
7262 346 7204 7208
7263 345 7204 7209
7264 152 7205 7206
7265 153 7205 7207
7266 160 7206 7500
7267 160 7206 7501
7268 227 7207 7502
7269 227 7207 7503
7270 227 7207 7504
7271 243 7209 7210
7272 222 7210 7211
7273 227 7210 7505
7274 227 7210 7506
7275 222 7211 7212
7276 243 7211 7223
7277 227 7211 7507
7278 227 7212 7508
7279 227 7212 7509
7280 227 7212 7510
7281 247 7213 7214
7282 222 7214 7215
7283 222 7214 7218
7284 227 7214 7511
7285 222 7215 7216
7286 227 7215 7512
7287 227 7215 7513
7288 247 7216 7217
7289 227 7216 7514
7290 227 7216 7515
7291 458 7217 7225
7292 222 7218 7219
7293 227 7218 7516
7294 227 7218 7517
7295 222 7219 7220
7296 227 7219 7518
7297 227 7219 7519
7298 222 7220 7221
7299 227 7220 7520
7300 227 7220 7521
7301 328 7221 7222
7302 227 7221 7522
7303 227 7221 7523
7304 345 7222 7223
7305 346 7222 7224
7306 222 7226 7227
7307 222 7226 7237
7308 227 7226 7524
7309 227 7226 7525
7310 222 7227 7228
7311 227 7227 7526
7312 227 7227 7527
7313 222 7228 7229
7314 227 7228 7528
7315 227 7228 7529
7316 222 7229 7230
7317 227 7229 7530
7318 227 7229 7531
7319 222 7230 7231
7320 227 7230 7532
7321 227 7230 7533
7322 222 7231 7232
7323 227 7231 7534
7324 227 7231 7535
7325 222 7232 7233
7326 227 7232 7536
7327 227 7232 7537
7328 222 7233 7234
7329 227 7233 7538
7330 227 7233 7539
7331 222 7234 7235
7332 227 7234 7540
7333 227 7234 7541
7334 222 7235 7236
7335 227 7235 7542
7336 227 7235 7543
7337 243 7236 7240
7338 227 7236 7544
7339 227 7236 7545
7340 227 7237 7546
7341 227 7237 7547
7342 227 7237 7548
7343 328 7238 7239
7344 222 7238 7242
7345 222 7238 7243
7346 227 7238 7549
7347 345 7239 7240
7348 346 7239 7241
7349 227 7242 7550
7350 227 7242 7551
7351 227 7242 7552
7352 227 7243 7553
7353 227 7243 7554
7354 227 7244 7555
7355 227 7244 7556
7356 227 7244 7557
7357 346 7245 7247
7358 344 7246 7247
7359 386 7246 7558
7360 328 7247 7248
7361 222 7248 7249
7362 227 7248 7559
7363 227 7248 7560
7364 222 7249 7250
7365 227 7249 7561
7366 227 7249 7562
7367 222 7250 7251
7368 227 7250 7563
7369 227 7250 7564
7370 222 7251 7276
7371 227 7251 7565
7372 227 7251 7566
7373 247 7252 7253
7374 458 7252 7308
7375 222 7253 7254
7376 227 7253 7567
7377 227 7253 7568
7378 222 7254 7276
7379 227 7254 7569
7380 227 7254 7570
7381 328 7255 7256
7382 346 7255 7259
7383 345 7255 7260
7384 222 7256 7257
7385 222 7256 7258
7386 222 7256 7339
7387 222 7257 7338
7388 227 7257 7571
7389 227 7257 7572
7390 227 7258 7573
7391 227 7258 7574
7392 227 7258 7575
7393 243 7260 7261
7394 222 7261 7262
7395 227 7261 7576
7396 227 7261 7577
7397 222 7262 7263
7398 243 7262 7273
7399 227 7262 7578
7400 227 7263 7579
7401 227 7263 7580
7402 227 7263 7581
7403 222 7264 7265
7404 222 7264 7268
7405 247 7264 7320
7406 227 7264 7582
7407 222 7265 7266
7408 227 7265 7583
7409 227 7265 7584
7410 247 7266 7267
7411 227 7266 7585
7412 227 7266 7586
7413 458 7267 7298
7414 222 7268 7269
7415 227 7268 7587
7416 227 7268 7588
7417 222 7269 7270
7418 227 7269 7589
7419 227 7269 7590
7420 222 7270 7271
7421 227 7270 7591
7422 227 7270 7592
7423 328 7271 7272
7424 227 7271 7593
7425 227 7271 7594
7426 345 7272 7273
7427 346 7272 7274
7428 247 7275 7276
7429 458 7275 7385
7430 227 7276 7595
7431 327 7277 7278
7432 346 7277 7281
7433 345 7277 7282
7434 152 7278 7279
7435 153 7278 7280
7436 160 7279 7596
7437 160 7279 7597
7438 227 7280 7598
7439 227 7280 7599
7440 227 7280 7600
7441 243 7282 7283
7442 222 7283 7284
7443 227 7283 7601
7444 227 7283 7602
7445 222 7284 7285
7446 243 7284 7295
7447 227 7284 7603
7448 227 7285 7604
7449 227 7285 7605
7450 227 7285 7606
7451 222 7286 7287
7452 222 7286 7290
7453 247 7286 7298
7454 227 7286 7607
7455 222 7287 7288
7456 227 7287 7608
7457 227 7287 7609
7458 247 7288 7289
7459 227 7288 7610
7460 227 7288 7611
7461 458 7289 7297
7462 222 7290 7291
7463 227 7290 7612
7464 227 7290 7613
7465 222 7291 7292
7466 227 7291 7614
7467 227 7291 7615
7468 222 7292 7293
7469 227 7292 7616
7470 227 7292 7617
7471 328 7293 7294
7472 227 7293 7618
7473 227 7293 7619
7474 345 7294 7295
7475 346 7294 7296
7476 327 7299 7300
7477 346 7299 7303
7478 345 7299 7304
7479 152 7300 7301
7480 153 7300 7302
7481 160 7301 7620
7482 160 7301 7621
7483 227 7302 7622
7484 227 7302 7623
7485 227 7302 7624
7486 243 7304 7305
7487 222 7305 7306
7488 227 7305 7625
7489 227 7305 7626
7490 222 7306 7307
7491 243 7306 7318
7492 227 7306 7627
7493 227 7307 7628
7494 227 7307 7629
7495 227 7307 7630
7496 247 7308 7309
7497 222 7309 7310
7498 222 7309 7313
7499 227 7309 7631
7500 222 7310 7311
7501 227 7310 7632
7502 227 7310 7633
7503 247 7311 7312
7504 227 7311 7634
7505 227 7311 7635
7506 458 7312 7320
7507 222 7313 7314
7508 227 7313 7636
7509 227 7313 7637
7510 222 7314 7315
7511 227 7314 7638
7512 227 7314 7639
7513 222 7315 7316
7514 227 7315 7640
7515 227 7315 7641
7516 328 7316 7317
7517 227 7316 7642
7518 227 7316 7643
7519 345 7317 7318
7520 346 7317 7319
7521 222 7321 7322
7522 222 7321 7332
7523 227 7321 7644
7524 227 7321 7645
7525 222 7322 7323
7526 227 7322 7646
7527 227 7322 7647
7528 222 7323 7324
7529 227 7323 7648
7530 227 7323 7649
7531 222 7324 7325
7532 227 7324 7650
7533 227 7324 7651
7534 222 7325 7326
7535 227 7325 7652
7536 227 7325 7653
7537 222 7326 7327
7538 227 7326 7654
7539 227 7326 7655
7540 222 7327 7328
7541 227 7327 7656
7542 227 7327 7657
7543 222 7328 7329
7544 227 7328 7658
7545 227 7328 7659
7546 222 7329 7330
7547 227 7329 7660
7548 227 7329 7661
7549 222 7330 7331
7550 227 7330 7662
7551 227 7330 7663
7552 243 7331 7335
7553 227 7331 7664
7554 227 7331 7665
7555 227 7332 7666
7556 227 7332 7667
7557 227 7332 7668
7558 328 7333 7334
7559 222 7333 7337
7560 222 7333 7338
7561 227 7333 7669
7562 345 7334 7335
7563 346 7334 7336
7564 227 7337 7670
7565 227 7337 7671
7566 227 7337 7672
7567 227 7338 7673
7568 227 7338 7674
7569 227 7339 7675
7570 227 7339 7676
7571 227 7339 7677
7572 346 7340 7342
7573 344 7341 7342
7574 386 7341 7678
7575 328 7342 7343
7576 222 7343 7344
7577 227 7343 7679
7578 227 7343 7680
7579 222 7344 7345
7580 227 7344 7681
7581 227 7344 7682
7582 222 7345 7346
7583 227 7345 7683
7584 227 7345 7684
7585 222 7346 7371
7586 227 7346 7685
7587 227 7346 7686
7588 247 7347 7348
7589 458 7347 7403
7590 222 7348 7349
7591 227 7348 7687
7592 227 7348 7688
7593 222 7349 7371
7594 227 7349 7689
7595 227 7349 7690
7596 328 7350 7351
7597 346 7350 7354
7598 345 7350 7355
7599 222 7351 7352
7600 222 7351 7353
7601 222 7351 7434
7602 222 7352 7433
7603 227 7352 7691
7604 227 7352 7692
7605 227 7353 7693
7606 227 7353 7694
7607 227 7353 7695
7608 243 7355 7356
7609 222 7356 7357
7610 227 7356 7696
7611 227 7356 7697
7612 222 7357 7358
7613 243 7357 7368
7614 227 7357 7698
7615 227 7358 7699
7616 227 7358 7700
7617 227 7358 7701
7618 222 7359 7360
7619 222 7359 7363
7620 247 7359 7415
7621 227 7359 7702
7622 222 7360 7361
7623 227 7360 7703
7624 227 7360 7704
7625 247 7361 7362
7626 227 7361 7705
7627 227 7361 7706
7628 458 7362 7393
7629 222 7363 7364
7630 227 7363 7707
7631 227 7363 7708
7632 222 7364 7365
7633 227 7364 7709
7634 227 7364 7710
7635 222 7365 7366
7636 227 7365 7711
7637 227 7365 7712
7638 328 7366 7367
7639 227 7366 7713
7640 227 7366 7714
7641 345 7367 7368
7642 346 7367 7369
7643 247 7370 7371
7644 247 7370 7372
7645 227 7371 7715
7646 227 7372 7716
7647 227 7372 7717
7648 227 7372 7718
7649 327 7373 7374
7650 346 7373 7377
7651 345 7373 7378
7652 152 7374 7375
7653 153 7374 7376
7654 160 7375 7719
7655 160 7375 7720
7656 227 7376 7721
7657 227 7376 7722
7658 227 7376 7723
7659 243 7378 7379
7660 222 7379 7380
7661 227 7379 7724
7662 227 7379 7725
7663 222 7380 7381
7664 243 7380 7391
7665 227 7380 7726
7666 227 7381 7727
7667 227 7381 7728
7668 227 7381 7729
7669 222 7382 7383
7670 222 7382 7386
7671 247 7382 7393
7672 227 7382 7730
7673 222 7383 7384
7674 227 7383 7731
7675 227 7383 7732
7676 247 7384 7385
7677 227 7384 7733
7678 227 7384 7734
7679 222 7386 7387
7680 227 7386 7735
7681 227 7386 7736
7682 222 7387 7388
7683 227 7387 7737
7684 227 7387 7738
7685 222 7388 7389
7686 227 7388 7739
7687 227 7388 7740
7688 328 7389 7390
7689 227 7389 7741
7690 227 7389 7742
7691 345 7390 7391
7692 346 7390 7392
7693 327 7394 7395
7694 346 7394 7398
7695 345 7394 7399
7696 152 7395 7396
7697 153 7395 7397
7698 160 7396 7743
7699 160 7396 7744
7700 227 7397 7745
7701 227 7397 7746
7702 227 7397 7747
7703 243 7399 7400
7704 222 7400 7401
7705 227 7400 7748
7706 227 7400 7749
7707 222 7401 7402
7708 243 7401 7413
7709 227 7401 7750
7710 227 7402 7751
7711 227 7402 7752
7712 227 7402 7753
7713 247 7403 7404
7714 222 7404 7405
7715 222 7404 7408
7716 227 7404 7754
7717 222 7405 7406
7718 227 7405 7755
7719 227 7405 7756
7720 247 7406 7407
7721 227 7406 7757
7722 227 7406 7758
7723 458 7407 7415
7724 222 7408 7409
7725 227 7408 7759
7726 227 7408 7760
7727 222 7409 7410
7728 227 7409 7761
7729 227 7409 7762
7730 222 7410 7411
7731 227 7410 7763
7732 227 7410 7764
7733 328 7411 7412
7734 227 7411 7765
7735 227 7411 7766
7736 345 7412 7413
7737 346 7412 7414
7738 222 7416 7417
7739 222 7416 7427
7740 227 7416 7767
7741 227 7416 7768
7742 222 7417 7418
7743 227 7417 7769
7744 227 7417 7770
7745 222 7418 7419
7746 227 7418 7771
7747 227 7418 7772
7748 222 7419 7420
7749 227 7419 7773
7750 227 7419 7774
7751 222 7420 7421
7752 227 7420 7775
7753 227 7420 7776
7754 222 7421 7422
7755 227 7421 7777
7756 227 7421 7778
7757 222 7422 7423
7758 227 7422 7779
7759 227 7422 7780
7760 222 7423 7424
7761 227 7423 7781
7762 227 7423 7782
7763 222 7424 7425
7764 227 7424 7783
7765 227 7424 7784
7766 222 7425 7426
7767 227 7425 7785
7768 227 7425 7786
7769 243 7426 7430
7770 227 7426 7787
7771 227 7426 7788
7772 227 7427 7789
7773 227 7427 7790
7774 227 7427 7791
7775 328 7428 7429
7776 222 7428 7432
7777 222 7428 7433
7778 227 7428 7792
7779 345 7429 7430
7780 346 7429 7431
7781 227 7432 7793
7782 227 7432 7794
7783 227 7432 7795
7784 227 7433 7796
7785 227 7433 7797
7786 227 7434 7798
7787 227 7434 7799
7788 227 7434 7800
7789 346 7801 7803
7790 344 7802 7803
7791 386 7802 8085
7792 328 7803 7804
7793 222 7804 7805
7794 227 7804 8086
7795 227 7804 8087
7796 222 7805 7806
7797 227 7805 8088
7798 227 7805 8089
7799 222 7806 7807
7800 227 7806 8090
7801 227 7806 8091
7802 222 7807 7831
7803 227 7807 8092
7804 227 7807 8093
7805 247 7808 7809
7806 458 7808 7863
7807 222 7809 7810
7808 227 7809 8094
7809 227 7809 8095
7810 222 7810 7831
7811 227 7810 8096
7812 227 7810 8097
7813 328 7811 7812
7814 346 7811 7815
7815 345 7811 7816
7816 222 7812 7813
7817 222 7812 7814
7818 222 7812 7894
7819 222 7813 7893
7820 227 7813 8098
7821 227 7813 8099
7822 227 7814 8100
7823 227 7814 8101
7824 227 7814 8102
7825 243 7816 7817
7826 222 7817 7818
7827 227 7817 8103
7828 227 7817 8104
7829 222 7818 7819
7830 243 7818 7829
7831 227 7818 8105
7832 227 7819 8106
7833 227 7819 8107
7834 227 7819 8108
7835 222 7820 7821
7836 222 7820 7824
7837 247 7820 7875
7838 227 7820 8109
7839 222 7821 7822
7840 227 7821 8110
7841 227 7821 8111
7842 247 7822 7823
7843 227 7822 8112
7844 227 7822 8113
7845 458 7823 7853
7846 222 7824 7825
7847 227 7824 8114
7848 227 7824 8115
7849 222 7825 7826
7850 227 7825 8116
7851 227 7825 8117
7852 222 7826 7827
7853 227 7826 8118
7854 227 7826 8119
7855 328 7827 7828
7856 227 7827 8120
7857 227 7827 8121
7858 345 7828 7829
7859 346 7828 7830
7860 247 7831 7947
7861 227 7831 8122
7862 327 7832 7833
7863 346 7832 7836
7864 345 7832 7837
7865 152 7833 7834
7866 153 7833 7835
7867 160 7834 8123
7868 160 7834 8124
7869 227 7835 8125
7870 227 7835 8126
7871 227 7835 8127
7872 243 7837 7838
7873 222 7838 7839
7874 227 7838 8128
7875 227 7838 8129
7876 222 7839 7840
7877 243 7839 7850
7878 227 7839 8130
7879 227 7840 8131
7880 227 7840 8132
7881 227 7840 8133
7882 222 7841 7842
7883 222 7841 7845
7884 247 7841 7853
7885 227 7841 8134
7886 222 7842 7843
7887 227 7842 8135
7888 227 7842 8136
7889 247 7843 7844
7890 227 7843 8137
7891 227 7843 8138
7892 247 7844 7852
7893 222 7845 7846
7894 227 7845 8139
7895 227 7845 8140
7896 222 7846 7847
7897 227 7846 8141
7898 227 7846 8142
7899 222 7847 7848
7900 227 7847 8143
7901 227 7847 8144
7902 328 7848 7849
7903 227 7848 8145
7904 227 7848 8146
7905 345 7849 7850
7906 346 7849 7851
7907 227 7852 8147
7908 227 7852 8148
7909 227 7852 8149
7910 327 7854 7855
7911 346 7854 7858
7912 345 7854 7859
7913 152 7855 7856
7914 153 7855 7857
7915 160 7856 8150
7916 160 7856 8151
7917 227 7857 8152
7918 227 7857 8153
7919 227 7857 8154
7920 243 7859 7860
7921 222 7860 7861
7922 227 7860 8155
7923 227 7860 8156
7924 222 7861 7862
7925 243 7861 7873
7926 227 7861 8157
7927 227 7862 8158
7928 227 7862 8159
7929 227 7862 8160
7930 247 7863 7864
7931 222 7864 7865
7932 222 7864 7868
7933 227 7864 8161
7934 222 7865 7866
7935 227 7865 8162
7936 227 7865 8163
7937 247 7866 7867
7938 227 7866 8164
7939 227 7866 8165
7940 458 7867 7875
7941 222 7868 7869
7942 227 7868 8166
7943 227 7868 8167
7944 222 7869 7870
7945 227 7869 8168
7946 227 7869 8169
7947 222 7870 7871
7948 227 7870 8170
7949 227 7870 8171
7950 328 7871 7872
7951 227 7871 8172
7952 227 7871 8173
7953 345 7872 7873
7954 346 7872 7874
7955 222 7876 7877
7956 222 7876 7887
7957 227 7876 8174
7958 227 7876 8175
7959 222 7877 7878
7960 227 7877 8176
7961 227 7877 8177
7962 222 7878 7879
7963 227 7878 8178
7964 227 7878 8179
7965 222 7879 7880
7966 227 7879 8180
7967 227 7879 8181
7968 222 7880 7881
7969 227 7880 8182
7970 227 7880 8183
7971 222 7881 7882
7972 227 7881 8184
7973 227 7881 8185
7974 222 7882 7883
7975 227 7882 8186
7976 227 7882 8187
7977 222 7883 7884
7978 227 7883 8188
7979 227 7883 8189
7980 222 7884 7885
7981 227 7884 8190
7982 227 7884 8191
7983 222 7885 7886
7984 227 7885 8192
7985 227 7885 8193
7986 243 7886 7890
7987 227 7886 8194
7988 227 7886 8195
7989 227 7887 8196
7990 227 7887 8197
7991 227 7887 8198
7992 328 7888 7889
7993 222 7888 7892
7994 222 7888 7893
7995 227 7888 8199
7996 345 7889 7890
7997 346 7889 7891
7998 227 7892 8200
7999 227 7892 8201
8000 227 7892 8202
8001 227 7893 8203
8002 227 7893 8204
8003 227 7894 8205
8004 227 7894 8206
8005 227 7894 8207
8006 346 7895 7897
8007 344 7896 7897
8008 386 7896 8208
8009 328 7897 7898
8010 222 7898 7899
8011 227 7898 8209
8012 227 7898 8210
8013 222 7899 7900
8014 227 7899 8211
8015 227 7899 8212
8016 222 7900 7901
8017 227 7900 8213
8018 227 7900 8214
8019 222 7901 7926
8020 227 7901 8215
8021 227 7901 8216
8022 247 7902 7903
8023 458 7902 7958
8024 222 7903 7904
8025 227 7903 8217
8026 227 7903 8218
8027 222 7904 7926
8028 227 7904 8219
8029 227 7904 8220
8030 328 7905 7906
8031 346 7905 7909
8032 345 7905 7910
8033 222 7906 7907
8034 222 7906 7908
8035 222 7906 7989
8036 222 7907 7988
8037 227 7907 8221
8038 227 7907 8222
8039 227 7908 8223
8040 227 7908 8224
8041 227 7908 8225
8042 243 7910 7911
8043 222 7911 7912
8044 227 7911 8226
8045 227 7911 8227
8046 222 7912 7913
8047 243 7912 7923
8048 227 7912 8228
8049 227 7913 8229
8050 227 7913 8230
8051 227 7913 8231
8052 222 7914 7915
8053 222 7914 7918
8054 247 7914 7970
8055 227 7914 8232
8056 222 7915 7916
8057 227 7915 8233
8058 227 7915 8234
8059 247 7916 7917
8060 227 7916 8235
8061 227 7916 8236
8062 458 7917 7948
8063 222 7918 7919
8064 227 7918 8237
8065 227 7918 8238
8066 222 7919 7920
8067 227 7919 8239
8068 227 7919 8240
8069 222 7920 7921
8070 227 7920 8241
8071 227 7920 8242
8072 328 7921 7922
8073 227 7921 8243
8074 227 7921 8244
8075 345 7922 7923
8076 346 7922 7924
8077 247 7925 7926
8078 458 7925 8035
8079 227 7926 8245
8080 327 7927 7928
8081 346 7927 7931
8082 345 7927 7932
8083 152 7928 7929
8084 153 7928 7930
8085 160 7929 8246
8086 160 7929 8247
8087 227 7930 8248
8088 227 7930 8249
8089 227 7930 8250
8090 243 7932 7933
8091 222 7933 7934
8092 227 7933 8251
8093 227 7933 8252
8094 222 7934 7935
8095 243 7934 7945
8096 227 7934 8253
8097 227 7935 8254
8098 227 7935 8255
8099 227 7935 8256
8100 222 7936 7937
8101 222 7936 7940
8102 247 7936 7948
8103 227 7936 8257
8104 222 7937 7938
8105 227 7937 8258
8106 227 7937 8259
8107 247 7938 7939
8108 227 7938 8260
8109 227 7938 8261
8110 458 7939 7947
8111 222 7940 7941
8112 227 7940 8262
8113 227 7940 8263
8114 222 7941 7942
8115 227 7941 8264
8116 227 7941 8265
8117 222 7942 7943
8118 227 7942 8266
8119 227 7942 8267
8120 328 7943 7944
8121 227 7943 8268
8122 227 7943 8269
8123 345 7944 7945
8124 346 7944 7946
8125 327 7949 7950
8126 346 7949 7953
8127 345 7949 7954
8128 152 7950 7951
8129 153 7950 7952
8130 160 7951 8270
8131 160 7951 8271
8132 227 7952 8272
8133 227 7952 8273
8134 227 7952 8274
8135 243 7954 7955
8136 222 7955 7956
8137 227 7955 8275
8138 227 7955 8276
8139 222 7956 7957
8140 243 7956 7968
8141 227 7956 8277
8142 227 7957 8278
8143 227 7957 8279
8144 227 7957 8280
8145 247 7958 7959
8146 222 7959 7960
8147 222 7959 7963
8148 227 7959 8281
8149 222 7960 7961
8150 227 7960 8282
8151 227 7960 8283
8152 247 7961 7962
8153 227 7961 8284
8154 227 7961 8285
8155 458 7962 7970
8156 222 7963 7964
8157 227 7963 8286
8158 227 7963 8287
8159 222 7964 7965
8160 227 7964 8288
8161 227 7964 8289
8162 222 7965 7966
8163 227 7965 8290
8164 227 7965 8291
8165 328 7966 7967
8166 227 7966 8292
8167 227 7966 8293
8168 345 7967 7968
8169 346 7967 7969
8170 222 7971 7972
8171 222 7971 7982
8172 227 7971 8294
8173 227 7971 8295
8174 222 7972 7973
8175 227 7972 8296
8176 227 7972 8297
8177 222 7973 7974
8178 227 7973 8298
8179 227 7973 8299
8180 222 7974 7975
8181 227 7974 8300
8182 227 7974 8301
8183 222 7975 7976
8184 227 7975 8302
8185 227 7975 8303
8186 222 7976 7977
8187 227 7976 8304
8188 227 7976 8305
8189 222 7977 7978
8190 227 7977 8306
8191 227 7977 8307
8192 222 7978 7979
8193 227 7978 8308
8194 227 7978 8309
8195 222 7979 7980
8196 227 7979 8310
8197 227 7979 8311
8198 222 7980 7981
8199 227 7980 8312
8200 227 7980 8313
8201 243 7981 7985
8202 227 7981 8314
8203 227 7981 8315
8204 227 7982 8316
8205 227 7982 8317
8206 227 7982 8318
8207 328 7983 7984
8208 222 7983 7987
8209 222 7983 7988
8210 227 7983 8319
8211 345 7984 7985
8212 346 7984 7986
8213 227 7987 8320
8214 227 7987 8321
8215 227 7987 8322
8216 227 7988 8323
8217 227 7988 8324
8218 227 7989 8325
8219 227 7989 8326
8220 227 7989 8327
8221 346 7990 7992
8222 344 7991 7992
8223 386 7991 8328
8224 328 7992 7993
8225 222 7993 7994
8226 227 7993 8329
8227 227 7993 8330
8228 222 7994 7995
8229 227 7994 8331
8230 227 7994 8332
8231 222 7995 7996
8232 227 7995 8333
8233 227 7995 8334
8234 222 7996 8021
8235 227 7996 8335
8236 227 7996 8336
8237 247 7997 7998
8238 458 7997 8053
8239 222 7998 7999
8240 227 7998 8337
8241 227 7998 8338
8242 222 7999 8021
8243 227 7999 8339
8244 227 7999 8340
8245 328 8000 8001
8246 346 8000 8004
8247 345 8000 8005
8248 222 8001 8002
8249 222 8001 8003
8250 222 8001 8084
8251 222 8002 8083
8252 227 8002 8341
8253 227 8002 8342
8254 227 8003 8343
8255 227 8003 8344
8256 227 8003 8345
8257 243 8005 8006
8258 222 8006 8007
8259 227 8006 8346
8260 227 8006 8347
8261 222 8007 8008
8262 243 8007 8018
8263 227 8007 8348
8264 227 8008 8349
8265 227 8008 8350
8266 227 8008 8351
8267 222 8009 8010
8268 222 8009 8013
8269 247 8009 8065
8270 227 8009 8352
8271 222 8010 8011
8272 227 8010 8353
8273 227 8010 8354
8274 247 8011 8012
8275 227 8011 8355
8276 227 8011 8356
8277 458 8012 8043
8278 222 8013 8014
8279 227 8013 8357
8280 227 8013 8358
8281 222 8014 8015
8282 227 8014 8359
8283 227 8014 8360
8284 222 8015 8016
8285 227 8015 8361
8286 227 8015 8362
8287 328 8016 8017
8288 227 8016 8363
8289 227 8016 8364
8290 345 8017 8018
8291 346 8017 8019
8292 247 8020 8021
8293 247 8020 8022
8294 227 8021 8365
8295 227 8022 8366
8296 227 8022 8367
8297 227 8022 8368
8298 327 8023 8024
8299 346 8023 8027
8300 345 8023 8028
8301 152 8024 8025
8302 153 8024 8026
8303 160 8025 8369
8304 160 8025 8370
8305 227 8026 8371
8306 227 8026 8372
8307 227 8026 8373
8308 243 8028 8029
8309 222 8029 8030
8310 227 8029 8374
8311 227 8029 8375
8312 222 8030 8031
8313 243 8030 8041
8314 227 8030 8376
8315 227 8031 8377
8316 227 8031 8378
8317 227 8031 8379
8318 222 8032 8033
8319 222 8032 8036
8320 247 8032 8043
8321 227 8032 8380
8322 222 8033 8034
8323 227 8033 8381
8324 227 8033 8382
8325 247 8034 8035
8326 227 8034 8383
8327 227 8034 8384
8328 222 8036 8037
8329 227 8036 8385
8330 227 8036 8386
8331 222 8037 8038
8332 227 8037 8387
8333 227 8037 8388
8334 222 8038 8039
8335 227 8038 8389
8336 227 8038 8390
8337 328 8039 8040
8338 227 8039 8391
8339 227 8039 8392
8340 345 8040 8041
8341 346 8040 8042
8342 327 8044 8045
8343 346 8044 8048
8344 345 8044 8049
8345 152 8045 8046
8346 153 8045 8047
8347 160 8046 8393
8348 160 8046 8394
8349 227 8047 8395
8350 227 8047 8396
8351 227 8047 8397
8352 243 8049 8050
8353 222 8050 8051
8354 227 8050 8398
8355 227 8050 8399
8356 222 8051 8052
8357 243 8051 8063
8358 227 8051 8400
8359 227 8052 8401
8360 227 8052 8402
8361 227 8052 8403
8362 247 8053 8054
8363 222 8054 8055
8364 222 8054 8058
8365 227 8054 8404
8366 222 8055 8056
8367 227 8055 8405
8368 227 8055 8406
8369 247 8056 8057
8370 227 8056 8407
8371 227 8056 8408
8372 458 8057 8065
8373 222 8058 8059
8374 227 8058 8409
8375 227 8058 8410
8376 222 8059 8060
8377 227 8059 8411
8378 227 8059 8412
8379 222 8060 8061
8380 227 8060 8413
8381 227 8060 8414
8382 328 8061 8062
8383 227 8061 8415
8384 227 8061 8416
8385 345 8062 8063
8386 346 8062 8064
8387 222 8066 8067
8388 222 8066 8077
8389 227 8066 8417
8390 227 8066 8418
8391 222 8067 8068
8392 227 8067 8419
8393 227 8067 8420
8394 222 8068 8069
8395 227 8068 8421
8396 227 8068 8422
8397 222 8069 8070
8398 227 8069 8423
8399 227 8069 8424
8400 222 8070 8071
8401 227 8070 8425
8402 227 8070 8426
8403 222 8071 8072
8404 227 8071 8427
8405 227 8071 8428
8406 222 8072 8073
8407 227 8072 8429
8408 227 8072 8430
8409 222 8073 8074
8410 227 8073 8431
8411 227 8073 8432
8412 222 8074 8075
8413 227 8074 8433
8414 227 8074 8434
8415 222 8075 8076
8416 227 8075 8435
8417 227 8075 8436
8418 243 8076 8080
8419 227 8076 8437
8420 227 8076 8438
8421 227 8077 8439
8422 227 8077 8440
8423 227 8077 8441
8424 328 8078 8079
8425 222 8078 8082
8426 222 8078 8083
8427 227 8078 8442
8428 345 8079 8080
8429 346 8079 8081
8430 227 8082 8443
8431 227 8082 8444
8432 227 8082 8445
8433 227 8083 8446
8434 227 8083 8447
8435 227 8084 8448
8436 227 8084 8449
8437 227 8084 8450
8438 346 8451 8453
8439 344 8452 8453
8440 386 8452 8735
8441 328 8453 8454
8442 222 8454 8455
8443 227 8454 8736
8444 227 8454 8737
8445 222 8455 8456
8446 227 8455 8738
8447 227 8455 8739
8448 222 8456 8457
8449 227 8456 8740
8450 227 8456 8741
8451 222 8457 8481
8452 227 8457 8742
8453 227 8457 8743
8454 247 8458 8459
8455 458 8458 8513
8456 222 8459 8460
8457 227 8459 8744
8458 227 8459 8745
8459 222 8460 8481
8460 227 8460 8746
8461 227 8460 8747
8462 328 8461 8462
8463 346 8461 8465
8464 345 8461 8466
8465 222 8462 8463
8466 222 8462 8464
8467 222 8462 8544
8468 222 8463 8543
8469 227 8463 8748
8470 227 8463 8749
8471 227 8464 8750
8472 227 8464 8751
8473 227 8464 8752
8474 243 8466 8467
8475 222 8467 8468
8476 227 8467 8753
8477 227 8467 8754
8478 222 8468 8469
8479 243 8468 8479
8480 227 8468 8755
8481 227 8469 8756
8482 227 8469 8757
8483 227 8469 8758
8484 222 8470 8471
8485 222 8470 8474
8486 247 8470 8525
8487 227 8470 8759
8488 222 8471 8472
8489 227 8471 8760
8490 227 8471 8761
8491 247 8472 8473
8492 227 8472 8762
8493 227 8472 8763
8494 458 8473 8503
8495 222 8474 8475
8496 227 8474 8764
8497 227 8474 8765
8498 222 8475 8476
8499 227 8475 8766
8500 227 8475 8767
8501 222 8476 8477
8502 227 8476 8768
8503 227 8476 8769
8504 328 8477 8478
8505 227 8477 8770
8506 227 8477 8771
8507 345 8478 8479
8508 346 8478 8480
8509 247 8481 8597
8510 227 8481 8772
8511 327 8482 8483
8512 346 8482 8486
8513 345 8482 8487
8514 152 8483 8484
8515 153 8483 8485
8516 160 8484 8773
8517 160 8484 8774
8518 227 8485 8775
8519 227 8485 8776
8520 227 8485 8777
8521 243 8487 8488
8522 222 8488 8489
8523 227 8488 8778
8524 227 8488 8779
8525 222 8489 8490
8526 243 8489 8500
8527 227 8489 8780
8528 227 8490 8781
8529 227 8490 8782
8530 227 8490 8783
8531 222 8491 8492
8532 222 8491 8495
8533 247 8491 8503
8534 227 8491 8784
8535 222 8492 8493
8536 227 8492 8785
8537 227 8492 8786
8538 247 8493 8494
8539 227 8493 8787
8540 227 8493 8788
8541 247 8494 8502
8542 222 8495 8496
8543 227 8495 8789
8544 227 8495 8790
8545 222 8496 8497
8546 227 8496 8791
8547 227 8496 8792
8548 222 8497 8498
8549 227 8497 8793
8550 227 8497 8794
8551 328 8498 8499
8552 227 8498 8795
8553 227 8498 8796
8554 345 8499 8500
8555 346 8499 8501
8556 227 8502 8797
8557 227 8502 8798
8558 227 8502 8799
8559 327 8504 8505
8560 346 8504 8508
8561 345 8504 8509
8562 152 8505 8506
8563 153 8505 8507
8564 160 8506 8800
8565 160 8506 8801
8566 227 8507 8802
8567 227 8507 8803
8568 227 8507 8804
8569 243 8509 8510
8570 222 8510 8511
8571 227 8510 8805
8572 227 8510 8806
8573 222 8511 8512
8574 243 8511 8523
8575 227 8511 8807
8576 227 8512 8808
8577 227 8512 8809
8578 227 8512 8810
8579 247 8513 8514
8580 222 8514 8515
8581 222 8514 8518
8582 227 8514 8811
8583 222 8515 8516
8584 227 8515 8812
8585 227 8515 8813
8586 247 8516 8517
8587 227 8516 8814
8588 227 8516 8815
8589 458 8517 8525
8590 222 8518 8519
8591 227 8518 8816
8592 227 8518 8817
8593 222 8519 8520
8594 227 8519 8818
8595 227 8519 8819
8596 222 8520 8521
8597 227 8520 8820
8598 227 8520 8821
8599 328 8521 8522
8600 227 8521 8822
8601 227 8521 8823
8602 345 8522 8523
8603 346 8522 8524
8604 222 8526 8527
8605 222 8526 8537
8606 227 8526 8824
8607 227 8526 8825
8608 222 8527 8528
8609 227 8527 8826
8610 227 8527 8827
8611 222 8528 8529
8612 227 8528 8828
8613 227 8528 8829
8614 222 8529 8530
8615 227 8529 8830
8616 227 8529 8831
8617 222 8530 8531
8618 227 8530 8832
8619 227 8530 8833
8620 222 8531 8532
8621 227 8531 8834
8622 227 8531 8835
8623 222 8532 8533
8624 227 8532 8836
8625 227 8532 8837
8626 222 8533 8534
8627 227 8533 8838
8628 227 8533 8839
8629 222 8534 8535
8630 227 8534 8840
8631 227 8534 8841
8632 222 8535 8536
8633 227 8535 8842
8634 227 8535 8843
8635 243 8536 8540
8636 227 8536 8844
8637 227 8536 8845
8638 227 8537 8846
8639 227 8537 8847
8640 227 8537 8848
8641 328 8538 8539
8642 222 8538 8542
8643 222 8538 8543
8644 227 8538 8849
8645 345 8539 8540
8646 346 8539 8541
8647 227 8542 8850
8648 227 8542 8851
8649 227 8542 8852
8650 227 8543 8853
8651 227 8543 8854
8652 227 8544 8855
8653 227 8544 8856
8654 227 8544 8857
8655 346 8545 8547
8656 344 8546 8547
8657 386 8546 8858
8658 328 8547 8548
8659 222 8548 8549
8660 227 8548 8859
8661 227 8548 8860
8662 222 8549 8550
8663 227 8549 8861
8664 227 8549 8862
8665 222 8550 8551
8666 227 8550 8863
8667 227 8550 8864
8668 222 8551 8576
8669 227 8551 8865
8670 227 8551 8866
8671 247 8552 8553
8672 458 8552 8608
8673 222 8553 8554
8674 227 8553 8867
8675 227 8553 8868
8676 222 8554 8576
8677 227 8554 8869
8678 227 8554 8870
8679 328 8555 8556
8680 346 8555 8559
8681 345 8555 8560
8682 222 8556 8557
8683 222 8556 8558
8684 222 8556 8639
8685 222 8557 8638
8686 227 8557 8871
8687 227 8557 8872
8688 227 8558 8873
8689 227 8558 8874
8690 227 8558 8875
8691 243 8560 8561
8692 222 8561 8562
8693 227 8561 8876
8694 227 8561 8877
8695 222 8562 8563
8696 243 8562 8573
8697 227 8562 8878
8698 227 8563 8879
8699 227 8563 8880
8700 227 8563 8881
8701 222 8564 8565
8702 222 8564 8568
8703 247 8564 8620
8704 227 8564 8882
8705 222 8565 8566
8706 227 8565 8883
8707 227 8565 8884
8708 247 8566 8567
8709 227 8566 8885
8710 227 8566 8886
8711 458 8567 8598
8712 222 8568 8569
8713 227 8568 8887
8714 227 8568 8888
8715 222 8569 8570
8716 227 8569 8889
8717 227 8569 8890
8718 222 8570 8571
8719 227 8570 8891
8720 227 8570 8892
8721 328 8571 8572
8722 227 8571 8893
8723 227 8571 8894
8724 345 8572 8573
8725 346 8572 8574
8726 247 8575 8576
8727 458 8575 8685
8728 227 8576 8895
8729 327 8577 8578
8730 346 8577 8581
8731 345 8577 8582
8732 152 8578 8579
8733 153 8578 8580
8734 160 8579 8896
8735 160 8579 8897
8736 227 8580 8898
8737 227 8580 8899
8738 227 8580 8900
8739 243 8582 8583
8740 222 8583 8584
8741 227 8583 8901
8742 227 8583 8902
8743 222 8584 8585
8744 243 8584 8595
8745 227 8584 8903
8746 227 8585 8904
8747 227 8585 8905
8748 227 8585 8906
8749 222 8586 8587
8750 222 8586 8590
8751 247 8586 8598
8752 227 8586 8907
8753 222 8587 8588
8754 227 8587 8908
8755 227 8587 8909
8756 247 8588 8589
8757 227 8588 8910
8758 227 8588 8911
8759 458 8589 8597
8760 222 8590 8591
8761 227 8590 8912
8762 227 8590 8913
8763 222 8591 8592
8764 227 8591 8914
8765 227 8591 8915
8766 222 8592 8593
8767 227 8592 8916
8768 227 8592 8917
8769 328 8593 8594
8770 227 8593 8918
8771 227 8593 8919
8772 345 8594 8595
8773 346 8594 8596
8774 327 8599 8600
8775 346 8599 8603
8776 345 8599 8604
8777 152 8600 8601
8778 153 8600 8602
8779 160 8601 8920
8780 160 8601 8921
8781 227 8602 8922
8782 227 8602 8923
8783 227 8602 8924
8784 243 8604 8605
8785 222 8605 8606
8786 227 8605 8925
8787 227 8605 8926
8788 222 8606 8607
8789 243 8606 8618
8790 227 8606 8927
8791 227 8607 8928
8792 227 8607 8929
8793 227 8607 8930
8794 247 8608 8609
8795 222 8609 8610
8796 222 8609 8613
8797 227 8609 8931
8798 222 8610 8611
8799 227 8610 8932
8800 227 8610 8933
8801 247 8611 8612
8802 227 8611 8934
8803 227 8611 8935
8804 458 8612 8620
8805 222 8613 8614
8806 227 8613 8936
8807 227 8613 8937
8808 222 8614 8615
8809 227 8614 8938
8810 227 8614 8939
8811 222 8615 8616
8812 227 8615 8940
8813 227 8615 8941
8814 328 8616 8617
8815 227 8616 8942
8816 227 8616 8943
8817 345 8617 8618
8818 346 8617 8619
8819 222 8621 8622
8820 222 8621 8632
8821 227 8621 8944
8822 227 8621 8945
8823 222 8622 8623
8824 227 8622 8946
8825 227 8622 8947
8826 222 8623 8624
8827 227 8623 8948
8828 227 8623 8949
8829 222 8624 8625
8830 227 8624 8950
8831 227 8624 8951
8832 222 8625 8626
8833 227 8625 8952
8834 227 8625 8953
8835 222 8626 8627
8836 227 8626 8954
8837 227 8626 8955
8838 222 8627 8628
8839 227 8627 8956
8840 227 8627 8957
8841 222 8628 8629
8842 227 8628 8958
8843 227 8628 8959
8844 222 8629 8630
8845 227 8629 8960
8846 227 8629 8961
8847 222 8630 8631
8848 227 8630 8962
8849 227 8630 8963
8850 243 8631 8635
8851 227 8631 8964
8852 227 8631 8965
8853 227 8632 8966
8854 227 8632 8967
8855 227 8632 8968
8856 328 8633 8634
8857 222 8633 8637
8858 222 8633 8638
8859 227 8633 8969
8860 345 8634 8635
8861 346 8634 8636
8862 227 8637 8970
8863 227 8637 8971
8864 227 8637 8972
8865 227 8638 8973
8866 227 8638 8974
8867 227 8639 8975
8868 227 8639 8976
8869 227 8639 8977
8870 346 8640 8642
8871 344 8641 8642
8872 386 8641 8978
8873 328 8642 8643
8874 222 8643 8644
8875 227 8643 8979
8876 227 8643 8980
8877 222 8644 8645
8878 227 8644 8981
8879 227 8644 8982
8880 222 8645 8646
8881 227 8645 8983
8882 227 8645 8984
8883 222 8646 8671
8884 227 8646 8985
8885 227 8646 8986
8886 247 8647 8648
8887 458 8647 8703
8888 222 8648 8649
8889 227 8648 8987
8890 227 8648 8988
8891 222 8649 8671
8892 227 8649 8989
8893 227 8649 8990
8894 328 8650 8651
8895 346 8650 8654
8896 345 8650 8655
8897 222 8651 8652
8898 222 8651 8653
8899 222 8651 8734
8900 222 8652 8733
8901 227 8652 8991
8902 227 8652 8992
8903 227 8653 8993
8904 227 8653 8994
8905 227 8653 8995
8906 243 8655 8656
8907 222 8656 8657
8908 227 8656 8996
8909 227 8656 8997
8910 222 8657 8658
8911 243 8657 8668
8912 227 8657 8998
8913 227 8658 8999
8914 227 8658 9000
8915 227 8658 9001
8916 222 8659 8660
8917 222 8659 8663
8918 247 8659 8715
8919 227 8659 9002
8920 222 8660 8661
8921 227 8660 9003
8922 227 8660 9004
8923 247 8661 8662
8924 227 8661 9005
8925 227 8661 9006
8926 458 8662 8693
8927 222 8663 8664
8928 227 8663 9007
8929 227 8663 9008
8930 222 8664 8665
8931 227 8664 9009
8932 227 8664 9010
8933 222 8665 8666
8934 227 8665 9011
8935 227 8665 9012
8936 328 8666 8667
8937 227 8666 9013
8938 227 8666 9014
8939 345 8667 8668
8940 346 8667 8669
8941 247 8670 8671
8942 247 8670 8672
8943 227 8671 9015
8944 227 8672 9016
8945 227 8672 9017
8946 227 8672 9018
8947 327 8673 8674
8948 346 8673 8677
8949 345 8673 8678
8950 152 8674 8675
8951 153 8674 8676
8952 160 8675 9019
8953 160 8675 9020
8954 227 8676 9021
8955 227 8676 9022
8956 227 8676 9023
8957 243 8678 8679
8958 222 8679 8680
8959 227 8679 9024
8960 227 8679 9025
8961 222 8680 8681
8962 243 8680 8691
8963 227 8680 9026
8964 227 8681 9027
8965 227 8681 9028
8966 227 8681 9029
8967 222 8682 8683
8968 222 8682 8686
8969 247 8682 8693
8970 227 8682 9030
8971 222 8683 8684
8972 227 8683 9031
8973 227 8683 9032
8974 247 8684 8685
8975 227 8684 9033
8976 227 8684 9034
8977 222 8686 8687
8978 227 8686 9035
8979 227 8686 9036
8980 222 8687 8688
8981 227 8687 9037
8982 227 8687 9038
8983 222 8688 8689
8984 227 8688 9039
8985 227 8688 9040
8986 328 8689 8690
8987 227 8689 9041
8988 227 8689 9042
8989 345 8690 8691
8990 346 8690 8692
8991 327 8694 8695
8992 346 8694 8698
8993 345 8694 8699
8994 152 8695 8696
8995 153 8695 8697
8996 160 8696 9043
8997 160 8696 9044
8998 227 8697 9045
8999 227 8697 9046
9000 227 8697 9047
9001 243 8699 8700
9002 222 8700 8701
9003 227 8700 9048
9004 227 8700 9049
9005 222 8701 8702
9006 243 8701 8713
9007 227 8701 9050
9008 227 8702 9051
9009 227 8702 9052
9010 227 8702 9053
9011 247 8703 8704
9012 222 8704 8705
9013 222 8704 8708
9014 227 8704 9054
9015 222 8705 8706
9016 227 8705 9055
9017 227 8705 9056
9018 247 8706 8707
9019 227 8706 9057
9020 227 8706 9058
9021 458 8707 8715
9022 222 8708 8709
9023 227 8708 9059
9024 227 8708 9060
9025 222 8709 8710
9026 227 8709 9061
9027 227 8709 9062
9028 222 8710 8711
9029 227 8710 9063
9030 227 8710 9064
9031 328 8711 8712
9032 227 8711 9065
9033 227 8711 9066
9034 345 8712 8713
9035 346 8712 8714
9036 222 8716 8717
9037 222 8716 8727
9038 227 8716 9067
9039 227 8716 9068
9040 222 8717 8718
9041 227 8717 9069
9042 227 8717 9070
9043 222 8718 8719
9044 227 8718 9071
9045 227 8718 9072
9046 222 8719 8720
9047 227 8719 9073
9048 227 8719 9074
9049 222 8720 8721
9050 227 8720 9075
9051 227 8720 9076
9052 222 8721 8722
9053 227 8721 9077
9054 227 8721 9078
9055 222 8722 8723
9056 227 8722 9079
9057 227 8722 9080
9058 222 8723 8724
9059 227 8723 9081
9060 227 8723 9082
9061 222 8724 8725
9062 227 8724 9083
9063 227 8724 9084
9064 222 8725 8726
9065 227 8725 9085
9066 227 8725 9086
9067 243 8726 8730
9068 227 8726 9087
9069 227 8726 9088
9070 227 8727 9089
9071 227 8727 9090
9072 227 8727 9091
9073 328 8728 8729
9074 222 8728 8732
9075 222 8728 8733
9076 227 8728 9092
9077 345 8729 8730
9078 346 8729 8731
9079 227 8732 9093
9080 227 8732 9094
9081 227 8732 9095
9082 227 8733 9096
9083 227 8733 9097
9084 227 8734 9098
9085 227 8734 9099
9086 227 8734 9100
9087 346 9101 9103
9088 344 9102 9103
9089 386 9102 9385
9090 328 9103 9104
9091 222 9104 9105
9092 227 9104 9386
9093 227 9104 9387
9094 222 9105 9106
9095 227 9105 9388
9096 227 9105 9389
9097 222 9106 9107
9098 227 9106 9390
9099 227 9106 9391
9100 222 9107 9131
9101 227 9107 9392
9102 227 9107 9393
9103 247 9108 9109
9104 458 9108 9163
9105 222 9109 9110
9106 227 9109 9394
9107 227 9109 9395
9108 222 9110 9131
9109 227 9110 9396
9110 227 9110 9397
9111 328 9111 9112
9112 346 9111 9115
9113 345 9111 9116
9114 222 9112 9113
9115 222 9112 9114
9116 222 9112 9194
9117 222 9113 9193
9118 227 9113 9398
9119 227 9113 9399
9120 227 9114 9400
9121 227 9114 9401
9122 227 9114 9402
9123 243 9116 9117
9124 222 9117 9118
9125 227 9117 9403
9126 227 9117 9404
9127 222 9118 9119
9128 243 9118 9129
9129 227 9118 9405
9130 227 9119 9406
9131 227 9119 9407
9132 227 9119 9408
9133 222 9120 9121
9134 222 9120 9124
9135 247 9120 9175
9136 227 9120 9409
9137 222 9121 9122
9138 227 9121 9410
9139 227 9121 9411
9140 247 9122 9123
9141 227 9122 9412
9142 227 9122 9413
9143 458 9123 9153
9144 222 9124 9125
9145 227 9124 9414
9146 227 9124 9415
9147 222 9125 9126
9148 227 9125 9416
9149 227 9125 9417
9150 222 9126 9127
9151 227 9126 9418
9152 227 9126 9419
9153 328 9127 9128
9154 227 9127 9420
9155 227 9127 9421
9156 345 9128 9129
9157 346 9128 9130
9158 247 9131 9247
9159 227 9131 9422
9160 327 9132 9133
9161 346 9132 9136
9162 345 9132 9137
9163 152 9133 9134
9164 153 9133 9135
9165 160 9134 9423
9166 160 9134 9424
9167 227 9135 9425
9168 227 9135 9426
9169 227 9135 9427
9170 243 9137 9138
9171 222 9138 9139
9172 227 9138 9428
9173 227 9138 9429
9174 222 9139 9140
9175 243 9139 9150
9176 227 9139 9430
9177 227 9140 9431
9178 227 9140 9432
9179 227 9140 9433
9180 222 9141 9142
9181 222 9141 9145
9182 247 9141 9153
9183 227 9141 9434
9184 222 9142 9143
9185 227 9142 9435
9186 227 9142 9436
9187 247 9143 9144
9188 227 9143 9437
9189 227 9143 9438
9190 247 9144 9152
9191 222 9145 9146
9192 227 9145 9439
9193 227 9145 9440
9194 222 9146 9147
9195 227 9146 9441
9196 227 9146 9442
9197 222 9147 9148
9198 227 9147 9443
9199 227 9147 9444
9200 328 9148 9149
9201 227 9148 9445
9202 227 9148 9446
9203 345 9149 9150
9204 346 9149 9151
9205 227 9152 9447
9206 227 9152 9448
9207 227 9152 9449
9208 327 9154 9155
9209 346 9154 9158
9210 345 9154 9159
9211 152 9155 9156
9212 153 9155 9157
9213 160 9156 9450
9214 160 9156 9451
9215 227 9157 9452
9216 227 9157 9453
9217 227 9157 9454
9218 243 9159 9160
9219 222 9160 9161
9220 227 9160 9455
9221 227 9160 9456
9222 222 9161 9162
9223 243 9161 9173
9224 227 9161 9457
9225 227 9162 9458
9226 227 9162 9459
9227 227 9162 9460
9228 247 9163 9164
9229 222 9164 9165
9230 222 9164 9168
9231 227 9164 9461
9232 222 9165 9166
9233 227 9165 9462
9234 227 9165 9463
9235 247 9166 9167
9236 227 9166 9464
9237 227 9166 9465
9238 458 9167 9175
9239 222 9168 9169
9240 227 9168 9466
9241 227 9168 9467
9242 222 9169 9170
9243 227 9169 9468
9244 227 9169 9469
9245 222 9170 9171
9246 227 9170 9470
9247 227 9170 9471
9248 328 9171 9172
9249 227 9171 9472
9250 227 9171 9473
9251 345 9172 9173
9252 346 9172 9174
9253 222 9176 9177
9254 222 9176 9187
9255 227 9176 9474
9256 227 9176 9475
9257 222 9177 9178
9258 227 9177 9476
9259 227 9177 9477
9260 222 9178 9179
9261 227 9178 9478
9262 227 9178 9479
9263 222 9179 9180
9264 227 9179 9480
9265 227 9179 9481
9266 222 9180 9181
9267 227 9180 9482
9268 227 9180 9483
9269 222 9181 9182
9270 227 9181 9484
9271 227 9181 9485
9272 222 9182 9183
9273 227 9182 9486
9274 227 9182 9487
9275 222 9183 9184
9276 227 9183 9488
9277 227 9183 9489
9278 222 9184 9185
9279 227 9184 9490
9280 227 9184 9491
9281 222 9185 9186
9282 227 9185 9492
9283 227 9185 9493
9284 243 9186 9190
9285 227 9186 9494
9286 227 9186 9495
9287 227 9187 9496
9288 227 9187 9497
9289 227 9187 9498
9290 328 9188 9189
9291 222 9188 9192
9292 222 9188 9193
9293 227 9188 9499
9294 345 9189 9190
9295 346 9189 9191
9296 227 9192 9500
9297 227 9192 9501
9298 227 9192 9502
9299 227 9193 9503
9300 227 9193 9504
9301 227 9194 9505
9302 227 9194 9506
9303 227 9194 9507
9304 346 9195 9197
9305 344 9196 9197
9306 386 9196 9508
9307 328 9197 9198
9308 222 9198 9199
9309 227 9198 9509
9310 227 9198 9510
9311 222 9199 9200
9312 227 9199 9511
9313 227 9199 9512
9314 222 9200 9201
9315 227 9200 9513
9316 227 9200 9514
9317 222 9201 9226
9318 227 9201 9515
9319 227 9201 9516
9320 247 9202 9203
9321 458 9202 9258
9322 222 9203 9204
9323 227 9203 9517
9324 227 9203 9518
9325 222 9204 9226
9326 227 9204 9519
9327 227 9204 9520
9328 328 9205 9206
9329 346 9205 9209
9330 345 9205 9210
9331 222 9206 9207
9332 222 9206 9208
9333 222 9206 9289
9334 222 9207 9288
9335 227 9207 9521
9336 227 9207 9522
9337 227 9208 9523
9338 227 9208 9524
9339 227 9208 9525
9340 243 9210 9211
9341 222 9211 9212
9342 227 9211 9526
9343 227 9211 9527
9344 222 9212 9213
9345 243 9212 9223
9346 227 9212 9528
9347 227 9213 9529
9348 227 9213 9530
9349 227 9213 9531
9350 222 9214 9215
9351 222 9214 9218
9352 247 9214 9270
9353 227 9214 9532
9354 222 9215 9216
9355 227 9215 9533
9356 227 9215 9534
9357 247 9216 9217
9358 227 9216 9535
9359 227 9216 9536
9360 458 9217 9248
9361 222 9218 9219
9362 227 9218 9537
9363 227 9218 9538
9364 222 9219 9220
9365 227 9219 9539
9366 227 9219 9540
9367 222 9220 9221
9368 227 9220 9541
9369 227 9220 9542
9370 328 9221 9222
9371 227 9221 9543
9372 227 9221 9544
9373 345 9222 9223
9374 346 9222 9224
9375 247 9225 9226
9376 458 9225 9335
9377 227 9226 9545
9378 327 9227 9228
9379 346 9227 9231
9380 345 9227 9232
9381 152 9228 9229
9382 153 9228 9230
9383 160 9229 9546
9384 160 9229 9547
9385 227 9230 9548
9386 227 9230 9549
9387 227 9230 9550
9388 243 9232 9233
9389 222 9233 9234
9390 227 9233 9551
9391 227 9233 9552
9392 222 9234 9235
9393 243 9234 9245
9394 227 9234 9553
9395 227 9235 9554
9396 227 9235 9555
9397 227 9235 9556
9398 222 9236 9237
9399 222 9236 9240
9400 247 9236 9248
9401 227 9236 9557
9402 222 9237 9238
9403 227 9237 9558
9404 227 9237 9559
9405 247 9238 9239
9406 227 9238 9560
9407 227 9238 9561
9408 458 9239 9247
9409 222 9240 9241
9410 227 9240 9562
9411 227 9240 9563
9412 222 9241 9242
9413 227 9241 9564
9414 227 9241 9565
9415 222 9242 9243
9416 227 9242 9566
9417 227 9242 9567
9418 328 9243 9244
9419 227 9243 9568
9420 227 9243 9569
9421 345 9244 9245
9422 346 9244 9246
9423 327 9249 9250
9424 346 9249 9253
9425 345 9249 9254
9426 152 9250 9251
9427 153 9250 9252
9428 160 9251 9570
9429 160 9251 9571
9430 227 9252 9572
9431 227 9252 9573
9432 227 9252 9574
9433 243 9254 9255
9434 222 9255 9256
9435 227 9255 9575
9436 227 9255 9576
9437 222 9256 9257
9438 243 9256 9268
9439 227 9256 9577
9440 227 9257 9578
9441 227 9257 9579
9442 227 9257 9580
9443 247 9258 9259
9444 222 9259 9260
9445 222 9259 9263
9446 227 9259 9581
9447 222 9260 9261
9448 227 9260 9582
9449 227 9260 9583
9450 247 9261 9262
9451 227 9261 9584
9452 227 9261 9585
9453 458 9262 9270
9454 222 9263 9264
9455 227 9263 9586
9456 227 9263 9587
9457 222 9264 9265
9458 227 9264 9588
9459 227 9264 9589
9460 222 9265 9266
9461 227 9265 9590
9462 227 9265 9591
9463 328 9266 9267
9464 227 9266 9592
9465 227 9266 9593
9466 345 9267 9268
9467 346 9267 9269
9468 222 9271 9272
9469 222 9271 9282
9470 227 9271 9594
9471 227 9271 9595
9472 222 9272 9273
9473 227 9272 9596
9474 227 9272 9597
9475 222 9273 9274
9476 227 9273 9598
9477 227 9273 9599
9478 222 9274 9275
9479 227 9274 9600
9480 227 9274 9601
9481 222 9275 9276
9482 227 9275 9602
9483 227 9275 9603
9484 222 9276 9277
9485 227 9276 9604
9486 227 9276 9605
9487 222 9277 9278
9488 227 9277 9606
9489 227 9277 9607
9490 222 9278 9279
9491 227 9278 9608
9492 227 9278 9609
9493 222 9279 9280
9494 227 9279 9610
9495 227 9279 9611
9496 222 9280 9281
9497 227 9280 9612
9498 227 9280 9613
9499 243 9281 9285
9500 227 9281 9614
9501 227 9281 9615
9502 227 9282 9616
9503 227 9282 9617
9504 227 9282 9618
9505 328 9283 9284
9506 222 9283 9287
9507 222 9283 9288
9508 227 9283 9619
9509 345 9284 9285
9510 346 9284 9286
9511 227 9287 9620
9512 227 9287 9621
9513 227 9287 9622
9514 227 9288 9623
9515 227 9288 9624
9516 227 9289 9625
9517 227 9289 9626
9518 227 9289 9627
9519 346 9290 9292
9520 344 9291 9292
9521 386 9291 9628
9522 328 9292 9293
9523 222 9293 9294
9524 227 9293 9629
9525 227 9293 9630
9526 222 9294 9295
9527 227 9294 9631
9528 227 9294 9632
9529 222 9295 9296
9530 227 9295 9633
9531 227 9295 9634
9532 222 9296 9321
9533 227 9296 9635
9534 227 9296 9636
9535 247 9297 9298
9536 458 9297 9353
9537 222 9298 9299
9538 227 9298 9637
9539 227 9298 9638
9540 222 9299 9321
9541 227 9299 9639
9542 227 9299 9640
9543 328 9300 9301
9544 346 9300 9304
9545 345 9300 9305
9546 222 9301 9302
9547 222 9301 9303
9548 222 9301 9384
9549 222 9302 9383
9550 227 9302 9641
9551 227 9302 9642
9552 227 9303 9643
9553 227 9303 9644
9554 227 9303 9645
9555 243 9305 9306
9556 222 9306 9307
9557 227 9306 9646
9558 227 9306 9647
9559 222 9307 9308
9560 243 9307 9318
9561 227 9307 9648
9562 227 9308 9649
9563 227 9308 9650
9564 227 9308 9651
9565 222 9309 9310
9566 222 9309 9313
9567 247 9309 9365
9568 227 9309 9652
9569 222 9310 9311
9570 227 9310 9653
9571 227 9310 9654
9572 247 9311 9312
9573 227 9311 9655
9574 227 9311 9656
9575 458 9312 9343
9576 222 9313 9314
9577 227 9313 9657
9578 227 9313 9658
9579 222 9314 9315
9580 227 9314 9659
9581 227 9314 9660
9582 222 9315 9316
9583 227 9315 9661
9584 227 9315 9662
9585 328 9316 9317
9586 227 9316 9663
9587 227 9316 9664
9588 345 9317 9318
9589 346 9317 9319
9590 247 9320 9321
9591 247 9320 9322
9592 227 9321 9665
9593 227 9322 9666
9594 227 9322 9667
9595 227 9322 9668
9596 327 9323 9324
9597 346 9323 9327
9598 345 9323 9328
9599 152 9324 9325
9600 153 9324 9326
9601 160 9325 9669
9602 160 9325 9670
9603 227 9326 9671
9604 227 9326 9672
9605 227 9326 9673
9606 243 9328 9329
9607 222 9329 9330
9608 227 9329 9674
9609 227 9329 9675
9610 222 9330 9331
9611 243 9330 9341
9612 227 9330 9676
9613 227 9331 9677
9614 227 9331 9678
9615 227 9331 9679
9616 222 9332 9333
9617 222 9332 9336
9618 247 9332 9343
9619 227 9332 9680
9620 222 9333 9334
9621 227 9333 9681
9622 227 9333 9682
9623 247 9334 9335
9624 227 9334 9683
9625 227 9334 9684
9626 222 9336 9337
9627 227 9336 9685
9628 227 9336 9686
9629 222 9337 9338
9630 227 9337 9687
9631 227 9337 9688
9632 222 9338 9339
9633 227 9338 9689
9634 227 9338 9690
9635 328 9339 9340
9636 227 9339 9691
9637 227 9339 9692
9638 345 9340 9341
9639 346 9340 9342
9640 327 9344 9345
9641 346 9344 9348
9642 345 9344 9349
9643 152 9345 9346
9644 153 9345 9347
9645 160 9346 9693
9646 160 9346 9694
9647 227 9347 9695
9648 227 9347 9696
9649 227 9347 9697
9650 243 9349 9350
9651 222 9350 9351
9652 227 9350 9698
9653 227 9350 9699
9654 222 9351 9352
9655 243 9351 9363
9656 227 9351 9700
9657 227 9352 9701
9658 227 9352 9702
9659 227 9352 9703
9660 247 9353 9354
9661 222 9354 9355
9662 222 9354 9358
9663 227 9354 9704
9664 222 9355 9356
9665 227 9355 9705
9666 227 9355 9706
9667 247 9356 9357
9668 227 9356 9707
9669 227 9356 9708
9670 458 9357 9365
9671 222 9358 9359
9672 227 9358 9709
9673 227 9358 9710
9674 222 9359 9360
9675 227 9359 9711
9676 227 9359 9712
9677 222 9360 9361
9678 227 9360 9713
9679 227 9360 9714
9680 328 9361 9362
9681 227 9361 9715
9682 227 9361 9716
9683 345 9362 9363
9684 346 9362 9364
9685 222 9366 9367
9686 222 9366 9377
9687 227 9366 9717
9688 227 9366 9718
9689 222 9367 9368
9690 227 9367 9719
9691 227 9367 9720
9692 222 9368 9369
9693 227 9368 9721
9694 227 9368 9722
9695 222 9369 9370
9696 227 9369 9723
9697 227 9369 9724
9698 222 9370 9371
9699 227 9370 9725
9700 227 9370 9726
9701 222 9371 9372
9702 227 9371 9727
9703 227 9371 9728
9704 222 9372 9373
9705 227 9372 9729
9706 227 9372 9730
9707 222 9373 9374
9708 227 9373 9731
9709 227 9373 9732
9710 222 9374 9375
9711 227 9374 9733
9712 227 9374 9734
9713 222 9375 9376
9714 227 9375 9735
9715 227 9375 9736
9716 243 9376 9380
9717 227 9376 9737
9718 227 9376 9738
9719 227 9377 9739
9720 227 9377 9740
9721 227 9377 9741
9722 328 9378 9379
9723 222 9378 9382
9724 222 9378 9383
9725 227 9378 9742
9726 345 9379 9380
9727 346 9379 9381
9728 227 9382 9743
9729 227 9382 9744
9730 227 9382 9745
9731 227 9383 9746
9732 227 9383 9747
9733 227 9384 9748
9734 227 9384 9749
9735 227 9384 9750
9736 346 9751 9753
9737 344 9752 9753
9738 386 9752 10035
9739 328 9753 9754
9740 222 9754 9755
9741 227 9754 10036
9742 227 9754 10037
9743 222 9755 9756
9744 227 9755 10038
9745 227 9755 10039
9746 222 9756 9757
9747 227 9756 10040
9748 227 9756 10041
9749 222 9757 9781
9750 227 9757 10042
9751 227 9757 10043
9752 247 9758 9759
9753 458 9758 9813
9754 222 9759 9760
9755 227 9759 10044
9756 227 9759 10045
9757 222 9760 9781
9758 227 9760 10046
9759 227 9760 10047
9760 328 9761 9762
9761 346 9761 9765
9762 345 9761 9766
9763 222 9762 9763
9764 222 9762 9764
9765 222 9762 9844
9766 222 9763 9843
9767 227 9763 10048
9768 227 9763 10049
9769 227 9764 10050
9770 227 9764 10051
9771 227 9764 10052
9772 243 9766 9767
9773 222 9767 9768
9774 227 9767 10053
9775 227 9767 10054
9776 222 9768 9769
9777 243 9768 9779
9778 227 9768 10055
9779 227 9769 10056
9780 227 9769 10057
9781 227 9769 10058
9782 222 9770 9771
9783 222 9770 9774
9784 247 9770 9825
9785 227 9770 10059
9786 222 9771 9772
9787 227 9771 10060
9788 227 9771 10061
9789 247 9772 9773
9790 227 9772 10062
9791 227 9772 10063
9792 458 9773 9803
9793 222 9774 9775
9794 227 9774 10064
9795 227 9774 10065
9796 222 9775 9776
9797 227 9775 10066
9798 227 9775 10067
9799 222 9776 9777
9800 227 9776 10068
9801 227 9776 10069
9802 328 9777 9778
9803 227 9777 10070
9804 227 9777 10071
9805 345 9778 9779
9806 346 9778 9780
9807 247 9781 9897
9808 227 9781 10072
9809 327 9782 9783
9810 346 9782 9786
9811 345 9782 9787
9812 152 9783 9784
9813 153 9783 9785
9814 160 9784 10073
9815 160 9784 10074
9816 227 9785 10075
9817 227 9785 10076
9818 227 9785 10077
9819 243 9787 9788
9820 222 9788 9789
9821 227 9788 10078
9822 227 9788 10079
9823 222 9789 9790
9824 243 9789 9800
9825 227 9789 10080
9826 227 9790 10081
9827 227 9790 10082
9828 227 9790 10083
9829 222 9791 9792
9830 222 9791 9795
9831 247 9791 9803
9832 227 9791 10084
9833 222 9792 9793
9834 227 9792 10085
9835 227 9792 10086
9836 247 9793 9794
9837 227 9793 10087
9838 227 9793 10088
9839 247 9794 9802
9840 222 9795 9796
9841 227 9795 10089
9842 227 9795 10090
9843 222 9796 9797
9844 227 9796 10091
9845 227 9796 10092
9846 222 9797 9798
9847 227 9797 10093
9848 227 9797 10094
9849 328 9798 9799
9850 227 9798 10095
9851 227 9798 10096
9852 345 9799 9800
9853 346 9799 9801
9854 227 9802 10097
9855 227 9802 10098
9856 227 9802 10099
9857 327 9804 9805
9858 346 9804 9808
9859 345 9804 9809
9860 152 9805 9806
9861 153 9805 9807
9862 160 9806 10100
9863 160 9806 10101
9864 227 9807 10102
9865 227 9807 10103
9866 227 9807 10104
9867 243 9809 9810
9868 222 9810 9811
9869 227 9810 10105
9870 227 9810 10106
9871 222 9811 9812
9872 243 9811 9823
9873 227 9811 10107
9874 227 9812 10108
9875 227 9812 10109
9876 227 9812 10110
9877 247 9813 9814
9878 222 9814 9815
9879 222 9814 9818
9880 227 9814 10111
9881 222 9815 9816
9882 227 9815 10112
9883 227 9815 10113
9884 247 9816 9817
9885 227 9816 10114
9886 227 9816 10115
9887 458 9817 9825
9888 222 9818 9819
9889 227 9818 10116
9890 227 9818 10117
9891 222 9819 9820
9892 227 9819 10118
9893 227 9819 10119
9894 222 9820 9821
9895 227 9820 10120
9896 227 9820 10121
9897 328 9821 9822
9898 227 9821 10122
9899 227 9821 10123
9900 345 9822 9823
9901 346 9822 9824
9902 222 9826 9827
9903 222 9826 9837
9904 227 9826 10124
9905 227 9826 10125
9906 222 9827 9828
9907 227 9827 10126
9908 227 9827 10127
9909 222 9828 9829
9910 227 9828 10128
9911 227 9828 10129
9912 222 9829 9830
9913 227 9829 10130
9914 227 9829 10131
9915 222 9830 9831
9916 227 9830 10132
9917 227 9830 10133
9918 222 9831 9832
9919 227 9831 10134
9920 227 9831 10135
9921 222 9832 9833
9922 227 9832 10136
9923 227 9832 10137
9924 222 9833 9834
9925 227 9833 10138
9926 227 9833 10139
9927 222 9834 9835
9928 227 9834 10140
9929 227 9834 10141
9930 222 9835 9836
9931 227 9835 10142
9932 227 9835 10143
9933 243 9836 9840
9934 227 9836 10144
9935 227 9836 10145
9936 227 9837 10146
9937 227 9837 10147
9938 227 9837 10148
9939 328 9838 9839
9940 222 9838 9842
9941 222 9838 9843
9942 227 9838 10149
9943 345 9839 9840
9944 346 9839 9841
9945 227 9842 10150
9946 227 9842 10151
9947 227 9842 10152
9948 227 9843 10153
9949 227 9843 10154
9950 227 9844 10155
9951 227 9844 10156
9952 227 9844 10157
9953 346 9845 9847
9954 344 9846 9847
9955 386 9846 10158
9956 328 9847 9848
9957 222 9848 9849
9958 227 9848 10159
9959 227 9848 10160
9960 222 9849 9850
9961 227 9849 10161
9962 227 9849 10162
9963 222 9850 9851
9964 227 9850 10163
9965 227 9850 10164
9966 222 9851 9876
9967 227 9851 10165
9968 227 9851 10166
9969 247 9852 9853
9970 458 9852 9908
9971 222 9853 9854
9972 227 9853 10167
9973 227 9853 10168
9974 222 9854 9876
9975 227 9854 10169
9976 227 9854 10170
9977 328 9855 9856
9978 346 9855 9859
9979 345 9855 9860
9980 222 9856 9857
9981 222 9856 9858
9982 222 9856 9939
9983 222 9857 9938
9984 227 9857 10171
9985 227 9857 10172
9986 227 9858 10173
9987 227 9858 10174
9988 227 9858 10175
9989 243 9860 9861
9990 222 9861 9862
9991 227 9861 10176
9992 227 9861 10177
9993 222 9862 9863
9994 243 9862 9873
9995 227 9862 10178
9996 227 9863 10179
9997 227 9863 10180
9998 227 9863 10181
9999 222 9864 9865
10000 222 9864 9868
10001 247 9864 9920
10002 227 9864 10182
10003 222 9865 9866
10004 227 9865 10183
10005 227 9865 10184
10006 247 9866 9867
10007 227 9866 10185
10008 227 9866 10186
10009 458 9867 9898
10010 222 9868 9869
10011 227 9868 10187
10012 227 9868 10188
10013 222 9869 9870
10014 227 9869 10189
10015 227 9869 10190
10016 222 9870 9871
10017 227 9870 10191
10018 227 9870 10192
10019 328 9871 9872
10020 227 9871 10193
10021 227 9871 10194
10022 345 9872 9873
10023 346 9872 9874
10024 247 9875 9876
10025 458 9875 9985
10026 227 9876 10195
10027 327 9877 9878
10028 346 9877 9881
10029 345 9877 9882
10030 152 9878 9879
10031 153 9878 9880
10032 160 9879 10196
10033 160 9879 10197
10034 227 9880 10198
10035 227 9880 10199
10036 227 9880 10200
10037 243 9882 9883
10038 222 9883 9884
10039 227 9883 10201
10040 227 9883 10202
10041 222 9884 9885
10042 243 9884 9895
10043 227 9884 10203
10044 227 9885 10204
10045 227 9885 10205
10046 227 9885 10206
10047 222 9886 9887
10048 222 9886 9890
10049 247 9886 9898
10050 227 9886 10207
10051 222 9887 9888
10052 227 9887 10208
10053 227 9887 10209
10054 247 9888 9889
10055 227 9888 10210
10056 227 9888 10211
10057 458 9889 9897
10058 222 9890 9891
10059 227 9890 10212
10060 227 9890 10213
10061 222 9891 9892
10062 227 9891 10214
10063 227 9891 10215
10064 222 9892 9893
10065 227 9892 10216
10066 227 9892 10217
10067 328 9893 9894
10068 227 9893 10218
10069 227 9893 10219
10070 345 9894 9895
10071 346 9894 9896
10072 327 9899 9900
10073 346 9899 9903
10074 345 9899 9904
10075 152 9900 9901
10076 153 9900 9902
10077 160 9901 10220
10078 160 9901 10221
10079 227 9902 10222
10080 227 9902 10223
10081 227 9902 10224
10082 243 9904 9905
10083 222 9905 9906
10084 227 9905 10225
10085 227 9905 10226
10086 222 9906 9907
10087 243 9906 9918
10088 227 9906 10227
10089 227 9907 10228
10090 227 9907 10229
10091 227 9907 10230
10092 247 9908 9909
10093 222 9909 9910
10094 222 9909 9913
10095 227 9909 10231
10096 222 9910 9911
10097 227 9910 10232
10098 227 9910 10233
10099 247 9911 9912
10100 227 9911 10234
10101 227 9911 10235
10102 458 9912 9920
10103 222 9913 9914
10104 227 9913 10236
10105 227 9913 10237
10106 222 9914 9915
10107 227 9914 10238
10108 227 9914 10239
10109 222 9915 9916
10110 227 9915 10240
10111 227 9915 10241
10112 328 9916 9917
10113 227 9916 10242
10114 227 9916 10243
10115 345 9917 9918
10116 346 9917 9919
10117 222 9921 9922
10118 222 9921 9932
10119 227 9921 10244
10120 227 9921 10245
10121 222 9922 9923
10122 227 9922 10246
10123 227 9922 10247
10124 222 9923 9924
10125 227 9923 10248
10126 227 9923 10249
10127 222 9924 9925
10128 227 9924 10250
10129 227 9924 10251
10130 222 9925 9926
10131 227 9925 10252
10132 227 9925 10253
10133 222 9926 9927
10134 227 9926 10254
10135 227 9926 10255
10136 222 9927 9928
10137 227 9927 10256
10138 227 9927 10257
10139 222 9928 9929
10140 227 9928 10258
10141 227 9928 10259
10142 222 9929 9930
10143 227 9929 10260
10144 227 9929 10261
10145 222 9930 9931
10146 227 9930 10262
10147 227 9930 10263
10148 243 9931 9935
10149 227 9931 10264
10150 227 9931 10265
10151 227 9932 10266
10152 227 9932 10267
10153 227 9932 10268
10154 328 9933 9934
10155 222 9933 9937
10156 222 9933 9938
10157 227 9933 10269
10158 345 9934 9935
10159 346 9934 9936
10160 227 9937 10270
10161 227 9937 10271
10162 227 9937 10272
10163 227 9938 10273
10164 227 9938 10274
10165 227 9939 10275
10166 227 9939 10276
10167 227 9939 10277
10168 346 9940 9942
10169 344 9941 9942
10170 386 9941 10278
10171 328 9942 9943
10172 222 9943 9944
10173 227 9943 10279
10174 227 9943 10280
10175 222 9944 9945
10176 227 9944 10281
10177 227 9944 10282
10178 222 9945 9946
10179 227 9945 10283
10180 227 9945 10284
10181 222 9946 9971
10182 227 9946 10285
10183 227 9946 10286
10184 247 9947 9948
10185 458 9947 10003
10186 222 9948 9949
10187 227 9948 10287
10188 227 9948 10288
10189 222 9949 9971
10190 227 9949 10289
10191 227 9949 10290
10192 328 9950 9951
10193 346 9950 9954
10194 345 9950 9955
10195 222 9951 9952
10196 222 9951 9953
10197 222 9951 10034
10198 222 9952 10033
10199 227 9952 10291
10200 227 9952 10292
10201 227 9953 10293
10202 227 9953 10294
10203 227 9953 10295
10204 243 9955 9956
10205 222 9956 9957
10206 227 9956 10296
10207 227 9956 10297
10208 222 9957 9958
10209 243 9957 9968
10210 227 9957 10298
10211 227 9958 10299
10212 227 9958 10300
10213 227 9958 10301
10214 222 9959 9960
10215 222 9959 9963
10216 247 9959 10015
10217 227 9959 10302
10218 222 9960 9961
10219 227 9960 10303
10220 227 9960 10304
10221 247 9961 9962
10222 227 9961 10305
10223 227 9961 10306
10224 458 9962 9993
10225 222 9963 9964
10226 227 9963 10307
10227 227 9963 10308
10228 222 9964 9965
10229 227 9964 10309
10230 227 9964 10310
10231 222 9965 9966
10232 227 9965 10311
10233 227 9965 10312
10234 328 9966 9967
10235 227 9966 10313
10236 227 9966 10314
10237 345 9967 9968
10238 346 9967 9969
10239 247 9970 9971
10240 247 9970 9972
10241 227 9971 10315
10242 227 9972 10316
10243 227 9972 10317
10244 227 9972 10318
10245 327 9973 9974
10246 346 9973 9977
10247 345 9973 9978
10248 152 9974 9975
10249 153 9974 9976
10250 160 9975 10319
10251 160 9975 10320
10252 227 9976 10321
10253 227 9976 10322
10254 227 9976 10323
10255 243 9978 9979
10256 222 9979 9980
10257 227 9979 10324
10258 227 9979 10325
10259 222 9980 9981
10260 243 9980 9991
10261 227 9980 10326
10262 227 9981 10327
10263 227 9981 10328
10264 227 9981 10329
10265 222 9982 9983
10266 222 9982 9986
10267 247 9982 9993
10268 227 9982 10330
10269 222 9983 9984
10270 227 9983 10331
10271 227 9983 10332
10272 247 9984 9985
10273 227 9984 10333
10274 227 9984 10334
10275 222 9986 9987
10276 227 9986 10335
10277 227 9986 10336
10278 222 9987 9988
10279 227 9987 10337
10280 227 9987 10338
10281 222 9988 9989
10282 227 9988 10339
10283 227 9988 10340
10284 328 9989 9990
10285 227 9989 10341
10286 227 9989 10342
10287 345 9990 9991
10288 346 9990 9992
10289 327 9994 9995
10290 346 9994 9998
10291 345 9994 9999
10292 152 9995 9996
10293 153 9995 9997
10294 160 9996 10343
10295 160 9996 10344
10296 227 9997 10345
10297 227 9997 10346
10298 227 9997 10347
10299 243 9999 10000
10300 222 10000 10001
10301 227 10000 10348
10302 227 10000 10349
10303 222 10001 10002
10304 243 10001 10013
10305 227 10001 10350
10306 227 10002 10351
10307 227 10002 10352
10308 227 10002 10353
10309 247 10003 10004
10310 222 10004 10005
10311 222 10004 10008
10312 227 10004 10354
10313 222 10005 10006
10314 227 10005 10355
10315 227 10005 10356
10316 247 10006 10007
10317 227 10006 10357
10318 227 10006 10358
10319 458 10007 10015
10320 222 10008 10009
10321 227 10008 10359
10322 227 10008 10360
10323 222 10009 10010
10324 227 10009 10361
10325 227 10009 10362
10326 222 10010 10011
10327 227 10010 10363
10328 227 10010 10364
10329 328 10011 10012
10330 227 10011 10365
10331 227 10011 10366
10332 345 10012 10013
10333 346 10012 10014
10334 222 10016 10017
10335 222 10016 10027
10336 227 10016 10367
10337 227 10016 10368
10338 222 10017 10018
10339 227 10017 10369
10340 227 10017 10370
10341 222 10018 10019
10342 227 10018 10371
10343 227 10018 10372
10344 222 10019 10020
10345 227 10019 10373
10346 227 10019 10374
10347 222 10020 10021
10348 227 10020 10375
10349 227 10020 10376
10350 222 10021 10022
10351 227 10021 10377
10352 227 10021 10378
10353 222 10022 10023
10354 227 10022 10379
10355 227 10022 10380
10356 222 10023 10024
10357 227 10023 10381
10358 227 10023 10382
10359 222 10024 10025
10360 227 10024 10383
10361 227 10024 10384
10362 222 10025 10026
10363 227 10025 10385
10364 227 10025 10386
10365 243 10026 10030
10366 227 10026 10387
10367 227 10026 10388
10368 227 10027 10389
10369 227 10027 10390
10370 227 10027 10391
10371 328 10028 10029
10372 222 10028 10032
10373 222 10028 10033
10374 227 10028 10392
10375 345 10029 10030
10376 346 10029 10031
10377 227 10032 10393
10378 227 10032 10394
10379 227 10032 10395
10380 227 10033 10396
10381 227 10033 10397
10382 227 10034 10398
10383 227 10034 10399
10384 227 10034 10400
10385 346 10401 10403
10386 344 10402 10403
10387 386 10402 10685
10388 328 10403 10404
10389 222 10404 10405
10390 227 10404 10686
10391 227 10404 10687
10392 222 10405 10406
10393 227 10405 10688
10394 227 10405 10689
10395 222 10406 10407
10396 227 10406 10690
10397 227 10406 10691
10398 222 10407 10431
10399 227 10407 10692
10400 227 10407 10693
10401 247 10408 10409
10402 458 10408 10463
10403 222 10409 10410
10404 227 10409 10694
10405 227 10409 10695
10406 222 10410 10431
10407 227 10410 10696
10408 227 10410 10697
10409 328 10411 10412
10410 346 10411 10415
10411 345 10411 10416
10412 222 10412 10413
10413 222 10412 10414
10414 222 10412 10494
10415 222 10413 10493
10416 227 10413 10698
10417 227 10413 10699
10418 227 10414 10700
10419 227 10414 10701
10420 227 10414 10702
10421 243 10416 10417
10422 222 10417 10418
10423 227 10417 10703
10424 227 10417 10704
10425 222 10418 10419
10426 243 10418 10429
10427 227 10418 10705
10428 227 10419 10706
10429 227 10419 10707
10430 227 10419 10708
10431 222 10420 10421
10432 222 10420 10424
10433 247 10420 10475
10434 227 10420 10709
10435 222 10421 10422
10436 227 10421 10710
10437 227 10421 10711
10438 247 10422 10423
10439 227 10422 10712
10440 227 10422 10713
10441 458 10423 10453
10442 222 10424 10425
10443 227 10424 10714
10444 227 10424 10715
10445 222 10425 10426
10446 227 10425 10716
10447 227 10425 10717
10448 222 10426 10427
10449 227 10426 10718
10450 227 10426 10719
10451 328 10427 10428
10452 227 10427 10720
10453 227 10427 10721
10454 345 10428 10429
10455 346 10428 10430
10456 247 10431 10547
10457 227 10431 10722
10458 327 10432 10433
10459 346 10432 10436
10460 345 10432 10437
10461 152 10433 10434
10462 153 10433 10435
10463 160 10434 10723
10464 160 10434 10724
10465 227 10435 10725
10466 227 10435 10726
10467 227 10435 10727
10468 243 10437 10438
10469 222 10438 10439
10470 227 10438 10728
10471 227 10438 10729
10472 222 10439 10440
10473 243 10439 10450
10474 227 10439 10730
10475 227 10440 10731
10476 227 10440 10732
10477 227 10440 10733
10478 222 10441 10442
10479 222 10441 10445
10480 247 10441 10453
10481 227 10441 10734
10482 222 10442 10443
10483 227 10442 10735
10484 227 10442 10736
10485 247 10443 10444
10486 227 10443 10737
10487 227 10443 10738
10488 247 10444 10452
10489 222 10445 10446
10490 227 10445 10739
10491 227 10445 10740
10492 222 10446 10447
10493 227 10446 10741
10494 227 10446 10742
10495 222 10447 10448
10496 227 10447 10743
10497 227 10447 10744
10498 328 10448 10449
10499 227 10448 10745
10500 227 10448 10746
10501 345 10449 10450
10502 346 10449 10451
10503 227 10452 10747
10504 227 10452 10748
10505 227 10452 10749
10506 327 10454 10455
10507 346 10454 10458
10508 345 10454 10459
10509 152 10455 10456
10510 153 10455 10457
10511 160 10456 10750
10512 160 10456 10751
10513 227 10457 10752
10514 227 10457 10753
10515 227 10457 10754
10516 243 10459 10460
10517 222 10460 10461
10518 227 10460 10755
10519 227 10460 10756
10520 222 10461 10462
10521 243 10461 10473
10522 227 10461 10757
10523 227 10462 10758
10524 227 10462 10759
10525 227 10462 10760
10526 247 10463 10464
10527 222 10464 10465
10528 222 10464 10468
10529 227 10464 10761
10530 222 10465 10466
10531 227 10465 10762
10532 227 10465 10763
10533 247 10466 10467
10534 227 10466 10764
10535 227 10466 10765
10536 458 10467 10475
10537 222 10468 10469
10538 227 10468 10766
10539 227 10468 10767
10540 222 10469 10470
10541 227 10469 10768
10542 227 10469 10769
10543 222 10470 10471
10544 227 10470 10770
10545 227 10470 10771
10546 328 10471 10472
10547 227 10471 10772
10548 227 10471 10773
10549 345 10472 10473
10550 346 10472 10474
10551 222 10476 10477
10552 222 10476 10487
10553 227 10476 10774
10554 227 10476 10775
10555 222 10477 10478
10556 227 10477 10776
10557 227 10477 10777
10558 222 10478 10479
10559 227 10478 10778
10560 227 10478 10779
10561 222 10479 10480
10562 227 10479 10780
10563 227 10479 10781
10564 222 10480 10481
10565 227 10480 10782
10566 227 10480 10783
10567 222 10481 10482
10568 227 10481 10784
10569 227 10481 10785
10570 222 10482 10483
10571 227 10482 10786
10572 227 10482 10787
10573 222 10483 10484
10574 227 10483 10788
10575 227 10483 10789
10576 222 10484 10485
10577 227 10484 10790
10578 227 10484 10791
10579 222 10485 10486
10580 227 10485 10792
10581 227 10485 10793
10582 243 10486 10490
10583 227 10486 10794
10584 227 10486 10795
10585 227 10487 10796
10586 227 10487 10797
10587 227 10487 10798
10588 328 10488 10489
10589 222 10488 10492
10590 222 10488 10493
10591 227 10488 10799
10592 345 10489 10490
10593 346 10489 10491
10594 227 10492 10800
10595 227 10492 10801
10596 227 10492 10802
10597 227 10493 10803
10598 227 10493 10804
10599 227 10494 10805
10600 227 10494 10806
10601 227 10494 10807
10602 346 10495 10497
10603 344 10496 10497
10604 386 10496 10808
10605 328 10497 10498
10606 222 10498 10499
10607 227 10498 10809
10608 227 10498 10810
10609 222 10499 10500
10610 227 10499 10811
10611 227 10499 10812
10612 222 10500 10501
10613 227 10500 10813
10614 227 10500 10814
10615 222 10501 10526
10616 227 10501 10815
10617 227 10501 10816
10618 247 10502 10503
10619 458 10502 10558
10620 222 10503 10504
10621 227 10503 10817
10622 227 10503 10818
10623 222 10504 10526
10624 227 10504 10819
10625 227 10504 10820
10626 328 10505 10506
10627 346 10505 10509
10628 345 10505 10510
10629 222 10506 10507
10630 222 10506 10508
10631 222 10506 10589
10632 222 10507 10588
10633 227 10507 10821
10634 227 10507 10822
10635 227 10508 10823
10636 227 10508 10824
10637 227 10508 10825
10638 243 10510 10511
10639 222 10511 10512
10640 227 10511 10826
10641 227 10511 10827
10642 222 10512 10513
10643 243 10512 10523
10644 227 10512 10828
10645 227 10513 10829
10646 227 10513 10830
10647 227 10513 10831
10648 222 10514 10515
10649 222 10514 10518
10650 247 10514 10570
10651 227 10514 10832
10652 222 10515 10516
10653 227 10515 10833
10654 227 10515 10834
10655 247 10516 10517
10656 227 10516 10835
10657 227 10516 10836
10658 458 10517 10548
10659 222 10518 10519
10660 227 10518 10837
10661 227 10518 10838
10662 222 10519 10520
10663 227 10519 10839
10664 227 10519 10840
10665 222 10520 10521
10666 227 10520 10841
10667 227 10520 10842
10668 328 10521 10522
10669 227 10521 10843
10670 227 10521 10844
10671 345 10522 10523
10672 346 10522 10524
10673 247 10525 10526
10674 458 10525 10635
10675 227 10526 10845
10676 327 10527 10528
10677 346 10527 10531
10678 345 10527 10532
10679 152 10528 10529
10680 153 10528 10530
10681 160 10529 10846
10682 160 10529 10847
10683 227 10530 10848
10684 227 10530 10849
10685 227 10530 10850
10686 243 10532 10533
10687 222 10533 10534
10688 227 10533 10851
10689 227 10533 10852
10690 222 10534 10535
10691 243 10534 10545
10692 227 10534 10853
10693 227 10535 10854
10694 227 10535 10855
10695 227 10535 10856
10696 222 10536 10537
10697 222 10536 10540
10698 247 10536 10548
10699 227 10536 10857
10700 222 10537 10538
10701 227 10537 10858
10702 227 10537 10859
10703 247 10538 10539
10704 227 10538 10860
10705 227 10538 10861
10706 458 10539 10547
10707 222 10540 10541
10708 227 10540 10862
10709 227 10540 10863
10710 222 10541 10542
10711 227 10541 10864
10712 227 10541 10865
10713 222 10542 10543
10714 227 10542 10866
10715 227 10542 10867
10716 328 10543 10544
10717 227 10543 10868
10718 227 10543 10869
10719 345 10544 10545
10720 346 10544 10546
10721 327 10549 10550
10722 346 10549 10553
10723 345 10549 10554
10724 152 10550 10551
10725 153 10550 10552
10726 160 10551 10870
10727 160 10551 10871
10728 227 10552 10872
10729 227 10552 10873
10730 227 10552 10874
10731 243 10554 10555
10732 222 10555 10556
10733 227 10555 10875
10734 227 10555 10876
10735 222 10556 10557
10736 243 10556 10568
10737 227 10556 10877
10738 227 10557 10878
10739 227 10557 10879
10740 227 10557 10880
10741 247 10558 10559
10742 222 10559 10560
10743 222 10559 10563
10744 227 10559 10881
10745 222 10560 10561
10746 227 10560 10882
10747 227 10560 10883
10748 247 10561 10562
10749 227 10561 10884
10750 227 10561 10885
10751 458 10562 10570
10752 222 10563 10564
10753 227 10563 10886
10754 227 10563 10887
10755 222 10564 10565
10756 227 10564 10888
10757 227 10564 10889
10758 222 10565 10566
10759 227 10565 10890
10760 227 10565 10891
10761 328 10566 10567
10762 227 10566 10892
10763 227 10566 10893
10764 345 10567 10568
10765 346 10567 10569
10766 222 10571 10572
10767 222 10571 10582
10768 227 10571 10894
10769 227 10571 10895
10770 222 10572 10573
10771 227 10572 10896
10772 227 10572 10897
10773 222 10573 10574
10774 227 10573 10898
10775 227 10573 10899
10776 222 10574 10575
10777 227 10574 10900
10778 227 10574 10901
10779 222 10575 10576
10780 227 10575 10902
10781 227 10575 10903
10782 222 10576 10577
10783 227 10576 10904
10784 227 10576 10905
10785 222 10577 10578
10786 227 10577 10906
10787 227 10577 10907
10788 222 10578 10579
10789 227 10578 10908
10790 227 10578 10909
10791 222 10579 10580
10792 227 10579 10910
10793 227 10579 10911
10794 222 10580 10581
10795 227 10580 10912
10796 227 10580 10913
10797 243 10581 10585
10798 227 10581 10914
10799 227 10581 10915
10800 227 10582 10916
10801 227 10582 10917
10802 227 10582 10918
10803 328 10583 10584
10804 222 10583 10587
10805 222 10583 10588
10806 227 10583 10919
10807 345 10584 10585
10808 346 10584 10586
10809 227 10587 10920
10810 227 10587 10921
10811 227 10587 10922
10812 227 10588 10923
10813 227 10588 10924
10814 227 10589 10925
10815 227 10589 10926
10816 227 10589 10927
10817 346 10590 10592
10818 344 10591 10592
10819 386 10591 10928
10820 328 10592 10593
10821 222 10593 10594
10822 227 10593 10929
10823 227 10593 10930
10824 222 10594 10595
10825 227 10594 10931
10826 227 10594 10932
10827 222 10595 10596
10828 227 10595 10933
10829 227 10595 10934
10830 222 10596 10621
10831 227 10596 10935
10832 227 10596 10936
10833 247 10597 10598
10834 458 10597 10653
10835 222 10598 10599
10836 227 10598 10937
10837 227 10598 10938
10838 222 10599 10621
10839 227 10599 10939
10840 227 10599 10940
10841 328 10600 10601
10842 346 10600 10604
10843 345 10600 10605
10844 222 10601 10602
10845 222 10601 10603
10846 222 10601 10684
10847 222 10602 10683
10848 227 10602 10941
10849 227 10602 10942
10850 227 10603 10943
10851 227 10603 10944
10852 227 10603 10945
10853 243 10605 10606
10854 222 10606 10607
10855 227 10606 10946
10856 227 10606 10947
10857 222 10607 10608
10858 243 10607 10618
10859 227 10607 10948
10860 227 10608 10949
10861 227 10608 10950
10862 227 10608 10951
10863 222 10609 10610
10864 222 10609 10613
10865 247 10609 10665
10866 227 10609 10952
10867 222 10610 10611
10868 227 10610 10953
10869 227 10610 10954
10870 247 10611 10612
10871 227 10611 10955
10872 227 10611 10956
10873 458 10612 10643
10874 222 10613 10614
10875 227 10613 10957
10876 227 10613 10958
10877 222 10614 10615
10878 227 10614 10959
10879 227 10614 10960
10880 222 10615 10616
10881 227 10615 10961
10882 227 10615 10962
10883 328 10616 10617
10884 227 10616 10963
10885 227 10616 10964
10886 345 10617 10618
10887 346 10617 10619
10888 247 10620 10621
10889 247 10620 10622
10890 227 10621 10965
10891 227 10622 10966
10892 227 10622 10967
10893 227 10622 10968
10894 327 10623 10624
10895 346 10623 10627
10896 345 10623 10628
10897 152 10624 10625
10898 153 10624 10626
10899 160 10625 10969
10900 160 10625 10970
10901 227 10626 10971
10902 227 10626 10972
10903 227 10626 10973
10904 243 10628 10629
10905 222 10629 10630
10906 227 10629 10974
10907 227 10629 10975
10908 222 10630 10631
10909 243 10630 10641
10910 227 10630 10976
10911 227 10631 10977
10912 227 10631 10978
10913 227 10631 10979
10914 222 10632 10633
10915 222 10632 10636
10916 247 10632 10643
10917 227 10632 10980
10918 222 10633 10634
10919 227 10633 10981
10920 227 10633 10982
10921 247 10634 10635
10922 227 10634 10983
10923 227 10634 10984
10924 222 10636 10637
10925 227 10636 10985
10926 227 10636 10986
10927 222 10637 10638
10928 227 10637 10987
10929 227 10637 10988
10930 222 10638 10639
10931 227 10638 10989
10932 227 10638 10990
10933 328 10639 10640
10934 227 10639 10991
10935 227 10639 10992
10936 345 10640 10641
10937 346 10640 10642
10938 327 10644 10645
10939 346 10644 10648
10940 345 10644 10649
10941 152 10645 10646
10942 153 10645 10647
10943 160 10646 10993
10944 160 10646 10994
10945 227 10647 10995
10946 227 10647 10996
10947 227 10647 10997
10948 243 10649 10650
10949 222 10650 10651
10950 227 10650 10998
10951 227 10650 10999
10952 222 10651 10652
10953 243 10651 10663
10954 227 10651 11000
10955 227 10652 11001
10956 227 10652 11002
10957 227 10652 11003
10958 247 10653 10654
10959 222 10654 10655
10960 222 10654 10658
10961 227 10654 11004
10962 222 10655 10656
10963 227 10655 11005
10964 227 10655 11006
10965 247 10656 10657
10966 227 10656 11007
10967 227 10656 11008
10968 458 10657 10665
10969 222 10658 10659
10970 227 10658 11009
10971 227 10658 11010
10972 222 10659 10660
10973 227 10659 11011
10974 227 10659 11012
10975 222 10660 10661
10976 227 10660 11013
10977 227 10660 11014
10978 328 10661 10662
10979 227 10661 11015
10980 227 10661 11016
10981 345 10662 10663
10982 346 10662 10664
10983 222 10666 10667
10984 222 10666 10677
10985 227 10666 11017
10986 227 10666 11018
10987 222 10667 10668
10988 227 10667 11019
10989 227 10667 11020
10990 222 10668 10669
10991 227 10668 11021
10992 227 10668 11022
10993 222 10669 10670
10994 227 10669 11023
10995 227 10669 11024
10996 222 10670 10671
10997 227 10670 11025
10998 227 10670 11026
10999 222 10671 10672
11000 227 10671 11027
11001 227 10671 11028
11002 222 10672 10673
11003 227 10672 11029
11004 227 10672 11030
11005 222 10673 10674
11006 227 10673 11031
11007 227 10673 11032
11008 222 10674 10675
11009 227 10674 11033
11010 227 10674 11034
11011 222 10675 10676
11012 227 10675 11035
11013 227 10675 11036
11014 243 10676 10680
11015 227 10676 11037
11016 227 10676 11038
11017 227 10677 11039
11018 227 10677 11040
11019 227 10677 11041
11020 328 10678 10679
11021 222 10678 10682
11022 222 10678 10683
11023 227 10678 11042
11024 345 10679 10680
11025 346 10679 10681
11026 227 10682 11043
11027 227 10682 11044
11028 227 10682 11045
11029 227 10683 11046
11030 227 10683 11047
11031 227 10684 11048
11032 227 10684 11049
11033 227 10684 11050
11034 346 11051 11053
11035 344 11052 11053
11036 386 11052 11335
11037 328 11053 11054
11038 222 11054 11055
11039 227 11054 11336
11040 227 11054 11337
11041 222 11055 11056
11042 227 11055 11338
11043 227 11055 11339
11044 222 11056 11057
11045 227 11056 11340
11046 227 11056 11341
11047 222 11057 11081
11048 227 11057 11342
11049 227 11057 11343
11050 247 11058 11059
11051 458 11058 11113
11052 222 11059 11060
11053 227 11059 11344
11054 227 11059 11345
11055 222 11060 11081
11056 227 11060 11346
11057 227 11060 11347
11058 328 11061 11062
11059 346 11061 11065
11060 345 11061 11066
11061 222 11062 11063
11062 222 11062 11064
11063 222 11062 11144
11064 222 11063 11143
11065 227 11063 11348
11066 227 11063 11349
11067 227 11064 11350
11068 227 11064 11351
11069 227 11064 11352
11070 243 11066 11067
11071 222 11067 11068
11072 227 11067 11353
11073 227 11067 11354
11074 222 11068 11069
11075 243 11068 11079
11076 227 11068 11355
11077 227 11069 11356
11078 227 11069 11357
11079 227 11069 11358
11080 222 11070 11071
11081 222 11070 11074
11082 247 11070 11125
11083 227 11070 11359
11084 222 11071 11072
11085 227 11071 11360
11086 227 11071 11361
11087 247 11072 11073
11088 227 11072 11362
11089 227 11072 11363
11090 458 11073 11103
11091 222 11074 11075
11092 227 11074 11364
11093 227 11074 11365
11094 222 11075 11076
11095 227 11075 11366
11096 227 11075 11367
11097 222 11076 11077
11098 227 11076 11368
11099 227 11076 11369
11100 328 11077 11078
11101 227 11077 11370
11102 227 11077 11371
11103 345 11078 11079
11104 346 11078 11080
11105 247 11081 11197
11106 227 11081 11372
11107 327 11082 11083
11108 346 11082 11086
11109 345 11082 11087
11110 152 11083 11084
11111 153 11083 11085
11112 160 11084 11373
11113 160 11084 11374
11114 227 11085 11375
11115 227 11085 11376
11116 227 11085 11377
11117 243 11087 11088
11118 222 11088 11089
11119 227 11088 11378
11120 227 11088 11379
11121 222 11089 11090
11122 243 11089 11100
11123 227 11089 11380
11124 227 11090 11381
11125 227 11090 11382
11126 227 11090 11383
11127 222 11091 11092
11128 222 11091 11095
11129 247 11091 11103
11130 227 11091 11384
11131 222 11092 11093
11132 227 11092 11385
11133 227 11092 11386
11134 247 11093 11094
11135 227 11093 11387
11136 227 11093 11388
11137 247 11094 11102
11138 222 11095 11096
11139 227 11095 11389
11140 227 11095 11390
11141 222 11096 11097
11142 227 11096 11391
11143 227 11096 11392
11144 222 11097 11098
11145 227 11097 11393
11146 227 11097 11394
11147 328 11098 11099
11148 227 11098 11395
11149 227 11098 11396
11150 345 11099 11100
11151 346 11099 11101
11152 227 11102 11397
11153 227 11102 11398
11154 227 11102 11399
11155 327 11104 11105
11156 346 11104 11108
11157 345 11104 11109
11158 152 11105 11106
11159 153 11105 11107
11160 160 11106 11400
11161 160 11106 11401
11162 227 11107 11402
11163 227 11107 11403
11164 227 11107 11404
11165 243 11109 11110
11166 222 11110 11111
11167 227 11110 11405
11168 227 11110 11406
11169 222 11111 11112
11170 243 11111 11123
11171 227 11111 11407
11172 227 11112 11408
11173 227 11112 11409
11174 227 11112 11410
11175 247 11113 11114
11176 222 11114 11115
11177 222 11114 11118
11178 227 11114 11411
11179 222 11115 11116
11180 227 11115 11412
11181 227 11115 11413
11182 247 11116 11117
11183 227 11116 11414
11184 227 11116 11415
11185 458 11117 11125
11186 222 11118 11119
11187 227 11118 11416
11188 227 11118 11417
11189 222 11119 11120
11190 227 11119 11418
11191 227 11119 11419
11192 222 11120 11121
11193 227 11120 11420
11194 227 11120 11421
11195 328 11121 11122
11196 227 11121 11422
11197 227 11121 11423
11198 345 11122 11123
11199 346 11122 11124
11200 222 11126 11127
11201 222 11126 11137
11202 227 11126 11424
11203 227 11126 11425
11204 222 11127 11128
11205 227 11127 11426
11206 227 11127 11427
11207 222 11128 11129
11208 227 11128 11428
11209 227 11128 11429
11210 222 11129 11130
11211 227 11129 11430
11212 227 11129 11431
11213 222 11130 11131
11214 227 11130 11432
11215 227 11130 11433
11216 222 11131 11132
11217 227 11131 11434
11218 227 11131 11435
11219 222 11132 11133
11220 227 11132 11436
11221 227 11132 11437
11222 222 11133 11134
11223 227 11133 11438
11224 227 11133 11439
11225 222 11134 11135
11226 227 11134 11440
11227 227 11134 11441
11228 222 11135 11136
11229 227 11135 11442
11230 227 11135 11443
11231 243 11136 11140
11232 227 11136 11444
11233 227 11136 11445
11234 227 11137 11446
11235 227 11137 11447
11236 227 11137 11448
11237 328 11138 11139
11238 222 11138 11142
11239 222 11138 11143
11240 227 11138 11449
11241 345 11139 11140
11242 346 11139 11141
11243 227 11142 11450
11244 227 11142 11451
11245 227 11142 11452
11246 227 11143 11453
11247 227 11143 11454
11248 227 11144 11455
11249 227 11144 11456
11250 227 11144 11457
11251 346 11145 11147
11252 344 11146 11147
11253 386 11146 11458
11254 328 11147 11148
11255 222 11148 11149
11256 227 11148 11459
11257 227 11148 11460
11258 222 11149 11150
11259 227 11149 11461
11260 227 11149 11462
11261 222 11150 11151
11262 227 11150 11463
11263 227 11150 11464
11264 222 11151 11176
11265 227 11151 11465
11266 227 11151 11466
11267 247 11152 11153
11268 458 11152 11208
11269 222 11153 11154
11270 227 11153 11467
11271 227 11153 11468
11272 222 11154 11176
11273 227 11154 11469
11274 227 11154 11470
11275 328 11155 11156
11276 346 11155 11159
11277 345 11155 11160
11278 222 11156 11157
11279 222 11156 11158
11280 222 11156 11239
11281 222 11157 11238
11282 227 11157 11471
11283 227 11157 11472
11284 227 11158 11473
11285 227 11158 11474
11286 227 11158 11475
11287 243 11160 11161
11288 222 11161 11162
11289 227 11161 11476
11290 227 11161 11477
11291 222 11162 11163
11292 243 11162 11173
11293 227 11162 11478
11294 227 11163 11479
11295 227 11163 11480
11296 227 11163 11481
11297 222 11164 11165
11298 222 11164 11168
11299 247 11164 11220
11300 227 11164 11482
11301 222 11165 11166
11302 227 11165 11483
11303 227 11165 11484
11304 247 11166 11167
11305 227 11166 11485
11306 227 11166 11486
11307 458 11167 11198
11308 222 11168 11169
11309 227 11168 11487
11310 227 11168 11488
11311 222 11169 11170
11312 227 11169 11489
11313 227 11169 11490
11314 222 11170 11171
11315 227 11170 11491
11316 227 11170 11492
11317 328 11171 11172
11318 227 11171 11493
11319 227 11171 11494
11320 345 11172 11173
11321 346 11172 11174
11322 247 11175 11176
11323 458 11175 11285
11324 227 11176 11495
11325 327 11177 11178
11326 346 11177 11181
11327 345 11177 11182
11328 152 11178 11179
11329 153 11178 11180
11330 160 11179 11496
11331 160 11179 11497
11332 227 11180 11498
11333 227 11180 11499
11334 227 11180 11500
11335 243 11182 11183
11336 222 11183 11184
11337 227 11183 11501
11338 227 11183 11502
11339 222 11184 11185
11340 243 11184 11195
11341 227 11184 11503
11342 227 11185 11504
11343 227 11185 11505
11344 227 11185 11506
11345 222 11186 11187
11346 222 11186 11190
11347 247 11186 11198
11348 227 11186 11507
11349 222 11187 11188
11350 227 11187 11508
11351 227 11187 11509
11352 247 11188 11189
11353 227 11188 11510
11354 227 11188 11511
11355 458 11189 11197
11356 222 11190 11191
11357 227 11190 11512
11358 227 11190 11513
11359 222 11191 11192
11360 227 11191 11514
11361 227 11191 11515
11362 222 11192 11193
11363 227 11192 11516
11364 227 11192 11517
11365 328 11193 11194
11366 227 11193 11518
11367 227 11193 11519
11368 345 11194 11195
11369 346 11194 11196
11370 327 11199 11200
11371 346 11199 11203
11372 345 11199 11204
11373 152 11200 11201
11374 153 11200 11202
11375 160 11201 11520
11376 160 11201 11521
11377 227 11202 11522
11378 227 11202 11523
11379 227 11202 11524
11380 243 11204 11205
11381 222 11205 11206
11382 227 11205 11525
11383 227 11205 11526
11384 222 11206 11207
11385 243 11206 11218
11386 227 11206 11527
11387 227 11207 11528
11388 227 11207 11529
11389 227 11207 11530
11390 247 11208 11209
11391 222 11209 11210
11392 222 11209 11213
11393 227 11209 11531
11394 222 11210 11211
11395 227 11210 11532
11396 227 11210 11533
11397 247 11211 11212
11398 227 11211 11534
11399 227 11211 11535
11400 458 11212 11220
11401 222 11213 11214
11402 227 11213 11536
11403 227 11213 11537
11404 222 11214 11215
11405 227 11214 11538
11406 227 11214 11539
11407 222 11215 11216
11408 227 11215 11540
11409 227 11215 11541
11410 328 11216 11217
11411 227 11216 11542
11412 227 11216 11543
11413 345 11217 11218
11414 346 11217 11219
11415 222 11221 11222
11416 222 11221 11232
11417 227 11221 11544
11418 227 11221 11545
11419 222 11222 11223
11420 227 11222 11546
11421 227 11222 11547
11422 222 11223 11224
11423 227 11223 11548
11424 227 11223 11549
11425 222 11224 11225
11426 227 11224 11550
11427 227 11224 11551
11428 222 11225 11226
11429 227 11225 11552
11430 227 11225 11553
11431 222 11226 11227
11432 227 11226 11554
11433 227 11226 11555
11434 222 11227 11228
11435 227 11227 11556
11436 227 11227 11557
11437 222 11228 11229
11438 227 11228 11558
11439 227 11228 11559
11440 222 11229 11230
11441 227 11229 11560
11442 227 11229 11561
11443 222 11230 11231
11444 227 11230 11562
11445 227 11230 11563
11446 243 11231 11235
11447 227 11231 11564
11448 227 11231 11565
11449 227 11232 11566
11450 227 11232 11567
11451 227 11232 11568
11452 328 11233 11234
11453 222 11233 11237
11454 222 11233 11238
11455 227 11233 11569
11456 345 11234 11235
11457 346 11234 11236
11458 227 11237 11570
11459 227 11237 11571
11460 227 11237 11572
11461 227 11238 11573
11462 227 11238 11574
11463 227 11239 11575
11464 227 11239 11576
11465 227 11239 11577
11466 346 11240 11242
11467 344 11241 11242
11468 386 11241 11578
11469 328 11242 11243
11470 222 11243 11244
11471 227 11243 11579
11472 227 11243 11580
11473 222 11244 11245
11474 227 11244 11581
11475 227 11244 11582
11476 222 11245 11246
11477 227 11245 11583
11478 227 11245 11584
11479 222 11246 11271
11480 227 11246 11585
11481 227 11246 11586
11482 247 11247 11248
11483 458 11247 11303
11484 222 11248 11249
11485 227 11248 11587
11486 227 11248 11588
11487 222 11249 11271
11488 227 11249 11589
11489 227 11249 11590
11490 328 11250 11251
11491 346 11250 11254
11492 345 11250 11255
11493 222 11251 11252
11494 222 11251 11253
11495 222 11251 11334
11496 222 11252 11333
11497 227 11252 11591
11498 227 11252 11592
11499 227 11253 11593
11500 227 11253 11594
11501 227 11253 11595
11502 243 11255 11256
11503 222 11256 11257
11504 227 11256 11596
11505 227 11256 11597
11506 222 11257 11258
11507 243 11257 11268
11508 227 11257 11598
11509 227 11258 11599
11510 227 11258 11600
11511 227 11258 11601
11512 222 11259 11260
11513 222 11259 11263
11514 247 11259 11315
11515 227 11259 11602
11516 222 11260 11261
11517 227 11260 11603
11518 227 11260 11604
11519 247 11261 11262
11520 227 11261 11605
11521 227 11261 11606
11522 458 11262 11293
11523 222 11263 11264
11524 227 11263 11607
11525 227 11263 11608
11526 222 11264 11265
11527 227 11264 11609
11528 227 11264 11610
11529 222 11265 11266
11530 227 11265 11611
11531 227 11265 11612
11532 328 11266 11267
11533 227 11266 11613
11534 227 11266 11614
11535 345 11267 11268
11536 346 11267 11269
11537 247 11270 11271
11538 247 11270 11272
11539 227 11271 11615
11540 227 11272 11616
11541 227 11272 11617
11542 227 11272 11618
11543 327 11273 11274
11544 346 11273 11277
11545 345 11273 11278
11546 152 11274 11275
11547 153 11274 11276
11548 160 11275 11619
11549 160 11275 11620
11550 227 11276 11621
11551 227 11276 11622
11552 227 11276 11623
11553 243 11278 11279
11554 222 11279 11280
11555 227 11279 11624
11556 227 11279 11625
11557 222 11280 11281
11558 243 11280 11291
11559 227 11280 11626
11560 227 11281 11627
11561 227 11281 11628
11562 227 11281 11629
11563 222 11282 11283
11564 222 11282 11286
11565 247 11282 11293
11566 227 11282 11630
11567 222 11283 11284
11568 227 11283 11631
11569 227 11283 11632
11570 247 11284 11285
11571 227 11284 11633
11572 227 11284 11634
11573 222 11286 11287
11574 227 11286 11635
11575 227 11286 11636
11576 222 11287 11288
11577 227 11287 11637
11578 227 11287 11638
11579 222 11288 11289
11580 227 11288 11639
11581 227 11288 11640
11582 328 11289 11290
11583 227 11289 11641
11584 227 11289 11642
11585 345 11290 11291
11586 346 11290 11292
11587 327 11294 11295
11588 346 11294 11298
11589 345 11294 11299
11590 152 11295 11296
11591 153 11295 11297
11592 160 11296 11643
11593 160 11296 11644
11594 227 11297 11645
11595 227 11297 11646
11596 227 11297 11647
11597 243 11299 11300
11598 222 11300 11301
11599 227 11300 11648
11600 227 11300 11649
11601 222 11301 11302
11602 243 11301 11313
11603 227 11301 11650
11604 227 11302 11651
11605 227 11302 11652
11606 227 11302 11653
11607 247 11303 11304
11608 222 11304 11305
11609 222 11304 11308
11610 227 11304 11654
11611 222 11305 11306
11612 227 11305 11655
11613 227 11305 11656
11614 247 11306 11307
11615 227 11306 11657
11616 227 11306 11658
11617 458 11307 11315
11618 222 11308 11309
11619 227 11308 11659
11620 227 11308 11660
11621 222 11309 11310
11622 227 11309 11661
11623 227 11309 11662
11624 222 11310 11311
11625 227 11310 11663
11626 227 11310 11664
11627 328 11311 11312
11628 227 11311 11665
11629 227 11311 11666
11630 345 11312 11313
11631 346 11312 11314
11632 222 11316 11317
11633 222 11316 11327
11634 227 11316 11667
11635 227 11316 11668
11636 222 11317 11318
11637 227 11317 11669
11638 227 11317 11670
11639 222 11318 11319
11640 227 11318 11671
11641 227 11318 11672
11642 222 11319 11320
11643 227 11319 11673
11644 227 11319 11674
11645 222 11320 11321
11646 227 11320 11675
11647 227 11320 11676
11648 222 11321 11322
11649 227 11321 11677
11650 227 11321 11678
11651 222 11322 11323
11652 227 11322 11679
11653 227 11322 11680
11654 222 11323 11324
11655 227 11323 11681
11656 227 11323 11682
11657 222 11324 11325
11658 227 11324 11683
11659 227 11324 11684
11660 222 11325 11326
11661 227 11325 11685
11662 227 11325 11686
11663 243 11326 11330
11664 227 11326 11687
11665 227 11326 11688
11666 227 11327 11689
11667 227 11327 11690
11668 227 11327 11691
11669 328 11328 11329
11670 222 11328 11332
11671 222 11328 11333
11672 227 11328 11692
11673 345 11329 11330
11674 346 11329 11331
11675 227 11332 11693
11676 227 11332 11694
11677 227 11332 11695
11678 227 11333 11696
11679 227 11333 11697
11680 227 11334 11698
11681 227 11334 11699
11682 227 11334 11700
11683 346 11701 11703
11684 344 11702 11703
11685 386 11702 11985
11686 328 11703 11704
11687 222 11704 11705
11688 227 11704 11986
11689 227 11704 11987
11690 222 11705 11706
11691 227 11705 11988
11692 227 11705 11989
11693 222 11706 11707
11694 227 11706 11990
11695 227 11706 11991
11696 222 11707 11731
11697 227 11707 11992
11698 227 11707 11993
11699 247 11708 11709
11700 458 11708 11763
11701 222 11709 11710
11702 227 11709 11994
11703 227 11709 11995
11704 222 11710 11731
11705 227 11710 11996
11706 227 11710 11997
11707 328 11711 11712
11708 346 11711 11715
11709 345 11711 11716
11710 222 11712 11713
11711 222 11712 11714
11712 222 11712 11794
11713 222 11713 11793
11714 227 11713 11998
11715 227 11713 11999
11716 227 11714 12000
11717 227 11714 12001
11718 227 11714 12002
11719 243 11716 11717
11720 222 11717 11718
11721 227 11717 12003
11722 227 11717 12004
11723 222 11718 11719
11724 243 11718 11729
11725 227 11718 12005
11726 227 11719 12006
11727 227 11719 12007
11728 227 11719 12008
11729 222 11720 11721
11730 222 11720 11724
11731 247 11720 11775
11732 227 11720 12009
11733 222 11721 11722
11734 227 11721 12010
11735 227 11721 12011
11736 247 11722 11723
11737 227 11722 12012
11738 227 11722 12013
11739 458 11723 11753
11740 222 11724 11725
11741 227 11724 12014
11742 227 11724 12015
11743 222 11725 11726
11744 227 11725 12016
11745 227 11725 12017
11746 222 11726 11727
11747 227 11726 12018
11748 227 11726 12019
11749 328 11727 11728
11750 227 11727 12020
11751 227 11727 12021
11752 345 11728 11729
11753 346 11728 11730
11754 247 11731 11847
11755 227 11731 12022
11756 327 11732 11733
11757 346 11732 11736
11758 345 11732 11737
11759 152 11733 11734
11760 153 11733 11735
11761 160 11734 12023
11762 160 11734 12024
11763 227 11735 12025
11764 227 11735 12026
11765 227 11735 12027
11766 243 11737 11738
11767 222 11738 11739
11768 227 11738 12028
11769 227 11738 12029
11770 222 11739 11740
11771 243 11739 11750
11772 227 11739 12030
11773 227 11740 12031
11774 227 11740 12032
11775 227 11740 12033
11776 222 11741 11742
11777 222 11741 11745
11778 247 11741 11753
11779 227 11741 12034
11780 222 11742 11743
11781 227 11742 12035
11782 227 11742 12036
11783 247 11743 11744
11784 227 11743 12037
11785 227 11743 12038
11786 247 11744 11752
11787 222 11745 11746
11788 227 11745 12039
11789 227 11745 12040
11790 222 11746 11747
11791 227 11746 12041
11792 227 11746 12042
11793 222 11747 11748
11794 227 11747 12043
11795 227 11747 12044
11796 328 11748 11749
11797 227 11748 12045
11798 227 11748 12046
11799 345 11749 11750
11800 346 11749 11751
11801 227 11752 12047
11802 227 11752 12048
11803 227 11752 12049
11804 327 11754 11755
11805 346 11754 11758
11806 345 11754 11759
11807 152 11755 11756
11808 153 11755 11757
11809 160 11756 12050
11810 160 11756 12051
11811 227 11757 12052
11812 227 11757 12053
11813 227 11757 12054
11814 243 11759 11760
11815 222 11760 11761
11816 227 11760 12055
11817 227 11760 12056
11818 222 11761 11762
11819 243 11761 11773
11820 227 11761 12057
11821 227 11762 12058
11822 227 11762 12059
11823 227 11762 12060
11824 247 11763 11764
11825 222 11764 11765
11826 222 11764 11768
11827 227 11764 12061
11828 222 11765 11766
11829 227 11765 12062
11830 227 11765 12063
11831 247 11766 11767
11832 227 11766 12064
11833 227 11766 12065
11834 458 11767 11775
11835 222 11768 11769
11836 227 11768 12066
11837 227 11768 12067
11838 222 11769 11770
11839 227 11769 12068
11840 227 11769 12069
11841 222 11770 11771
11842 227 11770 12070
11843 227 11770 12071
11844 328 11771 11772
11845 227 11771 12072
11846 227 11771 12073
11847 345 11772 11773
11848 346 11772 11774
11849 222 11776 11777
11850 222 11776 11787
11851 227 11776 12074
11852 227 11776 12075
11853 222 11777 11778
11854 227 11777 12076
11855 227 11777 12077
11856 222 11778 11779
11857 227 11778 12078
11858 227 11778 12079
11859 222 11779 11780
11860 227 11779 12080
11861 227 11779 12081
11862 222 11780 11781
11863 227 11780 12082
11864 227 11780 12083
11865 222 11781 11782
11866 227 11781 12084
11867 227 11781 12085
11868 222 11782 11783
11869 227 11782 12086
11870 227 11782 12087
11871 222 11783 11784
11872 227 11783 12088
11873 227 11783 12089
11874 222 11784 11785
11875 227 11784 12090
11876 227 11784 12091
11877 222 11785 11786
11878 227 11785 12092
11879 227 11785 12093
11880 243 11786 11790
11881 227 11786 12094
11882 227 11786 12095
11883 227 11787 12096
11884 227 11787 12097
11885 227 11787 12098
11886 328 11788 11789
11887 222 11788 11792
11888 222 11788 11793
11889 227 11788 12099
11890 345 11789 11790
11891 346 11789 11791
11892 227 11792 12100
11893 227 11792 12101
11894 227 11792 12102
11895 227 11793 12103
11896 227 11793 12104
11897 227 11794 12105
11898 227 11794 12106
11899 227 11794 12107
11900 346 11795 11797
11901 344 11796 11797
11902 386 11796 12108
11903 328 11797 11798
11904 222 11798 11799
11905 227 11798 12109
11906 227 11798 12110
11907 222 11799 11800
11908 227 11799 12111
11909 227 11799 12112
11910 222 11800 11801
11911 227 11800 12113
11912 227 11800 12114
11913 222 11801 11826
11914 227 11801 12115
11915 227 11801 12116
11916 247 11802 11803
11917 458 11802 11858
11918 222 11803 11804
11919 227 11803 12117
11920 227 11803 12118
11921 222 11804 11826
11922 227 11804 12119
11923 227 11804 12120
11924 328 11805 11806
11925 346 11805 11809
11926 345 11805 11810
11927 222 11806 11807
11928 222 11806 11808
11929 222 11806 11889
11930 222 11807 11888
11931 227 11807 12121
11932 227 11807 12122
11933 227 11808 12123
11934 227 11808 12124
11935 227 11808 12125
11936 243 11810 11811
11937 222 11811 11812
11938 227 11811 12126
11939 227 11811 12127
11940 222 11812 11813
11941 243 11812 11823
11942 227 11812 12128
11943 227 11813 12129
11944 227 11813 12130
11945 227 11813 12131
11946 222 11814 11815
11947 222 11814 11818
11948 247 11814 11870
11949 227 11814 12132
11950 222 11815 11816
11951 227 11815 12133
11952 227 11815 12134
11953 247 11816 11817
11954 227 11816 12135
11955 227 11816 12136
11956 458 11817 11848
11957 222 11818 11819
11958 227 11818 12137
11959 227 11818 12138
11960 222 11819 11820
11961 227 11819 12139
11962 227 11819 12140
11963 222 11820 11821
11964 227 11820 12141
11965 227 11820 12142
11966 328 11821 11822
11967 227 11821 12143
11968 227 11821 12144
11969 345 11822 11823
11970 346 11822 11824
11971 247 11825 11826
11972 458 11825 11935
11973 227 11826 12145
11974 327 11827 11828
11975 346 11827 11831
11976 345 11827 11832
11977 152 11828 11829
11978 153 11828 11830
11979 160 11829 12146
11980 160 11829 12147
11981 227 11830 12148
11982 227 11830 12149
11983 227 11830 12150
11984 243 11832 11833
11985 222 11833 11834
11986 227 11833 12151
11987 227 11833 12152
11988 222 11834 11835
11989 243 11834 11845
11990 227 11834 12153
11991 227 11835 12154
11992 227 11835 12155
11993 227 11835 12156
11994 222 11836 11837
11995 222 11836 11840
11996 247 11836 11848
11997 227 11836 12157
11998 222 11837 11838
11999 227 11837 12158
12000 227 11837 12159
12001 247 11838 11839
12002 227 11838 12160
12003 227 11838 12161
12004 458 11839 11847
12005 222 11840 11841
12006 227 11840 12162
12007 227 11840 12163
12008 222 11841 11842
12009 227 11841 12164
12010 227 11841 12165
12011 222 11842 11843
12012 227 11842 12166
12013 227 11842 12167
12014 328 11843 11844
12015 227 11843 12168
12016 227 11843 12169
12017 345 11844 11845
12018 346 11844 11846
12019 327 11849 11850
12020 346 11849 11853
12021 345 11849 11854
12022 152 11850 11851
12023 153 11850 11852
12024 160 11851 12170
12025 160 11851 12171
12026 227 11852 12172
12027 227 11852 12173
12028 227 11852 12174
12029 243 11854 11855
12030 222 11855 11856
12031 227 11855 12175
12032 227 11855 12176
12033 222 11856 11857
12034 243 11856 11868
12035 227 11856 12177
12036 227 11857 12178
12037 227 11857 12179
12038 227 11857 12180
12039 247 11858 11859
12040 222 11859 11860
12041 222 11859 11863
12042 227 11859 12181
12043 222 11860 11861
12044 227 11860 12182
12045 227 11860 12183
12046 247 11861 11862
12047 227 11861 12184
12048 227 11861 12185
12049 458 11862 11870
12050 222 11863 11864
12051 227 11863 12186
12052 227 11863 12187
12053 222 11864 11865
12054 227 11864 12188
12055 227 11864 12189
12056 222 11865 11866
12057 227 11865 12190
12058 227 11865 12191
12059 328 11866 11867
12060 227 11866 12192
12061 227 11866 12193
12062 345 11867 11868
12063 346 11867 11869
12064 222 11871 11872
12065 222 11871 11882
12066 227 11871 12194
12067 227 11871 12195
12068 222 11872 11873
12069 227 11872 12196
12070 227 11872 12197
12071 222 11873 11874
12072 227 11873 12198
12073 227 11873 12199
12074 222 11874 11875
12075 227 11874 12200
12076 227 11874 12201
12077 222 11875 11876
12078 227 11875 12202
12079 227 11875 12203
12080 222 11876 11877
12081 227 11876 12204
12082 227 11876 12205
12083 222 11877 11878
12084 227 11877 12206
12085 227 11877 12207
12086 222 11878 11879
12087 227 11878 12208
12088 227 11878 12209
12089 222 11879 11880
12090 227 11879 12210
12091 227 11879 12211
12092 222 11880 11881
12093 227 11880 12212
12094 227 11880 12213
12095 243 11881 11885
12096 227 11881 12214
12097 227 11881 12215
12098 227 11882 12216
12099 227 11882 12217
12100 227 11882 12218
12101 328 11883 11884
12102 222 11883 11887
12103 222 11883 11888
12104 227 11883 12219
12105 345 11884 11885
12106 346 11884 11886
12107 227 11887 12220
12108 227 11887 12221
12109 227 11887 12222
12110 227 11888 12223
12111 227 11888 12224
12112 227 11889 12225
12113 227 11889 12226
12114 227 11889 12227
12115 346 11890 11892
12116 344 11891 11892
12117 386 11891 12228
12118 328 11892 11893
12119 222 11893 11894
12120 227 11893 12229
12121 227 11893 12230
12122 222 11894 11895
12123 227 11894 12231
12124 227 11894 12232
12125 222 11895 11896
12126 227 11895 12233
12127 227 11895 12234
12128 222 11896 11921
12129 227 11896 12235
12130 227 11896 12236
12131 247 11897 11898
12132 458 11897 11953
12133 222 11898 11899
12134 227 11898 12237
12135 227 11898 12238
12136 222 11899 11921
12137 227 11899 12239
12138 227 11899 12240
12139 328 11900 11901
12140 346 11900 11904
12141 345 11900 11905
12142 222 11901 11902
12143 222 11901 11903
12144 222 11901 11984
12145 222 11902 11983
12146 227 11902 12241
12147 227 11902 12242
12148 227 11903 12243
12149 227 11903 12244
12150 227 11903 12245
12151 243 11905 11906
12152 222 11906 11907
12153 227 11906 12246
12154 227 11906 12247
12155 222 11907 11908
12156 243 11907 11918
12157 227 11907 12248
12158 227 11908 12249
12159 227 11908 12250
12160 227 11908 12251
12161 222 11909 11910
12162 222 11909 11913
12163 247 11909 11965
12164 227 11909 12252
12165 222 11910 11911
12166 227 11910 12253
12167 227 11910 12254
12168 247 11911 11912
12169 227 11911 12255
12170 227 11911 12256
12171 458 11912 11943
12172 222 11913 11914
12173 227 11913 12257
12174 227 11913 12258
12175 222 11914 11915
12176 227 11914 12259
12177 227 11914 12260
12178 222 11915 11916
12179 227 11915 12261
12180 227 11915 12262
12181 328 11916 11917
12182 227 11916 12263
12183 227 11916 12264
12184 345 11917 11918
12185 346 11917 11919
12186 247 11920 11921
12187 247 11920 11922
12188 227 11921 12265
12189 227 11922 12266
12190 227 11922 12267
12191 227 11922 12268
12192 327 11923 11924
12193 346 11923 11927
12194 345 11923 11928
12195 152 11924 11925
12196 153 11924 11926
12197 160 11925 12269
12198 160 11925 12270
12199 227 11926 12271
12200 227 11926 12272
12201 227 11926 12273
12202 243 11928 11929
12203 222 11929 11930
12204 227 11929 12274
12205 227 11929 12275
12206 222 11930 11931
12207 243 11930 11941
12208 227 11930 12276
12209 227 11931 12277
12210 227 11931 12278
12211 227 11931 12279
12212 222 11932 11933
12213 222 11932 11936
12214 247 11932 11943
12215 227 11932 12280
12216 222 11933 11934
12217 227 11933 12281
12218 227 11933 12282
12219 247 11934 11935
12220 227 11934 12283
12221 227 11934 12284
12222 222 11936 11937
12223 227 11936 12285
12224 227 11936 12286
12225 222 11937 11938
12226 227 11937 12287
12227 227 11937 12288
12228 222 11938 11939
12229 227 11938 12289
12230 227 11938 12290
12231 328 11939 11940
12232 227 11939 12291
12233 227 11939 12292
12234 345 11940 11941
12235 346 11940 11942
12236 327 11944 11945
12237 346 11944 11948
12238 345 11944 11949
12239 152 11945 11946
12240 153 11945 11947
12241 160 11946 12293
12242 160 11946 12294
12243 227 11947 12295
12244 227 11947 12296
12245 227 11947 12297
12246 243 11949 11950
12247 222 11950 11951
12248 227 11950 12298
12249 227 11950 12299
12250 222 11951 11952
12251 243 11951 11963
12252 227 11951 12300
12253 227 11952 12301
12254 227 11952 12302
12255 227 11952 12303
12256 247 11953 11954
12257 222 11954 11955
12258 222 11954 11958
12259 227 11954 12304
12260 222 11955 11956
12261 227 11955 12305
12262 227 11955 12306
12263 247 11956 11957
12264 227 11956 12307
12265 227 11956 12308
12266 458 11957 11965
12267 222 11958 11959
12268 227 11958 12309
12269 227 11958 12310
12270 222 11959 11960
12271 227 11959 12311
12272 227 11959 12312
12273 222 11960 11961
12274 227 11960 12313
12275 227 11960 12314
12276 328 11961 11962
12277 227 11961 12315
12278 227 11961 12316
12279 345 11962 11963
12280 346 11962 11964
12281 222 11966 11967
12282 222 11966 11977
12283 227 11966 12317
12284 227 11966 12318
12285 222 11967 11968
12286 227 11967 12319
12287 227 11967 12320
12288 222 11968 11969
12289 227 11968 12321
12290 227 11968 12322
12291 222 11969 11970
12292 227 11969 12323
12293 227 11969 12324
12294 222 11970 11971
12295 227 11970 12325
12296 227 11970 12326
12297 222 11971 11972
12298 227 11971 12327
12299 227 11971 12328
12300 222 11972 11973
12301 227 11972 12329
12302 227 11972 12330
12303 222 11973 11974
12304 227 11973 12331
12305 227 11973 12332
12306 222 11974 11975
12307 227 11974 12333
12308 227 11974 12334
12309 222 11975 11976
12310 227 11975 12335
12311 227 11975 12336
12312 243 11976 11980
12313 227 11976 12337
12314 227 11976 12338
12315 227 11977 12339
12316 227 11977 12340
12317 227 11977 12341
12318 328 11978 11979
12319 222 11978 11982
12320 222 11978 11983
12321 227 11978 12342
12322 345 11979 11980
12323 346 11979 11981
12324 227 11982 12343
12325 227 11982 12344
12326 227 11982 12345
12327 227 11983 12346
12328 227 11983 12347
12329 227 11984 12348
12330 227 11984 12349
12331 227 11984 12350
12332 346 12351 12353
12333 344 12352 12353
12334 386 12352 12635
12335 328 12353 12354
12336 222 12354 12355
12337 227 12354 12636
12338 227 12354 12637
12339 222 12355 12356
12340 227 12355 12638
12341 227 12355 12639
12342 222 12356 12357
12343 227 12356 12640
12344 227 12356 12641
12345 222 12357 12381
12346 227 12357 12642
12347 227 12357 12643
12348 247 12358 12359
12349 458 12358 12413
12350 222 12359 12360
12351 227 12359 12644
12352 227 12359 12645
12353 222 12360 12381
12354 227 12360 12646
12355 227 12360 12647
12356 328 12361 12362
12357 346 12361 12365
12358 345 12361 12366
12359 222 12362 12363
12360 222 12362 12364
12361 222 12362 12444
12362 222 12363 12443
12363 227 12363 12648
12364 227 12363 12649
12365 227 12364 12650
12366 227 12364 12651
12367 227 12364 12652
12368 243 12366 12367
12369 222 12367 12368
12370 227 12367 12653
12371 227 12367 12654
12372 222 12368 12369
12373 243 12368 12379
12374 227 12368 12655
12375 227 12369 12656
12376 227 12369 12657
12377 227 12369 12658
12378 222 12370 12371
12379 222 12370 12374
12380 247 12370 12425
12381 227 12370 12659
12382 222 12371 12372
12383 227 12371 12660
12384 227 12371 12661
12385 247 12372 12373
12386 227 12372 12662
12387 227 12372 12663
12388 458 12373 12403
12389 222 12374 12375
12390 227 12374 12664
12391 227 12374 12665
12392 222 12375 12376
12393 227 12375 12666
12394 227 12375 12667
12395 222 12376 12377
12396 227 12376 12668
12397 227 12376 12669
12398 328 12377 12378
12399 227 12377 12670
12400 227 12377 12671
12401 345 12378 12379
12402 346 12378 12380
12403 247 12381 12497
12404 227 12381 12672
12405 327 12382 12383
12406 346 12382 12386
12407 345 12382 12387
12408 152 12383 12384
12409 153 12383 12385
12410 160 12384 12673
12411 160 12384 12674
12412 227 12385 12675
12413 227 12385 12676
12414 227 12385 12677
12415 243 12387 12388
12416 222 12388 12389
12417 227 12388 12678
12418 227 12388 12679
12419 222 12389 12390
12420 243 12389 12400
12421 227 12389 12680
12422 227 12390 12681
12423 227 12390 12682
12424 227 12390 12683
12425 222 12391 12392
12426 222 12391 12395
12427 247 12391 12403
12428 227 12391 12684
12429 222 12392 12393
12430 227 12392 12685
12431 227 12392 12686
12432 247 12393 12394
12433 227 12393 12687
12434 227 12393 12688
12435 247 12394 12402
12436 222 12395 12396
12437 227 12395 12689
12438 227 12395 12690
12439 222 12396 12397
12440 227 12396 12691
12441 227 12396 12692
12442 222 12397 12398
12443 227 12397 12693
12444 227 12397 12694
12445 328 12398 12399
12446 227 12398 12695
12447 227 12398 12696
12448 345 12399 12400
12449 346 12399 12401
12450 227 12402 12697
12451 227 12402 12698
12452 227 12402 12699
12453 327 12404 12405
12454 346 12404 12408
12455 345 12404 12409
12456 152 12405 12406
12457 153 12405 12407
12458 160 12406 12700
12459 160 12406 12701
12460 227 12407 12702
12461 227 12407 12703
12462 227 12407 12704
12463 243 12409 12410
12464 222 12410 12411
12465 227 12410 12705
12466 227 12410 12706
12467 222 12411 12412
12468 243 12411 12423
12469 227 12411 12707
12470 227 12412 12708
12471 227 12412 12709
12472 227 12412 12710
12473 247 12413 12414
12474 222 12414 12415
12475 222 12414 12418
12476 227 12414 12711
12477 222 12415 12416
12478 227 12415 12712
12479 227 12415 12713
12480 247 12416 12417
12481 227 12416 12714
12482 227 12416 12715
12483 458 12417 12425
12484 222 12418 12419
12485 227 12418 12716
12486 227 12418 12717
12487 222 12419 12420
12488 227 12419 12718
12489 227 12419 12719
12490 222 12420 12421
12491 227 12420 12720
12492 227 12420 12721
12493 328 12421 12422
12494 227 12421 12722
12495 227 12421 12723
12496 345 12422 12423
12497 346 12422 12424
12498 222 12426 12427
12499 222 12426 12437
12500 227 12426 12724
12501 227 12426 12725
12502 222 12427 12428
12503 227 12427 12726
12504 227 12427 12727
12505 222 12428 12429
12506 227 12428 12728
12507 227 12428 12729
12508 222 12429 12430
12509 227 12429 12730
12510 227 12429 12731
12511 222 12430 12431
12512 227 12430 12732
12513 227 12430 12733
12514 222 12431 12432
12515 227 12431 12734
12516 227 12431 12735
12517 222 12432 12433
12518 227 12432 12736
12519 227 12432 12737
12520 222 12433 12434
12521 227 12433 12738
12522 227 12433 12739
12523 222 12434 12435
12524 227 12434 12740
12525 227 12434 12741
12526 222 12435 12436
12527 227 12435 12742
12528 227 12435 12743
12529 243 12436 12440
12530 227 12436 12744
12531 227 12436 12745
12532 227 12437 12746
12533 227 12437 12747
12534 227 12437 12748
12535 328 12438 12439
12536 222 12438 12442
12537 222 12438 12443
12538 227 12438 12749
12539 345 12439 12440
12540 346 12439 12441
12541 227 12442 12750
12542 227 12442 12751
12543 227 12442 12752
12544 227 12443 12753
12545 227 12443 12754
12546 227 12444 12755
12547 227 12444 12756
12548 227 12444 12757
12549 346 12445 12447
12550 344 12446 12447
12551 386 12446 12758
12552 328 12447 12448
12553 222 12448 12449
12554 227 12448 12759
12555 227 12448 12760
12556 222 12449 12450
12557 227 12449 12761
12558 227 12449 12762
12559 222 12450 12451
12560 227 12450 12763
12561 227 12450 12764
12562 222 12451 12476
12563 227 12451 12765
12564 227 12451 12766
12565 247 12452 12453
12566 458 12452 12508
12567 222 12453 12454
12568 227 12453 12767
12569 227 12453 12768
12570 222 12454 12476
12571 227 12454 12769
12572 227 12454 12770
12573 328 12455 12456
12574 346 12455 12459
12575 345 12455 12460
12576 222 12456 12457
12577 222 12456 12458
12578 222 12456 12539
12579 222 12457 12538
12580 227 12457 12771
12581 227 12457 12772
12582 227 12458 12773
12583 227 12458 12774
12584 227 12458 12775
12585 243 12460 12461
12586 222 12461 12462
12587 227 12461 12776
12588 227 12461 12777
12589 222 12462 12463
12590 243 12462 12473
12591 227 12462 12778
12592 227 12463 12779
12593 227 12463 12780
12594 227 12463 12781
12595 222 12464 12465
12596 222 12464 12468
12597 247 12464 12520
12598 227 12464 12782
12599 222 12465 12466
12600 227 12465 12783
12601 227 12465 12784
12602 247 12466 12467
12603 227 12466 12785
12604 227 12466 12786
12605 458 12467 12498
12606 222 12468 12469
12607 227 12468 12787
12608 227 12468 12788
12609 222 12469 12470
12610 227 12469 12789
12611 227 12469 12790
12612 222 12470 12471
12613 227 12470 12791
12614 227 12470 12792
12615 328 12471 12472
12616 227 12471 12793
12617 227 12471 12794
12618 345 12472 12473
12619 346 12472 12474
12620 247 12475 12476
12621 458 12475 12585
12622 227 12476 12795
12623 327 12477 12478
12624 346 12477 12481
12625 345 12477 12482
12626 152 12478 12479
12627 153 12478 12480
12628 160 12479 12796
12629 160 12479 12797
12630 227 12480 12798
12631 227 12480 12799
12632 227 12480 12800
12633 243 12482 12483
12634 222 12483 12484
12635 227 12483 12801
12636 227 12483 12802
12637 222 12484 12485
12638 243 12484 12495
12639 227 12484 12803
12640 227 12485 12804
12641 227 12485 12805
12642 227 12485 12806
12643 222 12486 12487
12644 222 12486 12490
12645 247 12486 12498
12646 227 12486 12807
12647 222 12487 12488
12648 227 12487 12808
12649 227 12487 12809
12650 247 12488 12489
12651 227 12488 12810
12652 227 12488 12811
12653 458 12489 12497
12654 222 12490 12491
12655 227 12490 12812
12656 227 12490 12813
12657 222 12491 12492
12658 227 12491 12814
12659 227 12491 12815
12660 222 12492 12493
12661 227 12492 12816
12662 227 12492 12817
12663 328 12493 12494
12664 227 12493 12818
12665 227 12493 12819
12666 345 12494 12495
12667 346 12494 12496
12668 327 12499 12500
12669 346 12499 12503
12670 345 12499 12504
12671 152 12500 12501
12672 153 12500 12502
12673 160 12501 12820
12674 160 12501 12821
12675 227 12502 12822
12676 227 12502 12823
12677 227 12502 12824
12678 243 12504 12505
12679 222 12505 12506
12680 227 12505 12825
12681 227 12505 12826
12682 222 12506 12507
12683 243 12506 12518
12684 227 12506 12827
12685 227 12507 12828
12686 227 12507 12829
12687 227 12507 12830
12688 247 12508 12509
12689 222 12509 12510
12690 222 12509 12513
12691 227 12509 12831
12692 222 12510 12511
12693 227 12510 12832
12694 227 12510 12833
12695 247 12511 12512
12696 227 12511 12834
12697 227 12511 12835
12698 458 12512 12520
12699 222 12513 12514
12700 227 12513 12836
12701 227 12513 12837
12702 222 12514 12515
12703 227 12514 12838
12704 227 12514 12839
12705 222 12515 12516
12706 227 12515 12840
12707 227 12515 12841
12708 328 12516 12517
12709 227 12516 12842
12710 227 12516 12843
12711 345 12517 12518
12712 346 12517 12519
12713 222 12521 12522
12714 222 12521 12532
12715 227 12521 12844
12716 227 12521 12845
12717 222 12522 12523
12718 227 12522 12846
12719 227 12522 12847
12720 222 12523 12524
12721 227 12523 12848
12722 227 12523 12849
12723 222 12524 12525
12724 227 12524 12850
12725 227 12524 12851
12726 222 12525 12526
12727 227 12525 12852
12728 227 12525 12853
12729 222 12526 12527
12730 227 12526 12854
12731 227 12526 12855
12732 222 12527 12528
12733 227 12527 12856
12734 227 12527 12857
12735 222 12528 12529
12736 227 12528 12858
12737 227 12528 12859
12738 222 12529 12530
12739 227 12529 12860
12740 227 12529 12861
12741 222 12530 12531
12742 227 12530 12862
12743 227 12530 12863
12744 243 12531 12535
12745 227 12531 12864
12746 227 12531 12865
12747 227 12532 12866
12748 227 12532 12867
12749 227 12532 12868
12750 328 12533 12534
12751 222 12533 12537
12752 222 12533 12538
12753 227 12533 12869
12754 345 12534 12535
12755 346 12534 12536
12756 227 12537 12870
12757 227 12537 12871
12758 227 12537 12872
12759 227 12538 12873
12760 227 12538 12874
12761 227 12539 12875
12762 227 12539 12876
12763 227 12539 12877
12764 346 12540 12542
12765 344 12541 12542
12766 386 12541 12878
12767 328 12542 12543
12768 222 12543 12544
12769 227 12543 12879
12770 227 12543 12880
12771 222 12544 12545
12772 227 12544 12881
12773 227 12544 12882
12774 222 12545 12546
12775 227 12545 12883
12776 227 12545 12884
12777 222 12546 12571
12778 227 12546 12885
12779 227 12546 12886
12780 247 12547 12548
12781 458 12547 12603
12782 222 12548 12549
12783 227 12548 12887
12784 227 12548 12888
12785 222 12549 12571
12786 227 12549 12889
12787 227 12549 12890
12788 328 12550 12551
12789 346 12550 12554
12790 345 12550 12555
12791 222 12551 12552
12792 222 12551 12553
12793 222 12551 12634
12794 222 12552 12633
12795 227 12552 12891
12796 227 12552 12892
12797 227 12553 12893
12798 227 12553 12894
12799 227 12553 12895
12800 243 12555 12556
12801 222 12556 12557
12802 227 12556 12896
12803 227 12556 12897
12804 222 12557 12558
12805 243 12557 12568
12806 227 12557 12898
12807 227 12558 12899
12808 227 12558 12900
12809 227 12558 12901
12810 222 12559 12560
12811 222 12559 12563
12812 247 12559 12615
12813 227 12559 12902
12814 222 12560 12561
12815 227 12560 12903
12816 227 12560 12904
12817 247 12561 12562
12818 227 12561 12905
12819 227 12561 12906
12820 458 12562 12593
12821 222 12563 12564
12822 227 12563 12907
12823 227 12563 12908
12824 222 12564 12565
12825 227 12564 12909
12826 227 12564 12910
12827 222 12565 12566
12828 227 12565 12911
12829 227 12565 12912
12830 328 12566 12567
12831 227 12566 12913
12832 227 12566 12914
12833 345 12567 12568
12834 346 12567 12569
12835 247 12570 12571
12836 247 12570 12572
12837 227 12571 12915
12838 227 12572 12916
12839 227 12572 12917
12840 227 12572 12918
12841 327 12573 12574
12842 346 12573 12577
12843 345 12573 12578
12844 152 12574 12575
12845 153 12574 12576
12846 160 12575 12919
12847 160 12575 12920
12848 227 12576 12921
12849 227 12576 12922
12850 227 12576 12923
12851 243 12578 12579
12852 222 12579 12580
12853 227 12579 12924
12854 227 12579 12925
12855 222 12580 12581
12856 243 12580 12591
12857 227 12580 12926
12858 227 12581 12927
12859 227 12581 12928
12860 227 12581 12929
12861 222 12582 12583
12862 222 12582 12586
12863 247 12582 12593
12864 227 12582 12930
12865 222 12583 12584
12866 227 12583 12931
12867 227 12583 12932
12868 247 12584 12585
12869 227 12584 12933
12870 227 12584 12934
12871 222 12586 12587
12872 227 12586 12935
12873 227 12586 12936
12874 222 12587 12588
12875 227 12587 12937
12876 227 12587 12938
12877 222 12588 12589
12878 227 12588 12939
12879 227 12588 12940
12880 328 12589 12590
12881 227 12589 12941
12882 227 12589 12942
12883 345 12590 12591
12884 346 12590 12592
12885 327 12594 12595
12886 346 12594 12598
12887 345 12594 12599
12888 152 12595 12596
12889 153 12595 12597
12890 160 12596 12943
12891 160 12596 12944
12892 227 12597 12945
12893 227 12597 12946
12894 227 12597 12947
12895 243 12599 12600
12896 222 12600 12601
12897 227 12600 12948
12898 227 12600 12949
12899 222 12601 12602
12900 243 12601 12613
12901 227 12601 12950
12902 227 12602 12951
12903 227 12602 12952
12904 227 12602 12953
12905 247 12603 12604
12906 222 12604 12605
12907 222 12604 12608
12908 227 12604 12954
12909 222 12605 12606
12910 227 12605 12955
12911 227 12605 12956
12912 247 12606 12607
12913 227 12606 12957
12914 227 12606 12958
12915 458 12607 12615
12916 222 12608 12609
12917 227 12608 12959
12918 227 12608 12960
12919 222 12609 12610
12920 227 12609 12961
12921 227 12609 12962
12922 222 12610 12611
12923 227 12610 12963
12924 227 12610 12964
12925 328 12611 12612
12926 227 12611 12965
12927 227 12611 12966
12928 345 12612 12613
12929 346 12612 12614
12930 222 12616 12617
12931 222 12616 12627
12932 227 12616 12967
12933 227 12616 12968
12934 222 12617 12618
12935 227 12617 12969
12936 227 12617 12970
12937 222 12618 12619
12938 227 12618 12971
12939 227 12618 12972
12940 222 12619 12620
12941 227 12619 12973
12942 227 12619 12974
12943 222 12620 12621
12944 227 12620 12975
12945 227 12620 12976
12946 222 12621 12622
12947 227 12621 12977
12948 227 12621 12978
12949 222 12622 12623
12950 227 12622 12979
12951 227 12622 12980
12952 222 12623 12624
12953 227 12623 12981
12954 227 12623 12982
12955 222 12624 12625
12956 227 12624 12983
12957 227 12624 12984
12958 222 12625 12626
12959 227 12625 12985
12960 227 12625 12986
12961 243 12626 12630
12962 227 12626 12987
12963 227 12626 12988
12964 227 12627 12989
12965 227 12627 12990
12966 227 12627 12991
12967 328 12628 12629
12968 222 12628 12632
12969 222 12628 12633
12970 227 12628 12992
12971 345 12629 12630
12972 346 12629 12631
12973 227 12632 12993
12974 227 12632 12994
12975 227 12632 12995
12976 227 12633 12996
12977 227 12633 12997
12978 227 12634 12998
12979 227 12634 12999
12980 227 12634 13000
12981 465 13001 13002
12982 465 13001 13003
12983 465 13004 13005
12984 465 13004 13006
12985 465 13007 13008
12986 465 13007 13009
12987 465 13010 13011
12988 465 13010 13012
12989 465 13013 13014
12990 465 13013 13015
12991 465 13016 13017
12992 465 13016 13018
12993 465 13019 13020
12994 465 13019 13021
12995 465 13022 13023
12996 465 13022 13024
12997 465 13025 13026
12998 465 13025 13027
12999 465 13028 13029
13000 465 13028 13030
13001 465 13031 13032
13002 465 13031 13033
13003 465 13034 13035
13004 465 13034 13036
13005 465 13037 13038
13006 465 13037 13039
13007 465 13040 13041
13008 465 13040 13042
13009 465 13043 13044
13010 465 13043 13045
13011 465 13046 13047
13012 465 13046 13048
13013 465 13049 13050
13014 465 13049 13051
13015 465 13052 13053
13016 465 13052 13054
13017 465 13055 13056
13018 465 13055 13057
13019 465 13058 13059
13020 465 13058 13060
13021 465 13061 13062
13022 465 13061 13063
13023 465 13064 13065
13024 465 13064 13066
13025 465 13067 13068
13026 465 13067 13069
13027 465 13070 13071
13028 465 13070 13072
13029 465 13073 13074
13030 465 13073 13075
13031 465 13076 13077
13032 465 13076 13078
13033 465 13079 13080
13034 465 13079 13081
13035 465 13082 13083
13036 465 13082 13084
13037 465 13085 13086
13038 465 13085 13087
13039 465 13088 13089
13040 465 13088 13090
13041 465 13091 13092
13042 465 13091 13093
13043 465 13094 13095
13044 465 13094 13096
13045 465 13097 13098
13046 465 13097 13099
13047 465 13100 13101
13048 465 13100 13102
13049 465 13103 13104
13050 465 13103 13105
13051 465 13106 13107
13052 465 13106 13108
13053 465 13109 13110
13054 465 13109 13111
13055 465 13112 13113
13056 465 13112 13114
13057 465 13115 13116
13058 465 13115 13117
13059 465 13118 13119
13060 465 13118 13120
13061 465 13121 13122
13062 465 13121 13123
13063 465 13124 13125
13064 465 13124 13126
13065 465 13127 13128
13066 465 13127 13129
13067 465 13130 13131
13068 465 13130 13132
13069 465 13133 13134
13070 465 13133 13135
13071 465 13136 13137
13072 465 13136 13138
13073 465 13139 13140
13074 465 13139 13141
13075 465 13142 13143
13076 465 13142 13144
13077 465 13145 13146
13078 465 13145 13147
13079 465 13148 13149
13080 465 13148 13150
13081 465 13151 13152
13082 465 13151 13153
13083 465 13154 13155
13084 465 13154 13156
13085 465 13157 13158
13086 465 13157 13159
13087 465 13160 13161
13088 465 13160 13162
13089 465 13163 13164
13090 465 13163 13165
13091 465 13166 13167
13092 465 13166 13168
13093 465 13169 13170
13094 465 13169 13171
13095 465 13172 13173
13096 465 13172 13174
13097 465 13175 13176
13098 465 13175 13177
13099 465 13178 13179
13100 465 13178 13180
13101 465 13181 13182
13102 465 13181 13183
13103 465 13184 13185
13104 465 13184 13186
13105 465 13187 13188
13106 465 13187 13189
13107 465 13190 13191
13108 465 13190 13192
13109 465 13193 13194
13110 465 13193 13195
13111 465 13196 13197
13112 465 13196 13198
13113 465 13199 13200
13114 465 13199 13201
13115 465 13202 13203
13116 465 13202 13204
13117 465 13205 13206
13118 465 13205 13207
13119 465 13208 13209
13120 465 13208 13210
13121 465 13211 13212
13122 465 13211 13213
13123 465 13214 13215
13124 465 13214 13216
13125 465 13217 13218
13126 465 13217 13219
13127 465 13220 13221
13128 465 13220 13222
13129 465 13223 13224
13130 465 13223 13225
13131 465 13226 13227
13132 465 13226 13228
13133 465 13229 13230
13134 465 13229 13231
13135 465 13232 13233
13136 465 13232 13234
13137 465 13235 13236
13138 465 13235 13237
13139 465 13238 13239
13140 465 13238 13240
13141 465 13241 13242
13142 465 13241 13243
13143 465 13244 13245
13144 465 13244 13246
13145 465 13247 13248
13146 465 13247 13249
13147 465 13250 13251
13148 465 13250 13252
13149 465 13253 13254
13150 465 13253 13255
13151 465 13256 13257
13152 465 13256 13258
13153 465 13259 13260
13154 465 13259 13261
13155 465 13262 13263
13156 465 13262 13264
13157 465 13265 13266
13158 465 13265 13267
13159 465 13268 13269
13160 465 13268 13270
13161 465 13271 13272
13162 465 13271 13273
13163 465 13274 13275
13164 465 13274 13276
13165 465 13277 13278
13166 465 13277 13279
13167 465 13280 13281
13168 465 13280 13282
13169 465 13283 13284
13170 465 13283 13285
13171 465 13286 13287
13172 465 13286 13288
13173 465 13289 13290
13174 465 13289 13291
13175 465 13292 13293
13176 465 13292 13294
13177 465 13295 13296
13178 465 13295 13297
13179 465 13298 13299
13180 465 13298 13300
13181 465 13301 13302
13182 465 13301 13303
13183 465 13304 13305
13184 465 13304 13306
13185 465 13307 13308
13186 465 13307 13309
13187 465 13310 13311
13188 465 13310 13312
13189 465 13313 13314
13190 465 13313 13315
13191 465 13316 13317
13192 465 13316 13318
13193 465 13319 13320
13194 465 13319 13321
13195 465 13322 13323
13196 465 13322 13324
13197 465 13325 13326
13198 465 13325 13327
13199 465 13328 13329
13200 465 13328 13330
13201 465 13331 13332
13202 465 13331 13333
13203 465 13334 13335
13204 465 13334 13336
13205 465 13337 13338
13206 465 13337 13339
13207 465 13340 13341
13208 465 13340 13342
13209 465 13343 13344
13210 465 13343 13345
13211 465 13346 13347
13212 465 13346 13348
13213 465 13349 13350
13214 465 13349 13351
13215 465 13352 13353
13216 465 13352 13354
13217 465 13355 13356
13218 465 13355 13357
13219 465 13358 13359
13220 465 13358 13360
13221 465 13361 13362
13222 465 13361 13363
13223 465 13364 13365
13224 465 13364 13366
13225 465 13367 13368
13226 465 13367 13369
13227 465 13370 13371
13228 465 13370 13372
13229 465 13373 13374
13230 465 13373 13375
13231 465 13376 13377
13232 465 13376 13378
13233 465 13379 13380
13234 465 13379 13381
13235 465 13382 13383
13236 465 13382 13384
13237 465 13385 13386
13238 465 13385 13387
13239 465 13388 13389
13240 465 13388 13390
13241 465 13391 13392
13242 465 13391 13393
13243 465 13394 13395
13244 465 13394 13396
13245 465 13397 13398
13246 465 13397 13399
13247 465 13400 13401
13248 465 13400 13402
13249 465 13403 13404
13250 465 13403 13405
13251 465 13406 13407
13252 465 13406 13408
13253 465 13409 13410
13254 465 13409 13411
13255 465 13412 13413
13256 465 13412 13414
13257 465 13415 13416
13258 465 13415 13417
13259 465 13418 13419
13260 465 13418 13420
13261 465 13421 13422
13262 465 13421 13423
13263 465 13424 13425
13264 465 13424 13426
13265 465 13427 13428
13266 465 13427 13429
13267 465 13430 13431
13268 465 13430 13432
13269 465 13433 13434
13270 465 13433 13435
13271 465 13436 13437
13272 465 13436 13438
13273 465 13439 13440
13274 465 13439 13441
13275 465 13442 13443
13276 465 13442 13444
13277 465 13445 13446
13278 465 13445 13447
13279 465 13448 13449
13280 465 13448 13450
13281 465 13451 13452
13282 465 13451 13453
13283 465 13454 13455
13284 465 13454 13456
13285 465 13457 13458
13286 465 13457 13459
13287 465 13460 13461
13288 465 13460 13462
13289 465 13463 13464
13290 465 13463 13465
13291 465 13466 13467
13292 465 13466 13468
13293 465 13469 13470
13294 465 13469 13471
13295 465 13472 13473
13296 465 13472 13474
13297 465 13475 13476
13298 465 13475 13477
13299 465 13478 13479
13300 465 13478 13480
13301 465 13481 13482
13302 465 13481 13483
13303 465 13484 13485
13304 465 13484 13486
13305 465 13487 13488
13306 465 13487 13489
13307 465 13490 13491
13308 465 13490 13492
13309 465 13493 13494
13310 465 13493 13495
13311 465 13496 13497
13312 465 13496 13498
13313 465 13499 13500
13314 465 13499 13501
13315 465 13502 13503
13316 465 13502 13504
13317 465 13505 13506
13318 465 13505 13507
13319 465 13508 13509
13320 465 13508 13510
13321 465 13511 13512
13322 465 13511 13513
13323 465 13514 13515
13324 465 13514 13516
13325 465 13517 13518
13326 465 13517 13519
13327 465 13520 13521
13328 465 13520 13522
13329 465 13523 13524
13330 465 13523 13525
13331 465 13526 13527
13332 465 13526 13528
13333 465 13529 13530
13334 465 13529 13531
13335 465 13532 13533
13336 465 13532 13534
13337 465 13535 13536
13338 465 13535 13537
13339 465 13538 13539
13340 465 13538 13540
13341 465 13541 13542
13342 465 13541 13543
13343 465 13544 13545
13344 465 13544 13546
13345 465 13547 13548
13346 465 13547 13549
13347 465 13550 13551
13348 465 13550 13552
13349 465 13553 13554
13350 465 13553 13555
13351 465 13556 13557
13352 465 13556 13558
13353 465 13559 13560
13354 465 13559 13561
13355 465 13562 13563
13356 465 13562 13564
13357 465 13565 13566
13358 465 13565 13567
13359 465 13568 13569
13360 465 13568 13570
13361 465 13571 13572
13362 465 13571 13573
13363 465 13574 13575
13364 465 13574 13576
13365 465 13577 13578
13366 465 13577 13579
13367 465 13580 13581
13368 465 13580 13582
13369 465 13583 13584
13370 465 13583 13585
13371 465 13586 13587
13372 465 13586 13588
13373 465 13589 13590
13374 465 13589 13591
13375 465 13592 13593
13376 465 13592 13594
13377 465 13595 13596
13378 465 13595 13597
13379 465 13598 13599
13380 465 13598 13600
13381 465 13601 13602
13382 465 13601 13603
13383 465 13604 13605
13384 465 13604 13606
13385 465 13607 13608
13386 465 13607 13609
13387 465 13610 13611
13388 465 13610 13612
13389 465 13613 13614
13390 465 13613 13615
13391 465 13616 13617
13392 465 13616 13618
13393 465 13619 13620
13394 465 13619 13621
13395 465 13622 13623
13396 465 13622 13624
13397 465 13625 13626
13398 465 13625 13627
13399 465 13628 13629
13400 465 13628 13630
13401 465 13631 13632
13402 465 13631 13633
13403 465 13634 13635
13404 465 13634 13636
13405 465 13637 13638
13406 465 13637 13639
13407 465 13640 13641
13408 465 13640 13642
13409 465 13643 13644
13410 465 13643 13645
13411 465 13646 13647
13412 465 13646 13648
13413 465 13649 13650
13414 465 13649 13651
13415 465 13652 13653
13416 465 13652 13654
13417 465 13655 13656
13418 465 13655 13657
13419 465 13658 13659
13420 465 13658 13660
13421 465 13661 13662
13422 465 13661 13663
13423 465 13664 13665
13424 465 13664 13666
13425 465 13667 13668
13426 465 13667 13669
13427 465 13670 13671
13428 465 13670 13672
13429 465 13673 13674
13430 465 13673 13675
13431 465 13676 13677
13432 465 13676 13678
13433 465 13679 13680
13434 465 13679 13681
13435 465 13682 13683
13436 465 13682 13684
13437 465 13685 13686
13438 465 13685 13687
13439 465 13688 13689
13440 465 13688 13690
13441 465 13691 13692
13442 465 13691 13693
13443 465 13694 13695
13444 465 13694 13696
13445 465 13697 13698
13446 465 13697 13699
13447 465 13700 13701
13448 465 13700 13702
13449 465 13703 13704
13450 465 13703 13705
13451 465 13706 13707
13452 465 13706 13708
13453 465 13709 13710
13454 465 13709 13711
13455 465 13712 13713
13456 465 13712 13714
13457 465 13715 13716
13458 465 13715 13717
13459 465 13718 13719
13460 465 13718 13720
13461 465 13721 13722
13462 465 13721 13723
13463 465 13724 13725
13464 465 13724 13726
13465 465 13727 13728
13466 465 13727 13729
13467 465 13730 13731
13468 465 13730 13732
13469 465 13733 13734
13470 465 13733 13735
13471 465 13736 13737
13472 465 13736 13738
13473 465 13739 13740
13474 465 13739 13741
13475 465 13742 13743
13476 465 13742 13744
13477 465 13745 13746
13478 465 13745 13747
13479 465 13748 13749
13480 465 13748 13750
13481 465 13751 13752
13482 465 13751 13753
13483 465 13754 13755
13484 465 13754 13756
13485 465 13757 13758
13486 465 13757 13759
13487 465 13760 13761
13488 465 13760 13762
13489 465 13763 13764
13490 465 13763 13765
13491 465 13766 13767
13492 465 13766 13768
13493 465 13769 13770
13494 465 13769 13771
13495 465 13772 13773
13496 465 13772 13774
13497 465 13775 13776
13498 465 13775 13777
13499 465 13778 13779
13500 465 13778 13780
13501 465 13781 13782
13502 465 13781 13783
13503 465 13784 13785
13504 465 13784 13786
13505 465 13787 13788
13506 465 13787 13789
13507 465 13790 13791
13508 465 13790 13792
13509 465 13793 13794
13510 465 13793 13795
13511 465 13796 13797
13512 465 13796 13798
13513 465 13799 13800
13514 465 13799 13801
13515 465 13802 13803
13516 465 13802 13804
13517 465 13805 13806
13518 465 13805 13807
13519 465 13808 13809
13520 465 13808 13810
13521 465 13811 13812
13522 465 13811 13813
13523 465 13814 13815
13524 465 13814 13816
13525 465 13817 13818
13526 465 13817 13819
13527 465 13820 13821
13528 465 13820 13822
13529 465 13823 13824
13530 465 13823 13825
13531 465 13826 13827
13532 465 13826 13828
13533 465 13829 13830
13534 465 13829 13831
13535 465 13832 13833
13536 465 13832 13834
13537 465 13835 13836
13538 465 13835 13837
13539 465 13838 13839
13540 465 13838 13840
13541 465 13841 13842
13542 465 13841 13843
13543 465 13844 13845
13544 465 13844 13846
13545 465 13847 13848
13546 465 13847 13849
13547 465 13850 13851
13548 465 13850 13852
13549 465 13853 13854
13550 465 13853 13855
13551 465 13856 13857
13552 465 13856 13858
13553 465 13859 13860
13554 465 13859 13861
13555 465 13862 13863
13556 465 13862 13864
13557 465 13865 13866
13558 465 13865 13867
13559 465 13868 13869
13560 465 13868 13870
13561 465 13871 13872
13562 465 13871 13873
13563 465 13874 13875
13564 465 13874 13876
13565 465 13877 13878
13566 465 13877 13879
13567 465 13880 13881
13568 465 13880 13882
13569 465 13883 13884
13570 465 13883 13885
13571 465 13886 13887
13572 465 13886 13888
13573 465 13889 13890
13574 465 13889 13891
13575 465 13892 13893
13576 465 13892 13894
13577 465 13895 13896
13578 465 13895 13897
13579 465 13898 13899
13580 465 13898 13900
13581 465 13901 13902
13582 465 13901 13903
13583 465 13904 13905
13584 465 13904 13906
13585 465 13907 13908
13586 465 13907 13909
13587 465 13910 13911
13588 465 13910 13912
13589 465 13913 13914
13590 465 13913 13915
13591 465 13916 13917
13592 465 13916 13918
13593 465 13919 13920
13594 465 13919 13921
13595 465 13922 13923
13596 465 13922 13924
13597 465 13925 13926
13598 465 13925 13927
13599 465 13928 13929
13600 465 13928 13930
13601 465 13931 13932
13602 465 13931 13933
13603 465 13934 13935
13604 465 13934 13936
13605 465 13937 13938
13606 465 13937 13939
13607 465 13940 13941
13608 465 13940 13942
13609 465 13943 13944
13610 465 13943 13945
13611 465 13946 13947
13612 465 13946 13948
13613 465 13949 13950
13614 465 13949 13951
13615 465 13952 13953
13616 465 13952 13954
13617 465 13955 13956
13618 465 13955 13957
13619 465 13958 13959
13620 465 13958 13960
13621 465 13961 13962
13622 465 13961 13963
13623 465 13964 13965
13624 465 13964 13966
13625 465 13967 13968
13626 465 13967 13969
13627 465 13970 13971
13628 465 13970 13972
13629 465 13973 13974
13630 465 13973 13975
13631 465 13976 13977
13632 465 13976 13978
13633 465 13979 13980
13634 465 13979 13981
13635 465 13982 13983
13636 465 13982 13984
13637 465 13985 13986
13638 465 13985 13987
13639 465 13988 13989
13640 465 13988 13990
13641 465 13991 13992
13642 465 13991 13993
13643 465 13994 13995
13644 465 13994 13996
13645 465 13997 13998
13646 465 13997 13999
13647 465 14000 14001
13648 465 14000 14002
13649 465 14003 14004
13650 465 14003 14005
13651 465 14006 14007
13652 465 14006 14008
13653 465 14009 14010
13654 465 14009 14011
13655 465 14012 14013
13656 465 14012 14014
13657 465 14015 14016
13658 465 14015 14017
13659 465 14018 14019
13660 465 14018 14020
13661 465 14021 14022
13662 465 14021 14023
13663 465 14024 14025
13664 465 14024 14026
13665 465 14027 14028
13666 465 14027 14029
13667 465 14030 14031
13668 465 14030 14032
13669 465 14033 14034
13670 465 14033 14035
13671 465 14036 14037
13672 465 14036 14038
13673 465 14039 14040
13674 465 14039 14041
13675 465 14042 14043
13676 465 14042 14044
13677 465 14045 14046
13678 465 14045 14047
13679 465 14048 14049
13680 465 14048 14050
13681 465 14051 14052
13682 465 14051 14053
13683 465 14054 14055
13684 465 14054 14056
13685 465 14057 14058
13686 465 14057 14059
13687 465 14060 14061
13688 465 14060 14062
13689 465 14063 14064
13690 465 14063 14065
13691 465 14066 14067
13692 465 14066 14068
13693 465 14069 14070
13694 465 14069 14071
13695 465 14072 14073
13696 465 14072 14074
13697 465 14075 14076
13698 465 14075 14077
13699 465 14078 14079
13700 465 14078 14080
13701 465 14081 14082
13702 465 14081 14083
13703 465 14084 14085
13704 465 14084 14086
13705 465 14087 14088
13706 465 14087 14089
13707 465 14090 14091
13708 465 14090 14092
13709 465 14093 14094
13710 465 14093 14095
13711 465 14096 14097
13712 465 14096 14098
13713 465 14099 14100
13714 465 14099 14101
13715 465 14102 14103
13716 465 14102 14104
13717 465 14105 14106
13718 465 14105 14107
13719 465 14108 14109
13720 465 14108 14110
13721 465 14111 14112
13722 465 14111 14113
13723 465 14114 14115
13724 465 14114 14116
13725 465 14117 14118
13726 465 14117 14119
13727 465 14120 14121
13728 465 14120 14122
13729 465 14123 14124
13730 465 14123 14125
13731 465 14126 14127
13732 465 14126 14128
13733 465 14129 14130
13734 465 14129 14131
13735 465 14132 14133
13736 465 14132 14134
13737 465 14135 14136
13738 465 14135 14137
13739 465 14138 14139
13740 465 14138 14140
13741 465 14141 14142
13742 465 14141 14143
13743 465 14144 14145
13744 465 14144 14146
13745 465 14147 14148
13746 465 14147 14149
13747 465 14150 14151
13748 465 14150 14152
13749 465 14153 14154
13750 465 14153 14155
13751 465 14156 14157
13752 465 14156 14158
13753 465 14159 14160
13754 465 14159 14161
13755 465 14162 14163
13756 465 14162 14164
13757 465 14165 14166
13758 465 14165 14167
13759 465 14168 14169
13760 465 14168 14170
13761 465 14171 14172
13762 465 14171 14173
13763 465 14174 14175
13764 465 14174 14176
13765 465 14177 14178
13766 465 14177 14179
13767 465 14180 14181
13768 465 14180 14182
13769 465 14183 14184
13770 465 14183 14185
13771 465 14186 14187
13772 465 14186 14188
13773 465 14189 14190
13774 465 14189 14191
13775 465 14192 14193
13776 465 14192 14194
13777 465 14195 14196
13778 465 14195 14197
13779 465 14198 14199
13780 465 14198 14200
13781 465 14201 14202
13782 465 14201 14203
13783 465 14204 14205
13784 465 14204 14206
13785 465 14207 14208
13786 465 14207 14209
13787 465 14210 14211
13788 465 14210 14212
13789 465 14213 14214
13790 465 14213 14215
13791 465 14216 14217
13792 465 14216 14218
13793 465 14219 14220
13794 465 14219 14221
13795 465 14222 14223
13796 465 14222 14224
13797 465 14225 14226
13798 465 14225 14227
13799 465 14228 14229
13800 465 14228 14230
13801 465 14231 14232
13802 465 14231 14233
13803 465 14234 14235
13804 465 14234 14236
13805 465 14237 14238
13806 465 14237 14239
13807 465 14240 14241
13808 465 14240 14242
13809 465 14243 14244
13810 465 14243 14245
13811 465 14246 14247
13812 465 14246 14248
13813 465 14249 14250
13814 465 14249 14251
13815 465 14252 14253
13816 465 14252 14254
13817 465 14255 14256
13818 465 14255 14257
13819 465 14258 14259
13820 465 14258 14260
13821 465 14261 14262
13822 465 14261 14263
13823 465 14264 14265
13824 465 14264 14266
13825 465 14267 14268
13826 465 14267 14269
13827 465 14270 14271
13828 465 14270 14272
13829 465 14273 14274
13830 465 14273 14275
13831 465 14276 14277
13832 465 14276 14278
13833 465 14279 14280
13834 465 14279 14281
13835 465 14282 14283
13836 465 14282 14284
13837 465 14285 14286
13838 465 14285 14287
13839 465 14288 14289
13840 465 14288 14290
13841 465 14291 14292
13842 465 14291 14293
13843 465 14294 14295
13844 465 14294 14296
13845 465 14297 14298
13846 465 14297 14299
13847 465 14300 14301
13848 465 14300 14302
13849 465 14303 14304
13850 465 14303 14305
13851 465 14306 14307
13852 465 14306 14308
13853 465 14309 14310
13854 465 14309 14311
13855 465 14312 14313
13856 465 14312 14314
13857 465 14315 14316
13858 465 14315 14317
13859 465 14318 14319
13860 465 14318 14320
13861 465 14321 14322
13862 465 14321 14323
13863 465 14324 14325
13864 465 14324 14326
13865 465 14327 14328
13866 465 14327 14329
13867 465 14330 14331
13868 465 14330 14332
13869 465 14333 14334
13870 465 14333 14335
13871 465 14336 14337
13872 465 14336 14338
13873 465 14339 14340
13874 465 14339 14341
13875 465 14342 14343
13876 465 14342 14344
13877 465 14345 14346
13878 465 14345 14347
13879 465 14348 14349
13880 465 14348 14350
13881 465 14351 14352
13882 465 14351 14353
13883 465 14354 14355
13884 465 14354 14356
13885 465 14357 14358
13886 465 14357 14359
13887 465 14360 14361
13888 465 14360 14362
13889 465 14363 14364
13890 465 14363 14365
13891 465 14366 14367
13892 465 14366 14368
13893 465 14369 14370
13894 465 14369 14371
13895 465 14372 14373
13896 465 14372 14374
13897 465 14375 14376
13898 465 14375 14377
13899 465 14378 14379
13900 465 14378 14380
13901 465 14381 14382
13902 465 14381 14383
13903 465 14384 14385
13904 465 14384 14386
13905 465 14387 14388
13906 465 14387 14389
13907 465 14390 14391
13908 465 14390 14392
13909 465 14393 14394
13910 465 14393 14395
13911 465 14396 14397
13912 465 14396 14398
13913 465 14399 14400
13914 465 14399 14401
13915 465 14402 14403
13916 465 14402 14404
13917 465 14405 14406
13918 465 14405 14407
13919 465 14408 14409
13920 465 14408 14410
13921 465 14411 14412
13922 465 14411 14413
13923 465 14414 14415
13924 465 14414 14416
13925 465 14417 14418
13926 465 14417 14419
13927 465 14420 14421
13928 465 14420 14422
13929 465 14423 14424
13930 465 14423 14425
13931 465 14426 14427
13932 465 14426 14428
13933 465 14429 14430
13934 465 14429 14431
13935 465 14432 14433
13936 465 14432 14434
13937 465 14435 14436
13938 465 14435 14437
13939 465 14438 14439
13940 465 14438 14440
13941 465 14441 14442
13942 465 14441 14443
13943 465 14444 14445
13944 465 14444 14446
13945 465 14447 14448
13946 465 14447 14449
13947 465 14450 14451
13948 465 14450 14452
13949 465 14453 14454
13950 465 14453 14455
13951 465 14456 14457
13952 465 14456 14458
13953 465 14459 14460
13954 465 14459 14461
13955 465 14462 14463
13956 465 14462 14464
13957 465 14465 14466
13958 465 14465 14467
13959 465 14468 14469
13960 465 14468 14470
13961 465 14471 14472
13962 465 14471 14473
13963 465 14474 14475
13964 465 14474 14476
13965 465 14477 14478
13966 465 14477 14479
13967 465 14480 14481
13968 465 14480 14482
13969 465 14483 14484
13970 465 14483 14485
13971 465 14486 14487
13972 465 14486 14488
13973 465 14489 14490
13974 465 14489 14491
13975 465 14492 14493
13976 465 14492 14494
13977 465 14495 14496
13978 465 14495 14497
13979 465 14498 14499
13980 465 14498 14500
13981 465 14501 14502
13982 465 14501 14503
13983 465 14504 14505
13984 465 14504 14506
13985 465 14507 14508
13986 465 14507 14509
13987 465 14510 14511
13988 465 14510 14512
13989 465 14513 14514
13990 465 14513 14515
13991 465 14516 14517
13992 465 14516 14518
13993 465 14519 14520
13994 465 14519 14521
13995 465 14522 14523
13996 465 14522 14524
13997 465 14525 14526
13998 465 14525 14527
13999 465 14528 14529
14000 465 14528 14530
14001 465 14531 14532
14002 465 14531 14533
14003 465 14534 14535
14004 465 14534 14536
14005 465 14537 14538
14006 465 14537 14539
14007 465 14540 14541
14008 465 14540 14542
14009 465 14543 14544
14010 465 14543 14545
14011 465 14546 14547
14012 465 14546 14548
14013 465 14549 14550
14014 465 14549 14551
14015 465 14552 14553
14016 465 14552 14554
14017 465 14555 14556
14018 465 14555 14557
14019 465 14558 14559
14020 465 14558 14560
14021 465 14561 14562
14022 465 14561 14563
14023 465 14564 14565
14024 465 14564 14566
14025 465 14567 14568
14026 465 14567 14569
14027 465 14570 14571
14028 465 14570 14572
14029 465 14573 14574
14030 465 14573 14575
14031 465 14576 14577
14032 465 14576 14578
14033 465 14579 14580
14034 465 14579 14581
14035 465 14582 14583
14036 465 14582 14584
14037 465 14585 14586
14038 465 14585 14587
14039 465 14588 14589
14040 465 14588 14590
14041 465 14591 14592
14042 465 14591 14593
14043 465 14594 14595
14044 465 14594 14596
14045 465 14597 14598
14046 465 14597 14599
14047 465 14600 14601
14048 465 14600 14602
14049 465 14603 14604
14050 465 14603 14605
14051 465 14606 14607
14052 465 14606 14608
14053 465 14609 14610
14054 465 14609 14611
14055 465 14612 14613
14056 465 14612 14614
14057 465 14615 14616
14058 465 14615 14617
14059 465 14618 14619
14060 465 14618 14620
14061 465 14621 14622
14062 465 14621 14623
14063 465 14624 14625
14064 465 14624 14626
14065 465 14627 14628
14066 465 14627 14629
14067 465 14630 14631
14068 465 14630 14632
14069 465 14633 14634
14070 465 14633 14635
14071 465 14636 14637
14072 465 14636 14638
14073 465 14639 14640
14074 465 14639 14641
14075 465 14642 14643
14076 465 14642 14644
14077 465 14645 14646
14078 465 14645 14647
14079 465 14648 14649
14080 465 14648 14650
14081 465 14651 14652
14082 465 14651 14653
14083 465 14654 14655
14084 465 14654 14656
14085 465 14657 14658
14086 465 14657 14659
14087 465 14660 14661
14088 465 14660 14662
14089 465 14663 14664
14090 465 14663 14665
14091 465 14666 14667
14092 465 14666 14668
14093 465 14669 14670
14094 465 14669 14671
14095 465 14672 14673
14096 465 14672 14674
14097 465 14675 14676
14098 465 14675 14677
14099 465 14678 14679
14100 465 14678 14680
14101 465 14681 14682
14102 465 14681 14683
14103 465 14684 14685
14104 465 14684 14686
14105 465 14687 14688
14106 465 14687 14689
14107 465 14690 14691
14108 465 14690 14692
14109 465 14693 14694
14110 465 14693 14695
14111 465 14696 14697
14112 465 14696 14698
14113 465 14699 14700
14114 465 14699 14701
14115 465 14702 14703
14116 465 14702 14704
14117 465 14705 14706
14118 465 14705 14707
14119 465 14708 14709
14120 465 14708 14710
14121 465 14711 14712
14122 465 14711 14713
14123 465 14714 14715
14124 465 14714 14716
14125 465 14717 14718
14126 465 14717 14719
14127 465 14720 14721
14128 465 14720 14722
14129 465 14723 14724
14130 465 14723 14725
14131 465 14726 14727
14132 465 14726 14728
14133 465 14729 14730
14134 465 14729 14731
14135 465 14732 14733
14136 465 14732 14734
14137 465 14735 14736
14138 465 14735 14737
14139 465 14738 14739
14140 465 14738 14740
14141 465 14741 14742
14142 465 14741 14743
14143 465 14744 14745
14144 465 14744 14746
14145 465 14747 14748
14146 465 14747 14749
14147 465 14750 14751
14148 465 14750 14752
14149 465 14753 14754
14150 465 14753 14755
14151 465 14756 14757
14152 465 14756 14758
14153 465 14759 14760
14154 465 14759 14761
14155 465 14762 14763
14156 465 14762 14764
14157 465 14765 14766
14158 465 14765 14767
14159 465 14768 14769
14160 465 14768 14770
14161 465 14771 14772
14162 465 14771 14773
14163 465 14774 14775
14164 465 14774 14776
14165 465 14777 14778
14166 465 14777 14779
14167 465 14780 14781
14168 465 14780 14782
14169 465 14783 14784
14170 465 14783 14785
14171 465 14786 14787
14172 465 14786 14788
14173 465 14789 14790
14174 465 14789 14791
14175 465 14792 14793
14176 465 14792 14794
14177 465 14795 14796
14178 465 14795 14797
14179 465 14798 14799
14180 465 14798 14800
14181 465 14801 14802
14182 465 14801 14803
14183 465 14804 14805
14184 465 14804 14806
14185 465 14807 14808
14186 465 14807 14809
14187 465 14810 14811
14188 465 14810 14812
14189 465 14813 14814
14190 465 14813 14815
14191 465 14816 14817
14192 465 14816 14818
14193 465 14819 14820
14194 465 14819 14821
14195 465 14822 14823
14196 465 14822 14824
14197 465 14825 14826
14198 465 14825 14827
14199 465 14828 14829
14200 465 14828 14830
14201 465 14831 14832
14202 465 14831 14833
14203 465 14834 14835
14204 465 14834 14836
14205 465 14837 14838
14206 465 14837 14839
14207 465 14840 14841
14208 465 14840 14842
14209 465 14843 14844
14210 465 14843 14845
14211 465 14846 14847
14212 465 14846 14848
14213 465 14849 14850
14214 465 14849 14851
14215 465 14852 14853
14216 465 14852 14854
14217 465 14855 14856
14218 465 14855 14857
14219 465 14858 14859
14220 465 14858 14860
14221 465 14861 14862
14222 465 14861 14863
14223 465 14864 14865
14224 465 14864 14866
14225 465 14867 14868
14226 465 14867 14869
14227 465 14870 14871
14228 465 14870 14872
14229 465 14873 14874
14230 465 14873 14875
14231 465 14876 14877
14232 465 14876 14878
14233 465 14879 14880
14234 465 14879 14881
14235 465 14882 14883
14236 465 14882 14884
14237 465 14885 14886
14238 465 14885 14887
14239 465 14888 14889
14240 465 14888 14890
14241 465 14891 14892
14242 465 14891 14893
14243 465 14894 14895
14244 465 14894 14896
14245 465 14897 14898
14246 465 14897 14899
14247 465 14900 14901
14248 465 14900 14902
14249 465 14903 14904
14250 465 14903 14905
14251 465 14906 14907
14252 465 14906 14908
14253 465 14909 14910
14254 465 14909 14911
14255 465 14912 14913
14256 465 14912 14914
14257 465 14915 14916
14258 465 14915 14917
14259 465 14918 14919
14260 465 14918 14920
14261 465 14921 14922
14262 465 14921 14923
14263 465 14924 14925
14264 465 14924 14926
14265 465 14927 14928
14266 465 14927 14929
14267 465 14930 14931
14268 465 14930 14932
14269 465 14933 14934
14270 465 14933 14935
14271 465 14936 14937
14272 465 14936 14938
14273 465 14939 14940
14274 465 14939 14941
14275 465 14942 14943
14276 465 14942 14944
14277 465 14945 14946
14278 465 14945 14947
14279 465 14948 14949
14280 465 14948 14950
14281 465 14951 14952
14282 465 14951 14953
14283 465 14954 14955
14284 465 14954 14956
14285 465 14957 14958
14286 465 14957 14959
14287 465 14960 14961
14288 465 14960 14962
14289 465 14963 14964
14290 465 14963 14965
14291 465 14966 14967
14292 465 14966 14968
14293 465 14969 14970
14294 465 14969 14971
14295 465 14972 14973
14296 465 14972 14974
14297 465 14975 14976
14298 465 14975 14977
14299 465 14978 14979
14300 465 14978 14980
14301 465 14981 14982
14302 465 14981 14983
14303 465 14984 14985
14304 465 14984 14986
14305 465 14987 14988
14306 465 14987 14989
14307 465 14990 14991
14308 465 14990 14992
14309 465 14993 14994
14310 465 14993 14995
14311 465 14996 14997
14312 465 14996 14998
14313 465 14999 15000
14314 465 14999 15001
14315 465 15002 15003
14316 465 15002 15004
14317 465 15005 15006
14318 465 15005 15007
14319 465 15008 15009
14320 465 15008 15010
14321 465 15011 15012
14322 465 15011 15013
14323 465 15014 15015
14324 465 15014 15016
14325 465 15017 15018
14326 465 15017 15019
14327 465 15020 15021
14328 465 15020 15022
14329 465 15023 15024
14330 465 15023 15025
14331 465 15026 15027
14332 465 15026 15028
14333 465 15029 15030
14334 465 15029 15031
14335 465 15032 15033
14336 465 15032 15034
14337 465 15035 15036
14338 465 15035 15037
14339 465 15038 15039
14340 465 15038 15040
14341 465 15041 15042
14342 465 15041 15043
14343 465 15044 15045
14344 465 15044 15046
14345 465 15047 15048
14346 465 15047 15049
14347 465 15050 15051
14348 465 15050 15052
14349 465 15053 15054
14350 465 15053 15055
14351 465 15056 15057
14352 465 15056 15058
14353 465 15059 15060
14354 465 15059 15061
14355 465 15062 15063
14356 465 15062 15064
14357 465 15065 15066
14358 465 15065 15067
14359 465 15068 15069
14360 465 15068 15070
14361 465 15071 15072
14362 465 15071 15073
14363 465 15074 15075
14364 465 15074 15076
14365 465 15077 15078
14366 465 15077 15079
14367 465 15080 15081
14368 465 15080 15082
14369 465 15083 15084
14370 465 15083 15085
14371 465 15086 15087
14372 465 15086 15088
14373 465 15089 15090
14374 465 15089 15091
14375 465 15092 15093
14376 465 15092 15094
14377 465 15095 15096
14378 465 15095 15097
14379 465 15098 15099
14380 465 15098 15100
14381 465 15101 15102
14382 465 15101 15103
14383 465 15104 15105
14384 465 15104 15106
14385 465 15107 15108
14386 465 15107 15109
14387 465 15110 15111
14388 465 15110 15112
14389 465 15113 15114
14390 465 15113 15115
14391 465 15116 15117
14392 465 15116 15118
14393 465 15119 15120
14394 465 15119 15121
14395 465 15122 15123
14396 465 15122 15124
14397 465 15125 15126
14398 465 15125 15127
14399 465 15128 15129
14400 465 15128 15130
14401 465 15131 15132
14402 465 15131 15133
14403 465 15134 15135
14404 465 15134 15136
14405 465 15137 15138
14406 465 15137 15139
14407 465 15140 15141
14408 465 15140 15142
14409 465 15143 15144
14410 465 15143 15145
14411 465 15146 15147
14412 465 15146 15148
14413 465 15149 15150
14414 465 15149 15151
14415 465 15152 15153
14416 465 15152 15154
14417 465 15155 15156
14418 465 15155 15157
14419 465 15158 15159
14420 465 15158 15160
14421 465 15161 15162
14422 465 15161 15163
14423 465 15164 15165
14424 465 15164 15166
14425 465 15167 15168
14426 465 15167 15169
14427 465 15170 15171
14428 465 15170 15172
14429 465 15173 15174
14430 465 15173 15175
14431 465 15176 15177
14432 465 15176 15178
14433 465 15179 15180
14434 465 15179 15181
14435 465 15182 15183
14436 465 15182 15184
14437 465 15185 15186
14438 465 15185 15187
14439 465 15188 15189
14440 465 15188 15190
14441 465 15191 15192
14442 465 15191 15193
14443 465 15194 15195
14444 465 15194 15196
14445 465 15197 15198
14446 465 15197 15199
14447 465 15200 15201
14448 465 15200 15202
14449 465 15203 15204
14450 465 15203 15205
14451 465 15206 15207
14452 465 15206 15208
14453 465 15209 15210
14454 465 15209 15211
14455 465 15212 15213
14456 465 15212 15214
14457 465 15215 15216
14458 465 15215 15217
14459 465 15218 15219
14460 465 15218 15220
14461 465 15221 15222
14462 465 15221 15223
14463 465 15224 15225
14464 465 15224 15226
14465 465 15227 15228
14466 465 15227 15229
14467 465 15230 15231
14468 465 15230 15232
14469 465 15233 15234
14470 465 15233 15235
14471 465 15236 15237
14472 465 15236 15238
14473 465 15239 15240
14474 465 15239 15241
14475 465 15242 15243
14476 465 15242 15244
14477 465 15245 15246
14478 465 15245 15247
14479 465 15248 15249
14480 465 15248 15250
14481 465 15251 15252
14482 465 15251 15253
14483 465 15254 15255
14484 465 15254 15256
14485 465 15257 15258
14486 465 15257 15259
14487 465 15260 15261
14488 465 15260 15262
14489 465 15263 15264
14490 465 15263 15265
14491 465 15266 15267
14492 465 15266 15268
14493 465 15269 15270
14494 465 15269 15271
14495 465 15272 15273
14496 465 15272 15274
14497 465 15275 15276
14498 465 15275 15277
14499 465 15278 15279
14500 465 15278 15280
14501 465 15281 15282
14502 465 15281 15283
14503 465 15284 15285
14504 465 15284 15286
14505 465 15287 15288
14506 465 15287 15289
14507 465 15290 15291
14508 465 15290 15292
14509 465 15293 15294
14510 465 15293 15295
14511 465 15296 15297
14512 465 15296 15298
14513 465 15299 15300
14514 465 15299 15301
14515 465 15302 15303
14516 465 15302 15304
14517 465 15305 15306
14518 465 15305 15307
14519 465 15308 15309
14520 465 15308 15310
14521 465 15311 15312
14522 465 15311 15313
14523 465 15314 15315
14524 465 15314 15316
14525 465 15317 15318
14526 465 15317 15319
14527 465 15320 15321
14528 465 15320 15322
14529 465 15323 15324
14530 465 15323 15325
14531 465 15326 15327
14532 465 15326 15328
14533 465 15329 15330
14534 465 15329 15331
14535 465 15332 15333
14536 465 15332 15334
14537 465 15335 15336
14538 465 15335 15337
14539 465 15338 15339
14540 465 15338 15340
14541 465 15341 15342
14542 465 15341 15343
14543 465 15344 15345
14544 465 15344 15346
14545 465 15347 15348
14546 465 15347 15349
14547 465 15350 15351
14548 465 15350 15352
14549 465 15353 15354
14550 465 15353 15355
14551 465 15356 15357
14552 465 15356 15358
14553 465 15359 15360
14554 465 15359 15361
14555 465 15362 15363
14556 465 15362 15364
14557 465 15365 15366
14558 465 15365 15367
14559 465 15368 15369
14560 465 15368 15370
14561 465 15371 15372
14562 465 15371 15373
14563 465 15374 15375
14564 465 15374 15376
14565 465 15377 15378
14566 465 15377 15379
14567 465 15380 15381
14568 465 15380 15382
14569 465 15383 15384
14570 465 15383 15385
14571 465 15386 15387
14572 465 15386 15388
14573 465 15389 15390
14574 465 15389 15391
14575 465 15392 15393
14576 465 15392 15394
14577 465 15395 15396
14578 465 15395 15397
14579 465 15398 15399
14580 465 15398 15400
14581 465 15401 15402
14582 465 15401 15403
14583 465 15404 15405
14584 465 15404 15406
14585 465 15407 15408
14586 465 15407 15409
14587 465 15410 15411
14588 465 15410 15412
14589 465 15413 15414
14590 465 15413 15415
14591 465 15416 15417
14592 465 15416 15418
14593 465 15419 15420
14594 465 15419 15421
14595 465 15422 15423
14596 465 15422 15424
14597 465 15425 15426
14598 465 15425 15427
14599 465 15428 15429
14600 465 15428 15430
14601 465 15431 15432
14602 465 15431 15433
14603 465 15434 15435
14604 465 15434 15436
14605 465 15437 15438
14606 465 15437 15439
14607 465 15440 15441
14608 465 15440 15442
14609 465 15443 15444
14610 465 15443 15445
14611 465 15446 15447
14612 465 15446 15448
14613 465 15449 15450
14614 465 15449 15451
14615 465 15452 15453
14616 465 15452 15454
14617 465 15455 15456
14618 465 15455 15457
14619 465 15458 15459
14620 465 15458 15460
14621 465 15461 15462
14622 465 15461 15463
14623 465 15464 15465
14624 465 15464 15466
14625 465 15467 15468
14626 465 15467 15469
14627 465 15470 15471
14628 465 15470 15472
14629 465 15473 15474
14630 465 15473 15475
14631 465 15476 15477
14632 465 15476 15478
14633 465 15479 15480
14634 465 15479 15481
14635 465 15482 15483
14636 465 15482 15484
14637 465 15485 15486
14638 465 15485 15487
14639 465 15488 15489
14640 465 15488 15490
14641 465 15491 15492
14642 465 15491 15493
14643 465 15494 15495
14644 465 15494 15496
14645 465 15497 15498
14646 465 15497 15499
14647 465 15500 15501
14648 465 15500 15502
14649 465 15503 15504
14650 465 15503 15505
14651 465 15506 15507
14652 465 15506 15508
14653 465 15509 15510
14654 465 15509 15511
14655 465 15512 15513
14656 465 15512 15514
14657 465 15515 15516
14658 465 15515 15517
14659 465 15518 15519
14660 465 15518 15520
14661 465 15521 15522
14662 465 15521 15523
14663 465 15524 15525
14664 465 15524 15526
14665 465 15527 15528
14666 465 15527 15529
14667 465 15530 15531
14668 465 15530 15532
14669 465 15533 15534
14670 465 15533 15535
14671 465 15536 15537
14672 465 15536 15538
14673 465 15539 15540
14674 465 15539 15541
14675 465 15542 15543
14676 465 15542 15544
14677 465 15545 15546
14678 465 15545 15547
14679 465 15548 15549
14680 465 15548 15550
14681 465 15551 15552
14682 465 15551 15553
14683 465 15554 15555
14684 465 15554 15556
14685 465 15557 15558
14686 465 15557 15559
14687 465 15560 15561
14688 465 15560 15562
14689 465 15563 15564
14690 465 15563 15565
14691 465 15566 15567
14692 465 15566 15568
14693 465 15569 15570
14694 465 15569 15571
14695 465 15572 15573
14696 465 15572 15574
14697 465 15575 15576
14698 465 15575 15577
14699 465 15578 15579
14700 465 15578 15580
14701 465 15581 15582
14702 465 15581 15583
14703 465 15584 15585
14704 465 15584 15586
14705 465 15587 15588
14706 465 15587 15589
14707 465 15590 15591
14708 465 15590 15592
14709 465 15593 15594
14710 465 15593 15595
14711 465 15596 15597
14712 465 15596 15598
14713 465 15599 15600
14714 465 15599 15601
14715 465 15602 15603
14716 465 15602 15604
14717 465 15605 15606
14718 465 15605 15607
14719 465 15608 15609
14720 465 15608 15610
14721 465 15611 15612
14722 465 15611 15613
14723 465 15614 15615
14724 465 15614 15616
14725 465 15617 15618
14726 465 15617 15619
14727 465 15620 15621
14728 465 15620 15622
14729 465 15623 15624
14730 465 15623 15625
14731 465 15626 15627
14732 465 15626 15628
14733 465 15629 15630
14734 465 15629 15631
14735 465 15632 15633
14736 465 15632 15634
14737 465 15635 15636
14738 465 15635 15637
14739 465 15638 15639
14740 465 15638 15640
14741 465 15641 15642
14742 465 15641 15643
14743 465 15644 15645
14744 465 15644 15646
14745 465 15647 15648
14746 465 15647 15649
14747 465 15650 15651
14748 465 15650 15652
14749 465 15653 15654
14750 465 15653 15655
14751 465 15656 15657
14752 465 15656 15658
14753 465 15659 15660
14754 465 15659 15661
14755 465 15662 15663
14756 465 15662 15664
14757 465 15665 15666
14758 465 15665 15667
14759 465 15668 15669
14760 465 15668 15670
14761 465 15671 15672
14762 465 15671 15673
14763 465 15674 15675
14764 465 15674 15676
14765 465 15677 15678
14766 465 15677 15679
14767 465 15680 15681
14768 465 15680 15682
14769 465 15683 15684
14770 465 15683 15685
14771 465 15686 15687
14772 465 15686 15688
14773 465 15689 15690
14774 465 15689 15691
14775 465 15692 15693
14776 465 15692 15694
14777 465 15695 15696
14778 465 15695 15697
14779 465 15698 15699
14780 465 15698 15700
14781 465 15701 15702
14782 465 15701 15703
14783 465 15704 15705
14784 465 15704 15706
14785 465 15707 15708
14786 465 15707 15709
14787 465 15710 15711
14788 465 15710 15712
14789 465 15713 15714
14790 465 15713 15715
14791 465 15716 15717
14792 465 15716 15718
14793 465 15719 15720
14794 465 15719 15721
14795 465 15722 15723
14796 465 15722 15724
14797 465 15725 15726
14798 465 15725 15727
14799 465 15728 15729
14800 465 15728 15730
14801 465 15731 15732
14802 465 15731 15733
14803 465 15734 15735
14804 465 15734 15736
14805 465 15737 15738
14806 465 15737 15739
14807 465 15740 15741
14808 465 15740 15742
14809 465 15743 15744
14810 465 15743 15745
14811 465 15746 15747
14812 465 15746 15748
14813 465 15749 15750
14814 465 15749 15751
14815 465 15752 15753
14816 465 15752 15754
14817 465 15755 15756
14818 465 15755 15757
14819 465 15758 15759
14820 465 15758 15760
14821 465 15761 15762
14822 465 15761 15763
14823 465 15764 15765
14824 465 15764 15766
14825 465 15767 15768
14826 465 15767 15769
14827 465 15770 15771
14828 465 15770 15772
14829 465 15773 15774
14830 465 15773 15775
14831 465 15776 15777
14832 465 15776 15778
14833 465 15779 15780
14834 465 15779 15781
14835 465 15782 15783
14836 465 15782 15784
14837 465 15785 15786
14838 465 15785 15787
14839 465 15788 15789
14840 465 15788 15790
14841 465 15791 15792
14842 465 15791 15793
14843 465 15794 15795
14844 465 15794 15796
14845 465 15797 15798
14846 465 15797 15799
14847 465 15800 15801
14848 465 15800 15802
14849 465 15803 15804
14850 465 15803 15805
14851 465 15806 15807
14852 465 15806 15808
14853 465 15809 15810
14854 465 15809 15811
14855 465 15812 15813
14856 465 15812 15814
14857 465 15815 15816
14858 465 15815 15817
14859 465 15818 15819
14860 465 15818 15820
14861 465 15821 15822
14862 465 15821 15823
14863 465 15824 15825
14864 465 15824 15826
14865 465 15827 15828
14866 465 15827 15829
14867 465 15830 15831
14868 465 15830 15832
14869 465 15833 15834
14870 465 15833 15835
14871 465 15836 15837
14872 465 15836 15838
14873 465 15839 15840
14874 465 15839 15841
14875 465 15842 15843
14876 465 15842 15844
14877 465 15845 15846
14878 465 15845 15847
14879 465 15848 15849
14880 465 15848 15850
14881 465 15851 15852
14882 465 15851 15853
14883 465 15854 15855
14884 465 15854 15856
14885 465 15857 15858
14886 465 15857 15859
14887 465 15860 15861
14888 465 15860 15862
14889 465 15863 15864
14890 465 15863 15865
14891 465 15866 15867
14892 465 15866 15868
14893 465 15869 15870
14894 465 15869 15871
14895 465 15872 15873
14896 465 15872 15874
14897 465 15875 15876
14898 465 15875 15877
14899 465 15878 15879
14900 465 15878 15880
14901 465 15881 15882
14902 465 15881 15883
14903 465 15884 15885
14904 465 15884 15886
14905 465 15887 15888
14906 465 15887 15889
14907 465 15890 15891
14908 465 15890 15892
14909 465 15893 15894
14910 465 15893 15895
14911 465 15896 15897
14912 465 15896 15898
14913 465 15899 15900
14914 465 15899 15901
14915 465 15902 15903
14916 465 15902 15904
14917 465 15905 15906
14918 465 15905 15907
14919 465 15908 15909
14920 465 15908 15910
14921 465 15911 15912
14922 465 15911 15913
14923 465 15914 15915
14924 465 15914 15916
14925 465 15917 15918
14926 465 15917 15919
14927 465 15920 15921
14928 465 15920 15922
14929 465 15923 15924
14930 465 15923 15925
14931 465 15926 15927
14932 465 15926 15928
14933 465 15929 15930
14934 465 15929 15931
14935 465 15932 15933
14936 465 15932 15934
14937 465 15935 15936
14938 465 15935 15937
14939 465 15938 15939
14940 465 15938 15940
14941 465 15941 15942
14942 465 15941 15943
14943 465 15944 15945
14944 465 15944 15946
14945 465 15947 15948
14946 465 15947 15949
14947 465 15950 15951
14948 465 15950 15952
14949 465 15953 15954
14950 465 15953 15955
14951 465 15956 15957
14952 465 15956 15958
14953 465 15959 15960
14954 465 15959 15961
14955 465 15962 15963
14956 465 15962 15964
14957 465 15965 15966
14958 465 15965 15967
14959 465 15968 15969
14960 465 15968 15970
14961 465 15971 15972
14962 465 15971 15973
14963 465 15974 15975
14964 465 15974 15976
14965 465 15977 15978
14966 465 15977 15979
14967 465 15980 15981
14968 465 15980 15982
14969 465 15983 15984
14970 465 15983 15985
14971 465 15986 15987
14972 465 15986 15988
14973 465 15989 15990
14974 465 15989 15991
14975 465 15992 15993
14976 465 15992 15994
14977 465 15995 15996
14978 465 15995 15997
14979 465 15998 15999
14980 465 15998 16000
14981 465 16001 16002
14982 465 16001 16003
14983 465 16004 16005
14984 465 16004 16006
14985 465 16007 16008
14986 465 16007 16009
14987 465 16010 16011
14988 465 16010 16012
14989 465 16013 16014
14990 465 16013 16015
14991 465 16016 16017
14992 465 16016 16018
14993 465 16019 16020
14994 465 16019 16021
14995 465 16022 16023
14996 465 16022 16024
14997 465 16025 16026
14998 465 16025 16027
14999 465 16028 16029
15000 465 16028 16030
15001 465 16031 16032
15002 465 16031 16033
15003 465 16034 16035
15004 465 16034 16036
15005 465 16037 16038
15006 465 16037 16039
15007 465 16040 16041
15008 465 16040 16042
15009 465 16043 16044
15010 465 16043 16045
15011 465 16046 16047
15012 465 16046 16048
15013 465 16049 16050
15014 465 16049 16051
15015 465 16052 16053
15016 465 16052 16054
15017 465 16055 16056
15018 465 16055 16057
15019 465 16058 16059
15020 465 16058 16060
15021 465 16061 16062
15022 465 16061 16063
15023 465 16064 16065
15024 465 16064 16066
15025 465 16067 16068
15026 465 16067 16069
15027 465 16070 16071
15028 465 16070 16072
15029 465 16073 16074
15030 465 16073 16075
15031 465 16076 16077
15032 465 16076 16078
15033 465 16079 16080
15034 465 16079 16081
15035 465 16082 16083
15036 465 16082 16084
15037 465 16085 16086
15038 465 16085 16087
15039 465 16088 16089
15040 465 16088 16090
15041 465 16091 16092
15042 465 16091 16093
15043 465 16094 16095
15044 465 16094 16096
15045 465 16097 16098
15046 465 16097 16099
15047 465 16100 16101
15048 465 16100 16102
15049 465 16103 16104
15050 465 16103 16105
15051 465 16106 16107
15052 465 16106 16108
15053 465 16109 16110
15054 465 16109 16111
15055 465 16112 16113
15056 465 16112 16114
15057 465 16115 16116
15058 465 16115 16117
15059 465 16118 16119
15060 465 16118 16120
15061 465 16121 16122
15062 465 16121 16123
15063 465 16124 16125
15064 465 16124 16126
15065 465 16127 16128
15066 465 16127 16129
15067 465 16130 16131
15068 465 16130 16132
15069 465 16133 16134
15070 465 16133 16135
15071 465 16136 16137
15072 465 16136 16138
15073 465 16139 16140
15074 465 16139 16141
15075 465 16142 16143
15076 465 16142 16144
15077 465 16145 16146
15078 465 16145 16147
15079 465 16148 16149
15080 465 16148 16150
15081 465 16151 16152
15082 465 16151 16153
15083 465 16154 16155
15084 465 16154 16156
15085 465 16157 16158
15086 465 16157 16159
15087 465 16160 16161
15088 465 16160 16162
15089 465 16163 16164
15090 465 16163 16165
15091 465 16166 16167
15092 465 16166 16168
15093 465 16169 16170
15094 465 16169 16171
15095 465 16172 16173
15096 465 16172 16174
15097 465 16175 16176
15098 465 16175 16177
15099 465 16178 16179
15100 465 16178 16180
15101 465 16181 16182
15102 465 16181 16183
15103 465 16184 16185
15104 465 16184 16186
15105 465 16187 16188
15106 465 16187 16189
15107 465 16190 16191
15108 465 16190 16192
15109 465 16193 16194
15110 465 16193 16195
15111 465 16196 16197
15112 465 16196 16198
15113 465 16199 16200
15114 465 16199 16201
15115 465 16202 16203
15116 465 16202 16204
15117 465 16205 16206
15118 465 16205 16207
15119 465 16208 16209
15120 465 16208 16210
15121 465 16211 16212
15122 465 16211 16213
15123 465 16214 16215
15124 465 16214 16216
15125 465 16217 16218
15126 465 16217 16219
15127 465 16220 16221
15128 465 16220 16222
15129 465 16223 16224
15130 465 16223 16225
15131 465 16226 16227
15132 465 16226 16228
15133 465 16229 16230
15134 465 16229 16231
15135 465 16232 16233
15136 465 16232 16234
15137 465 16235 16236
15138 465 16235 16237
15139 465 16238 16239
15140 465 16238 16240
15141 465 16241 16242
15142 465 16241 16243
15143 465 16244 16245
15144 465 16244 16246
15145 465 16247 16248
15146 465 16247 16249
15147 465 16250 16251
15148 465 16250 16252
15149 465 16253 16254
15150 465 16253 16255
15151 465 16256 16257
15152 465 16256 16258
15153 465 16259 16260
15154 465 16259 16261
15155 465 16262 16263
15156 465 16262 16264
15157 465 16265 16266
15158 465 16265 16267
15159 465 16268 16269
15160 465 16268 16270
15161 465 16271 16272
15162 465 16271 16273
15163 465 16274 16275
15164 465 16274 16276
15165 465 16277 16278
15166 465 16277 16279
15167 465 16280 16281
15168 465 16280 16282
15169 465 16283 16284
15170 465 16283 16285
15171 465 16286 16287
15172 465 16286 16288
15173 465 16289 16290
15174 465 16289 16291
15175 465 16292 16293
15176 465 16292 16294
15177 465 16295 16296
15178 465 16295 16297
15179 465 16298 16299
15180 465 16298 16300
15181 465 16301 16302
15182 465 16301 16303
15183 465 16304 16305
15184 465 16304 16306
15185 465 16307 16308
15186 465 16307 16309
15187 465 16310 16311
15188 465 16310 16312
15189 465 16313 16314
15190 465 16313 16315
15191 465 16316 16317
15192 465 16316 16318
15193 465 16319 16320
15194 465 16319 16321
15195 465 16322 16323
15196 465 16322 16324
15197 465 16325 16326
15198 465 16325 16327
15199 465 16328 16329
15200 465 16328 16330
15201 465 16331 16332
15202 465 16331 16333
15203 465 16334 16335
15204 465 16334 16336
15205 465 16337 16338
15206 465 16337 16339
15207 465 16340 16341
15208 465 16340 16342
15209 465 16343 16344
15210 465 16343 16345
15211 465 16346 16347
15212 465 16346 16348
15213 465 16349 16350
15214 465 16349 16351
15215 465 16352 16353
15216 465 16352 16354
15217 465 16355 16356
15218 465 16355 16357
15219 465 16358 16359
15220 465 16358 16360
15221 465 16361 16362
15222 465 16361 16363
15223 465 16364 16365
15224 465 16364 16366
15225 465 16367 16368
15226 465 16367 16369
15227 465 16370 16371
15228 465 16370 16372
15229 465 16373 16374
15230 465 16373 16375
15231 465 16376 16377
15232 465 16376 16378
15233 465 16379 16380
15234 465 16379 16381
15235 465 16382 16383
15236 465 16382 16384
15237 465 16385 16386
15238 465 16385 16387
15239 465 16388 16389
15240 465 16388 16390
15241 465 16391 16392
15242 465 16391 16393
15243 465 16394 16395
15244 465 16394 16396
15245 465 16397 16398
15246 465 16397 16399
15247 465 16400 16401
15248 465 16400 16402
15249 465 16403 16404
15250 465 16403 16405
15251 465 16406 16407
15252 465 16406 16408
15253 465 16409 16410
15254 465 16409 16411
15255 465 16412 16413
15256 465 16412 16414
15257 465 16415 16416
15258 465 16415 16417
15259 465 16418 16419
15260 465 16418 16420
15261 465 16421 16422
15262 465 16421 16423
15263 465 16424 16425
15264 465 16424 16426
15265 465 16427 16428
15266 465 16427 16429
15267 465 16430 16431
15268 465 16430 16432
15269 465 16433 16434
15270 465 16433 16435
15271 465 16436 16437
15272 465 16436 16438
15273 465 16439 16440
15274 465 16439 16441
15275 465 16442 16443
15276 465 16442 16444
15277 465 16445 16446
15278 465 16445 16447
15279 465 16448 16449
15280 465 16448 16450
15281 465 16451 16452
15282 465 16451 16453
15283 465 16454 16455
15284 465 16454 16456
15285 465 16457 16458
15286 465 16457 16459
15287 465 16460 16461
15288 465 16460 16462
15289 465 16463 16464
15290 465 16463 16465
15291 465 16466 16467
15292 465 16466 16468
15293 465 16469 16470
15294 465 16469 16471
15295 465 16472 16473
15296 465 16472 16474
15297 465 16475 16476
15298 465 16475 16477
15299 465 16478 16479
15300 465 16478 16480
15301 465 16481 16482
15302 465 16481 16483
15303 465 16484 16485
15304 465 16484 16486
15305 465 16487 16488
15306 465 16487 16489
15307 465 16490 16491
15308 465 16490 16492
15309 465 16493 16494
15310 465 16493 16495
15311 465 16496 16497
15312 465 16496 16498
15313 465 16499 16500
15314 465 16499 16501
15315 465 16502 16503
15316 465 16502 16504
15317 465 16505 16506
15318 465 16505 16507
15319 465 16508 16509
15320 465 16508 16510
15321 465 16511 16512
15322 465 16511 16513
15323 465 16514 16515
15324 465 16514 16516
15325 465 16517 16518
15326 465 16517 16519
15327 465 16520 16521
15328 465 16520 16522
15329 465 16523 16524
15330 465 16523 16525
15331 465 16526 16527
15332 465 16526 16528
15333 465 16529 16530
15334 465 16529 16531
15335 465 16532 16533
15336 465 16532 16534
15337 465 16535 16536
15338 465 16535 16537
15339 465 16538 16539
15340 465 16538 16540
15341 465 16541 16542
15342 465 16541 16543
15343 465 16544 16545
15344 465 16544 16546
15345 465 16547 16548
15346 465 16547 16549
15347 465 16550 16551
15348 465 16550 16552
15349 465 16553 16554
15350 465 16553 16555
15351 465 16556 16557
15352 465 16556 16558
15353 465 16559 16560
15354 465 16559 16561
15355 465 16562 16563
15356 465 16562 16564
15357 465 16565 16566
15358 465 16565 16567
15359 465 16568 16569
15360 465 16568 16570
15361 465 16571 16572
15362 465 16571 16573
15363 465 16574 16575
15364 465 16574 16576
15365 465 16577 16578
15366 465 16577 16579
15367 465 16580 16581
15368 465 16580 16582
15369 465 16583 16584
15370 465 16583 16585
15371 465 16586 16587
15372 465 16586 16588
15373 465 16589 16590
15374 465 16589 16591
15375 465 16592 16593
15376 465 16592 16594
15377 465 16595 16596
15378 465 16595 16597
15379 465 16598 16599
15380 465 16598 16600
15381 465 16601 16602
15382 465 16601 16603
15383 465 16604 16605
15384 465 16604 16606
15385 465 16607 16608
15386 465 16607 16609
15387 465 16610 16611
15388 465 16610 16612
15389 465 16613 16614
15390 465 16613 16615
15391 465 16616 16617
15392 465 16616 16618
15393 465 16619 16620
15394 465 16619 16621
15395 465 16622 16623
15396 465 16622 16624
15397 465 16625 16626
15398 465 16625 16627
15399 465 16628 16629
15400 465 16628 16630
15401 465 16631 16632
15402 465 16631 16633
15403 465 16634 16635
15404 465 16634 16636
15405 465 16637 16638
15406 465 16637 16639
15407 465 16640 16641
15408 465 16640 16642
15409 465 16643 16644
15410 465 16643 16645
15411 465 16646 16647
15412 465 16646 16648
15413 465 16649 16650
15414 465 16649 16651
15415 465 16652 16653
15416 465 16652 16654
15417 465 16655 16656
15418 465 16655 16657
15419 465 16658 16659
15420 465 16658 16660
15421 465 16661 16662
15422 465 16661 16663
15423 465 16664 16665
15424 465 16664 16666
15425 465 16667 16668
15426 465 16667 16669
15427 465 16670 16671
15428 465 16670 16672
15429 465 16673 16674
15430 465 16673 16675
15431 465 16676 16677
15432 465 16676 16678
15433 465 16679 16680
15434 465 16679 16681
15435 465 16682 16683
15436 465 16682 16684
15437 465 16685 16686
15438 465 16685 16687
15439 465 16688 16689
15440 465 16688 16690
15441 465 16691 16692
15442 465 16691 16693
15443 465 16694 16695
15444 465 16694 16696
15445 465 16697 16698
15446 465 16697 16699
15447 465 16700 16701
15448 465 16700 16702
15449 465 16703 16704
15450 465 16703 16705
15451 465 16706 16707
15452 465 16706 16708
15453 465 16709 16710
15454 465 16709 16711
15455 465 16712 16713
15456 465 16712 16714
15457 465 16715 16716
15458 465 16715 16717
15459 465 16718 16719
15460 465 16718 16720
15461 465 16721 16722
15462 465 16721 16723
15463 465 16724 16725
15464 465 16724 16726
15465 465 16727 16728
15466 465 16727 16729
15467 465 16730 16731
15468 465 16730 16732
15469 465 16733 16734
15470 465 16733 16735
15471 465 16736 16737
15472 465 16736 16738
15473 465 16739 16740
15474 465 16739 16741
15475 465 16742 16743
15476 465 16742 16744
15477 465 16745 16746
15478 465 16745 16747
15479 465 16748 16749
15480 465 16748 16750
15481 465 16751 16752
15482 465 16751 16753
15483 465 16754 16755
15484 465 16754 16756
15485 465 16757 16758
15486 465 16757 16759
15487 465 16760 16761
15488 465 16760 16762
15489 465 16763 16764
15490 465 16763 16765
15491 465 16766 16767
15492 465 16766 16768
15493 465 16769 16770
15494 465 16769 16771
15495 465 16772 16773
15496 465 16772 16774
15497 465 16775 16776
15498 465 16775 16777
15499 465 16778 16779
15500 465 16778 16780
15501 465 16781 16782
15502 465 16781 16783
15503 465 16784 16785
15504 465 16784 16786
15505 465 16787 16788
15506 465 16787 16789
15507 465 16790 16791
15508 465 16790 16792
15509 465 16793 16794
15510 465 16793 16795
15511 465 16796 16797
15512 465 16796 16798
15513 465 16799 16800
15514 465 16799 16801
15515 465 16802 16803
15516 465 16802 16804
15517 465 16805 16806
15518 465 16805 16807
15519 465 16808 16809
15520 465 16808 16810
15521 465 16811 16812
15522 465 16811 16813
15523 465 16814 16815
15524 465 16814 16816
15525 465 16817 16818
15526 465 16817 16819
15527 465 16820 16821
15528 465 16820 16822
15529 465 16823 16824
15530 465 16823 16825
15531 465 16826 16827
15532 465 16826 16828
15533 465 16829 16830
15534 465 16829 16831
15535 465 16832 16833
15536 465 16832 16834
15537 465 16835 16836
15538 465 16835 16837
15539 465 16838 16839
15540 465 16838 16840
15541 465 16841 16842
15542 465 16841 16843
15543 465 16844 16845
15544 465 16844 16846
15545 465 16847 16848
15546 465 16847 16849
15547 465 16850 16851
15548 465 16850 16852
15549 465 16853 16854
15550 465 16853 16855
15551 465 16856 16857
15552 465 16856 16858
15553 465 16859 16860
15554 465 16859 16861
15555 465 16862 16863
15556 465 16862 16864
15557 465 16865 16866
15558 465 16865 16867
15559 465 16868 16869
15560 465 16868 16870
15561 465 16871 16872
15562 465 16871 16873
15563 465 16874 16875
15564 465 16874 16876
15565 465 16877 16878
15566 465 16877 16879
15567 465 16880 16881
15568 465 16880 16882
15569 465 16883 16884
15570 465 16883 16885
15571 465 16886 16887
15572 465 16886 16888
15573 465 16889 16890
15574 465 16889 16891
15575 465 16892 16893
15576 465 16892 16894
15577 465 16895 16896
15578 465 16895 16897
15579 465 16898 16899
15580 465 16898 16900
15581 465 16901 16902
15582 465 16901 16903
15583 465 16904 16905
15584 465 16904 16906
15585 465 16907 16908
15586 465 16907 16909
15587 465 16910 16911
15588 465 16910 16912
15589 465 16913 16914
15590 465 16913 16915
15591 465 16916 16917
15592 465 16916 16918
15593 465 16919 16920
15594 465 16919 16921
15595 465 16922 16923
15596 465 16922 16924
15597 465 16925 16926
15598 465 16925 16927
15599 465 16928 16929
15600 465 16928 16930
15601 465 16931 16932
15602 465 16931 16933
15603 465 16934 16935
15604 465 16934 16936
15605 465 16937 16938
15606 465 16937 16939
15607 465 16940 16941
15608 465 16940 16942
15609 465 16943 16944
15610 465 16943 16945
15611 465 16946 16947
15612 465 16946 16948
15613 465 16949 16950
15614 465 16949 16951
15615 465 16952 16953
15616 465 16952 16954
15617 465 16955 16956
15618 465 16955 16957
15619 465 16958 16959
15620 465 16958 16960
15621 465 16961 16962
15622 465 16961 16963
15623 465 16964 16965
15624 465 16964 16966
15625 465 16967 16968
15626 465 16967 16969
15627 465 16970 16971
15628 465 16970 16972
15629 465 16973 16974
15630 465 16973 16975
15631 465 16976 16977
15632 465 16976 16978
15633 465 16979 16980
15634 465 16979 16981
15635 465 16982 16983
15636 465 16982 16984
15637 465 16985 16986
15638 465 16985 16987
15639 465 16988 16989
15640 465 16988 16990
15641 465 16991 16992
15642 465 16991 16993
15643 465 16994 16995
15644 465 16994 16996
15645 465 16997 16998
15646 465 16997 16999
15647 465 17000 17001
15648 465 17000 17002
15649 465 17003 17004
15650 465 17003 17005
15651 465 17006 17007
15652 465 17006 17008
15653 465 17009 17010
15654 465 17009 17011
15655 465 17012 17013
15656 465 17012 17014
15657 465 17015 17016
15658 465 17015 17017
15659 465 17018 17019
15660 465 17018 17020
15661 465 17021 17022
15662 465 17021 17023
15663 465 17024 17025
15664 465 17024 17026
15665 465 17027 17028
15666 465 17027 17029
15667 465 17030 17031
15668 465 17030 17032
15669 465 17033 17034
15670 465 17033 17035
15671 465 17036 17037
15672 465 17036 17038
15673 465 17039 17040
15674 465 17039 17041
15675 465 17042 17043
15676 465 17042 17044
15677 465 17045 17046
15678 465 17045 17047
15679 465 17048 17049
15680 465 17048 17050
15681 465 17051 17052
15682 465 17051 17053
15683 465 17054 17055
15684 465 17054 17056
15685 465 17057 17058
15686 465 17057 17059
15687 465 17060 17061
15688 465 17060 17062
15689 465 17063 17064
15690 465 17063 17065
15691 465 17066 17067
15692 465 17066 17068
15693 465 17069 17070
15694 465 17069 17071
15695 465 17072 17073
15696 465 17072 17074
15697 465 17075 17076
15698 465 17075 17077
15699 465 17078 17079
15700 465 17078 17080
15701 465 17081 17082
15702 465 17081 17083
15703 465 17084 17085
15704 465 17084 17086
15705 465 17087 17088
15706 465 17087 17089
15707 465 17090 17091
15708 465 17090 17092
15709 465 17093 17094
15710 465 17093 17095
15711 465 17096 17097
15712 465 17096 17098
15713 465 17099 17100
15714 465 17099 17101
15715 465 17102 17103
15716 465 17102 17104
15717 465 17105 17106
15718 465 17105 17107
15719 465 17108 17109
15720 465 17108 17110
15721 465 17111 17112
15722 465 17111 17113
15723 465 17114 17115
15724 465 17114 17116
15725 465 17117 17118
15726 465 17117 17119
15727 465 17120 17121
15728 465 17120 17122
15729 465 17123 17124
15730 465 17123 17125
15731 465 17126 17127
15732 465 17126 17128
15733 465 17129 17130
15734 465 17129 17131
15735 465 17132 17133
15736 465 17132 17134
15737 465 17135 17136
15738 465 17135 17137
15739 465 17138 17139
15740 465 17138 17140
15741 465 17141 17142
15742 465 17141 17143
15743 465 17144 17145
15744 465 17144 17146
15745 465 17147 17148
15746 465 17147 17149
15747 465 17150 17151
15748 465 17150 17152
15749 465 17153 17154
15750 465 17153 17155
15751 465 17156 17157
15752 465 17156 17158
15753 465 17159 17160
15754 465 17159 17161
15755 465 17162 17163
15756 465 17162 17164
15757 465 17165 17166
15758 465 17165 17167
15759 465 17168 17169
15760 465 17168 17170
15761 465 17171 17172
15762 465 17171 17173
15763 465 17174 17175
15764 465 17174 17176
15765 465 17177 17178
15766 465 17177 17179
15767 465 17180 17181
15768 465 17180 17182
15769 465 17183 17184
15770 465 17183 17185
15771 465 17186 17187
15772 465 17186 17188
15773 465 17189 17190
15774 465 17189 17191
15775 465 17192 17193
15776 465 17192 17194
15777 465 17195 17196
15778 465 17195 17197
15779 465 17198 17199
15780 465 17198 17200
15781 465 17201 17202
15782 465 17201 17203
15783 465 17204 17205
15784 465 17204 17206
15785 465 17207 17208
15786 465 17207 17209
15787 465 17210 17211
15788 465 17210 17212
15789 465 17213 17214
15790 465 17213 17215
15791 465 17216 17217
15792 465 17216 17218
15793 465 17219 17220
15794 465 17219 17221
15795 465 17222 17223
15796 465 17222 17224
15797 465 17225 17226
15798 465 17225 17227
15799 465 17228 17229
15800 465 17228 17230
15801 465 17231 17232
15802 465 17231 17233
15803 465 17234 17235
15804 465 17234 17236
15805 465 17237 17238
15806 465 17237 17239
15807 465 17240 17241
15808 465 17240 17242
15809 465 17243 17244
15810 465 17243 17245
15811 465 17246 17247
15812 465 17246 17248
15813 465 17249 17250
15814 465 17249 17251
15815 465 17252 17253
15816 465 17252 17254
15817 465 17255 17256
15818 465 17255 17257
15819 465 17258 17259
15820 465 17258 17260
15821 465 17261 17262
15822 465 17261 17263
15823 465 17264 17265
15824 465 17264 17266
15825 465 17267 17268
15826 465 17267 17269
15827 465 17270 17271
15828 465 17270 17272
15829 465 17273 17274
15830 465 17273 17275
15831 465 17276 17277
15832 465 17276 17278
15833 465 17279 17280
15834 465 17279 17281
15835 465 17282 17283
15836 465 17282 17284
15837 465 17285 17286
15838 465 17285 17287
15839 465 17288 17289
15840 465 17288 17290
15841 465 17291 17292
15842 465 17291 17293
15843 465 17294 17295
15844 465 17294 17296
15845 465 17297 17298
15846 465 17297 17299
15847 465 17300 17301
15848 465 17300 17302
15849 465 17303 17304
15850 465 17303 17305
15851 465 17306 17307
15852 465 17306 17308
15853 465 17309 17310
15854 465 17309 17311
15855 465 17312 17313
15856 465 17312 17314
15857 465 17315 17316
15858 465 17315 17317
15859 465 17318 17319
15860 465 17318 17320
15861 465 17321 17322
15862 465 17321 17323
15863 465 17324 17325
15864 465 17324 17326
15865 465 17327 17328
15866 465 17327 17329
15867 465 17330 17331
15868 465 17330 17332
15869 465 17333 17334
15870 465 17333 17335
15871 465 17336 17337
15872 465 17336 17338
15873 465 17339 17340
15874 465 17339 17341
15875 465 17342 17343
15876 465 17342 17344
15877 465 17345 17346
15878 465 17345 17347
15879 465 17348 17349
15880 465 17348 17350
15881 465 17351 17352
15882 465 17351 17353
15883 465 17354 17355
15884 465 17354 17356
15885 465 17357 17358
15886 465 17357 17359
15887 465 17360 17361
15888 465 17360 17362
15889 465 17363 17364
15890 465 17363 17365
15891 465 17366 17367
15892 465 17366 17368
15893 465 17369 17370
15894 465 17369 17371
15895 465 17372 17373
15896 465 17372 17374
15897 465 17375 17376
15898 465 17375 17377
15899 465 17378 17379
15900 465 17378 17380
15901 465 17381 17382
15902 465 17381 17383
15903 465 17384 17385
15904 465 17384 17386
15905 465 17387 17388
15906 465 17387 17389
15907 465 17390 17391
15908 465 17390 17392
15909 465 17393 17394
15910 465 17393 17395
15911 465 17396 17397
15912 465 17396 17398
15913 465 17399 17400
15914 465 17399 17401
15915 465 17402 17403
15916 465 17402 17404
15917 465 17405 17406
15918 465 17405 17407
15919 465 17408 17409
15920 465 17408 17410
15921 465 17411 17412
15922 465 17411 17413
15923 465 17414 17415
15924 465 17414 17416
15925 465 17417 17418
15926 465 17417 17419
15927 465 17420 17421
15928 465 17420 17422
15929 465 17423 17424
15930 465 17423 17425
15931 465 17426 17427
15932 465 17426 17428
15933 465 17429 17430
15934 465 17429 17431
15935 465 17432 17433
15936 465 17432 17434
15937 465 17435 17436
15938 465 17435 17437
15939 465 17438 17439
15940 465 17438 17440
15941 465 17441 17442
15942 465 17441 17443
15943 465 17444 17445
15944 465 17444 17446
15945 465 17447 17448
15946 465 17447 17449
15947 465 17450 17451
15948 465 17450 17452
15949 465 17453 17454
15950 465 17453 17455
15951 465 17456 17457
15952 465 17456 17458
15953 465 17459 17460
15954 465 17459 17461
15955 465 17462 17463
15956 465 17462 17464
15957 465 17465 17466
15958 465 17465 17467
15959 465 17468 17469
15960 465 17468 17470
15961 465 17471 17472
15962 465 17471 17473
15963 465 17474 17475
15964 465 17474 17476
15965 465 17477 17478
15966 465 17477 17479
15967 465 17480 17481
15968 465 17480 17482
15969 465 17483 17484
15970 465 17483 17485
15971 465 17486 17487
15972 465 17486 17488
15973 465 17489 17490
15974 465 17489 17491
15975 465 17492 17493
15976 465 17492 17494
15977 465 17495 17496
15978 465 17495 17497
15979 465 17498 17499
15980 465 17498 17500
15981 465 17501 17502
15982 465 17501 17503
15983 465 17504 17505
15984 465 17504 17506
15985 465 17507 17508
15986 465 17507 17509
15987 465 17510 17511
15988 465 17510 17512
15989 465 17513 17514
15990 465 17513 17515
15991 465 17516 17517
15992 465 17516 17518
15993 465 17519 17520
15994 465 17519 17521
15995 465 17522 17523
15996 465 17522 17524
15997 465 17525 17526
15998 465 17525 17527
15999 465 17528 17529
16000 465 17528 17530
16001 465 17531 17532
16002 465 17531 17533
16003 465 17534 17535
16004 465 17534 17536
16005 465 17537 17538
16006 465 17537 17539
16007 465 17540 17541
16008 465 17540 17542
16009 465 17543 17544
16010 465 17543 17545
16011 465 17546 17547
16012 465 17546 17548
16013 465 17549 17550
16014 465 17549 17551
16015 465 17552 17553
16016 465 17552 17554
16017 465 17555 17556
16018 465 17555 17557
16019 465 17558 17559
16020 465 17558 17560
16021 465 17561 17562
16022 465 17561 17563
16023 465 17564 17565
16024 465 17564 17566
16025 465 17567 17568
16026 465 17567 17569
16027 465 17570 17571
16028 465 17570 17572
16029 465 17573 17574
16030 465 17573 17575
16031 465 17576 17577
16032 465 17576 17578
16033 465 17579 17580
16034 465 17579 17581
16035 465 17582 17583
16036 465 17582 17584
16037 465 17585 17586
16038 465 17585 17587
16039 465 17588 17589
16040 465 17588 17590
16041 465 17591 17592
16042 465 17591 17593
16043 465 17594 17595
16044 465 17594 17596
16045 465 17597 17598
16046 465 17597 17599
16047 465 17600 17601
16048 465 17600 17602
16049 465 17603 17604
16050 465 17603 17605
16051 465 17606 17607
16052 465 17606 17608
16053 465 17609 17610
16054 465 17609 17611
16055 465 17612 17613
16056 465 17612 17614
16057 465 17615 17616
16058 465 17615 17617
16059 465 17618 17619
16060 465 17618 17620
16061 465 17621 17622
16062 465 17621 17623
16063 465 17624 17625
16064 465 17624 17626
16065 465 17627 17628
16066 465 17627 17629
16067 465 17630 17631
16068 465 17630 17632
16069 465 17633 17634
16070 465 17633 17635
16071 465 17636 17637
16072 465 17636 17638
16073 465 17639 17640
16074 465 17639 17641
16075 465 17642 17643
16076 465 17642 17644
16077 465 17645 17646
16078 465 17645 17647
16079 465 17648 17649
16080 465 17648 17650
16081 465 17651 17652
16082 465 17651 17653
16083 465 17654 17655
16084 465 17654 17656
16085 465 17657 17658
16086 465 17657 17659
16087 465 17660 17661
16088 465 17660 17662
16089 465 17663 17664
16090 465 17663 17665
16091 465 17666 17667
16092 465 17666 17668
16093 465 17669 17670
16094 465 17669 17671
16095 465 17672 17673
16096 465 17672 17674
16097 465 17675 17676
16098 465 17675 17677
16099 465 17678 17679
16100 465 17678 17680
16101 465 17681 17682
16102 465 17681 17683
16103 465 17684 17685
16104 465 17684 17686
16105 465 17687 17688
16106 465 17687 17689
16107 465 17690 17691
16108 465 17690 17692
16109 465 17693 17694
16110 465 17693 17695
16111 465 17696 17697
16112 465 17696 17698
16113 465 17699 17700
16114 465 17699 17701
16115 465 17702 17703
16116 465 17702 17704
16117 465 17705 17706
16118 465 17705 17707
16119 465 17708 17709
16120 465 17708 17710
16121 465 17711 17712
16122 465 17711 17713
16123 465 17714 17715
16124 465 17714 17716
16125 465 17717 17718
16126 465 17717 17719
16127 465 17720 17721
16128 465 17720 17722
16129 465 17723 17724
16130 465 17723 17725
16131 465 17726 17727
16132 465 17726 17728
16133 465 17729 17730
16134 465 17729 17731
16135 465 17732 17733
16136 465 17732 17734
16137 465 17735 17736
16138 465 17735 17737
16139 465 17738 17739
16140 465 17738 17740
16141 465 17741 17742
16142 465 17741 17743
16143 465 17744 17745
16144 465 17744 17746
16145 465 17747 17748
16146 465 17747 17749
16147 465 17750 17751
16148 465 17750 17752
16149 465 17753 17754
16150 465 17753 17755
16151 465 17756 17757
16152 465 17756 17758
16153 465 17759 17760
16154 465 17759 17761
16155 465 17762 17763
16156 465 17762 17764
16157 465 17765 17766
16158 465 17765 17767
16159 465 17768 17769
16160 465 17768 17770
16161 465 17771 17772
16162 465 17771 17773
16163 465 17774 17775
16164 465 17774 17776
16165 465 17777 17778
16166 465 17777 17779
16167 465 17780 17781
16168 465 17780 17782
16169 465 17783 17784
16170 465 17783 17785
16171 465 17786 17787
16172 465 17786 17788
16173 465 17789 17790
16174 465 17789 17791
16175 465 17792 17793
16176 465 17792 17794
16177 465 17795 17796
16178 465 17795 17797
16179 465 17798 17799
16180 465 17798 17800
16181 465 17801 17802
16182 465 17801 17803
16183 465 17804 17805
16184 465 17804 17806
16185 465 17807 17808
16186 465 17807 17809
16187 465 17810 17811
16188 465 17810 17812
16189 465 17813 17814
16190 465 17813 17815
16191 465 17816 17817
16192 465 17816 17818
16193 465 17819 17820
16194 465 17819 17821
16195 465 17822 17823
16196 465 17822 17824
16197 465 17825 17826
16198 465 17825 17827
16199 465 17828 17829
16200 465 17828 17830
16201 465 17831 17832
16202 465 17831 17833
16203 465 17834 17835
16204 465 17834 17836
16205 465 17837 17838
16206 465 17837 17839
16207 465 17840 17841
16208 465 17840 17842
16209 465 17843 17844
16210 465 17843 17845
16211 465 17846 17847
16212 465 17846 17848
16213 465 17849 17850
16214 465 17849 17851
16215 465 17852 17853
16216 465 17852 17854
16217 465 17855 17856
16218 465 17855 17857
16219 465 17858 17859
16220 465 17858 17860
16221 465 17861 17862
16222 465 17861 17863
16223 465 17864 17865
16224 465 17864 17866
16225 465 17867 17868
16226 465 17867 17869
16227 465 17870 17871
16228 465 17870 17872
16229 465 17873 17874
16230 465 17873 17875
16231 465 17876 17877
16232 465 17876 17878
16233 465 17879 17880
16234 465 17879 17881
16235 465 17882 17883
16236 465 17882 17884
16237 465 17885 17886
16238 465 17885 17887
16239 465 17888 17889
16240 465 17888 17890
16241 465 17891 17892
16242 465 17891 17893
16243 465 17894 17895
16244 465 17894 17896
16245 465 17897 17898
16246 465 17897 17899
16247 465 17900 17901
16248 465 17900 17902
16249 465 17903 17904
16250 465 17903 17905
16251 465 17906 17907
16252 465 17906 17908
16253 465 17909 17910
16254 465 17909 17911
16255 465 17912 17913
16256 465 17912 17914
16257 465 17915 17916
16258 465 17915 17917
16259 465 17918 17919
16260 465 17918 17920
16261 465 17921 17922
16262 465 17921 17923
16263 465 17924 17925
16264 465 17924 17926
16265 465 17927 17928
16266 465 17927 17929
16267 465 17930 17931
16268 465 17930 17932
16269 465 17933 17934
16270 465 17933 17935
16271 465 17936 17937
16272 465 17936 17938
16273 465 17939 17940
16274 465 17939 17941
16275 465 17942 17943
16276 465 17942 17944
16277 465 17945 17946
16278 465 17945 17947
16279 465 17948 17949
16280 465 17948 17950
16281 465 17951 17952
16282 465 17951 17953
16283 465 17954 17955
16284 465 17954 17956
16285 465 17957 17958
16286 465 17957 17959
16287 465 17960 17961
16288 465 17960 17962
16289 465 17963 17964
16290 465 17963 17965
16291 465 17966 17967
16292 465 17966 17968
16293 465 17969 17970
16294 465 17969 17971
16295 465 17972 17973
16296 465 17972 17974
16297 465 17975 17976
16298 465 17975 17977
16299 465 17978 17979
16300 465 17978 17980
16301 465 17981 17982
16302 465 17981 17983
16303 465 17984 17985
16304 465 17984 17986
16305 465 17987 17988
16306 465 17987 17989
16307 465 17990 17991
16308 465 17990 17992
16309 465 17993 17994
16310 465 17993 17995
16311 465 17996 17997
16312 465 17996 17998
16313 465 17999 18000
16314 465 17999 18001
16315 465 18002 18003
16316 465 18002 18004
16317 465 18005 18006
16318 465 18005 18007
16319 465 18008 18009
16320 465 18008 18010
16321 465 18011 18012
16322 465 18011 18013
16323 465 18014 18015
16324 465 18014 18016
16325 465 18017 18018
16326 465 18017 18019
16327 465 18020 18021
16328 465 18020 18022
16329 465 18023 18024
16330 465 18023 18025
16331 465 18026 18027
16332 465 18026 18028
16333 465 18029 18030
16334 465 18029 18031
16335 465 18032 18033
16336 465 18032 18034
16337 465 18035 18036
16338 465 18035 18037
16339 465 18038 18039
16340 465 18038 18040
16341 465 18041 18042
16342 465 18041 18043
16343 465 18044 18045
16344 465 18044 18046
16345 465 18047 18048
16346 465 18047 18049
16347 465 18050 18051
16348 465 18050 18052
16349 465 18053 18054
16350 465 18053 18055
16351 465 18056 18057
16352 465 18056 18058
16353 465 18059 18060
16354 465 18059 18061
16355 465 18062 18063
16356 465 18062 18064
16357 465 18065 18066
16358 465 18065 18067
16359 465 18068 18069
16360 465 18068 18070
16361 465 18071 18072
16362 465 18071 18073
16363 465 18074 18075
16364 465 18074 18076
16365 465 18077 18078
16366 465 18077 18079
16367 465 18080 18081
16368 465 18080 18082
16369 465 18083 18084
16370 465 18083 18085
16371 465 18086 18087
16372 465 18086 18088
16373 465 18089 18090
16374 465 18089 18091
16375 465 18092 18093
16376 465 18092 18094
16377 465 18095 18096
16378 465 18095 18097
16379 465 18098 18099
16380 465 18098 18100
16381 465 18101 18102
16382 465 18101 18103
16383 465 18104 18105
16384 465 18104 18106
16385 465 18107 18108
16386 465 18107 18109
16387 465 18110 18111
16388 465 18110 18112
16389 465 18113 18114
16390 465 18113 18115
16391 465 18116 18117
16392 465 18116 18118
16393 465 18119 18120
16394 465 18119 18121
16395 465 18122 18123
16396 465 18122 18124
16397 465 18125 18126
16398 465 18125 18127
16399 465 18128 18129
16400 465 18128 18130
16401 465 18131 18132
16402 465 18131 18133
16403 465 18134 18135
16404 465 18134 18136
16405 465 18137 18138
16406 465 18137 18139
16407 465 18140 18141
16408 465 18140 18142
16409 465 18143 18144
16410 465 18143 18145
16411 465 18146 18147
16412 465 18146 18148
16413 465 18149 18150
16414 465 18149 18151
16415 465 18152 18153
16416 465 18152 18154
16417 465 18155 18156
16418 465 18155 18157
16419 465 18158 18159
16420 465 18158 18160
16421 465 18161 18162
16422 465 18161 18163
16423 465 18164 18165
16424 465 18164 18166
16425 465 18167 18168
16426 465 18167 18169
16427 465 18170 18171
16428 465 18170 18172
16429 465 18173 18174
16430 465 18173 18175
16431 465 18176 18177
16432 465 18176 18178
16433 465 18179 18180
16434 465 18179 18181
16435 465 18182 18183
16436 465 18182 18184
16437 465 18185 18186
16438 465 18185 18187
16439 465 18188 18189
16440 465 18188 18190
16441 465 18191 18192
16442 465 18191 18193
16443 465 18194 18195
16444 465 18194 18196
16445 465 18197 18198
16446 465 18197 18199
16447 465 18200 18201
16448 465 18200 18202
16449 465 18203 18204
16450 465 18203 18205
16451 465 18206 18207
16452 465 18206 18208
16453 465 18209 18210
16454 465 18209 18211
16455 465 18212 18213
16456 465 18212 18214
16457 465 18215 18216
16458 465 18215 18217
16459 465 18218 18219
16460 465 18218 18220
16461 465 18221 18222
16462 465 18221 18223
16463 465 18224 18225
16464 465 18224 18226
16465 465 18227 18228
16466 465 18227 18229
16467 465 18230 18231
16468 465 18230 18232
16469 465 18233 18234
16470 465 18233 18235
16471 465 18236 18237
16472 465 18236 18238
16473 465 18239 18240
16474 465 18239 18241
16475 465 18242 18243
16476 465 18242 18244
16477 465 18245 18246
16478 465 18245 18247
16479 465 18248 18249
16480 465 18248 18250
16481 465 18251 18252
16482 465 18251 18253
16483 465 18254 18255
16484 465 18254 18256
16485 465 18257 18258
16486 465 18257 18259
16487 465 18260 18261
16488 465 18260 18262
16489 465 18263 18264
16490 465 18263 18265
16491 465 18266 18267
16492 465 18266 18268
16493 465 18269 18270
16494 465 18269 18271
16495 465 18272 18273
16496 465 18272 18274
16497 465 18275 18276
16498 465 18275 18277
16499 465 18278 18279
16500 465 18278 18280
16501 465 18281 18282
16502 465 18281 18283
16503 465 18284 18285
16504 465 18284 18286
16505 465 18287 18288
16506 465 18287 18289
16507 465 18290 18291
16508 465 18290 18292
16509 465 18293 18294
16510 465 18293 18295
16511 465 18296 18297
16512 465 18296 18298
16513 465 18299 18300
16514 465 18299 18301
16515 465 18302 18303
16516 465 18302 18304
16517 465 18305 18306
16518 465 18305 18307
16519 465 18308 18309
16520 465 18308 18310
16521 465 18311 18312
16522 465 18311 18313
16523 465 18314 18315
16524 465 18314 18316
16525 465 18317 18318
16526 465 18317 18319
16527 465 18320 18321
16528 465 18320 18322
16529 465 18323 18324
16530 465 18323 18325
16531 465 18326 18327
16532 465 18326 18328
16533 465 18329 18330
16534 465 18329 18331
16535 465 18332 18333
16536 465 18332 18334
16537 465 18335 18336
16538 465 18335 18337
16539 465 18338 18339
16540 465 18338 18340
16541 465 18341 18342
16542 465 18341 18343
16543 465 18344 18345
16544 465 18344 18346
16545 465 18347 18348
16546 465 18347 18349
16547 465 18350 18351
16548 465 18350 18352
16549 465 18353 18354
16550 465 18353 18355
16551 465 18356 18357
16552 465 18356 18358
16553 465 18359 18360
16554 465 18359 18361
16555 465 18362 18363
16556 465 18362 18364
16557 465 18365 18366
16558 465 18365 18367
16559 465 18368 18369
16560 465 18368 18370
16561 465 18371 18372
16562 465 18371 18373
16563 465 18374 18375
16564 465 18374 18376
16565 465 18377 18378
16566 465 18377 18379
16567 465 18380 18381
16568 465 18380 18382
16569 465 18383 18384
16570 465 18383 18385
16571 465 18386 18387
16572 465 18386 18388
16573 465 18389 18390
16574 465 18389 18391
16575 465 18392 18393
16576 465 18392 18394
16577 465 18395 18396
16578 465 18395 18397
16579 465 18398 18399
16580 465 18398 18400
16581 465 18401 18402
16582 465 18401 18403
16583 465 18404 18405
16584 465 18404 18406
16585 465 18407 18408
16586 465 18407 18409
16587 465 18410 18411
16588 465 18410 18412
16589 465 18413 18414
16590 465 18413 18415
16591 465 18416 18417
16592 465 18416 18418
16593 465 18419 18420
16594 465 18419 18421
16595 465 18422 18423
16596 465 18422 18424
16597 465 18425 18426
16598 465 18425 18427
16599 465 18428 18429
16600 465 18428 18430
16601 465 18431 18432
16602 465 18431 18433
16603 465 18434 18435
16604 465 18434 18436
16605 465 18437 18438
16606 465 18437 18439
16607 465 18440 18441
16608 465 18440 18442
16609 465 18443 18444
16610 465 18443 18445
16611 465 18446 18447
16612 465 18446 18448
16613 465 18449 18450
16614 465 18449 18451
16615 465 18452 18453
16616 465 18452 18454
16617 465 18455 18456
16618 465 18455 18457
16619 465 18458 18459
16620 465 18458 18460
16621 465 18461 18462
16622 465 18461 18463
16623 465 18464 18465
16624 465 18464 18466
16625 465 18467 18468
16626 465 18467 18469
16627 465 18470 18471
16628 465 18470 18472
16629 465 18473 18474
16630 465 18473 18475
16631 465 18476 18477
16632 465 18476 18478
16633 465 18479 18480
16634 465 18479 18481
16635 465 18482 18483
16636 465 18482 18484
16637 465 18485 18486
16638 465 18485 18487
16639 465 18488 18489
16640 465 18488 18490
16641 465 18491 18492
16642 465 18491 18493
16643 465 18494 18495
16644 465 18494 18496
16645 465 18497 18498
16646 465 18497 18499
16647 465 18500 18501
16648 465 18500 18502
16649 465 18503 18504
16650 465 18503 18505
16651 465 18506 18507
16652 465 18506 18508
16653 465 18509 18510
16654 465 18509 18511
16655 465 18512 18513
16656 465 18512 18514
16657 465 18515 18516
16658 465 18515 18517
16659 465 18518 18519
16660 465 18518 18520
16661 465 18521 18522
16662 465 18521 18523
16663 465 18524 18525
16664 465 18524 18526
16665 465 18527 18528
16666 465 18527 18529
16667 465 18530 18531
16668 465 18530 18532
16669 465 18533 18534
16670 465 18533 18535
16671 465 18536 18537
16672 465 18536 18538
16673 465 18539 18540
16674 465 18539 18541
16675 465 18542 18543
16676 465 18542 18544
16677 465 18545 18546
16678 465 18545 18547
16679 465 18548 18549
16680 465 18548 18550
16681 465 18551 18552
16682 465 18551 18553
16683 465 18554 18555
16684 465 18554 18556
16685 465 18557 18558
16686 465 18557 18559
16687 465 18560 18561
16688 465 18560 18562
16689 465 18563 18564
16690 465 18563 18565
16691 465 18566 18567
16692 465 18566 18568
16693 465 18569 18570
16694 465 18569 18571
16695 465 18572 18573
16696 465 18572 18574
16697 465 18575 18576
16698 465 18575 18577
16699 465 18578 18579
16700 465 18578 18580
16701 465 18581 18582
16702 465 18581 18583
16703 465 18584 18585
16704 465 18584 18586
16705 465 18587 18588
16706 465 18587 18589
16707 465 18590 18591
16708 465 18590 18592
16709 465 18593 18594
16710 465 18593 18595
16711 465 18596 18597
16712 465 18596 18598
16713 465 18599 18600
16714 465 18599 18601
16715 465 18602 18603
16716 465 18602 18604
16717 465 18605 18606
16718 465 18605 18607
16719 465 18608 18609
16720 465 18608 18610
16721 465 18611 18612
16722 465 18611 18613
16723 465 18614 18615
16724 465 18614 18616
16725 465 18617 18618
16726 465 18617 18619
16727 465 18620 18621
16728 465 18620 18622
16729 465 18623 18624
16730 465 18623 18625
16731 465 18626 18627
16732 465 18626 18628
16733 465 18629 18630
16734 465 18629 18631
16735 465 18632 18633
16736 465 18632 18634
16737 465 18635 18636
16738 465 18635 18637
16739 465 18638 18639
16740 465 18638 18640
16741 465 18641 18642
16742 465 18641 18643
16743 465 18644 18645
16744 465 18644 18646
16745 465 18647 18648
16746 465 18647 18649
16747 465 18650 18651
16748 465 18650 18652
16749 465 18653 18654
16750 465 18653 18655
16751 465 18656 18657
16752 465 18656 18658
16753 465 18659 18660
16754 465 18659 18661
16755 465 18662 18663
16756 465 18662 18664
16757 465 18665 18666
16758 465 18665 18667
16759 465 18668 18669
16760 465 18668 18670
16761 465 18671 18672
16762 465 18671 18673
16763 465 18674 18675
16764 465 18674 18676
16765 465 18677 18678
16766 465 18677 18679
16767 465 18680 18681
16768 465 18680 18682
16769 465 18683 18684
16770 465 18683 18685
16771 465 18686 18687
16772 465 18686 18688
16773 465 18689 18690
16774 465 18689 18691
16775 465 18692 18693
16776 465 18692 18694
16777 465 18695 18696
16778 465 18695 18697
16779 465 18698 18699
16780 465 18698 18700
16781 465 18701 18702
16782 465 18701 18703
16783 465 18704 18705
16784 465 18704 18706
16785 465 18707 18708
16786 465 18707 18709
16787 465 18710 18711
16788 465 18710 18712
16789 465 18713 18714
16790 465 18713 18715
16791 465 18716 18717
16792 465 18716 18718
16793 465 18719 18720
16794 465 18719 18721
16795 465 18722 18723
16796 465 18722 18724
16797 465 18725 18726
16798 465 18725 18727
16799 465 18728 18729
16800 465 18728 18730
16801 465 18731 18732
16802 465 18731 18733
16803 465 18734 18735
16804 465 18734 18736
16805 465 18737 18738
16806 465 18737 18739
16807 465 18740 18741
16808 465 18740 18742
16809 465 18743 18744
16810 465 18743 18745
16811 465 18746 18747
16812 465 18746 18748
16813 465 18749 18750
16814 465 18749 18751
16815 465 18752 18753
16816 465 18752 18754
16817 465 18755 18756
16818 465 18755 18757
16819 465 18758 18759
16820 465 18758 18760
16821 465 18761 18762
16822 465 18761 18763
16823 465 18764 18765
16824 465 18764 18766
16825 465 18767 18768
16826 465 18767 18769
16827 465 18770 18771
16828 465 18770 18772
16829 465 18773 18774
16830 465 18773 18775
16831 465 18776 18777
16832 465 18776 18778
16833 465 18779 18780
16834 465 18779 18781
16835 465 18782 18783
16836 465 18782 18784
16837 465 18785 18786
16838 465 18785 18787
16839 465 18788 18789
16840 465 18788 18790
16841 465 18791 18792
16842 465 18791 18793
16843 465 18794 18795
16844 465 18794 18796
16845 465 18797 18798
16846 465 18797 18799
16847 465 18800 18801
16848 465 18800 18802
16849 465 18803 18804
16850 465 18803 18805
16851 465 18806 18807
16852 465 18806 18808
16853 465 18809 18810
16854 465 18809 18811
16855 465 18812 18813
16856 465 18812 18814
16857 465 18815 18816
16858 465 18815 18817
16859 465 18818 18819
16860 465 18818 18820
16861 465 18821 18822
16862 465 18821 18823
16863 465 18824 18825
16864 465 18824 18826
16865 465 18827 18828
16866 465 18827 18829
16867 465 18830 18831
16868 465 18830 18832
16869 465 18833 18834
16870 465 18833 18835
16871 465 18836 18837
16872 465 18836 18838
16873 465 18839 18840
16874 465 18839 18841
16875 465 18842 18843
16876 465 18842 18844
16877 465 18845 18846
16878 465 18845 18847
16879 465 18848 18849
16880 465 18848 18850
16881 465 18851 18852
16882 465 18851 18853
16883 465 18854 18855
16884 465 18854 18856
16885 465 18857 18858
16886 465 18857 18859
16887 465 18860 18861
16888 465 18860 18862
16889 465 18863 18864
16890 465 18863 18865
16891 465 18866 18867
16892 465 18866 18868
16893 465 18869 18870
16894 465 18869 18871
16895 465 18872 18873
16896 465 18872 18874
16897 465 18875 18876
16898 465 18875 18877
16899 465 18878 18879
16900 465 18878 18880
16901 465 18881 18882
16902 465 18881 18883
16903 465 18884 18885
16904 465 18884 18886
16905 465 18887 18888
16906 465 18887 18889
16907 465 18890 18891
16908 465 18890 18892
16909 465 18893 18894
16910 465 18893 18895
16911 465 18896 18897
16912 465 18896 18898
16913 465 18899 18900
16914 465 18899 18901
16915 465 18902 18903
16916 465 18902 18904
16917 465 18905 18906
16918 465 18905 18907
16919 465 18908 18909
16920 465 18908 18910
16921 465 18911 18912
16922 465 18911 18913
16923 465 18914 18915
16924 465 18914 18916
16925 465 18917 18918
16926 465 18917 18919
16927 465 18920 18921
16928 465 18920 18922
16929 465 18923 18924
16930 465 18923 18925
16931 465 18926 18927
16932 465 18926 18928
16933 465 18929 18930
16934 465 18929 18931
16935 465 18932 18933
16936 465 18932 18934
16937 465 18935 18936
16938 465 18935 18937
16939 465 18938 18939
16940 465 18938 18940
16941 465 18941 18942
16942 465 18941 18943
16943 465 18944 18945
16944 465 18944 18946
16945 465 18947 18948
16946 465 18947 18949
16947 465 18950 18951
16948 465 18950 18952
16949 465 18953 18954
16950 465 18953 18955
16951 465 18956 18957
16952 465 18956 18958
16953 465 18959 18960
16954 465 18959 18961
16955 465 18962 18963
16956 465 18962 18964
16957 465 18965 18966
16958 465 18965 18967
16959 465 18968 18969
16960 465 18968 18970
16961 465 18971 18972
16962 465 18971 18973
16963 465 18974 18975
16964 465 18974 18976
16965 465 18977 18978
16966 465 18977 18979
16967 465 18980 18981
16968 465 18980 18982
16969 465 18983 18984
16970 465 18983 18985
16971 465 18986 18987
16972 465 18986 18988
16973 465 18989 18990
16974 465 18989 18991
16975 465 18992 18993
16976 465 18992 18994
16977 465 18995 18996
16978 465 18995 18997
16979 465 18998 18999
16980 465 18998 19000
16981 465 19001 19002
16982 465 19001 19003
16983 465 19004 19005
16984 465 19004 19006
16985 465 19007 19008
16986 465 19007 19009
16987 465 19010 19011
16988 465 19010 19012
16989 465 19013 19014
16990 465 19013 19015
16991 465 19016 19017
16992 465 19016 19018
16993 465 19019 19020
16994 465 19019 19021
16995 465 19022 19023
16996 465 19022 19024
16997 465 19025 19026
16998 465 19025 19027
16999 465 19028 19029
17000 465 19028 19030
17001 465 19031 19032
17002 465 19031 19033
17003 465 19034 19035
17004 465 19034 19036
17005 465 19037 19038
17006 465 19037 19039
17007 465 19040 19041
17008 465 19040 19042
17009 465 19043 19044
17010 465 19043 19045
17011 465 19046 19047
17012 465 19046 19048
17013 465 19049 19050
17014 465 19049 19051
17015 465 19052 19053
17016 465 19052 19054
17017 465 19055 19056
17018 465 19055 19057
17019 465 19058 19059
17020 465 19058 19060
17021 465 19061 19062
17022 465 19061 19063
17023 465 19064 19065
17024 465 19064 19066
17025 465 19067 19068
17026 465 19067 19069
17027 465 19070 19071
17028 465 19070 19072
17029 465 19073 19074
17030 465 19073 19075
17031 465 19076 19077
17032 465 19076 19078
17033 465 19079 19080
17034 465 19079 19081
17035 465 19082 19083
17036 465 19082 19084
17037 465 19085 19086
17038 465 19085 19087
17039 465 19088 19089
17040 465 19088 19090
17041 465 19091 19092
17042 465 19091 19093
17043 465 19094 19095
17044 465 19094 19096
17045 465 19097 19098
17046 465 19097 19099
17047 465 19100 19101
17048 465 19100 19102
17049 465 19103 19104
17050 465 19103 19105
17051 465 19106 19107
17052 465 19106 19108
17053 465 19109 19110
17054 465 19109 19111
17055 465 19112 19113
17056 465 19112 19114
17057 465 19115 19116
17058 465 19115 19117
17059 465 19118 19119
17060 465 19118 19120
17061 465 19121 19122
17062 465 19121 19123
17063 465 19124 19125
17064 465 19124 19126
17065 465 19127 19128
17066 465 19127 19129
17067 465 19130 19131
17068 465 19130 19132
17069 465 19133 19134
17070 465 19133 19135
17071 465 19136 19137
17072 465 19136 19138
17073 465 19139 19140
17074 465 19139 19141
17075 465 19142 19143
17076 465 19142 19144
17077 465 19145 19146
17078 465 19145 19147
17079 465 19148 19149
17080 465 19148 19150
17081 465 19151 19152
17082 465 19151 19153
17083 465 19154 19155
17084 465 19154 19156
17085 465 19157 19158
17086 465 19157 19159
17087 465 19160 19161
17088 465 19160 19162
17089 465 19163 19164
17090 465 19163 19165
17091 465 19166 19167
17092 465 19166 19168
17093 465 19169 19170
17094 465 19169 19171
17095 465 19172 19173
17096 465 19172 19174
17097 465 19175 19176
17098 465 19175 19177
17099 465 19178 19179
17100 465 19178 19180
17101 465 19181 19182
17102 465 19181 19183
17103 465 19184 19185
17104 465 19184 19186
17105 465 19187 19188
17106 465 19187 19189
17107 465 19190 19191
17108 465 19190 19192
17109 465 19193 19194
17110 465 19193 19195
17111 465 19196 19197
17112 465 19196 19198
17113 465 19199 19200
17114 465 19199 19201
17115 465 19202 19203
17116 465 19202 19204
17117 465 19205 19206
17118 465 19205 19207
17119 465 19208 19209
17120 465 19208 19210
17121 465 19211 19212
17122 465 19211 19213
17123 465 19214 19215
17124 465 19214 19216
17125 465 19217 19218
17126 465 19217 19219
17127 465 19220 19221
17128 465 19220 19222
17129 465 19223 19224
17130 465 19223 19225
17131 465 19226 19227
17132 465 19226 19228
17133 465 19229 19230
17134 465 19229 19231
17135 465 19232 19233
17136 465 19232 19234
17137 465 19235 19236
17138 465 19235 19237
17139 465 19238 19239
17140 465 19238 19240
17141 465 19241 19242
17142 465 19241 19243
17143 465 19244 19245
17144 465 19244 19246
17145 465 19247 19248
17146 465 19247 19249
17147 465 19250 19251
17148 465 19250 19252
17149 465 19253 19254
17150 465 19253 19255
17151 465 19256 19257
17152 465 19256 19258
17153 465 19259 19260
17154 465 19259 19261
17155 465 19262 19263
17156 465 19262 19264
17157 465 19265 19266
17158 465 19265 19267
17159 465 19268 19269
17160 465 19268 19270
17161 465 19271 19272
17162 465 19271 19273
17163 465 19274 19275
17164 465 19274 19276
17165 465 19277 19278
17166 465 19277 19279
17167 465 19280 19281
17168 465 19280 19282
17169 465 19283 19284
17170 465 19283 19285
17171 465 19286 19287
17172 465 19286 19288
17173 465 19289 19290
17174 465 19289 19291
17175 465 19292 19293
17176 465 19292 19294
17177 465 19295 19296
17178 465 19295 19297
17179 465 19298 19299
17180 465 19298 19300
17181 465 19301 19302
17182 465 19301 19303
17183 465 19304 19305
17184 465 19304 19306
17185 465 19307 19308
17186 465 19307 19309
17187 465 19310 19311
17188 465 19310 19312
17189 465 19313 19314
17190 465 19313 19315
17191 465 19316 19317
17192 465 19316 19318
17193 465 19319 19320
17194 465 19319 19321
17195 465 19322 19323
17196 465 19322 19324
17197 465 19325 19326
17198 465 19325 19327
17199 465 19328 19329
17200 465 19328 19330
17201 465 19331 19332
17202 465 19331 19333
17203 465 19334 19335
17204 465 19334 19336
17205 465 19337 19338
17206 465 19337 19339
17207 465 19340 19341
17208 465 19340 19342
17209 465 19343 19344
17210 465 19343 19345
17211 465 19346 19347
17212 465 19346 19348
17213 465 19349 19350
17214 465 19349 19351
17215 465 19352 19353
17216 465 19352 19354
17217 465 19355 19356
17218 465 19355 19357
17219 465 19358 19359
17220 465 19358 19360
17221 465 19361 19362
17222 465 19361 19363
17223 465 19364 19365
17224 465 19364 19366
17225 465 19367 19368
17226 465 19367 19369
17227 465 19370 19371
17228 465 19370 19372
17229 465 19373 19374
17230 465 19373 19375
17231 465 19376 19377
17232 465 19376 19378
17233 465 19379 19380
17234 465 19379 19381
17235 465 19382 19383
17236 465 19382 19384
17237 465 19385 19386
17238 465 19385 19387
17239 465 19388 19389
17240 465 19388 19390
17241 465 19391 19392
17242 465 19391 19393
17243 465 19394 19395
17244 465 19394 19396
17245 465 19397 19398
17246 465 19397 19399
17247 465 19400 19401
17248 465 19400 19402
17249 465 19403 19404
17250 465 19403 19405
17251 465 19406 19407
17252 465 19406 19408
17253 465 19409 19410
17254 465 19409 19411
17255 465 19412 19413
17256 465 19412 19414
17257 465 19415 19416
17258 465 19415 19417
17259 465 19418 19419
17260 465 19418 19420
17261 465 19421 19422
17262 465 19421 19423
17263 465 19424 19425
17264 465 19424 19426
17265 465 19427 19428
17266 465 19427 19429
17267 465 19430 19431
17268 465 19430 19432
17269 465 19433 19434
17270 465 19433 19435
17271 465 19436 19437
17272 465 19436 19438
17273 465 19439 19440
17274 465 19439 19441
17275 465 19442 19443
17276 465 19442 19444
17277 465 19445 19446
17278 465 19445 19447
17279 465 19448 19449
17280 465 19448 19450
17281 465 19451 19452
17282 465 19451 19453
17283 465 19454 19455
17284 465 19454 19456
17285 465 19457 19458
17286 465 19457 19459
17287 465 19460 19461
17288 465 19460 19462
17289 465 19463 19464
17290 465 19463 19465
17291 465 19466 19467
17292 465 19466 19468
17293 465 19469 19470
17294 465 19469 19471
17295 465 19472 19473
17296 465 19472 19474
17297 465 19475 19476
17298 465 19475 19477
17299 465 19478 19479
17300 465 19478 19480
17301 465 19481 19482
17302 465 19481 19483
17303 465 19484 19485
17304 465 19484 19486
17305 465 19487 19488
17306 465 19487 19489
17307 465 19490 19491
17308 465 19490 19492
17309 465 19493 19494
17310 465 19493 19495
17311 465 19496 19497
17312 465 19496 19498
17313 465 19499 19500
17314 465 19499 19501
17315 465 19502 19503
17316 465 19502 19504
17317 465 19505 19506
17318 465 19505 19507
17319 465 19508 19509
17320 465 19508 19510
17321 465 19511 19512
17322 465 19511 19513
17323 465 19514 19515
17324 465 19514 19516
17325 465 19517 19518
17326 465 19517 19519
17327 465 19520 19521
17328 465 19520 19522
17329 465 19523 19524
17330 465 19523 19525
17331 465 19526 19527
17332 465 19526 19528
17333 465 19529 19530
17334 465 19529 19531
17335 465 19532 19533
17336 465 19532 19534
17337 465 19535 19536
17338 465 19535 19537
17339 465 19538 19539
17340 465 19538 19540
17341 465 19541 19542
17342 465 19541 19543
17343 465 19544 19545
17344 465 19544 19546
17345 465 19547 19548
17346 465 19547 19549
17347 465 19550 19551
17348 465 19550 19552
17349 465 19553 19554
17350 465 19553 19555
17351 465 19556 19557
17352 465 19556 19558
17353 465 19559 19560
17354 465 19559 19561
17355 465 19562 19563
17356 465 19562 19564
17357 465 19565 19566
17358 465 19565 19567
17359 465 19568 19569
17360 465 19568 19570
17361 465 19571 19572
17362 465 19571 19573
17363 465 19574 19575
17364 465 19574 19576
17365 465 19577 19578
17366 465 19577 19579
17367 465 19580 19581
17368 465 19580 19582
17369 465 19583 19584
17370 465 19583 19585
17371 465 19586 19587
17372 465 19586 19588
17373 465 19589 19590
17374 465 19589 19591
17375 465 19592 19593
17376 465 19592 19594
17377 465 19595 19596
17378 465 19595 19597
17379 465 19598 19599
17380 465 19598 19600
17381 465 19601 19602
17382 465 19601 19603
17383 465 19604 19605
17384 465 19604 19606
17385 465 19607 19608
17386 465 19607 19609
17387 465 19610 19611
17388 465 19610 19612
17389 465 19613 19614
17390 465 19613 19615
17391 465 19616 19617
17392 465 19616 19618
17393 465 19619 19620
17394 465 19619 19621
17395 465 19622 19623
17396 465 19622 19624
17397 465 19625 19626
17398 465 19625 19627
17399 465 19628 19629
17400 465 19628 19630
17401 465 19631 19632
17402 465 19631 19633
17403 465 19634 19635
17404 465 19634 19636
17405 465 19637 19638
17406 465 19637 19639
17407 465 19640 19641
17408 465 19640 19642
17409 465 19643 19644
17410 465 19643 19645
17411 465 19646 19647
17412 465 19646 19648
17413 465 19649 19650
17414 465 19649 19651
17415 465 19652 19653
17416 465 19652 19654
17417 465 19655 19656
17418 465 19655 19657
17419 465 19658 19659
17420 465 19658 19660
17421 465 19661 19662
17422 465 19661 19663
17423 465 19664 19665
17424 465 19664 19666
17425 465 19667 19668
17426 465 19667 19669
17427 465 19670 19671
17428 465 19670 19672
17429 465 19673 19674
17430 465 19673 19675
17431 465 19676 19677
17432 465 19676 19678
17433 465 19679 19680
17434 465 19679 19681
17435 465 19682 19683
17436 465 19682 19684
17437 465 19685 19686
17438 465 19685 19687
17439 465 19688 19689
17440 465 19688 19690
17441 465 19691 19692
17442 465 19691 19693
17443 465 19694 19695
17444 465 19694 19696
17445 465 19697 19698
17446 465 19697 19699
17447 465 19700 19701
17448 465 19700 19702
17449 465 19703 19704
17450 465 19703 19705
17451 465 19706 19707
17452 465 19706 19708
17453 465 19709 19710
17454 465 19709 19711
17455 465 19712 19713
17456 465 19712 19714
17457 465 19715 19716
17458 465 19715 19717
17459 465 19718 19719
17460 465 19718 19720
17461 465 19721 19722
17462 465 19721 19723
17463 465 19724 19725
17464 465 19724 19726
17465 465 19727 19728
17466 465 19727 19729
17467 465 19730 19731
17468 465 19730 19732
17469 465 19733 19734
17470 465 19733 19735
17471 465 19736 19737
17472 465 19736 19738
17473 465 19739 19740
17474 465 19739 19741
17475 465 19742 19743
17476 465 19742 19744
17477 465 19745 19746
17478 465 19745 19747
17479 465 19748 19749
17480 465 19748 19750
17481 465 19751 19752
17482 465 19751 19753
17483 465 19754 19755
17484 465 19754 19756
17485 465 19757 19758
17486 465 19757 19759
17487 465 19760 19761
17488 465 19760 19762
17489 465 19763 19764
17490 465 19763 19765
17491 465 19766 19767
17492 465 19766 19768
17493 465 19769 19770
17494 465 19769 19771
17495 465 19772 19773
17496 465 19772 19774
17497 465 19775 19776
17498 465 19775 19777
17499 465 19778 19779
17500 465 19778 19780
17501 465 19781 19782
17502 465 19781 19783
17503 465 19784 19785
17504 465 19784 19786
17505 465 19787 19788
17506 465 19787 19789
17507 465 19790 19791
17508 465 19790 19792
17509 465 19793 19794
17510 465 19793 19795
17511 465 19796 19797
17512 465 19796 19798
17513 465 19799 19800
17514 465 19799 19801
17515 465 19802 19803
17516 465 19802 19804
17517 465 19805 19806
17518 465 19805 19807
17519 465 19808 19809
17520 465 19808 19810
17521 465 19811 19812
17522 465 19811 19813
17523 465 19814 19815
17524 465 19814 19816
17525 465 19817 19818
17526 465 19817 19819
17527 465 19820 19821
17528 465 19820 19822
17529 465 19823 19824
17530 465 19823 19825
17531 465 19826 19827
17532 465 19826 19828
17533 465 19829 19830
17534 465 19829 19831
17535 465 19832 19833
17536 465 19832 19834
17537 465 19835 19836
17538 465 19835 19837
17539 465 19838 19839
17540 465 19838 19840
17541 465 19841 19842
17542 465 19841 19843
17543 465 19844 19845
17544 465 19844 19846
17545 465 19847 19848
17546 465 19847 19849
17547 465 19850 19851
17548 465 19850 19852
17549 465 19853 19854
17550 465 19853 19855
17551 465 19856 19857
17552 465 19856 19858
17553 465 19859 19860
17554 465 19859 19861
17555 465 19862 19863
17556 465 19862 19864
17557 465 19865 19866
17558 465 19865 19867
17559 465 19868 19869
17560 465 19868 19870
17561 465 19871 19872
17562 465 19871 19873
17563 465 19874 19875
17564 465 19874 19876
17565 465 19877 19878
17566 465 19877 19879
17567 465 19880 19881
17568 465 19880 19882
17569 465 19883 19884
17570 465 19883 19885
17571 465 19886 19887
17572 465 19886 19888
17573 465 19889 19890
17574 465 19889 19891
17575 465 19892 19893
17576 465 19892 19894
17577 465 19895 19896
17578 465 19895 19897
17579 465 19898 19899
17580 465 19898 19900
17581 465 19901 19902
17582 465 19901 19903
17583 465 19904 19905
17584 465 19904 19906
17585 465 19907 19908
17586 465 19907 19909
17587 465 19910 19911
17588 465 19910 19912
17589 465 19913 19914
17590 465 19913 19915
17591 465 19916 19917
17592 465 19916 19918
17593 465 19919 19920
17594 465 19919 19921
17595 465 19922 19923
17596 465 19922 19924
17597 465 19925 19926
17598 465 19925 19927
17599 465 19928 19929
17600 465 19928 19930
17601 465 19931 19932
17602 465 19931 19933
17603 465 19934 19935
17604 465 19934 19936
17605 465 19937 19938
17606 465 19937 19939
17607 465 19940 19941
17608 465 19940 19942
17609 465 19943 19944
17610 465 19943 19945
17611 465 19946 19947
17612 465 19946 19948
17613 465 19949 19950
17614 465 19949 19951
17615 465 19952 19953
17616 465 19952 19954
17617 465 19955 19956
17618 465 19955 19957
17619 465 19958 19959
17620 465 19958 19960
17621 465 19961 19962
17622 465 19961 19963
17623 465 19964 19965
17624 465 19964 19966
17625 465 19967 19968
17626 465 19967 19969
17627 465 19970 19971
17628 465 19970 19972
17629 465 19973 19974
17630 465 19973 19975
17631 465 19976 19977
17632 465 19976 19978
17633 465 19979 19980
17634 465 19979 19981
17635 465 19982 19983
17636 465 19982 19984
17637 465 19985 19986
17638 465 19985 19987
17639 465 19988 19989
17640 465 19988 19990
17641 465 19991 19992
17642 465 19991 19993
17643 465 19994 19995
17644 465 19994 19996
17645 465 19997 19998
17646 465 19997 19999
17647 465 20000 20001
17648 465 20000 20002
17649 465 20003 20004
17650 465 20003 20005
17651 465 20006 20007
17652 465 20006 20008
17653 465 20009 20010
17654 465 20009 20011
17655 465 20012 20013
17656 465 20012 20014
17657 465 20015 20016
17658 465 20015 20017
17659 465 20018 20019
17660 465 20018 20020
17661 465 20021 20022
17662 465 20021 20023
17663 465 20024 20025
17664 465 20024 20026
17665 465 20027 20028
17666 465 20027 20029
17667 465 20030 20031
17668 465 20030 20032
17669 465 20033 20034
17670 465 20033 20035
17671 465 20036 20037
17672 465 20036 20038
17673 465 20039 20040
17674 465 20039 20041
17675 465 20042 20043
17676 465 20042 20044
17677 465 20045 20046
17678 465 20045 20047
17679 465 20048 20049
17680 465 20048 20050
17681 465 20051 20052
17682 465 20051 20053
17683 465 20054 20055
17684 465 20054 20056
17685 465 20057 20058
17686 465 20057 20059
17687 465 20060 20061
17688 465 20060 20062
17689 465 20063 20064
17690 465 20063 20065
17691 465 20066 20067
17692 465 20066 20068
17693 465 20069 20070
17694 465 20069 20071
17695 465 20072 20073
17696 465 20072 20074
17697 465 20075 20076
17698 465 20075 20077
17699 465 20078 20079
17700 465 20078 20080
17701 465 20081 20082
17702 465 20081 20083
17703 465 20084 20085
17704 465 20084 20086
17705 465 20087 20088
17706 465 20087 20089
17707 465 20090 20091
17708 465 20090 20092
17709 465 20093 20094
17710 465 20093 20095
17711 465 20096 20097
17712 465 20096 20098
17713 465 20099 20100
17714 465 20099 20101
17715 465 20102 20103
17716 465 20102 20104
17717 465 20105 20106
17718 465 20105 20107
17719 465 20108 20109
17720 465 20108 20110
17721 465 20111 20112
17722 465 20111 20113
17723 465 20114 20115
17724 465 20114 20116
17725 465 20117 20118
17726 465 20117 20119
17727 465 20120 20121
17728 465 20120 20122
17729 465 20123 20124
17730 465 20123 20125
17731 465 20126 20127
17732 465 20126 20128
17733 465 20129 20130
17734 465 20129 20131
17735 465 20132 20133
17736 465 20132 20134
17737 465 20135 20136
17738 465 20135 20137
17739 465 20138 20139
17740 465 20138 20140
17741 465 20141 20142
17742 465 20141 20143
17743 465 20144 20145
17744 465 20144 20146
17745 465 20147 20148
17746 465 20147 20149
17747 465 20150 20151
17748 465 20150 20152
17749 465 20153 20154
17750 465 20153 20155
17751 465 20156 20157
17752 465 20156 20158
17753 465 20159 20160
17754 465 20159 20161
17755 465 20162 20163
17756 465 20162 20164
17757 465 20165 20166
17758 465 20165 20167
17759 465 20168 20169
17760 465 20168 20170
17761 465 20171 20172
17762 465 20171 20173
17763 465 20174 20175
17764 465 20174 20176
17765 465 20177 20178
17766 465 20177 20179
17767 465 20180 20181
17768 465 20180 20182
17769 465 20183 20184
17770 465 20183 20185
17771 465 20186 20187
17772 465 20186 20188
17773 465 20189 20190
17774 465 20189 20191
17775 465 20192 20193
17776 465 20192 20194
17777 465 20195 20196
17778 465 20195 20197
17779 465 20198 20199
17780 465 20198 20200
17781 465 20201 20202
17782 465 20201 20203
17783 465 20204 20205
17784 465 20204 20206
17785 465 20207 20208
17786 465 20207 20209
17787 465 20210 20211
17788 465 20210 20212
17789 465 20213 20214
17790 465 20213 20215
17791 465 20216 20217
17792 465 20216 20218
17793 465 20219 20220
17794 465 20219 20221
17795 465 20222 20223
17796 465 20222 20224
17797 465 20225 20226
17798 465 20225 20227
17799 465 20228 20229
17800 465 20228 20230
17801 465 20231 20232
17802 465 20231 20233
17803 465 20234 20235
17804 465 20234 20236
17805 465 20237 20238
17806 465 20237 20239
17807 465 20240 20241
17808 465 20240 20242
17809 465 20243 20244
17810 465 20243 20245
17811 465 20246 20247
17812 465 20246 20248
17813 465 20249 20250
17814 465 20249 20251
17815 465 20252 20253
17816 465 20252 20254
17817 465 20255 20256
17818 465 20255 20257
17819 465 20258 20259
17820 465 20258 20260
17821 465 20261 20262
17822 465 20261 20263
17823 465 20264 20265
17824 465 20264 20266
17825 465 20267 20268
17826 465 20267 20269
17827 465 20270 20271
17828 465 20270 20272
17829 465 20273 20274
17830 465 20273 20275
17831 465 20276 20277
17832 465 20276 20278
17833 465 20279 20280
17834 465 20279 20281
17835 465 20282 20283
17836 465 20282 20284
17837 465 20285 20286
17838 465 20285 20287
17839 465 20288 20289
17840 465 20288 20290
17841 465 20291 20292
17842 465 20291 20293
17843 465 20294 20295
17844 465 20294 20296
17845 465 20297 20298
17846 465 20297 20299
17847 465 20300 20301
17848 465 20300 20302
17849 465 20303 20304
17850 465 20303 20305
17851 465 20306 20307
17852 465 20306 20308
17853 465 20309 20310
17854 465 20309 20311
17855 465 20312 20313
17856 465 20312 20314
17857 465 20315 20316
17858 465 20315 20317
17859 465 20318 20319
17860 465 20318 20320
17861 465 20321 20322
17862 465 20321 20323
17863 465 20324 20325
17864 465 20324 20326
17865 465 20327 20328
17866 465 20327 20329
17867 465 20330 20331
17868 465 20330 20332
17869 465 20333 20334
17870 465 20333 20335
17871 465 20336 20337
17872 465 20336 20338
17873 465 20339 20340
17874 465 20339 20341
17875 465 20342 20343
17876 465 20342 20344
17877 465 20345 20346
17878 465 20345 20347
17879 465 20348 20349
17880 465 20348 20350
17881 465 20351 20352
17882 465 20351 20353
17883 465 20354 20355
17884 465 20354 20356
17885 465 20357 20358
17886 465 20357 20359
17887 465 20360 20361
17888 465 20360 20362
17889 465 20363 20364
17890 465 20363 20365
17891 465 20366 20367
17892 465 20366 20368
17893 465 20369 20370
17894 465 20369 20371
17895 465 20372 20373
17896 465 20372 20374
17897 465 20375 20376
17898 465 20375 20377
17899 465 20378 20379
17900 465 20378 20380
17901 465 20381 20382
17902 465 20381 20383
17903 465 20384 20385
17904 465 20384 20386
17905 465 20387 20388
17906 465 20387 20389
17907 465 20390 20391
17908 465 20390 20392
17909 465 20393 20394
17910 465 20393 20395
17911 465 20396 20397
17912 465 20396 20398
17913 465 20399 20400
17914 465 20399 20401
17915 465 20402 20403
17916 465 20402 20404
17917 465 20405 20406
17918 465 20405 20407
17919 465 20408 20409
17920 465 20408 20410
17921 465 20411 20412
17922 465 20411 20413
17923 465 20414 20415
17924 465 20414 20416
17925 465 20417 20418
17926 465 20417 20419
17927 465 20420 20421
17928 465 20420 20422
17929 465 20423 20424
17930 465 20423 20425
17931 465 20426 20427
17932 465 20426 20428
17933 465 20429 20430
17934 465 20429 20431
17935 465 20432 20433
17936 465 20432 20434
17937 465 20435 20436
17938 465 20435 20437
17939 465 20438 20439
17940 465 20438 20440
17941 465 20441 20442
17942 465 20441 20443
17943 465 20444 20445
17944 465 20444 20446
17945 465 20447 20448
17946 465 20447 20449
17947 465 20450 20451
17948 465 20450 20452
17949 465 20453 20454
17950 465 20453 20455
17951 465 20456 20457
17952 465 20456 20458
17953 465 20459 20460
17954 465 20459 20461
17955 465 20462 20463
17956 465 20462 20464
17957 465 20465 20466
17958 465 20465 20467
17959 465 20468 20469
17960 465 20468 20470
17961 465 20471 20472
17962 465 20471 20473
17963 465 20474 20475
17964 465 20474 20476
17965 465 20477 20478
17966 465 20477 20479
17967 465 20480 20481
17968 465 20480 20482
17969 465 20483 20484
17970 465 20483 20485
17971 465 20486 20487
17972 465 20486 20488
17973 465 20489 20490
17974 465 20489 20491
17975 465 20492 20493
17976 465 20492 20494
17977 465 20495 20496
17978 465 20495 20497
17979 465 20498 20499
17980 465 20498 20500
17981 465 20501 20502
17982 465 20501 20503
17983 465 20504 20505
17984 465 20504 20506
17985 465 20507 20508
17986 465 20507 20509
17987 465 20510 20511
17988 465 20510 20512
17989 465 20513 20514
17990 465 20513 20515
17991 465 20516 20517
17992 465 20516 20518
17993 465 20519 20520
17994 465 20519 20521
17995 465 20522 20523
17996 465 20522 20524
17997 465 20525 20526
17998 465 20525 20527
17999 465 20528 20529
18000 465 20528 20530
18001 465 20531 20532
18002 465 20531 20533
18003 465 20534 20535
18004 465 20534 20536
18005 465 20537 20538
18006 465 20537 20539
18007 465 20540 20541
18008 465 20540 20542
18009 465 20543 20544
18010 465 20543 20545
18011 465 20546 20547
18012 465 20546 20548
18013 465 20549 20550
18014 465 20549 20551
18015 465 20552 20553
18016 465 20552 20554
18017 465 20555 20556
18018 465 20555 20557
18019 465 20558 20559
18020 465 20558 20560
18021 465 20561 20562
18022 465 20561 20563
18023 465 20564 20565
18024 465 20564 20566
18025 465 20567 20568
18026 465 20567 20569
18027 465 20570 20571
18028 465 20570 20572
18029 465 20573 20574
18030 465 20573 20575
18031 465 20576 20577
18032 465 20576 20578
18033 465 20579 20580
18034 465 20579 20581
18035 465 20582 20583
18036 465 20582 20584
18037 465 20585 20586
18038 465 20585 20587
18039 465 20588 20589
18040 465 20588 20590
18041 465 20591 20592
18042 465 20591 20593
18043 465 20594 20595
18044 465 20594 20596
18045 465 20597 20598
18046 465 20597 20599
18047 465 20600 20601
18048 465 20600 20602
18049 465 20603 20604
18050 465 20603 20605
18051 465 20606 20607
18052 465 20606 20608
18053 465 20609 20610
18054 465 20609 20611
18055 465 20612 20613
18056 465 20612 20614
18057 465 20615 20616
18058 465 20615 20617
18059 465 20618 20619
18060 465 20618 20620
18061 465 20621 20622
18062 465 20621 20623
18063 465 20624 20625
18064 465 20624 20626
18065 465 20627 20628
18066 465 20627 20629
18067 465 20630 20631
18068 465 20630 20632
18069 465 20633 20634
18070 465 20633 20635
18071 465 20636 20637
18072 465 20636 20638
18073 465 20639 20640
18074 465 20639 20641
18075 465 20642 20643
18076 465 20642 20644
18077 465 20645 20646
18078 465 20645 20647
18079 465 20648 20649
18080 465 20648 20650
18081 465 20651 20652
18082 465 20651 20653
18083 465 20654 20655
18084 465 20654 20656
18085 465 20657 20658
18086 465 20657 20659
18087 465 20660 20661
18088 465 20660 20662
18089 465 20663 20664
18090 465 20663 20665
18091 465 20666 20667
18092 465 20666 20668
18093 465 20669 20670
18094 465 20669 20671
18095 465 20672 20673
18096 465 20672 20674
18097 465 20675 20676
18098 465 20675 20677
18099 465 20678 20679
18100 465 20678 20680
18101 465 20681 20682
18102 465 20681 20683
18103 465 20684 20685
18104 465 20684 20686
18105 465 20687 20688
18106 465 20687 20689
18107 465 20690 20691
18108 465 20690 20692
18109 465 20693 20694
18110 465 20693 20695
18111 465 20696 20697
18112 465 20696 20698
18113 465 20699 20700
18114 465 20699 20701
18115 465 20702 20703
18116 465 20702 20704
18117 465 20705 20706
18118 465 20705 20707
18119 465 20708 20709
18120 465 20708 20710
18121 465 20711 20712
18122 465 20711 20713
18123 465 20714 20715
18124 465 20714 20716
18125 465 20717 20718
18126 465 20717 20719
18127 465 20720 20721
18128 465 20720 20722
18129 465 20723 20724
18130 465 20723 20725
18131 465 20726 20727
18132 465 20726 20728
18133 465 20729 20730
18134 465 20729 20731
18135 465 20732 20733
18136 465 20732 20734
18137 465 20735 20736
18138 465 20735 20737
18139 465 20738 20739
18140 465 20738 20740
18141 465 20741 20742
18142 465 20741 20743
18143 465 20744 20745
18144 465 20744 20746
18145 465 20747 20748
18146 465 20747 20749
18147 465 20750 20751
18148 465 20750 20752
18149 465 20753 20754
18150 465 20753 20755
18151 465 20756 20757
18152 465 20756 20758
18153 465 20759 20760
18154 465 20759 20761
18155 465 20762 20763
18156 465 20762 20764
18157 465 20765 20766
18158 465 20765 20767
18159 465 20768 20769
18160 465 20768 20770
18161 465 20771 20772
18162 465 20771 20773
18163 465 20774 20775
18164 465 20774 20776
18165 465 20777 20778
18166 465 20777 20779
18167 465 20780 20781
18168 465 20780 20782
18169 465 20783 20784
18170 465 20783 20785
18171 465 20786 20787
18172 465 20786 20788
18173 465 20789 20790
18174 465 20789 20791
18175 465 20792 20793
18176 465 20792 20794
18177 465 20795 20796
18178 465 20795 20797
18179 465 20798 20799
18180 465 20798 20800
18181 465 20801 20802
18182 465 20801 20803
18183 465 20804 20805
18184 465 20804 20806
18185 465 20807 20808
18186 465 20807 20809
18187 465 20810 20811
18188 465 20810 20812
18189 465 20813 20814
18190 465 20813 20815
18191 465 20816 20817
18192 465 20816 20818
18193 465 20819 20820
18194 465 20819 20821
18195 465 20822 20823
18196 465 20822 20824
18197 465 20825 20826
18198 465 20825 20827
18199 465 20828 20829
18200 465 20828 20830
18201 465 20831 20832
18202 465 20831 20833
18203 465 20834 20835
18204 465 20834 20836
18205 465 20837 20838
18206 465 20837 20839
18207 465 20840 20841
18208 465 20840 20842
18209 465 20843 20844
18210 465 20843 20845
18211 465 20846 20847
18212 465 20846 20848
18213 465 20849 20850
18214 465 20849 20851
18215 465 20852 20853
18216 465 20852 20854
18217 465 20855 20856
18218 465 20855 20857
18219 465 20858 20859
18220 465 20858 20860
18221 465 20861 20862
18222 465 20861 20863
18223 465 20864 20865
18224 465 20864 20866
18225 465 20867 20868
18226 465 20867 20869
18227 465 20870 20871
18228 465 20870 20872
18229 465 20873 20874
18230 465 20873 20875
18231 465 20876 20877
18232 465 20876 20878
18233 465 20879 20880
18234 465 20879 20881
18235 465 20882 20883
18236 465 20882 20884
18237 465 20885 20886
18238 465 20885 20887
18239 465 20888 20889
18240 465 20888 20890
18241 465 20891 20892
18242 465 20891 20893
18243 465 20894 20895
18244 465 20894 20896
18245 465 20897 20898
18246 465 20897 20899
18247 465 20900 20901
18248 465 20900 20902
18249 465 20903 20904
18250 465 20903 20905
18251 465 20906 20907
18252 465 20906 20908
18253 465 20909 20910
18254 465 20909 20911
18255 465 20912 20913
18256 465 20912 20914
18257 465 20915 20916
18258 465 20915 20917
18259 465 20918 20919
18260 465 20918 20920
18261 465 20921 20922
18262 465 20921 20923
18263 465 20924 20925
18264 465 20924 20926
18265 465 20927 20928
18266 465 20927 20929
18267 465 20930 20931
18268 465 20930 20932
18269 465 20933 20934
18270 465 20933 20935
18271 465 20936 20937
18272 465 20936 20938
18273 465 20939 20940
18274 465 20939 20941
18275 465 20942 20943
18276 465 20942 20944
18277 465 20945 20946
18278 465 20945 20947
18279 465 20948 20949
18280 465 20948 20950
18281 465 20951 20952
18282 465 20951 20953
18283 465 20954 20955
18284 465 20954 20956
18285 465 20957 20958
18286 465 20957 20959
18287 465 20960 20961
18288 465 20960 20962
18289 465 20963 20964
18290 465 20963 20965
18291 465 20966 20967
18292 465 20966 20968
18293 465 20969 20970
18294 465 20969 20971
18295 465 20972 20973
18296 465 20972 20974
18297 465 20975 20976
18298 465 20975 20977
18299 465 20978 20979
18300 465 20978 20980
18301 465 20981 20982
18302 465 20981 20983
18303 465 20984 20985
18304 465 20984 20986
18305 465 20987 20988
18306 465 20987 20989
18307 465 20990 20991
18308 465 20990 20992
18309 465 20993 20994
18310 465 20993 20995
18311 465 20996 20997
18312 465 20996 20998
18313 465 20999 21000
18314 465 20999 21001
18315 465 21002 21003
18316 465 21002 21004
18317 465 21005 21006
18318 465 21005 21007
18319 465 21008 21009
18320 465 21008 21010
18321 465 21011 21012
18322 465 21011 21013
18323 465 21014 21015
18324 465 21014 21016
18325 465 21017 21018
18326 465 21017 21019
18327 465 21020 21021
18328 465 21020 21022
18329 465 21023 21024
18330 465 21023 21025
18331 465 21026 21027
18332 465 21026 21028
18333 465 21029 21030
18334 465 21029 21031
18335 465 21032 21033
18336 465 21032 21034
18337 465 21035 21036
18338 465 21035 21037
18339 465 21038 21039
18340 465 21038 21040
18341 465 21041 21042
18342 465 21041 21043
18343 465 21044 21045
18344 465 21044 21046
18345 465 21047 21048
18346 465 21047 21049
18347 465 21050 21051
18348 465 21050 21052
18349 465 21053 21054
18350 465 21053 21055
18351 465 21056 21057
18352 465 21056 21058
18353 465 21059 21060
18354 465 21059 21061
18355 465 21062 21063
18356 465 21062 21064
18357 465 21065 21066
18358 465 21065 21067
18359 465 21068 21069
18360 465 21068 21070
18361 465 21071 21072
18362 465 21071 21073
18363 465 21074 21075
18364 465 21074 21076
18365 465 21077 21078
18366 465 21077 21079
18367 465 21080 21081
18368 465 21080 21082
18369 465 21083 21084
18370 465 21083 21085
18371 465 21086 21087
18372 465 21086 21088
18373 465 21089 21090
18374 465 21089 21091
18375 465 21092 21093
18376 465 21092 21094
18377 465 21095 21096
18378 465 21095 21097
18379 465 21098 21099
18380 465 21098 21100
18381 465 21101 21102
18382 465 21101 21103
18383 465 21104 21105
18384 465 21104 21106
18385 465 21107 21108
18386 465 21107 21109
18387 465 21110 21111
18388 465 21110 21112
18389 465 21113 21114
18390 465 21113 21115
18391 465 21116 21117
18392 465 21116 21118
18393 465 21119 21120
18394 465 21119 21121
18395 465 21122 21123
18396 465 21122 21124
18397 465 21125 21126
18398 465 21125 21127
18399 465 21128 21129
18400 465 21128 21130
18401 465 21131 21132
18402 465 21131 21133
18403 465 21134 21135
18404 465 21134 21136
18405 465 21137 21138
18406 465 21137 21139
18407 465 21140 21141
18408 465 21140 21142
18409 465 21143 21144
18410 465 21143 21145
18411 465 21146 21147
18412 465 21146 21148
18413 465 21149 21150
18414 465 21149 21151
18415 465 21152 21153
18416 465 21152 21154
18417 465 21155 21156
18418 465 21155 21157
18419 465 21158 21159
18420 465 21158 21160
18421 465 21161 21162
18422 465 21161 21163
18423 465 21164 21165
18424 465 21164 21166
18425 465 21167 21168
18426 465 21167 21169
18427 465 21170 21171
18428 465 21170 21172
18429 465 21173 21174
18430 465 21173 21175
18431 465 21176 21177
18432 465 21176 21178
18433 465 21179 21180
18434 465 21179 21181
18435 465 21182 21183
18436 465 21182 21184
18437 465 21185 21186
18438 465 21185 21187
18439 465 21188 21189
18440 465 21188 21190
18441 465 21191 21192
18442 465 21191 21193
18443 465 21194 21195
18444 465 21194 21196
18445 465 21197 21198
18446 465 21197 21199
18447 465 21200 21201
18448 465 21200 21202
18449 465 21203 21204
18450 465 21203 21205
18451 465 21206 21207
18452 465 21206 21208
18453 465 21209 21210
18454 465 21209 21211
18455 465 21212 21213
18456 465 21212 21214
18457 465 21215 21216
18458 465 21215 21217
18459 465 21218 21219
18460 465 21218 21220
18461 465 21221 21222
18462 465 21221 21223
18463 465 21224 21225
18464 465 21224 21226
18465 465 21227 21228
18466 465 21227 21229
18467 465 21230 21231
18468 465 21230 21232
18469 465 21233 21234
18470 465 21233 21235
18471 465 21236 21237
18472 465 21236 21238
18473 465 21239 21240
18474 465 21239 21241
18475 465 21242 21243
18476 465 21242 21244
18477 465 21245 21246
18478 465 21245 21247
18479 465 21248 21249
18480 465 21248 21250
18481 465 21251 21252
18482 465 21251 21253
18483 465 21254 21255
18484 465 21254 21256
18485 465 21257 21258
18486 465 21257 21259
18487 465 21260 21261
18488 465 21260 21262
18489 465 21263 21264
18490 465 21263 21265
18491 465 21266 21267
18492 465 21266 21268
18493 465 21269 21270
18494 465 21269 21271
18495 465 21272 21273
18496 465 21272 21274
18497 465 21275 21276
18498 465 21275 21277
18499 465 21278 21279
18500 465 21278 21280
18501 465 21281 21282
18502 465 21281 21283
18503 465 21284 21285
18504 465 21284 21286
18505 465 21287 21288
18506 465 21287 21289
18507 465 21290 21291
18508 465 21290 21292
18509 465 21293 21294
18510 465 21293 21295
18511 465 21296 21297
18512 465 21296 21298
18513 465 21299 21300
18514 465 21299 21301
18515 465 21302 21303
18516 465 21302 21304
18517 465 21305 21306
18518 465 21305 21307
18519 465 21308 21309
18520 465 21308 21310
18521 465 21311 21312
18522 465 21311 21313
18523 465 21314 21315
18524 465 21314 21316
18525 465 21317 21318
18526 465 21317 21319
18527 465 21320 21321
18528 465 21320 21322
18529 465 21323 21324
18530 465 21323 21325
18531 465 21326 21327
18532 465 21326 21328
18533 465 21329 21330
18534 465 21329 21331
18535 465 21332 21333
18536 465 21332 21334
18537 465 21335 21336
18538 465 21335 21337
18539 465 21338 21339
18540 465 21338 21340
18541 465 21341 21342
18542 465 21341 21343
18543 465 21344 21345
18544 465 21344 21346
18545 465 21347 21348
18546 465 21347 21349
18547 465 21350 21351
18548 465 21350 21352
18549 465 21353 21354
18550 465 21353 21355
18551 465 21356 21357
18552 465 21356 21358
18553 465 21359 21360
18554 465 21359 21361
18555 465 21362 21363
18556 465 21362 21364
18557 465 21365 21366
18558 465 21365 21367
18559 465 21368 21369
18560 465 21368 21370
18561 465 21371 21372
18562 465 21371 21373
18563 465 21374 21375
18564 465 21374 21376
18565 465 21377 21378
18566 465 21377 21379
18567 465 21380 21381
18568 465 21380 21382
18569 465 21383 21384
18570 465 21383 21385
18571 465 21386 21387
18572 465 21386 21388
18573 465 21389 21390
18574 465 21389 21391
18575 465 21392 21393
18576 465 21392 21394
18577 465 21395 21396
18578 465 21395 21397
18579 465 21398 21399
18580 465 21398 21400
18581 465 21401 21402
18582 465 21401 21403
18583 465 21404 21405
18584 465 21404 21406
18585 465 21407 21408
18586 465 21407 21409
18587 465 21410 21411
18588 465 21410 21412
18589 465 21413 21414
18590 465 21413 21415
18591 465 21416 21417
18592 465 21416 21418
18593 465 21419 21420
18594 465 21419 21421
18595 465 21422 21423
18596 465 21422 21424
18597 465 21425 21426
18598 465 21425 21427
18599 465 21428 21429
18600 465 21428 21430
18601 465 21431 21432
18602 465 21431 21433
18603 465 21434 21435
18604 465 21434 21436
18605 465 21437 21438
18606 465 21437 21439
18607 465 21440 21441
18608 465 21440 21442
18609 465 21443 21444
18610 465 21443 21445
18611 465 21446 21447
18612 465 21446 21448
18613 465 21449 21450
18614 465 21449 21451
18615 465 21452 21453
18616 465 21452 21454
18617 465 21455 21456
18618 465 21455 21457
18619 465 21458 21459
18620 465 21458 21460
18621 465 21461 21462
18622 465 21461 21463
18623 465 21464 21465
18624 465 21464 21466
18625 465 21467 21468
18626 465 21467 21469
18627 465 21470 21471
18628 465 21470 21472
18629 465 21473 21474
18630 465 21473 21475
18631 465 21476 21477
18632 465 21476 21478
18633 465 21479 21480
18634 465 21479 21481
18635 465 21482 21483
18636 465 21482 21484
18637 465 21485 21486
18638 465 21485 21487
18639 465 21488 21489
18640 465 21488 21490
18641 465 21491 21492
18642 465 21491 21493
18643 465 21494 21495
18644 465 21494 21496
18645 465 21497 21498
18646 465 21497 21499
18647 465 21500 21501
18648 465 21500 21502
18649 465 21503 21504
18650 465 21503 21505
18651 465 21506 21507
18652 465 21506 21508
18653 465 21509 21510
18654 465 21509 21511
18655 465 21512 21513
18656 465 21512 21514
18657 465 21515 21516
18658 465 21515 21517
18659 465 21518 21519
18660 465 21518 21520
18661 465 21521 21522
18662 465 21521 21523
18663 465 21524 21525
18664 465 21524 21526
18665 465 21527 21528
18666 465 21527 21529
18667 465 21530 21531
18668 465 21530 21532
18669 465 21533 21534
18670 465 21533 21535
18671 465 21536 21537
18672 465 21536 21538
18673 465 21539 21540
18674 465 21539 21541
18675 465 21542 21543
18676 465 21542 21544
18677 465 21545 21546
18678 465 21545 21547
18679 465 21548 21549
18680 465 21548 21550
18681 465 21551 21552
18682 465 21551 21553
18683 465 21554 21555
18684 465 21554 21556
18685 465 21557 21558
18686 465 21557 21559
18687 465 21560 21561
18688 465 21560 21562
18689 465 21563 21564
18690 465 21563 21565
18691 465 21566 21567
18692 465 21566 21568
18693 465 21569 21570
18694 465 21569 21571
18695 465 21572 21573
18696 465 21572 21574
18697 465 21575 21576
18698 465 21575 21577
18699 465 21578 21579
18700 465 21578 21580
18701 465 21581 21582
18702 465 21581 21583
18703 465 21584 21585
18704 465 21584 21586
18705 465 21587 21588
18706 465 21587 21589
18707 465 21590 21591
18708 465 21590 21592
18709 465 21593 21594
18710 465 21593 21595
18711 465 21596 21597
18712 465 21596 21598
18713 465 21599 21600
18714 465 21599 21601
18715 465 21602 21603
18716 465 21602 21604
18717 465 21605 21606
18718 465 21605 21607
18719 465 21608 21609
18720 465 21608 21610
18721 465 21611 21612
18722 465 21611 21613
18723 465 21614 21615
18724 465 21614 21616
18725 465 21617 21618
18726 465 21617 21619
18727 465 21620 21621
18728 465 21620 21622
18729 465 21623 21624
18730 465 21623 21625
18731 465 21626 21627
18732 465 21626 21628
18733 465 21629 21630
18734 465 21629 21631
18735 465 21632 21633
18736 465 21632 21634
18737 465 21635 21636
18738 465 21635 21637
18739 465 21638 21639
18740 465 21638 21640
18741 465 21641 21642
18742 465 21641 21643
18743 465 21644 21645
18744 465 21644 21646
18745 465 21647 21648
18746 465 21647 21649
18747 465 21650 21651
18748 465 21650 21652
18749 465 21653 21654
18750 465 21653 21655
18751 465 21656 21657
18752 465 21656 21658
18753 465 21659 21660
18754 465 21659 21661
18755 465 21662 21663
18756 465 21662 21664
18757 465 21665 21666
18758 465 21665 21667
18759 465 21668 21669
18760 465 21668 21670
18761 465 21671 21672
18762 465 21671 21673
18763 465 21674 21675
18764 465 21674 21676
18765 465 21677 21678
18766 465 21677 21679
18767 465 21680 21681
18768 465 21680 21682
18769 465 21683 21684
18770 465 21683 21685
18771 465 21686 21687
18772 465 21686 21688
18773 465 21689 21690
18774 465 21689 21691
18775 465 21692 21693
18776 465 21692 21694
18777 465 21695 21696
18778 465 21695 21697
18779 465 21698 21699
18780 465 21698 21700
18781 465 21701 21702
18782 465 21701 21703
18783 465 21704 21705
18784 465 21704 21706
18785 465 21707 21708
18786 465 21707 21709
18787 465 21710 21711
18788 465 21710 21712
18789 465 21713 21714
18790 465 21713 21715
18791 465 21716 21717
18792 465 21716 21718
18793 465 21719 21720
18794 465 21719 21721
18795 465 21722 21723
18796 465 21722 21724
18797 465 21725 21726
18798 465 21725 21727
18799 465 21728 21729
18800 465 21728 21730
18801 465 21731 21732
18802 465 21731 21733
18803 465 21734 21735
18804 465 21734 21736
18805 465 21737 21738
18806 465 21737 21739
18807 465 21740 21741
18808 465 21740 21742
18809 465 21743 21744
18810 465 21743 21745
18811 465 21746 21747
18812 465 21746 21748
18813 465 21749 21750
18814 465 21749 21751
18815 465 21752 21753
18816 465 21752 21754
18817 465 21755 21756
18818 465 21755 21757
18819 465 21758 21759
18820 465 21758 21760
18821 465 21761 21762
18822 465 21761 21763
18823 465 21764 21765
18824 465 21764 21766
18825 465 21767 21768
18826 465 21767 21769
18827 465 21770 21771
18828 465 21770 21772
18829 465 21773 21774
18830 465 21773 21775
18831 465 21776 21777
18832 465 21776 21778
18833 465 21779 21780
18834 465 21779 21781
18835 465 21782 21783
18836 465 21782 21784
18837 465 21785 21786
18838 465 21785 21787
18839 465 21788 21789
18840 465 21788 21790
18841 465 21791 21792
18842 465 21791 21793
18843 465 21794 21795
18844 465 21794 21796
18845 465 21797 21798
18846 465 21797 21799
18847 465 21800 21801
18848 465 21800 21802
18849 465 21803 21804
18850 465 21803 21805
18851 465 21806 21807
18852 465 21806 21808
18853 465 21809 21810
18854 465 21809 21811
18855 465 21812 21813
18856 465 21812 21814
18857 465 21815 21816
18858 465 21815 21817
18859 465 21818 21819
18860 465 21818 21820
18861 465 21821 21822
18862 465 21821 21823
18863 465 21824 21825
18864 465 21824 21826
18865 465 21827 21828
18866 465 21827 21829
18867 465 21830 21831
18868 465 21830 21832
18869 465 21833 21834
18870 465 21833 21835
18871 465 21836 21837
18872 465 21836 21838
18873 465 21839 21840
18874 465 21839 21841
18875 465 21842 21843
18876 465 21842 21844
18877 465 21845 21846
18878 465 21845 21847
18879 465 21848 21849
18880 465 21848 21850
18881 465 21851 21852
18882 465 21851 21853
18883 465 21854 21855
18884 465 21854 21856
18885 465 21857 21858
18886 465 21857 21859
18887 465 21860 21861
18888 465 21860 21862
18889 465 21863 21864
18890 465 21863 21865
18891 465 21866 21867
18892 465 21866 21868
18893 465 21869 21870
18894 465 21869 21871
18895 465 21872 21873
18896 465 21872 21874
18897 465 21875 21876
18898 465 21875 21877
18899 465 21878 21879
18900 465 21878 21880
18901 465 21881 21882
18902 465 21881 21883
18903 465 21884 21885
18904 465 21884 21886
18905 465 21887 21888
18906 465 21887 21889
18907 465 21890 21891
18908 465 21890 21892
18909 465 21893 21894
18910 465 21893 21895
18911 465 21896 21897
18912 465 21896 21898
18913 465 21899 21900
18914 465 21899 21901
18915 465 21902 21903
18916 465 21902 21904
18917 465 21905 21906
18918 465 21905 21907
18919 465 21908 21909
18920 465 21908 21910
18921 465 21911 21912
18922 465 21911 21913
18923 465 21914 21915
18924 465 21914 21916
18925 465 21917 21918
18926 465 21917 21919
18927 465 21920 21921
18928 465 21920 21922
18929 465 21923 21924
18930 465 21923 21925
18931 465 21926 21927
18932 465 21926 21928
18933 465 21929 21930
18934 465 21929 21931
18935 465 21932 21933
18936 465 21932 21934
18937 465 21935 21936
18938 465 21935 21937
18939 465 21938 21939
18940 465 21938 21940
18941 465 21941 21942
18942 465 21941 21943
18943 465 21944 21945
18944 465 21944 21946
18945 465 21947 21948
18946 465 21947 21949
18947 465 21950 21951
18948 465 21950 21952
18949 465 21953 21954
18950 465 21953 21955
18951 465 21956 21957
18952 465 21956 21958
18953 465 21959 21960
18954 465 21959 21961
18955 465 21962 21963
18956 465 21962 21964
18957 465 21965 21966
18958 465 21965 21967
18959 465 21968 21969
18960 465 21968 21970
18961 465 21971 21972
18962 465 21971 21973
18963 465 21974 21975
18964 465 21974 21976
18965 465 21977 21978
18966 465 21977 21979
18967 465 21980 21981
18968 465 21980 21982
18969 465 21983 21984
18970 465 21983 21985
18971 465 21986 21987
18972 465 21986 21988
18973 465 21989 21990
18974 465 21989 21991
18975 465 21992 21993
18976 465 21992 21994
18977 465 21995 21996
18978 465 21995 21997
18979 465 21998 21999
18980 465 21998 22000
18981 465 22001 22002
18982 465 22001 22003
18983 465 22004 22005
18984 465 22004 22006
18985 465 22007 22008
18986 465 22007 22009
18987 465 22010 22011
18988 465 22010 22012
18989 465 22013 22014
18990 465 22013 22015
18991 465 22016 22017
18992 465 22016 22018
18993 465 22019 22020
18994 465 22019 22021
18995 465 22022 22023
18996 465 22022 22024
18997 465 22025 22026
18998 465 22025 22027
18999 465 22028 22029
19000 465 22028 22030
19001 465 22031 22032
19002 465 22031 22033
19003 465 22034 22035
19004 465 22034 22036
19005 465 22037 22038
19006 465 22037 22039
19007 465 22040 22041
19008 465 22040 22042
19009 465 22043 22044
19010 465 22043 22045
19011 465 22046 22047
19012 465 22046 22048
19013 465 22049 22050
19014 465 22049 22051
19015 465 22052 22053
19016 465 22052 22054
19017 465 22055 22056
19018 465 22055 22057
19019 465 22058 22059
19020 465 22058 22060
19021 465 22061 22062
19022 465 22061 22063
19023 465 22064 22065
19024 465 22064 22066
19025 465 22067 22068
19026 465 22067 22069
19027 465 22070 22071
19028 465 22070 22072
19029 465 22073 22074
19030 465 22073 22075
19031 465 22076 22077
19032 465 22076 22078
19033 465 22079 22080
19034 465 22079 22081
19035 465 22082 22083
19036 465 22082 22084
19037 465 22085 22086
19038 465 22085 22087
19039 465 22088 22089
19040 465 22088 22090
19041 465 22091 22092
19042 465 22091 22093
19043 465 22094 22095
19044 465 22094 22096
19045 465 22097 22098
19046 465 22097 22099
19047 465 22100 22101
19048 465 22100 22102
19049 465 22103 22104
19050 465 22103 22105
19051 465 22106 22107
19052 465 22106 22108
19053 465 22109 22110
19054 465 22109 22111
19055 465 22112 22113
19056 465 22112 22114
19057 465 22115 22116
19058 465 22115 22117
19059 465 22118 22119
19060 465 22118 22120
19061 465 22121 22122
19062 465 22121 22123
19063 465 22124 22125
19064 465 22124 22126
19065 465 22127 22128
19066 465 22127 22129
19067 465 22130 22131
19068 465 22130 22132
19069 465 22133 22134
19070 465 22133 22135
19071 465 22136 22137
19072 465 22136 22138
19073 465 22139 22140
19074 465 22139 22141
19075 465 22142 22143
19076 465 22142 22144
19077 465 22145 22146
19078 465 22145 22147
19079 465 22148 22149
19080 465 22148 22150
19081 465 22151 22152
19082 465 22151 22153
19083 465 22154 22155
19084 465 22154 22156
19085 465 22157 22158
19086 465 22157 22159
19087 465 22160 22161
19088 465 22160 22162
19089 465 22163 22164
19090 465 22163 22165
19091 465 22166 22167
19092 465 22166 22168
19093 465 22169 22170
19094 465 22169 22171
19095 465 22172 22173
19096 465 22172 22174
19097 465 22175 22176
19098 465 22175 22177
19099 465 22178 22179
19100 465 22178 22180
19101 465 22181 22182
19102 465 22181 22183
19103 465 22184 22185
19104 465 22184 22186
19105 465 22187 22188
19106 465 22187 22189
19107 465 22190 22191
19108 465 22190 22192
19109 465 22193 22194
19110 465 22193 22195
19111 465 22196 22197
19112 465 22196 22198
19113 465 22199 22200
19114 465 22199 22201
19115 465 22202 22203
19116 465 22202 22204
19117 465 22205 22206
19118 465 22205 22207
19119 465 22208 22209
19120 465 22208 22210
19121 465 22211 22212
19122 465 22211 22213
19123 465 22214 22215
19124 465 22214 22216
19125 465 22217 22218
19126 465 22217 22219
19127 465 22220 22221
19128 465 22220 22222
19129 465 22223 22224
19130 465 22223 22225
19131 465 22226 22227
19132 465 22226 22228
19133 465 22229 22230
19134 465 22229 22231
19135 465 22232 22233
19136 465 22232 22234
19137 465 22235 22236
19138 465 22235 22237
19139 465 22238 22239
19140 465 22238 22240
19141 465 22241 22242
19142 465 22241 22243
19143 465 22244 22245
19144 465 22244 22246
19145 465 22247 22248
19146 465 22247 22249
19147 465 22250 22251
19148 465 22250 22252
19149 465 22253 22254
19150 465 22253 22255
19151 465 22256 22257
19152 465 22256 22258
19153 465 22259 22260
19154 465 22259 22261
19155 465 22262 22263
19156 465 22262 22264
19157 465 22265 22266
19158 465 22265 22267
19159 465 22268 22269
19160 465 22268 22270
19161 465 22271 22272
19162 465 22271 22273
19163 465 22274 22275
19164 465 22274 22276
19165 465 22277 22278
19166 465 22277 22279
19167 465 22280 22281
19168 465 22280 22282
19169 465 22283 22284
19170 465 22283 22285
19171 465 22286 22287
19172 465 22286 22288
19173 465 22289 22290
19174 465 22289 22291
19175 465 22292 22293
19176 465 22292 22294
19177 465 22295 22296
19178 465 22295 22297
19179 465 22298 22299
19180 465 22298 22300
19181 465 22301 22302
19182 465 22301 22303
19183 465 22304 22305
19184 465 22304 22306
19185 465 22307 22308
19186 465 22307 22309
19187 465 22310 22311
19188 465 22310 22312
19189 465 22313 22314
19190 465 22313 22315
19191 465 22316 22317
19192 465 22316 22318
19193 465 22319 22320
19194 465 22319 22321
19195 465 22322 22323
19196 465 22322 22324
19197 465 22325 22326
19198 465 22325 22327
19199 465 22328 22329
19200 465 22328 22330
19201 465 22331 22332
19202 465 22331 22333
19203 465 22334 22335
19204 465 22334 22336
19205 465 22337 22338
19206 465 22337 22339
19207 465 22340 22341
19208 465 22340 22342
19209 465 22343 22344
19210 465 22343 22345
19211 465 22346 22347
19212 465 22346 22348
19213 465 22349 22350
19214 465 22349 22351
19215 465 22352 22353
19216 465 22352 22354
19217 465 22355 22356
19218 465 22355 22357
19219 465 22358 22359
19220 465 22358 22360
19221 465 22361 22362
19222 465 22361 22363
19223 465 22364 22365
19224 465 22364 22366
19225 465 22367 22368
19226 465 22367 22369
19227 465 22370 22371
19228 465 22370 22372
19229 465 22373 22374
19230 465 22373 22375
19231 465 22376 22377
19232 465 22376 22378
19233 465 22379 22380
19234 465 22379 22381
19235 465 22382 22383
19236 465 22382 22384
19237 465 22385 22386
19238 465 22385 22387
19239 465 22388 22389
19240 465 22388 22390
19241 465 22391 22392
19242 465 22391 22393
19243 465 22394 22395
19244 465 22394 22396
19245 465 22397 22398
19246 465 22397 22399
19247 465 22400 22401
19248 465 22400 22402
19249 465 22403 22404
19250 465 22403 22405
19251 465 22406 22407
19252 465 22406 22408
19253 465 22409 22410
19254 465 22409 22411
19255 465 22412 22413
19256 465 22412 22414
19257 465 22415 22416
19258 465 22415 22417
19259 465 22418 22419
19260 465 22418 22420
19261 465 22421 22422
19262 465 22421 22423
19263 465 22424 22425
19264 465 22424 22426
19265 465 22427 22428
19266 465 22427 22429
19267 465 22430 22431
19268 465 22430 22432
19269 465 22433 22434
19270 465 22433 22435
19271 465 22436 22437
19272 465 22436 22438
19273 465 22439 22440
19274 465 22439 22441
19275 465 22442 22443
19276 465 22442 22444
19277 465 22445 22446
19278 465 22445 22447
19279 465 22448 22449
19280 465 22448 22450
19281 465 22451 22452
19282 465 22451 22453
19283 465 22454 22455
19284 465 22454 22456
19285 465 22457 22458
19286 465 22457 22459
19287 465 22460 22461
19288 465 22460 22462
19289 465 22463 22464
19290 465 22463 22465
19291 465 22466 22467
19292 465 22466 22468
19293 465 22469 22470
19294 465 22469 22471
19295 465 22472 22473
19296 465 22472 22474
19297 465 22475 22476
19298 465 22475 22477
19299 465 22478 22479
19300 465 22478 22480
19301 465 22481 22482
19302 465 22481 22483
19303 465 22484 22485
19304 465 22484 22486
19305 465 22487 22488
19306 465 22487 22489
19307 465 22490 22491
19308 465 22490 22492
19309 465 22493 22494
19310 465 22493 22495
19311 465 22496 22497
19312 465 22496 22498
19313 465 22499 22500
19314 465 22499 22501
19315 465 22502 22503
19316 465 22502 22504
19317 465 22505 22506
19318 465 22505 22507
19319 465 22508 22509
19320 465 22508 22510
19321 465 22511 22512
19322 465 22511 22513
19323 465 22514 22515
19324 465 22514 22516
19325 465 22517 22518
19326 465 22517 22519
19327 465 22520 22521
19328 465 22520 22522
19329 465 22523 22524
19330 465 22523 22525
19331 465 22526 22527
19332 465 22526 22528
19333 465 22529 22530
19334 465 22529 22531
19335 465 22532 22533
19336 465 22532 22534
19337 465 22535 22536
19338 465 22535 22537
19339 465 22538 22539
19340 465 22538 22540
19341 465 22541 22542
19342 465 22541 22543
19343 465 22544 22545
19344 465 22544 22546
19345 465 22547 22548
19346 465 22547 22549
19347 465 22550 22551
19348 465 22550 22552
19349 465 22553 22554
19350 465 22553 22555
19351 465 22556 22557
19352 465 22556 22558
19353 465 22559 22560
19354 465 22559 22561
19355 465 22562 22563
19356 465 22562 22564
19357 465 22565 22566
19358 465 22565 22567
19359 465 22568 22569
19360 465 22568 22570
19361 465 22571 22572
19362 465 22571 22573
19363 465 22574 22575
19364 465 22574 22576
19365 465 22577 22578
19366 465 22577 22579
19367 465 22580 22581
19368 465 22580 22582
19369 465 22583 22584
19370 465 22583 22585
19371 465 22586 22587
19372 465 22586 22588
19373 465 22589 22590
19374 465 22589 22591
19375 465 22592 22593
19376 465 22592 22594
19377 465 22595 22596
19378 465 22595 22597
19379 465 22598 22599
19380 465 22598 22600
19381 465 22601 22602
19382 465 22601 22603
19383 465 22604 22605
19384 465 22604 22606
19385 465 22607 22608
19386 465 22607 22609
19387 465 22610 22611
19388 465 22610 22612
19389 465 22613 22614
19390 465 22613 22615
19391 465 22616 22617
19392 465 22616 22618
19393 465 22619 22620
19394 465 22619 22621
19395 465 22622 22623
19396 465 22622 22624
19397 465 22625 22626
19398 465 22625 22627
19399 465 22628 22629
19400 465 22628 22630
19401 465 22631 22632
19402 465 22631 22633
19403 465 22634 22635
19404 465 22634 22636
19405 465 22637 22638
19406 465 22637 22639
19407 465 22640 22641
19408 465 22640 22642
19409 465 22643 22644
19410 465 22643 22645
19411 465 22646 22647
19412 465 22646 22648
19413 465 22649 22650
19414 465 22649 22651
19415 465 22652 22653
19416 465 22652 22654
19417 465 22655 22656
19418 465 22655 22657
19419 465 22658 22659
19420 465 22658 22660
19421 465 22661 22662
19422 465 22661 22663
19423 465 22664 22665
19424 465 22664 22666
19425 465 22667 22668
19426 465 22667 22669
19427 465 22670 22671
19428 465 22670 22672
19429 465 22673 22674
19430 465 22673 22675
19431 465 22676 22677
19432 465 22676 22678
19433 465 22679 22680
19434 465 22679 22681
19435 465 22682 22683
19436 465 22682 22684
19437 465 22685 22686
19438 465 22685 22687
19439 465 22688 22689
19440 465 22688 22690
19441 465 22691 22692
19442 465 22691 22693
19443 465 22694 22695
19444 465 22694 22696
19445 465 22697 22698
19446 465 22697 22699
19447 465 22700 22701
19448 465 22700 22702
19449 465 22703 22704
19450 465 22703 22705
19451 465 22706 22707
19452 465 22706 22708
19453 465 22709 22710
19454 465 22709 22711
19455 465 22712 22713
19456 465 22712 22714
19457 465 22715 22716
19458 465 22715 22717
19459 465 22718 22719
19460 465 22718 22720
19461 465 22721 22722
19462 465 22721 22723
19463 465 22724 22725
19464 465 22724 22726
19465 465 22727 22728
19466 465 22727 22729
19467 465 22730 22731
19468 465 22730 22732
19469 465 22733 22734
19470 465 22733 22735
19471 465 22736 22737
19472 465 22736 22738
19473 465 22739 22740
19474 465 22739 22741
19475 465 22742 22743
19476 465 22742 22744
19477 465 22745 22746
19478 465 22745 22747
19479 465 22748 22749
19480 465 22748 22750
19481 465 22751 22752
19482 465 22751 22753
19483 465 22754 22755
19484 465 22754 22756
19485 465 22757 22758
19486 465 22757 22759
19487 465 22760 22761
19488 465 22760 22762
19489 465 22763 22764
19490 465 22763 22765
19491 465 22766 22767
19492 465 22766 22768
19493 465 22769 22770
19494 465 22769 22771
19495 465 22772 22773
19496 465 22772 22774
19497 465 22775 22776
19498 465 22775 22777
19499 465 22778 22779
19500 465 22778 22780
19501 465 22781 22782
19502 465 22781 22783
19503 465 22784 22785
19504 465 22784 22786
19505 465 22787 22788
19506 465 22787 22789
19507 465 22790 22791
19508 465 22790 22792
19509 465 22793 22794
19510 465 22793 22795
19511 465 22796 22797
19512 465 22796 22798
19513 465 22799 22800
19514 465 22799 22801
19515 465 22802 22803
19516 465 22802 22804
19517 465 22805 22806
19518 465 22805 22807
19519 465 22808 22809
19520 465 22808 22810
19521 465 22811 22812
19522 465 22811 22813
19523 465 22814 22815
19524 465 22814 22816
19525 465 22817 22818
19526 465 22817 22819
19527 465 22820 22821
19528 465 22820 22822
19529 465 22823 22824
19530 465 22823 22825
19531 465 22826 22827
19532 465 22826 22828
19533 465 22829 22830
19534 465 22829 22831
19535 465 22832 22833
19536 465 22832 22834
19537 465 22835 22836
19538 465 22835 22837
19539 465 22838 22839
19540 465 22838 22840
19541 465 22841 22842
19542 465 22841 22843
19543 465 22844 22845
19544 465 22844 22846
19545 465 22847 22848
19546 465 22847 22849
19547 465 22850 22851
19548 465 22850 22852
19549 465 22853 22854
19550 465 22853 22855
19551 465 22856 22857
19552 465 22856 22858
19553 465 22859 22860
19554 465 22859 22861
19555 465 22862 22863
19556 465 22862 22864
19557 465 22865 22866
19558 465 22865 22867
19559 465 22868 22869
19560 465 22868 22870
19561 465 22871 22872
19562 465 22871 22873
19563 465 22874 22875
19564 465 22874 22876
19565 465 22877 22878
19566 465 22877 22879
19567 465 22880 22881
19568 465 22880 22882
19569 465 22883 22884
19570 465 22883 22885
19571 465 22886 22887
19572 465 22886 22888
19573 465 22889 22890
19574 465 22889 22891
19575 465 22892 22893
19576 465 22892 22894
19577 465 22895 22896
19578 465 22895 22897
19579 465 22898 22899
19580 465 22898 22900
19581 465 22901 22902
19582 465 22901 22903
19583 465 22904 22905
19584 465 22904 22906
19585 465 22907 22908
19586 465 22907 22909
19587 465 22910 22911
19588 465 22910 22912
19589 465 22913 22914
19590 465 22913 22915
19591 465 22916 22917
19592 465 22916 22918
19593 465 22919 22920
19594 465 22919 22921
19595 465 22922 22923
19596 465 22922 22924
19597 465 22925 22926
19598 465 22925 22927
19599 465 22928 22929
19600 465 22928 22930
19601 465 22931 22932
19602 465 22931 22933
19603 465 22934 22935
19604 465 22934 22936
19605 465 22937 22938
19606 465 22937 22939
19607 465 22940 22941
19608 465 22940 22942
19609 465 22943 22944
19610 465 22943 22945
19611 465 22946 22947
19612 465 22946 22948
19613 465 22949 22950
19614 465 22949 22951
19615 465 22952 22953
19616 465 22952 22954
19617 465 22955 22956
19618 465 22955 22957
19619 465 22958 22959
19620 465 22958 22960
19621 465 22961 22962
19622 465 22961 22963
19623 465 22964 22965
19624 465 22964 22966
19625 465 22967 22968
19626 465 22967 22969
19627 465 22970 22971
19628 465 22970 22972
19629 465 22973 22974
19630 465 22973 22975
19631 465 22976 22977
19632 465 22976 22978
19633 465 22979 22980
19634 465 22979 22981
19635 465 22982 22983
19636 465 22982 22984
19637 465 22985 22986
19638 465 22985 22987
19639 465 22988 22989
19640 465 22988 22990
19641 465 22991 22992
19642 465 22991 22993
19643 465 22994 22995
19644 465 22994 22996
19645 465 22997 22998
19646 465 22997 22999
19647 465 23000 23001
19648 465 23000 23002
19649 465 23003 23004
19650 465 23003 23005
19651 465 23006 23007
19652 465 23006 23008
19653 465 23009 23010
19654 465 23009 23011
19655 465 23012 23013
19656 465 23012 23014
19657 465 23015 23016
19658 465 23015 23017
19659 465 23018 23019
19660 465 23018 23020
19661 465 23021 23022
19662 465 23021 23023
19663 465 23024 23025
19664 465 23024 23026
19665 465 23027 23028
19666 465 23027 23029
19667 465 23030 23031
19668 465 23030 23032
19669 465 23033 23034
19670 465 23033 23035
19671 465 23036 23037
19672 465 23036 23038
19673 465 23039 23040
19674 465 23039 23041
19675 465 23042 23043
19676 465 23042 23044
19677 465 23045 23046
19678 465 23045 23047
19679 465 23048 23049
19680 465 23048 23050
19681 465 23051 23052
19682 465 23051 23053
19683 465 23054 23055
19684 465 23054 23056
19685 465 23057 23058
19686 465 23057 23059
19687 465 23060 23061
19688 465 23060 23062
19689 465 23063 23064
19690 465 23063 23065
19691 465 23066 23067
19692 465 23066 23068
19693 465 23069 23070
19694 465 23069 23071
19695 465 23072 23073
19696 465 23072 23074
19697 465 23075 23076
19698 465 23075 23077
19699 465 23078 23079
19700 465 23078 23080
19701 465 23081 23082
19702 465 23081 23083
19703 465 23084 23085
19704 465 23084 23086
19705 465 23087 23088
19706 465 23087 23089
19707 465 23090 23091
19708 465 23090 23092
19709 465 23093 23094
19710 465 23093 23095
19711 465 23096 23097
19712 465 23096 23098
19713 465 23099 23100
19714 465 23099 23101
19715 465 23102 23103
19716 465 23102 23104
19717 465 23105 23106
19718 465 23105 23107
19719 465 23108 23109
19720 465 23108 23110
19721 465 23111 23112
19722 465 23111 23113
19723 465 23114 23115
19724 465 23114 23116
19725 465 23117 23118
19726 465 23117 23119
19727 465 23120 23121
19728 465 23120 23122
19729 465 23123 23124
19730 465 23123 23125
19731 465 23126 23127
19732 465 23126 23128
19733 465 23129 23130
19734 465 23129 23131
19735 465 23132 23133
19736 465 23132 23134
19737 465 23135 23136
19738 465 23135 23137
19739 465 23138 23139
19740 465 23138 23140
19741 465 23141 23142
19742 465 23141 23143
19743 465 23144 23145
19744 465 23144 23146
19745 465 23147 23148
19746 465 23147 23149
19747 465 23150 23151
19748 465 23150 23152
19749 465 23153 23154
19750 465 23153 23155
19751 465 23156 23157
19752 465 23156 23158
19753 465 23159 23160
19754 465 23159 23161
19755 465 23162 23163
19756 465 23162 23164
19757 465 23165 23166
19758 465 23165 23167
19759 465 23168 23169
19760 465 23168 23170
19761 465 23171 23172
19762 465 23171 23173
19763 465 23174 23175
19764 465 23174 23176
19765 465 23177 23178
19766 465 23177 23179
19767 465 23180 23181
19768 465 23180 23182
19769 465 23183 23184
19770 465 23183 23185
19771 465 23186 23187
19772 465 23186 23188
19773 465 23189 23190
19774 465 23189 23191
19775 465 23192 23193
19776 465 23192 23194
19777 465 23195 23196
19778 465 23195 23197
19779 465 23198 23199
19780 465 23198 23200
19781 465 23201 23202
19782 465 23201 23203
19783 465 23204 23205
19784 465 23204 23206
19785 465 23207 23208
19786 465 23207 23209
19787 465 23210 23211
19788 465 23210 23212
19789 465 23213 23214
19790 465 23213 23215
19791 465 23216 23217
19792 465 23216 23218
19793 465 23219 23220
19794 465 23219 23221
19795 465 23222 23223
19796 465 23222 23224
19797 465 23225 23226
19798 465 23225 23227
19799 465 23228 23229
19800 465 23228 23230
19801 465 23231 23232
19802 465 23231 23233
19803 465 23234 23235
19804 465 23234 23236
19805 465 23237 23238
19806 465 23237 23239
19807 465 23240 23241
19808 465 23240 23242
19809 465 23243 23244
19810 465 23243 23245
19811 465 23246 23247
19812 465 23246 23248
19813 465 23249 23250
19814 465 23249 23251
19815 465 23252 23253
19816 465 23252 23254
19817 465 23255 23256
19818 465 23255 23257
19819 465 23258 23259
19820 465 23258 23260
19821 465 23261 23262
19822 465 23261 23263
19823 465 23264 23265
19824 465 23264 23266
19825 465 23267 23268
19826 465 23267 23269
19827 465 23270 23271
19828 465 23270 23272
19829 465 23273 23274
19830 465 23273 23275
19831 465 23276 23277
19832 465 23276 23278
19833 465 23279 23280
19834 465 23279 23281
19835 465 23282 23283
19836 465 23282 23284
19837 465 23285 23286
19838 465 23285 23287
19839 465 23288 23289
19840 465 23288 23290
19841 465 23291 23292
19842 465 23291 23293
19843 465 23294 23295
19844 465 23294 23296
19845 465 23297 23298
19846 465 23297 23299
19847 465 23300 23301
19848 465 23300 23302
19849 465 23303 23304
19850 465 23303 23305
19851 465 23306 23307
19852 465 23306 23308
19853 465 23309 23310
19854 465 23309 23311
19855 465 23312 23313
19856 465 23312 23314
19857 465 23315 23316
19858 465 23315 23317
19859 465 23318 23319
19860 465 23318 23320
19861 465 23321 23322
19862 465 23321 23323
19863 465 23324 23325
19864 465 23324 23326
19865 465 23327 23328
19866 465 23327 23329
19867 465 23330 23331
19868 465 23330 23332
19869 465 23333 23334
19870 465 23333 23335
19871 465 23336 23337
19872 465 23336 23338
19873 465 23339 23340
19874 465 23339 23341
19875 465 23342 23343
19876 465 23342 23344
19877 465 23345 23346
19878 465 23345 23347
19879 465 23348 23349
19880 465 23348 23350
19881 465 23351 23352
19882 465 23351 23353
19883 465 23354 23355
19884 465 23354 23356
19885 465 23357 23358
19886 465 23357 23359
19887 465 23360 23361
19888 465 23360 23362
19889 465 23363 23364
19890 465 23363 23365
19891 465 23366 23367
19892 465 23366 23368
19893 465 23369 23370
19894 465 23369 23371
19895 465 23372 23373
19896 465 23372 23374
19897 465 23375 23376
19898 465 23375 23377
19899 465 23378 23379
19900 465 23378 23380
19901 465 23381 23382
19902 465 23381 23383
19903 465 23384 23385
19904 465 23384 23386
19905 465 23387 23388
19906 465 23387 23389
19907 465 23390 23391
19908 465 23390 23392
19909 465 23393 23394
19910 465 23393 23395
19911 465 23396 23397
19912 465 23396 23398
19913 465 23399 23400
19914 465 23399 23401
19915 465 23402 23403
19916 465 23402 23404
19917 465 23405 23406
19918 465 23405 23407
19919 465 23408 23409
19920 465 23408 23410
19921 465 23411 23412
19922 465 23411 23413
19923 465 23414 23415
19924 465 23414 23416
19925 465 23417 23418
19926 465 23417 23419
19927 465 23420 23421
19928 465 23420 23422
19929 465 23423 23424
19930 465 23423 23425
19931 465 23426 23427
19932 465 23426 23428
19933 465 23429 23430
19934 465 23429 23431
19935 465 23432 23433
19936 465 23432 23434
19937 465 23435 23436
19938 465 23435 23437
19939 465 23438 23439
19940 465 23438 23440
19941 465 23441 23442
19942 465 23441 23443
19943 465 23444 23445
19944 465 23444 23446
19945 465 23447 23448
19946 465 23447 23449
19947 465 23450 23451
19948 465 23450 23452
19949 465 23453 23454
19950 465 23453 23455
19951 465 23456 23457
19952 465 23456 23458
19953 465 23459 23460
19954 465 23459 23461
19955 465 23462 23463
19956 465 23462 23464
19957 465 23465 23466
19958 465 23465 23467
19959 465 23468 23469
19960 465 23468 23470
19961 465 23471 23472
19962 465 23471 23473
19963 465 23474 23475
19964 465 23474 23476
19965 465 23477 23478
19966 465 23477 23479
19967 465 23480 23481
19968 465 23480 23482
19969 465 23483 23484
19970 465 23483 23485
19971 465 23486 23487
19972 465 23486 23488
19973 465 23489 23490
19974 465 23489 23491
19975 465 23492 23493
19976 465 23492 23494
19977 465 23495 23496
19978 465 23495 23497
19979 465 23498 23499
19980 465 23498 23500
19981 465 23501 23502
19982 465 23501 23503
19983 465 23504 23505
19984 465 23504 23506
19985 465 23507 23508
19986 465 23507 23509
19987 465 23510 23511
19988 465 23510 23512
19989 465 23513 23514
19990 465 23513 23515
19991 465 23516 23517
19992 465 23516 23518
19993 465 23519 23520
19994 465 23519 23521
19995 465 23522 23523
19996 465 23522 23524
19997 465 23525 23526
19998 465 23525 23527
19999 465 23528 23529
20000 465 23528 23530
20001 465 23531 23532
20002 465 23531 23533
20003 465 23534 23535
20004 465 23534 23536
20005 465 23537 23538
20006 465 23537 23539
20007 465 23540 23541
20008 465 23540 23542
20009 465 23543 23544
20010 465 23543 23545
20011 465 23546 23547
20012 465 23546 23548
20013 465 23549 23550
20014 465 23549 23551
20015 465 23552 23553
20016 465 23552 23554
20017 465 23555 23556
20018 465 23555 23557
20019 465 23558 23559
20020 465 23558 23560
20021 465 23561 23562
20022 465 23561 23563
20023 465 23564 23565
20024 465 23564 23566
20025 465 23567 23568
20026 465 23567 23569
20027 465 23570 23571
20028 465 23570 23572
20029 465 23573 23574
20030 465 23573 23575
20031 465 23576 23577
20032 465 23576 23578
20033 465 23579 23580
20034 465 23579 23581
20035 465 23582 23583
20036 465 23582 23584
20037 465 23585 23586
20038 465 23585 23587
20039 465 23588 23589
20040 465 23588 23590
20041 465 23591 23592
20042 465 23591 23593
20043 465 23594 23595
20044 465 23594 23596
20045 465 23597 23598
20046 465 23597 23599
20047 465 23600 23601
20048 465 23600 23602
20049 465 23603 23604
20050 465 23603 23605
20051 465 23606 23607
20052 465 23606 23608
20053 465 23609 23610
20054 465 23609 23611
20055 465 23612 23613
20056 465 23612 23614
20057 465 23615 23616
20058 465 23615 23617
20059 465 23618 23619
20060 465 23618 23620
20061 465 23621 23622
20062 465 23621 23623
20063 465 23624 23625
20064 465 23624 23626
20065 465 23627 23628
20066 465 23627 23629
20067 465 23630 23631
20068 465 23630 23632
20069 465 23633 23634
20070 465 23633 23635
20071 465 23636 23637
20072 465 23636 23638
20073 465 23639 23640
20074 465 23639 23641
20075 465 23642 23643
20076 465 23642 23644
20077 465 23645 23646
20078 465 23645 23647
20079 465 23648 23649
20080 465 23648 23650
20081 465 23651 23652
20082 465 23651 23653
20083 465 23654 23655
20084 465 23654 23656
20085 465 23657 23658
20086 465 23657 23659
20087 465 23660 23661
20088 465 23660 23662
20089 465 23663 23664
20090 465 23663 23665
20091 465 23666 23667
20092 465 23666 23668
20093 465 23669 23670
20094 465 23669 23671
20095 465 23672 23673
20096 465 23672 23674
20097 465 23675 23676
20098 465 23675 23677
20099 465 23678 23679
20100 465 23678 23680
20101 465 23681 23682
20102 465 23681 23683
20103 465 23684 23685
20104 465 23684 23686
20105 465 23687 23688
20106 465 23687 23689
20107 465 23690 23691
20108 465 23690 23692
20109 465 23693 23694
20110 465 23693 23695
20111 465 23696 23697
20112 465 23696 23698
20113 465 23699 23700
20114 465 23699 23701
20115 465 23702 23703
20116 465 23702 23704
20117 465 23705 23706
20118 465 23705 23707
20119 465 23708 23709
20120 465 23708 23710
20121 465 23711 23712
20122 465 23711 23713
20123 465 23714 23715
20124 465 23714 23716
20125 465 23717 23718
20126 465 23717 23719
20127 465 23720 23721
20128 465 23720 23722
20129 465 23723 23724
20130 465 23723 23725
20131 465 23726 23727
20132 465 23726 23728
20133 465 23729 23730
20134 465 23729 23731
20135 465 23732 23733
20136 465 23732 23734
20137 465 23735 23736
20138 465 23735 23737
20139 465 23738 23739
20140 465 23738 23740
20141 465 23741 23742
20142 465 23741 23743
20143 465 23744 23745
20144 465 23744 23746
20145 465 23747 23748
20146 465 23747 23749
20147 465 23750 23751
20148 465 23750 23752
20149 465 23753 23754
20150 465 23753 23755
20151 465 23756 23757
20152 465 23756 23758
20153 465 23759 23760
20154 465 23759 23761
20155 465 23762 23763
20156 465 23762 23764
20157 465 23765 23766
20158 465 23765 23767
20159 465 23768 23769
20160 465 23768 23770
20161 465 23771 23772
20162 465 23771 23773
20163 465 23774 23775
20164 465 23774 23776
20165 465 23777 23778
20166 465 23777 23779
20167 465 23780 23781
20168 465 23780 23782
20169 465 23783 23784
20170 465 23783 23785
20171 465 23786 23787
20172 465 23786 23788
20173 465 23789 23790
20174 465 23789 23791
20175 465 23792 23793
20176 465 23792 23794
20177 465 23795 23796
20178 465 23795 23797
20179 465 23798 23799
20180 465 23798 23800
20181 465 23801 23802
20182 465 23801 23803
20183 465 23804 23805
20184 465 23804 23806
20185 465 23807 23808
20186 465 23807 23809
20187 465 23810 23811
20188 465 23810 23812
20189 465 23813 23814
20190 465 23813 23815
20191 465 23816 23817
20192 465 23816 23818
20193 465 23819 23820
20194 465 23819 23821
20195 465 23822 23823
20196 465 23822 23824
20197 465 23825 23826
20198 465 23825 23827
20199 465 23828 23829
20200 465 23828 23830
20201 465 23831 23832
20202 465 23831 23833
20203 465 23834 23835
20204 465 23834 23836
20205 465 23837 23838
20206 465 23837 23839
20207 465 23840 23841
20208 465 23840 23842
20209 465 23843 23844
20210 465 23843 23845
20211 465 23846 23847
20212 465 23846 23848
20213 465 23849 23850
20214 465 23849 23851
20215 465 23852 23853
20216 465 23852 23854
20217 465 23855 23856
20218 465 23855 23857
20219 465 23858 23859
20220 465 23858 23860
20221 465 23861 23862
20222 465 23861 23863
20223 465 23864 23865
20224 465 23864 23866
20225 465 23867 23868
20226 465 23867 23869
20227 465 23870 23871
20228 465 23870 23872
20229 465 23873 23874
20230 465 23873 23875
20231 465 23876 23877
20232 465 23876 23878
20233 465 23879 23880
20234 465 23879 23881
20235 465 23882 23883
20236 465 23882 23884
20237 465 23885 23886
20238 465 23885 23887
20239 465 23888 23889
20240 465 23888 23890
20241 465 23891 23892
20242 465 23891 23893
20243 465 23894 23895
20244 465 23894 23896
20245 465 23897 23898
20246 465 23897 23899
20247 465 23900 23901
20248 465 23900 23902
20249 465 23903 23904
20250 465 23903 23905
20251 465 23906 23907
20252 465 23906 23908
20253 465 23909 23910
20254 465 23909 23911
20255 465 23912 23913
20256 465 23912 23914
20257 465 23915 23916
20258 465 23915 23917
20259 465 23918 23919
20260 465 23918 23920
20261 465 23921 23922
20262 465 23921 23923
20263 465 23924 23925
20264 465 23924 23926
20265 465 23927 23928
20266 465 23927 23929
20267 465 23930 23931
20268 465 23930 23932
20269 465 23933 23934
20270 465 23933 23935
20271 465 23936 23937
20272 465 23936 23938
20273 465 23939 23940
20274 465 23939 23941
20275 465 23942 23943
20276 465 23942 23944
20277 465 23945 23946
20278 465 23945 23947
20279 465 23948 23949
20280 465 23948 23950
20281 465 23951 23952
20282 465 23951 23953
20283 465 23954 23955
20284 465 23954 23956
20285 465 23957 23958
20286 465 23957 23959
20287 465 23960 23961
20288 465 23960 23962
20289 465 23963 23964
20290 465 23963 23965
20291 465 23966 23967
20292 465 23966 23968
20293 465 23969 23970
20294 465 23969 23971
20295 465 23972 23973
20296 465 23972 23974
20297 465 23975 23976
20298 465 23975 23977
20299 465 23978 23979
20300 465 23978 23980
20301 465 23981 23982
20302 465 23981 23983
20303 465 23984 23985
20304 465 23984 23986
20305 465 23987 23988
20306 465 23987 23989
20307 465 23990 23991
20308 465 23990 23992
20309 465 23993 23994
20310 465 23993 23995
20311 465 23996 23997
20312 465 23996 23998
20313 465 23999 24000
20314 465 23999 24001
20315 465 24002 24003
20316 465 24002 24004
20317 465 24005 24006
20318 465 24005 24007
20319 465 24008 24009
20320 465 24008 24010
20321 465 24011 24012
20322 465 24011 24013
20323 465 24014 24015
20324 465 24014 24016
20325 465 24017 24018
20326 465 24017 24019
20327 465 24020 24021
20328 465 24020 24022
20329 465 24023 24024
20330 465 24023 24025
20331 465 24026 24027
20332 465 24026 24028
20333 465 24029 24030
20334 465 24029 24031
20335 465 24032 24033
20336 465 24032 24034
20337 465 24035 24036
20338 465 24035 24037
20339 465 24038 24039
20340 465 24038 24040
20341 465 24041 24042
20342 465 24041 24043
20343 465 24044 24045
20344 465 24044 24046
20345 465 24047 24048
20346 465 24047 24049
20347 465 24050 24051
20348 465 24050 24052
20349 465 24053 24054
20350 465 24053 24055
20351 465 24056 24057
20352 465 24056 24058
20353 465 24059 24060
20354 465 24059 24061
20355 465 24062 24063
20356 465 24062 24064
20357 465 24065 24066
20358 465 24065 24067
20359 465 24068 24069
20360 465 24068 24070
20361 465 24071 24072
20362 465 24071 24073
20363 465 24074 24075
20364 465 24074 24076
20365 465 24077 24078
20366 465 24077 24079
20367 465 24080 24081
20368 465 24080 24082
20369 465 24083 24084
20370 465 24083 24085
20371 465 24086 24087
20372 465 24086 24088
20373 465 24089 24090
20374 465 24089 24091
20375 465 24092 24093
20376 465 24092 24094
20377 465 24095 24096
20378 465 24095 24097
20379 465 24098 24099
20380 465 24098 24100
20381 465 24101 24102
20382 465 24101 24103
20383 465 24104 24105
20384 465 24104 24106
20385 465 24107 24108
20386 465 24107 24109
20387 465 24110 24111
20388 465 24110 24112
20389 465 24113 24114
20390 465 24113 24115
20391 465 24116 24117
20392 465 24116 24118
20393 465 24119 24120
20394 465 24119 24121
20395 465 24122 24123
20396 465 24122 24124
20397 465 24125 24126
20398 465 24125 24127
20399 465 24128 24129
20400 465 24128 24130
20401 465 24131 24132
20402 465 24131 24133
20403 465 24134 24135
20404 465 24134 24136
20405 465 24137 24138
20406 465 24137 24139
20407 465 24140 24141
20408 465 24140 24142
20409 465 24143 24144
20410 465 24143 24145
20411 465 24146 24147
20412 465 24146 24148
20413 465 24149 24150
20414 465 24149 24151
20415 465 24152 24153
20416 465 24152 24154
20417 465 24155 24156
20418 465 24155 24157
20419 465 24158 24159
20420 465 24158 24160
20421 465 24161 24162
20422 465 24161 24163
20423 465 24164 24165
20424 465 24164 24166
20425 465 24167 24168
20426 465 24167 24169
20427 465 24170 24171
20428 465 24170 24172
20429 465 24173 24174
20430 465 24173 24175
20431 465 24176 24177
20432 465 24176 24178
20433 465 24179 24180
20434 465 24179 24181
20435 465 24182 24183
20436 465 24182 24184
20437 465 24185 24186
20438 465 24185 24187
20439 465 24188 24189
20440 465 24188 24190
20441 465 24191 24192
20442 465 24191 24193
20443 465 24194 24195
20444 465 24194 24196
20445 465 24197 24198
20446 465 24197 24199
20447 465 24200 24201
20448 465 24200 24202
20449 465 24203 24204
20450 465 24203 24205
20451 465 24206 24207
20452 465 24206 24208
20453 465 24209 24210
20454 465 24209 24211
20455 465 24212 24213
20456 465 24212 24214
20457 465 24215 24216
20458 465 24215 24217
20459 465 24218 24219
20460 465 24218 24220
20461 465 24221 24222
20462 465 24221 24223
20463 465 24224 24225
20464 465 24224 24226
20465 465 24227 24228
20466 465 24227 24229
20467 465 24230 24231
20468 465 24230 24232
20469 465 24233 24234
20470 465 24233 24235
20471 465 24236 24237
20472 465 24236 24238
20473 465 24239 24240
20474 465 24239 24241
20475 465 24242 24243
20476 465 24242 24244
20477 465 24245 24246
20478 465 24245 24247
20479 465 24248 24249
20480 465 24248 24250
20481 465 24251 24252
20482 465 24251 24253
20483 465 24254 24255
20484 465 24254 24256
20485 465 24257 24258
20486 465 24257 24259
20487 465 24260 24261
20488 465 24260 24262
20489 465 24263 24264
20490 465 24263 24265
20491 465 24266 24267
20492 465 24266 24268
20493 465 24269 24270
20494 465 24269 24271
20495 465 24272 24273
20496 465 24272 24274
20497 465 24275 24276
20498 465 24275 24277
20499 465 24278 24279
20500 465 24278 24280
20501 465 24281 24282
20502 465 24281 24283
20503 465 24284 24285
20504 465 24284 24286
20505 465 24287 24288
20506 465 24287 24289
20507 465 24290 24291
20508 465 24290 24292
20509 465 24293 24294
20510 465 24293 24295
20511 465 24296 24297
20512 465 24296 24298
20513 465 24299 24300
20514 465 24299 24301
20515 465 24302 24303
20516 465 24302 24304
20517 465 24305 24306
20518 465 24305 24307
20519 465 24308 24309
20520 465 24308 24310
20521 465 24311 24312
20522 465 24311 24313
20523 465 24314 24315
20524 465 24314 24316
20525 465 24317 24318
20526 465 24317 24319
20527 465 24320 24321
20528 465 24320 24322
20529 465 24323 24324
20530 465 24323 24325
20531 465 24326 24327
20532 465 24326 24328
20533 465 24329 24330
20534 465 24329 24331
20535 465 24332 24333
20536 465 24332 24334
20537 465 24335 24336
20538 465 24335 24337
20539 465 24338 24339
20540 465 24338 24340
20541 465 24341 24342
20542 465 24341 24343
20543 465 24344 24345
20544 465 24344 24346
20545 465 24347 24348
20546 465 24347 24349
20547 465 24350 24351
20548 465 24350 24352
20549 465 24353 24354
20550 465 24353 24355
20551 465 24356 24357
20552 465 24356 24358
20553 465 24359 24360
20554 465 24359 24361
20555 465 24362 24363
20556 465 24362 24364
20557 465 24365 24366
20558 465 24365 24367
20559 465 24368 24369
20560 465 24368 24370
20561 465 24371 24372
20562 465 24371 24373
20563 465 24374 24375
20564 465 24374 24376
20565 465 24377 24378
20566 465 24377 24379
20567 465 24380 24381
20568 465 24380 24382
20569 465 24383 24384
20570 465 24383 24385
20571 465 24386 24387
20572 465 24386 24388
20573 465 24389 24390
20574 465 24389 24391
20575 465 24392 24393
20576 465 24392 24394
20577 465 24395 24396
20578 465 24395 24397
20579 465 24398 24399
20580 465 24398 24400
20581 465 24401 24402
20582 465 24401 24403
20583 465 24404 24405
20584 465 24404 24406
20585 465 24407 24408
20586 465 24407 24409
20587 465 24410 24411
20588 465 24410 24412
20589 465 24413 24414
20590 465 24413 24415
20591 465 24416 24417
20592 465 24416 24418
20593 465 24419 24420
20594 465 24419 24421
20595 465 24422 24423
20596 465 24422 24424
20597 465 24425 24426
20598 465 24425 24427
20599 465 24428 24429
20600 465 24428 24430
20601 465 24431 24432
20602 465 24431 24433
20603 465 24434 24435
20604 465 24434 24436
20605 465 24437 24438
20606 465 24437 24439
20607 465 24440 24441
20608 465 24440 24442
20609 465 24443 24444
20610 465 24443 24445
20611 465 24446 24447
20612 465 24446 24448
20613 465 24449 24450
20614 465 24449 24451
20615 465 24452 24453
20616 465 24452 24454
20617 465 24455 24456
20618 465 24455 24457
20619 465 24458 24459
20620 465 24458 24460
20621 465 24461 24462
20622 465 24461 24463
20623 465 24464 24465
20624 465 24464 24466
20625 465 24467 24468
20626 465 24467 24469
20627 465 24470 24471
20628 465 24470 24472
20629 465 24473 24474
20630 465 24473 24475
20631 465 24476 24477
20632 465 24476 24478
20633 465 24479 24480
20634 465 24479 24481
20635 465 24482 24483
20636 465 24482 24484
20637 465 24485 24486
20638 465 24485 24487
20639 465 24488 24489
20640 465 24488 24490
20641 465 24491 24492
20642 465 24491 24493
20643 465 24494 24495
20644 465 24494 24496
20645 465 24497 24498
20646 465 24497 24499
20647 465 24500 24501
20648 465 24500 24502
20649 465 24503 24504
20650 465 24503 24505
20651 465 24506 24507
20652 465 24506 24508
20653 465 24509 24510
20654 465 24509 24511
20655 465 24512 24513
20656 465 24512 24514
20657 465 24515 24516
20658 465 24515 24517
20659 465 24518 24519
20660 465 24518 24520
20661 465 24521 24522
20662 465 24521 24523
20663 465 24524 24525
20664 465 24524 24526
20665 465 24527 24528
20666 465 24527 24529
20667 465 24530 24531
20668 465 24530 24532
20669 465 24533 24534
20670 465 24533 24535
20671 465 24536 24537
20672 465 24536 24538
20673 465 24539 24540
20674 465 24539 24541
20675 465 24542 24543
20676 465 24542 24544
20677 465 24545 24546
20678 465 24545 24547
20679 465 24548 24549
20680 465 24548 24550
20681 465 24551 24552
20682 465 24551 24553
20683 465 24554 24555
20684 465 24554 24556
20685 465 24557 24558
20686 465 24557 24559
20687 465 24560 24561
20688 465 24560 24562
20689 465 24563 24564
20690 465 24563 24565
20691 465 24566 24567
20692 465 24566 24568
20693 465 24569 24570
20694 465 24569 24571
20695 465 24572 24573
20696 465 24572 24574
20697 465 24575 24576
20698 465 24575 24577
20699 465 24578 24579
20700 465 24578 24580
20701 465 24581 24582
20702 465 24581 24583
20703 465 24584 24585
20704 465 24584 24586
20705 465 24587 24588
20706 465 24587 24589
20707 465 24590 24591
20708 465 24590 24592
20709 465 24593 24594
20710 465 24593 24595
20711 465 24596 24597
20712 465 24596 24598
20713 465 24599 24600
20714 465 24599 24601
20715 465 24602 24603
20716 465 24602 24604
20717 465 24605 24606
20718 465 24605 24607
20719 465 24608 24609
20720 465 24608 24610
20721 465 24611 24612
20722 465 24611 24613
20723 465 24614 24615
20724 465 24614 24616
20725 465 24617 24618
20726 465 24617 24619
20727 465 24620 24621
20728 465 24620 24622
20729 465 24623 24624
20730 465 24623 24625
20731 465 24626 24627
20732 465 24626 24628
20733 465 24629 24630
20734 465 24629 24631
20735 465 24632 24633
20736 465 24632 24634
20737 465 24635 24636
20738 465 24635 24637
20739 465 24638 24639
20740 465 24638 24640
20741 465 24641 24642
20742 465 24641 24643
20743 465 24644 24645
20744 465 24644 24646
20745 465 24647 24648
20746 465 24647 24649
20747 465 24650 24651
20748 465 24650 24652
20749 465 24653 24654
20750 465 24653 24655
20751 465 24656 24657
20752 465 24656 24658
20753 465 24659 24660
20754 465 24659 24661
20755 465 24662 24663
20756 465 24662 24664
20757 465 24665 24666
20758 465 24665 24667
20759 465 24668 24669
20760 465 24668 24670
20761 465 24671 24672
20762 465 24671 24673
20763 465 24674 24675
20764 465 24674 24676
20765 465 24677 24678
20766 465 24677 24679
20767 465 24680 24681
20768 465 24680 24682
20769 465 24683 24684
20770 465 24683 24685
20771 465 24686 24687
20772 465 24686 24688
20773 465 24689 24690
20774 465 24689 24691
20775 465 24692 24693
20776 465 24692 24694
20777 465 24695 24696
20778 465 24695 24697
20779 465 24698 24699
20780 465 24698 24700
20781 465 24701 24702
20782 465 24701 24703
20783 465 24704 24705
20784 465 24704 24706
20785 465 24707 24708
20786 465 24707 24709
20787 465 24710 24711
20788 465 24710 24712
20789 465 24713 24714
20790 465 24713 24715
20791 465 24716 24717
20792 465 24716 24718
20793 465 24719 24720
20794 465 24719 24721
20795 465 24722 24723
20796 465 24722 24724
20797 465 24725 24726
20798 465 24725 24727
20799 465 24728 24729
20800 465 24728 24730
20801 465 24731 24732
20802 465 24731 24733
20803 465 24734 24735
20804 465 24734 24736
20805 465 24737 24738
20806 465 24737 24739
20807 465 24740 24741
20808 465 24740 24742
20809 465 24743 24744
20810 465 24743 24745
20811 465 24746 24747
20812 465 24746 24748
20813 465 24749 24750
20814 465 24749 24751
20815 465 24752 24753
20816 465 24752 24754
20817 465 24755 24756
20818 465 24755 24757
20819 465 24758 24759
20820 465 24758 24760
20821 465 24761 24762
20822 465 24761 24763
20823 465 24764 24765
20824 465 24764 24766
20825 465 24767 24768
20826 465 24767 24769
20827 465 24770 24771
20828 465 24770 24772
20829 465 24773 24774
20830 465 24773 24775
20831 465 24776 24777
20832 465 24776 24778
20833 465 24779 24780
20834 465 24779 24781
20835 465 24782 24783
20836 465 24782 24784
20837 465 24785 24786
20838 465 24785 24787
20839 465 24788 24789
20840 465 24788 24790
20841 465 24791 24792
20842 465 24791 24793
20843 465 24794 24795
20844 465 24794 24796
20845 465 24797 24798
20846 465 24797 24799
20847 465 24800 24801
20848 465 24800 24802
20849 465 24803 24804
20850 465 24803 24805
20851 465 24806 24807
20852 465 24806 24808
20853 465 24809 24810
20854 465 24809 24811
20855 465 24812 24813
20856 465 24812 24814
20857 465 24815 24816
20858 465 24815 24817
20859 465 24818 24819
20860 465 24818 24820
20861 465 24821 24822
20862 465 24821 24823
20863 465 24824 24825
20864 465 24824 24826
20865 465 24827 24828
20866 465 24827 24829
20867 465 24830 24831
20868 465 24830 24832
20869 465 24833 24834
20870 465 24833 24835
20871 465 24836 24837
20872 465 24836 24838
20873 465 24839 24840
20874 465 24839 24841
20875 465 24842 24843
20876 465 24842 24844
20877 465 24845 24846
20878 465 24845 24847
20879 465 24848 24849
20880 465 24848 24850
20881 465 24851 24852
20882 465 24851 24853
20883 465 24854 24855
20884 465 24854 24856
20885 465 24857 24858
20886 465 24857 24859
20887 465 24860 24861
20888 465 24860 24862
20889 465 24863 24864
20890 465 24863 24865
20891 465 24866 24867
20892 465 24866 24868
20893 465 24869 24870
20894 465 24869 24871
20895 465 24872 24873
20896 465 24872 24874
20897 465 24875 24876
20898 465 24875 24877
20899 465 24878 24879
20900 465 24878 24880
20901 465 24881 24882
20902 465 24881 24883
20903 465 24884 24885
20904 465 24884 24886
20905 465 24887 24888
20906 465 24887 24889
20907 465 24890 24891
20908 465 24890 24892
20909 465 24893 24894
20910 465 24893 24895
20911 465 24896 24897
20912 465 24896 24898
20913 465 24899 24900
20914 465 24899 24901
20915 465 24902 24903
20916 465 24902 24904
20917 465 24905 24906
20918 465 24905 24907
20919 465 24908 24909
20920 465 24908 24910
20921 465 24911 24912
20922 465 24911 24913
20923 465 24914 24915
20924 465 24914 24916
20925 465 24917 24918
20926 465 24917 24919
20927 465 24920 24921
20928 465 24920 24922
20929 465 24923 24924
20930 465 24923 24925
20931 465 24926 24927
20932 465 24926 24928
20933 465 24929 24930
20934 465 24929 24931
20935 465 24932 24933
20936 465 24932 24934
20937 465 24935 24936
20938 465 24935 24937
20939 465 24938 24939
20940 465 24938 24940
20941 465 24941 24942
20942 465 24941 24943
20943 465 24944 24945
20944 465 24944 24946
20945 465 24947 24948
20946 465 24947 24949
20947 465 24950 24951
20948 465 24950 24952
20949 465 24953 24954
20950 465 24953 24955
20951 465 24956 24957
20952 465 24956 24958
20953 465 24959 24960
20954 465 24959 24961
20955 465 24962 24963
20956 465 24962 24964
20957 465 24965 24966
20958 465 24965 24967
20959 465 24968 24969
20960 465 24968 24970
20961 465 24971 24972
20962 465 24971 24973
20963 465 24974 24975
20964 465 24974 24976
20965 465 24977 24978
20966 465 24977 24979
20967 465 24980 24981
20968 465 24980 24982
20969 465 24983 24984
20970 465 24983 24985
20971 465 24986 24987
20972 465 24986 24988
20973 465 24989 24990
20974 465 24989 24991
20975 465 24992 24993
20976 465 24992 24994
20977 465 24995 24996
20978 465 24995 24997
20979 465 24998 24999
20980 465 24998 25000
20981 465 25001 25002
20982 465 25001 25003
20983 465 25004 25005
20984 465 25004 25006
20985 465 25007 25008
20986 465 25007 25009
20987 465 25010 25011
20988 465 25010 25012
20989 465 25013 25014
20990 465 25013 25015
20991 465 25016 25017
20992 465 25016 25018
20993 465 25019 25020
20994 465 25019 25021
20995 465 25022 25023
20996 465 25022 25024
20997 465 25025 25026
20998 465 25025 25027
20999 465 25028 25029
21000 465 25028 25030
21001 465 25031 25032
21002 465 25031 25033
21003 465 25034 25035
21004 465 25034 25036
21005 465 25037 25038
21006 465 25037 25039
21007 465 25040 25041
21008 465 25040 25042
21009 465 25043 25044
21010 465 25043 25045
21011 465 25046 25047
21012 465 25046 25048
21013 465 25049 25050
21014 465 25049 25051
21015 465 25052 25053
21016 465 25052 25054
21017 465 25055 25056
21018 465 25055 25057
21019 465 25058 25059
21020 465 25058 25060
21021 465 25061 25062
21022 465 25061 25063
21023 465 25064 25065
21024 465 25064 25066
21025 465 25067 25068
21026 465 25067 25069
21027 465 25070 25071
21028 465 25070 25072
21029 465 25073 25074
21030 465 25073 25075
21031 465 25076 25077
21032 465 25076 25078
21033 465 25079 25080
21034 465 25079 25081
21035 465 25082 25083
21036 465 25082 25084
21037 465 25085 25086
21038 465 25085 25087
21039 465 25088 25089
21040 465 25088 25090
21041 465 25091 25092
21042 465 25091 25093
21043 465 25094 25095
21044 465 25094 25096
21045 465 25097 25098
21046 465 25097 25099
21047 465 25100 25101
21048 465 25100 25102
21049 465 25103 25104
21050 465 25103 25105
21051 465 25106 25107
21052 465 25106 25108
21053 465 25109 25110
21054 465 25109 25111
21055 465 25112 25113
21056 465 25112 25114
21057 465 25115 25116
21058 465 25115 25117
21059 465 25118 25119
21060 465 25118 25120
21061 465 25121 25122
21062 465 25121 25123
21063 465 25124 25125
21064 465 25124 25126
21065 465 25127 25128
21066 465 25127 25129
21067 465 25130 25131
21068 465 25130 25132
21069 465 25133 25134
21070 465 25133 25135
21071 465 25136 25137
21072 465 25136 25138
21073 465 25139 25140
21074 465 25139 25141
21075 465 25142 25143
21076 465 25142 25144
21077 465 25145 25146
21078 465 25145 25147
21079 465 25148 25149
21080 465 25148 25150
21081 465 25151 25152
21082 465 25151 25153
21083 465 25154 25155
21084 465 25154 25156
21085 465 25157 25158
21086 465 25157 25159
21087 465 25160 25161
21088 465 25160 25162
21089 465 25163 25164
21090 465 25163 25165
21091 465 25166 25167
21092 465 25166 25168
21093 465 25169 25170
21094 465 25169 25171
21095 465 25172 25173
21096 465 25172 25174
21097 465 25175 25176
21098 465 25175 25177
21099 465 25178 25179
21100 465 25178 25180
21101 465 25181 25182
21102 465 25181 25183
21103 465 25184 25185
21104 465 25184 25186
21105 465 25187 25188
21106 465 25187 25189
21107 465 25190 25191
21108 465 25190 25192
21109 465 25193 25194
21110 465 25193 25195
21111 465 25196 25197
21112 465 25196 25198
21113 465 25199 25200
21114 465 25199 25201
21115 465 25202 25203
21116 465 25202 25204
21117 465 25205 25206
21118 465 25205 25207
21119 465 25208 25209
21120 465 25208 25210
21121 465 25211 25212
21122 465 25211 25213
21123 465 25214 25215
21124 465 25214 25216
21125 465 25217 25218
21126 465 25217 25219
21127 465 25220 25221
21128 465 25220 25222
21129 465 25223 25224
21130 465 25223 25225
21131 465 25226 25227
21132 465 25226 25228
21133 465 25229 25230
21134 465 25229 25231
21135 465 25232 25233
21136 465 25232 25234
21137 465 25235 25236
21138 465 25235 25237
21139 465 25238 25239
21140 465 25238 25240
21141 465 25241 25242
21142 465 25241 25243
21143 465 25244 25245
21144 465 25244 25246
21145 465 25247 25248
21146 465 25247 25249
21147 465 25250 25251
21148 465 25250 25252
21149 465 25253 25254
21150 465 25253 25255
21151 465 25256 25257
21152 465 25256 25258
21153 465 25259 25260
21154 465 25259 25261
21155 465 25262 25263
21156 465 25262 25264
21157 465 25265 25266
21158 465 25265 25267
21159 465 25268 25269
21160 465 25268 25270
21161 465 25271 25272
21162 465 25271 25273
21163 465 25274 25275
21164 465 25274 25276
21165 465 25277 25278
21166 465 25277 25279
21167 465 25280 25281
21168 465 25280 25282
21169 465 25283 25284
21170 465 25283 25285
21171 465 25286 25287
21172 465 25286 25288
21173 465 25289 25290
21174 465 25289 25291
21175 465 25292 25293
21176 465 25292 25294
21177 465 25295 25296
21178 465 25295 25297
21179 465 25298 25299
21180 465 25298 25300
21181 465 25301 25302
21182 465 25301 25303
21183 465 25304 25305
21184 465 25304 25306
21185 465 25307 25308
21186 465 25307 25309
21187 465 25310 25311
21188 465 25310 25312
21189 465 25313 25314
21190 465 25313 25315
21191 465 25316 25317
21192 465 25316 25318
21193 465 25319 25320
21194 465 25319 25321
21195 465 25322 25323
21196 465 25322 25324
21197 465 25325 25326
21198 465 25325 25327
21199 465 25328 25329
21200 465 25328 25330
21201 465 25331 25332
21202 465 25331 25333
21203 465 25334 25335
21204 465 25334 25336
21205 465 25337 25338
21206 465 25337 25339
21207 465 25340 25341
21208 465 25340 25342
21209 465 25343 25344
21210 465 25343 25345
21211 465 25346 25347
21212 465 25346 25348
21213 465 25349 25350
21214 465 25349 25351
21215 465 25352 25353
21216 465 25352 25354
21217 465 25355 25356
21218 465 25355 25357
21219 465 25358 25359
21220 465 25358 25360
21221 465 25361 25362
21222 465 25361 25363
21223 465 25364 25365
21224 465 25364 25366
21225 465 25367 25368
21226 465 25367 25369
21227 465 25370 25371
21228 465 25370 25372
21229 465 25373 25374
21230 465 25373 25375
21231 465 25376 25377
21232 465 25376 25378
21233 465 25379 25380
21234 465 25379 25381
21235 465 25382 25383
21236 465 25382 25384
21237 465 25385 25386
21238 465 25385 25387
21239 465 25388 25389
21240 465 25388 25390
21241 465 25391 25392
21242 465 25391 25393
21243 465 25394 25395
21244 465 25394 25396
21245 465 25397 25398
21246 465 25397 25399
21247 465 25400 25401
21248 465 25400 25402
21249 465 25403 25404
21250 465 25403 25405
21251 465 25406 25407
21252 465 25406 25408
21253 465 25409 25410
21254 465 25409 25411
21255 465 25412 25413
21256 465 25412 25414
21257 465 25415 25416
21258 465 25415 25417
21259 465 25418 25419
21260 465 25418 25420
21261 465 25421 25422
21262 465 25421 25423
21263 465 25424 25425
21264 465 25424 25426
21265 465 25427 25428
21266 465 25427 25429
21267 465 25430 25431
21268 465 25430 25432
21269 465 25433 25434
21270 465 25433 25435
21271 465 25436 25437
21272 465 25436 25438
21273 465 25439 25440
21274 465 25439 25441
21275 465 25442 25443
21276 465 25442 25444
21277 465 25445 25446
21278 465 25445 25447
21279 465 25448 25449
21280 465 25448 25450
21281 465 25451 25452
21282 465 25451 25453
21283 465 25454 25455
21284 465 25454 25456
21285 465 25457 25458
21286 465 25457 25459
21287 465 25460 25461
21288 465 25460 25462
21289 465 25463 25464
21290 465 25463 25465
21291 465 25466 25467
21292 465 25466 25468
21293 465 25469 25470
21294 465 25469 25471
21295 465 25472 25473
21296 465 25472 25474
21297 465 25475 25476
21298 465 25475 25477
21299 465 25478 25479
21300 465 25478 25480
21301 465 25481 25482
21302 465 25481 25483
21303 465 25484 25485
21304 465 25484 25486
21305 465 25487 25488
21306 465 25487 25489
21307 465 25490 25491
21308 465 25490 25492
21309 465 25493 25494
21310 465 25493 25495
21311 465 25496 25497
21312 465 25496 25498
21313 465 25499 25500
21314 465 25499 25501
21315 465 25502 25503
21316 465 25502 25504
21317 465 25505 25506
21318 465 25505 25507
21319 465 25508 25509
21320 465 25508 25510
21321 465 25511 25512
21322 465 25511 25513
21323 465 25514 25515
21324 465 25514 25516
21325 465 25517 25518
21326 465 25517 25519
21327 465 25520 25521
21328 465 25520 25522
21329 465 25523 25524
21330 465 25523 25525
21331 465 25526 25527
21332 465 25526 25528
21333 465 25529 25530
21334 465 25529 25531
21335 465 25532 25533
21336 465 25532 25534
21337 465 25535 25536
21338 465 25535 25537
21339 465 25538 25539
21340 465 25538 25540
21341 465 25541 25542
21342 465 25541 25543
21343 465 25544 25545
21344 465 25544 25546
21345 465 25547 25548
21346 465 25547 25549
21347 465 25550 25551
21348 465 25550 25552
21349 465 25553 25554
21350 465 25553 25555
21351 465 25556 25557
21352 465 25556 25558
21353 465 25559 25560
21354 465 25559 25561
21355 465 25562 25563
21356 465 25562 25564
21357 465 25565 25566
21358 465 25565 25567
21359 465 25568 25569
21360 465 25568 25570
21361 465 25571 25572
21362 465 25571 25573
21363 465 25574 25575
21364 465 25574 25576
21365 465 25577 25578
21366 465 25577 25579
21367 465 25580 25581
21368 465 25580 25582
21369 465 25583 25584
21370 465 25583 25585
21371 465 25586 25587
21372 465 25586 25588
21373 465 25589 25590
21374 465 25589 25591
21375 465 25592 25593
21376 465 25592 25594
21377 465 25595 25596
21378 465 25595 25597
21379 465 25598 25599
21380 465 25598 25600
21381 465 25601 25602
21382 465 25601 25603
21383 465 25604 25605
21384 465 25604 25606
21385 465 25607 25608
21386 465 25607 25609
21387 465 25610 25611
21388 465 25610 25612
21389 465 25613 25614
21390 465 25613 25615
21391 465 25616 25617
21392 465 25616 25618
21393 465 25619 25620
21394 465 25619 25621
21395 465 25622 25623
21396 465 25622 25624
21397 465 25625 25626
21398 465 25625 25627
21399 465 25628 25629
21400 465 25628 25630
21401 465 25631 25632
21402 465 25631 25633
21403 465 25634 25635
21404 465 25634 25636
21405 465 25637 25638
21406 465 25637 25639
21407 465 25640 25641
21408 465 25640 25642
21409 465 25643 25644
21410 465 25643 25645
21411 465 25646 25647
21412 465 25646 25648
21413 465 25649 25650
21414 465 25649 25651
21415 465 25652 25653
21416 465 25652 25654
21417 465 25655 25656
21418 465 25655 25657
21419 465 25658 25659
21420 465 25658 25660
21421 465 25661 25662
21422 465 25661 25663
21423 465 25664 25665
21424 465 25664 25666
21425 465 25667 25668
21426 465 25667 25669
21427 465 25670 25671
21428 465 25670 25672
21429 465 25673 25674
21430 465 25673 25675
21431 465 25676 25677
21432 465 25676 25678
21433 465 25679 25680
21434 465 25679 25681
21435 465 25682 25683
21436 465 25682 25684
21437 465 25685 25686
21438 465 25685 25687
21439 465 25688 25689
21440 465 25688 25690
21441 465 25691 25692
21442 465 25691 25693
21443 465 25694 25695
21444 465 25694 25696
21445 465 25697 25698
21446 465 25697 25699
21447 465 25700 25701
21448 465 25700 25702
21449 465 25703 25704
21450 465 25703 25705
21451 465 25706 25707
21452 465 25706 25708
21453 465 25709 25710
21454 465 25709 25711
21455 465 25712 25713
21456 465 25712 25714
21457 465 25715 25716
21458 465 25715 25717
21459 465 25718 25719
21460 465 25718 25720
21461 465 25721 25722
21462 465 25721 25723
21463 465 25724 25725
21464 465 25724 25726
21465 465 25727 25728
21466 465 25727 25729
21467 465 25730 25731
21468 465 25730 25732
21469 465 25733 25734
21470 465 25733 25735
21471 465 25736 25737
21472 465 25736 25738
21473 465 25739 25740
21474 465 25739 25741
21475 465 25742 25743
21476 465 25742 25744
21477 465 25745 25746
21478 465 25745 25747
21479 465 25748 25749
21480 465 25748 25750
21481 465 25751 25752
21482 465 25751 25753
21483 465 25754 25755
21484 465 25754 25756
21485 465 25757 25758
21486 465 25757 25759
21487 465 25760 25761
21488 465 25760 25762
21489 465 25763 25764
21490 465 25763 25765
21491 465 25766 25767
21492 465 25766 25768
21493 465 25769 25770
21494 465 25769 25771
21495 465 25772 25773
21496 465 25772 25774
21497 465 25775 25776
21498 465 25775 25777
21499 465 25778 25779
21500 465 25778 25780
21501 465 25781 25782
21502 465 25781 25783
21503 465 25784 25785
21504 465 25784 25786
21505 465 25787 25788
21506 465 25787 25789
21507 465 25790 25791
21508 465 25790 25792
21509 465 25793 25794
21510 465 25793 25795
21511 465 25796 25797
21512 465 25796 25798
21513 465 25799 25800
21514 465 25799 25801
21515 465 25802 25803
21516 465 25802 25804
21517 465 25805 25806
21518 465 25805 25807
21519 465 25808 25809
21520 465 25808 25810
21521 465 25811 25812
21522 465 25811 25813
21523 465 25814 25815
21524 465 25814 25816
21525 465 25817 25818
21526 465 25817 25819
21527 465 25820 25821
21528 465 25820 25822
21529 465 25823 25824
21530 465 25823 25825
21531 465 25826 25827
21532 465 25826 25828
21533 465 25829 25830
21534 465 25829 25831
21535 465 25832 25833
21536 465 25832 25834
21537 465 25835 25836
21538 465 25835 25837
21539 465 25838 25839
21540 465 25838 25840
21541 465 25841 25842
21542 465 25841 25843
21543 465 25844 25845
21544 465 25844 25846
21545 465 25847 25848
21546 465 25847 25849
21547 465 25850 25851
21548 465 25850 25852
21549 465 25853 25854
21550 465 25853 25855
21551 465 25856 25857
21552 465 25856 25858
21553 465 25859 25860
21554 465 25859 25861
21555 465 25862 25863
21556 465 25862 25864
21557 465 25865 25866
21558 465 25865 25867
21559 465 25868 25869
21560 465 25868 25870
21561 465 25871 25872
21562 465 25871 25873
21563 465 25874 25875
21564 465 25874 25876
21565 465 25877 25878
21566 465 25877 25879
21567 465 25880 25881
21568 465 25880 25882
21569 465 25883 25884
21570 465 25883 25885
21571 465 25886 25887
21572 465 25886 25888
21573 465 25889 25890
21574 465 25889 25891
21575 465 25892 25893
21576 465 25892 25894
21577 465 25895 25896
21578 465 25895 25897
21579 465 25898 25899
21580 465 25898 25900
21581 465 25901 25902
21582 465 25901 25903
21583 465 25904 25905
21584 465 25904 25906
21585 465 25907 25908
21586 465 25907 25909
21587 465 25910 25911
21588 465 25910 25912
21589 465 25913 25914
21590 465 25913 25915
21591 465 25916 25917
21592 465 25916 25918
21593 465 25919 25920
21594 465 25919 25921
21595 465 25922 25923
21596 465 25922 25924
21597 465 25925 25926
21598 465 25925 25927
21599 465 25928 25929
21600 465 25928 25930
21601 465 25931 25932
21602 465 25931 25933
21603 465 25934 25935
21604 465 25934 25936
21605 465 25937 25938
21606 465 25937 25939
21607 465 25940 25941
21608 465 25940 25942
21609 465 25943 25944
21610 465 25943 25945
21611 465 25946 25947
21612 465 25946 25948
21613 465 25949 25950
21614 465 25949 25951
21615 465 25952 25953
21616 465 25952 25954
21617 465 25955 25956
21618 465 25955 25957
21619 465 25958 25959
21620 465 25958 25960
21621 465 25961 25962
21622 465 25961 25963
21623 465 25964 25965
21624 465 25964 25966
21625 465 25967 25968
21626 465 25967 25969
21627 465 25970 25971
21628 465 25970 25972
21629 465 25973 25974
21630 465 25973 25975
21631 465 25976 25977
21632 465 25976 25978
21633 465 25979 25980
21634 465 25979 25981
21635 465 25982 25983
21636 465 25982 25984
21637 465 25985 25986
21638 465 25985 25987
21639 465 25988 25989
21640 465 25988 25990
21641 465 25991 25992
21642 465 25991 25993
21643 465 25994 25995
21644 465 25994 25996
21645 465 25997 25998
21646 465 25997 25999
21647 465 26000 26001
21648 465 26000 26002
21649 465 26003 26004
21650 465 26003 26005
21651 465 26006 26007
21652 465 26006 26008
21653 465 26009 26010
21654 465 26009 26011
21655 465 26012 26013
21656 465 26012 26014
21657 465 26015 26016
21658 465 26015 26017
21659 465 26018 26019
21660 465 26018 26020
21661 465 26021 26022
21662 465 26021 26023
21663 465 26024 26025
21664 465 26024 26026
21665 465 26027 26028
21666 465 26027 26029
21667 465 26030 26031
21668 465 26030 26032
21669 465 26033 26034
21670 465 26033 26035
21671 465 26036 26037
21672 465 26036 26038
21673 465 26039 26040
21674 465 26039 26041
21675 465 26042 26043
21676 465 26042 26044
21677 465 26045 26046
21678 465 26045 26047
21679 465 26048 26049
21680 465 26048 26050
21681 465 26051 26052
21682 465 26051 26053
21683 465 26054 26055
21684 465 26054 26056
21685 465 26057 26058
21686 465 26057 26059
21687 465 26060 26061
21688 465 26060 26062
21689 465 26063 26064
21690 465 26063 26065
21691 465 26066 26067
21692 465 26066 26068
21693 465 26069 26070
21694 465 26069 26071
21695 465 26072 26073
21696 465 26072 26074
21697 465 26075 26076
21698 465 26075 26077
21699 465 26078 26079
21700 465 26078 26080
21701 465 26081 26082
21702 465 26081 26083
21703 465 26084 26085
21704 465 26084 26086
21705 465 26087 26088
21706 465 26087 26089
21707 465 26090 26091
21708 465 26090 26092
21709 465 26093 26094
21710 465 26093 26095
21711 465 26096 26097
21712 465 26096 26098
21713 465 26099 26100
21714 465 26099 26101
21715 465 26102 26103
21716 465 26102 26104
21717 465 26105 26106
21718 465 26105 26107
21719 465 26108 26109
21720 465 26108 26110
21721 465 26111 26112
21722 465 26111 26113
21723 465 26114 26115
21724 465 26114 26116
21725 465 26117 26118
21726 465 26117 26119
21727 465 26120 26121
21728 465 26120 26122
21729 465 26123 26124
21730 465 26123 26125
21731 465 26126 26127
21732 465 26126 26128
21733 465 26129 26130
21734 465 26129 26131
21735 465 26132 26133
21736 465 26132 26134
21737 465 26135 26136
21738 465 26135 26137
21739 465 26138 26139
21740 465 26138 26140
21741 465 26141 26142
21742 465 26141 26143
21743 465 26144 26145
21744 465 26144 26146
21745 465 26147 26148
21746 465 26147 26149
21747 465 26150 26151
21748 465 26150 26152
21749 465 26153 26154
21750 465 26153 26155
21751 465 26156 26157
21752 465 26156 26158
21753 465 26159 26160
21754 465 26159 26161
21755 465 26162 26163
21756 465 26162 26164
21757 465 26165 26166
21758 465 26165 26167
21759 465 26168 26169
21760 465 26168 26170
21761 465 26171 26172
21762 465 26171 26173
21763 465 26174 26175
21764 465 26174 26176
21765 465 26177 26178
21766 465 26177 26179
21767 465 26180 26181
21768 465 26180 26182
21769 465 26183 26184
21770 465 26183 26185
21771 465 26186 26187
21772 465 26186 26188
21773 465 26189 26190
21774 465 26189 26191
21775 465 26192 26193
21776 465 26192 26194
21777 465 26195 26196
21778 465 26195 26197
21779 465 26198 26199
21780 465 26198 26200
21781 465 26201 26202
21782 465 26201 26203
21783 465 26204 26205
21784 465 26204 26206
21785 465 26207 26208
21786 465 26207 26209
21787 465 26210 26211
21788 465 26210 26212
21789 465 26213 26214
21790 465 26213 26215
21791 465 26216 26217
21792 465 26216 26218
21793 465 26219 26220
21794 465 26219 26221
21795 465 26222 26223
21796 465 26222 26224
21797 465 26225 26226
21798 465 26225 26227
21799 465 26228 26229
21800 465 26228 26230
21801 465 26231 26232
21802 465 26231 26233
21803 465 26234 26235
21804 465 26234 26236
21805 465 26237 26238
21806 465 26237 26239
21807 465 26240 26241
21808 465 26240 26242
21809 465 26243 26244
21810 465 26243 26245
21811 465 26246 26247
21812 465 26246 26248
21813 465 26249 26250
21814 465 26249 26251
21815 465 26252 26253
21816 465 26252 26254
21817 465 26255 26256
21818 465 26255 26257
21819 465 26258 26259
21820 465 26258 26260
21821 465 26261 26262
21822 465 26261 26263
21823 465 26264 26265
21824 465 26264 26266
21825 465 26267 26268
21826 465 26267 26269
21827 465 26270 26271
21828 465 26270 26272
21829 465 26273 26274
21830 465 26273 26275
21831 465 26276 26277
21832 465 26276 26278
21833 465 26279 26280
21834 465 26279 26281
21835 465 26282 26283
21836 465 26282 26284
21837 465 26285 26286
21838 465 26285 26287
21839 465 26288 26289
21840 465 26288 26290
21841 465 26291 26292
21842 465 26291 26293
21843 465 26294 26295
21844 465 26294 26296
21845 465 26297 26298
21846 465 26297 26299
21847 465 26300 26301
21848 465 26300 26302
21849 465 26303 26304
21850 465 26303 26305
21851 465 26306 26307
21852 465 26306 26308
21853 465 26309 26310
21854 465 26309 26311
21855 465 26312 26313
21856 465 26312 26314
21857 465 26315 26316
21858 465 26315 26317
21859 465 26318 26319
21860 465 26318 26320
21861 465 26321 26322
21862 465 26321 26323
21863 465 26324 26325
21864 465 26324 26326
21865 465 26327 26328
21866 465 26327 26329
21867 465 26330 26331
21868 465 26330 26332
21869 465 26333 26334
21870 465 26333 26335
21871 465 26336 26337
21872 465 26336 26338
21873 465 26339 26340
21874 465 26339 26341
21875 465 26342 26343
21876 465 26342 26344
21877 465 26345 26346
21878 465 26345 26347
21879 465 26348 26349
21880 465 26348 26350
21881 465 26351 26352
21882 465 26351 26353
21883 465 26354 26355
21884 465 26354 26356
21885 465 26357 26358
21886 465 26357 26359
21887 465 26360 26361
21888 465 26360 26362
21889 465 26363 26364
21890 465 26363 26365
21891 465 26366 26367
21892 465 26366 26368
21893 465 26369 26370
21894 465 26369 26371
21895 465 26372 26373
21896 465 26372 26374
21897 465 26375 26376
21898 465 26375 26377
21899 465 26378 26379
21900 465 26378 26380
21901 465 26381 26382
21902 465 26381 26383
21903 465 26384 26385
21904 465 26384 26386
21905 465 26387 26388
21906 465 26387 26389
21907 465 26390 26391
21908 465 26390 26392
21909 465 26393 26394
21910 465 26393 26395
21911 465 26396 26397
21912 465 26396 26398
21913 465 26399 26400
21914 465 26399 26401
21915 465 26402 26403
21916 465 26402 26404
21917 465 26405 26406
21918 465 26405 26407
21919 465 26408 26409
21920 465 26408 26410
21921 465 26411 26412
21922 465 26411 26413
21923 465 26414 26415
21924 465 26414 26416
21925 465 26417 26418
21926 465 26417 26419
21927 465 26420 26421
21928 465 26420 26422
21929 465 26423 26424
21930 465 26423 26425
21931 465 26426 26427
21932 465 26426 26428
21933 465 26429 26430
21934 465 26429 26431
21935 465 26432 26433
21936 465 26432 26434
21937 465 26435 26436
21938 465 26435 26437
21939 465 26438 26439
21940 465 26438 26440
21941 465 26441 26442
21942 465 26441 26443
21943 465 26444 26445
21944 465 26444 26446
21945 465 26447 26448
21946 465 26447 26449
21947 465 26450 26451
21948 465 26450 26452
21949 465 26453 26454
21950 465 26453 26455
21951 465 26456 26457
21952 465 26456 26458
21953 465 26459 26460
21954 465 26459 26461
21955 465 26462 26463
21956 465 26462 26464
21957 465 26465 26466
21958 465 26465 26467
21959 465 26468 26469
21960 465 26468 26470
21961 465 26471 26472
21962 465 26471 26473
21963 465 26474 26475
21964 465 26474 26476
21965 465 26477 26478
21966 465 26477 26479
21967 465 26480 26481
21968 465 26480 26482
21969 465 26483 26484
21970 465 26483 26485
21971 465 26486 26487
21972 465 26486 26488
21973 465 26489 26490
21974 465 26489 26491
21975 465 26492 26493
21976 465 26492 26494
21977 465 26495 26496
21978 465 26495 26497
21979 465 26498 26499
21980 465 26498 26500
21981 465 26501 26502
21982 465 26501 26503
21983 465 26504 26505
21984 465 26504 26506
21985 465 26507 26508
21986 465 26507 26509
21987 465 26510 26511
21988 465 26510 26512
21989 465 26513 26514
21990 465 26513 26515
21991 465 26516 26517
21992 465 26516 26518
21993 465 26519 26520
21994 465 26519 26521
21995 465 26522 26523
21996 465 26522 26524
21997 465 26525 26526
21998 465 26525 26527
21999 465 26528 26529
22000 465 26528 26530
22001 465 26531 26532
22002 465 26531 26533
22003 465 26534 26535
22004 465 26534 26536
22005 465 26537 26538
22006 465 26537 26539
22007 465 26540 26541
22008 465 26540 26542
22009 465 26543 26544
22010 465 26543 26545
22011 465 26546 26547
22012 465 26546 26548
22013 465 26549 26550
22014 465 26549 26551
22015 465 26552 26553
22016 465 26552 26554
22017 465 26555 26556
22018 465 26555 26557
22019 465 26558 26559
22020 465 26558 26560
22021 465 26561 26562
22022 465 26561 26563
22023 465 26564 26565
22024 465 26564 26566
22025 465 26567 26568
22026 465 26567 26569
22027 465 26570 26571
22028 465 26570 26572
22029 465 26573 26574
22030 465 26573 26575
22031 465 26576 26577
22032 465 26576 26578
22033 465 26579 26580
22034 465 26579 26581
22035 465 26582 26583
22036 465 26582 26584
22037 465 26585 26586
22038 465 26585 26587
22039 465 26588 26589
22040 465 26588 26590
22041 465 26591 26592
22042 465 26591 26593
22043 465 26594 26595
22044 465 26594 26596
22045 465 26597 26598
22046 465 26597 26599
22047 465 26600 26601
22048 465 26600 26602
22049 465 26603 26604
22050 465 26603 26605
22051 465 26606 26607
22052 465 26606 26608
22053 465 26609 26610
22054 465 26609 26611
22055 465 26612 26613
22056 465 26612 26614
22057 465 26615 26616
22058 465 26615 26617
22059 465 26618 26619
22060 465 26618 26620
22061 465 26621 26622
22062 465 26621 26623
22063 465 26624 26625
22064 465 26624 26626
22065 465 26627 26628
22066 465 26627 26629
22067 465 26630 26631
22068 465 26630 26632
22069 465 26633 26634
22070 465 26633 26635
22071 465 26636 26637
22072 465 26636 26638
22073 465 26639 26640
22074 465 26639 26641
22075 465 26642 26643
22076 465 26642 26644
22077 465 26645 26646
22078 465 26645 26647
22079 465 26648 26649
22080 465 26648 26650
22081 465 26651 26652
22082 465 26651 26653
22083 465 26654 26655
22084 465 26654 26656
22085 465 26657 26658
22086 465 26657 26659
22087 465 26660 26661
22088 465 26660 26662
22089 465 26663 26664
22090 465 26663 26665
22091 465 26666 26667
22092 465 26666 26668
22093 465 26669 26670
22094 465 26669 26671
22095 465 26672 26673
22096 465 26672 26674
22097 465 26675 26676
22098 465 26675 26677
22099 465 26678 26679
22100 465 26678 26680
22101 465 26681 26682
22102 465 26681 26683
22103 465 26684 26685
22104 465 26684 26686
22105 465 26687 26688
22106 465 26687 26689
22107 465 26690 26691
22108 465 26690 26692
22109 465 26693 26694
22110 465 26693 26695
22111 465 26696 26697
22112 465 26696 26698
22113 465 26699 26700
22114 465 26699 26701
22115 465 26702 26703
22116 465 26702 26704
22117 465 26705 26706
22118 465 26705 26707
22119 465 26708 26709
22120 465 26708 26710
22121 465 26711 26712
22122 465 26711 26713
22123 465 26714 26715
22124 465 26714 26716
22125 465 26717 26718
22126 465 26717 26719
22127 465 26720 26721
22128 465 26720 26722
22129 465 26723 26724
22130 465 26723 26725
22131 465 26726 26727
22132 465 26726 26728
22133 465 26729 26730
22134 465 26729 26731
22135 465 26732 26733
22136 465 26732 26734
22137 465 26735 26736
22138 465 26735 26737
22139 465 26738 26739
22140 465 26738 26740
22141 465 26741 26742
22142 465 26741 26743
22143 465 26744 26745
22144 465 26744 26746
22145 465 26747 26748
22146 465 26747 26749
22147 465 26750 26751
22148 465 26750 26752
22149 465 26753 26754
22150 465 26753 26755
22151 465 26756 26757
22152 465 26756 26758
22153 465 26759 26760
22154 465 26759 26761
22155 465 26762 26763
22156 465 26762 26764
22157 465 26765 26766
22158 465 26765 26767
22159 465 26768 26769
22160 465 26768 26770
22161 465 26771 26772
22162 465 26771 26773
22163 465 26774 26775
22164 465 26774 26776
22165 465 26777 26778
22166 465 26777 26779
22167 465 26780 26781
22168 465 26780 26782
22169 465 26783 26784
22170 465 26783 26785
22171 465 26786 26787
22172 465 26786 26788
22173 465 26789 26790
22174 465 26789 26791
22175 465 26792 26793
22176 465 26792 26794
22177 465 26795 26796
22178 465 26795 26797
22179 465 26798 26799
22180 465 26798 26800
22181 465 26801 26802
22182 465 26801 26803
22183 465 26804 26805
22184 465 26804 26806
22185 465 26807 26808
22186 465 26807 26809
22187 465 26810 26811
22188 465 26810 26812
22189 465 26813 26814
22190 465 26813 26815
22191 465 26816 26817
22192 465 26816 26818
22193 465 26819 26820
22194 465 26819 26821
22195 465 26822 26823
22196 465 26822 26824
22197 465 26825 26826
22198 465 26825 26827
22199 465 26828 26829
22200 465 26828 26830
22201 465 26831 26832
22202 465 26831 26833
22203 465 26834 26835
22204 465 26834 26836
22205 465 26837 26838
22206 465 26837 26839
22207 465 26840 26841
22208 465 26840 26842
22209 465 26843 26844
22210 465 26843 26845
22211 465 26846 26847
22212 465 26846 26848
22213 465 26849 26850
22214 465 26849 26851
22215 465 26852 26853
22216 465 26852 26854
22217 465 26855 26856
22218 465 26855 26857
22219 465 26858 26859
22220 465 26858 26860
22221 465 26861 26862
22222 465 26861 26863
22223 465 26864 26865
22224 465 26864 26866
22225 465 26867 26868
22226 465 26867 26869
22227 465 26870 26871
22228 465 26870 26872
22229 465 26873 26874
22230 465 26873 26875
22231 465 26876 26877
22232 465 26876 26878
22233 465 26879 26880
22234 465 26879 26881
22235 465 26882 26883
22236 465 26882 26884
22237 465 26885 26886
22238 465 26885 26887
22239 465 26888 26889
22240 465 26888 26890
22241 465 26891 26892
22242 465 26891 26893
22243 465 26894 26895
22244 465 26894 26896
22245 465 26897 26898
22246 465 26897 26899
22247 465 26900 26901
22248 465 26900 26902
22249 465 26903 26904
22250 465 26903 26905
22251 465 26906 26907
22252 465 26906 26908
22253 465 26909 26910
22254 465 26909 26911
22255 465 26912 26913
22256 465 26912 26914
22257 465 26915 26916
22258 465 26915 26917
22259 465 26918 26919
22260 465 26918 26920
22261 465 26921 26922
22262 465 26921 26923
22263 465 26924 26925
22264 465 26924 26926
22265 465 26927 26928
22266 465 26927 26929
22267 465 26930 26931
22268 465 26930 26932
22269 465 26933 26934
22270 465 26933 26935
22271 465 26936 26937
22272 465 26936 26938
22273 465 26939 26940
22274 465 26939 26941
22275 465 26942 26943
22276 465 26942 26944
22277 465 26945 26946
22278 465 26945 26947
22279 465 26948 26949
22280 465 26948 26950
22281 465 26951 26952
22282 465 26951 26953
22283 465 26954 26955
22284 465 26954 26956
22285 465 26957 26958
22286 465 26957 26959
22287 465 26960 26961
22288 465 26960 26962
22289 465 26963 26964
22290 465 26963 26965
22291 465 26966 26967
22292 465 26966 26968
22293 465 26969 26970
22294 465 26969 26971
22295 465 26972 26973
22296 465 26972 26974
22297 465 26975 26976
22298 465 26975 26977
22299 465 26978 26979
22300 465 26978 26980
22301 465 26981 26982
22302 465 26981 26983
22303 465 26984 26985
22304 465 26984 26986
22305 465 26987 26988
22306 465 26987 26989
22307 465 26990 26991
22308 465 26990 26992
22309 465 26993 26994
22310 465 26993 26995
22311 465 26996 26997
22312 465 26996 26998
22313 465 26999 27000
22314 465 26999 27001
22315 465 27002 27003
22316 465 27002 27004
22317 465 27005 27006
22318 465 27005 27007
22319 465 27008 27009
22320 465 27008 27010
22321 465 27011 27012
22322 465 27011 27013
22323 465 27014 27015
22324 465 27014 27016
22325 465 27017 27018
22326 465 27017 27019
22327 465 27020 27021
22328 465 27020 27022
22329 465 27023 27024
22330 465 27023 27025
22331 465 27026 27027
22332 465 27026 27028
22333 465 27029 27030
22334 465 27029 27031
22335 465 27032 27033
22336 465 27032 27034
22337 465 27035 27036
22338 465 27035 27037
22339 465 27038 27039
22340 465 27038 27040
22341 465 27041 27042
22342 465 27041 27043
22343 465 27044 27045
22344 465 27044 27046
22345 465 27047 27048
22346 465 27047 27049
22347 465 27050 27051
22348 465 27050 27052
22349 465 27053 27054
22350 465 27053 27055
22351 465 27056 27057
22352 465 27056 27058
22353 465 27059 27060
22354 465 27059 27061
22355 465 27062 27063
22356 465 27062 27064
22357 465 27065 27066
22358 465 27065 27067
22359 465 27068 27069
22360 465 27068 27070
22361 465 27071 27072
22362 465 27071 27073
22363 465 27074 27075
22364 465 27074 27076
22365 465 27077 27078
22366 465 27077 27079
22367 465 27080 27081
22368 465 27080 27082
22369 465 27083 27084
22370 465 27083 27085
22371 465 27086 27087
22372 465 27086 27088
22373 465 27089 27090
22374 465 27089 27091
22375 465 27092 27093
22376 465 27092 27094
22377 465 27095 27096
22378 465 27095 27097
22379 465 27098 27099
22380 465 27098 27100
22381 465 27101 27102
22382 465 27101 27103
22383 465 27104 27105
22384 465 27104 27106
22385 465 27107 27108
22386 465 27107 27109
22387 465 27110 27111
22388 465 27110 27112
22389 465 27113 27114
22390 465 27113 27115
22391 465 27116 27117
22392 465 27116 27118
22393 465 27119 27120
22394 465 27119 27121
22395 465 27122 27123
22396 465 27122 27124
22397 465 27125 27126
22398 465 27125 27127
22399 465 27128 27129
22400 465 27128 27130
22401 465 27131 27132
22402 465 27131 27133
22403 465 27134 27135
22404 465 27134 27136
22405 465 27137 27138
22406 465 27137 27139
22407 465 27140 27141
22408 465 27140 27142
22409 465 27143 27144
22410 465 27143 27145
22411 465 27146 27147
22412 465 27146 27148
22413 465 27149 27150
22414 465 27149 27151
22415 465 27152 27153
22416 465 27152 27154
22417 465 27155 27156
22418 465 27155 27157
22419 465 27158 27159
22420 465 27158 27160
22421 465 27161 27162
22422 465 27161 27163
22423 465 27164 27165
22424 465 27164 27166
22425 465 27167 27168
22426 465 27167 27169
22427 465 27170 27171
22428 465 27170 27172
22429 465 27173 27174
22430 465 27173 27175
22431 465 27176 27177
22432 465 27176 27178
22433 465 27179 27180
22434 465 27179 27181
22435 465 27182 27183
22436 465 27182 27184
22437 465 27185 27186
22438 465 27185 27187
22439 465 27188 27189
22440 465 27188 27190
22441 465 27191 27192
22442 465 27191 27193
22443 465 27194 27195
22444 465 27194 27196
22445 465 27197 27198
22446 465 27197 27199
22447 465 27200 27201
22448 465 27200 27202
22449 465 27203 27204
22450 465 27203 27205
22451 465 27206 27207
22452 465 27206 27208
22453 465 27209 27210
22454 465 27209 27211
22455 465 27212 27213
22456 465 27212 27214
22457 465 27215 27216
22458 465 27215 27217
22459 465 27218 27219
22460 465 27218 27220
22461 465 27221 27222
22462 465 27221 27223
22463 465 27224 27225
22464 465 27224 27226
22465 465 27227 27228
22466 465 27227 27229
22467 465 27230 27231
22468 465 27230 27232
22469 465 27233 27234
22470 465 27233 27235
22471 465 27236 27237
22472 465 27236 27238
22473 465 27239 27240
22474 465 27239 27241
22475 465 27242 27243
22476 465 27242 27244
22477 465 27245 27246
22478 465 27245 27247
22479 465 27248 27249
22480 465 27248 27250
22481 465 27251 27252
22482 465 27251 27253
22483 465 27254 27255
22484 465 27254 27256
22485 465 27257 27258
22486 465 27257 27259
22487 465 27260 27261
22488 465 27260 27262
22489 465 27263 27264
22490 465 27263 27265
22491 465 27266 27267
22492 465 27266 27268
22493 465 27269 27270
22494 465 27269 27271
22495 465 27272 27273
22496 465 27272 27274
22497 465 27275 27276
22498 465 27275 27277
22499 465 27278 27279
22500 465 27278 27280
22501 465 27281 27282
22502 465 27281 27283
22503 465 27284 27285
22504 465 27284 27286
22505 465 27287 27288
22506 465 27287 27289
22507 465 27290 27291
22508 465 27290 27292
22509 465 27293 27294
22510 465 27293 27295
22511 465 27296 27297
22512 465 27296 27298
22513 465 27299 27300
22514 465 27299 27301
22515 465 27302 27303
22516 465 27302 27304
22517 465 27305 27306
22518 465 27305 27307
22519 465 27308 27309
22520 465 27308 27310
22521 465 27311 27312
22522 465 27311 27313
22523 465 27314 27315
22524 465 27314 27316
22525 465 27317 27318
22526 465 27317 27319
22527 465 27320 27321
22528 465 27320 27322
22529 465 27323 27324
22530 465 27323 27325
22531 465 27326 27327
22532 465 27326 27328
22533 465 27329 27330
22534 465 27329 27331
22535 465 27332 27333
22536 465 27332 27334
22537 465 27335 27336
22538 465 27335 27337
22539 465 27338 27339
22540 465 27338 27340
22541 465 27341 27342
22542 465 27341 27343
22543 465 27344 27345
22544 465 27344 27346
22545 465 27347 27348
22546 465 27347 27349
22547 465 27350 27351
22548 465 27350 27352
22549 465 27353 27354
22550 465 27353 27355
22551 465 27356 27357
22552 465 27356 27358
22553 465 27359 27360
22554 465 27359 27361
22555 465 27362 27363
22556 465 27362 27364
22557 465 27365 27366
22558 465 27365 27367
22559 465 27368 27369
22560 465 27368 27370
22561 465 27371 27372
22562 465 27371 27373
22563 465 27374 27375
22564 465 27374 27376
22565 465 27377 27378
22566 465 27377 27379
22567 465 27380 27381
22568 465 27380 27382
22569 465 27383 27384
22570 465 27383 27385
22571 465 27386 27387
22572 465 27386 27388
22573 465 27389 27390
22574 465 27389 27391
22575 465 27392 27393
22576 465 27392 27394
22577 465 27395 27396
22578 465 27395 27397
22579 465 27398 27399
22580 465 27398 27400
22581 465 27401 27402
22582 465 27401 27403
22583 465 27404 27405
22584 465 27404 27406
22585 465 27407 27408
22586 465 27407 27409
22587 465 27410 27411
22588 465 27410 27412
22589 465 27413 27414
22590 465 27413 27415
22591 465 27416 27417
22592 465 27416 27418
22593 465 27419 27420
22594 465 27419 27421
22595 465 27422 27423
22596 465 27422 27424
22597 465 27425 27426
22598 465 27425 27427
22599 465 27428 27429
22600 465 27428 27430
22601 465 27431 27432
22602 465 27431 27433
22603 465 27434 27435
22604 465 27434 27436
22605 465 27437 27438
22606 465 27437 27439
22607 465 27440 27441
22608 465 27440 27442
22609 465 27443 27444
22610 465 27443 27445
22611 465 27446 27447
22612 465 27446 27448
22613 465 27449 27450
22614 465 27449 27451
22615 465 27452 27453
22616 465 27452 27454
22617 465 27455 27456
22618 465 27455 27457
22619 465 27458 27459
22620 465 27458 27460
22621 465 27461 27462
22622 465 27461 27463
22623 465 27464 27465
22624 465 27464 27466
22625 465 27467 27468
22626 465 27467 27469
22627 465 27470 27471
22628 465 27470 27472
22629 465 27473 27474
22630 465 27473 27475
22631 465 27476 27477
22632 465 27476 27478
22633 465 27479 27480
22634 465 27479 27481
22635 465 27482 27483
22636 465 27482 27484
22637 465 27485 27486
22638 465 27485 27487
22639 465 27488 27489
22640 465 27488 27490
22641 465 27491 27492
22642 465 27491 27493
22643 465 27494 27495
22644 465 27494 27496
22645 465 27497 27498
22646 465 27497 27499
22647 465 27500 27501
22648 465 27500 27502
22649 465 27503 27504
22650 465 27503 27505
22651 465 27506 27507
22652 465 27506 27508
22653 465 27509 27510
22654 465 27509 27511
22655 465 27512 27513
22656 465 27512 27514
22657 465 27515 27516
22658 465 27515 27517
22659 465 27518 27519
22660 465 27518 27520
22661 465 27521 27522
22662 465 27521 27523
22663 465 27524 27525
22664 465 27524 27526
22665 465 27527 27528
22666 465 27527 27529
22667 465 27530 27531
22668 465 27530 27532
22669 465 27533 27534
22670 465 27533 27535
22671 465 27536 27537
22672 465 27536 27538
22673 465 27539 27540
22674 465 27539 27541
22675 465 27542 27543
22676 465 27542 27544
22677 465 27545 27546
22678 465 27545 27547
22679 465 27548 27549
22680 465 27548 27550
22681 465 27551 27552
22682 465 27551 27553
22683 465 27554 27555
22684 465 27554 27556
22685 465 27557 27558
22686 465 27557 27559
22687 465 27560 27561
22688 465 27560 27562
22689 465 27563 27564
22690 465 27563 27565
22691 465 27566 27567
22692 465 27566 27568
22693 465 27569 27570
22694 465 27569 27571
22695 465 27572 27573
22696 465 27572 27574
22697 465 27575 27576
22698 465 27575 27577
22699 465 27578 27579
22700 465 27578 27580
22701 465 27581 27582
22702 465 27581 27583
22703 465 27584 27585
22704 465 27584 27586
22705 465 27587 27588
22706 465 27587 27589
22707 465 27590 27591
22708 465 27590 27592
22709 465 27593 27594
22710 465 27593 27595
22711 465 27596 27597
22712 465 27596 27598
22713 465 27599 27600
22714 465 27599 27601
22715 465 27602 27603
22716 465 27602 27604
22717 465 27605 27606
22718 465 27605 27607
22719 465 27608 27609
22720 465 27608 27610
22721 465 27611 27612
22722 465 27611 27613
22723 465 27614 27615
22724 465 27614 27616
22725 465 27617 27618
22726 465 27617 27619
22727 465 27620 27621
22728 465 27620 27622
22729 465 27623 27624
22730 465 27623 27625
22731 465 27626 27627
22732 465 27626 27628
22733 465 27629 27630
22734 465 27629 27631
22735 465 27632 27633
22736 465 27632 27634
22737 465 27635 27636
22738 465 27635 27637
22739 465 27638 27639
22740 465 27638 27640
22741 465 27641 27642
22742 465 27641 27643
22743 465 27644 27645
22744 465 27644 27646
22745 465 27647 27648
22746 465 27647 27649
22747 465 27650 27651
22748 465 27650 27652
22749 465 27653 27654
22750 465 27653 27655
22751 465 27656 27657
22752 465 27656 27658
22753 465 27659 27660
22754 465 27659 27661
22755 465 27662 27663
22756 465 27662 27664
22757 465 27665 27666
22758 465 27665 27667
22759 465 27668 27669
22760 465 27668 27670
22761 465 27671 27672
22762 465 27671 27673
22763 465 27674 27675
22764 465 27674 27676
22765 465 27677 27678
22766 465 27677 27679
22767 465 27680 27681
22768 465 27680 27682
22769 465 27683 27684
22770 465 27683 27685
22771 465 27686 27687
22772 465 27686 27688
22773 465 27689 27690
22774 465 27689 27691
22775 465 27692 27693
22776 465 27692 27694
22777 465 27695 27696
22778 465 27695 27697
22779 465 27698 27699
22780 465 27698 27700
22781 465 27701 27702
22782 465 27701 27703
22783 465 27704 27705
22784 465 27704 27706
22785 465 27707 27708
22786 465 27707 27709
22787 465 27710 27711
22788 465 27710 27712
22789 465 27713 27714
22790 465 27713 27715
22791 465 27716 27717
22792 465 27716 27718
22793 465 27719 27720
22794 465 27719 27721
22795 465 27722 27723
22796 465 27722 27724
22797 465 27725 27726
22798 465 27725 27727
22799 465 27728 27729
22800 465 27728 27730
22801 465 27731 27732
22802 465 27731 27733
22803 465 27734 27735
22804 465 27734 27736
22805 465 27737 27738
22806 465 27737 27739
22807 465 27740 27741
22808 465 27740 27742
22809 465 27743 27744
22810 465 27743 27745
22811 465 27746 27747
22812 465 27746 27748
22813 465 27749 27750
22814 465 27749 27751
22815 465 27752 27753
22816 465 27752 27754
22817 465 27755 27756
22818 465 27755 27757
22819 465 27758 27759
22820 465 27758 27760
22821 465 27761 27762
22822 465 27761 27763
22823 465 27764 27765
22824 465 27764 27766
22825 465 27767 27768
22826 465 27767 27769
22827 465 27770 27771
22828 465 27770 27772
22829 465 27773 27774
22830 465 27773 27775
22831 465 27776 27777
22832 465 27776 27778
22833 465 27779 27780
22834 465 27779 27781
22835 465 27782 27783
22836 465 27782 27784
22837 465 27785 27786
22838 465 27785 27787
22839 465 27788 27789
22840 465 27788 27790
22841 465 27791 27792
22842 465 27791 27793
22843 465 27794 27795
22844 465 27794 27796
22845 465 27797 27798
22846 465 27797 27799
22847 465 27800 27801
22848 465 27800 27802
22849 465 27803 27804
22850 465 27803 27805
22851 465 27806 27807
22852 465 27806 27808
22853 465 27809 27810
22854 465 27809 27811
22855 465 27812 27813
22856 465 27812 27814
22857 465 27815 27816
22858 465 27815 27817
22859 465 27818 27819
22860 465 27818 27820
22861 465 27821 27822
22862 465 27821 27823
22863 465 27824 27825
22864 465 27824 27826
22865 465 27827 27828
22866 465 27827 27829
22867 465 27830 27831
22868 465 27830 27832
22869 465 27833 27834
22870 465 27833 27835
22871 465 27836 27837
22872 465 27836 27838
22873 465 27839 27840
22874 465 27839 27841
22875 465 27842 27843
22876 465 27842 27844
22877 465 27845 27846
22878 465 27845 27847
22879 465 27848 27849
22880 465 27848 27850
22881 465 27851 27852
22882 465 27851 27853
22883 465 27854 27855
22884 465 27854 27856
22885 465 27857 27858
22886 465 27857 27859
22887 465 27860 27861
22888 465 27860 27862
22889 465 27863 27864
22890 465 27863 27865
22891 465 27866 27867
22892 465 27866 27868
22893 465 27869 27870
22894 465 27869 27871
22895 465 27872 27873
22896 465 27872 27874
22897 465 27875 27876
22898 465 27875 27877
22899 465 27878 27879
22900 465 27878 27880
22901 465 27881 27882
22902 465 27881 27883
22903 465 27884 27885
22904 465 27884 27886
22905 465 27887 27888
22906 465 27887 27889
22907 465 27890 27891
22908 465 27890 27892
22909 465 27893 27894
22910 465 27893 27895
22911 465 27896 27897
22912 465 27896 27898
22913 465 27899 27900
22914 465 27899 27901
22915 465 27902 27903
22916 465 27902 27904
22917 465 27905 27906
22918 465 27905 27907
22919 465 27908 27909
22920 465 27908 27910
22921 465 27911 27912
22922 465 27911 27913
22923 465 27914 27915
22924 465 27914 27916
22925 465 27917 27918
22926 465 27917 27919
22927 465 27920 27921
22928 465 27920 27922
22929 465 27923 27924
22930 465 27923 27925
22931 465 27926 27927
22932 465 27926 27928
22933 465 27929 27930
22934 465 27929 27931
22935 465 27932 27933
22936 465 27932 27934
22937 465 27935 27936
22938 465 27935 27937
22939 465 27938 27939
22940 465 27938 27940
22941 465 27941 27942
22942 465 27941 27943
22943 465 27944 27945
22944 465 27944 27946
22945 465 27947 27948
22946 465 27947 27949
22947 465 27950 27951
22948 465 27950 27952
22949 465 27953 27954
22950 465 27953 27955
22951 465 27956 27957
22952 465 27956 27958
22953 465 27959 27960
22954 465 27959 27961
22955 465 27962 27963
22956 465 27962 27964
22957 465 27965 27966
22958 465 27965 27967
22959 465 27968 27969
22960 465 27968 27970
22961 465 27971 27972
22962 465 27971 27973
22963 465 27974 27975
22964 465 27974 27976
22965 465 27977 27978
22966 465 27977 27979
22967 465 27980 27981
22968 465 27980 27982
22969 465 27983 27984
22970 465 27983 27985
22971 465 27986 27987
22972 465 27986 27988
22973 465 27989 27990
22974 465 27989 27991
22975 465 27992 27993
22976 465 27992 27994
22977 465 27995 27996
22978 465 27995 27997
22979 465 27998 27999
22980 465 27998 28000
22981 465 28001 28002
22982 465 28001 28003
22983 465 28004 28005
22984 465 28004 28006
22985 465 28007 28008
22986 465 28007 28009
22987 465 28010 28011
22988 465 28010 28012
22989 465 28013 28014
22990 465 28013 28015
22991 465 28016 28017
22992 465 28016 28018
22993 465 28019 28020
22994 465 28019 28021
22995 465 28022 28023
22996 465 28022 28024
22997 465 28025 28026
22998 465 28025 28027
22999 465 28028 28029
23000 465 28028 28030
23001 465 28031 28032
23002 465 28031 28033
23003 465 28034 28035
23004 465 28034 28036
23005 465 28037 28038
23006 465 28037 28039
23007 465 28040 28041
23008 465 28040 28042
23009 465 28043 28044
23010 465 28043 28045
23011 465 28046 28047
23012 465 28046 28048
23013 465 28049 28050
23014 465 28049 28051
23015 465 28052 28053
23016 465 28052 28054
23017 465 28055 28056
23018 465 28055 28057
23019 465 28058 28059
23020 465 28058 28060
23021 465 28061 28062
23022 465 28061 28063
23023 465 28064 28065
23024 465 28064 28066
23025 465 28067 28068
23026 465 28067 28069
23027 465 28070 28071
23028 465 28070 28072
23029 465 28073 28074
23030 465 28073 28075
23031 465 28076 28077
23032 465 28076 28078
23033 465 28079 28080
23034 465 28079 28081
23035 465 28082 28083
23036 465 28082 28084
23037 465 28085 28086
23038 465 28085 28087
23039 465 28088 28089
23040 465 28088 28090
23041 465 28091 28092
23042 465 28091 28093
23043 465 28094 28095
23044 465 28094 28096
23045 465 28097 28098
23046 465 28097 28099
23047 465 28100 28101
23048 465 28100 28102
23049 465 28103 28104
23050 465 28103 28105
23051 465 28106 28107
23052 465 28106 28108
23053 465 28109 28110
23054 465 28109 28111
23055 465 28112 28113
23056 465 28112 28114
23057 465 28115 28116
23058 465 28115 28117
23059 465 28118 28119
23060 465 28118 28120
23061 465 28121 28122
23062 465 28121 28123
23063 465 28124 28125
23064 465 28124 28126
23065 465 28127 28128
23066 465 28127 28129
23067 465 28130 28131
23068 465 28130 28132
23069 465 28133 28134
23070 465 28133 28135
23071 465 28136 28137
23072 465 28136 28138
23073 465 28139 28140
23074 465 28139 28141
23075 465 28142 28143
23076 465 28142 28144
23077 465 28145 28146
23078 465 28145 28147
23079 465 28148 28149
23080 465 28148 28150
23081 465 28151 28152
23082 465 28151 28153
23083 465 28154 28155
23084 465 28154 28156
23085 465 28157 28158
23086 465 28157 28159
23087 465 28160 28161
23088 465 28160 28162
23089 465 28163 28164
23090 465 28163 28165
23091 465 28166 28167
23092 465 28166 28168
23093 465 28169 28170
23094 465 28169 28171
23095 465 28172 28173
23096 465 28172 28174
23097 465 28175 28176
23098 465 28175 28177
23099 465 28178 28179
23100 465 28178 28180
23101 465 28181 28182
23102 465 28181 28183
23103 465 28184 28185
23104 465 28184 28186
23105 465 28187 28188
23106 465 28187 28189
23107 465 28190 28191
23108 465 28190 28192
23109 465 28193 28194
23110 465 28193 28195
23111 465 28196 28197
23112 465 28196 28198
23113 465 28199 28200
23114 465 28199 28201
23115 465 28202 28203
23116 465 28202 28204
23117 465 28205 28206
23118 465 28205 28207
23119 465 28208 28209
23120 465 28208 28210
23121 465 28211 28212
23122 465 28211 28213
23123 465 28214 28215
23124 465 28214 28216
23125 465 28217 28218
23126 465 28217 28219
23127 465 28220 28221
23128 465 28220 28222
23129 465 28223 28224
23130 465 28223 28225
23131 465 28226 28227
23132 465 28226 28228
23133 465 28229 28230
23134 465 28229 28231
23135 465 28232 28233
23136 465 28232 28234
23137 465 28235 28236
23138 465 28235 28237
23139 465 28238 28239
23140 465 28238 28240
23141 465 28241 28242
23142 465 28241 28243
23143 465 28244 28245
23144 465 28244 28246
23145 465 28247 28248
23146 465 28247 28249
23147 465 28250 28251
23148 465 28250 28252
23149 465 28253 28254
23150 465 28253 28255
23151 465 28256 28257
23152 465 28256 28258
23153 465 28259 28260
23154 465 28259 28261
23155 465 28262 28263
23156 465 28262 28264
23157 465 28265 28266
23158 465 28265 28267
23159 465 28268 28269
23160 465 28268 28270
23161 465 28271 28272
23162 465 28271 28273
23163 465 28274 28275
23164 465 28274 28276
23165 465 28277 28278
23166 465 28277 28279
23167 465 28280 28281
23168 465 28280 28282
23169 465 28283 28284
23170 465 28283 28285
23171 465 28286 28287
23172 465 28286 28288
23173 465 28289 28290
23174 465 28289 28291
23175 465 28292 28293
23176 465 28292 28294
23177 465 28295 28296
23178 465 28295 28297
23179 465 28298 28299
23180 465 28298 28300
23181 465 28301 28302
23182 465 28301 28303
23183 465 28304 28305
23184 465 28304 28306
23185 465 28307 28308
23186 465 28307 28309
23187 465 28310 28311
23188 465 28310 28312
23189 465 28313 28314
23190 465 28313 28315
23191 465 28316 28317
23192 465 28316 28318
23193 465 28319 28320
23194 465 28319 28321
23195 465 28322 28323
23196 465 28322 28324
23197 465 28325 28326
23198 465 28325 28327
23199 465 28328 28329
23200 465 28328 28330
23201 465 28331 28332
23202 465 28331 28333
23203 465 28334 28335
23204 465 28334 28336
23205 465 28337 28338
23206 465 28337 28339
23207 465 28340 28341
23208 465 28340 28342
23209 465 28343 28344
23210 465 28343 28345
23211 465 28346 28347
23212 465 28346 28348
23213 465 28349 28350
23214 465 28349 28351
23215 465 28352 28353
23216 465 28352 28354
23217 465 28355 28356
23218 465 28355 28357
23219 465 28358 28359
23220 465 28358 28360
23221 465 28361 28362
23222 465 28361 28363
23223 465 28364 28365
23224 465 28364 28366
23225 465 28367 28368
23226 465 28367 28369
23227 465 28370 28371
23228 465 28370 28372
23229 465 28373 28374
23230 465 28373 28375
23231 465 28376 28377
23232 465 28376 28378
23233 465 28379 28380
23234 465 28379 28381
23235 465 28382 28383
23236 465 28382 28384
23237 465 28385 28386
23238 465 28385 28387
23239 465 28388 28389
23240 465 28388 28390
23241 465 28391 28392
23242 465 28391 28393
23243 465 28394 28395
23244 465 28394 28396
23245 465 28397 28398
23246 465 28397 28399
23247 465 28400 28401
23248 465 28400 28402
23249 465 28403 28404
23250 465 28403 28405
23251 465 28406 28407
23252 465 28406 28408
23253 465 28409 28410
23254 465 28409 28411
23255 465 28412 28413
23256 465 28412 28414
23257 465 28415 28416
23258 465 28415 28417
23259 465 28418 28419
23260 465 28418 28420
23261 465 28421 28422
23262 465 28421 28423
23263 465 28424 28425
23264 465 28424 28426
23265 465 28427 28428
23266 465 28427 28429
23267 465 28430 28431
23268 465 28430 28432
23269 465 28433 28434
23270 465 28433 28435
23271 465 28436 28437
23272 465 28436 28438
23273 465 28439 28440
23274 465 28439 28441
23275 465 28442 28443
23276 465 28442 28444
23277 465 28445 28446
23278 465 28445 28447
23279 465 28448 28449
23280 465 28448 28450
23281 465 28451 28452
23282 465 28451 28453
23283 465 28454 28455
23284 465 28454 28456
23285 465 28457 28458
23286 465 28457 28459
23287 465 28460 28461
23288 465 28460 28462
23289 465 28463 28464
23290 465 28463 28465
23291 465 28466 28467
23292 465 28466 28468
23293 465 28469 28470
23294 465 28469 28471
23295 465 28472 28473
23296 465 28472 28474
23297 465 28475 28476
23298 465 28475 28477
23299 465 28478 28479
23300 465 28478 28480
23301 465 28481 28482
23302 465 28481 28483
23303 465 28484 28485
23304 465 28484 28486
23305 465 28487 28488
23306 465 28487 28489
23307 465 28490 28491
23308 465 28490 28492
23309 465 28493 28494
23310 465 28493 28495
23311 465 28496 28497
23312 465 28496 28498
23313 465 28499 28500
23314 465 28499 28501
23315 465 28502 28503
23316 465 28502 28504
23317 465 28505 28506
23318 465 28505 28507
23319 465 28508 28509
23320 465 28508 28510
23321 465 28511 28512
23322 465 28511 28513
23323 465 28514 28515
23324 465 28514 28516
23325 465 28517 28518
23326 465 28517 28519
23327 465 28520 28521
23328 465 28520 28522
23329 465 28523 28524
23330 465 28523 28525
23331 465 28526 28527
23332 465 28526 28528
23333 465 28529 28530
23334 465 28529 28531
23335 465 28532 28533
23336 465 28532 28534
23337 465 28535 28536
23338 465 28535 28537
23339 465 28538 28539
23340 465 28538 28540
23341 465 28541 28542
23342 465 28541 28543
23343 465 28544 28545
23344 465 28544 28546
23345 465 28547 28548
23346 465 28547 28549
23347 465 28550 28551
23348 465 28550 28552
23349 465 28553 28554
23350 465 28553 28555
23351 465 28556 28557
23352 465 28556 28558
23353 465 28559 28560
23354 465 28559 28561
23355 465 28562 28563
23356 465 28562 28564
23357 465 28565 28566
23358 465 28565 28567
23359 465 28568 28569
23360 465 28568 28570
23361 465 28571 28572
23362 465 28571 28573
23363 465 28574 28575
23364 465 28574 28576
23365 465 28577 28578
23366 465 28577 28579
23367 465 28580 28581
23368 465 28580 28582
23369 465 28583 28584
23370 465 28583 28585
23371 465 28586 28587
23372 465 28586 28588
23373 465 28589 28590
23374 465 28589 28591
23375 465 28592 28593
23376 465 28592 28594
23377 465 28595 28596
23378 465 28595 28597
23379 465 28598 28599
23380 465 28598 28600
23381 465 28601 28602
23382 465 28601 28603
23383 465 28604 28605
23384 465 28604 28606
23385 465 28607 28608
23386 465 28607 28609
23387 465 28610 28611
23388 465 28610 28612
23389 465 28613 28614
23390 465 28613 28615
23391 465 28616 28617
23392 465 28616 28618
23393 465 28619 28620
23394 465 28619 28621
23395 465 28622 28623
23396 465 28622 28624
23397 465 28625 28626
23398 465 28625 28627
23399 465 28628 28629
23400 465 28628 28630
23401 465 28631 28632
23402 465 28631 28633
23403 465 28634 28635
23404 465 28634 28636
23405 465 28637 28638
23406 465 28637 28639
23407 465 28640 28641
23408 465 28640 28642
23409 465 28643 28644
23410 465 28643 28645
23411 465 28646 28647
23412 465 28646 28648
23413 465 28649 28650
23414 465 28649 28651
23415 465 28652 28653
23416 465 28652 28654
23417 465 28655 28656
23418 465 28655 28657
23419 465 28658 28659
23420 465 28658 28660
23421 465 28661 28662
23422 465 28661 28663
23423 465 28664 28665
23424 465 28664 28666
23425 465 28667 28668
23426 465 28667 28669
23427 465 28670 28671
23428 465 28670 28672
23429 465 28673 28674
23430 465 28673 28675
23431 465 28676 28677
23432 465 28676 28678
23433 465 28679 28680
23434 465 28679 28681
23435 465 28682 28683
23436 465 28682 28684
23437 465 28685 28686
23438 465 28685 28687
23439 465 28688 28689
23440 465 28688 28690
23441 465 28691 28692
23442 465 28691 28693
23443 465 28694 28695
23444 465 28694 28696
23445 465 28697 28698
23446 465 28697 28699
23447 465 28700 28701
23448 465 28700 28702
23449 465 28703 28704
23450 465 28703 28705
23451 465 28706 28707
23452 465 28706 28708
23453 465 28709 28710
23454 465 28709 28711
23455 465 28712 28713
23456 465 28712 28714
23457 465 28715 28716
23458 465 28715 28717
23459 465 28718 28719
23460 465 28718 28720
23461 465 28721 28722
23462 465 28721 28723
23463 465 28724 28725
23464 465 28724 28726
23465 465 28727 28728
23466 465 28727 28729
23467 465 28730 28731
23468 465 28730 28732
23469 465 28733 28734
23470 465 28733 28735
23471 465 28736 28737
23472 465 28736 28738
23473 465 28739 28740
23474 465 28739 28741
23475 465 28742 28743
23476 465 28742 28744
23477 465 28745 28746
23478 465 28745 28747
23479 465 28748 28749
23480 465 28748 28750
23481 465 28751 28752
23482 465 28751 28753
23483 465 28754 28755
23484 465 28754 28756
23485 465 28757 28758
23486 465 28757 28759
23487 465 28760 28761
23488 465 28760 28762
23489 465 28763 28764
23490 465 28763 28765
23491 465 28766 28767
23492 465 28766 28768
23493 465 28769 28770
23494 465 28769 28771
23495 465 28772 28773
23496 465 28772 28774
23497 465 28775 28776
23498 465 28775 28777
23499 465 28778 28779
23500 465 28778 28780
23501 465 28781 28782
23502 465 28781 28783
23503 465 28784 28785
23504 465 28784 28786
23505 465 28787 28788
23506 465 28787 28789
23507 465 28790 28791
23508 465 28790 28792
23509 465 28793 28794
23510 465 28793 28795
23511 465 28796 28797
23512 465 28796 28798
23513 465 28799 28800
23514 465 28799 28801
23515 465 28802 28803
23516 465 28802 28804
23517 465 28805 28806
23518 465 28805 28807
23519 465 28808 28809
23520 465 28808 28810
23521 465 28811 28812
23522 465 28811 28813
23523 465 28814 28815
23524 465 28814 28816
23525 465 28817 28818
23526 465 28817 28819
23527 465 28820 28821
23528 465 28820 28822
23529 465 28823 28824
23530 465 28823 28825
23531 465 28826 28827
23532 465 28826 28828
23533 465 28829 28830
23534 465 28829 28831
23535 465 28832 28833
23536 465 28832 28834
23537 465 28835 28836
23538 465 28835 28837
23539 465 28838 28839
23540 465 28838 28840
23541 465 28841 28842
23542 465 28841 28843
23543 465 28844 28845
23544 465 28844 28846
23545 465 28847 28848
23546 465 28847 28849
23547 465 28850 28851
23548 465 28850 28852
23549 465 28853 28854
23550 465 28853 28855
23551 465 28856 28857
23552 465 28856 28858
23553 465 28859 28860
23554 465 28859 28861
23555 465 28862 28863
23556 465 28862 28864
23557 465 28865 28866
23558 465 28865 28867
23559 465 28868 28869
23560 465 28868 28870
23561 465 28871 28872
23562 465 28871 28873
23563 465 28874 28875
23564 465 28874 28876
23565 465 28877 28878
23566 465 28877 28879
23567 465 28880 28881
23568 465 28880 28882
23569 465 28883 28884
23570 465 28883 28885
23571 465 28886 28887
23572 465 28886 28888
23573 465 28889 28890
23574 465 28889 28891
23575 465 28892 28893
23576 465 28892 28894
23577 465 28895 28896
23578 465 28895 28897
23579 465 28898 28899
23580 465 28898 28900
23581 465 28901 28902
23582 465 28901 28903
23583 465 28904 28905
23584 465 28904 28906
23585 465 28907 28908
23586 465 28907 28909
23587 465 28910 28911
23588 465 28910 28912
23589 465 28913 28914
23590 465 28913 28915
23591 465 28916 28917
23592 465 28916 28918
23593 465 28919 28920
23594 465 28919 28921
23595 465 28922 28923
23596 465 28922 28924
23597 465 28925 28926
23598 465 28925 28927
23599 465 28928 28929
23600 465 28928 28930
23601 465 28931 28932
23602 465 28931 28933
23603 465 28934 28935
23604 465 28934 28936
23605 465 28937 28938
23606 465 28937 28939
23607 465 28940 28941
23608 465 28940 28942
23609 465 28943 28944
23610 465 28943 28945
23611 465 28946 28947
23612 465 28946 28948
23613 465 28949 28950
23614 465 28949 28951
23615 465 28952 28953
23616 465 28952 28954
23617 465 28955 28956
23618 465 28955 28957
23619 465 28958 28959
23620 465 28958 28960
23621 465 28961 28962
23622 465 28961 28963
23623 465 28964 28965
23624 465 28964 28966
23625 465 28967 28968
23626 465 28967 28969
23627 465 28970 28971
23628 465 28970 28972
23629 465 28973 28974
23630 465 28973 28975
23631 465 28976 28977
23632 465 28976 28978
23633 465 28979 28980
23634 465 28979 28981
23635 465 28982 28983
23636 465 28982 28984
23637 465 28985 28986
23638 465 28985 28987
23639 465 28988 28989
23640 465 28988 28990
23641 465 28991 28992
23642 465 28991 28993
23643 465 28994 28995
23644 465 28994 28996
23645 465 28997 28998
23646 465 28997 28999
23647 465 29000 29001
23648 465 29000 29002
23649 465 29003 29004
23650 465 29003 29005
23651 465 29006 29007
23652 465 29006 29008
23653 465 29009 29010
23654 465 29009 29011
23655 465 29012 29013
23656 465 29012 29014
23657 465 29015 29016
23658 465 29015 29017
23659 465 29018 29019
23660 465 29018 29020
23661 465 29021 29022
23662 465 29021 29023
23663 465 29024 29025
23664 465 29024 29026
23665 465 29027 29028
23666 465 29027 29029
23667 465 29030 29031
23668 465 29030 29032
23669 465 29033 29034
23670 465 29033 29035
23671 465 29036 29037
23672 465 29036 29038
23673 465 29039 29040
23674 465 29039 29041
23675 465 29042 29043
23676 465 29042 29044
23677 465 29045 29046
23678 465 29045 29047
23679 465 29048 29049
23680 465 29048 29050
23681 465 29051 29052
23682 465 29051 29053
23683 465 29054 29055
23684 465 29054 29056
23685 465 29057 29058
23686 465 29057 29059
23687 465 29060 29061
23688 465 29060 29062
23689 465 29063 29064
23690 465 29063 29065
23691 465 29066 29067
23692 465 29066 29068
23693 465 29069 29070
23694 465 29069 29071
23695 465 29072 29073
23696 465 29072 29074
23697 465 29075 29076
23698 465 29075 29077
23699 465 29078 29079
23700 465 29078 29080
23701 465 29081 29082
23702 465 29081 29083
23703 465 29084 29085
23704 465 29084 29086
23705 465 29087 29088
23706 465 29087 29089
23707 465 29090 29091
23708 465 29090 29092
23709 465 29093 29094
23710 465 29093 29095
23711 465 29096 29097
23712 465 29096 29098
23713 465 29099 29100
23714 465 29099 29101
23715 465 29102 29103
23716 465 29102 29104
23717 465 29105 29106
23718 465 29105 29107
23719 465 29108 29109
23720 465 29108 29110
23721 465 29111 29112
23722 465 29111 29113
23723 465 29114 29115
23724 465 29114 29116
23725 465 29117 29118
23726 465 29117 29119
23727 465 29120 29121
23728 465 29120 29122
23729 465 29123 29124
23730 465 29123 29125
23731 465 29126 29127
23732 465 29126 29128
23733 465 29129 29130
23734 465 29129 29131
23735 465 29132 29133
23736 465 29132 29134
23737 465 29135 29136
23738 465 29135 29137
23739 465 29138 29139
23740 465 29138 29140
23741 465 29141 29142
23742 465 29141 29143
23743 465 29144 29145
23744 465 29144 29146
23745 465 29147 29148
23746 465 29147 29149
23747 465 29150 29151
23748 465 29150 29152
23749 465 29153 29154
23750 465 29153 29155
23751 465 29156 29157
23752 465 29156 29158
23753 465 29159 29160
23754 465 29159 29161
23755 465 29162 29163
23756 465 29162 29164
23757 465 29165 29166
23758 465 29165 29167
23759 465 29168 29169
23760 465 29168 29170
23761 465 29171 29172
23762 465 29171 29173
23763 465 29174 29175
23764 465 29174 29176
23765 465 29177 29178
23766 465 29177 29179
23767 465 29180 29181
23768 465 29180 29182
23769 465 29183 29184
23770 465 29183 29185
23771 465 29186 29187
23772 465 29186 29188
23773 465 29189 29190
23774 465 29189 29191
23775 465 29192 29193
23776 465 29192 29194
23777 465 29195 29196
23778 465 29195 29197
23779 465 29198 29199
23780 465 29198 29200
23781 465 29201 29202
23782 465 29201 29203
23783 465 29204 29205
23784 465 29204 29206
23785 465 29207 29208
23786 465 29207 29209
23787 465 29210 29211
23788 465 29210 29212
23789 465 29213 29214
23790 465 29213 29215
23791 465 29216 29217
23792 465 29216 29218
23793 465 29219 29220
23794 465 29219 29221
23795 465 29222 29223
23796 465 29222 29224
23797 465 29225 29226
23798 465 29225 29227
23799 465 29228 29229
23800 465 29228 29230
23801 465 29231 29232
23802 465 29231 29233
23803 465 29234 29235
23804 465 29234 29236
23805 465 29237 29238
23806 465 29237 29239
23807 465 29240 29241
23808 465 29240 29242
23809 465 29243 29244
23810 465 29243 29245
23811 465 29246 29247
23812 465 29246 29248
23813 465 29249 29250
23814 465 29249 29251
23815 465 29252 29253
23816 465 29252 29254
23817 465 29255 29256
23818 465 29255 29257
23819 465 29258 29259
23820 465 29258 29260
23821 465 29261 29262
23822 465 29261 29263
23823 465 29264 29265
23824 465 29264 29266
23825 465 29267 29268
23826 465 29267 29269
23827 465 29270 29271
23828 465 29270 29272
23829 465 29273 29274
23830 465 29273 29275
23831 465 29276 29277
23832 465 29276 29278
23833 465 29279 29280
23834 465 29279 29281
23835 465 29282 29283
23836 465 29282 29284
23837 465 29285 29286
23838 465 29285 29287
23839 465 29288 29289
23840 465 29288 29290
23841 465 29291 29292
23842 465 29291 29293
23843 465 29294 29295
23844 465 29294 29296
23845 465 29297 29298
23846 465 29297 29299
23847 465 29300 29301
23848 465 29300 29302
23849 465 29303 29304
23850 465 29303 29305
23851 465 29306 29307
23852 465 29306 29308
23853 465 29309 29310
23854 465 29309 29311
23855 465 29312 29313
23856 465 29312 29314
23857 465 29315 29316
23858 465 29315 29317
23859 465 29318 29319
23860 465 29318 29320
23861 465 29321 29322
23862 465 29321 29323
23863 465 29324 29325
23864 465 29324 29326
23865 465 29327 29328
23866 465 29327 29329
23867 465 29330 29331
23868 465 29330 29332
23869 465 29333 29334
23870 465 29333 29335
23871 465 29336 29337
23872 465 29336 29338
23873 465 29339 29340
23874 465 29339 29341
23875 465 29342 29343
23876 465 29342 29344
23877 465 29345 29346
23878 465 29345 29347
23879 465 29348 29349
23880 465 29348 29350
23881 465 29351 29352
23882 465 29351 29353
23883 465 29354 29355
23884 465 29354 29356
23885 465 29357 29358
23886 465 29357 29359
23887 465 29360 29361
23888 465 29360 29362
23889 465 29363 29364
23890 465 29363 29365
23891 465 29366 29367
23892 465 29366 29368
23893 465 29369 29370
23894 465 29369 29371
23895 465 29372 29373
23896 465 29372 29374
23897 465 29375 29376
23898 465 29375 29377
23899 465 29378 29379
23900 465 29378 29380
23901 465 29381 29382
23902 465 29381 29383
23903 465 29384 29385
23904 465 29384 29386
23905 465 29387 29388
23906 465 29387 29389
23907 465 29390 29391
23908 465 29390 29392
23909 465 29393 29394
23910 465 29393 29395
23911 465 29396 29397
23912 465 29396 29398
23913 465 29399 29400
23914 465 29399 29401
23915 465 29402 29403
23916 465 29402 29404
23917 465 29405 29406
23918 465 29405 29407
23919 465 29408 29409
23920 465 29408 29410
23921 465 29411 29412
23922 465 29411 29413
23923 465 29414 29415
23924 465 29414 29416
23925 465 29417 29418
23926 465 29417 29419
23927 465 29420 29421
23928 465 29420 29422
23929 465 29423 29424
23930 465 29423 29425
23931 465 29426 29427
23932 465 29426 29428
23933 465 29429 29430
23934 465 29429 29431
23935 465 29432 29433
23936 465 29432 29434
23937 465 29435 29436
23938 465 29435 29437
23939 465 29438 29439
23940 465 29438 29440
23941 465 29441 29442
23942 465 29441 29443
23943 465 29444 29445
23944 465 29444 29446
23945 465 29447 29448
23946 465 29447 29449
23947 465 29450 29451
23948 465 29450 29452
23949 465 29453 29454
23950 465 29453 29455
23951 465 29456 29457
23952 465 29456 29458
23953 465 29459 29460
23954 465 29459 29461
23955 465 29462 29463
23956 465 29462 29464
23957 465 29465 29466
23958 465 29465 29467
23959 465 29468 29469
23960 465 29468 29470
23961 465 29471 29472
23962 465 29471 29473
23963 465 29474 29475
23964 465 29474 29476
23965 465 29477 29478
23966 465 29477 29479
23967 465 29480 29481
23968 465 29480 29482
23969 465 29483 29484
23970 465 29483 29485
23971 465 29486 29487
23972 465 29486 29488
23973 465 29489 29490
23974 465 29489 29491
23975 465 29492 29493
23976 465 29492 29494
23977 465 29495 29496
23978 465 29495 29497
23979 465 29498 29499
23980 465 29498 29500
23981 465 29501 29502
23982 465 29501 29503
23983 465 29504 29505
23984 465 29504 29506
23985 465 29507 29508
23986 465 29507 29509
23987 465 29510 29511
23988 465 29510 29512
23989 465 29513 29514
23990 465 29513 29515
23991 465 29516 29517
23992 465 29516 29518
23993 465 29519 29520
23994 465 29519 29521
23995 465 29522 29523
23996 465 29522 29524
23997 465 29525 29526
23998 465 29525 29527
23999 465 29528 29529
24000 465 29528 29530
24001 465 29531 29532
24002 465 29531 29533
24003 465 29534 29535
24004 465 29534 29536
24005 465 29537 29538
24006 465 29537 29539
24007 465 29540 29541
24008 465 29540 29542
24009 465 29543 29544
24010 465 29543 29545
24011 465 29546 29547
24012 465 29546 29548
24013 465 29549 29550
24014 465 29549 29551
24015 465 29552 29553
24016 465 29552 29554
24017 465 29555 29556
24018 465 29555 29557
24019 465 29558 29559
24020 465 29558 29560
24021 465 29561 29562
24022 465 29561 29563
24023 465 29564 29565
24024 465 29564 29566
24025 465 29567 29568
24026 465 29567 29569
24027 465 29570 29571
24028 465 29570 29572
24029 465 29573 29574
24030 465 29573 29575
24031 465 29576 29577
24032 465 29576 29578
24033 465 29579 29580
24034 465 29579 29581
24035 465 29582 29583
24036 465 29582 29584
24037 465 29585 29586
24038 465 29585 29587
24039 465 29588 29589
24040 465 29588 29590
24041 465 29591 29592
24042 465 29591 29593
24043 465 29594 29595
24044 465 29594 29596
24045 465 29597 29598
24046 465 29597 29599
24047 465 29600 29601
24048 465 29600 29602
24049 465 29603 29604
24050 465 29603 29605
24051 465 29606 29607
24052 465 29606 29608
24053 465 29609 29610
24054 465 29609 29611
24055 465 29612 29613
24056 465 29612 29614
24057 465 29615 29616
24058 465 29615 29617
24059 465 29618 29619
24060 465 29618 29620
24061 465 29621 29622
24062 465 29621 29623
24063 465 29624 29625
24064 465 29624 29626
24065 465 29627 29628
24066 465 29627 29629
24067 465 29630 29631
24068 465 29630 29632
24069 465 29633 29634
24070 465 29633 29635
24071 465 29636 29637
24072 465 29636 29638
24073 465 29639 29640
24074 465 29639 29641
24075 465 29642 29643
24076 465 29642 29644
24077 465 29645 29646
24078 465 29645 29647
24079 465 29648 29649
24080 465 29648 29650
24081 465 29651 29652
24082 465 29651 29653
24083 465 29654 29655
24084 465 29654 29656
24085 465 29657 29658
24086 465 29657 29659
24087 465 29660 29661
24088 465 29660 29662
24089 465 29663 29664
24090 465 29663 29665
24091 465 29666 29667
24092 465 29666 29668
24093 465 29669 29670
24094 465 29669 29671
24095 465 29672 29673
24096 465 29672 29674
24097 465 29675 29676
24098 465 29675 29677
24099 465 29678 29679
24100 465 29678 29680
24101 465 29681 29682
24102 465 29681 29683
24103 465 29684 29685
24104 465 29684 29686
24105 465 29687 29688
24106 465 29687 29689
24107 465 29690 29691
24108 465 29690 29692
24109 465 29693 29694
24110 465 29693 29695
24111 465 29696 29697
24112 465 29696 29698
24113 465 29699 29700
24114 465 29699 29701
24115 465 29702 29703
24116 465 29702 29704
24117 465 29705 29706
24118 465 29705 29707
24119 465 29708 29709
24120 465 29708 29710
24121 465 29711 29712
24122 465 29711 29713
24123 465 29714 29715
24124 465 29714 29716
24125 465 29717 29718
24126 465 29717 29719
24127 465 29720 29721
24128 465 29720 29722
24129 465 29723 29724
24130 465 29723 29725
24131 465 29726 29727
24132 465 29726 29728
24133 465 29729 29730
24134 465 29729 29731
24135 465 29732 29733
24136 465 29732 29734
24137 465 29735 29736
24138 465 29735 29737
24139 465 29738 29739
24140 465 29738 29740
24141 465 29741 29742
24142 465 29741 29743
24143 465 29744 29745
24144 465 29744 29746
24145 465 29747 29748
24146 465 29747 29749
24147 465 29750 29751
24148 465 29750 29752
24149 465 29753 29754
24150 465 29753 29755
24151 465 29756 29757
24152 465 29756 29758
24153 465 29759 29760
24154 465 29759 29761
24155 465 29762 29763
24156 465 29762 29764
24157 465 29765 29766
24158 465 29765 29767
24159 465 29768 29769
24160 465 29768 29770
24161 465 29771 29772
24162 465 29771 29773
24163 465 29774 29775
24164 465 29774 29776
24165 465 29777 29778
24166 465 29777 29779
24167 465 29780 29781
24168 465 29780 29782
24169 465 29783 29784
24170 465 29783 29785
24171 465 29786 29787
24172 465 29786 29788
24173 465 29789 29790
24174 465 29789 29791
24175 465 29792 29793
24176 465 29792 29794
24177 465 29795 29796
24178 465 29795 29797
24179 465 29798 29799
24180 465 29798 29800
24181 465 29801 29802
24182 465 29801 29803
24183 465 29804 29805
24184 465 29804 29806
24185 465 29807 29808
24186 465 29807 29809
24187 465 29810 29811
24188 465 29810 29812
24189 465 29813 29814
24190 465 29813 29815
24191 465 29816 29817
24192 465 29816 29818
24193 465 29819 29820
24194 465 29819 29821
24195 465 29822 29823
24196 465 29822 29824
24197 465 29825 29826
24198 465 29825 29827
24199 465 29828 29829
24200 465 29828 29830
24201 465 29831 29832
24202 465 29831 29833
24203 465 29834 29835
24204 465 29834 29836
24205 465 29837 29838
24206 465 29837 29839
24207 465 29840 29841
24208 465 29840 29842
24209 465 29843 29844
24210 465 29843 29845
24211 465 29846 29847
24212 465 29846 29848
24213 465 29849 29850
24214 465 29849 29851
24215 465 29852 29853
24216 465 29852 29854
24217 465 29855 29856
24218 465 29855 29857
24219 465 29858 29859
24220 465 29858 29860
24221 465 29861 29862
24222 465 29861 29863
24223 465 29864 29865
24224 465 29864 29866
24225 465 29867 29868
24226 465 29867 29869
24227 465 29870 29871
24228 465 29870 29872
24229 465 29873 29874
24230 465 29873 29875
24231 465 29876 29877
24232 465 29876 29878
24233 465 29879 29880
24234 465 29879 29881
24235 465 29882 29883
24236 465 29882 29884
24237 465 29885 29886
24238 465 29885 29887
24239 465 29888 29889
24240 465 29888 29890
24241 465 29891 29892
24242 465 29891 29893
24243 465 29894 29895
24244 465 29894 29896
24245 465 29897 29898
24246 465 29897 29899
24247 465 29900 29901
24248 465 29900 29902
24249 465 29903 29904
24250 465 29903 29905
24251 465 29906 29907
24252 465 29906 29908
24253 465 29909 29910
24254 465 29909 29911
24255 465 29912 29913
24256 465 29912 29914
24257 465 29915 29916
24258 465 29915 29917
24259 465 29918 29919
24260 465 29918 29920
24261 465 29921 29922
24262 465 29921 29923
24263 465 29924 29925
24264 465 29924 29926
24265 465 29927 29928
24266 465 29927 29929
24267 465 29930 29931
24268 465 29930 29932
24269 465 29933 29934
24270 465 29933 29935
24271 465 29936 29937
24272 465 29936 29938
24273 465 29939 29940
24274 465 29939 29941
24275 465 29942 29943
24276 465 29942 29944
24277 465 29945 29946
24278 465 29945 29947
24279 465 29948 29949
24280 465 29948 29950
24281 465 29951 29952
24282 465 29951 29953
24283 465 29954 29955
24284 465 29954 29956
24285 465 29957 29958
24286 465 29957 29959
24287 465 29960 29961
24288 465 29960 29962
24289 465 29963 29964
24290 465 29963 29965
24291 465 29966 29967
24292 465 29966 29968
24293 465 29969 29970
24294 465 29969 29971
24295 465 29972 29973
24296 465 29972 29974
24297 465 29975 29976
24298 465 29975 29977
24299 465 29978 29979
24300 465 29978 29980
24301 465 29981 29982
24302 465 29981 29983
24303 465 29984 29985
24304 465 29984 29986
24305 465 29987 29988
24306 465 29987 29989
24307 465 29990 29991
24308 465 29990 29992
24309 465 29993 29994
24310 465 29993 29995
24311 465 29996 29997
24312 465 29996 29998
24313 465 29999 30000
24314 465 29999 30001
24315 465 30002 30003
24316 465 30002 30004
24317 465 30005 30006
24318 465 30005 30007
24319 465 30008 30009
24320 465 30008 30010
24321 465 30011 30012
24322 465 30011 30013
24323 465 30014 30015
24324 465 30014 30016
24325 465 30017 30018
24326 465 30017 30019
24327 465 30020 30021
24328 465 30020 30022
24329 465 30023 30024
24330 465 30023 30025
24331 465 30026 30027
24332 465 30026 30028
24333 465 30029 30030
24334 465 30029 30031
24335 465 30032 30033
24336 465 30032 30034
24337 465 30035 30036
24338 465 30035 30037
24339 465 30038 30039
24340 465 30038 30040
24341 465 30041 30042
24342 465 30041 30043
24343 465 30044 30045
24344 465 30044 30046
24345 465 30047 30048
24346 465 30047 30049
24347 465 30050 30051
24348 465 30050 30052
24349 465 30053 30054
24350 465 30053 30055
24351 465 30056 30057
24352 465 30056 30058
24353 465 30059 30060
24354 465 30059 30061
24355 465 30062 30063
24356 465 30062 30064
24357 465 30065 30066
24358 465 30065 30067
24359 465 30068 30069
24360 465 30068 30070
24361 465 30071 30072
24362 465 30071 30073
24363 465 30074 30075
24364 465 30074 30076
24365 465 30077 30078
24366 465 30077 30079
24367 465 30080 30081
24368 465 30080 30082
24369 465 30083 30084
24370 465 30083 30085
24371 465 30086 30087
24372 465 30086 30088
24373 465 30089 30090
24374 465 30089 30091
24375 465 30092 30093
24376 465 30092 30094
24377 465 30095 30096
24378 465 30095 30097
24379 465 30098 30099
24380 465 30098 30100
24381 465 30101 30102
24382 465 30101 30103
24383 465 30104 30105
24384 465 30104 30106
24385 465 30107 30108
24386 465 30107 30109
24387 465 30110 30111
24388 465 30110 30112
24389 465 30113 30114
24390 465 30113 30115
24391 465 30116 30117
24392 465 30116 30118
24393 465 30119 30120
24394 465 30119 30121
24395 465 30122 30123
24396 465 30122 30124
24397 465 30125 30126
24398 465 30125 30127
24399 465 30128 30129
24400 465 30128 30130
24401 465 30131 30132
24402 465 30131 30133
24403 465 30134 30135
24404 465 30134 30136
24405 465 30137 30138
24406 465 30137 30139
24407 465 30140 30141
24408 465 30140 30142
24409 465 30143 30144
24410 465 30143 30145
24411 465 30146 30147
24412 465 30146 30148
24413 465 30149 30150
24414 465 30149 30151
24415 465 30152 30153
24416 465 30152 30154
24417 465 30155 30156
24418 465 30155 30157
24419 465 30158 30159
24420 465 30158 30160
24421 465 30161 30162
24422 465 30161 30163
24423 465 30164 30165
24424 465 30164 30166
24425 465 30167 30168
24426 465 30167 30169
24427 465 30170 30171
24428 465 30170 30172
24429 465 30173 30174
24430 465 30173 30175
24431 465 30176 30177
24432 465 30176 30178
24433 465 30179 30180
24434 465 30179 30181
24435 465 30182 30183
24436 465 30182 30184
24437 465 30185 30186
24438 465 30185 30187
24439 465 30188 30189
24440 465 30188 30190
24441 465 30191 30192
24442 465 30191 30193
24443 465 30194 30195
24444 465 30194 30196
24445 465 30197 30198
24446 465 30197 30199
24447 465 30200 30201
24448 465 30200 30202
24449 465 30203 30204
24450 465 30203 30205
24451 465 30206 30207
24452 465 30206 30208
24453 465 30209 30210
24454 465 30209 30211
24455 465 30212 30213
24456 465 30212 30214
24457 465 30215 30216
24458 465 30215 30217
24459 465 30218 30219
24460 465 30218 30220
24461 465 30221 30222
24462 465 30221 30223
24463 465 30224 30225
24464 465 30224 30226
24465 465 30227 30228
24466 465 30227 30229
24467 465 30230 30231
24468 465 30230 30232
24469 465 30233 30234
24470 465 30233 30235
24471 465 30236 30237
24472 465 30236 30238
24473 465 30239 30240
24474 465 30239 30241
24475 465 30242 30243
24476 465 30242 30244
24477 465 30245 30246
24478 465 30245 30247
24479 465 30248 30249
24480 465 30248 30250
24481 465 30251 30252
24482 465 30251 30253
24483 465 30254 30255
24484 465 30254 30256
24485 465 30257 30258
24486 465 30257 30259
24487 465 30260 30261
24488 465 30260 30262
24489 465 30263 30264
24490 465 30263 30265
24491 465 30266 30267
24492 465 30266 30268
24493 465 30269 30270
24494 465 30269 30271
24495 465 30272 30273
24496 465 30272 30274
24497 465 30275 30276
24498 465 30275 30277
24499 465 30278 30279
24500 465 30278 30280
24501 465 30281 30282
24502 465 30281 30283
24503 465 30284 30285
24504 465 30284 30286
24505 465 30287 30288
24506 465 30287 30289
24507 465 30290 30291
24508 465 30290 30292
24509 465 30293 30294
24510 465 30293 30295
24511 465 30296 30297
24512 465 30296 30298
24513 465 30299 30300
24514 465 30299 30301
24515 465 30302 30303
24516 465 30302 30304
24517 465 30305 30306
24518 465 30305 30307
24519 465 30308 30309
24520 465 30308 30310
24521 465 30311 30312
24522 465 30311 30313
24523 465 30314 30315
24524 465 30314 30316
24525 465 30317 30318
24526 465 30317 30319
24527 465 30320 30321
24528 465 30320 30322
24529 465 30323 30324
24530 465 30323 30325
24531 465 30326 30327
24532 465 30326 30328
24533 465 30329 30330
24534 465 30329 30331
24535 465 30332 30333
24536 465 30332 30334
24537 465 30335 30336
24538 465 30335 30337
24539 465 30338 30339
24540 465 30338 30340
24541 465 30341 30342
24542 465 30341 30343
24543 465 30344 30345
24544 465 30344 30346
24545 465 30347 30348
24546 465 30347 30349
24547 465 30350 30351
24548 465 30350 30352
24549 465 30353 30354
24550 465 30353 30355
24551 465 30356 30357
24552 465 30356 30358
24553 465 30359 30360
24554 465 30359 30361
24555 465 30362 30363
24556 465 30362 30364
24557 465 30365 30366
24558 465 30365 30367
24559 465 30368 30369
24560 465 30368 30370
24561 465 30371 30372
24562 465 30371 30373
24563 465 30374 30375
24564 465 30374 30376
24565 465 30377 30378
24566 465 30377 30379
24567 465 30380 30381
24568 465 30380 30382
24569 465 30383 30384
24570 465 30383 30385
24571 465 30386 30387
24572 465 30386 30388
24573 465 30389 30390
24574 465 30389 30391
24575 465 30392 30393
24576 465 30392 30394
24577 465 30395 30396
24578 465 30395 30397
24579 465 30398 30399
24580 465 30398 30400
24581 465 30401 30402
24582 465 30401 30403
24583 465 30404 30405
24584 465 30404 30406
24585 465 30407 30408
24586 465 30407 30409
24587 465 30410 30411
24588 465 30410 30412
24589 465 30413 30414
24590 465 30413 30415
24591 465 30416 30417
24592 465 30416 30418
24593 465 30419 30420
24594 465 30419 30421
24595 465 30422 30423
24596 465 30422 30424
24597 465 30425 30426
24598 465 30425 30427
24599 465 30428 30429
24600 465 30428 30430
24601 465 30431 30432
24602 465 30431 30433
24603 465 30434 30435
24604 465 30434 30436
24605 465 30437 30438
24606 465 30437 30439
24607 465 30440 30441
24608 465 30440 30442
24609 465 30443 30444
24610 465 30443 30445
24611 465 30446 30447
24612 465 30446 30448
24613 465 30449 30450
24614 465 30449 30451
24615 465 30452 30453
24616 465 30452 30454
24617 465 30455 30456
24618 465 30455 30457
24619 465 30458 30459
24620 465 30458 30460
24621 465 30461 30462
24622 465 30461 30463
24623 465 30464 30465
24624 465 30464 30466
24625 465 30467 30468
24626 465 30467 30469
24627 465 30470 30471
24628 465 30470 30472
24629 465 30473 30474
24630 465 30473 30475
24631 465 30476 30477
24632 465 30476 30478
24633 465 30479 30480
24634 465 30479 30481
24635 465 30482 30483
24636 465 30482 30484
24637 465 30485 30486
24638 465 30485 30487
24639 465 30488 30489
24640 465 30488 30490
24641 465 30491 30492
24642 465 30491 30493
24643 465 30494 30495
24644 465 30494 30496
24645 465 30497 30498
24646 465 30497 30499
24647 465 30500 30501
24648 465 30500 30502
24649 465 30503 30504
24650 465 30503 30505
24651 465 30506 30507
24652 465 30506 30508
24653 465 30509 30510
24654 465 30509 30511
24655 465 30512 30513
24656 465 30512 30514
24657 465 30515 30516
24658 465 30515 30517
24659 465 30518 30519
24660 465 30518 30520
24661 465 30521 30522
24662 465 30521 30523
24663 465 30524 30525
24664 465 30524 30526
24665 465 30527 30528
24666 465 30527 30529
24667 465 30530 30531
24668 465 30530 30532
24669 465 30533 30534
24670 465 30533 30535
24671 465 30536 30537
24672 465 30536 30538
24673 465 30539 30540
24674 465 30539 30541
24675 465 30542 30543
24676 465 30542 30544
24677 465 30545 30546
24678 465 30545 30547
24679 465 30548 30549
24680 465 30548 30550
24681 465 30551 30552
24682 465 30551 30553
24683 465 30554 30555
24684 465 30554 30556
24685 465 30557 30558
24686 465 30557 30559
24687 465 30560 30561
24688 465 30560 30562
24689 465 30563 30564
24690 465 30563 30565
24691 465 30566 30567
24692 465 30566 30568
24693 465 30569 30570
24694 465 30569 30571
24695 465 30572 30573
24696 465 30572 30574
24697 465 30575 30576
24698 465 30575 30577
24699 465 30578 30579
24700 465 30578 30580
24701 465 30581 30582
24702 465 30581 30583
24703 465 30584 30585
24704 465 30584 30586
24705 465 30587 30588
24706 465 30587 30589
24707 465 30590 30591
24708 465 30590 30592
24709 465 30593 30594
24710 465 30593 30595
24711 465 30596 30597
24712 465 30596 30598
24713 465 30599 30600
24714 465 30599 30601
24715 465 30602 30603
24716 465 30602 30604
24717 465 30605 30606
24718 465 30605 30607
24719 465 30608 30609
24720 465 30608 30610
24721 465 30611 30612
24722 465 30611 30613
24723 465 30614 30615
24724 465 30614 30616
24725 465 30617 30618
24726 465 30617 30619
24727 465 30620 30621
24728 465 30620 30622
24729 465 30623 30624
24730 465 30623 30625
24731 465 30626 30627
24732 465 30626 30628
24733 465 30629 30630
24734 465 30629 30631
24735 465 30632 30633
24736 465 30632 30634
24737 465 30635 30636
24738 465 30635 30637
24739 465 30638 30639
24740 465 30638 30640
24741 465 30641 30642
24742 465 30641 30643
24743 465 30644 30645
24744 465 30644 30646
24745 465 30647 30648
24746 465 30647 30649
24747 465 30650 30651
24748 465 30650 30652
24749 465 30653 30654
24750 465 30653 30655
24751 465 30656 30657
24752 465 30656 30658
24753 465 30659 30660
24754 465 30659 30661
24755 465 30662 30663
24756 465 30662 30664
24757 465 30665 30666
24758 465 30665 30667
24759 465 30668 30669
24760 465 30668 30670
24761 465 30671 30672
24762 465 30671 30673
24763 465 30674 30675
24764 465 30674 30676
24765 465 30677 30678
24766 465 30677 30679
24767 465 30680 30681
24768 465 30680 30682
24769 465 30683 30684
24770 465 30683 30685
24771 465 30686 30687
24772 465 30686 30688
24773 465 30689 30690
24774 465 30689 30691
24775 465 30692 30693
24776 465 30692 30694
24777 465 30695 30696
24778 465 30695 30697
24779 465 30698 30699
24780 465 30698 30700
24781 465 30701 30702
24782 465 30701 30703
24783 465 30704 30705
24784 465 30704 30706
24785 465 30707 30708
24786 465 30707 30709
24787 465 30710 30711
24788 465 30710 30712
24789 465 30713 30714
24790 465 30713 30715
24791 465 30716 30717
24792 465 30716 30718
24793 465 30719 30720
24794 465 30719 30721
24795 465 30722 30723
24796 465 30722 30724
24797 465 30725 30726
24798 465 30725 30727
24799 465 30728 30729
24800 465 30728 30730
24801 465 30731 30732
24802 465 30731 30733
24803 465 30734 30735
24804 465 30734 30736
24805 465 30737 30738
24806 465 30737 30739
24807 465 30740 30741
24808 465 30740 30742
24809 465 30743 30744
24810 465 30743 30745
24811 465 30746 30747
24812 465 30746 30748
24813 465 30749 30750
24814 465 30749 30751
24815 465 30752 30753
24816 465 30752 30754
24817 465 30755 30756
24818 465 30755 30757
24819 465 30758 30759
24820 465 30758 30760
24821 465 30761 30762
24822 465 30761 30763
24823 465 30764 30765
24824 465 30764 30766
24825 465 30767 30768
24826 465 30767 30769
24827 465 30770 30771
24828 465 30770 30772
24829 465 30773 30774
24830 465 30773 30775
24831 465 30776 30777
24832 465 30776 30778
24833 465 30779 30780
24834 465 30779 30781
24835 465 30782 30783
24836 465 30782 30784
24837 465 30785 30786
24838 465 30785 30787
24839 465 30788 30789
24840 465 30788 30790
24841 465 30791 30792
24842 465 30791 30793
24843 465 30794 30795
24844 465 30794 30796
24845 465 30797 30798
24846 465 30797 30799
24847 465 30800 30801
24848 465 30800 30802
24849 465 30803 30804
24850 465 30803 30805
24851 465 30806 30807
24852 465 30806 30808
24853 465 30809 30810
24854 465 30809 30811
24855 465 30812 30813
24856 465 30812 30814
24857 465 30815 30816
24858 465 30815 30817
24859 465 30818 30819
24860 465 30818 30820
24861 465 30821 30822
24862 465 30821 30823
24863 465 30824 30825
24864 465 30824 30826
24865 465 30827 30828
24866 465 30827 30829
24867 465 30830 30831
24868 465 30830 30832
24869 465 30833 30834
24870 465 30833 30835
24871 465 30836 30837
24872 465 30836 30838
24873 465 30839 30840
24874 465 30839 30841
24875 465 30842 30843
24876 465 30842 30844
24877 465 30845 30846
24878 465 30845 30847
24879 465 30848 30849
24880 465 30848 30850
24881 465 30851 30852
24882 465 30851 30853
24883 465 30854 30855
24884 465 30854 30856
24885 465 30857 30858
24886 465 30857 30859
24887 465 30860 30861
24888 465 30860 30862
24889 465 30863 30864
24890 465 30863 30865
24891 465 30866 30867
24892 465 30866 30868
24893 465 30869 30870
24894 465 30869 30871
24895 465 30872 30873
24896 465 30872 30874
24897 465 30875 30876
24898 465 30875 30877
24899 465 30878 30879
24900 465 30878 30880
24901 465 30881 30882
24902 465 30881 30883
24903 465 30884 30885
24904 465 30884 30886
24905 465 30887 30888
24906 465 30887 30889
24907 465 30890 30891
24908 465 30890 30892
24909 465 30893 30894
24910 465 30893 30895
24911 465 30896 30897
24912 465 30896 30898
24913 465 30899 30900
24914 465 30899 30901
24915 465 30902 30903
24916 465 30902 30904
24917 465 30905 30906
24918 465 30905 30907
24919 465 30908 30909
24920 465 30908 30910
24921 465 30911 30912
24922 465 30911 30913
24923 465 30914 30915
24924 465 30914 30916
24925 465 30917 30918
24926 465 30917 30919
24927 465 30920 30921
24928 465 30920 30922
24929 465 30923 30924
24930 465 30923 30925
24931 465 30926 30927
24932 465 30926 30928
24933 465 30929 30930
24934 465 30929 30931
24935 465 30932 30933
24936 465 30932 30934
24937 465 30935 30936
24938 465 30935 30937
24939 465 30938 30939
24940 465 30938 30940
24941 465 30941 30942
24942 465 30941 30943
24943 465 30944 30945
24944 465 30944 30946
24945 465 30947 30948
24946 465 30947 30949
24947 465 30950 30951
24948 465 30950 30952
24949 465 30953 30954
24950 465 30953 30955
24951 465 30956 30957
24952 465 30956 30958
24953 465 30959 30960
24954 465 30959 30961
24955 465 30962 30963
24956 465 30962 30964
24957 465 30965 30966
24958 465 30965 30967
24959 465 30968 30969
24960 465 30968 30970
24961 465 30971 30972
24962 465 30971 30973
24963 465 30974 30975
24964 465 30974 30976
24965 465 30977 30978
24966 465 30977 30979
24967 465 30980 30981
24968 465 30980 30982
24969 465 30983 30984
24970 465 30983 30985
24971 465 30986 30987
24972 465 30986 30988
24973 465 30989 30990
24974 465 30989 30991
24975 465 30992 30993
24976 465 30992 30994
24977 465 30995 30996
24978 465 30995 30997
24979 465 30998 30999
24980 465 30998 31000
24981 465 31001 31002
24982 465 31001 31003
24983 465 31004 31005
24984 465 31004 31006
24985 465 31007 31008
24986 465 31007 31009
24987 465 31010 31011
24988 465 31010 31012
24989 465 31013 31014
24990 465 31013 31015
24991 465 31016 31017
24992 465 31016 31018
24993 465 31019 31020
24994 465 31019 31021
24995 465 31022 31023
24996 465 31022 31024
24997 465 31025 31026
24998 465 31025 31027
24999 465 31028 31029
25000 465 31028 31030
25001 465 31031 31032
25002 465 31031 31033
25003 465 31034 31035
25004 465 31034 31036
25005 465 31037 31038
25006 465 31037 31039
25007 465 31040 31041
25008 465 31040 31042
25009 465 31043 31044
25010 465 31043 31045
25011 465 31046 31047
25012 465 31046 31048
25013 465 31049 31050
25014 465 31049 31051
25015 465 31052 31053
25016 465 31052 31054
25017 465 31055 31056
25018 465 31055 31057
25019 465 31058 31059
25020 465 31058 31060
25021 465 31061 31062
25022 465 31061 31063
25023 465 31064 31065
25024 465 31064 31066
25025 465 31067 31068
25026 465 31067 31069
25027 465 31070 31071
25028 465 31070 31072
25029 465 31073 31074
25030 465 31073 31075
25031 465 31076 31077
25032 465 31076 31078
25033 465 31079 31080
25034 465 31079 31081
25035 465 31082 31083
25036 465 31082 31084
25037 465 31085 31086
25038 465 31085 31087
25039 465 31088 31089
25040 465 31088 31090
25041 465 31091 31092
25042 465 31091 31093
25043 465 31094 31095
25044 465 31094 31096
25045 465 31097 31098
25046 465 31097 31099
25047 465 31100 31101
25048 465 31100 31102
25049 465 31103 31104
25050 465 31103 31105
25051 465 31106 31107
25052 465 31106 31108
25053 465 31109 31110
25054 465 31109 31111
25055 465 31112 31113
25056 465 31112 31114
25057 465 31115 31116
25058 465 31115 31117
25059 465 31118 31119
25060 465 31118 31120
25061 465 31121 31122
25062 465 31121 31123
25063 465 31124 31125
25064 465 31124 31126
25065 465 31127 31128
25066 465 31127 31129
25067 465 31130 31131
25068 465 31130 31132
25069 465 31133 31134
25070 465 31133 31135
25071 465 31136 31137
25072 465 31136 31138
25073 465 31139 31140
25074 465 31139 31141
25075 465 31142 31143
25076 465 31142 31144
25077 465 31145 31146
25078 465 31145 31147
25079 465 31148 31149
25080 465 31148 31150
25081 465 31151 31152
25082 465 31151 31153
25083 465 31154 31155
25084 465 31154 31156
25085 465 31157 31158
25086 465 31157 31159
25087 465 31160 31161
25088 465 31160 31162
25089 465 31163 31164
25090 465 31163 31165
25091 465 31166 31167
25092 465 31166 31168
25093 465 31169 31170
25094 465 31169 31171
25095 465 31172 31173
25096 465 31172 31174
25097 465 31175 31176
25098 465 31175 31177
25099 465 31178 31179
25100 465 31178 31180
25101 465 31181 31182
25102 465 31181 31183
25103 465 31184 31185
25104 465 31184 31186
25105 465 31187 31188
25106 465 31187 31189
25107 465 31190 31191
25108 465 31190 31192
25109 465 31193 31194
25110 465 31193 31195
25111 465 31196 31197
25112 465 31196 31198
25113 465 31199 31200
25114 465 31199 31201
25115 465 31202 31203
25116 465 31202 31204
25117 465 31205 31206
25118 465 31205 31207
25119 465 31208 31209
25120 465 31208 31210
25121 465 31211 31212
25122 465 31211 31213
25123 465 31214 31215
25124 465 31214 31216
25125 465 31217 31218
25126 465 31217 31219
25127 465 31220 31221
25128 465 31220 31222
25129 465 31223 31224
25130 465 31223 31225
25131 465 31226 31227
25132 465 31226 31228
25133 465 31229 31230
25134 465 31229 31231
25135 465 31232 31233
25136 465 31232 31234
25137 465 31235 31236
25138 465 31235 31237
25139 465 31238 31239
25140 465 31238 31240
25141 465 31241 31242
25142 465 31241 31243
25143 465 31244 31245
25144 465 31244 31246
25145 465 31247 31248
25146 465 31247 31249
25147 465 31250 31251
25148 465 31250 31252
25149 465 31253 31254
25150 465 31253 31255
25151 465 31256 31257
25152 465 31256 31258
25153 465 31259 31260
25154 465 31259 31261
25155 465 31262 31263
25156 465 31262 31264
25157 465 31265 31266
25158 465 31265 31267
25159 465 31268 31269
25160 465 31268 31270
25161 465 31271 31272
25162 465 31271 31273
25163 465 31274 31275
25164 465 31274 31276
25165 465 31277 31278
25166 465 31277 31279
25167 465 31280 31281
25168 465 31280 31282
25169 465 31283 31284
25170 465 31283 31285
25171 465 31286 31287
25172 465 31286 31288
25173 465 31289 31290
25174 465 31289 31291
25175 465 31292 31293
25176 465 31292 31294
25177 465 31295 31296
25178 465 31295 31297
25179 465 31298 31299
25180 465 31298 31300
25181 465 31301 31302
25182 465 31301 31303
25183 465 31304 31305
25184 465 31304 31306
25185 465 31307 31308
25186 465 31307 31309
25187 465 31310 31311
25188 465 31310 31312
25189 465 31313 31314
25190 465 31313 31315
25191 465 31316 31317
25192 465 31316 31318
25193 465 31319 31320
25194 465 31319 31321
25195 465 31322 31323
25196 465 31322 31324
25197 465 31325 31326
25198 465 31325 31327
25199 465 31328 31329
25200 465 31328 31330
25201 465 31331 31332
25202 465 31331 31333
25203 465 31334 31335
25204 465 31334 31336
25205 465 31337 31338
25206 465 31337 31339
25207 465 31340 31341
25208 465 31340 31342
25209 465 31343 31344
25210 465 31343 31345
25211 465 31346 31347
25212 465 31346 31348
25213 465 31349 31350
25214 465 31349 31351
25215 465 31352 31353
25216 465 31352 31354
25217 465 31355 31356
25218 465 31355 31357
25219 465 31358 31359
25220 465 31358 31360
25221 465 31361 31362
25222 465 31361 31363
25223 465 31364 31365
25224 465 31364 31366
25225 465 31367 31368
25226 465 31367 31369
25227 465 31370 31371
25228 465 31370 31372
25229 465 31373 31374
25230 465 31373 31375
25231 465 31376 31377
25232 465 31376 31378
25233 465 31379 31380
25234 465 31379 31381
25235 465 31382 31383
25236 465 31382 31384
25237 465 31385 31386
25238 465 31385 31387
25239 465 31388 31389
25240 465 31388 31390
25241 465 31391 31392
25242 465 31391 31393
25243 465 31394 31395
25244 465 31394 31396
25245 465 31397 31398
25246 465 31397 31399
25247 465 31400 31401
25248 465 31400 31402
25249 465 31403 31404
25250 465 31403 31405
25251 465 31406 31407
25252 465 31406 31408
25253 465 31409 31410
25254 465 31409 31411
25255 465 31412 31413
25256 465 31412 31414
25257 465 31415 31416
25258 465 31415 31417
25259 465 31418 31419
25260 465 31418 31420
25261 465 31421 31422
25262 465 31421 31423
25263 465 31424 31425
25264 465 31424 31426
25265 465 31427 31428
25266 465 31427 31429
25267 465 31430 31431
25268 465 31430 31432
25269 465 31433 31434
25270 465 31433 31435
25271 465 31436 31437
25272 465 31436 31438
25273 465 31439 31440
25274 465 31439 31441
25275 465 31442 31443
25276 465 31442 31444
25277 465 31445 31446
25278 465 31445 31447
25279 465 31448 31449
25280 465 31448 31450
25281 465 31451 31452
25282 465 31451 31453
25283 465 31454 31455
25284 465 31454 31456
25285 465 31457 31458
25286 465 31457 31459
25287 465 31460 31461
25288 465 31460 31462
25289 465 31463 31464
25290 465 31463 31465
25291 465 31466 31467
25292 465 31466 31468
25293 465 31469 31470
25294 465 31469 31471
25295 465 31472 31473
25296 465 31472 31474
25297 465 31475 31476
25298 465 31475 31477
25299 465 31478 31479
25300 465 31478 31480
25301 465 31481 31482
25302 465 31481 31483
25303 465 31484 31485
25304 465 31484 31486
25305 465 31487 31488
25306 465 31487 31489
25307 465 31490 31491
25308 465 31490 31492
25309 465 31493 31494
25310 465 31493 31495
25311 465 31496 31497
25312 465 31496 31498
25313 465 31499 31500
25314 465 31499 31501
25315 465 31502 31503
25316 465 31502 31504
25317 465 31505 31506
25318 465 31505 31507
25319 465 31508 31509
25320 465 31508 31510
25321 465 31511 31512
25322 465 31511 31513
25323 465 31514 31515
25324 465 31514 31516
25325 465 31517 31518
25326 465 31517 31519
25327 465 31520 31521
25328 465 31520 31522
25329 465 31523 31524
25330 465 31523 31525
25331 465 31526 31527
25332 465 31526 31528
25333 465 31529 31530
25334 465 31529 31531
25335 465 31532 31533
25336 465 31532 31534
25337 465 31535 31536
25338 465 31535 31537
25339 465 31538 31539
25340 465 31538 31540
25341 465 31541 31542
25342 465 31541 31543
25343 465 31544 31545
25344 465 31544 31546
25345 465 31547 31548
25346 465 31547 31549
25347 465 31550 31551
25348 465 31550 31552
25349 465 31553 31554
25350 465 31553 31555
25351 465 31556 31557
25352 465 31556 31558
25353 465 31559 31560
25354 465 31559 31561
25355 465 31562 31563
25356 465 31562 31564
25357 465 31565 31566
25358 465 31565 31567
25359 465 31568 31569
25360 465 31568 31570
25361 465 31571 31572
25362 465 31571 31573
25363 465 31574 31575
25364 465 31574 31576
25365 465 31577 31578
25366 465 31577 31579
25367 465 31580 31581
25368 465 31580 31582
25369 465 31583 31584
25370 465 31583 31585
25371 465 31586 31587
25372 465 31586 31588
25373 465 31589 31590
25374 465 31589 31591
25375 465 31592 31593
25376 465 31592 31594
25377 465 31595 31596
25378 465 31595 31597
25379 465 31598 31599
25380 465 31598 31600
25381 465 31601 31602
25382 465 31601 31603
25383 465 31604 31605
25384 465 31604 31606
25385 465 31607 31608
25386 465 31607 31609
25387 465 31610 31611
25388 465 31610 31612
25389 465 31613 31614
25390 465 31613 31615
25391 465 31616 31617
25392 465 31616 31618
25393 465 31619 31620
25394 465 31619 31621
25395 465 31622 31623
25396 465 31622 31624
25397 465 31625 31626
25398 465 31625 31627
25399 465 31628 31629
25400 465 31628 31630
25401 465 31631 31632
25402 465 31631 31633
25403 465 31634 31635
25404 465 31634 31636
25405 465 31637 31638
25406 465 31637 31639
25407 465 31640 31641
25408 465 31640 31642
25409 465 31643 31644
25410 465 31643 31645
25411 465 31646 31647
25412 465 31646 31648
25413 465 31649 31650
25414 465 31649 31651
25415 465 31652 31653
25416 465 31652 31654
25417 465 31655 31656
25418 465 31655 31657
25419 465 31658 31659
25420 465 31658 31660
25421 465 31661 31662
25422 465 31661 31663
25423 465 31664 31665
25424 465 31664 31666
25425 465 31667 31668
25426 465 31667 31669
25427 465 31670 31671
25428 465 31670 31672
25429 465 31673 31674
25430 465 31673 31675
25431 465 31676 31677
25432 465 31676 31678
25433 465 31679 31680
25434 465 31679 31681
25435 465 31682 31683
25436 465 31682 31684
25437 465 31685 31686
25438 465 31685 31687
25439 465 31688 31689
25440 465 31688 31690
25441 465 31691 31692
25442 465 31691 31693
25443 465 31694 31695
25444 465 31694 31696
25445 465 31697 31698
25446 465 31697 31699
25447 465 31700 31701
25448 465 31700 31702
25449 465 31703 31704
25450 465 31703 31705
25451 465 31706 31707
25452 465 31706 31708
25453 465 31709 31710
25454 465 31709 31711
25455 465 31712 31713
25456 465 31712 31714
25457 465 31715 31716
25458 465 31715 31717
25459 465 31718 31719
25460 465 31718 31720
25461 465 31721 31722
25462 465 31721 31723
25463 465 31724 31725
25464 465 31724 31726
25465 465 31727 31728
25466 465 31727 31729
25467 465 31730 31731
25468 465 31730 31732
25469 465 31733 31734
25470 465 31733 31735
25471 465 31736 31737
25472 465 31736 31738
25473 465 31739 31740
25474 465 31739 31741
25475 465 31742 31743
25476 465 31742 31744
25477 465 31745 31746
25478 465 31745 31747
25479 465 31748 31749
25480 465 31748 31750
25481 465 31751 31752
25482 465 31751 31753
25483 465 31754 31755
25484 465 31754 31756
25485 465 31757 31758
25486 465 31757 31759
25487 465 31760 31761
25488 465 31760 31762
25489 465 31763 31764
25490 465 31763 31765
25491 465 31766 31767
25492 465 31766 31768
25493 465 31769 31770
25494 465 31769 31771
25495 465 31772 31773
25496 465 31772 31774
25497 465 31775 31776
25498 465 31775 31777
25499 465 31778 31779
25500 465 31778 31780
25501 465 31781 31782
25502 465 31781 31783
25503 465 31784 31785
25504 465 31784 31786
25505 465 31787 31788
25506 465 31787 31789
25507 465 31790 31791
25508 465 31790 31792
25509 465 31793 31794
25510 465 31793 31795
25511 465 31796 31797
25512 465 31796 31798
25513 465 31799 31800
25514 465 31799 31801
25515 465 31802 31803
25516 465 31802 31804
25517 465 31805 31806
25518 465 31805 31807
25519 465 31808 31809
25520 465 31808 31810
25521 465 31811 31812
25522 465 31811 31813
25523 465 31814 31815
25524 465 31814 31816
25525 465 31817 31818
25526 465 31817 31819
25527 465 31820 31821
25528 465 31820 31822
25529 465 31823 31824
25530 465 31823 31825
25531 465 31826 31827
25532 465 31826 31828
25533 465 31829 31830
25534 465 31829 31831
25535 465 31832 31833
25536 465 31832 31834
25537 465 31835 31836
25538 465 31835 31837
25539 465 31838 31839
25540 465 31838 31840
25541 465 31841 31842
25542 465 31841 31843
25543 465 31844 31845
25544 465 31844 31846
25545 465 31847 31848
25546 465 31847 31849
25547 465 31850 31851
25548 465 31850 31852
25549 465 31853 31854
25550 465 31853 31855
25551 465 31856 31857
25552 465 31856 31858
25553 465 31859 31860
25554 465 31859 31861
25555 465 31862 31863
25556 465 31862 31864
25557 465 31865 31866
25558 465 31865 31867
25559 465 31868 31869
25560 465 31868 31870
25561 465 31871 31872
25562 465 31871 31873
25563 465 31874 31875
25564 465 31874 31876
25565 465 31877 31878
25566 465 31877 31879
25567 465 31880 31881
25568 465 31880 31882
25569 465 31883 31884
25570 465 31883 31885
25571 465 31886 31887
25572 465 31886 31888
25573 465 31889 31890
25574 465 31889 31891
25575 465 31892 31893
25576 465 31892 31894
25577 465 31895 31896
25578 465 31895 31897
25579 465 31898 31899
25580 465 31898 31900
25581 465 31901 31902
25582 465 31901 31903
25583 465 31904 31905
25584 465 31904 31906
25585 465 31907 31908
25586 465 31907 31909
25587 465 31910 31911
25588 465 31910 31912
25589 465 31913 31914
25590 465 31913 31915
25591 465 31916 31917
25592 465 31916 31918
25593 465 31919 31920
25594 465 31919 31921
25595 465 31922 31923
25596 465 31922 31924
25597 465 31925 31926
25598 465 31925 31927
25599 465 31928 31929
25600 465 31928 31930
25601 465 31931 31932
25602 465 31931 31933
25603 465 31934 31935
25604 465 31934 31936
25605 465 31937 31938
25606 465 31937 31939
25607 465 31940 31941
25608 465 31940 31942
25609 465 31943 31944
25610 465 31943 31945
25611 465 31946 31947
25612 465 31946 31948
25613 465 31949 31950
25614 465 31949 31951
25615 465 31952 31953
25616 465 31952 31954
25617 465 31955 31956
25618 465 31955 31957
25619 465 31958 31959
25620 465 31958 31960
25621 465 31961 31962
25622 465 31961 31963
25623 465 31964 31965
25624 465 31964 31966
25625 465 31967 31968
25626 465 31967 31969
25627 465 31970 31971
25628 465 31970 31972
25629 465 31973 31974
25630 465 31973 31975
25631 465 31976 31977
25632 465 31976 31978
25633 465 31979 31980
25634 465 31979 31981
25635 465 31982 31983
25636 465 31982 31984
25637 465 31985 31986
25638 465 31985 31987
25639 465 31988 31989
25640 465 31988 31990
25641 465 31991 31992
25642 465 31991 31993
25643 465 31994 31995
25644 465 31994 31996
25645 465 31997 31998
25646 465 31997 31999
25647 465 32000 32001
25648 465 32000 32002
25649 465 32003 32004
25650 465 32003 32005
25651 465 32006 32007
25652 465 32006 32008
25653 465 32009 32010
25654 465 32009 32011
25655 465 32012 32013
25656 465 32012 32014
25657 465 32015 32016
25658 465 32015 32017
25659 465 32018 32019
25660 465 32018 32020
25661 465 32021 32022
25662 465 32021 32023
25663 465 32024 32025
25664 465 32024 32026
25665 465 32027 32028
25666 465 32027 32029
25667 465 32030 32031
25668 465 32030 32032
25669 465 32033 32034
25670 465 32033 32035
25671 465 32036 32037
25672 465 32036 32038
25673 465 32039 32040
25674 465 32039 32041
25675 465 32042 32043
25676 465 32042 32044
25677 465 32045 32046
25678 465 32045 32047
25679 465 32048 32049
25680 465 32048 32050
25681 465 32051 32052
25682 465 32051 32053
25683 465 32054 32055
25684 465 32054 32056
25685 465 32057 32058
25686 465 32057 32059
25687 465 32060 32061
25688 465 32060 32062
25689 465 32063 32064
25690 465 32063 32065
25691 465 32066 32067
25692 465 32066 32068
25693 465 32069 32070
25694 465 32069 32071
25695 465 32072 32073
25696 465 32072 32074
25697 465 32075 32076
25698 465 32075 32077
25699 465 32078 32079
25700 465 32078 32080
25701 465 32081 32082
25702 465 32081 32083
25703 465 32084 32085
25704 465 32084 32086
25705 465 32087 32088
25706 465 32087 32089
25707 465 32090 32091
25708 465 32090 32092
25709 465 32093 32094
25710 465 32093 32095
25711 465 32096 32097
25712 465 32096 32098
25713 465 32099 32100
25714 465 32099 32101
25715 465 32102 32103
25716 465 32102 32104
25717 465 32105 32106
25718 465 32105 32107
25719 465 32108 32109
25720 465 32108 32110
25721 465 32111 32112
25722 465 32111 32113
25723 465 32114 32115
25724 465 32114 32116
25725 465 32117 32118
25726 465 32117 32119
25727 465 32120 32121
25728 465 32120 32122
25729 465 32123 32124
25730 465 32123 32125
25731 465 32126 32127
25732 465 32126 32128
25733 465 32129 32130
25734 465 32129 32131
25735 465 32132 32133
25736 465 32132 32134
25737 465 32135 32136
25738 465 32135 32137
25739 465 32138 32139
25740 465 32138 32140
25741 465 32141 32142
25742 465 32141 32143
25743 465 32144 32145
25744 465 32144 32146
25745 465 32147 32148
25746 465 32147 32149
25747 465 32150 32151
25748 465 32150 32152
25749 465 32153 32154
25750 465 32153 32155
25751 465 32156 32157
25752 465 32156 32158
25753 465 32159 32160
25754 465 32159 32161
25755 465 32162 32163
25756 465 32162 32164
25757 465 32165 32166
25758 465 32165 32167
25759 465 32168 32169
25760 465 32168 32170
25761 465 32171 32172
25762 465 32171 32173
25763 465 32174 32175
25764 465 32174 32176
25765 465 32177 32178
25766 465 32177 32179
25767 465 32180 32181
25768 465 32180 32182
25769 465 32183 32184
25770 465 32183 32185
25771 465 32186 32187
25772 465 32186 32188
25773 465 32189 32190
25774 465 32189 32191
25775 465 32192 32193
25776 465 32192 32194
25777 465 32195 32196
25778 465 32195 32197
25779 465 32198 32199
25780 465 32198 32200
25781 465 32201 32202
25782 465 32201 32203
25783 465 32204 32205
25784 465 32204 32206
25785 465 32207 32208
25786 465 32207 32209
25787 465 32210 32211
25788 465 32210 32212
25789 465 32213 32214
25790 465 32213 32215
25791 465 32216 32217
25792 465 32216 32218
25793 465 32219 32220
25794 465 32219 32221
25795 465 32222 32223
25796 465 32222 32224
25797 465 32225 32226
25798 465 32225 32227
25799 465 32228 32229
25800 465 32228 32230
25801 465 32231 32232
25802 465 32231 32233
25803 465 32234 32235
25804 465 32234 32236
25805 465 32237 32238
25806 465 32237 32239
25807 465 32240 32241
25808 465 32240 32242
25809 465 32243 32244
25810 465 32243 32245
25811 465 32246 32247
25812 465 32246 32248
25813 465 32249 32250
25814 465 32249 32251
25815 465 32252 32253
25816 465 32252 32254
25817 465 32255 32256
25818 465 32255 32257
25819 465 32258 32259
25820 465 32258 32260
25821 465 32261 32262
25822 465 32261 32263
25823 465 32264 32265
25824 465 32264 32266
25825 465 32267 32268
25826 465 32267 32269
25827 465 32270 32271
25828 465 32270 32272
25829 465 32273 32274
25830 465 32273 32275
25831 465 32276 32277
25832 465 32276 32278
25833 465 32279 32280
25834 465 32279 32281
25835 465 32282 32283
25836 465 32282 32284
25837 465 32285 32286
25838 465 32285 32287
25839 465 32288 32289
25840 465 32288 32290
25841 465 32291 32292
25842 465 32291 32293
25843 465 32294 32295
25844 465 32294 32296
25845 465 32297 32298
25846 465 32297 32299
25847 465 32300 32301
25848 465 32300 32302
25849 465 32303 32304
25850 465 32303 32305
25851 465 32306 32307
25852 465 32306 32308
25853 465 32309 32310
25854 465 32309 32311
25855 465 32312 32313
25856 465 32312 32314
25857 465 32315 32316
25858 465 32315 32317
25859 465 32318 32319
25860 465 32318 32320
25861 465 32321 32322
25862 465 32321 32323
25863 465 32324 32325
25864 465 32324 32326
25865 465 32327 32328
25866 465 32327 32329
25867 465 32330 32331
25868 465 32330 32332
25869 465 32333 32334
25870 465 32333 32335
25871 465 32336 32337
25872 465 32336 32338
25873 465 32339 32340
25874 465 32339 32341
25875 465 32342 32343
25876 465 32342 32344
25877 465 32345 32346
25878 465 32345 32347
25879 465 32348 32349
25880 465 32348 32350
25881 465 32351 32352
25882 465 32351 32353
25883 465 32354 32355
25884 465 32354 32356
25885 465 32357 32358
25886 465 32357 32359
25887 465 32360 32361
25888 465 32360 32362
25889 465 32363 32364
25890 465 32363 32365
25891 465 32366 32367
25892 465 32366 32368
25893 465 32369 32370
25894 465 32369 32371
25895 465 32372 32373
25896 465 32372 32374
25897 465 32375 32376
25898 465 32375 32377
25899 465 32378 32379
25900 465 32378 32380
25901 465 32381 32382
25902 465 32381 32383
25903 465 32384 32385
25904 465 32384 32386
25905 465 32387 32388
25906 465 32387 32389
25907 465 32390 32391
25908 465 32390 32392
25909 465 32393 32394
25910 465 32393 32395
25911 465 32396 32397
25912 465 32396 32398
25913 465 32399 32400
25914 465 32399 32401
25915 465 32402 32403
25916 465 32402 32404
25917 465 32405 32406
25918 465 32405 32407
25919 465 32408 32409
25920 465 32408 32410
25921 465 32411 32412
25922 465 32411 32413
25923 465 32414 32415
25924 465 32414 32416
25925 465 32417 32418
25926 465 32417 32419
25927 465 32420 32421
25928 465 32420 32422
25929 465 32423 32424
25930 465 32423 32425
25931 465 32426 32427
25932 465 32426 32428
25933 465 32429 32430
25934 465 32429 32431
25935 465 32432 32433
25936 465 32432 32434
25937 465 32435 32436
25938 465 32435 32437
25939 465 32438 32439
25940 465 32438 32440
25941 465 32441 32442
25942 465 32441 32443
25943 465 32444 32445
25944 465 32444 32446
25945 465 32447 32448
25946 465 32447 32449
25947 465 32450 32451
25948 465 32450 32452
25949 465 32453 32454
25950 465 32453 32455
25951 465 32456 32457
25952 465 32456 32458
25953 465 32459 32460
25954 465 32459 32461
25955 465 32462 32463
25956 465 32462 32464
25957 465 32465 32466
25958 465 32465 32467
25959 465 32468 32469
25960 465 32468 32470
25961 465 32471 32472
25962 465 32471 32473
25963 465 32474 32475
25964 465 32474 32476
25965 465 32477 32478
25966 465 32477 32479
25967 465 32480 32481
25968 465 32480 32482
25969 465 32483 32484
25970 465 32483 32485
25971 465 32486 32487
25972 465 32486 32488
25973 465 32489 32490
25974 465 32489 32491
25975 465 32492 32493
25976 465 32492 32494
25977 465 32495 32496
25978 465 32495 32497
25979 465 32498 32499
25980 465 32498 32500
25981 465 32501 32502
25982 465 32501 32503
25983 465 32504 32505
25984 465 32504 32506
25985 465 32507 32508
25986 465 32507 32509
25987 465 32510 32511
25988 465 32510 32512
25989 465 32513 32514
25990 465 32513 32515
25991 465 32516 32517
25992 465 32516 32518
25993 465 32519 32520
25994 465 32519 32521
25995 465 32522 32523
25996 465 32522 32524
25997 465 32525 32526
25998 465 32525 32527
25999 465 32528 32529
26000 465 32528 32530
26001 465 32531 32532
26002 465 32531 32533
26003 465 32534 32535
26004 465 32534 32536
26005 465 32537 32538
26006 465 32537 32539
26007 465 32540 32541
26008 465 32540 32542
26009 465 32543 32544
26010 465 32543 32545
26011 465 32546 32547
26012 465 32546 32548
26013 465 32549 32550
26014 465 32549 32551
26015 465 32552 32553
26016 465 32552 32554
26017 465 32555 32556
26018 465 32555 32557
26019 465 32558 32559
26020 465 32558 32560
26021 465 32561 32562
26022 465 32561 32563
26023 465 32564 32565
26024 465 32564 32566
26025 465 32567 32568
26026 465 32567 32569
26027 465 32570 32571
26028 465 32570 32572
26029 465 32573 32574
26030 465 32573 32575
26031 465 32576 32577
26032 465 32576 32578
26033 465 32579 32580
26034 465 32579 32581
26035 465 32582 32583
26036 465 32582 32584
26037 465 32585 32586
26038 465 32585 32587
26039 465 32588 32589
26040 465 32588 32590
26041 465 32591 32592
26042 465 32591 32593
26043 465 32594 32595
26044 465 32594 32596
26045 465 32597 32598
26046 465 32597 32599
26047 465 32600 32601
26048 465 32600 32602
26049 465 32603 32604
26050 465 32603 32605
26051 465 32606 32607
26052 465 32606 32608
26053 465 32609 32610
26054 465 32609 32611
26055 465 32612 32613
26056 465 32612 32614
26057 465 32615 32616
26058 465 32615 32617
26059 465 32618 32619
26060 465 32618 32620
26061 465 32621 32622
26062 465 32621 32623
26063 465 32624 32625
26064 465 32624 32626
26065 465 32627 32628
26066 465 32627 32629
26067 465 32630 32631
26068 465 32630 32632
26069 465 32633 32634
26070 465 32633 32635
26071 465 32636 32637
26072 465 32636 32638
26073 465 32639 32640
26074 465 32639 32641
26075 465 32642 32643
26076 465 32642 32644
26077 465 32645 32646
26078 465 32645 32647
26079 465 32648 32649
26080 465 32648 32650
26081 465 32651 32652
26082 465 32651 32653
26083 465 32654 32655
26084 465 32654 32656
26085 465 32657 32658
26086 465 32657 32659
26087 465 32660 32661
26088 465 32660 32662
26089 465 32663 32664
26090 465 32663 32665
26091 465 32666 32667
26092 465 32666 32668
26093 465 32669 32670
26094 465 32669 32671
26095 465 32672 32673
26096 465 32672 32674
26097 465 32675 32676
26098 465 32675 32677
26099 465 32678 32679
26100 465 32678 32680
26101 465 32681 32682
26102 465 32681 32683
26103 465 32684 32685
26104 465 32684 32686
26105 465 32687 32688
26106 465 32687 32689
26107 465 32690 32691
26108 465 32690 32692
26109 465 32693 32694
26110 465 32693 32695
26111 465 32696 32697
26112 465 32696 32698
26113 465 32699 32700
26114 465 32699 32701
26115 465 32702 32703
26116 465 32702 32704
26117 465 32705 32706
26118 465 32705 32707
26119 465 32708 32709
26120 465 32708 32710
26121 465 32711 32712
26122 465 32711 32713
26123 465 32714 32715
26124 465 32714 32716
26125 465 32717 32718
26126 465 32717 32719
26127 465 32720 32721
26128 465 32720 32722
26129 465 32723 32724
26130 465 32723 32725
26131 465 32726 32727
26132 465 32726 32728
26133 465 32729 32730
26134 465 32729 32731
26135 465 32732 32733
26136 465 32732 32734
26137 465 32735 32736
26138 465 32735 32737
26139 465 32738 32739
26140 465 32738 32740
26141 465 32741 32742
26142 465 32741 32743
26143 465 32744 32745
26144 465 32744 32746
26145 465 32747 32748
26146 465 32747 32749
26147 465 32750 32751
26148 465 32750 32752
26149 465 32753 32754
26150 465 32753 32755
26151 465 32756 32757
26152 465 32756 32758
26153 465 32759 32760
26154 465 32759 32761
26155 465 32762 32763
26156 465 32762 32764
26157 465 32765 32766
26158 465 32765 32767
26159 465 32768 32769
26160 465 32768 32770
26161 465 32771 32772
26162 465 32771 32773
26163 465 32774 32775
26164 465 32774 32776
26165 465 32777 32778
26166 465 32777 32779
26167 465 32780 32781
26168 465 32780 32782
26169 465 32783 32784
26170 465 32783 32785
26171 465 32786 32787
26172 465 32786 32788
26173 465 32789 32790
26174 465 32789 32791
26175 465 32792 32793
26176 465 32792 32794
26177 465 32795 32796
26178 465 32795 32797
26179 465 32798 32799
26180 465 32798 32800
26181 465 32801 32802
26182 465 32801 32803
26183 465 32804 32805
26184 465 32804 32806
26185 465 32807 32808
26186 465 32807 32809
26187 465 32810 32811
26188 465 32810 32812
26189 465 32813 32814
26190 465 32813 32815
26191 465 32816 32817
26192 465 32816 32818
26193 465 32819 32820
26194 465 32819 32821
26195 465 32822 32823
26196 465 32822 32824
26197 465 32825 32826
26198 465 32825 32827
26199 465 32828 32829
26200 465 32828 32830
26201 465 32831 32832
26202 465 32831 32833
26203 465 32834 32835
26204 465 32834 32836
26205 465 32837 32838
26206 465 32837 32839
26207 465 32840 32841
26208 465 32840 32842
26209 465 32843 32844
26210 465 32843 32845
26211 465 32846 32847
26212 465 32846 32848
26213 465 32849 32850
26214 465 32849 32851
26215 465 32852 32853
26216 465 32852 32854
26217 465 32855 32856
26218 465 32855 32857
26219 465 32858 32859
26220 465 32858 32860
26221 465 32861 32862
26222 465 32861 32863
26223 465 32864 32865
26224 465 32864 32866
26225 465 32867 32868
26226 465 32867 32869
26227 465 32870 32871
26228 465 32870 32872
26229 465 32873 32874
26230 465 32873 32875
26231 465 32876 32877
26232 465 32876 32878
26233 465 32879 32880
26234 465 32879 32881
26235 465 32882 32883
26236 465 32882 32884
26237 465 32885 32886
26238 465 32885 32887
26239 465 32888 32889
26240 465 32888 32890
26241 465 32891 32892
26242 465 32891 32893
26243 465 32894 32895
26244 465 32894 32896
26245 465 32897 32898
26246 465 32897 32899
26247 465 32900 32901
26248 465 32900 32902
26249 465 32903 32904
26250 465 32903 32905
26251 465 32906 32907
26252 465 32906 32908
26253 465 32909 32910
26254 465 32909 32911
26255 465 32912 32913
26256 465 32912 32914
26257 465 32915 32916
26258 465 32915 32917
26259 465 32918 32919
26260 465 32918 32920
26261 465 32921 32922
26262 465 32921 32923
26263 465 32924 32925
26264 465 32924 32926
26265 465 32927 32928
26266 465 32927 32929
26267 465 32930 32931
26268 465 32930 32932
26269 465 32933 32934
26270 465 32933 32935
26271 465 32936 32937
26272 465 32936 32938
26273 465 32939 32940
26274 465 32939 32941
26275 465 32942 32943
26276 465 32942 32944
26277 465 32945 32946
26278 465 32945 32947
26279 465 32948 32949
26280 465 32948 32950
26281 465 32951 32952
26282 465 32951 32953
26283 465 32954 32955
26284 465 32954 32956
26285 465 32957 32958
26286 465 32957 32959
26287 465 32960 32961
26288 465 32960 32962
26289 465 32963 32964
26290 465 32963 32965
26291 465 32966 32967
26292 465 32966 32968
26293 465 32969 32970
26294 465 32969 32971
26295 465 32972 32973
26296 465 32972 32974
26297 465 32975 32976
26298 465 32975 32977
26299 465 32978 32979
26300 465 32978 32980
26301 465 32981 32982
26302 465 32981 32983
26303 465 32984 32985
26304 465 32984 32986
26305 465 32987 32988
26306 465 32987 32989
26307 465 32990 32991
26308 465 32990 32992
26309 465 32993 32994
26310 465 32993 32995
26311 465 32996 32997
26312 465 32996 32998
26313 465 32999 33000
26314 465 32999 33001
26315 465 33002 33003
26316 465 33002 33004
26317 465 33005 33006
26318 465 33005 33007
26319 465 33008 33009
26320 465 33008 33010
26321 465 33011 33012
26322 465 33011 33013
26323 465 33014 33015
26324 465 33014 33016
26325 465 33017 33018
26326 465 33017 33019
26327 465 33020 33021
26328 465 33020 33022
26329 465 33023 33024
26330 465 33023 33025
26331 465 33026 33027
26332 465 33026 33028
26333 465 33029 33030
26334 465 33029 33031
26335 465 33032 33033
26336 465 33032 33034
26337 465 33035 33036
26338 465 33035 33037
26339 465 33038 33039
26340 465 33038 33040
26341 465 33041 33042
26342 465 33041 33043
26343 465 33044 33045
26344 465 33044 33046
26345 465 33047 33048
26346 465 33047 33049
26347 465 33050 33051
26348 465 33050 33052
26349 465 33053 33054
26350 465 33053 33055
26351 465 33056 33057
26352 465 33056 33058
26353 465 33059 33060
26354 465 33059 33061
26355 465 33062 33063
26356 465 33062 33064
26357 465 33065 33066
26358 465 33065 33067
26359 465 33068 33069
26360 465 33068 33070
26361 465 33071 33072
26362 465 33071 33073
26363 465 33074 33075
26364 465 33074 33076
26365 465 33077 33078
26366 465 33077 33079
26367 465 33080 33081
26368 465 33080 33082
26369 465 33083 33084
26370 465 33083 33085
26371 465 33086 33087
26372 465 33086 33088
26373 465 33089 33090
26374 465 33089 33091
26375 465 33092 33093
26376 465 33092 33094
26377 465 33095 33096
26378 465 33095 33097
26379 465 33098 33099
26380 465 33098 33100
26381 465 33101 33102
26382 465 33101 33103
26383 465 33104 33105
26384 465 33104 33106
26385 465 33107 33108
26386 465 33107 33109
26387 465 33110 33111
26388 465 33110 33112
26389 465 33113 33114
26390 465 33113 33115
26391 465 33116 33117
26392 465 33116 33118
26393 465 33119 33120
26394 465 33119 33121
26395 465 33122 33123
26396 465 33122 33124
26397 465 33125 33126
26398 465 33125 33127
26399 465 33128 33129
26400 465 33128 33130
26401 465 33131 33132
26402 465 33131 33133
26403 465 33134 33135
26404 465 33134 33136
26405 465 33137 33138
26406 465 33137 33139
26407 465 33140 33141
26408 465 33140 33142
26409 465 33143 33144
26410 465 33143 33145
26411 465 33146 33147
26412 465 33146 33148
26413 465 33149 33150
26414 465 33149 33151
26415 465 33152 33153
26416 465 33152 33154
26417 465 33155 33156
26418 465 33155 33157
26419 465 33158 33159
26420 465 33158 33160
26421 465 33161 33162
26422 465 33161 33163
26423 465 33164 33165
26424 465 33164 33166
26425 465 33167 33168
26426 465 33167 33169
26427 465 33170 33171
26428 465 33170 33172
26429 465 33173 33174
26430 465 33173 33175
26431 465 33176 33177
26432 465 33176 33178
26433 465 33179 33180
26434 465 33179 33181
26435 465 33182 33183
26436 465 33182 33184
26437 465 33185 33186
26438 465 33185 33187
26439 465 33188 33189
26440 465 33188 33190
26441 465 33191 33192
26442 465 33191 33193
26443 465 33194 33195
26444 465 33194 33196
26445 465 33197 33198
26446 465 33197 33199
26447 465 33200 33201
26448 465 33200 33202
26449 465 33203 33204
26450 465 33203 33205
26451 465 33206 33207
26452 465 33206 33208
26453 465 33209 33210
26454 465 33209 33211
26455 465 33212 33213
26456 465 33212 33214
26457 465 33215 33216
26458 465 33215 33217
26459 465 33218 33219
26460 465 33218 33220
26461 465 33221 33222
26462 465 33221 33223
26463 465 33224 33225
26464 465 33224 33226
26465 465 33227 33228
26466 465 33227 33229
26467 465 33230 33231
26468 465 33230 33232
26469 465 33233 33234
26470 465 33233 33235
26471 465 33236 33237
26472 465 33236 33238
26473 465 33239 33240
26474 465 33239 33241
26475 465 33242 33243
26476 465 33242 33244
26477 465 33245 33246
26478 465 33245 33247
26479 465 33248 33249
26480 465 33248 33250
26481 465 33251 33252
26482 465 33251 33253
26483 465 33254 33255
26484 465 33254 33256
26485 465 33257 33258
26486 465 33257 33259
26487 465 33260 33261
26488 465 33260 33262
26489 465 33263 33264
26490 465 33263 33265
26491 465 33266 33267
26492 465 33266 33268
26493 465 33269 33270
26494 465 33269 33271
26495 465 33272 33273
26496 465 33272 33274
26497 465 33275 33276
26498 465 33275 33277
26499 465 33278 33279
26500 465 33278 33280
26501 465 33281 33282
26502 465 33281 33283
26503 465 33284 33285
26504 465 33284 33286
26505 465 33287 33288
26506 465 33287 33289
26507 465 33290 33291
26508 465 33290 33292
26509 465 33293 33294
26510 465 33293 33295
26511 465 33296 33297
26512 465 33296 33298
26513 465 33299 33300
26514 465 33299 33301
26515 465 33302 33303
26516 465 33302 33304
26517 465 33305 33306
26518 465 33305 33307
26519 465 33308 33309
26520 465 33308 33310
26521 465 33311 33312
26522 465 33311 33313
26523 465 33314 33315
26524 465 33314 33316
26525 465 33317 33318
26526 465 33317 33319
26527 465 33320 33321
26528 465 33320 33322
26529 465 33323 33324
26530 465 33323 33325
26531 465 33326 33327
26532 465 33326 33328
26533 465 33329 33330
26534 465 33329 33331
26535 465 33332 33333
26536 465 33332 33334
26537 465 33335 33336
26538 465 33335 33337
26539 465 33338 33339
26540 465 33338 33340
26541 465 33341 33342
26542 465 33341 33343
26543 465 33344 33345
26544 465 33344 33346
26545 465 33347 33348
26546 465 33347 33349
26547 465 33350 33351
26548 465 33350 33352
26549 465 33353 33354
26550 465 33353 33355
26551 465 33356 33357
26552 465 33356 33358
26553 465 33359 33360
26554 465 33359 33361
26555 465 33362 33363
26556 465 33362 33364
26557 465 33365 33366
26558 465 33365 33367
26559 465 33368 33369
26560 465 33368 33370
26561 465 33371 33372
26562 465 33371 33373
26563 465 33374 33375
26564 465 33374 33376
26565 465 33377 33378
26566 465 33377 33379
26567 465 33380 33381
26568 465 33380 33382
26569 465 33383 33384
26570 465 33383 33385
26571 465 33386 33387
26572 465 33386 33388
26573 465 33389 33390
26574 465 33389 33391
26575 465 33392 33393
26576 465 33392 33394
26577 465 33395 33396
26578 465 33395 33397
26579 465 33398 33399
26580 465 33398 33400
26581 465 33401 33402
26582 465 33401 33403
26583 465 33404 33405
26584 465 33404 33406
26585 465 33407 33408
26586 465 33407 33409
26587 465 33410 33411
26588 465 33410 33412
26589 465 33413 33414
26590 465 33413 33415
26591 465 33416 33417
26592 465 33416 33418
26593 465 33419 33420
26594 465 33419 33421
26595 465 33422 33423
26596 465 33422 33424
26597 465 33425 33426
26598 465 33425 33427
26599 465 33428 33429
26600 465 33428 33430
26601 465 33431 33432
26602 465 33431 33433
26603 465 33434 33435
26604 465 33434 33436
26605 465 33437 33438
26606 465 33437 33439
26607 465 33440 33441
26608 465 33440 33442
26609 465 33443 33444
26610 465 33443 33445
26611 465 33446 33447
26612 465 33446 33448
26613 465 33449 33450
26614 465 33449 33451
26615 465 33452 33453
26616 465 33452 33454
26617 465 33455 33456
26618 465 33455 33457
26619 465 33458 33459
26620 465 33458 33460
26621 465 33461 33462
26622 465 33461 33463
26623 465 33464 33465
26624 465 33464 33466
26625 465 33467 33468
26626 465 33467 33469
26627 465 33470 33471
26628 465 33470 33472
26629 465 33473 33474
26630 465 33473 33475
26631 465 33476 33477
26632 465 33476 33478
26633 465 33479 33480
26634 465 33479 33481
26635 465 33482 33483
26636 465 33482 33484
26637 465 33485 33486
26638 465 33485 33487
26639 465 33488 33489
26640 465 33488 33490
26641 465 33491 33492
26642 465 33491 33493
26643 465 33494 33495
26644 465 33494 33496
26645 465 33497 33498
26646 465 33497 33499
26647 465 33500 33501
26648 465 33500 33502
26649 465 33503 33504
26650 465 33503 33505
26651 465 33506 33507
26652 465 33506 33508
26653 465 33509 33510
26654 465 33509 33511
26655 465 33512 33513
26656 465 33512 33514
26657 465 33515 33516
26658 465 33515 33517
26659 465 33518 33519
26660 465 33518 33520
26661 465 33521 33522
26662 465 33521 33523
26663 465 33524 33525
26664 465 33524 33526
26665 465 33527 33528
26666 465 33527 33529
26667 465 33530 33531
26668 465 33530 33532
26669 465 33533 33534
26670 465 33533 33535
26671 465 33536 33537
26672 465 33536 33538
26673 465 33539 33540
26674 465 33539 33541
26675 465 33542 33543
26676 465 33542 33544
26677 465 33545 33546
26678 465 33545 33547
26679 465 33548 33549
26680 465 33548 33550
26681 465 33551 33552
26682 465 33551 33553
26683 465 33554 33555
26684 465 33554 33556
26685 465 33557 33558
26686 465 33557 33559
26687 465 33560 33561
26688 465 33560 33562
26689 465 33563 33564
26690 465 33563 33565
26691 465 33566 33567
26692 465 33566 33568
26693 465 33569 33570
26694 465 33569 33571
26695 465 33572 33573
26696 465 33572 33574
26697 465 33575 33576
26698 465 33575 33577
26699 465 33578 33579
26700 465 33578 33580
26701 465 33581 33582
26702 465 33581 33583
26703 465 33584 33585
26704 465 33584 33586
26705 465 33587 33588
26706 465 33587 33589
26707 465 33590 33591
26708 465 33590 33592
26709 465 33593 33594
26710 465 33593 33595
26711 465 33596 33597
26712 465 33596 33598
26713 465 33599 33600
26714 465 33599 33601
26715 465 33602 33603
26716 465 33602 33604
26717 465 33605 33606
26718 465 33605 33607
26719 465 33608 33609
26720 465 33608 33610
26721 465 33611 33612
26722 465 33611 33613
26723 465 33614 33615
26724 465 33614 33616
26725 465 33617 33618
26726 465 33617 33619
26727 465 33620 33621
26728 465 33620 33622
26729 465 33623 33624
26730 465 33623 33625
26731 465 33626 33627
26732 465 33626 33628
26733 465 33629 33630
26734 465 33629 33631
26735 465 33632 33633
26736 465 33632 33634
26737 465 33635 33636
26738 465 33635 33637
26739 465 33638 33639
26740 465 33638 33640
26741 465 33641 33642
26742 465 33641 33643
26743 465 33644 33645
26744 465 33644 33646
26745 465 33647 33648
26746 465 33647 33649
26747 465 33650 33651
26748 465 33650 33652
26749 465 33653 33654
26750 465 33653 33655
26751 465 33656 33657
26752 465 33656 33658
26753 465 33659 33660
26754 465 33659 33661
26755 465 33662 33663
26756 465 33662 33664
26757 465 33665 33666
26758 465 33665 33667
26759 465 33668 33669
26760 465 33668 33670
26761 465 33671 33672
26762 465 33671 33673
26763 465 33674 33675
26764 465 33674 33676
26765 465 33677 33678
26766 465 33677 33679
26767 465 33680 33681
26768 465 33680 33682
26769 465 33683 33684
26770 465 33683 33685
26771 465 33686 33687
26772 465 33686 33688
26773 465 33689 33690
26774 465 33689 33691
26775 465 33692 33693
26776 465 33692 33694
26777 465 33695 33696
26778 465 33695 33697
26779 465 33698 33699
26780 465 33698 33700
26781 465 33701 33702
26782 465 33701 33703
26783 465 33704 33705
26784 465 33704 33706
26785 465 33707 33708
26786 465 33707 33709
26787 465 33710 33711
26788 465 33710 33712
26789 465 33713 33714
26790 465 33713 33715
26791 465 33716 33717
26792 465 33716 33718
26793 465 33719 33720
26794 465 33719 33721
26795 465 33722 33723
26796 465 33722 33724
26797 465 33725 33726
26798 465 33725 33727
26799 465 33728 33729
26800 465 33728 33730
26801 465 33731 33732
26802 465 33731 33733
26803 465 33734 33735
26804 465 33734 33736
26805 465 33737 33738
26806 465 33737 33739
26807 465 33740 33741
26808 465 33740 33742
26809 465 33743 33744
26810 465 33743 33745
26811 465 33746 33747
26812 465 33746 33748
26813 465 33749 33750
26814 465 33749 33751
26815 465 33752 33753
26816 465 33752 33754
26817 465 33755 33756
26818 465 33755 33757
26819 465 33758 33759
26820 465 33758 33760
26821 465 33761 33762
26822 465 33761 33763
26823 465 33764 33765
26824 465 33764 33766
26825 465 33767 33768
26826 465 33767 33769
26827 465 33770 33771
26828 465 33770 33772
26829 465 33773 33774
26830 465 33773 33775
26831 465 33776 33777
26832 465 33776 33778
26833 465 33779 33780
26834 465 33779 33781
26835 465 33782 33783
26836 465 33782 33784
26837 465 33785 33786
26838 465 33785 33787
26839 465 33788 33789
26840 465 33788 33790
26841 465 33791 33792
26842 465 33791 33793
26843 465 33794 33795
26844 465 33794 33796
26845 465 33797 33798
26846 465 33797 33799
26847 465 33800 33801
26848 465 33800 33802
26849 465 33803 33804
26850 465 33803 33805
26851 465 33806 33807
26852 465 33806 33808
26853 465 33809 33810
26854 465 33809 33811
26855 465 33812 33813
26856 465 33812 33814
26857 465 33815 33816
26858 465 33815 33817
26859 465 33818 33819
26860 465 33818 33820
26861 465 33821 33822
26862 465 33821 33823
26863 465 33824 33825
26864 465 33824 33826
26865 465 33827 33828
26866 465 33827 33829
26867 465 33830 33831
26868 465 33830 33832
26869 465 33833 33834
26870 465 33833 33835
26871 465 33836 33837
26872 465 33836 33838
26873 465 33839 33840
26874 465 33839 33841
26875 465 33842 33843
26876 465 33842 33844
26877 465 33845 33846
26878 465 33845 33847
26879 465 33848 33849
26880 465 33848 33850
26881 465 33851 33852
26882 465 33851 33853
26883 465 33854 33855
26884 465 33854 33856
26885 465 33857 33858
26886 465 33857 33859
26887 465 33860 33861
26888 465 33860 33862
26889 465 33863 33864
26890 465 33863 33865
26891 465 33866 33867
26892 465 33866 33868
26893 465 33869 33870
26894 465 33869 33871
26895 465 33872 33873
26896 465 33872 33874
26897 465 33875 33876
26898 465 33875 33877
26899 465 33878 33879
26900 465 33878 33880
26901 465 33881 33882
26902 465 33881 33883
26903 465 33884 33885
26904 465 33884 33886
26905 465 33887 33888
26906 465 33887 33889
26907 465 33890 33891
26908 465 33890 33892
26909 465 33893 33894
26910 465 33893 33895
26911 465 33896 33897
26912 465 33896 33898
26913 465 33899 33900
26914 465 33899 33901
26915 465 33902 33903
26916 465 33902 33904
26917 465 33905 33906
26918 465 33905 33907
26919 465 33908 33909
26920 465 33908 33910
26921 465 33911 33912
26922 465 33911 33913
26923 465 33914 33915
26924 465 33914 33916
26925 465 33917 33918
26926 465 33917 33919
26927 465 33920 33921
26928 465 33920 33922
26929 465 33923 33924
26930 465 33923 33925
26931 465 33926 33927
26932 465 33926 33928
26933 465 33929 33930
26934 465 33929 33931
26935 465 33932 33933
26936 465 33932 33934
26937 465 33935 33936
26938 465 33935 33937
26939 465 33938 33939
26940 465 33938 33940
26941 465 33941 33942
26942 465 33941 33943
26943 465 33944 33945
26944 465 33944 33946
26945 465 33947 33948
26946 465 33947 33949
26947 465 33950 33951
26948 465 33950 33952
26949 465 33953 33954
26950 465 33953 33955
26951 465 33956 33957
26952 465 33956 33958
26953 465 33959 33960
26954 465 33959 33961
26955 465 33962 33963
26956 465 33962 33964
26957 465 33965 33966
26958 465 33965 33967
26959 465 33968 33969
26960 465 33968 33970
26961 465 33971 33972
26962 465 33971 33973
26963 465 33974 33975
26964 465 33974 33976
26965 465 33977 33978
26966 465 33977 33979
26967 465 33980 33981
26968 465 33980 33982
26969 465 33983 33984
26970 465 33983 33985
26971 465 33986 33987
26972 465 33986 33988
26973 465 33989 33990
26974 465 33989 33991
26975 465 33992 33993
26976 465 33992 33994
26977 465 33995 33996
26978 465 33995 33997
26979 465 33998 33999
26980 465 33998 34000
26981 465 34001 34002
26982 465 34001 34003
26983 465 34004 34005
26984 465 34004 34006
26985 465 34007 34008
26986 465 34007 34009
26987 465 34010 34011
26988 465 34010 34012
26989 465 34013 34014
26990 465 34013 34015
26991 465 34016 34017
26992 465 34016 34018
26993 465 34019 34020
26994 465 34019 34021
26995 465 34022 34023
26996 465 34022 34024
26997 465 34025 34026
26998 465 34025 34027
26999 465 34028 34029
27000 465 34028 34030
27001 465 34031 34032
27002 465 34031 34033
27003 465 34034 34035
27004 465 34034 34036
27005 465 34037 34038
27006 465 34037 34039
27007 465 34040 34041
27008 465 34040 34042
27009 465 34043 34044
27010 465 34043 34045
27011 465 34046 34047
27012 465 34046 34048
27013 465 34049 34050
27014 465 34049 34051
27015 465 34052 34053
27016 465 34052 34054
27017 465 34055 34056
27018 465 34055 34057
27019 465 34058 34059
27020 465 34058 34060
27021 465 34061 34062
27022 465 34061 34063
27023 465 34064 34065
27024 465 34064 34066
27025 465 34067 34068
27026 465 34067 34069
27027 465 34070 34071
27028 465 34070 34072
27029 465 34073 34074
27030 465 34073 34075
27031 465 34076 34077
27032 465 34076 34078
27033 465 34079 34080
27034 465 34079 34081
27035 465 34082 34083
27036 465 34082 34084
27037 465 34085 34086
27038 465 34085 34087
27039 465 34088 34089
27040 465 34088 34090
27041 465 34091 34092
27042 465 34091 34093
27043 465 34094 34095
27044 465 34094 34096
27045 465 34097 34098
27046 465 34097 34099
27047 465 34100 34101
27048 465 34100 34102
27049 465 34103 34104
27050 465 34103 34105
27051 465 34106 34107
27052 465 34106 34108
27053 465 34109 34110
27054 465 34109 34111
27055 465 34112 34113
27056 465 34112 34114
27057 465 34115 34116
27058 465 34115 34117
27059 465 34118 34119
27060 465 34118 34120
27061 465 34121 34122
27062 465 34121 34123
27063 465 34124 34125
27064 465 34124 34126
27065 465 34127 34128
27066 465 34127 34129
27067 465 34130 34131
27068 465 34130 34132
27069 465 34133 34134
27070 465 34133 34135
27071 465 34136 34137
27072 465 34136 34138
27073 465 34139 34140
27074 465 34139 34141
27075 465 34142 34143
27076 465 34142 34144
27077 465 34145 34146
27078 465 34145 34147
27079 465 34148 34149
27080 465 34148 34150
27081 465 34151 34152
27082 465 34151 34153
27083 465 34154 34155
27084 465 34154 34156
27085 465 34157 34158
27086 465 34157 34159
27087 465 34160 34161
27088 465 34160 34162
27089 465 34163 34164
27090 465 34163 34165
27091 465 34166 34167
27092 465 34166 34168
27093 465 34169 34170
27094 465 34169 34171
27095 465 34172 34173
27096 465 34172 34174
27097 465 34175 34176
27098 465 34175 34177
27099 465 34178 34179
27100 465 34178 34180
27101 465 34181 34182
27102 465 34181 34183
27103 465 34184 34185
27104 465 34184 34186
27105 465 34187 34188
27106 465 34187 34189
27107 465 34190 34191
27108 465 34190 34192
27109 465 34193 34194
27110 465 34193 34195
27111 465 34196 34197
27112 465 34196 34198
27113 465 34199 34200
27114 465 34199 34201
27115 465 34202 34203
27116 465 34202 34204
27117 465 34205 34206
27118 465 34205 34207
27119 465 34208 34209
27120 465 34208 34210
27121 465 34211 34212
27122 465 34211 34213
27123 465 34214 34215
27124 465 34214 34216
27125 465 34217 34218
27126 465 34217 34219
27127 465 34220 34221
27128 465 34220 34222
27129 465 34223 34224
27130 465 34223 34225
27131 465 34226 34227
27132 465 34226 34228
27133 465 34229 34230
27134 465 34229 34231
27135 465 34232 34233
27136 465 34232 34234
27137 465 34235 34236
27138 465 34235 34237
27139 465 34238 34239
27140 465 34238 34240
27141 465 34241 34242
27142 465 34241 34243
27143 465 34244 34245
27144 465 34244 34246
27145 465 34247 34248
27146 465 34247 34249
27147 465 34250 34251
27148 465 34250 34252
27149 465 34253 34254
27150 465 34253 34255
27151 465 34256 34257
27152 465 34256 34258
27153 465 34259 34260
27154 465 34259 34261
27155 465 34262 34263
27156 465 34262 34264
27157 465 34265 34266
27158 465 34265 34267
27159 465 34268 34269
27160 465 34268 34270
27161 465 34271 34272
27162 465 34271 34273
27163 465 34274 34275
27164 465 34274 34276
27165 465 34277 34278
27166 465 34277 34279
27167 465 34280 34281
27168 465 34280 34282
27169 465 34283 34284
27170 465 34283 34285
27171 465 34286 34287
27172 465 34286 34288
27173 465 34289 34290
27174 465 34289 34291
27175 465 34292 34293
27176 465 34292 34294
27177 465 34295 34296
27178 465 34295 34297
27179 465 34298 34299
27180 465 34298 34300
27181 465 34301 34302
27182 465 34301 34303
27183 465 34304 34305
27184 465 34304 34306
27185 465 34307 34308
27186 465 34307 34309
27187 465 34310 34311
27188 465 34310 34312
27189 465 34313 34314
27190 465 34313 34315
27191 465 34316 34317
27192 465 34316 34318
27193 465 34319 34320
27194 465 34319 34321
27195 465 34322 34323
27196 465 34322 34324
27197 465 34325 34326
27198 465 34325 34327
27199 465 34328 34329
27200 465 34328 34330
27201 465 34331 34332
27202 465 34331 34333
27203 465 34334 34335
27204 465 34334 34336
27205 465 34337 34338
27206 465 34337 34339
27207 465 34340 34341
27208 465 34340 34342
27209 465 34343 34344
27210 465 34343 34345
27211 465 34346 34347
27212 465 34346 34348
27213 465 34349 34350
27214 465 34349 34351
27215 465 34352 34353
27216 465 34352 34354
27217 465 34355 34356
27218 465 34355 34357
27219 465 34358 34359
27220 465 34358 34360
27221 465 34361 34362
27222 465 34361 34363
27223 465 34364 34365
27224 465 34364 34366
27225 465 34367 34368
27226 465 34367 34369
27227 465 34370 34371
27228 465 34370 34372
27229 465 34373 34374
27230 465 34373 34375
27231 465 34376 34377
27232 465 34376 34378
27233 465 34379 34380
27234 465 34379 34381
27235 465 34382 34383
27236 465 34382 34384
27237 465 34385 34386
27238 465 34385 34387
27239 465 34388 34389
27240 465 34388 34390
27241 465 34391 34392
27242 465 34391 34393
27243 465 34394 34395
27244 465 34394 34396
27245 465 34397 34398
27246 465 34397 34399
27247 465 34400 34401
27248 465 34400 34402
27249 465 34403 34404
27250 465 34403 34405
27251 465 34406 34407
27252 465 34406 34408
27253 465 34409 34410
27254 465 34409 34411
27255 465 34412 34413
27256 465 34412 34414
27257 465 34415 34416
27258 465 34415 34417
27259 465 34418 34419
27260 465 34418 34420
27261 465 34421 34422
27262 465 34421 34423
27263 465 34424 34425
27264 465 34424 34426
27265 465 34427 34428
27266 465 34427 34429
27267 465 34430 34431
27268 465 34430 34432
27269 465 34433 34434
27270 465 34433 34435
27271 465 34436 34437
27272 465 34436 34438
27273 465 34439 34440
27274 465 34439 34441
27275 465 34442 34443
27276 465 34442 34444
27277 465 34445 34446
27278 465 34445 34447
27279 465 34448 34449
27280 465 34448 34450
27281 465 34451 34452
27282 465 34451 34453
27283 465 34454 34455
27284 465 34454 34456
27285 465 34457 34458
27286 465 34457 34459
27287 465 34460 34461
27288 465 34460 34462
27289 465 34463 34464
27290 465 34463 34465
27291 465 34466 34467
27292 465 34466 34468
27293 465 34469 34470
27294 465 34469 34471
27295 465 34472 34473
27296 465 34472 34474
27297 465 34475 34476
27298 465 34475 34477
27299 465 34478 34479
27300 465 34478 34480
27301 465 34481 34482
27302 465 34481 34483
27303 465 34484 34485
27304 465 34484 34486
27305 465 34487 34488
27306 465 34487 34489
27307 465 34490 34491
27308 465 34490 34492
27309 465 34493 34494
27310 465 34493 34495
27311 465 34496 34497
27312 465 34496 34498
27313 465 34499 34500
27314 465 34499 34501
27315 465 34502 34503
27316 465 34502 34504
27317 465 34505 34506
27318 465 34505 34507
27319 465 34508 34509
27320 465 34508 34510
27321 465 34511 34512
27322 465 34511 34513
27323 465 34514 34515
27324 465 34514 34516
27325 465 34517 34518
27326 465 34517 34519
27327 465 34520 34521
27328 465 34520 34522
27329 465 34523 34524
27330 465 34523 34525
27331 465 34526 34527
27332 465 34526 34528
27333 465 34529 34530
27334 465 34529 34531
27335 465 34532 34533
27336 465 34532 34534
27337 465 34535 34536
27338 465 34535 34537
27339 465 34538 34539
27340 465 34538 34540
27341 465 34541 34542
27342 465 34541 34543
27343 465 34544 34545
27344 465 34544 34546
27345 465 34547 34548
27346 465 34547 34549
27347 465 34550 34551
27348 465 34550 34552
27349 465 34553 34554
27350 465 34553 34555
27351 465 34556 34557
27352 465 34556 34558
27353 465 34559 34560
27354 465 34559 34561
27355 465 34562 34563
27356 465 34562 34564
27357 465 34565 34566
27358 465 34565 34567
27359 465 34568 34569
27360 465 34568 34570
27361 465 34571 34572
27362 465 34571 34573
27363 465 34574 34575
27364 465 34574 34576
27365 465 34577 34578
27366 465 34577 34579
27367 465 34580 34581
27368 465 34580 34582
27369 465 34583 34584
27370 465 34583 34585
27371 465 34586 34587
27372 465 34586 34588
27373 465 34589 34590
27374 465 34589 34591
27375 465 34592 34593
27376 465 34592 34594
27377 465 34595 34596
27378 465 34595 34597
27379 465 34598 34599
27380 465 34598 34600
27381 465 34601 34602
27382 465 34601 34603
27383 465 34604 34605
27384 465 34604 34606
27385 465 34607 34608
27386 465 34607 34609
27387 465 34610 34611
27388 465 34610 34612
27389 465 34613 34614
27390 465 34613 34615
27391 465 34616 34617
27392 465 34616 34618
27393 465 34619 34620
27394 465 34619 34621
27395 465 34622 34623
27396 465 34622 34624
27397 465 34625 34626
27398 465 34625 34627
27399 465 34628 34629
27400 465 34628 34630
27401 465 34631 34632
27402 465 34631 34633
27403 465 34634 34635
27404 465 34634 34636
27405 465 34637 34638
27406 465 34637 34639
27407 465 34640 34641
27408 465 34640 34642
27409 465 34643 34644
27410 465 34643 34645
27411 465 34646 34647
27412 465 34646 34648
27413 465 34649 34650
27414 465 34649 34651
27415 465 34652 34653
27416 465 34652 34654
27417 465 34655 34656
27418 465 34655 34657
27419 465 34658 34659
27420 465 34658 34660
27421 465 34661 34662
27422 465 34661 34663
27423 465 34664 34665
27424 465 34664 34666
27425 465 34667 34668
27426 465 34667 34669
27427 465 34670 34671
27428 465 34670 34672
27429 465 34673 34674
27430 465 34673 34675
27431 465 34676 34677
27432 465 34676 34678
27433 465 34679 34680
27434 465 34679 34681
27435 465 34682 34683
27436 465 34682 34684
27437 465 34685 34686
27438 465 34685 34687
27439 465 34688 34689
27440 465 34688 34690
27441 465 34691 34692
27442 465 34691 34693
27443 465 34694 34695
27444 465 34694 34696
27445 465 34697 34698
27446 465 34697 34699
27447 465 34700 34701
27448 465 34700 34702
27449 465 34703 34704
27450 465 34703 34705
27451 465 34706 34707
27452 465 34706 34708
27453 465 34709 34710
27454 465 34709 34711
27455 465 34712 34713
27456 465 34712 34714
27457 465 34715 34716
27458 465 34715 34717
27459 465 34718 34719
27460 465 34718 34720
27461 465 34721 34722
27462 465 34721 34723
27463 465 34724 34725
27464 465 34724 34726
27465 465 34727 34728
27466 465 34727 34729
27467 465 34730 34731
27468 465 34730 34732
27469 465 34733 34734
27470 465 34733 34735
27471 465 34736 34737
27472 465 34736 34738
27473 465 34739 34740
27474 465 34739 34741
27475 465 34742 34743
27476 465 34742 34744
27477 465 34745 34746
27478 465 34745 34747
27479 465 34748 34749
27480 465 34748 34750
27481 465 34751 34752
27482 465 34751 34753
27483 465 34754 34755
27484 465 34754 34756
27485 465 34757 34758
27486 465 34757 34759
27487 465 34760 34761
27488 465 34760 34762
27489 465 34763 34764
27490 465 34763 34765
27491 465 34766 34767
27492 465 34766 34768
27493 465 34769 34770
27494 465 34769 34771
27495 465 34772 34773
27496 465 34772 34774
27497 465 34775 34776
27498 465 34775 34777
27499 465 34778 34779
27500 465 34778 34780
27501 465 34781 34782
27502 465 34781 34783
27503 465 34784 34785
27504 465 34784 34786
27505 465 34787 34788
27506 465 34787 34789
27507 465 34790 34791
27508 465 34790 34792
27509 465 34793 34794
27510 465 34793 34795
27511 465 34796 34797
27512 465 34796 34798
27513 465 34799 34800
27514 465 34799 34801
27515 465 34802 34803
27516 465 34802 34804
27517 465 34805 34806
27518 465 34805 34807
27519 465 34808 34809
27520 465 34808 34810
27521 465 34811 34812
27522 465 34811 34813
27523 465 34814 34815
27524 465 34814 34816
27525 465 34817 34818
27526 465 34817 34819
27527 465 34820 34821
27528 465 34820 34822
27529 465 34823 34824
27530 465 34823 34825
27531 465 34826 34827
27532 465 34826 34828
27533 465 34829 34830
27534 465 34829 34831
27535 465 34832 34833
27536 465 34832 34834
27537 465 34835 34836
27538 465 34835 34837
27539 465 34838 34839
27540 465 34838 34840
27541 465 34841 34842
27542 465 34841 34843
27543 465 34844 34845
27544 465 34844 34846
27545 465 34847 34848
27546 465 34847 34849
27547 465 34850 34851
27548 465 34850 34852
27549 465 34853 34854
27550 465 34853 34855
27551 465 34856 34857
27552 465 34856 34858
27553 465 34859 34860
27554 465 34859 34861
27555 465 34862 34863
27556 465 34862 34864
27557 465 34865 34866
27558 465 34865 34867
27559 465 34868 34869
27560 465 34868 34870
27561 465 34871 34872
27562 465 34871 34873
27563 465 34874 34875
27564 465 34874 34876
27565 465 34877 34878
27566 465 34877 34879
27567 465 34880 34881
27568 465 34880 34882
27569 465 34883 34884
27570 465 34883 34885
27571 465 34886 34887
27572 465 34886 34888
27573 465 34889 34890
27574 465 34889 34891
27575 465 34892 34893
27576 465 34892 34894
27577 465 34895 34896
27578 465 34895 34897
27579 465 34898 34899
27580 465 34898 34900
27581 465 34901 34902
27582 465 34901 34903
27583 465 34904 34905
27584 465 34904 34906
27585 465 34907 34908
27586 465 34907 34909
27587 465 34910 34911
27588 465 34910 34912
27589 465 34913 34914
27590 465 34913 34915
27591 465 34916 34917
27592 465 34916 34918
27593 465 34919 34920
27594 465 34919 34921
27595 465 34922 34923
27596 465 34922 34924
27597 465 34925 34926
27598 465 34925 34927
27599 465 34928 34929
27600 465 34928 34930
27601 465 34931 34932
27602 465 34931 34933
27603 465 34934 34935
27604 465 34934 34936
27605 465 34937 34938
27606 465 34937 34939
27607 465 34940 34941
27608 465 34940 34942
27609 465 34943 34944
27610 465 34943 34945
27611 465 34946 34947
27612 465 34946 34948
27613 465 34949 34950
27614 465 34949 34951
27615 465 34952 34953
27616 465 34952 34954
27617 465 34955 34956
27618 465 34955 34957
27619 465 34958 34959
27620 465 34958 34960
27621 465 34961 34962
27622 465 34961 34963
27623 465 34964 34965
27624 465 34964 34966
27625 465 34967 34968
27626 465 34967 34969
27627 465 34970 34971
27628 465 34970 34972
27629 465 34973 34974
27630 465 34973 34975
27631 465 34976 34977
27632 465 34976 34978
27633 465 34979 34980
27634 465 34979 34981
27635 465 34982 34983
27636 465 34982 34984
27637 465 34985 34986
27638 465 34985 34987
27639 465 34988 34989
27640 465 34988 34990
27641 465 34991 34992
27642 465 34991 34993
27643 465 34994 34995
27644 465 34994 34996
27645 465 34997 34998
27646 465 34997 34999
27647 465 35000 35001
27648 465 35000 35002
27649 465 35003 35004
27650 465 35003 35005
27651 465 35006 35007
27652 465 35006 35008
27653 465 35009 35010
27654 465 35009 35011
27655 465 35012 35013
27656 465 35012 35014
27657 465 35015 35016
27658 465 35015 35017
27659 465 35018 35019
27660 465 35018 35020
27661 465 35021 35022
27662 465 35021 35023
27663 465 35024 35025
27664 465 35024 35026
27665 465 35027 35028
27666 465 35027 35029
27667 465 35030 35031
27668 465 35030 35032
27669 465 35033 35034
27670 465 35033 35035
27671 465 35036 35037
27672 465 35036 35038
27673 465 35039 35040
27674 465 35039 35041
27675 465 35042 35043
27676 465 35042 35044
27677 465 35045 35046
27678 465 35045 35047
27679 465 35048 35049
27680 465 35048 35050
27681 465 35051 35052
27682 465 35051 35053
27683 465 35054 35055
27684 465 35054 35056
27685 465 35057 35058
27686 465 35057 35059
27687 465 35060 35061
27688 465 35060 35062
27689 465 35063 35064
27690 465 35063 35065
27691 465 35066 35067
27692 465 35066 35068
27693 465 35069 35070
27694 465 35069 35071
27695 465 35072 35073
27696 465 35072 35074
27697 465 35075 35076
27698 465 35075 35077
27699 465 35078 35079
27700 465 35078 35080
27701 465 35081 35082
27702 465 35081 35083
27703 465 35084 35085
27704 465 35084 35086
27705 465 35087 35088
27706 465 35087 35089
27707 465 35090 35091
27708 465 35090 35092
27709 465 35093 35094
27710 465 35093 35095
27711 465 35096 35097
27712 465 35096 35098
27713 465 35099 35100
27714 465 35099 35101
27715 465 35102 35103
27716 465 35102 35104
27717 465 35105 35106
27718 465 35105 35107
27719 465 35108 35109
27720 465 35108 35110
27721 465 35111 35112
27722 465 35111 35113
27723 465 35114 35115
27724 465 35114 35116
27725 465 35117 35118
27726 465 35117 35119
27727 465 35120 35121
27728 465 35120 35122
27729 465 35123 35124
27730 465 35123 35125
27731 465 35126 35127
27732 465 35126 35128
27733 465 35129 35130
27734 465 35129 35131
27735 465 35132 35133
27736 465 35132 35134
27737 465 35135 35136
27738 465 35135 35137
27739 465 35138 35139
27740 465 35138 35140
27741 465 35141 35142
27742 465 35141 35143
27743 465 35144 35145
27744 465 35144 35146
27745 465 35147 35148
27746 465 35147 35149
27747 465 35150 35151
27748 465 35150 35152
27749 465 35153 35154
27750 465 35153 35155
27751 465 35156 35157
27752 465 35156 35158
27753 465 35159 35160
27754 465 35159 35161
27755 465 35162 35163
27756 465 35162 35164
27757 465 35165 35166
27758 465 35165 35167
27759 465 35168 35169
27760 465 35168 35170
27761 465 35171 35172
27762 465 35171 35173
27763 465 35174 35175
27764 465 35174 35176
27765 465 35177 35178
27766 465 35177 35179
27767 465 35180 35181
27768 465 35180 35182
27769 465 35183 35184
27770 465 35183 35185
27771 465 35186 35187
27772 465 35186 35188
27773 465 35189 35190
27774 465 35189 35191
27775 465 35192 35193
27776 465 35192 35194
27777 465 35195 35196
27778 465 35195 35197
27779 465 35198 35199
27780 465 35198 35200
27781 465 35201 35202
27782 465 35201 35203
27783 465 35204 35205
27784 465 35204 35206
27785 465 35207 35208
27786 465 35207 35209
27787 465 35210 35211
27788 465 35210 35212
27789 465 35213 35214
27790 465 35213 35215
27791 465 35216 35217
27792 465 35216 35218
27793 465 35219 35220
27794 465 35219 35221
27795 465 35222 35223
27796 465 35222 35224
27797 465 35225 35226
27798 465 35225 35227
27799 465 35228 35229
27800 465 35228 35230
27801 465 35231 35232
27802 465 35231 35233
27803 465 35234 35235
27804 465 35234 35236
27805 465 35237 35238
27806 465 35237 35239
27807 465 35240 35241
27808 465 35240 35242
27809 465 35243 35244
27810 465 35243 35245
27811 465 35246 35247
27812 465 35246 35248
27813 465 35249 35250
27814 465 35249 35251
27815 465 35252 35253
27816 465 35252 35254
27817 465 35255 35256
27818 465 35255 35257
27819 465 35258 35259
27820 465 35258 35260
27821 465 35261 35262
27822 465 35261 35263
27823 465 35264 35265
27824 465 35264 35266
27825 465 35267 35268
27826 465 35267 35269
27827 465 35270 35271
27828 465 35270 35272
27829 465 35273 35274
27830 465 35273 35275
27831 465 35276 35277
27832 465 35276 35278
27833 465 35279 35280
27834 465 35279 35281
27835 465 35282 35283
27836 465 35282 35284
27837 465 35285 35286
27838 465 35285 35287
27839 465 35288 35289
27840 465 35288 35290
27841 465 35291 35292
27842 465 35291 35293
27843 465 35294 35295
27844 465 35294 35296
27845 465 35297 35298
27846 465 35297 35299
27847 465 35300 35301
27848 465 35300 35302
27849 465 35303 35304
27850 465 35303 35305
27851 465 35306 35307
27852 465 35306 35308
27853 465 35309 35310
27854 465 35309 35311
27855 465 35312 35313
27856 465 35312 35314
27857 465 35315 35316
27858 465 35315 35317
27859 465 35318 35319
27860 465 35318 35320
27861 465 35321 35322
27862 465 35321 35323
27863 465 35324 35325
27864 465 35324 35326
27865 465 35327 35328
27866 465 35327 35329
27867 465 35330 35331
27868 465 35330 35332
27869 465 35333 35334
27870 465 35333 35335
27871 465 35336 35337
27872 465 35336 35338
27873 465 35339 35340
27874 465 35339 35341
27875 465 35342 35343
27876 465 35342 35344
27877 465 35345 35346
27878 465 35345 35347
27879 465 35348 35349
27880 465 35348 35350
27881 465 35351 35352
27882 465 35351 35353
27883 465 35354 35355
27884 465 35354 35356
27885 465 35357 35358
27886 465 35357 35359
27887 465 35360 35361
27888 465 35360 35362
27889 465 35363 35364
27890 465 35363 35365
27891 465 35366 35367
27892 465 35366 35368
27893 465 35369 35370
27894 465 35369 35371
27895 465 35372 35373
27896 465 35372 35374
27897 465 35375 35376
27898 465 35375 35377
27899 465 35378 35379
27900 465 35378 35380
27901 465 35381 35382
27902 465 35381 35383
27903 465 35384 35385
27904 465 35384 35386
27905 465 35387 35388
27906 465 35387 35389
27907 465 35390 35391
27908 465 35390 35392
27909 465 35393 35394
27910 465 35393 35395
27911 465 35396 35397
27912 465 35396 35398
27913 465 35399 35400
27914 465 35399 35401
27915 465 35402 35403
27916 465 35402 35404
27917 465 35405 35406
27918 465 35405 35407
27919 465 35408 35409
27920 465 35408 35410
27921 465 35411 35412
27922 465 35411 35413
27923 465 35414 35415
27924 465 35414 35416
27925 465 35417 35418
27926 465 35417 35419
27927 465 35420 35421
27928 465 35420 35422
27929 465 35423 35424
27930 465 35423 35425
27931 465 35426 35427
27932 465 35426 35428
27933 465 35429 35430
27934 465 35429 35431
27935 465 35432 35433
27936 465 35432 35434
27937 465 35435 35436
27938 465 35435 35437
27939 465 35438 35439
27940 465 35438 35440
27941 465 35441 35442
27942 465 35441 35443
27943 465 35444 35445
27944 465 35444 35446
27945 465 35447 35448
27946 465 35447 35449
27947 465 35450 35451
27948 465 35450 35452
27949 465 35453 35454
27950 465 35453 35455
27951 465 35456 35457
27952 465 35456 35458
27953 465 35459 35460
27954 465 35459 35461
27955 465 35462 35463
27956 465 35462 35464
27957 465 35465 35466
27958 465 35465 35467
27959 465 35468 35469
27960 465 35468 35470
27961 465 35471 35472
27962 465 35471 35473
27963 465 35474 35475
27964 465 35474 35476
27965 465 35477 35478
27966 465 35477 35479
27967 465 35480 35481
27968 465 35480 35482
27969 465 35483 35484
27970 465 35483 35485
27971 465 35486 35487
27972 465 35486 35488
27973 465 35489 35490
27974 465 35489 35491
27975 465 35492 35493
27976 465 35492 35494
27977 465 35495 35496
27978 465 35495 35497
27979 465 35498 35499
27980 465 35498 35500
27981 465 35501 35502
27982 465 35501 35503
27983 465 35504 35505
27984 465 35504 35506
27985 465 35507 35508
27986 465 35507 35509
27987 465 35510 35511
27988 465 35510 35512
27989 465 35513 35514
27990 465 35513 35515
27991 465 35516 35517
27992 465 35516 35518
27993 465 35519 35520
27994 465 35519 35521
27995 465 35522 35523
27996 465 35522 35524
27997 465 35525 35526
27998 465 35525 35527
27999 465 35528 35529
28000 465 35528 35530
28001 465 35531 35532
28002 465 35531 35533
28003 465 35534 35535
28004 465 35534 35536
28005 465 35537 35538
28006 465 35537 35539
28007 465 35540 35541
28008 465 35540 35542
28009 465 35543 35544
28010 465 35543 35545
28011 465 35546 35547
28012 465 35546 35548
28013 465 35549 35550
28014 465 35549 35551
28015 465 35552 35553
28016 465 35552 35554
28017 465 35555 35556
28018 465 35555 35557
28019 465 35558 35559
28020 465 35558 35560
28021 465 35561 35562
28022 465 35561 35563
28023 465 35564 35565
28024 465 35564 35566
28025 465 35567 35568
28026 465 35567 35569
28027 465 35570 35571
28028 465 35570 35572
28029 465 35573 35574
28030 465 35573 35575
28031 465 35576 35577
28032 465 35576 35578
28033 465 35579 35580
28034 465 35579 35581
28035 465 35582 35583
28036 465 35582 35584
28037 465 35585 35586
28038 465 35585 35587
28039 465 35588 35589
28040 465 35588 35590
28041 465 35591 35592
28042 465 35591 35593
28043 465 35594 35595
28044 465 35594 35596
28045 465 35597 35598
28046 465 35597 35599
28047 465 35600 35601
28048 465 35600 35602
28049 465 35603 35604
28050 465 35603 35605
28051 465 35606 35607
28052 465 35606 35608
28053 465 35609 35610
28054 465 35609 35611
28055 465 35612 35613
28056 465 35612 35614
28057 465 35615 35616
28058 465 35615 35617
28059 465 35618 35619
28060 465 35618 35620
28061 465 35621 35622
28062 465 35621 35623
28063 465 35624 35625
28064 465 35624 35626
28065 465 35627 35628
28066 465 35627 35629
28067 465 35630 35631
28068 465 35630 35632
28069 465 35633 35634
28070 465 35633 35635
28071 465 35636 35637
28072 465 35636 35638
28073 465 35639 35640
28074 465 35639 35641
28075 465 35642 35643
28076 465 35642 35644
28077 465 35645 35646
28078 465 35645 35647
28079 465 35648 35649
28080 465 35648 35650
28081 465 35651 35652
28082 465 35651 35653
28083 465 35654 35655
28084 465 35654 35656
28085 465 35657 35658
28086 465 35657 35659
28087 465 35660 35661
28088 465 35660 35662
28089 465 35663 35664
28090 465 35663 35665
28091 465 35666 35667
28092 465 35666 35668
28093 465 35669 35670
28094 465 35669 35671
28095 465 35672 35673
28096 465 35672 35674
28097 465 35675 35676
28098 465 35675 35677
28099 465 35678 35679
28100 465 35678 35680
28101 465 35681 35682
28102 465 35681 35683
28103 465 35684 35685
28104 465 35684 35686
28105 465 35687 35688
28106 465 35687 35689
28107 465 35690 35691
28108 465 35690 35692
28109 465 35693 35694
28110 465 35693 35695
28111 465 35696 35697
28112 465 35696 35698
28113 465 35699 35700
28114 465 35699 35701
28115 465 35702 35703
28116 465 35702 35704
28117 465 35705 35706
28118 465 35705 35707
28119 465 35708 35709
28120 465 35708 35710
28121 465 35711 35712
28122 465 35711 35713
28123 465 35714 35715
28124 465 35714 35716
28125 465 35717 35718
28126 465 35717 35719
28127 465 35720 35721
28128 465 35720 35722
28129 465 35723 35724
28130 465 35723 35725
28131 465 35726 35727
28132 465 35726 35728
28133 465 35729 35730
28134 465 35729 35731
28135 465 35732 35733
28136 465 35732 35734
28137 465 35735 35736
28138 465 35735 35737
28139 465 35738 35739
28140 465 35738 35740
28141 465 35741 35742
28142 465 35741 35743
28143 465 35744 35745
28144 465 35744 35746
28145 465 35747 35748
28146 465 35747 35749
28147 465 35750 35751
28148 465 35750 35752
28149 465 35753 35754
28150 465 35753 35755
28151 465 35756 35757
28152 465 35756 35758
28153 465 35759 35760
28154 465 35759 35761
28155 465 35762 35763
28156 465 35762 35764
28157 465 35765 35766
28158 465 35765 35767
28159 465 35768 35769
28160 465 35768 35770
28161 465 35771 35772
28162 465 35771 35773
28163 465 35774 35775
28164 465 35774 35776
28165 465 35777 35778
28166 465 35777 35779
28167 465 35780 35781
28168 465 35780 35782
28169 465 35783 35784
28170 465 35783 35785
28171 465 35786 35787
28172 465 35786 35788
28173 465 35789 35790
28174 465 35789 35791
28175 465 35792 35793
28176 465 35792 35794
28177 465 35795 35796
28178 465 35795 35797
28179 465 35798 35799
28180 465 35798 35800
28181 465 35801 35802
28182 465 35801 35803
28183 465 35804 35805
28184 465 35804 35806
28185 465 35807 35808
28186 465 35807 35809
28187 465 35810 35811
28188 465 35810 35812
28189 465 35813 35814
28190 465 35813 35815
28191 465 35816 35817
28192 465 35816 35818
28193 465 35819 35820
28194 465 35819 35821
28195 465 35822 35823
28196 465 35822 35824
28197 465 35825 35826
28198 465 35825 35827
28199 465 35828 35829
28200 465 35828 35830
28201 465 35831 35832
28202 465 35831 35833
28203 465 35834 35835
28204 465 35834 35836
28205 465 35837 35838
28206 465 35837 35839
28207 465 35840 35841
28208 465 35840 35842
28209 465 35843 35844
28210 465 35843 35845
28211 465 35846 35847
28212 465 35846 35848
28213 465 35849 35850
28214 465 35849 35851
28215 465 35852 35853
28216 465 35852 35854
28217 465 35855 35856
28218 465 35855 35857
28219 465 35858 35859
28220 465 35858 35860
28221 465 35861 35862
28222 465 35861 35863
28223 465 35864 35865
28224 465 35864 35866
28225 465 35867 35868
28226 465 35867 35869
28227 465 35870 35871
28228 465 35870 35872
28229 465 35873 35874
28230 465 35873 35875
28231 465 35876 35877
28232 465 35876 35878
28233 465 35879 35880
28234 465 35879 35881
28235 465 35882 35883
28236 465 35882 35884
28237 465 35885 35886
28238 465 35885 35887
28239 465 35888 35889
28240 465 35888 35890
28241 465 35891 35892
28242 465 35891 35893
28243 465 35894 35895
28244 465 35894 35896
28245 465 35897 35898
28246 465 35897 35899
28247 465 35900 35901
28248 465 35900 35902
28249 465 35903 35904
28250 465 35903 35905
28251 465 35906 35907
28252 465 35906 35908
28253 465 35909 35910
28254 465 35909 35911
28255 465 35912 35913
28256 465 35912 35914
28257 465 35915 35916
28258 465 35915 35917
28259 465 35918 35919
28260 465 35918 35920
28261 465 35921 35922
28262 465 35921 35923
28263 465 35924 35925
28264 465 35924 35926
28265 465 35927 35928
28266 465 35927 35929
28267 465 35930 35931
28268 465 35930 35932
28269 465 35933 35934
28270 465 35933 35935
28271 465 35936 35937
28272 465 35936 35938
28273 465 35939 35940
28274 465 35939 35941
28275 465 35942 35943
28276 465 35942 35944
28277 465 35945 35946
28278 465 35945 35947
28279 465 35948 35949
28280 465 35948 35950
28281 465 35951 35952
28282 465 35951 35953
28283 465 35954 35955
28284 465 35954 35956
28285 465 35957 35958
28286 465 35957 35959
28287 465 35960 35961
28288 465 35960 35962
28289 465 35963 35964
28290 465 35963 35965
28291 465 35966 35967
28292 465 35966 35968
28293 465 35969 35970
28294 465 35969 35971
28295 465 35972 35973
28296 465 35972 35974
28297 465 35975 35976
28298 465 35975 35977
28299 465 35978 35979
28300 465 35978 35980
28301 465 35981 35982
28302 465 35981 35983
28303 465 35984 35985
28304 465 35984 35986
28305 465 35987 35988
28306 465 35987 35989
28307 465 35990 35991
28308 465 35990 35992
28309 465 35993 35994
28310 465 35993 35995
28311 465 35996 35997
28312 465 35996 35998
28313 465 35999 36000
28314 465 35999 36001
28315 465 36002 36003
28316 465 36002 36004
28317 465 36005 36006
28318 465 36005 36007
28319 465 36008 36009
28320 465 36008 36010
28321 465 36011 36012
28322 465 36011 36013
28323 465 36014 36015
28324 465 36014 36016
28325 465 36017 36018
28326 465 36017 36019
28327 465 36020 36021
28328 465 36020 36022
28329 465 36023 36024
28330 465 36023 36025
28331 465 36026 36027
28332 465 36026 36028
28333 465 36029 36030
28334 465 36029 36031
28335 465 36032 36033
28336 465 36032 36034
28337 465 36035 36036
28338 465 36035 36037
28339 465 36038 36039
28340 465 36038 36040
28341 465 36041 36042
28342 465 36041 36043
28343 465 36044 36045
28344 465 36044 36046
28345 465 36047 36048
28346 465 36047 36049
28347 465 36050 36051
28348 465 36050 36052
28349 465 36053 36054
28350 465 36053 36055
28351 465 36056 36057
28352 465 36056 36058
28353 465 36059 36060
28354 465 36059 36061
28355 465 36062 36063
28356 465 36062 36064
28357 465 36065 36066
28358 465 36065 36067
28359 465 36068 36069
28360 465 36068 36070
28361 465 36071 36072
28362 465 36071 36073
28363 465 36074 36075
28364 465 36074 36076
28365 465 36077 36078
28366 465 36077 36079
28367 465 36080 36081
28368 465 36080 36082
28369 465 36083 36084
28370 465 36083 36085
28371 465 36086 36087
28372 465 36086 36088
28373 465 36089 36090
28374 465 36089 36091
28375 465 36092 36093
28376 465 36092 36094
28377 465 36095 36096
28378 465 36095 36097
28379 465 36098 36099
28380 465 36098 36100
28381 465 36101 36102
28382 465 36101 36103
28383 465 36104 36105
28384 465 36104 36106
28385 465 36107 36108
28386 465 36107 36109
28387 465 36110 36111
28388 465 36110 36112
28389 465 36113 36114
28390 465 36113 36115
28391 465 36116 36117
28392 465 36116 36118
28393 465 36119 36120
28394 465 36119 36121
28395 465 36122 36123
28396 465 36122 36124
28397 465 36125 36126
28398 465 36125 36127
28399 465 36128 36129
28400 465 36128 36130
28401 465 36131 36132
28402 465 36131 36133
28403 465 36134 36135
28404 465 36134 36136
28405 465 36137 36138
28406 465 36137 36139
28407 465 36140 36141
28408 465 36140 36142
28409 465 36143 36144
28410 465 36143 36145
28411 465 36146 36147
28412 465 36146 36148
28413 465 36149 36150
28414 465 36149 36151
28415 465 36152 36153
28416 465 36152 36154
28417 465 36155 36156
28418 465 36155 36157
28419 465 36158 36159
28420 465 36158 36160
28421 465 36161 36162
28422 465 36161 36163
28423 465 36164 36165
28424 465 36164 36166
28425 465 36167 36168
28426 465 36167 36169
28427 465 36170 36171
28428 465 36170 36172
28429 465 36173 36174
28430 465 36173 36175
28431 465 36176 36177
28432 465 36176 36178
28433 465 36179 36180
28434 465 36179 36181
28435 465 36182 36183
28436 465 36182 36184
28437 465 36185 36186
28438 465 36185 36187
28439 465 36188 36189
28440 465 36188 36190
28441 465 36191 36192
28442 465 36191 36193
28443 465 36194 36195
28444 465 36194 36196
28445 465 36197 36198
28446 465 36197 36199
28447 465 36200 36201
28448 465 36200 36202
28449 465 36203 36204
28450 465 36203 36205
28451 465 36206 36207
28452 465 36206 36208
28453 465 36209 36210
28454 465 36209 36211
28455 465 36212 36213
28456 465 36212 36214
28457 465 36215 36216
28458 465 36215 36217
28459 465 36218 36219
28460 465 36218 36220
28461 465 36221 36222
28462 465 36221 36223
28463 465 36224 36225
28464 465 36224 36226
28465 465 36227 36228
28466 465 36227 36229
28467 465 36230 36231
28468 465 36230 36232
28469 465 36233 36234
28470 465 36233 36235
28471 465 36236 36237
28472 465 36236 36238
28473 465 36239 36240
28474 465 36239 36241
28475 465 36242 36243
28476 465 36242 36244
28477 465 36245 36246
28478 465 36245 36247
28479 465 36248 36249
28480 465 36248 36250
28481 465 36251 36252
28482 465 36251 36253
28483 465 36254 36255
28484 465 36254 36256
28485 465 36257 36258
28486 465 36257 36259
28487 465 36260 36261
28488 465 36260 36262
28489 465 36263 36264
28490 465 36263 36265
28491 465 36266 36267
28492 465 36266 36268
28493 465 36269 36270
28494 465 36269 36271
28495 465 36272 36273
28496 465 36272 36274
28497 465 36275 36276
28498 465 36275 36277
28499 465 36278 36279
28500 465 36278 36280
28501 465 36281 36282
28502 465 36281 36283
28503 465 36284 36285
28504 465 36284 36286
28505 465 36287 36288
28506 465 36287 36289
28507 465 36290 36291
28508 465 36290 36292
28509 465 36293 36294
28510 465 36293 36295
28511 465 36296 36297
28512 465 36296 36298
28513 465 36299 36300
28514 465 36299 36301
28515 465 36302 36303
28516 465 36302 36304
28517 465 36305 36306
28518 465 36305 36307
28519 465 36308 36309
28520 465 36308 36310
28521 465 36311 36312
28522 465 36311 36313
28523 465 36314 36315
28524 465 36314 36316
28525 465 36317 36318
28526 465 36317 36319
28527 465 36320 36321
28528 465 36320 36322
28529 465 36323 36324
28530 465 36323 36325
28531 465 36326 36327
28532 465 36326 36328
28533 465 36329 36330
28534 465 36329 36331
28535 465 36332 36333
28536 465 36332 36334
28537 465 36335 36336
28538 465 36335 36337
28539 465 36338 36339
28540 465 36338 36340
28541 465 36341 36342
28542 465 36341 36343
28543 465 36344 36345
28544 465 36344 36346
28545 465 36347 36348
28546 465 36347 36349
28547 465 36350 36351
28548 465 36350 36352
28549 465 36353 36354
28550 465 36353 36355
28551 465 36356 36357
28552 465 36356 36358
28553 465 36359 36360
28554 465 36359 36361
28555 465 36362 36363
28556 465 36362 36364
28557 465 36365 36366
28558 465 36365 36367
28559 465 36368 36369
28560 465 36368 36370
28561 465 36371 36372
28562 465 36371 36373
28563 465 36374 36375
28564 465 36374 36376
28565 465 36377 36378
28566 465 36377 36379
28567 465 36380 36381
28568 465 36380 36382
28569 465 36383 36384
28570 465 36383 36385
28571 465 36386 36387
28572 465 36386 36388
28573 465 36389 36390
28574 465 36389 36391
28575 465 36392 36393
28576 465 36392 36394
28577 465 36395 36396
28578 465 36395 36397
28579 465 36398 36399
28580 465 36398 36400
28581 465 36401 36402
28582 465 36401 36403
28583 465 36404 36405
28584 465 36404 36406
28585 465 36407 36408
28586 465 36407 36409
28587 465 36410 36411
28588 465 36410 36412
28589 465 36413 36414
28590 465 36413 36415
28591 465 36416 36417
28592 465 36416 36418
28593 465 36419 36420
28594 465 36419 36421
28595 465 36422 36423
28596 465 36422 36424
28597 465 36425 36426
28598 465 36425 36427
28599 465 36428 36429
28600 465 36428 36430
28601 465 36431 36432
28602 465 36431 36433
28603 465 36434 36435
28604 465 36434 36436
28605 465 36437 36438
28606 465 36437 36439
28607 465 36440 36441
28608 465 36440 36442
28609 465 36443 36444
28610 465 36443 36445
28611 465 36446 36447
28612 465 36446 36448
28613 465 36449 36450
28614 465 36449 36451
28615 465 36452 36453
28616 465 36452 36454
28617 465 36455 36456
28618 465 36455 36457
28619 465 36458 36459
28620 465 36458 36460
28621 465 36461 36462
28622 465 36461 36463
28623 465 36464 36465
28624 465 36464 36466
28625 465 36467 36468
28626 465 36467 36469
28627 465 36470 36471
28628 465 36470 36472
28629 465 36473 36474
28630 465 36473 36475
28631 465 36476 36477
28632 465 36476 36478
28633 465 36479 36480
28634 465 36479 36481
28635 465 36482 36483
28636 465 36482 36484
28637 465 36485 36486
28638 465 36485 36487
28639 465 36488 36489
28640 465 36488 36490
28641 465 36491 36492
28642 465 36491 36493
28643 465 36494 36495
28644 465 36494 36496
28645 465 36497 36498
28646 465 36497 36499
28647 465 36500 36501
28648 465 36500 36502
28649 465 36503 36504
28650 465 36503 36505
28651 465 36506 36507
28652 465 36506 36508
28653 465 36509 36510
28654 465 36509 36511
28655 465 36512 36513
28656 465 36512 36514
28657 465 36515 36516
28658 465 36515 36517
28659 465 36518 36519
28660 465 36518 36520
28661 465 36521 36522
28662 465 36521 36523
28663 465 36524 36525
28664 465 36524 36526
28665 465 36527 36528
28666 465 36527 36529
28667 465 36530 36531
28668 465 36530 36532
28669 465 36533 36534
28670 465 36533 36535
28671 465 36536 36537
28672 465 36536 36538
28673 465 36539 36540
28674 465 36539 36541
28675 465 36542 36543
28676 465 36542 36544
28677 465 36545 36546
28678 465 36545 36547
28679 465 36548 36549
28680 465 36548 36550
28681 465 36551 36552
28682 465 36551 36553
28683 465 36554 36555
28684 465 36554 36556
28685 465 36557 36558
28686 465 36557 36559
28687 465 36560 36561
28688 465 36560 36562
28689 465 36563 36564
28690 465 36563 36565
28691 465 36566 36567
28692 465 36566 36568
28693 465 36569 36570
28694 465 36569 36571
28695 465 36572 36573
28696 465 36572 36574
28697 465 36575 36576
28698 465 36575 36577
28699 465 36578 36579
28700 465 36578 36580
28701 465 36581 36582
28702 465 36581 36583
28703 465 36584 36585
28704 465 36584 36586
28705 465 36587 36588
28706 465 36587 36589
28707 465 36590 36591
28708 465 36590 36592
28709 465 36593 36594
28710 465 36593 36595
28711 465 36596 36597
28712 465 36596 36598
28713 465 36599 36600
28714 465 36599 36601
28715 465 36602 36603
28716 465 36602 36604
28717 465 36605 36606
28718 465 36605 36607
28719 465 36608 36609
28720 465 36608 36610
28721 465 36611 36612
28722 465 36611 36613
28723 465 36614 36615
28724 465 36614 36616
28725 465 36617 36618
28726 465 36617 36619
28727 465 36620 36621
28728 465 36620 36622
28729 465 36623 36624
28730 465 36623 36625
28731 465 36626 36627
28732 465 36626 36628
28733 465 36629 36630
28734 465 36629 36631
28735 465 36632 36633
28736 465 36632 36634
28737 465 36635 36636
28738 465 36635 36637
28739 465 36638 36639
28740 465 36638 36640
28741 465 36641 36642
28742 465 36641 36643
28743 465 36644 36645
28744 465 36644 36646
28745 465 36647 36648
28746 465 36647 36649
28747 465 36650 36651
28748 465 36650 36652
28749 465 36653 36654
28750 465 36653 36655
28751 465 36656 36657
28752 465 36656 36658
28753 465 36659 36660
28754 465 36659 36661
28755 465 36662 36663
28756 465 36662 36664
28757 465 36665 36666
28758 465 36665 36667
28759 465 36668 36669
28760 465 36668 36670
28761 465 36671 36672
28762 465 36671 36673
28763 465 36674 36675
28764 465 36674 36676
28765 465 36677 36678
28766 465 36677 36679
28767 465 36680 36681
28768 465 36680 36682
28769 465 36683 36684
28770 465 36683 36685
28771 465 36686 36687
28772 465 36686 36688
28773 465 36689 36690
28774 465 36689 36691
28775 465 36692 36693
28776 465 36692 36694
28777 465 36695 36696
28778 465 36695 36697
28779 465 36698 36699
28780 465 36698 36700
28781 465 36701 36702
28782 465 36701 36703
28783 465 36704 36705
28784 465 36704 36706
28785 465 36707 36708
28786 465 36707 36709
28787 465 36710 36711
28788 465 36710 36712
28789 465 36713 36714
28790 465 36713 36715
28791 465 36716 36717
28792 465 36716 36718
28793 465 36719 36720
28794 465 36719 36721
28795 465 36722 36723
28796 465 36722 36724
28797 465 36725 36726
28798 465 36725 36727
28799 465 36728 36729
28800 465 36728 36730
28801 465 36731 36732
28802 465 36731 36733
28803 465 36734 36735
28804 465 36734 36736
28805 465 36737 36738
28806 465 36737 36739
28807 465 36740 36741
28808 465 36740 36742
28809 465 36743 36744
28810 465 36743 36745
28811 465 36746 36747
28812 465 36746 36748
28813 465 36749 36750
28814 465 36749 36751
28815 465 36752 36753
28816 465 36752 36754
28817 465 36755 36756
28818 465 36755 36757
28819 465 36758 36759
28820 465 36758 36760
28821 465 36761 36762
28822 465 36761 36763
28823 465 36764 36765
28824 465 36764 36766
28825 465 36767 36768
28826 465 36767 36769
28827 465 36770 36771
28828 465 36770 36772
28829 465 36773 36774
28830 465 36773 36775
28831 465 36776 36777
28832 465 36776 36778
28833 465 36779 36780
28834 465 36779 36781
28835 465 36782 36783
28836 465 36782 36784
28837 465 36785 36786
28838 465 36785 36787
28839 465 36788 36789
28840 465 36788 36790
28841 465 36791 36792
28842 465 36791 36793
28843 465 36794 36795
28844 465 36794 36796
28845 465 36797 36798
28846 465 36797 36799
28847 465 36800 36801
28848 465 36800 36802
28849 465 36803 36804
28850 465 36803 36805
28851 465 36806 36807
28852 465 36806 36808
28853 465 36809 36810
28854 465 36809 36811
28855 465 36812 36813
28856 465 36812 36814
28857 465 36815 36816
28858 465 36815 36817
28859 465 36818 36819
28860 465 36818 36820
28861 465 36821 36822
28862 465 36821 36823
28863 465 36824 36825
28864 465 36824 36826
28865 465 36827 36828
28866 465 36827 36829
28867 465 36830 36831
28868 465 36830 36832
28869 465 36833 36834
28870 465 36833 36835
28871 465 36836 36837
28872 465 36836 36838
28873 465 36839 36840
28874 465 36839 36841
28875 465 36842 36843
28876 465 36842 36844
28877 465 36845 36846
28878 465 36845 36847
28879 465 36848 36849
28880 465 36848 36850
28881 465 36851 36852
28882 465 36851 36853
28883 465 36854 36855
28884 465 36854 36856
28885 465 36857 36858
28886 465 36857 36859
28887 465 36860 36861
28888 465 36860 36862
28889 465 36863 36864
28890 465 36863 36865
28891 465 36866 36867
28892 465 36866 36868
28893 465 36869 36870
28894 465 36869 36871
28895 465 36872 36873
28896 465 36872 36874
28897 465 36875 36876
28898 465 36875 36877
28899 465 36878 36879
28900 465 36878 36880
28901 465 36881 36882
28902 465 36881 36883
28903 465 36884 36885
28904 465 36884 36886
28905 465 36887 36888
28906 465 36887 36889
28907 465 36890 36891
28908 465 36890 36892
28909 465 36893 36894
28910 465 36893 36895
28911 465 36896 36897
28912 465 36896 36898
28913 465 36899 36900
28914 465 36899 36901
28915 465 36902 36903
28916 465 36902 36904
28917 465 36905 36906
28918 465 36905 36907
28919 465 36908 36909
28920 465 36908 36910
28921 465 36911 36912
28922 465 36911 36913
28923 465 36914 36915
28924 465 36914 36916
28925 465 36917 36918
28926 465 36917 36919
28927 465 36920 36921
28928 465 36920 36922
28929 465 36923 36924
28930 465 36923 36925
28931 465 36926 36927
28932 465 36926 36928
28933 465 36929 36930
28934 465 36929 36931
28935 465 36932 36933
28936 465 36932 36934
28937 465 36935 36936
28938 465 36935 36937
28939 465 36938 36939
28940 465 36938 36940
28941 465 36941 36942
28942 465 36941 36943
28943 465 36944 36945
28944 465 36944 36946
28945 465 36947 36948
28946 465 36947 36949
28947 465 36950 36951
28948 465 36950 36952
28949 465 36953 36954
28950 465 36953 36955
28951 465 36956 36957
28952 465 36956 36958
28953 465 36959 36960
28954 465 36959 36961
28955 465 36962 36963
28956 465 36962 36964
28957 465 36965 36966
28958 465 36965 36967
28959 465 36968 36969
28960 465 36968 36970
28961 465 36971 36972
28962 465 36971 36973
28963 465 36974 36975
28964 465 36974 36976
28965 465 36977 36978
28966 465 36977 36979
28967 465 36980 36981
28968 465 36980 36982
28969 465 36983 36984
28970 465 36983 36985
28971 465 36986 36987
28972 465 36986 36988
28973 465 36989 36990
28974 465 36989 36991
28975 465 36992 36993
28976 465 36992 36994
28977 465 36995 36996
28978 465 36995 36997
28979 465 36998 36999
28980 465 36998 37000
28981 465 37001 37002
28982 465 37001 37003
28983 465 37004 37005
28984 465 37004 37006
28985 465 37007 37008
28986 465 37007 37009
28987 465 37010 37011
28988 465 37010 37012
28989 465 37013 37014
28990 465 37013 37015
28991 465 37016 37017
28992 465 37016 37018
28993 465 37019 37020
28994 465 37019 37021
28995 465 37022 37023
28996 465 37022 37024
28997 465 37025 37026
28998 465 37025 37027
28999 465 37028 37029
29000 465 37028 37030
29001 465 37031 37032
29002 465 37031 37033
29003 465 37034 37035
29004 465 37034 37036
29005 465 37037 37038
29006 465 37037 37039
29007 465 37040 37041
29008 465 37040 37042
29009 465 37043 37044
29010 465 37043 37045
29011 465 37046 37047
29012 465 37046 37048
29013 465 37049 37050
29014 465 37049 37051
29015 465 37052 37053
29016 465 37052 37054
29017 465 37055 37056
29018 465 37055 37057
29019 465 37058 37059
29020 465 37058 37060
29021 465 37061 37062
29022 465 37061 37063
29023 465 37064 37065
29024 465 37064 37066
29025 465 37067 37068
29026 465 37067 37069
29027 465 37070 37071
29028 465 37070 37072
29029 465 37073 37074
29030 465 37073 37075
29031 465 37076 37077
29032 465 37076 37078
29033 465 37079 37080
29034 465 37079 37081
29035 465 37082 37083
29036 465 37082 37084
29037 465 37085 37086
29038 465 37085 37087
29039 465 37088 37089
29040 465 37088 37090
29041 465 37091 37092
29042 465 37091 37093
29043 465 37094 37095
29044 465 37094 37096
29045 465 37097 37098
29046 465 37097 37099
29047 465 37100 37101
29048 465 37100 37102
29049 465 37103 37104
29050 465 37103 37105
29051 465 37106 37107
29052 465 37106 37108
29053 465 37109 37110
29054 465 37109 37111
29055 465 37112 37113
29056 465 37112 37114
29057 465 37115 37116
29058 465 37115 37117
29059 465 37118 37119
29060 465 37118 37120
29061 465 37121 37122
29062 465 37121 37123
29063 465 37124 37125
29064 465 37124 37126
29065 465 37127 37128
29066 465 37127 37129
29067 465 37130 37131
29068 465 37130 37132
29069 465 37133 37134
29070 465 37133 37135
29071 465 37136 37137
29072 465 37136 37138
29073 465 37139 37140
29074 465 37139 37141
29075 465 37142 37143
29076 465 37142 37144
29077 465 37145 37146
29078 465 37145 37147
29079 465 37148 37149
29080 465 37148 37150
29081 465 37151 37152
29082 465 37151 37153
29083 465 37154 37155
29084 465 37154 37156
29085 465 37157 37158
29086 465 37157 37159
29087 465 37160 37161
29088 465 37160 37162
29089 465 37163 37164
29090 465 37163 37165
29091 465 37166 37167
29092 465 37166 37168
29093 465 37169 37170
29094 465 37169 37171
29095 465 37172 37173
29096 465 37172 37174
29097 465 37175 37176
29098 465 37175 37177
29099 465 37178 37179
29100 465 37178 37180
29101 465 37181 37182
29102 465 37181 37183
29103 465 37184 37185
29104 465 37184 37186
29105 465 37187 37188
29106 465 37187 37189
29107 465 37190 37191
29108 465 37190 37192
29109 465 37193 37194
29110 465 37193 37195
29111 465 37196 37197
29112 465 37196 37198
29113 465 37199 37200
29114 465 37199 37201
29115 465 37202 37203
29116 465 37202 37204
29117 465 37205 37206
29118 465 37205 37207
29119 465 37208 37209
29120 465 37208 37210
29121 465 37211 37212
29122 465 37211 37213
29123 465 37214 37215
29124 465 37214 37216
29125 465 37217 37218
29126 465 37217 37219
29127 465 37220 37221
29128 465 37220 37222
29129 465 37223 37224
29130 465 37223 37225
29131 465 37226 37227
29132 465 37226 37228
29133 465 37229 37230
29134 465 37229 37231
29135 465 37232 37233
29136 465 37232 37234
29137 465 37235 37236
29138 465 37235 37237
29139 465 37238 37239
29140 465 37238 37240
29141 465 37241 37242
29142 465 37241 37243
29143 465 37244 37245
29144 465 37244 37246
29145 465 37247 37248
29146 465 37247 37249
29147 465 37250 37251
29148 465 37250 37252
29149 465 37253 37254
29150 465 37253 37255
29151 465 37256 37257
29152 465 37256 37258
29153 465 37259 37260
29154 465 37259 37261
29155 465 37262 37263
29156 465 37262 37264
29157 465 37265 37266
29158 465 37265 37267
29159 465 37268 37269
29160 465 37268 37270
29161 465 37271 37272
29162 465 37271 37273
29163 465 37274 37275
29164 465 37274 37276
29165 465 37277 37278
29166 465 37277 37279
29167 465 37280 37281
29168 465 37280 37282
29169 465 37283 37284
29170 465 37283 37285
29171 465 37286 37287
29172 465 37286 37288
29173 465 37289 37290
29174 465 37289 37291
29175 465 37292 37293
29176 465 37292 37294
29177 465 37295 37296
29178 465 37295 37297
29179 465 37298 37299
29180 465 37298 37300
29181 465 37301 37302
29182 465 37301 37303
29183 465 37304 37305
29184 465 37304 37306
29185 465 37307 37308
29186 465 37307 37309
29187 465 37310 37311
29188 465 37310 37312
29189 465 37313 37314
29190 465 37313 37315
29191 465 37316 37317
29192 465 37316 37318
29193 465 37319 37320
29194 465 37319 37321
29195 465 37322 37323
29196 465 37322 37324
29197 465 37325 37326
29198 465 37325 37327
29199 465 37328 37329
29200 465 37328 37330
29201 465 37331 37332
29202 465 37331 37333
29203 465 37334 37335
29204 465 37334 37336
29205 465 37337 37338
29206 465 37337 37339
29207 465 37340 37341
29208 465 37340 37342
29209 465 37343 37344
29210 465 37343 37345
29211 465 37346 37347
29212 465 37346 37348
29213 465 37349 37350
29214 465 37349 37351
29215 465 37352 37353
29216 465 37352 37354
29217 465 37355 37356
29218 465 37355 37357
29219 465 37358 37359
29220 465 37358 37360
29221 465 37361 37362
29222 465 37361 37363
29223 465 37364 37365
29224 465 37364 37366
29225 465 37367 37368
29226 465 37367 37369
29227 465 37370 37371
29228 465 37370 37372
29229 465 37373 37374
29230 465 37373 37375
29231 465 37376 37377
29232 465 37376 37378
29233 465 37379 37380
29234 465 37379 37381
29235 465 37382 37383
29236 465 37382 37384
29237 465 37385 37386
29238 465 37385 37387
29239 465 37388 37389
29240 465 37388 37390
29241 465 37391 37392
29242 465 37391 37393
29243 465 37394 37395
29244 465 37394 37396
29245 465 37397 37398
29246 465 37397 37399
29247 465 37400 37401
29248 465 37400 37402
29249 465 37403 37404
29250 465 37403 37405
29251 465 37406 37407
29252 465 37406 37408
29253 465 37409 37410
29254 465 37409 37411
29255 465 37412 37413
29256 465 37412 37414
29257 465 37415 37416
29258 465 37415 37417
29259 465 37418 37419
29260 465 37418 37420
29261 465 37421 37422
29262 465 37421 37423
29263 465 37424 37425
29264 465 37424 37426
29265 465 37427 37428
29266 465 37427 37429
29267 465 37430 37431
29268 465 37430 37432
29269 465 37433 37434
29270 465 37433 37435
29271 465 37436 37437
29272 465 37436 37438
29273 465 37439 37440
29274 465 37439 37441
29275 465 37442 37443
29276 465 37442 37444
29277 465 37445 37446
29278 465 37445 37447
29279 465 37448 37449
29280 465 37448 37450
29281 465 37451 37452
29282 465 37451 37453
29283 465 37454 37455
29284 465 37454 37456
29285 465 37457 37458
29286 465 37457 37459
29287 465 37460 37461
29288 465 37460 37462
29289 465 37463 37464
29290 465 37463 37465
29291 465 37466 37467
29292 465 37466 37468
29293 465 37469 37470
29294 465 37469 37471
29295 465 37472 37473
29296 465 37472 37474
29297 465 37475 37476
29298 465 37475 37477
29299 465 37478 37479
29300 465 37478 37480
29301 465 37481 37482
29302 465 37481 37483
29303 465 37484 37485
29304 465 37484 37486
29305 465 37487 37488
29306 465 37487 37489
29307 465 37490 37491
29308 465 37490 37492
29309 465 37493 37494
29310 465 37493 37495
29311 465 37496 37497
29312 465 37496 37498
29313 465 37499 37500
29314 465 37499 37501
29315 465 37502 37503
29316 465 37502 37504
29317 465 37505 37506
29318 465 37505 37507
29319 465 37508 37509
29320 465 37508 37510
29321 465 37511 37512
29322 465 37511 37513
29323 465 37514 37515
29324 465 37514 37516
29325 465 37517 37518
29326 465 37517 37519
29327 465 37520 37521
29328 465 37520 37522
29329 465 37523 37524
29330 465 37523 37525
29331 465 37526 37527
29332 465 37526 37528
29333 465 37529 37530
29334 465 37529 37531
29335 465 37532 37533
29336 465 37532 37534
29337 465 37535 37536
29338 465 37535 37537
29339 465 37538 37539
29340 465 37538 37540
29341 465 37541 37542
29342 465 37541 37543
29343 465 37544 37545
29344 465 37544 37546
29345 465 37547 37548
29346 465 37547 37549
29347 465 37550 37551
29348 465 37550 37552
29349 465 37553 37554
29350 465 37553 37555
29351 465 37556 37557
29352 465 37556 37558
29353 465 37559 37560
29354 465 37559 37561
29355 465 37562 37563
29356 465 37562 37564
29357 465 37565 37566
29358 465 37565 37567
29359 465 37568 37569
29360 465 37568 37570
29361 465 37571 37572
29362 465 37571 37573
29363 465 37574 37575
29364 465 37574 37576
29365 465 37577 37578
29366 465 37577 37579
29367 465 37580 37581
29368 465 37580 37582
29369 465 37583 37584
29370 465 37583 37585
29371 465 37586 37587
29372 465 37586 37588
29373 465 37589 37590
29374 465 37589 37591
29375 465 37592 37593
29376 465 37592 37594
29377 465 37595 37596
29378 465 37595 37597
29379 465 37598 37599
29380 465 37598 37600
29381 465 37601 37602
29382 465 37601 37603
29383 465 37604 37605
29384 465 37604 37606
29385 465 37607 37608
29386 465 37607 37609
29387 465 37610 37611
29388 465 37610 37612
29389 465 37613 37614
29390 465 37613 37615
29391 465 37616 37617
29392 465 37616 37618
29393 465 37619 37620
29394 465 37619 37621
29395 465 37622 37623
29396 465 37622 37624
29397 465 37625 37626
29398 465 37625 37627
29399 465 37628 37629
29400 465 37628 37630
29401 465 37631 37632
29402 465 37631 37633
29403 465 37634 37635
29404 465 37634 37636
29405 465 37637 37638
29406 465 37637 37639
29407 465 37640 37641
29408 465 37640 37642
29409 465 37643 37644
29410 465 37643 37645
29411 465 37646 37647
29412 465 37646 37648
29413 465 37649 37650
29414 465 37649 37651
29415 465 37652 37653
29416 465 37652 37654
29417 465 37655 37656
29418 465 37655 37657
29419 465 37658 37659
29420 465 37658 37660
29421 465 37661 37662
29422 465 37661 37663
29423 465 37664 37665
29424 465 37664 37666
29425 465 37667 37668
29426 465 37667 37669
29427 465 37670 37671
29428 465 37670 37672
29429 465 37673 37674
29430 465 37673 37675
29431 465 37676 37677
29432 465 37676 37678
29433 465 37679 37680
29434 465 37679 37681
29435 465 37682 37683
29436 465 37682 37684
29437 465 37685 37686
29438 465 37685 37687
29439 465 37688 37689
29440 465 37688 37690
29441 465 37691 37692
29442 465 37691 37693
29443 465 37694 37695
29444 465 37694 37696
29445 465 37697 37698
29446 465 37697 37699
29447 465 37700 37701
29448 465 37700 37702
29449 465 37703 37704
29450 465 37703 37705
29451 465 37706 37707
29452 465 37706 37708
29453 465 37709 37710
29454 465 37709 37711
29455 465 37712 37713
29456 465 37712 37714
29457 465 37715 37716
29458 465 37715 37717
29459 465 37718 37719
29460 465 37718 37720
29461 465 37721 37722
29462 465 37721 37723
29463 465 37724 37725
29464 465 37724 37726
29465 465 37727 37728
29466 465 37727 37729
29467 465 37730 37731
29468 465 37730 37732
29469 465 37733 37734
29470 465 37733 37735
29471 465 37736 37737
29472 465 37736 37738
29473 465 37739 37740
29474 465 37739 37741
29475 465 37742 37743
29476 465 37742 37744
29477 465 37745 37746
29478 465 37745 37747
29479 465 37748 37749
29480 465 37748 37750
29481 465 37751 37752
29482 465 37751 37753
29483 465 37754 37755
29484 465 37754 37756
29485 465 37757 37758
29486 465 37757 37759
29487 465 37760 37761
29488 465 37760 37762
29489 465 37763 37764
29490 465 37763 37765
29491 465 37766 37767
29492 465 37766 37768
29493 465 37769 37770
29494 465 37769 37771
29495 465 37772 37773
29496 465 37772 37774
29497 465 37775 37776
29498 465 37775 37777
29499 465 37778 37779
29500 465 37778 37780
29501 465 37781 37782
29502 465 37781 37783
29503 465 37784 37785
29504 465 37784 37786
29505 465 37787 37788
29506 465 37787 37789
29507 465 37790 37791
29508 465 37790 37792
29509 465 37793 37794
29510 465 37793 37795
29511 465 37796 37797
29512 465 37796 37798
29513 465 37799 37800
29514 465 37799 37801
29515 465 37802 37803
29516 465 37802 37804
29517 465 37805 37806
29518 465 37805 37807
29519 465 37808 37809
29520 465 37808 37810
29521 465 37811 37812
29522 465 37811 37813
29523 465 37814 37815
29524 465 37814 37816
29525 465 37817 37818
29526 465 37817 37819
29527 465 37820 37821
29528 465 37820 37822
29529 465 37823 37824
29530 465 37823 37825
29531 465 37826 37827
29532 465 37826 37828
29533 465 37829 37830
29534 465 37829 37831
29535 465 37832 37833
29536 465 37832 37834
29537 465 37835 37836
29538 465 37835 37837
29539 465 37838 37839
29540 465 37838 37840
29541 465 37841 37842
29542 465 37841 37843
29543 465 37844 37845
29544 465 37844 37846
29545 465 37847 37848
29546 465 37847 37849
29547 465 37850 37851
29548 465 37850 37852
29549 465 37853 37854
29550 465 37853 37855
29551 465 37856 37857
29552 465 37856 37858
29553 465 37859 37860
29554 465 37859 37861
29555 465 37862 37863
29556 465 37862 37864
29557 465 37865 37866
29558 465 37865 37867
29559 465 37868 37869
29560 465 37868 37870
29561 465 37871 37872
29562 465 37871 37873
29563 465 37874 37875
29564 465 37874 37876
29565 465 37877 37878
29566 465 37877 37879
29567 465 37880 37881
29568 465 37880 37882
29569 465 37883 37884
29570 465 37883 37885
29571 465 37886 37887
29572 465 37886 37888
29573 465 37889 37890
29574 465 37889 37891
29575 465 37892 37893
29576 465 37892 37894
29577 465 37895 37896
29578 465 37895 37897
29579 465 37898 37899
29580 465 37898 37900
29581 465 37901 37902
29582 465 37901 37903
29583 465 37904 37905
29584 465 37904 37906
29585 465 37907 37908
29586 465 37907 37909
29587 465 37910 37911
29588 465 37910 37912
29589 465 37913 37914
29590 465 37913 37915
29591 465 37916 37917
29592 465 37916 37918
29593 465 37919 37920
29594 465 37919 37921
29595 465 37922 37923
29596 465 37922 37924
29597 465 37925 37926
29598 465 37925 37927
29599 465 37928 37929
29600 465 37928 37930
29601 465 37931 37932
29602 465 37931 37933
29603 465 37934 37935
29604 465 37934 37936
29605 465 37937 37938
29606 465 37937 37939
29607 465 37940 37941
29608 465 37940 37942
29609 465 37943 37944
29610 465 37943 37945
29611 465 37946 37947
29612 465 37946 37948
29613 465 37949 37950
29614 465 37949 37951
29615 465 37952 37953
29616 465 37952 37954
29617 465 37955 37956
29618 465 37955 37957
29619 465 37958 37959
29620 465 37958 37960
29621 465 37961 37962
29622 465 37961 37963
29623 465 37964 37965
29624 465 37964 37966
29625 465 37967 37968
29626 465 37967 37969
29627 465 37970 37971
29628 465 37970 37972
29629 465 37973 37974
29630 465 37973 37975
29631 465 37976 37977
29632 465 37976 37978
29633 465 37979 37980
29634 465 37979 37981
29635 465 37982 37983
29636 465 37982 37984
29637 465 37985 37986
29638 465 37985 37987
29639 465 37988 37989
29640 465 37988 37990
29641 465 37991 37992
29642 465 37991 37993
29643 465 37994 37995
29644 465 37994 37996
29645 465 37997 37998
29646 465 37997 37999
29647 465 38000 38001
29648 465 38000 38002
29649 465 38003 38004
29650 465 38003 38005
29651 465 38006 38007
29652 465 38006 38008
29653 465 38009 38010
29654 465 38009 38011
29655 465 38012 38013
29656 465 38012 38014
29657 465 38015 38016
29658 465 38015 38017
29659 465 38018 38019
29660 465 38018 38020
29661 465 38021 38022
29662 465 38021 38023
29663 465 38024 38025
29664 465 38024 38026
29665 465 38027 38028
29666 465 38027 38029
29667 465 38030 38031
29668 465 38030 38032
29669 465 38033 38034
29670 465 38033 38035
29671 465 38036 38037
29672 465 38036 38038
29673 465 38039 38040
29674 465 38039 38041
29675 465 38042 38043
29676 465 38042 38044
29677 465 38045 38046
29678 465 38045 38047
29679 465 38048 38049
29680 465 38048 38050
29681 465 38051 38052
29682 465 38051 38053
29683 465 38054 38055
29684 465 38054 38056
29685 465 38057 38058
29686 465 38057 38059
29687 465 38060 38061
29688 465 38060 38062
29689 465 38063 38064
29690 465 38063 38065
29691 465 38066 38067
29692 465 38066 38068
29693 465 38069 38070
29694 465 38069 38071
29695 465 38072 38073
29696 465 38072 38074
29697 465 38075 38076
29698 465 38075 38077
29699 465 38078 38079
29700 465 38078 38080
29701 465 38081 38082
29702 465 38081 38083
29703 465 38084 38085
29704 465 38084 38086
29705 465 38087 38088
29706 465 38087 38089
29707 465 38090 38091
29708 465 38090 38092
29709 465 38093 38094
29710 465 38093 38095
29711 465 38096 38097
29712 465 38096 38098
29713 465 38099 38100
29714 465 38099 38101
29715 465 38102 38103
29716 465 38102 38104
29717 465 38105 38106
29718 465 38105 38107
29719 465 38108 38109
29720 465 38108 38110
29721 465 38111 38112
29722 465 38111 38113
29723 465 38114 38115
29724 465 38114 38116
29725 465 38117 38118
29726 465 38117 38119
29727 465 38120 38121
29728 465 38120 38122
29729 465 38123 38124
29730 465 38123 38125
29731 465 38126 38127
29732 465 38126 38128
29733 465 38129 38130
29734 465 38129 38131
29735 465 38132 38133
29736 465 38132 38134
29737 465 38135 38136
29738 465 38135 38137
29739 465 38138 38139
29740 465 38138 38140
29741 465 38141 38142
29742 465 38141 38143
29743 465 38144 38145
29744 465 38144 38146
29745 465 38147 38148
29746 465 38147 38149
29747 465 38150 38151
29748 465 38150 38152
29749 465 38153 38154
29750 465 38153 38155
29751 465 38156 38157
29752 465 38156 38158
29753 465 38159 38160
29754 465 38159 38161
29755 465 38162 38163
29756 465 38162 38164
29757 465 38165 38166
29758 465 38165 38167
29759 465 38168 38169
29760 465 38168 38170
29761 465 38171 38172
29762 465 38171 38173
29763 465 38174 38175
29764 465 38174 38176
29765 465 38177 38178
29766 465 38177 38179
29767 465 38180 38181
29768 465 38180 38182
29769 465 38183 38184
29770 465 38183 38185
29771 465 38186 38187
29772 465 38186 38188
29773 465 38189 38190
29774 465 38189 38191
29775 465 38192 38193
29776 465 38192 38194
29777 465 38195 38196
29778 465 38195 38197
29779 465 38198 38199
29780 465 38198 38200
29781 465 38201 38202
29782 465 38201 38203
29783 465 38204 38205
29784 465 38204 38206
29785 465 38207 38208
29786 465 38207 38209
29787 465 38210 38211
29788 465 38210 38212
29789 465 38213 38214
29790 465 38213 38215
29791 465 38216 38217
29792 465 38216 38218
29793 465 38219 38220
29794 465 38219 38221
29795 465 38222 38223
29796 465 38222 38224
29797 465 38225 38226
29798 465 38225 38227
29799 465 38228 38229
29800 465 38228 38230
29801 465 38231 38232
29802 465 38231 38233
29803 465 38234 38235
29804 465 38234 38236
29805 465 38237 38238
29806 465 38237 38239
29807 465 38240 38241
29808 465 38240 38242
29809 465 38243 38244
29810 465 38243 38245
29811 465 38246 38247
29812 465 38246 38248
29813 465 38249 38250
29814 465 38249 38251
29815 465 38252 38253
29816 465 38252 38254
29817 465 38255 38256
29818 465 38255 38257
29819 465 38258 38259
29820 465 38258 38260
29821 465 38261 38262
29822 465 38261 38263
29823 465 38264 38265
29824 465 38264 38266
29825 465 38267 38268
29826 465 38267 38269
29827 465 38270 38271
29828 465 38270 38272
29829 465 38273 38274
29830 465 38273 38275
29831 465 38276 38277
29832 465 38276 38278
29833 465 38279 38280
29834 465 38279 38281
29835 465 38282 38283
29836 465 38282 38284
29837 465 38285 38286
29838 465 38285 38287
29839 465 38288 38289
29840 465 38288 38290
29841 465 38291 38292
29842 465 38291 38293
29843 465 38294 38295
29844 465 38294 38296
29845 465 38297 38298
29846 465 38297 38299
29847 465 38300 38301
29848 465 38300 38302
29849 465 38303 38304
29850 465 38303 38305
29851 465 38306 38307
29852 465 38306 38308
29853 465 38309 38310
29854 465 38309 38311
29855 465 38312 38313
29856 465 38312 38314
29857 465 38315 38316
29858 465 38315 38317
29859 465 38318 38319
29860 465 38318 38320
29861 465 38321 38322
29862 465 38321 38323
29863 465 38324 38325
29864 465 38324 38326
29865 465 38327 38328
29866 465 38327 38329
29867 465 38330 38331
29868 465 38330 38332
29869 465 38333 38334
29870 465 38333 38335
29871 465 38336 38337
29872 465 38336 38338
29873 465 38339 38340
29874 465 38339 38341
29875 465 38342 38343
29876 465 38342 38344
29877 465 38345 38346
29878 465 38345 38347
29879 465 38348 38349
29880 465 38348 38350
29881 465 38351 38352
29882 465 38351 38353
29883 465 38354 38355
29884 465 38354 38356
29885 465 38357 38358
29886 465 38357 38359
29887 465 38360 38361
29888 465 38360 38362
29889 465 38363 38364
29890 465 38363 38365
29891 465 38366 38367
29892 465 38366 38368
29893 465 38369 38370
29894 465 38369 38371
29895 465 38372 38373
29896 465 38372 38374
29897 465 38375 38376
29898 465 38375 38377
29899 465 38378 38379
29900 465 38378 38380
29901 465 38381 38382
29902 465 38381 38383
29903 465 38384 38385
29904 465 38384 38386
29905 465 38387 38388
29906 465 38387 38389
29907 465 38390 38391
29908 465 38390 38392
29909 465 38393 38394
29910 465 38393 38395
29911 465 38396 38397
29912 465 38396 38398
29913 465 38399 38400
29914 465 38399 38401
29915 465 38402 38403
29916 465 38402 38404
29917 465 38405 38406
29918 465 38405 38407
29919 465 38408 38409
29920 465 38408 38410
29921 465 38411 38412
29922 465 38411 38413
29923 465 38414 38415
29924 465 38414 38416
29925 465 38417 38418
29926 465 38417 38419
29927 465 38420 38421
29928 465 38420 38422
29929 465 38423 38424
29930 465 38423 38425
29931 465 38426 38427
29932 465 38426 38428
29933 465 38429 38430
29934 465 38429 38431
29935 465 38432 38433
29936 465 38432 38434
29937 465 38435 38436
29938 465 38435 38437
29939 465 38438 38439
29940 465 38438 38440
29941 465 38441 38442
29942 465 38441 38443
29943 465 38444 38445
29944 465 38444 38446
29945 465 38447 38448
29946 465 38447 38449
29947 465 38450 38451
29948 465 38450 38452
29949 465 38453 38454
29950 465 38453 38455
29951 465 38456 38457
29952 465 38456 38458
29953 465 38459 38460
29954 465 38459 38461
29955 465 38462 38463
29956 465 38462 38464
29957 465 38465 38466
29958 465 38465 38467
29959 465 38468 38469
29960 465 38468 38470
29961 465 38471 38472
29962 465 38471 38473
29963 465 38474 38475
29964 465 38474 38476
29965 465 38477 38478
29966 465 38477 38479
29967 465 38480 38481
29968 465 38480 38482
29969 465 38483 38484
29970 465 38483 38485
29971 465 38486 38487
29972 465 38486 38488
29973 465 38489 38490
29974 465 38489 38491
29975 465 38492 38493
29976 465 38492 38494
29977 465 38495 38496
29978 465 38495 38497
29979 465 38498 38499
29980 465 38498 38500
29981 465 38501 38502
29982 465 38501 38503
29983 465 38504 38505
29984 465 38504 38506
29985 465 38507 38508
29986 465 38507 38509
29987 465 38510 38511
29988 465 38510 38512
29989 465 38513 38514
29990 465 38513 38515
29991 465 38516 38517
29992 465 38516 38518
29993 465 38519 38520
29994 465 38519 38521
29995 465 38522 38523
29996 465 38522 38524
29997 465 38525 38526
29998 465 38525 38527
29999 465 38528 38529
30000 465 38528 38530
30001 465 38531 38532
30002 465 38531 38533
30003 465 38534 38535
30004 465 38534 38536
30005 465 38537 38538
30006 465 38537 38539
30007 465 38540 38541
30008 465 38540 38542
30009 465 38543 38544
30010 465 38543 38545
30011 465 38546 38547
30012 465 38546 38548
30013 465 38549 38550
30014 465 38549 38551
30015 465 38552 38553
30016 465 38552 38554
30017 465 38555 38556
30018 465 38555 38557
30019 465 38558 38559
30020 465 38558 38560
30021 465 38561 38562
30022 465 38561 38563
30023 465 38564 38565
30024 465 38564 38566
30025 465 38567 38568
30026 465 38567 38569
30027 465 38570 38571
30028 465 38570 38572
30029 465 38573 38574
30030 465 38573 38575
30031 465 38576 38577
30032 465 38576 38578
30033 465 38579 38580
30034 465 38579 38581
30035 465 38582 38583
30036 465 38582 38584
30037 465 38585 38586
30038 465 38585 38587
30039 465 38588 38589
30040 465 38588 38590
30041 465 38591 38592
30042 465 38591 38593
30043 465 38594 38595
30044 465 38594 38596
30045 465 38597 38598
30046 465 38597 38599
30047 465 38600 38601
30048 465 38600 38602
30049 465 38603 38604
30050 465 38603 38605
30051 465 38606 38607
30052 465 38606 38608
30053 465 38609 38610
30054 465 38609 38611
30055 465 38612 38613
30056 465 38612 38614
30057 465 38615 38616
30058 465 38615 38617
30059 465 38618 38619
30060 465 38618 38620
30061 465 38621 38622
30062 465 38621 38623
30063 465 38624 38625
30064 465 38624 38626
30065 465 38627 38628
30066 465 38627 38629
30067 465 38630 38631
30068 465 38630 38632
30069 465 38633 38634
30070 465 38633 38635
30071 465 38636 38637
30072 465 38636 38638
30073 465 38639 38640
30074 465 38639 38641
30075 465 38642 38643
30076 465 38642 38644
30077 465 38645 38646
30078 465 38645 38647
30079 465 38648 38649
30080 465 38648 38650
30081 465 38651 38652
30082 465 38651 38653
30083 465 38654 38655
30084 465 38654 38656
30085 465 38657 38658
30086 465 38657 38659
30087 465 38660 38661
30088 465 38660 38662
30089 465 38663 38664
30090 465 38663 38665
30091 465 38666 38667
30092 465 38666 38668
30093 465 38669 38670
30094 465 38669 38671
30095 465 38672 38673
30096 465 38672 38674
30097 465 38675 38676
30098 465 38675 38677
30099 465 38678 38679
30100 465 38678 38680
30101 465 38681 38682
30102 465 38681 38683
30103 465 38684 38685
30104 465 38684 38686
30105 465 38687 38688
30106 465 38687 38689
30107 465 38690 38691
30108 465 38690 38692
30109 465 38693 38694
30110 465 38693 38695
30111 465 38696 38697
30112 465 38696 38698
30113 465 38699 38700
30114 465 38699 38701
30115 465 38702 38703
30116 465 38702 38704
30117 465 38705 38706
30118 465 38705 38707
30119 465 38708 38709
30120 465 38708 38710
30121 465 38711 38712
30122 465 38711 38713
30123 465 38714 38715
30124 465 38714 38716
30125 465 38717 38718
30126 465 38717 38719
30127 465 38720 38721
30128 465 38720 38722
30129 465 38723 38724
30130 465 38723 38725
30131 465 38726 38727
30132 465 38726 38728
30133 465 38729 38730
30134 465 38729 38731
30135 465 38732 38733
30136 465 38732 38734
30137 465 38735 38736
30138 465 38735 38737
30139 465 38738 38739
30140 465 38738 38740
30141 465 38741 38742
30142 465 38741 38743
30143 465 38744 38745
30144 465 38744 38746
30145 465 38747 38748
30146 465 38747 38749
30147 465 38750 38751
30148 465 38750 38752
30149 465 38753 38754
30150 465 38753 38755
30151 465 38756 38757
30152 465 38756 38758
30153 465 38759 38760
30154 465 38759 38761
30155 465 38762 38763
30156 465 38762 38764
30157 465 38765 38766
30158 465 38765 38767
30159 465 38768 38769
30160 465 38768 38770
30161 465 38771 38772
30162 465 38771 38773
30163 465 38774 38775
30164 465 38774 38776
30165 465 38777 38778
30166 465 38777 38779
30167 465 38780 38781
30168 465 38780 38782
30169 465 38783 38784
30170 465 38783 38785
30171 465 38786 38787
30172 465 38786 38788
30173 465 38789 38790
30174 465 38789 38791
30175 465 38792 38793
30176 465 38792 38794
30177 465 38795 38796
30178 465 38795 38797
30179 465 38798 38799
30180 465 38798 38800
30181 465 38801 38802
30182 465 38801 38803
30183 465 38804 38805
30184 465 38804 38806
30185 465 38807 38808
30186 465 38807 38809
30187 465 38810 38811
30188 465 38810 38812
30189 465 38813 38814
30190 465 38813 38815
30191 465 38816 38817
30192 465 38816 38818
30193 465 38819 38820
30194 465 38819 38821
30195 465 38822 38823
30196 465 38822 38824
30197 465 38825 38826
30198 465 38825 38827
30199 465 38828 38829
30200 465 38828 38830
30201 465 38831 38832
30202 465 38831 38833
30203 465 38834 38835
30204 465 38834 38836
30205 465 38837 38838
30206 465 38837 38839
30207 465 38840 38841
30208 465 38840 38842
30209 465 38843 38844
30210 465 38843 38845
30211 465 38846 38847
30212 465 38846 38848
30213 465 38849 38850
30214 465 38849 38851
30215 465 38852 38853
30216 465 38852 38854
30217 465 38855 38856
30218 465 38855 38857
30219 465 38858 38859
30220 465 38858 38860
30221 465 38861 38862
30222 465 38861 38863
30223 465 38864 38865
30224 465 38864 38866
30225 465 38867 38868
30226 465 38867 38869
30227 465 38870 38871
30228 465 38870 38872
30229 465 38873 38874
30230 465 38873 38875
30231 465 38876 38877
30232 465 38876 38878
30233 465 38879 38880
30234 465 38879 38881
30235 465 38882 38883
30236 465 38882 38884
30237 465 38885 38886
30238 465 38885 38887
30239 465 38888 38889
30240 465 38888 38890
30241 465 38891 38892
30242 465 38891 38893
30243 465 38894 38895
30244 465 38894 38896
30245 465 38897 38898
30246 465 38897 38899
30247 465 38900 38901
30248 465 38900 38902
30249 465 38903 38904
30250 465 38903 38905
30251 465 38906 38907
30252 465 38906 38908
30253 465 38909 38910
30254 465 38909 38911
30255 465 38912 38913
30256 465 38912 38914
30257 465 38915 38916
30258 465 38915 38917
30259 465 38918 38919
30260 465 38918 38920
30261 465 38921 38922
30262 465 38921 38923
30263 465 38924 38925
30264 465 38924 38926
30265 465 38927 38928
30266 465 38927 38929
30267 465 38930 38931
30268 465 38930 38932
30269 465 38933 38934
30270 465 38933 38935
30271 465 38936 38937
30272 465 38936 38938
30273 465 38939 38940
30274 465 38939 38941
30275 465 38942 38943
30276 465 38942 38944
30277 465 38945 38946
30278 465 38945 38947
30279 465 38948 38949
30280 465 38948 38950
30281 465 38951 38952
30282 465 38951 38953
30283 465 38954 38955
30284 465 38954 38956
30285 465 38957 38958
30286 465 38957 38959
30287 465 38960 38961
30288 465 38960 38962
30289 465 38963 38964
30290 465 38963 38965
30291 465 38966 38967
30292 465 38966 38968
30293 465 38969 38970
30294 465 38969 38971
30295 465 38972 38973
30296 465 38972 38974
30297 465 38975 38976
30298 465 38975 38977
30299 465 38978 38979
30300 465 38978 38980
30301 465 38981 38982
30302 465 38981 38983
30303 465 38984 38985
30304 465 38984 38986
30305 465 38987 38988
30306 465 38987 38989
30307 465 38990 38991
30308 465 38990 38992
30309 465 38993 38994
30310 465 38993 38995
30311 465 38996 38997
30312 465 38996 38998
30313 465 38999 39000
30314 465 38999 39001
30315 465 39002 39003
30316 465 39002 39004
30317 465 39005 39006
30318 465 39005 39007
30319 465 39008 39009
30320 465 39008 39010
30321 465 39011 39012
30322 465 39011 39013
30323 465 39014 39015
30324 465 39014 39016
30325 465 39017 39018
30326 465 39017 39019
30327 465 39020 39021
30328 465 39020 39022
30329 465 39023 39024
30330 465 39023 39025
30331 465 39026 39027
30332 465 39026 39028
30333 465 39029 39030
30334 465 39029 39031
30335 465 39032 39033
30336 465 39032 39034
30337 465 39035 39036
30338 465 39035 39037
30339 465 39038 39039
30340 465 39038 39040
30341 465 39041 39042
30342 465 39041 39043
30343 465 39044 39045
30344 465 39044 39046
30345 465 39047 39048
30346 465 39047 39049
30347 465 39050 39051
30348 465 39050 39052
30349 465 39053 39054
30350 465 39053 39055
30351 465 39056 39057
30352 465 39056 39058
30353 465 39059 39060
30354 465 39059 39061
30355 465 39062 39063
30356 465 39062 39064
30357 465 39065 39066
30358 465 39065 39067
30359 465 39068 39069
30360 465 39068 39070
30361 465 39071 39072
30362 465 39071 39073
30363 465 39074 39075
30364 465 39074 39076
30365 465 39077 39078
30366 465 39077 39079
30367 465 39080 39081
30368 465 39080 39082
30369 465 39083 39084
30370 465 39083 39085
30371 465 39086 39087
30372 465 39086 39088
30373 465 39089 39090
30374 465 39089 39091
30375 465 39092 39093
30376 465 39092 39094
30377 465 39095 39096
30378 465 39095 39097
30379 465 39098 39099
30380 465 39098 39100
30381 465 39101 39102
30382 465 39101 39103
30383 465 39104 39105
30384 465 39104 39106
30385 465 39107 39108
30386 465 39107 39109
30387 465 39110 39111
30388 465 39110 39112
30389 465 39113 39114
30390 465 39113 39115
30391 465 39116 39117
30392 465 39116 39118
30393 465 39119 39120
30394 465 39119 39121
30395 465 39122 39123
30396 465 39122 39124
30397 465 39125 39126
30398 465 39125 39127
30399 465 39128 39129
30400 465 39128 39130
30401 465 39131 39132
30402 465 39131 39133
30403 465 39134 39135
30404 465 39134 39136
30405 465 39137 39138
30406 465 39137 39139
30407 465 39140 39141
30408 465 39140 39142
30409 465 39143 39144
30410 465 39143 39145
30411 465 39146 39147
30412 465 39146 39148
30413 465 39149 39150
30414 465 39149 39151
30415 465 39152 39153
30416 465 39152 39154
30417 465 39155 39156
30418 465 39155 39157
30419 465 39158 39159
30420 465 39158 39160
30421 465 39161 39162
30422 465 39161 39163
30423 465 39164 39165
30424 465 39164 39166
30425 465 39167 39168
30426 465 39167 39169
30427 465 39170 39171
30428 465 39170 39172
30429 465 39173 39174
30430 465 39173 39175
30431 465 39176 39177
30432 465 39176 39178
30433 465 39179 39180
30434 465 39179 39181
30435 465 39182 39183
30436 465 39182 39184
30437 465 39185 39186
30438 465 39185 39187
30439 465 39188 39189
30440 465 39188 39190
30441 465 39191 39192
30442 465 39191 39193
30443 465 39194 39195
30444 465 39194 39196
30445 465 39197 39198
30446 465 39197 39199
30447 465 39200 39201
30448 465 39200 39202
30449 465 39203 39204
30450 465 39203 39205
30451 465 39206 39207
30452 465 39206 39208
30453 465 39209 39210
30454 465 39209 39211
30455 465 39212 39213
30456 465 39212 39214
30457 465 39215 39216
30458 465 39215 39217
30459 465 39218 39219
30460 465 39218 39220
30461 465 39221 39222
30462 465 39221 39223
30463 465 39224 39225
30464 465 39224 39226
30465 465 39227 39228
30466 465 39227 39229
30467 465 39230 39231
30468 465 39230 39232
30469 465 39233 39234
30470 465 39233 39235
30471 465 39236 39237
30472 465 39236 39238
30473 465 39239 39240
30474 465 39239 39241
30475 465 39242 39243
30476 465 39242 39244
30477 465 39245 39246
30478 465 39245 39247
30479 465 39248 39249
30480 465 39248 39250
30481 465 39251 39252
30482 465 39251 39253
30483 465 39254 39255
30484 465 39254 39256
30485 465 39257 39258
30486 465 39257 39259
30487 465 39260 39261
30488 465 39260 39262
30489 465 39263 39264
30490 465 39263 39265
30491 465 39266 39267
30492 465 39266 39268
30493 465 39269 39270
30494 465 39269 39271
30495 465 39272 39273
30496 465 39272 39274
30497 465 39275 39276
30498 465 39275 39277
30499 465 39278 39279
30500 465 39278 39280
30501 465 39281 39282
30502 465 39281 39283
30503 465 39284 39285
30504 465 39284 39286
30505 465 39287 39288
30506 465 39287 39289
30507 465 39290 39291
30508 465 39290 39292
30509 465 39293 39294
30510 465 39293 39295
30511 465 39296 39297
30512 465 39296 39298
30513 465 39299 39300
30514 465 39299 39301
30515 465 39302 39303
30516 465 39302 39304
30517 465 39305 39306
30518 465 39305 39307
30519 465 39308 39309
30520 465 39308 39310
30521 465 39311 39312
30522 465 39311 39313
30523 465 39314 39315
30524 465 39314 39316
30525 465 39317 39318
30526 465 39317 39319
30527 465 39320 39321
30528 465 39320 39322
30529 465 39323 39324
30530 465 39323 39325
30531 465 39326 39327
30532 465 39326 39328
30533 465 39329 39330
30534 465 39329 39331
30535 465 39332 39333
30536 465 39332 39334
30537 465 39335 39336
30538 465 39335 39337
30539 465 39338 39339
30540 465 39338 39340
30541 465 39341 39342
30542 465 39341 39343
30543 465 39344 39345
30544 465 39344 39346
30545 465 39347 39348
30546 465 39347 39349
30547 465 39350 39351
30548 465 39350 39352
30549 465 39353 39354
30550 465 39353 39355
30551 465 39356 39357
30552 465 39356 39358
30553 465 39359 39360
30554 465 39359 39361
30555 465 39362 39363
30556 465 39362 39364
30557 465 39365 39366
30558 465 39365 39367
30559 465 39368 39369
30560 465 39368 39370
30561 465 39371 39372
30562 465 39371 39373
30563 465 39374 39375
30564 465 39374 39376
30565 465 39377 39378
30566 465 39377 39379
30567 465 39380 39381
30568 465 39380 39382
30569 465 39383 39384
30570 465 39383 39385
30571 465 39386 39387
30572 465 39386 39388
30573 465 39389 39390
30574 465 39389 39391
30575 465 39392 39393
30576 465 39392 39394
30577 465 39395 39396
30578 465 39395 39397
30579 465 39398 39399
30580 465 39398 39400
30581 465 39401 39402
30582 465 39401 39403
30583 465 39404 39405
30584 465 39404 39406
30585 465 39407 39408
30586 465 39407 39409
30587 465 39410 39411
30588 465 39410 39412
30589 465 39413 39414
30590 465 39413 39415
30591 465 39416 39417
30592 465 39416 39418
30593 465 39419 39420
30594 465 39419 39421
30595 465 39422 39423
30596 465 39422 39424
30597 465 39425 39426
30598 465 39425 39427
30599 465 39428 39429
30600 465 39428 39430
30601 465 39431 39432
30602 465 39431 39433
30603 465 39434 39435
30604 465 39434 39436
30605 465 39437 39438
30606 465 39437 39439
30607 465 39440 39441
30608 465 39440 39442
30609 465 39443 39444
30610 465 39443 39445
30611 465 39446 39447
30612 465 39446 39448
30613 465 39449 39450
30614 465 39449 39451
30615 465 39452 39453
30616 465 39452 39454
30617 465 39455 39456
30618 465 39455 39457
30619 465 39458 39459
30620 465 39458 39460
30621 465 39461 39462
30622 465 39461 39463
30623 465 39464 39465
30624 465 39464 39466
30625 465 39467 39468
30626 465 39467 39469
30627 465 39470 39471
30628 465 39470 39472
30629 465 39473 39474
30630 465 39473 39475
30631 465 39476 39477
30632 465 39476 39478
30633 465 39479 39480
30634 465 39479 39481
30635 465 39482 39483
30636 465 39482 39484
30637 465 39485 39486
30638 465 39485 39487
30639 465 39488 39489
30640 465 39488 39490
30641 465 39491 39492
30642 465 39491 39493
30643 465 39494 39495
30644 465 39494 39496
30645 465 39497 39498
30646 465 39497 39499
30647 465 39500 39501
30648 465 39500 39502
30649 465 39503 39504
30650 465 39503 39505
30651 465 39506 39507
30652 465 39506 39508
30653 465 39509 39510
30654 465 39509 39511
30655 465 39512 39513
30656 465 39512 39514
30657 465 39515 39516
30658 465 39515 39517
30659 465 39518 39519
30660 465 39518 39520
30661 465 39521 39522
30662 465 39521 39523
30663 465 39524 39525
30664 465 39524 39526
30665 465 39527 39528
30666 465 39527 39529
30667 465 39530 39531
30668 465 39530 39532
30669 465 39533 39534
30670 465 39533 39535
30671 465 39536 39537
30672 465 39536 39538
30673 465 39539 39540
30674 465 39539 39541
30675 465 39542 39543
30676 465 39542 39544
30677 465 39545 39546
30678 465 39545 39547
30679 465 39548 39549
30680 465 39548 39550
30681 465 39551 39552
30682 465 39551 39553
30683 465 39554 39555
30684 465 39554 39556
30685 465 39557 39558
30686 465 39557 39559
30687 465 39560 39561
30688 465 39560 39562
30689 465 39563 39564
30690 465 39563 39565
30691 465 39566 39567
30692 465 39566 39568
30693 465 39569 39570
30694 465 39569 39571
30695 465 39572 39573
30696 465 39572 39574
30697 465 39575 39576
30698 465 39575 39577
30699 465 39578 39579
30700 465 39578 39580
30701 465 39581 39582
30702 465 39581 39583
30703 465 39584 39585
30704 465 39584 39586
30705 465 39587 39588
30706 465 39587 39589
30707 465 39590 39591
30708 465 39590 39592
30709 465 39593 39594
30710 465 39593 39595
30711 465 39596 39597
30712 465 39596 39598
30713 465 39599 39600
30714 465 39599 39601
30715 465 39602 39603
30716 465 39602 39604
30717 465 39605 39606
30718 465 39605 39607
30719 465 39608 39609
30720 465 39608 39610
30721 465 39611 39612
30722 465 39611 39613
30723 465 39614 39615
30724 465 39614 39616
30725 465 39617 39618
30726 465 39617 39619
30727 465 39620 39621
30728 465 39620 39622
30729 465 39623 39624
30730 465 39623 39625
30731 465 39626 39627
30732 465 39626 39628
30733 465 39629 39630
30734 465 39629 39631
30735 465 39632 39633
30736 465 39632 39634
30737 465 39635 39636
30738 465 39635 39637
30739 465 39638 39639
30740 465 39638 39640
30741 465 39641 39642
30742 465 39641 39643
30743 465 39644 39645
30744 465 39644 39646
30745 465 39647 39648
30746 465 39647 39649
30747 465 39650 39651
30748 465 39650 39652
30749 465 39653 39654
30750 465 39653 39655
30751 465 39656 39657
30752 465 39656 39658
30753 465 39659 39660
30754 465 39659 39661
30755 465 39662 39663
30756 465 39662 39664
30757 465 39665 39666
30758 465 39665 39667
30759 465 39668 39669
30760 465 39668 39670
30761 465 39671 39672
30762 465 39671 39673
30763 465 39674 39675
30764 465 39674 39676
30765 465 39677 39678
30766 465 39677 39679
30767 465 39680 39681
30768 465 39680 39682
30769 465 39683 39684
30770 465 39683 39685
30771 465 39686 39687
30772 465 39686 39688
30773 465 39689 39690
30774 465 39689 39691
30775 465 39692 39693
30776 465 39692 39694
30777 465 39695 39696
30778 465 39695 39697
30779 465 39698 39699
30780 465 39698 39700
30781 465 39701 39702
30782 465 39701 39703
30783 465 39704 39705
30784 465 39704 39706
30785 465 39707 39708
30786 465 39707 39709
30787 465 39710 39711
30788 465 39710 39712
30789 465 39713 39714
30790 465 39713 39715
30791 465 39716 39717
30792 465 39716 39718
30793 465 39719 39720
30794 465 39719 39721
30795 465 39722 39723
30796 465 39722 39724
30797 465 39725 39726
30798 465 39725 39727
30799 465 39728 39729
30800 465 39728 39730
30801 465 39731 39732
30802 465 39731 39733
30803 465 39734 39735
30804 465 39734 39736
30805 465 39737 39738
30806 465 39737 39739
30807 465 39740 39741
30808 465 39740 39742
30809 465 39743 39744
30810 465 39743 39745
30811 465 39746 39747
30812 465 39746 39748
30813 465 39749 39750
30814 465 39749 39751
30815 465 39752 39753
30816 465 39752 39754
30817 465 39755 39756
30818 465 39755 39757
30819 465 39758 39759
30820 465 39758 39760
30821 465 39761 39762
30822 465 39761 39763
30823 465 39764 39765
30824 465 39764 39766
30825 465 39767 39768
30826 465 39767 39769
30827 465 39770 39771
30828 465 39770 39772
30829 465 39773 39774
30830 465 39773 39775
30831 465 39776 39777
30832 465 39776 39778
30833 465 39779 39780
30834 465 39779 39781
30835 465 39782 39783
30836 465 39782 39784
30837 465 39785 39786
30838 465 39785 39787
30839 465 39788 39789
30840 465 39788 39790
30841 465 39791 39792
30842 465 39791 39793
30843 465 39794 39795
30844 465 39794 39796
30845 465 39797 39798
30846 465 39797 39799
30847 465 39800 39801
30848 465 39800 39802
30849 465 39803 39804
30850 465 39803 39805
30851 465 39806 39807
30852 465 39806 39808
30853 465 39809 39810
30854 465 39809 39811
30855 465 39812 39813
30856 465 39812 39814
30857 465 39815 39816
30858 465 39815 39817
30859 465 39818 39819
30860 465 39818 39820
30861 465 39821 39822
30862 465 39821 39823
30863 465 39824 39825
30864 465 39824 39826
30865 465 39827 39828
30866 465 39827 39829
30867 465 39830 39831
30868 465 39830 39832
30869 465 39833 39834
30870 465 39833 39835
30871 465 39836 39837
30872 465 39836 39838
30873 465 39839 39840
30874 465 39839 39841
30875 465 39842 39843
30876 465 39842 39844
30877 465 39845 39846
30878 465 39845 39847
30879 465 39848 39849
30880 465 39848 39850
30881 465 39851 39852
30882 465 39851 39853
30883 465 39854 39855
30884 465 39854 39856
30885 465 39857 39858
30886 465 39857 39859
30887 465 39860 39861
30888 465 39860 39862
30889 465 39863 39864
30890 465 39863 39865
30891 465 39866 39867
30892 465 39866 39868
30893 465 39869 39870
30894 465 39869 39871
30895 465 39872 39873
30896 465 39872 39874
30897 465 39875 39876
30898 465 39875 39877
30899 465 39878 39879
30900 465 39878 39880
30901 465 39881 39882
30902 465 39881 39883
30903 465 39884 39885
30904 465 39884 39886
30905 465 39887 39888
30906 465 39887 39889
30907 465 39890 39891
30908 465 39890 39892
30909 465 39893 39894
30910 465 39893 39895
30911 465 39896 39897
30912 465 39896 39898
30913 465 39899 39900
30914 465 39899 39901
30915 465 39902 39903
30916 465 39902 39904
30917 465 39905 39906
30918 465 39905 39907
30919 465 39908 39909
30920 465 39908 39910
30921 465 39911 39912
30922 465 39911 39913
30923 465 39914 39915
30924 465 39914 39916
30925 465 39917 39918
30926 465 39917 39919
30927 465 39920 39921
30928 465 39920 39922
30929 465 39923 39924
30930 465 39923 39925
30931 465 39926 39927
30932 465 39926 39928
30933 465 39929 39930
30934 465 39929 39931
30935 465 39932 39933
30936 465 39932 39934
30937 465 39935 39936
30938 465 39935 39937
30939 465 39938 39939
30940 465 39938 39940
30941 465 39941 39942
30942 465 39941 39943
30943 465 39944 39945
30944 465 39944 39946
30945 465 39947 39948
30946 465 39947 39949
30947 465 39950 39951
30948 465 39950 39952
30949 465 39953 39954
30950 465 39953 39955
30951 465 39956 39957
30952 465 39956 39958
30953 465 39959 39960
30954 465 39959 39961
30955 465 39962 39963
30956 465 39962 39964
30957 465 39965 39966
30958 465 39965 39967
30959 465 39968 39969
30960 465 39968 39970
30961 465 39971 39972
30962 465 39971 39973
30963 465 39974 39975
30964 465 39974 39976
30965 465 39977 39978
30966 465 39977 39979
30967 465 39980 39981
30968 465 39980 39982
30969 465 39983 39984
30970 465 39983 39985
30971 465 39986 39987
30972 465 39986 39988
30973 465 39989 39990
30974 465 39989 39991
30975 465 39992 39993
30976 465 39992 39994
30977 465 39995 39996
30978 465 39995 39997
30979 465 39998 39999
30980 465 39998 40000
30981 465 40001 40002
30982 465 40001 40003
30983 465 40004 40005
30984 465 40004 40006
30985 465 40007 40008
30986 465 40007 40009
30987 465 40010 40011
30988 465 40010 40012
30989 465 40013 40014
30990 465 40013 40015
30991 465 40016 40017
30992 465 40016 40018
30993 465 40019 40020
30994 465 40019 40021
30995 465 40022 40023
30996 465 40022 40024
30997 465 40025 40026
30998 465 40025 40027
30999 465 40028 40029
31000 465 40028 40030
31001 465 40031 40032
31002 465 40031 40033
31003 465 40034 40035
31004 465 40034 40036
31005 465 40037 40038
31006 465 40037 40039
31007 465 40040 40041
31008 465 40040 40042
31009 465 40043 40044
31010 465 40043 40045
31011 465 40046 40047
31012 465 40046 40048
31013 465 40049 40050
31014 465 40049 40051
31015 465 40052 40053
31016 465 40052 40054
31017 465 40055 40056
31018 465 40055 40057
31019 465 40058 40059
31020 465 40058 40060
31021 465 40061 40062
31022 465 40061 40063
31023 465 40064 40065
31024 465 40064 40066
31025 465 40067 40068
31026 465 40067 40069
31027 465 40070 40071
31028 465 40070 40072
31029 465 40073 40074
31030 465 40073 40075
31031 465 40076 40077
31032 465 40076 40078
31033 465 40079 40080
31034 465 40079 40081
31035 465 40082 40083
31036 465 40082 40084
31037 465 40085 40086
31038 465 40085 40087
31039 465 40088 40089
31040 465 40088 40090
31041 465 40091 40092
31042 465 40091 40093
31043 465 40094 40095
31044 465 40094 40096
31045 465 40097 40098
31046 465 40097 40099
31047 465 40100 40101
31048 465 40100 40102
31049 465 40103 40104
31050 465 40103 40105
31051 465 40106 40107
31052 465 40106 40108
31053 465 40109 40110
31054 465 40109 40111
31055 465 40112 40113
31056 465 40112 40114
31057 465 40115 40116
31058 465 40115 40117
31059 465 40118 40119
31060 465 40118 40120
31061 465 40121 40122
31062 465 40121 40123
31063 465 40124 40125
31064 465 40124 40126
31065 465 40127 40128
31066 465 40127 40129
31067 465 40130 40131
31068 465 40130 40132
31069 465 40133 40134
31070 465 40133 40135
31071 465 40136 40137
31072 465 40136 40138
31073 465 40139 40140
31074 465 40139 40141
31075 465 40142 40143
31076 465 40142 40144
31077 465 40145 40146
31078 465 40145 40147
31079 465 40148 40149
31080 465 40148 40150
31081 465 40151 40152
31082 465 40151 40153
31083 465 40154 40155
31084 465 40154 40156
31085 465 40157 40158
31086 465 40157 40159
31087 465 40160 40161
31088 465 40160 40162
31089 465 40163 40164
31090 465 40163 40165
31091 465 40166 40167
31092 465 40166 40168
31093 465 40169 40170
31094 465 40169 40171
31095 465 40172 40173
31096 465 40172 40174
31097 465 40175 40176
31098 465 40175 40177
31099 465 40178 40179
31100 465 40178 40180
31101 465 40181 40182
31102 465 40181 40183
31103 465 40184 40185
31104 465 40184 40186
31105 465 40187 40188
31106 465 40187 40189
31107 465 40190 40191
31108 465 40190 40192
31109 465 40193 40194
31110 465 40193 40195
31111 465 40196 40197
31112 465 40196 40198
31113 465 40199 40200
31114 465 40199 40201
31115 465 40202 40203
31116 465 40202 40204
31117 465 40205 40206
31118 465 40205 40207
31119 465 40208 40209
31120 465 40208 40210
31121 465 40211 40212
31122 465 40211 40213
31123 465 40214 40215
31124 465 40214 40216
31125 465 40217 40218
31126 465 40217 40219
31127 465 40220 40221
31128 465 40220 40222
31129 465 40223 40224
31130 465 40223 40225
31131 465 40226 40227
31132 465 40226 40228
31133 465 40229 40230
31134 465 40229 40231
31135 465 40232 40233
31136 465 40232 40234
31137 465 40235 40236
31138 465 40235 40237
31139 465 40238 40239
31140 465 40238 40240
31141 465 40241 40242
31142 465 40241 40243
31143 465 40244 40245
31144 465 40244 40246
31145 465 40247 40248
31146 465 40247 40249
31147 465 40250 40251
31148 465 40250 40252
31149 465 40253 40254
31150 465 40253 40255
31151 465 40256 40257
31152 465 40256 40258
31153 465 40259 40260
31154 465 40259 40261
31155 465 40262 40263
31156 465 40262 40264
31157 465 40265 40266
31158 465 40265 40267
31159 465 40268 40269
31160 465 40268 40270
31161 465 40271 40272
31162 465 40271 40273
31163 465 40274 40275
31164 465 40274 40276
31165 465 40277 40278
31166 465 40277 40279
31167 465 40280 40281
31168 465 40280 40282
31169 465 40283 40284
31170 465 40283 40285
31171 465 40286 40287
31172 465 40286 40288
31173 465 40289 40290
31174 465 40289 40291
31175 465 40292 40293
31176 465 40292 40294
31177 465 40295 40296
31178 465 40295 40297
31179 465 40298 40299
31180 465 40298 40300
31181 465 40301 40302
31182 465 40301 40303
31183 465 40304 40305
31184 465 40304 40306
31185 465 40307 40308
31186 465 40307 40309
31187 465 40310 40311
31188 465 40310 40312
31189 465 40313 40314
31190 465 40313 40315
31191 465 40316 40317
31192 465 40316 40318
31193 465 40319 40320
31194 465 40319 40321
31195 465 40322 40323
31196 465 40322 40324
31197 465 40325 40326
31198 465 40325 40327
31199 465 40328 40329
31200 465 40328 40330
31201 465 40331 40332
31202 465 40331 40333
31203 465 40334 40335
31204 465 40334 40336
31205 465 40337 40338
31206 465 40337 40339
31207 465 40340 40341
31208 465 40340 40342
31209 465 40343 40344
31210 465 40343 40345
31211 465 40346 40347
31212 465 40346 40348
31213 465 40349 40350
31214 465 40349 40351
31215 465 40352 40353
31216 465 40352 40354
31217 465 40355 40356
31218 465 40355 40357
31219 465 40358 40359
31220 465 40358 40360
31221 465 40361 40362
31222 465 40361 40363
31223 465 40364 40365
31224 465 40364 40366
31225 465 40367 40368
31226 465 40367 40369
31227 465 40370 40371
31228 465 40370 40372
31229 465 40373 40374
31230 465 40373 40375
31231 465 40376 40377
31232 465 40376 40378
31233 465 40379 40380
31234 465 40379 40381
31235 465 40382 40383
31236 465 40382 40384
31237 465 40385 40386
31238 465 40385 40387
31239 465 40388 40389
31240 465 40388 40390
31241 465 40391 40392
31242 465 40391 40393
31243 465 40394 40395
31244 465 40394 40396
31245 465 40397 40398
31246 465 40397 40399
31247 465 40400 40401
31248 465 40400 40402
31249 465 40403 40404
31250 465 40403 40405
31251 465 40406 40407
31252 465 40406 40408
31253 465 40409 40410
31254 465 40409 40411
31255 465 40412 40413
31256 465 40412 40414
31257 465 40415 40416
31258 465 40415 40417
31259 465 40418 40419
31260 465 40418 40420
31261 465 40421 40422
31262 465 40421 40423
31263 465 40424 40425
31264 465 40424 40426
31265 465 40427 40428
31266 465 40427 40429
31267 465 40430 40431
31268 465 40430 40432
31269 465 40433 40434
31270 465 40433 40435
31271 465 40436 40437
31272 465 40436 40438
31273 465 40439 40440
31274 465 40439 40441
31275 465 40442 40443
31276 465 40442 40444
31277 465 40445 40446
31278 465 40445 40447
31279 465 40448 40449
31280 465 40448 40450
31281 465 40451 40452
31282 465 40451 40453
31283 465 40454 40455
31284 465 40454 40456
31285 465 40457 40458
31286 465 40457 40459
31287 465 40460 40461
31288 465 40460 40462
31289 465 40463 40464
31290 465 40463 40465
31291 465 40466 40467
31292 465 40466 40468
31293 465 40469 40470
31294 465 40469 40471
31295 465 40472 40473
31296 465 40472 40474
31297 465 40475 40476
31298 465 40475 40477
31299 465 40478 40479
31300 465 40478 40480
31301 465 40481 40482
31302 465 40481 40483
31303 465 40484 40485
31304 465 40484 40486
31305 465 40487 40488
31306 465 40487 40489
31307 465 40490 40491
31308 465 40490 40492
31309 465 40493 40494
31310 465 40493 40495
31311 465 40496 40497
31312 465 40496 40498
31313 465 40499 40500
31314 465 40499 40501
31315 465 40502 40503
31316 465 40502 40504
31317 465 40505 40506
31318 465 40505 40507
31319 465 40508 40509
31320 465 40508 40510
31321 465 40511 40512
31322 465 40511 40513
31323 465 40514 40515
31324 465 40514 40516
31325 465 40517 40518
31326 465 40517 40519
31327 465 40520 40521
31328 465 40520 40522
31329 465 40523 40524
31330 465 40523 40525
31331 465 40526 40527
31332 465 40526 40528
31333 465 40529 40530
31334 465 40529 40531
31335 465 40532 40533
31336 465 40532 40534
31337 465 40535 40536
31338 465 40535 40537
31339 465 40538 40539
31340 465 40538 40540
31341 465 40541 40542
31342 465 40541 40543
31343 465 40544 40545
31344 465 40544 40546
31345 465 40547 40548
31346 465 40547 40549
31347 465 40550 40551
31348 465 40550 40552
31349 465 40553 40554
31350 465 40553 40555
31351 465 40556 40557
31352 465 40556 40558
31353 465 40559 40560
31354 465 40559 40561
31355 465 40562 40563
31356 465 40562 40564
31357 465 40565 40566
31358 465 40565 40567
31359 465 40568 40569
31360 465 40568 40570
31361 465 40571 40572
31362 465 40571 40573
31363 465 40574 40575
31364 465 40574 40576
31365 465 40577 40578
31366 465 40577 40579
31367 465 40580 40581
31368 465 40580 40582
31369 465 40583 40584
31370 465 40583 40585
31371 465 40586 40587
31372 465 40586 40588
31373 465 40589 40590
31374 465 40589 40591
31375 465 40592 40593
31376 465 40592 40594
31377 465 40595 40596
31378 465 40595 40597
31379 465 40598 40599
31380 465 40598 40600
31381 465 40601 40602
31382 465 40601 40603
31383 465 40604 40605
31384 465 40604 40606
31385 465 40607 40608
31386 465 40607 40609
31387 465 40610 40611
31388 465 40610 40612
31389 465 40613 40614
31390 465 40613 40615
31391 465 40616 40617
31392 465 40616 40618
31393 465 40619 40620
31394 465 40619 40621
31395 465 40622 40623
31396 465 40622 40624
31397 465 40625 40626
31398 465 40625 40627
31399 465 40628 40629
31400 465 40628 40630
31401 465 40631 40632
31402 465 40631 40633
31403 465 40634 40635
31404 465 40634 40636
31405 465 40637 40638
31406 465 40637 40639
31407 465 40640 40641
31408 465 40640 40642
31409 465 40643 40644
31410 465 40643 40645
31411 465 40646 40647
31412 465 40646 40648
31413 465 40649 40650
31414 465 40649 40651
31415 465 40652 40653
31416 465 40652 40654
31417 465 40655 40656
31418 465 40655 40657
31419 465 40658 40659
31420 465 40658 40660
31421 465 40661 40662
31422 465 40661 40663
31423 465 40664 40665
31424 465 40664 40666
31425 465 40667 40668
31426 465 40667 40669
31427 465 40670 40671
31428 465 40670 40672
31429 465 40673 40674
31430 465 40673 40675
31431 465 40676 40677
31432 465 40676 40678
31433 465 40679 40680
31434 465 40679 40681
31435 465 40682 40683
31436 465 40682 40684
31437 465 40685 40686
31438 465 40685 40687
31439 465 40688 40689
31440 465 40688 40690
31441 465 40691 40692
31442 465 40691 40693
31443 465 40694 40695
31444 465 40694 40696
31445 465 40697 40698
31446 465 40697 40699
31447 465 40700 40701
31448 465 40700 40702
31449 465 40703 40704
31450 465 40703 40705
31451 465 40706 40707
31452 465 40706 40708
31453 465 40709 40710
31454 465 40709 40711
31455 465 40712 40713
31456 465 40712 40714
31457 465 40715 40716
31458 465 40715 40717
31459 465 40718 40719
31460 465 40718 40720
31461 465 40721 40722
31462 465 40721 40723
31463 465 40724 40725
31464 465 40724 40726
31465 465 40727 40728
31466 465 40727 40729
31467 465 40730 40731
31468 465 40730 40732
31469 465 40733 40734
31470 465 40733 40735
31471 465 40736 40737
31472 465 40736 40738
31473 465 40739 40740
31474 465 40739 40741
31475 465 40742 40743
31476 465 40742 40744
31477 465 40745 40746
31478 465 40745 40747
31479 465 40748 40749
31480 465 40748 40750
31481 465 40751 40752
31482 465 40751 40753
31483 465 40754 40755
31484 465 40754 40756
31485 465 40757 40758
31486 465 40757 40759
31487 465 40760 40761
31488 465 40760 40762
31489 465 40763 40764
31490 465 40763 40765
31491 465 40766 40767
31492 465 40766 40768
31493 465 40769 40770
31494 465 40769 40771
31495 465 40772 40773
31496 465 40772 40774
31497 465 40775 40776
31498 465 40775 40777
31499 465 40778 40779
31500 465 40778 40780
31501 465 40781 40782
31502 465 40781 40783
31503 465 40784 40785
31504 465 40784 40786
31505 465 40787 40788
31506 465 40787 40789
31507 465 40790 40791
31508 465 40790 40792
31509 465 40793 40794
31510 465 40793 40795
31511 465 40796 40797
31512 465 40796 40798
31513 465 40799 40800
31514 465 40799 40801
31515 465 40802 40803
31516 465 40802 40804
31517 465 40805 40806
31518 465 40805 40807
31519 465 40808 40809
31520 465 40808 40810
31521 465 40811 40812
31522 465 40811 40813
31523 465 40814 40815
31524 465 40814 40816
31525 465 40817 40818
31526 465 40817 40819
31527 465 40820 40821
31528 465 40820 40822
31529 465 40823 40824
31530 465 40823 40825
31531 465 40826 40827
31532 465 40826 40828
31533 465 40829 40830
31534 465 40829 40831
31535 465 40832 40833
31536 465 40832 40834
31537 465 40835 40836
31538 465 40835 40837
31539 465 40838 40839
31540 465 40838 40840
31541 465 40841 40842
31542 465 40841 40843
31543 465 40844 40845
31544 465 40844 40846
31545 465 40847 40848
31546 465 40847 40849
31547 465 40850 40851
31548 465 40850 40852
31549 465 40853 40854
31550 465 40853 40855
31551 465 40856 40857
31552 465 40856 40858
31553 465 40859 40860
31554 465 40859 40861
31555 465 40862 40863
31556 465 40862 40864
31557 465 40865 40866
31558 465 40865 40867
31559 465 40868 40869
31560 465 40868 40870
31561 465 40871 40872
31562 465 40871 40873
31563 465 40874 40875
31564 465 40874 40876
31565 465 40877 40878
31566 465 40877 40879
31567 465 40880 40881
31568 465 40880 40882
31569 465 40883 40884
31570 465 40883 40885
31571 465 40886 40887
31572 465 40886 40888
31573 465 40889 40890
31574 465 40889 40891
31575 465 40892 40893
31576 465 40892 40894
31577 465 40895 40896
31578 465 40895 40897
31579 465 40898 40899
31580 465 40898 40900
31581 465 40901 40902
31582 465 40901 40903
31583 465 40904 40905
31584 465 40904 40906
31585 465 40907 40908
31586 465 40907 40909
31587 465 40910 40911
31588 465 40910 40912
31589 465 40913 40914
31590 465 40913 40915
31591 465 40916 40917
31592 465 40916 40918
31593 465 40919 40920
31594 465 40919 40921
31595 465 40922 40923
31596 465 40922 40924
31597 465 40925 40926
31598 465 40925 40927
31599 465 40928 40929
31600 465 40928 40930
31601 465 40931 40932
31602 465 40931 40933
31603 465 40934 40935
31604 465 40934 40936
31605 465 40937 40938
31606 465 40937 40939
31607 465 40940 40941
31608 465 40940 40942
31609 465 40943 40944
31610 465 40943 40945
31611 465 40946 40947
31612 465 40946 40948
31613 465 40949 40950
31614 465 40949 40951
31615 465 40952 40953
31616 465 40952 40954
31617 465 40955 40956
31618 465 40955 40957
31619 465 40958 40959
31620 465 40958 40960
31621 465 40961 40962
31622 465 40961 40963
31623 465 40964 40965
31624 465 40964 40966
31625 465 40967 40968
31626 465 40967 40969
31627 465 40970 40971
31628 465 40970 40972
31629 465 40973 40974
31630 465 40973 40975
31631 465 40976 40977
31632 465 40976 40978
31633 465 40979 40980
31634 465 40979 40981
31635 465 40982 40983
31636 465 40982 40984
31637 465 40985 40986
31638 465 40985 40987
31639 465 40988 40989
31640 465 40988 40990
31641 465 40991 40992
31642 465 40991 40993
31643 465 40994 40995
31644 465 40994 40996
31645 465 40997 40998
31646 465 40997 40999
31647 465 41000 41001
31648 465 41000 41002
31649 465 41003 41004
31650 465 41003 41005
31651 465 41006 41007
31652 465 41006 41008
31653 465 41009 41010
31654 465 41009 41011
31655 465 41012 41013
31656 465 41012 41014
31657 465 41015 41016
31658 465 41015 41017
31659 465 41018 41019
31660 465 41018 41020
31661 465 41021 41022
31662 465 41021 41023
31663 465 41024 41025
31664 465 41024 41026
31665 465 41027 41028
31666 465 41027 41029
31667 465 41030 41031
31668 465 41030 41032
31669 465 41033 41034
31670 465 41033 41035
31671 465 41036 41037
31672 465 41036 41038
31673 465 41039 41040
31674 465 41039 41041
31675 465 41042 41043
31676 465 41042 41044
31677 465 41045 41046
31678 465 41045 41047
31679 465 41048 41049
31680 465 41048 41050
31681 465 41051 41052
31682 465 41051 41053
31683 465 41054 41055
31684 465 41054 41056
31685 465 41057 41058
31686 465 41057 41059
31687 465 41060 41061
31688 465 41060 41062
31689 465 41063 41064
31690 465 41063 41065
31691 465 41066 41067
31692 465 41066 41068
31693 465 41069 41070
31694 465 41069 41071
31695 465 41072 41073
31696 465 41072 41074
31697 465 41075 41076
31698 465 41075 41077
31699 465 41078 41079
31700 465 41078 41080
31701 465 41081 41082
31702 465 41081 41083
31703 465 41084 41085
31704 465 41084 41086
31705 465 41087 41088
31706 465 41087 41089
31707 465 41090 41091
31708 465 41090 41092
31709 465 41093 41094
31710 465 41093 41095
31711 465 41096 41097
31712 465 41096 41098
31713 465 41099 41100
31714 465 41099 41101
31715 465 41102 41103
31716 465 41102 41104
31717 465 41105 41106
31718 465 41105 41107
31719 465 41108 41109
31720 465 41108 41110
31721 465 41111 41112
31722 465 41111 41113
31723 465 41114 41115
31724 465 41114 41116
31725 465 41117 41118
31726 465 41117 41119
31727 465 41120 41121
31728 465 41120 41122
31729 465 41123 41124
31730 465 41123 41125
31731 465 41126 41127
31732 465 41126 41128
31733 465 41129 41130
31734 465 41129 41131
31735 465 41132 41133
31736 465 41132 41134
31737 465 41135 41136
31738 465 41135 41137
31739 465 41138 41139
31740 465 41138 41140
31741 465 41141 41142
31742 465 41141 41143
31743 465 41144 41145
31744 465 41144 41146
31745 465 41147 41148
31746 465 41147 41149
31747 465 41150 41151
31748 465 41150 41152
31749 465 41153 41154
31750 465 41153 41155
31751 465 41156 41157
31752 465 41156 41158
31753 465 41159 41160
31754 465 41159 41161
31755 465 41162 41163
31756 465 41162 41164
31757 465 41165 41166
31758 465 41165 41167
31759 465 41168 41169
31760 465 41168 41170
31761 465 41171 41172
31762 465 41171 41173
31763 465 41174 41175
31764 465 41174 41176
31765 465 41177 41178
31766 465 41177 41179
31767 465 41180 41181
31768 465 41180 41182
31769 465 41183 41184
31770 465 41183 41185
31771 465 41186 41187
31772 465 41186 41188
31773 465 41189 41190
31774 465 41189 41191
31775 465 41192 41193
31776 465 41192 41194
31777 465 41195 41196
31778 465 41195 41197
31779 465 41198 41199
31780 465 41198 41200
31781 465 41201 41202
31782 465 41201 41203
31783 465 41204 41205
31784 465 41204 41206
31785 465 41207 41208
31786 465 41207 41209
31787 465 41210 41211
31788 465 41210 41212
31789 465 41213 41214
31790 465 41213 41215
31791 465 41216 41217
31792 465 41216 41218
31793 465 41219 41220
31794 465 41219 41221
31795 465 41222 41223
31796 465 41222 41224
31797 465 41225 41226
31798 465 41225 41227
31799 465 41228 41229
31800 465 41228 41230
31801 465 41231 41232
31802 465 41231 41233
31803 465 41234 41235
31804 465 41234 41236
31805 465 41237 41238
31806 465 41237 41239
31807 465 41240 41241
31808 465 41240 41242
31809 465 41243 41244
31810 465 41243 41245
31811 465 41246 41247
31812 465 41246 41248
31813 465 41249 41250
31814 465 41249 41251
31815 465 41252 41253
31816 465 41252 41254
31817 465 41255 41256
31818 465 41255 41257
31819 465 41258 41259
31820 465 41258 41260
31821 465 41261 41262
31822 465 41261 41263
31823 465 41264 41265
31824 465 41264 41266
31825 465 41267 41268
31826 465 41267 41269
31827 465 41270 41271
31828 465 41270 41272
31829 465 41273 41274
31830 465 41273 41275
31831 465 41276 41277
31832 465 41276 41278
31833 465 41279 41280
31834 465 41279 41281
31835 465 41282 41283
31836 465 41282 41284
31837 465 41285 41286
31838 465 41285 41287
31839 465 41288 41289
31840 465 41288 41290
31841 465 41291 41292
31842 465 41291 41293
31843 465 41294 41295
31844 465 41294 41296
31845 465 41297 41298
31846 465 41297 41299
31847 465 41300 41301
31848 465 41300 41302
31849 465 41303 41304
31850 465 41303 41305
31851 465 41306 41307
31852 465 41306 41308
31853 465 41309 41310
31854 465 41309 41311
31855 465 41312 41313
31856 465 41312 41314
31857 465 41315 41316
31858 465 41315 41317
31859 465 41318 41319
31860 465 41318 41320
31861 465 41321 41322
31862 465 41321 41323
31863 465 41324 41325
31864 465 41324 41326
31865 465 41327 41328
31866 465 41327 41329
31867 465 41330 41331
31868 465 41330 41332
31869 465 41333 41334
31870 465 41333 41335
31871 465 41336 41337
31872 465 41336 41338
31873 465 41339 41340
31874 465 41339 41341
31875 465 41342 41343
31876 465 41342 41344
31877 465 41345 41346
31878 465 41345 41347
31879 465 41348 41349
31880 465 41348 41350
31881 465 41351 41352
31882 465 41351 41353
31883 465 41354 41355
31884 465 41354 41356
31885 465 41357 41358
31886 465 41357 41359
31887 465 41360 41361
31888 465 41360 41362
31889 465 41363 41364
31890 465 41363 41365
31891 465 41366 41367
31892 465 41366 41368
31893 465 41369 41370
31894 465 41369 41371
31895 465 41372 41373
31896 465 41372 41374
31897 465 41375 41376
31898 465 41375 41377
31899 465 41378 41379
31900 465 41378 41380
31901 465 41381 41382
31902 465 41381 41383
31903 465 41384 41385
31904 465 41384 41386
31905 465 41387 41388
31906 465 41387 41389
31907 465 41390 41391
31908 465 41390 41392
31909 465 41393 41394
31910 465 41393 41395
31911 465 41396 41397
31912 465 41396 41398
31913 465 41399 41400
31914 465 41399 41401
31915 465 41402 41403
31916 465 41402 41404
31917 465 41405 41406
31918 465 41405 41407
31919 465 41408 41409
31920 465 41408 41410
31921 465 41411 41412
31922 465 41411 41413
31923 465 41414 41415
31924 465 41414 41416
31925 465 41417 41418
31926 465 41417 41419
31927 465 41420 41421
31928 465 41420 41422
31929 465 41423 41424
31930 465 41423 41425
31931 465 41426 41427
31932 465 41426 41428
31933 465 41429 41430
31934 465 41429 41431
31935 465 41432 41433
31936 465 41432 41434
31937 465 41435 41436
31938 465 41435 41437
31939 465 41438 41439
31940 465 41438 41440
31941 465 41441 41442
31942 465 41441 41443
31943 465 41444 41445
31944 465 41444 41446
31945 465 41447 41448
31946 465 41447 41449
31947 465 41450 41451
31948 465 41450 41452
31949 465 41453 41454
31950 465 41453 41455
31951 465 41456 41457
31952 465 41456 41458
31953 465 41459 41460
31954 465 41459 41461
31955 465 41462 41463
31956 465 41462 41464
31957 465 41465 41466
31958 465 41465 41467
31959 465 41468 41469
31960 465 41468 41470
31961 465 41471 41472
31962 465 41471 41473
31963 465 41474 41475
31964 465 41474 41476
31965 465 41477 41478
31966 465 41477 41479
31967 465 41480 41481
31968 465 41480 41482
31969 465 41483 41484
31970 465 41483 41485
31971 465 41486 41487
31972 465 41486 41488
31973 465 41489 41490
31974 465 41489 41491
31975 465 41492 41493
31976 465 41492 41494
31977 465 41495 41496
31978 465 41495 41497
31979 465 41498 41499
31980 465 41498 41500
31981 465 41501 41502
31982 465 41501 41503
31983 465 41504 41505
31984 465 41504 41506
31985 465 41507 41508
31986 465 41507 41509
31987 465 41510 41511
31988 465 41510 41512
31989 465 41513 41514
31990 465 41513 41515
31991 465 41516 41517
31992 465 41516 41518
31993 465 41519 41520
31994 465 41519 41521
31995 465 41522 41523
31996 465 41522 41524
31997 465 41525 41526
31998 465 41525 41527
31999 465 41528 41529
32000 465 41528 41530
32001 465 41531 41532
32002 465 41531 41533
32003 465 41534 41535
32004 465 41534 41536
32005 465 41537 41538
32006 465 41537 41539
32007 465 41540 41541
32008 465 41540 41542
32009 465 41543 41544
32010 465 41543 41545
32011 465 41546 41547
32012 465 41546 41548
32013 465 41549 41550
32014 465 41549 41551
32015 465 41552 41553
32016 465 41552 41554
32017 465 41555 41556
32018 465 41555 41557
32019 465 41558 41559
32020 465 41558 41560
32021 465 41561 41562
32022 465 41561 41563
32023 465 41564 41565
32024 465 41564 41566
32025 465 41567 41568
32026 465 41567 41569
32027 465 41570 41571
32028 465 41570 41572
32029 465 41573 41574
32030 465 41573 41575
32031 465 41576 41577
32032 465 41576 41578
32033 465 41579 41580
32034 465 41579 41581
32035 465 41582 41583
32036 465 41582 41584
32037 465 41585 41586
32038 465 41585 41587
32039 465 41588 41589
32040 465 41588 41590
32041 465 41591 41592
32042 465 41591 41593
32043 465 41594 41595
32044 465 41594 41596
32045 465 41597 41598
32046 465 41597 41599
32047 465 41600 41601
32048 465 41600 41602
32049 465 41603 41604
32050 465 41603 41605
32051 465 41606 41607
32052 465 41606 41608
32053 465 41609 41610
32054 465 41609 41611
32055 465 41612 41613
32056 465 41612 41614
32057 465 41615 41616
32058 465 41615 41617
32059 465 41618 41619
32060 465 41618 41620
32061 465 41621 41622
32062 465 41621 41623
32063 465 41624 41625
32064 465 41624 41626
32065 465 41627 41628
32066 465 41627 41629
32067 465 41630 41631
32068 465 41630 41632
32069 465 41633 41634
32070 465 41633 41635
32071 465 41636 41637
32072 465 41636 41638
32073 465 41639 41640
32074 465 41639 41641
32075 465 41642 41643
32076 465 41642 41644
32077 465 41645 41646
32078 465 41645 41647
32079 465 41648 41649
32080 465 41648 41650
32081 465 41651 41652
32082 465 41651 41653
32083 465 41654 41655
32084 465 41654 41656
32085 465 41657 41658
32086 465 41657 41659
32087 465 41660 41661
32088 465 41660 41662
32089 465 41663 41664
32090 465 41663 41665
32091 465 41666 41667
32092 465 41666 41668
32093 465 41669 41670
32094 465 41669 41671
32095 465 41672 41673
32096 465 41672 41674
32097 465 41675 41676
32098 465 41675 41677
32099 465 41678 41679
32100 465 41678 41680
32101 465 41681 41682
32102 465 41681 41683
32103 465 41684 41685
32104 465 41684 41686
32105 465 41687 41688
32106 465 41687 41689
32107 465 41690 41691
32108 465 41690 41692
32109 465 41693 41694
32110 465 41693 41695
32111 465 41696 41697
32112 465 41696 41698
32113 465 41699 41700
32114 465 41699 41701
32115 465 41702 41703
32116 465 41702 41704
32117 465 41705 41706
32118 465 41705 41707
32119 465 41708 41709
32120 465 41708 41710
32121 465 41711 41712
32122 465 41711 41713
32123 465 41714 41715
32124 465 41714 41716
32125 465 41717 41718
32126 465 41717 41719
32127 465 41720 41721
32128 465 41720 41722
32129 465 41723 41724
32130 465 41723 41725
32131 465 41726 41727
32132 465 41726 41728
32133 465 41729 41730
32134 465 41729 41731
32135 465 41732 41733
32136 465 41732 41734
32137 465 41735 41736
32138 465 41735 41737
32139 465 41738 41739
32140 465 41738 41740
32141 465 41741 41742
32142 465 41741 41743
32143 465 41744 41745
32144 465 41744 41746
32145 465 41747 41748
32146 465 41747 41749
32147 465 41750 41751
32148 465 41750 41752
32149 465 41753 41754
32150 465 41753 41755
32151 465 41756 41757
32152 465 41756 41758
32153 465 41759 41760
32154 465 41759 41761
32155 465 41762 41763
32156 465 41762 41764
32157 465 41765 41766
32158 465 41765 41767
32159 465 41768 41769
32160 465 41768 41770
32161 465 41771 41772
32162 465 41771 41773
32163 465 41774 41775
32164 465 41774 41776
32165 465 41777 41778
32166 465 41777 41779
32167 465 41780 41781
32168 465 41780 41782
32169 465 41783 41784
32170 465 41783 41785
32171 465 41786 41787
32172 465 41786 41788
32173 465 41789 41790
32174 465 41789 41791
32175 465 41792 41793
32176 465 41792 41794
32177 465 41795 41796
32178 465 41795 41797
32179 465 41798 41799
32180 465 41798 41800
32181 465 41801 41802
32182 465 41801 41803
32183 465 41804 41805
32184 465 41804 41806
32185 465 41807 41808
32186 465 41807 41809
32187 465 41810 41811
32188 465 41810 41812
32189 465 41813 41814
32190 465 41813 41815
32191 465 41816 41817
32192 465 41816 41818
32193 465 41819 41820
32194 465 41819 41821
32195 465 41822 41823
32196 465 41822 41824
32197 465 41825 41826
32198 465 41825 41827
32199 465 41828 41829
32200 465 41828 41830
32201 465 41831 41832
32202 465 41831 41833
32203 465 41834 41835
32204 465 41834 41836
32205 465 41837 41838
32206 465 41837 41839
32207 465 41840 41841
32208 465 41840 41842
32209 465 41843 41844
32210 465 41843 41845
32211 465 41846 41847
32212 465 41846 41848
32213 465 41849 41850
32214 465 41849 41851
32215 465 41852 41853
32216 465 41852 41854
32217 465 41855 41856
32218 465 41855 41857
32219 465 41858 41859
32220 465 41858 41860
32221 465 41861 41862
32222 465 41861 41863
32223 465 41864 41865
32224 465 41864 41866
32225 465 41867 41868
32226 465 41867 41869
32227 465 41870 41871
32228 465 41870 41872
32229 465 41873 41874
32230 465 41873 41875
32231 465 41876 41877
32232 465 41876 41878
32233 465 41879 41880
32234 465 41879 41881
32235 465 41882 41883
32236 465 41882 41884
32237 465 41885 41886
32238 465 41885 41887
32239 465 41888 41889
32240 465 41888 41890
32241 465 41891 41892
32242 465 41891 41893
32243 465 41894 41895
32244 465 41894 41896
32245 465 41897 41898
32246 465 41897 41899
32247 465 41900 41901
32248 465 41900 41902
32249 465 41903 41904
32250 465 41903 41905
32251 465 41906 41907
32252 465 41906 41908
32253 465 41909 41910
32254 465 41909 41911
32255 465 41912 41913
32256 465 41912 41914
32257 465 41915 41916
32258 465 41915 41917
32259 465 41918 41919
32260 465 41918 41920
32261 465 41921 41922
32262 465 41921 41923
32263 465 41924 41925
32264 465 41924 41926
32265 465 41927 41928
32266 465 41927 41929
32267 465 41930 41931
32268 465 41930 41932
32269 465 41933 41934
32270 465 41933 41935
32271 465 41936 41937
32272 465 41936 41938
32273 465 41939 41940
32274 465 41939 41941
32275 465 41942 41943
32276 465 41942 41944
32277 465 41945 41946
32278 465 41945 41947
32279 465 41948 41949
32280 465 41948 41950
32281 465 41951 41952
32282 465 41951 41953
32283 465 41954 41955
32284 465 41954 41956
32285 465 41957 41958
32286 465 41957 41959
32287 465 41960 41961
32288 465 41960 41962
32289 465 41963 41964
32290 465 41963 41965
32291 465 41966 41967
32292 465 41966 41968
32293 465 41969 41970
32294 465 41969 41971
32295 465 41972 41973
32296 465 41972 41974
32297 465 41975 41976
32298 465 41975 41977
32299 465 41978 41979
32300 465 41978 41980
32301 465 41981 41982
32302 465 41981 41983
32303 465 41984 41985
32304 465 41984 41986
32305 465 41987 41988
32306 465 41987 41989
32307 465 41990 41991
32308 465 41990 41992
32309 465 41993 41994
32310 465 41993 41995
32311 465 41996 41997
32312 465 41996 41998
32313 465 41999 42000
32314 465 41999 42001
32315 465 42002 42003
32316 465 42002 42004
32317 465 42005 42006
32318 465 42005 42007
32319 465 42008 42009
32320 465 42008 42010
32321 465 42011 42012
32322 465 42011 42013
32323 465 42014 42015
32324 465 42014 42016
32325 465 42017 42018
32326 465 42017 42019
32327 465 42020 42021
32328 465 42020 42022
32329 465 42023 42024
32330 465 42023 42025
32331 465 42026 42027
32332 465 42026 42028
32333 465 42029 42030
32334 465 42029 42031
32335 465 42032 42033
32336 465 42032 42034
32337 465 42035 42036
32338 465 42035 42037
32339 465 42038 42039
32340 465 42038 42040
32341 465 42041 42042
32342 465 42041 42043
32343 465 42044 42045
32344 465 42044 42046
32345 465 42047 42048
32346 465 42047 42049
32347 465 42050 42051
32348 465 42050 42052
32349 465 42053 42054
32350 465 42053 42055
32351 465 42056 42057
32352 465 42056 42058
32353 465 42059 42060
32354 465 42059 42061
32355 465 42062 42063
32356 465 42062 42064
32357 465 42065 42066
32358 465 42065 42067
32359 465 42068 42069
32360 465 42068 42070
32361 465 42071 42072
32362 465 42071 42073
32363 465 42074 42075
32364 465 42074 42076
32365 465 42077 42078
32366 465 42077 42079
32367 465 42080 42081
32368 465 42080 42082
32369 465 42083 42084
32370 465 42083 42085
32371 465 42086 42087
32372 465 42086 42088
32373 465 42089 42090
32374 465 42089 42091
32375 465 42092 42093
32376 465 42092 42094
32377 465 42095 42096
32378 465 42095 42097
32379 465 42098 42099
32380 465 42098 42100
32381 465 42101 42102
32382 465 42101 42103
32383 465 42104 42105
32384 465 42104 42106
32385 465 42107 42108
32386 465 42107 42109
32387 465 42110 42111
32388 465 42110 42112
32389 465 42113 42114
32390 465 42113 42115
32391 465 42116 42117
32392 465 42116 42118
32393 465 42119 42120
32394 465 42119 42121
32395 465 42122 42123
32396 465 42122 42124
32397 465 42125 42126
32398 465 42125 42127
32399 465 42128 42129
32400 465 42128 42130
32401 465 42131 42132
32402 465 42131 42133
32403 465 42134 42135
32404 465 42134 42136
32405 465 42137 42138
32406 465 42137 42139
32407 465 42140 42141
32408 465 42140 42142
32409 465 42143 42144
32410 465 42143 42145
32411 465 42146 42147
32412 465 42146 42148
32413 465 42149 42150
32414 465 42149 42151
32415 465 42152 42153
32416 465 42152 42154
32417 465 42155 42156
32418 465 42155 42157
32419 465 42158 42159
32420 465 42158 42160
32421 465 42161 42162
32422 465 42161 42163
32423 465 42164 42165
32424 465 42164 42166
32425 465 42167 42168
32426 465 42167 42169
32427 465 42170 42171
32428 465 42170 42172
32429 465 42173 42174
32430 465 42173 42175
32431 465 42176 42177
32432 465 42176 42178
32433 465 42179 42180
32434 465 42179 42181
32435 465 42182 42183
32436 465 42182 42184
32437 465 42185 42186
32438 465 42185 42187
32439 465 42188 42189
32440 465 42188 42190
32441 465 42191 42192
32442 465 42191 42193
32443 465 42194 42195
32444 465 42194 42196
32445 465 42197 42198
32446 465 42197 42199
32447 465 42200 42201
32448 465 42200 42202
32449 465 42203 42204
32450 465 42203 42205
32451 465 42206 42207
32452 465 42206 42208
32453 465 42209 42210
32454 465 42209 42211
32455 465 42212 42213
32456 465 42212 42214
32457 465 42215 42216
32458 465 42215 42217
32459 465 42218 42219
32460 465 42218 42220
32461 465 42221 42222
32462 465 42221 42223
32463 465 42224 42225
32464 465 42224 42226
32465 465 42227 42228
32466 465 42227 42229
32467 465 42230 42231
32468 465 42230 42232
32469 465 42233 42234
32470 465 42233 42235
32471 465 42236 42237
32472 465 42236 42238
32473 465 42239 42240
32474 465 42239 42241
32475 465 42242 42243
32476 465 42242 42244
32477 465 42245 42246
32478 465 42245 42247
32479 465 42248 42249
32480 465 42248 42250
32481 465 42251 42252
32482 465 42251 42253
32483 465 42254 42255
32484 465 42254 42256
32485 465 42257 42258
32486 465 42257 42259
32487 465 42260 42261
32488 465 42260 42262
32489 465 42263 42264
32490 465 42263 42265
32491 465 42266 42267
32492 465 42266 42268
32493 465 42269 42270
32494 465 42269 42271
32495 465 42272 42273
32496 465 42272 42274
32497 465 42275 42276
32498 465 42275 42277
32499 465 42278 42279
32500 465 42278 42280
32501 465 42281 42282
32502 465 42281 42283
32503 465 42284 42285
32504 465 42284 42286
32505 465 42287 42288
32506 465 42287 42289
32507 465 42290 42291
32508 465 42290 42292
32509 465 42293 42294
32510 465 42293 42295
32511 465 42296 42297
32512 465 42296 42298
32513 465 42299 42300
32514 465 42299 42301
32515 465 42302 42303
32516 465 42302 42304
32517 465 42305 42306
32518 465 42305 42307
32519 465 42308 42309
32520 465 42308 42310
32521 465 42311 42312
32522 465 42311 42313
32523 465 42314 42315
32524 465 42314 42316
32525 465 42317 42318
32526 465 42317 42319
32527 465 42320 42321
32528 465 42320 42322
32529 465 42323 42324
32530 465 42323 42325
32531 465 42326 42327
32532 465 42326 42328
32533 465 42329 42330
32534 465 42329 42331
32535 465 42332 42333
32536 465 42332 42334
32537 465 42335 42336
32538 465 42335 42337
32539 465 42338 42339
32540 465 42338 42340
32541 465 42341 42342
32542 465 42341 42343
32543 465 42344 42345
32544 465 42344 42346
32545 465 42347 42348
32546 465 42347 42349
32547 465 42350 42351
32548 465 42350 42352
32549 465 42353 42354
32550 465 42353 42355
32551 465 42356 42357
32552 465 42356 42358
32553 465 42359 42360
32554 465 42359 42361
32555 465 42362 42363
32556 465 42362 42364
32557 465 42365 42366
32558 465 42365 42367
32559 465 42368 42369
32560 465 42368 42370
32561 465 42371 42372
32562 465 42371 42373
32563 465 42374 42375
32564 465 42374 42376
32565 465 42377 42378
32566 465 42377 42379
32567 465 42380 42381
32568 465 42380 42382
32569 465 42383 42384
32570 465 42383 42385
32571 465 42386 42387
32572 465 42386 42388
32573 465 42389 42390
32574 465 42389 42391
32575 465 42392 42393
32576 465 42392 42394
32577 465 42395 42396
32578 465 42395 42397
32579 465 42398 42399
32580 465 42398 42400
32581 465 42401 42402
32582 465 42401 42403
32583 465 42404 42405
32584 465 42404 42406
32585 465 42407 42408
32586 465 42407 42409
32587 465 42410 42411
32588 465 42410 42412
32589 465 42413 42414
32590 465 42413 42415
32591 465 42416 42417
32592 465 42416 42418
32593 465 42419 42420
32594 465 42419 42421
32595 465 42422 42423
32596 465 42422 42424
32597 465 42425 42426
32598 465 42425 42427
32599 465 42428 42429
32600 465 42428 42430
32601 465 42431 42432
32602 465 42431 42433
32603 465 42434 42435
32604 465 42434 42436
32605 465 42437 42438
32606 465 42437 42439
32607 465 42440 42441
32608 465 42440 42442
32609 465 42443 42444
32610 465 42443 42445
32611 465 42446 42447
32612 465 42446 42448
32613 465 42449 42450
32614 465 42449 42451
32615 465 42452 42453
32616 465 42452 42454
32617 465 42455 42456
32618 465 42455 42457
32619 465 42458 42459
32620 465 42458 42460
32621 465 42461 42462
32622 465 42461 42463
32623 465 42464 42465
32624 465 42464 42466
32625 465 42467 42468
32626 465 42467 42469
32627 465 42470 42471
32628 465 42470 42472
32629 465 42473 42474
32630 465 42473 42475
32631 465 42476 42477
32632 465 42476 42478
32633 465 42479 42480
32634 465 42479 42481
32635 465 42482 42483
32636 465 42482 42484
32637 465 42485 42486
32638 465 42485 42487
32639 465 42488 42489
32640 465 42488 42490
32641 465 42491 42492
32642 465 42491 42493
32643 465 42494 42495
32644 465 42494 42496
32645 465 42497 42498
32646 465 42497 42499
32647 465 42500 42501
32648 465 42500 42502
32649 465 42503 42504
32650 465 42503 42505
32651 465 42506 42507
32652 465 42506 42508
32653 465 42509 42510
32654 465 42509 42511
32655 465 42512 42513
32656 465 42512 42514
32657 465 42515 42516
32658 465 42515 42517
32659 465 42518 42519
32660 465 42518 42520
32661 465 42521 42522
32662 465 42521 42523
32663 465 42524 42525
32664 465 42524 42526
32665 465 42527 42528
32666 465 42527 42529
32667 465 42530 42531
32668 465 42530 42532
32669 465 42533 42534
32670 465 42533 42535
32671 465 42536 42537
32672 465 42536 42538
32673 465 42539 42540
32674 465 42539 42541
32675 465 42542 42543
32676 465 42542 42544
32677 465 42545 42546
32678 465 42545 42547
32679 465 42548 42549
32680 465 42548 42550
32681 465 42551 42552
32682 465 42551 42553
32683 465 42554 42555
32684 465 42554 42556
32685 465 42557 42558
32686 465 42557 42559
32687 465 42560 42561
32688 465 42560 42562
32689 465 42563 42564
32690 465 42563 42565
32691 465 42566 42567
32692 465 42566 42568
32693 465 42569 42570
32694 465 42569 42571
32695 465 42572 42573
32696 465 42572 42574
32697 465 42575 42576
32698 465 42575 42577
32699 465 42578 42579
32700 465 42578 42580
32701 465 42581 42582
32702 465 42581 42583
32703 465 42584 42585
32704 465 42584 42586
32705 465 42587 42588
32706 465 42587 42589
32707 465 42590 42591
32708 465 42590 42592
32709 465 42593 42594
32710 465 42593 42595
32711 465 42596 42597
32712 465 42596 42598
32713 465 42599 42600
32714 465 42599 42601
32715 465 42602 42603
32716 465 42602 42604
32717 465 42605 42606
32718 465 42605 42607
32719 465 42608 42609
32720 465 42608 42610
32721 465 42611 42612
32722 465 42611 42613
32723 465 42614 42615
32724 465 42614 42616
32725 465 42617 42618
32726 465 42617 42619
32727 465 42620 42621
32728 465 42620 42622
32729 465 42623 42624
32730 465 42623 42625
32731 465 42626 42627
32732 465 42626 42628
32733 465 42629 42630
32734 465 42629 42631
32735 465 42632 42633
32736 465 42632 42634
32737 465 42635 42636
32738 465 42635 42637
32739 465 42638 42639
32740 465 42638 42640
32741 465 42641 42642
32742 465 42641 42643
32743 465 42644 42645
32744 465 42644 42646
32745 465 42647 42648
32746 465 42647 42649
32747 465 42650 42651
32748 465 42650 42652
32749 465 42653 42654
32750 465 42653 42655
32751 465 42656 42657
32752 465 42656 42658
32753 465 42659 42660
32754 465 42659 42661
32755 465 42662 42663
32756 465 42662 42664
32757 465 42665 42666
32758 465 42665 42667
32759 465 42668 42669
32760 465 42668 42670
32761 465 42671 42672
32762 465 42671 42673
32763 465 42674 42675
32764 465 42674 42676
32765 465 42677 42678
32766 465 42677 42679
32767 465 42680 42681
32768 465 42680 42682
32769 465 42683 42684
32770 465 42683 42685
32771 465 42686 42687
32772 465 42686 42688
32773 465 42689 42690
32774 465 42689 42691
32775 465 42692 42693
32776 465 42692 42694
32777 465 42695 42696
32778 465 42695 42697
32779 465 42698 42699
32780 465 42698 42700
32781 465 42701 42702
32782 465 42701 42703
32783 465 42704 42705
32784 465 42704 42706
32785 465 42707 42708
32786 465 42707 42709
32787 465 42710 42711
32788 465 42710 42712
32789 465 42713 42714
32790 465 42713 42715
32791 465 42716 42717
32792 465 42716 42718
32793 465 42719 42720
32794 465 42719 42721
32795 465 42722 42723
32796 465 42722 42724
32797 465 42725 42726
32798 465 42725 42727
32799 465 42728 42729
32800 465 42728 42730
32801 465 42731 42732
32802 465 42731 42733
32803 465 42734 42735
32804 465 42734 42736
32805 465 42737 42738
32806 465 42737 42739
32807 465 42740 42741
32808 465 42740 42742
32809 465 42743 42744
32810 465 42743 42745
32811 465 42746 42747
32812 465 42746 42748
32813 465 42749 42750
32814 465 42749 42751
32815 465 42752 42753
32816 465 42752 42754
32817 465 42755 42756
32818 465 42755 42757
32819 465 42758 42759
32820 465 42758 42760
32821 465 42761 42762
32822 465 42761 42763
32823 465 42764 42765
32824 465 42764 42766
32825 465 42767 42768
32826 465 42767 42769
32827 465 42770 42771
32828 465 42770 42772
32829 465 42773 42774
32830 465 42773 42775
32831 465 42776 42777
32832 465 42776 42778
32833 465 42779 42780
32834 465 42779 42781
32835 465 42782 42783
32836 465 42782 42784
32837 465 42785 42786
32838 465 42785 42787
32839 465 42788 42789
32840 465 42788 42790
32841 465 42791 42792
32842 465 42791 42793
32843 465 42794 42795
32844 465 42794 42796
32845 465 42797 42798
32846 465 42797 42799
32847 465 42800 42801
32848 465 42800 42802
32849 465 42803 42804
32850 465 42803 42805
32851 465 42806 42807
32852 465 42806 42808
32853 465 42809 42810
32854 465 42809 42811
32855 465 42812 42813
32856 465 42812 42814
32857 465 42815 42816
32858 465 42815 42817
32859 465 42818 42819
32860 465 42818 42820
32861 465 42821 42822
32862 465 42821 42823
32863 465 42824 42825
32864 465 42824 42826
32865 465 42827 42828
32866 465 42827 42829
32867 465 42830 42831
32868 465 42830 42832
32869 465 42833 42834
32870 465 42833 42835
32871 465 42836 42837
32872 465 42836 42838
32873 465 42839 42840
32874 465 42839 42841
32875 465 42842 42843
32876 465 42842 42844
32877 465 42845 42846
32878 465 42845 42847
32879 465 42848 42849
32880 465 42848 42850
32881 465 42851 42852
32882 465 42851 42853
32883 465 42854 42855
32884 465 42854 42856
32885 465 42857 42858
32886 465 42857 42859
32887 465 42860 42861
32888 465 42860 42862
32889 465 42863 42864
32890 465 42863 42865
32891 465 42866 42867
32892 465 42866 42868
32893 465 42869 42870
32894 465 42869 42871
32895 465 42872 42873
32896 465 42872 42874
32897 465 42875 42876
32898 465 42875 42877
32899 465 42878 42879
32900 465 42878 42880
32901 465 42881 42882
32902 465 42881 42883
32903 465 42884 42885
32904 465 42884 42886
32905 465 42887 42888
32906 465 42887 42889
32907 465 42890 42891
32908 465 42890 42892
32909 465 42893 42894
32910 465 42893 42895
32911 465 42896 42897
32912 465 42896 42898
32913 465 42899 42900
32914 465 42899 42901
32915 465 42902 42903
32916 465 42902 42904
32917 465 42905 42906
32918 465 42905 42907
32919 465 42908 42909
32920 465 42908 42910
32921 465 42911 42912
32922 465 42911 42913
32923 465 42914 42915
32924 465 42914 42916
32925 465 42917 42918
32926 465 42917 42919
32927 465 42920 42921
32928 465 42920 42922
32929 465 42923 42924
32930 465 42923 42925
32931 465 42926 42927
32932 465 42926 42928
32933 465 42929 42930
32934 465 42929 42931
32935 465 42932 42933
32936 465 42932 42934
32937 465 42935 42936
32938 465 42935 42937
32939 465 42938 42939
32940 465 42938 42940
32941 465 42941 42942
32942 465 42941 42943
32943 465 42944 42945
32944 465 42944 42946
32945 465 42947 42948
32946 465 42947 42949
32947 465 42950 42951
32948 465 42950 42952
32949 465 42953 42954
32950 465 42953 42955
32951 465 42956 42957
32952 465 42956 42958
32953 465 42959 42960
32954 465 42959 42961
32955 465 42962 42963
32956 465 42962 42964
32957 465 42965 42966
32958 465 42965 42967
32959 465 42968 42969
32960 465 42968 42970
32961 465 42971 42972
32962 465 42971 42973
32963 465 42974 42975
32964 465 42974 42976
32965 465 42977 42978
32966 465 42977 42979
32967 465 42980 42981
32968 465 42980 42982
32969 465 42983 42984
32970 465 42983 42985
32971 465 42986 42987
32972 465 42986 42988
32973 465 42989 42990
32974 465 42989 42991
32975 465 42992 42993
32976 465 42992 42994
32977 465 42995 42996
32978 465 42995 42997
32979 465 42998 42999
32980 465 42998 43000
