    1     1  3
    2     2  3
    3     2  285
    4     3  4
    5     4  5
    6     4  286
    7     4  287
    8     5  6
    9     5  288
    10    5  289
    11    6  7
    12    6  290
    13    6  291
    14    7  31
    15    7  292
    16    7  293
    17    8  9
    18    8  63
    19    9  10
    20    9  294
    21    9  295
    22    10  31
    23    10  296
    24    10  297
    25    11  12
    26    11  15
    27    11  16
    28    12  13
    29    12  14
    30    12  94
    31    13  93
    32    13  298
    33    13  299
    34    14  300
    35    14  301
    36    14  302
    37    16  17
    38    17  18
    39    17  303
    40    17  304
    41    18  19
    42    18  29
    43    18  305
    44    19  306
    45    19  307
    46    19  308
    47    20  21
    48    20  24
    49    20  75
    50    20  309
    51    21  22
    52    21  310
    53    21  311
    54    22  23
    55    22  312
    56    22  313
    57    23  53
    58    24  25
    59    24  314
    60    24  315
    61    25  26
    62    25  316
    63    25  317
    64    26  27
    65    26  318
    66    26  319
    67    27  28
    68    27  320
    69    27  321
    70    28  29
    71    28  30
    72    31  147
    73    31  322
    74    32  33
    75    32  36
    76    32  37
    77    33  34
    78    33  35
    79    34  323
    80    34  324
    81    35  325
    82    35  326
    83    35  327
    84    37  38
    85    38  39
    86    38  328
    87    38  329
    88    39  40
    89    39  50
    90    39  330
    91    40  331
    92    40  332
    93    40  333
    94    41  42
    95    41  45
    96    41  53
    97    41  334
    98    42  43
    99    42  335
    100   42  336
    101   43  44
    102   43  337
    103   43  338
    104   44  52
    105   45  46
    106   45  339
    107   45  340
    108   46  47
    109   46  341
    110   46  342
    111   47  48
    112   47  343
    113   47  344
    114   48  49
    115   48  345
    116   48  346
    117   49  50
    118   49  51
    119   52  347
    120   52  348
    121   52  349
    122   54  55
    123   54  58
    124   54  59
    125   55  56
    126   55  57
    127   56  350
    128   56  351
    129   57  352
    130   57  353
    131   57  354
    132   59  60
    133   60  61
    134   60  355
    135   60  356
    136   61  62
    137   61  73
    138   61  357
    139   62  358
    140   62  359
    141   62  360
    142   63  64
    143   64  65
    144   64  68
    145   64  361
    146   65  66
    147   65  362
    148   65  363
    149   66  67
    150   66  364
    151   66  365
    152   67  75
    153   68  69
    154   68  366
    155   68  367
    156   69  70
    157   69  368
    158   69  369
    159   70  71
    160   70  370
    161   70  371
    162   71  72
    163   71  372
    164   71  373
    165   72  73
    166   72  74
    167   76  77
    168   76  87
    169   76  374
    170   76  375
    171   77  78
    172   77  376
    173   77  377
    174   78  79
    175   78  378
    176   78  379
    177   79  80
    178   79  380
    179   79  381
    180   80  81
    181   80  382
    182   80  383
    183   81  82
    184   81  384
    185   81  385
    186   82  83
    187   82  386
    188   82  387
    189   83  84
    190   83  388
    191   83  389
    192   84  85
    193   84  390
    194   84  391
    195   85  86
    196   85  392
    197   85  393
    198   86  90
    199   86  394
    200   86  395
    201   87  396
    202   87  397
    203   87  398
    204   88  89
    205   88  92
    206   88  93
    207   88  399
    208   89  90
    209   89  91
    210   92  400
    211   92  401
    212   92  402
    213   93  403
    214   93  404
    215   94  405
    216   94  406
    217   94  407
    218   95  97
    219   96  97
    220   96  408
    221   97  98
    222   98  99
    223   98  409
    224   98  410
    225   99  100
    226   99  411
    227   99  412
    228   100  101
    229   100  413
    230   100  414
    231   101  126
    232   101  415
    233   101  416
    234   102  103
    235   102  158
    236   103  104
    237   103  417
    238   103  418
    239   104  126
    240   104  419
    241   104  420
    242   105  106
    243   105  109
    244   105  110
    245   106  107
    246   106  108
    247   106  189
    248   107  188
    249   107  421
    250   107  422
    251   108  423
    252   108  424
    253   108  425
    254   110  111
    255   111  112
    256   111  426
    257   111  427
    258   112  113
    259   112  123
    260   112  428
    261   113  429
    262   113  430
    263   113  431
    264   114  115
    265   114  118
    266   114  170
    267   114  432
    268   115  116
    269   115  433
    270   115  434
    271   116  117
    272   116  435
    273   116  436
    274   117  148
    275   118  119
    276   118  437
    277   118  438
    278   119  120
    279   119  439
    280   119  440
    281   120  121
    282   120  441
    283   120  442
    284   121  122
    285   121  443
    286   121  444
    287   122  123
    288   122  124
    289   125  126
    290   125  235
    291   126  445
    292   127  128
    293   127  131
    294   127  132
    295   128  129
    296   128  130
    297   129  446
    298   129  447
    299   130  448
    300   130  449
    301   130  450
    302   132  133
    303   133  134
    304   133  451
    305   133  452
    306   134  135
    307   134  145
    308   134  453
    309   135  454
    310   135  455
    311   135  456
    312   136  137
    313   136  140
    314   136  148
    315   136  457
    316   137  138
    317   137  458
    318   137  459
    319   138  139
    320   138  460
    321   138  461
    322   139  147
    323   140  141
    324   140  462
    325   140  463
    326   141  142
    327   141  464
    328   141  465
    329   142  143
    330   142  466
    331   142  467
    332   143  144
    333   143  468
    334   143  469
    335   144  145
    336   144  146
    337   149  150
    338   149  153
    339   149  154
    340   150  151
    341   150  152
    342   151  470
    343   151  471
    344   152  472
    345   152  473
    346   152  474
    347   154  155
    348   155  156
    349   155  475
    350   155  476
    351   156  157
    352   156  168
    353   156  477
    354   157  478
    355   157  479
    356   157  480
    357   158  159
    358   159  160
    359   159  163
    360   159  481
    361   160  161
    362   160  482
    363   160  483
    364   161  162
    365   161  484
    366   161  485
    367   162  170
    368   163  164
    369   163  486
    370   163  487
    371   164  165
    372   164  488
    373   164  489
    374   165  166
    375   165  490
    376   165  491
    377   166  167
    378   166  492
    379   166  493
    380   167  168
    381   167  169
    382   171  172
    383   171  182
    384   171  494
    385   171  495
    386   172  173
    387   172  496
    388   172  497
    389   173  174
    390   173  498
    391   173  499
    392   174  175
    393   174  500
    394   174  501
    395   175  176
    396   175  502
    397   175  503
    398   176  177
    399   176  504
    400   176  505
    401   177  178
    402   177  506
    403   177  507
    404   178  179
    405   178  508
    406   178  509
    407   179  180
    408   179  510
    409   179  511
    410   180  181
    411   180  512
    412   180  513
    413   181  185
    414   181  514
    415   181  515
    416   182  516
    417   182  517
    418   182  518
    419   183  184
    420   183  187
    421   183  188
    422   183  519
    423   184  185
    424   184  186
    425   187  520
    426   187  521
    427   187  522
    428   188  523
    429   188  524
    430   189  525
    431   189  526
    432   189  527
    433   190  192
    434   191  192
    435   191  528
    436   192  193
    437   193  194
    438   193  529
    439   193  530
    440   194  195
    441   194  531
    442   194  532
    443   195  196
    444   195  533
    445   195  534
    446   196  221
    447   196  535
    448   196  536
    449   197  198
    450   197  253
    451   198  199
    452   198  537
    453   198  538
    454   199  221
    455   199  539
    456   199  540
    457   200  201
    458   200  204
    459   200  205
    460   201  202
    461   201  203
    462   201  284
    463   202  283
    464   202  541
    465   202  542
    466   203  543
    467   203  544
    468   203  545
    469   205  206
    470   206  207
    471   206  546
    472   206  547
    473   207  208
    474   207  218
    475   207  548
    476   208  549
    477   208  550
    478   208  551
    479   209  210
    480   209  213
    481   209  265
    482   209  552
    483   210  211
    484   210  553
    485   210  554
    486   211  212
    487   211  555
    488   211  556
    489   212  243
    490   213  214
    491   213  557
    492   213  558
    493   214  215
    494   214  559
    495   214  560
    496   215  216
    497   215  561
    498   215  562
    499   216  217
    500   216  563
    501   216  564
    502   217  218
    503   217  219
    504   220  221
    505   220  222
    506   221  565
    507   222  566
    508   222  567
    509   222  568
    510   223  224
    511   223  227
    512   223  228
    513   224  225
    514   224  226
    515   225  569
    516   225  570
    517   226  571
    518   226  572
    519   226  573
    520   228  229
    521   229  230
    522   229  574
    523   229  575
    524   230  231
    525   230  241
    526   230  576
    527   231  577
    528   231  578
    529   231  579
    530   232  233
    531   232  236
    532   232  243
    533   232  580
    534   233  234
    535   233  581
    536   233  582
    537   234  235
    538   234  583
    539   234  584
    540   236  237
    541   236  585
    542   236  586
    543   237  238
    544   237  587
    545   237  588
    546   238  239
    547   238  589
    548   238  590
    549   239  240
    550   239  591
    551   239  592
    552   240  241
    553   240  242
    554   244  245
    555   244  248
    556   244  249
    557   245  246
    558   245  247
    559   246  593
    560   246  594
    561   247  595
    562   247  596
    563   247  597
    564   249  250
    565   250  251
    566   250  598
    567   250  599
    568   251  252
    569   251  263
    570   251  600
    571   252  601
    572   252  602
    573   252  603
    574   253  254
    575   254  255
    576   254  258
    577   254  604
    578   255  256
    579   255  605
    580   255  606
    581   256  257
    582   256  607
    583   256  608
    584   257  265
    585   258  259
    586   258  609
    587   258  610
    588   259  260
    589   259  611
    590   259  612
    591   260  261
    592   260  613
    593   260  614
    594   261  262
    595   261  615
    596   261  616
    597   262  263
    598   262  264
    599   266  267
    600   266  277
    601   266  617
    602   266  618
    603   267  268
    604   267  619
    605   267  620
    606   268  269
    607   268  621
    608   268  622
    609   269  270
    610   269  623
    611   269  624
    612   270  271
    613   270  625
    614   270  626
    615   271  272
    616   271  627
    617   271  628
    618   272  273
    619   272  629
    620   272  630
    621   273  274
    622   273  631
    623   273  632
    624   274  275
    625   274  633
    626   274  634
    627   275  276
    628   275  635
    629   275  636
    630   276  280
    631   276  637
    632   276  638
    633   277  639
    634   277  640
    635   277  641
    636   278  279
    637   278  282
    638   278  283
    639   278  642
    640   279  280
    641   279  281
    642   282  643
    643   282  644
    644   282  645
    645   283  646
    646   283  647
    647   284  648
    648   284  649
    649   284  650
    650     651  653
    651     652  653
    652     652  935
    653     653  654
    654     654  655
    655     654  936
    656     654  937
    657     655  656
    658     655  938
    659    655  939
    660    656  657
    661    656  940
    662    656  941
    663    657  681
    664    657  942
    665    657  943
    666    658  659
    667    658  713
    668    659  660
    669    659  944
    670    659  945
    671    660  681
    672    660  946
    673    660  947
    674    661  662
    675    661  665
    676    661  666
    677    662  663
    678    662  664
    679    662  744
    680    663  743
    681    663  948
    682    663  949
    683    664  950
    684    664  951
    685    664  952
    686    666  667
    687    667  668
    688    667  953
    689    667  954
    690    668  669
    691    668  679
    692    668  955
    693    669  956
    694    669  957
    695    669  958
    696    670  671
    697    670  674
    698    670  725
    699    670  959
    700    671  672
    701    671  960
    702    671  961
    703    672  673
    704    672  962
    705    672  963
    706    673  703
    707    674  675
    708    674  964
    709    674  965
    710    675  676
    711    675  966
    712    675  967
    713    676  677
    714    676  968
    715    676  969
    716    677  678
    717    677  970
    718    677  971
    719    678  679
    720    678  680
    721    681  797
    722    681  972
    723    682  683
    724    682  686
    725    682  687
    726    683  684
    727    683  685
    728    684  973
    729    684  974
    730    685  975
    731    685  976
    732    685  977
    733    687  688
    734    688  689
    735    688  978
    736    688  979
    737    689  690
    738    689  700
    739    689  980
    740    690  981
    741    690  982
    742    690  983
    743    691  692
    744    691  695
    745    691  703
    746    691  984
    747    692  693
    748    692  985
    749   692  986
    750   693  694
    751   693  987
    752   693  988
    753   694  702
    754   695  696
    755   695  989
    756   695  990
    757   696  697
    758   696  991
    759   696  992
    760   697  698
    761   697  993
    762   697  994
    763   698  699
    764   698  995
    765   698  996
    766   699  700
    767   699  701
    768   702  997
    769   702  998
    770   702  999
    771   704  705
    772   704  708
    773   704  709
    774   705  706
    775   705  707
    776   706  1000
    777   706  1001
    778   707  1002
    779   707  1003
    780   707  1004
    781   709  710
    782   710  711
    783   710  1005
    784   710  1006
    785   711  712
    786   711  723
    787   711  1007
    788   712  1008
    789   712  1009
    790   712  1010
    791   713  714
    792   714  715
    793   714  718
    794   714  1011
    795   715  716
    796   715  1012
    797   715  1013
    798   716  717
    799   716  1014
    800   716  1015
    801   717  725
    802   718  719
    803   718  1016
    804   718  1017
    805   719  720
    806   719  1018
    807   719  1019
    808   720  721
    809   720  1020
    810   720  1021
    811   721  722
    812   721  1022
    813   721  1023
    814   722  723
    815   722  724
    816   726  727
    817   726  737
    818   726  1024
    819   726  1025
    820   727  728
    821   727  1026
    822   727  1027
    823   728  729
    824   728  1028
    825   728  1029
    826   729  730
    827   729  1030
    828   729  1031
    829   730  731
    830   730  1032
    831   730  1033
    832   731  732
    833   731  1034
    834   731  1035
    835   732  733
    836   732  1036
    837   732  1037
    838   733  734
    839   733  1038
    840   733  1039
    841   734  735
    842   734  1040
    843   734  1041
    844   735  736
    845   735  1042
    846   735  1043
    847   736  740
    848   736  1044
    849   736  1045
    850   737  1046
    851   737  1047
    852   737  1048
    853   738  739
    854   738  742
    855   738  743
    856   738  1049
    857   739  740
    858   739  741
    859   742  1050
    860   742  1051
    861   742  1052
    862   743  1053
    863   743  1054
    864   744  1055
    865   744  1056
    866   744  1057
    867   745  747
    868   746  747
    869   746  1058
    870   747  748
    871   748  749
    872   748  1059
    873   748  1060
    874   749  750
    875   749  1061
    876   749  1062
    877   750  751
    878   750  1063
    879   750  1064
    880   751  776
    881   751  1065
    882   751  1066
    883   752  753
    884   752  808
    885   753  754
    886   753  1067
    887   753  1068
    888   754  776
    889   754  1069
    890   754  1070
    891   755  756
    892   755  759
    893   755  760
    894   756  757
    895   756  758
    896   756  839
    897   757  838
    898   757  1071
    899   757  1072
    900   758  1073
    901   758  1074
    902   758  1075
    903   760  761
    904   761  762
    905   761  1076
    906   761  1077
    907   762  763
    908   762  773
    909   762  1078
    910   763  1079
    911   763  1080
    912   763  1081
    913   764  765
    914   764  768
    915   764  820
    916   764  1082
    917   765  766
    918   765  1083
    919   765  1084
    920   766  767
    921   766  1085
    922   766  1086
    923   767  798
    924   768  769
    925   768  1087
    926   768  1088
    927   769  770
    928   769  1089
    929   769  1090
    930   770  771
    931   770  1091
    932   770  1092
    933   771  772
    934   771  1093
    935   771  1094
    936   772  773
    937   772  774
    938   775  776
    939   775  885
    940   776  1095
    941   777  778
    942   777  781
    943   777  782
    944   778  779
    945   778  780
    946   779  1096
    947   779  1097
    948   780  1098
    949   780  1099
    950   780  1100
    951   782  783
    952   783  784
    953   783  1101
    954   783  1102
    955   784  785
    956   784  795
    957   784  1103
    958   785  1104
    959   785  1105
    960   785  1106
    961   786  787
    962   786  790
    963   786  798
    964   786  1107
    965   787  788
    966   787  1108
    967   787  1109
    968   788  789
    969   788  1110
    970   788  1111
    971   789  797
    972   790  791
    973   790  1112
    974   790  1113
    975   791  792
    976   791  1114
    977   791  1115
    978   792  793
    979   792  1116
    980   792  1117
    981   793  794
    982   793  1118
    983   793  1119
    984   794  795
    985   794  796
    986   799  800
    987   799  803
    988   799  804
    989   800  801
    990   800  802
    991   801  1120
    992   801  1121
    993   802  1122
    994   802  1123
    995   802  1124
    996   804  805
    997   805  806
    998   805  1125
    999   805  1126
    1000   806  807
    1001   806  818
    1002   806  1127
    1003   807  1128
    1004   807  1129
    1005   807  1130
    1006   808  809
    1007   809  810
    1008   809  813
    1009   809  1131
    1010   810  811
    1011   810  1132
    1012   810  1133
    1013   811  812
    1014   811  1134
    1015   811  1135
    1016   812  820
    1017   813  814
    1018   813  1136
    1019   813  1137
    1020   814  815
    1021   814  1138
    1022   814  1139
    1023   815  816
    1024   815  1140
    1025   815  1141
    1026   816  817
    1027   816  1142
    1028   816  1143
    1029   817  818
    1030   817  819
    1031   821  822
    1032   821  832
    1033   821  1144
    1034   821  1145
    1035   822  823
    1036   822  1146
    1037   822  1147
    1038   823  824
    1039   823  1148
    1040   823  1149
    1041   824  825
    1042   824  1150
    1043   824  1151
    1044   825  826
    1045   825  1152
    1046   825  1153
    1047   826  827
    1048   826  1154
    1049   826  1155
    1050   827  828
    1051   827  1156
    1052   827  1157
    1053   828  829
    1054   828  1158
    1055   828  1159
    1056   829  830
    1057   829  1160
    1058   829  1161
    1059   830  831
    1060   830  1162
    1061   830  1163
    1062   831  835
    1063   831  1164
    1064   831  1165
    1065   832  1166
    1066   832  1167
    1067   832  1168
    1068   833  834
    1069   833  837
    1070   833  838
    1071   833  1169
    1072   834  835
    1073   834  836
    1074   837  1170
    1075   837  1171
    1076   837  1172
    1077   838  1173
    1078   838  1174
    1079   839  1175
    1080   839  1176
    1081   839  1177
    1082   840  842
    1083   841  842
    1084   841  1178
    1085   842  843
    1086   843  844
    1087   843  1179
    1088   843  1180
    1089   844  845
    1090   844  1181
    1091   844  1182
    1092   845  846
    1093   845  1183
    1094   845  1184
    1095   846  871
    1096   846  1185
    1097   846  1186
    1098   847  848
    1099   847  903
    1100   848  849
    1101   848  1187
    1102   848  1188
    1103   849  871
    1104   849  1189
    1105   849  1190
    1106   850  851
    1107   850  854
    1108   850  855
    1109   851  852
    1110   851  853
    1111   851  934
    1112   852  933
    1113   852  1191
    1114   852  1192
    1115   853  1193
    1116   853  1194
    1117   853  1195
    1118   855  856
    1119   856  857
    1120   856  1196
    1121   856  1197
    1122   857  858
    1123   857  868
    1124   857  1198
    1125   858  1199
    1126   858  1200
    1127   858  1201
    1128   859  860
    1129   859  863
    1130   859  915
    1131   859  1202
    1132   860  861
    1133   860  1203
    1134   860  1204
    1135   861  862
    1136   861  1205
    1137   861  1206
    1138   862  893
    1139   863  864
    1140   863  1207
    1141   863  1208
    1142   864  865
    1143   864  1209
    1144   864  1210
    1145   865  866
    1146   865  1211
    1147   865  1212
    1148   866  867
    1149   866  1213
    1150   866  1214
    1151   867  868
    1152   867  869
    1153   870  871
    1154   870  872
    1155   871  1215
    1156   872  1216
    1157   872  1217
    1158   872  1218
    1159   873  874
    1160   873  877
    1161   873  878
    1162   874  875
    1163   874  876
    1164   875  1219
    1165   875  1220
    1166   876  1221
    1167   876  1222
    1168   876  1223
    1169   878  879
    1170   879  880
    1171   879  1224
    1172   879  1225
    1173   880  881
    1174   880  891
    1175   880  1226
    1176   881  1227
    1177   881  1228
    1178   881  1229
    1179   882  883
    1180   882  886
    1181   882  893
    1182   882  1230
    1183   883  884
    1184   883  1231
    1185   883  1232
    1186   884  885
    1187   884  1233
    1188   884  1234
    1189   886  887
    1190   886  1235
    1191   886  1236
    1192   887  888
    1193   887  1237
    1194   887  1238
    1195   888  889
    1196   888  1239
    1197   888  1240
    1198   889  890
    1199   889  1241
    1200   889  1242
    1201   890  891
    1202   890  892
    1203   894  895
    1204   894  898
    1205   894  899
    1206   895  896
    1207   895  897
    1208   896  1243
    1209   896  1244
    1210   897  1245
    1211   897  1246
    1212   897  1247
    1213   899  900
    1214   900  901
    1215   900  1248
    1216   900  1249
    1217   901  902
    1218   901  913
    1219   901  1250
    1220   902  1251
    1221   902  1252
    1222   902  1253
    1223   903  904
    1224   904  905
    1225   904  908
    1226   904  1254
    1227   905  906
    1228   905  1255
    1229   905  1256
    1230   906  907
    1231   906  1257
    1232   906  1258
    1233   907  915
    1234   908  909
    1235   908  1259
    1236   908  1260
    1237   909  910
    1238   909  1261
    1239   909  1262
    1240   910  911
    1241   910  1263
    1242   910  1264
    1243   911  912
    1244   911  1265
    1245   911  1266
    1246   912  913
    1247   912  914
    1248   916  917
    1249   916  927
    1250   916  1267
    1251   916  1268
    1252   917  918
    1253   917  1269
    1254   917  1270
    1255   918  919
    1256   918  1271
    1257   918  1272
    1258   919  920
    1259   919  1273
    1260   919  1274
    1261   920  921
    1262   920  1275
    1263   920  1276
    1264   921  922
    1265   921  1277
    1266   921  1278
    1267   922  923
    1268   922  1279
    1269   922  1280
    1270   923  924
    1271   923  1281
    1272   923  1282
    1273   924  925
    1274   924  1283
    1275   924  1284
    1276   925  926
    1277   925  1285
    1278   925  1286
    1279   926  930
    1280   926  1287
    1281   926  1288
    1282   927  1289
    1283   927  1290
    1284   927  1291
    1285   928  929
    1286   928  932
    1287   928  933
    1288   928  1292
    1289   929  930
    1290   929  931
    1291   932  1293
    1292   932  1294
    1293   932  1295
    1294   933  1296
    1295   933  1297
    1296   934  1298
    1297   934  1299
    1298   934  1300
    1299     1301  1303
    1300     1302  1303
    1301     1302  1585
    1302     1303  1304
    1303     1304  1305
    1304     1304  1586
    1305     1304  1587
    1306     1305  1306
    1307     1305  1588
    1308    1305  1589
    1309    1306  1307
    1310    1306  1590
    1311    1306  1591
    1312    1307  1331
    1313    1307  1592
    1314    1307  1593
    1315    1308  1309
    1316    1308  1363
    1317    1309  1310
    1318    1309  1594
    1319    1309  1595
    1320    1310  1331
    1321    1310  1596
    1322    1310  1597
    1323    1311  1312
    1324    1311  1315
    1325    1311  1316
    1326    1312  1313
    1327    1312  1314
    1328    1312  1394
    1329    1313  1393
    1330    1313  1598
    1331    1313  1599
    1332    1314  1600
    1333    1314  1601
    1334    1314  1602
    1335    1316  1317
    1336    1317  1318
    1337    1317  1603
    1338    1317  1604
    1339    1318  1319
    1340    1318  1329
    1341    1318  1605
    1342    1319  1606
    1343    1319  1607
    1344    1319  1608
    1345    1320  1321
    1346    1320  1324
    1347    1320  1375
    1348    1320  1609
    1349    1321  1322
    1350    1321  1610
    1351    1321  1611
    1352    1322  1323
    1353    1322  1612
    1354    1322  1613
    1355    1323  1353
    1356    1324  1325
    1357    1324  1614
    1358    1324  1615
    1359    1325  1326
    1360    1325  1616
    1361    1325  1617
    1362    1326  1327
    1363    1326  1618
    1364    1326  1619
    1365    1327  1328
    1366    1327  1620
    1367    1327  1621
    1368    1328  1329
    1369    1328  1330
    1370    1331  1447
    1371    1331  1622
    1372    1332  1333
    1373    1332  1336
    1374    1332  1337
    1375    1333  1334
    1376    1333  1335
    1377    1334  1623
    1378    1334  1624
    1379    1335  1625
    1380    1335  1626
    1381    1335  1627
    1382    1337  1338
    1383    1338  1339
    1384    1338  1628
    1385    1338  1629
    1386    1339  1340
    1387    1339  1350
    1388    1339  1630
    1389    1340  1631
    1390    1340  1632
    1391    1340  1633
    1392    1341  1342
    1393    1341  1345
    1394    1341  1353
    1395    1341  1634
    1396    1342  1343
    1397    1342  1635
    1398   1342  1636
    1399   1343  1344
    1400   1343  1637
    1401   1343  1638
    1402   1344  1352
    1403   1345  1346
    1404   1345  1639
    1405   1345  1640
    1406   1346  1347
    1407   1346  1641
    1408   1346  1642
    1409   1347  1348
    1410   1347  1643
    1411   1347  1644
    1412   1348  1349
    1413   1348  1645
    1414   1348  1646
    1415   1349  1350
    1416   1349  1351
    1417   1352  1647
    1418   1352  1648
    1419   1352  1649
    1420   1354  1355
    1421   1354  1358
    1422   1354  1359
    1423   1355  1356
    1424   1355  1357
    1425   1356  1650
    1426   1356  1651
    1427   1357  1652
    1428   1357  1653
    1429   1357  1654
    1430   1359  1360
    1431   1360  1361
    1432   1360  1655
    1433   1360  1656
    1434   1361  1362
    1435   1361  1373
    1436   1361  1657
    1437   1362  1658
    1438   1362  1659
    1439   1362  1660
    1440   1363  1364
    1441   1364  1365
    1442   1364  1368
    1443   1364  1661
    1444   1365  1366
    1445   1365  1662
    1446   1365  1663
    1447   1366  1367
    1448   1366  1664
    1449   1366  1665
    1450   1367  1375
    1451   1368  1369
    1452   1368  1666
    1453   1368  1667
    1454   1369  1370
    1455   1369  1668
    1456   1369  1669
    1457   1370  1371
    1458   1370  1670
    1459   1370  1671
    1460   1371  1372
    1461   1371  1672
    1462   1371  1673
    1463   1372  1373
    1464   1372  1374
    1465   1376  1377
    1466   1376  1387
    1467   1376  1674
    1468   1376  1675
    1469   1377  1378
    1470   1377  1676
    1471   1377  1677
    1472   1378  1379
    1473   1378  1678
    1474   1378  1679
    1475   1379  1380
    1476   1379  1680
    1477   1379  1681
    1478   1380  1381
    1479   1380  1682
    1480   1380  1683
    1481   1381  1382
    1482   1381  1684
    1483   1381  1685
    1484   1382  1383
    1485   1382  1686
    1486   1382  1687
    1487   1383  1384
    1488   1383  1688
    1489   1383  1689
    1490   1384  1385
    1491   1384  1690
    1492   1384  1691
    1493   1385  1386
    1494   1385  1692
    1495   1385  1693
    1496   1386  1390
    1497   1386  1694
    1498   1386  1695
    1499   1387  1696
    1500   1387  1697
    1501   1387  1698
    1502   1388  1389
    1503   1388  1392
    1504   1388  1393
    1505   1388  1699
    1506   1389  1390
    1507   1389  1391
    1508   1392  1700
    1509   1392  1701
    1510   1392  1702
    1511   1393  1703
    1512   1393  1704
    1513   1394  1705
    1514   1394  1706
    1515   1394  1707
    1516   1395  1397
    1517   1396  1397
    1518   1396  1708
    1519   1397  1398
    1520   1398  1399
    1521   1398  1709
    1522   1398  1710
    1523   1399  1400
    1524   1399  1711
    1525   1399  1712
    1526   1400  1401
    1527   1400  1713
    1528   1400  1714
    1529   1401  1426
    1530   1401  1715
    1531   1401  1716
    1532   1402  1403
    1533   1402  1458
    1534   1403  1404
    1535   1403  1717
    1536   1403  1718
    1537   1404  1426
    1538   1404  1719
    1539   1404  1720
    1540   1405  1406
    1541   1405  1409
    1542   1405  1410
    1543   1406  1407
    1544   1406  1408
    1545   1406  1489
    1546   1407  1488
    1547   1407  1721
    1548   1407  1722
    1549   1408  1723
    1550   1408  1724
    1551   1408  1725
    1552   1410  1411
    1553   1411  1412
    1554   1411  1726
    1555   1411  1727
    1556   1412  1413
    1557   1412  1423
    1558   1412  1728
    1559   1413  1729
    1560   1413  1730
    1561   1413  1731
    1562   1414  1415
    1563   1414  1418
    1564   1414  1470
    1565   1414  1732
    1566   1415  1416
    1567   1415  1733
    1568   1415  1734
    1569   1416  1417
    1570   1416  1735
    1571   1416  1736
    1572   1417  1448
    1573   1418  1419
    1574   1418  1737
    1575   1418  1738
    1576   1419  1420
    1577   1419  1739
    1578   1419  1740
    1579   1420  1421
    1580   1420  1741
    1581   1420  1742
    1582   1421  1422
    1583   1421  1743
    1584   1421  1744
    1585   1422  1423
    1586   1422  1424
    1587   1425  1426
    1588   1425  1535
    1589   1426  1745
    1590   1427  1428
    1591   1427  1431
    1592   1427  1432
    1593   1428  1429
    1594   1428  1430
    1595   1429  1746
    1596   1429  1747
    1597   1430  1748
    1598   1430  1749
    1599   1430  1750
    1600   1432  1433
    1601   1433  1434
    1602   1433  1751
    1603   1433  1752
    1604   1434  1435
    1605   1434  1445
    1606   1434  1753
    1607   1435  1754
    1608   1435  1755
    1609   1435  1756
    1610   1436  1437
    1611   1436  1440
    1612   1436  1448
    1613   1436  1757
    1614   1437  1438
    1615   1437  1758
    1616   1437  1759
    1617   1438  1439
    1618   1438  1760
    1619   1438  1761
    1620   1439  1447
    1621   1440  1441
    1622   1440  1762
    1623   1440  1763
    1624   1441  1442
    1625   1441  1764
    1626   1441  1765
    1627   1442  1443
    1628   1442  1766
    1629   1442  1767
    1630   1443  1444
    1631   1443  1768
    1632   1443  1769
    1633   1444  1445
    1634   1444  1446
    1635   1449  1450
    1636   1449  1453
    1637   1449  1454
    1638   1450  1451
    1639   1450  1452
    1640   1451  1770
    1641   1451  1771
    1642   1452  1772
    1643   1452  1773
    1644   1452  1774
    1645   1454  1455
    1646   1455  1456
    1647   1455  1775
    1648   1455  1776
    1649   1456  1457
    1650   1456  1468
    1651   1456  1777
    1652   1457  1778
    1653   1457  1779
    1654   1457  1780
    1655   1458  1459
    1656   1459  1460
    1657   1459  1463
    1658   1459  1781
    1659   1460  1461
    1660   1460  1782
    1661   1460  1783
    1662   1461  1462
    1663   1461  1784
    1664   1461  1785
    1665   1462  1470
    1666   1463  1464
    1667   1463  1786
    1668   1463  1787
    1669   1464  1465
    1670   1464  1788
    1671   1464  1789
    1672   1465  1466
    1673   1465  1790
    1674   1465  1791
    1675   1466  1467
    1676   1466  1792
    1677   1466  1793
    1678   1467  1468
    1679   1467  1469
    1680   1471  1472
    1681   1471  1482
    1682   1471  1794
    1683   1471  1795
    1684   1472  1473
    1685   1472  1796
    1686   1472  1797
    1687   1473  1474
    1688   1473  1798
    1689   1473  1799
    1690   1474  1475
    1691   1474  1800
    1692   1474  1801
    1693   1475  1476
    1694   1475  1802
    1695   1475  1803
    1696   1476  1477
    1697   1476  1804
    1698   1476  1805
    1699   1477  1478
    1700   1477  1806
    1701   1477  1807
    1702   1478  1479
    1703   1478  1808
    1704   1478  1809
    1705   1479  1480
    1706   1479  1810
    1707   1479  1811
    1708   1480  1481
    1709   1480  1812
    1710   1480  1813
    1711   1481  1485
    1712   1481  1814
    1713   1481  1815
    1714   1482  1816
    1715   1482  1817
    1716   1482  1818
    1717   1483  1484
    1718   1483  1487
    1719   1483  1488
    1720   1483  1819
    1721   1484  1485
    1722   1484  1486
    1723   1487  1820
    1724   1487  1821
    1725   1487  1822
    1726   1488  1823
    1727   1488  1824
    1728   1489  1825
    1729   1489  1826
    1730   1489  1827
    1731   1490  1492
    1732   1491  1492
    1733   1491  1828
    1734   1492  1493
    1735   1493  1494
    1736   1493  1829
    1737   1493  1830
    1738   1494  1495
    1739   1494  1831
    1740   1494  1832
    1741   1495  1496
    1742   1495  1833
    1743   1495  1834
    1744   1496  1521
    1745   1496  1835
    1746   1496  1836
    1747   1497  1498
    1748   1497  1553
    1749   1498  1499
    1750   1498  1837
    1751   1498  1838
    1752   1499  1521
    1753   1499  1839
    1754   1499  1840
    1755   1500  1501
    1756   1500  1504
    1757   1500  1505
    1758   1501  1502
    1759   1501  1503
    1760   1501  1584
    1761   1502  1583
    1762   1502  1841
    1763   1502  1842
    1764   1503  1843
    1765   1503  1844
    1766   1503  1845
    1767   1505  1506
    1768   1506  1507
    1769   1506  1846
    1770   1506  1847
    1771   1507  1508
    1772   1507  1518
    1773   1507  1848
    1774   1508  1849
    1775   1508  1850
    1776   1508  1851
    1777   1509  1510
    1778   1509  1513
    1779   1509  1565
    1780   1509  1852
    1781   1510  1511
    1782   1510  1853
    1783   1510  1854
    1784   1511  1512
    1785   1511  1855
    1786   1511  1856
    1787   1512  1543
    1788   1513  1514
    1789   1513  1857
    1790   1513  1858
    1791   1514  1515
    1792   1514  1859
    1793   1514  1860
    1794   1515  1516
    1795   1515  1861
    1796   1515  1862
    1797   1516  1517
    1798   1516  1863
    1799   1516  1864
    1800   1517  1518
    1801   1517  1519
    1802   1520  1521
    1803   1520  1522
    1804   1521  1865
    1805   1522  1866
    1806   1522  1867
    1807   1522  1868
    1808   1523  1524
    1809   1523  1527
    1810   1523  1528
    1811   1524  1525
    1812   1524  1526
    1813   1525  1869
    1814   1525  1870
    1815   1526  1871
    1816   1526  1872
    1817   1526  1873
    1818   1528  1529
    1819   1529  1530
    1820   1529  1874
    1821   1529  1875
    1822   1530  1531
    1823   1530  1541
    1824   1530  1876
    1825   1531  1877
    1826   1531  1878
    1827   1531  1879
    1828   1532  1533
    1829   1532  1536
    1830   1532  1543
    1831   1532  1880
    1832   1533  1534
    1833   1533  1881
    1834   1533  1882
    1835   1534  1535
    1836   1534  1883
    1837   1534  1884
    1838   1536  1537
    1839   1536  1885
    1840   1536  1886
    1841   1537  1538
    1842   1537  1887
    1843   1537  1888
    1844   1538  1539
    1845   1538  1889
    1846   1538  1890
    1847   1539  1540
    1848   1539  1891
    1849   1539  1892
    1850   1540  1541
    1851   1540  1542
    1852   1544  1545
    1853   1544  1548
    1854   1544  1549
    1855   1545  1546
    1856   1545  1547
    1857   1546  1893
    1858   1546  1894
    1859   1547  1895
    1860   1547  1896
    1861   1547  1897
    1862   1549  1550
    1863   1550  1551
    1864   1550  1898
    1865   1550  1899
    1866   1551  1552
    1867   1551  1563
    1868   1551  1900
    1869   1552  1901
    1870   1552  1902
    1871   1552  1903
    1872   1553  1554
    1873   1554  1555
    1874   1554  1558
    1875   1554  1904
    1876   1555  1556
    1877   1555  1905
    1878   1555  1906
    1879   1556  1557
    1880   1556  1907
    1881   1556  1908
    1882   1557  1565
    1883   1558  1559
    1884   1558  1909
    1885   1558  1910
    1886   1559  1560
    1887   1559  1911
    1888   1559  1912
    1889   1560  1561
    1890   1560  1913
    1891   1560  1914
    1892   1561  1562
    1893   1561  1915
    1894   1561  1916
    1895   1562  1563
    1896   1562  1564
    1897   1566  1567
    1898   1566  1577
    1899   1566  1917
    1900   1566  1918
    1901   1567  1568
    1902   1567  1919
    1903   1567  1920
    1904   1568  1569
    1905   1568  1921
    1906   1568  1922
    1907   1569  1570
    1908   1569  1923
    1909   1569  1924
    1910   1570  1571
    1911   1570  1925
    1912   1570  1926
    1913   1571  1572
    1914   1571  1927
    1915   1571  1928
    1916   1572  1573
    1917   1572  1929
    1918   1572  1930
    1919   1573  1574
    1920   1573  1931
    1921   1573  1932
    1922   1574  1575
    1923   1574  1933
    1924   1574  1934
    1925   1575  1576
    1926   1575  1935
    1927   1575  1936
    1928   1576  1580
    1929   1576  1937
    1930   1576  1938
    1931   1577  1939
    1932   1577  1940
    1933   1577  1941
    1934   1578  1579
    1935   1578  1582
    1936   1578  1583
    1937   1578  1942
    1938   1579  1580
    1939   1579  1581
    1940   1582  1943
    1941   1582  1944
    1942   1582  1945
    1943   1583  1946
    1944   1583  1947
    1945   1584  1948
    1946   1584  1949
    1947   1584  1950
    1948     1951  1953
    1949     1952  1953
    1950     1952  2235
    1951     1953  1954
    1952     1954  1955
    1953     1954  2236
    1954     1954  2237
    1955     1955  1956
    1956     1955  2238
    1957    1955  2239
    1958    1956  1957
    1959    1956  2240
    1960    1956  2241
    1961    1957  1981
    1962    1957  2242
    1963    1957  2243
    1964    1958  1959
    1965    1958  2013
    1966    1959  1960
    1967    1959  2244
    1968    1959  2245
    1969    1960  1981
    1970    1960  2246
    1971    1960  2247
    1972    1961  1962
    1973    1961  1965
    1974    1961  1966
    1975    1962  1963
    1976    1962  1964
    1977    1962  2044
    1978    1963  2043
    1979    1963  2248
    1980    1963  2249
    1981    1964  2250
    1982    1964  2251
    1983    1964  2252
    1984    1966  1967
    1985    1967  1968
    1986    1967  2253
    1987    1967  2254
    1988    1968  1969
    1989    1968  1979
    1990    1968  2255
    1991    1969  2256
    1992    1969  2257
    1993    1969  2258
    1994    1970  1971
    1995    1970  1974
    1996    1970  2025
    1997    1970  2259
    1998    1971  1972
    1999    1971  2260
    2000    1971  2261
    2001    1972  1973
    2002    1972  2262
    2003    1972  2263
    2004    1973  2003
    2005    1974  1975
    2006    1974  2264
    2007    1974  2265
    2008    1975  1976
    2009    1975  2266
    2010    1975  2267
    2011    1976  1977
    2012    1976  2268
    2013    1976  2269
    2014    1977  1978
    2015    1977  2270
    2016    1977  2271
    2017    1978  1979
    2018    1978  1980
    2019    1981  2097
    2020    1981  2272
    2021    1982  1983
    2022    1982  1986
    2023    1982  1987
    2024    1983  1984
    2025    1983  1985
    2026    1984  2273
    2027    1984  2274
    2028    1985  2275
    2029    1985  2276
    2030    1985  2277
    2031    1987  1988
    2032    1988  1989
    2033    1988  2278
    2034    1988  2279
    2035    1989  1990
    2036    1989  2000
    2037    1989  2280
    2038    1990  2281
    2039    1990  2282
    2040    1990  2283
    2041    1991  1992
    2042    1991  1995
    2043    1991  2003
    2044    1991  2284
    2045    1992  1993
    2046    1992  2285
    2047   1992  2286
    2048   1993  1994
    2049   1993  2287
    2050   1993  2288
    2051   1994  2002
    2052   1995  1996
    2053   1995  2289
    2054   1995  2290
    2055   1996  1997
    2056   1996  2291
    2057   1996  2292
    2058   1997  1998
    2059   1997  2293
    2060   1997  2294
    2061   1998  1999
    2062   1998  2295
    2063   1998  2296
    2064   1999  2000
    2065   1999  2001
    2066   2002  2297
    2067   2002  2298
    2068   2002  2299
    2069   2004  2005
    2070   2004  2008
    2071   2004  2009
    2072   2005  2006
    2073   2005  2007
    2074   2006  2300
    2075   2006  2301
    2076   2007  2302
    2077   2007  2303
    2078   2007  2304
    2079   2009  2010
    2080   2010  2011
    2081   2010  2305
    2082   2010  2306
    2083   2011  2012
    2084   2011  2023
    2085   2011  2307
    2086   2012  2308
    2087   2012  2309
    2088   2012  2310
    2089   2013  2014
    2090   2014  2015
    2091   2014  2018
    2092   2014  2311
    2093   2015  2016
    2094   2015  2312
    2095   2015  2313
    2096   2016  2017
    2097   2016  2314
    2098   2016  2315
    2099   2017  2025
    2100   2018  2019
    2101   2018  2316
    2102   2018  2317
    2103   2019  2020
    2104   2019  2318
    2105   2019  2319
    2106   2020  2021
    2107   2020  2320
    2108   2020  2321
    2109   2021  2022
    2110   2021  2322
    2111   2021  2323
    2112   2022  2023
    2113   2022  2024
    2114   2026  2027
    2115   2026  2037
    2116   2026  2324
    2117   2026  2325
    2118   2027  2028
    2119   2027  2326
    2120   2027  2327
    2121   2028  2029
    2122   2028  2328
    2123   2028  2329
    2124   2029  2030
    2125   2029  2330
    2126   2029  2331
    2127   2030  2031
    2128   2030  2332
    2129   2030  2333
    2130   2031  2032
    2131   2031  2334
    2132   2031  2335
    2133   2032  2033
    2134   2032  2336
    2135   2032  2337
    2136   2033  2034
    2137   2033  2338
    2138   2033  2339
    2139   2034  2035
    2140   2034  2340
    2141   2034  2341
    2142   2035  2036
    2143   2035  2342
    2144   2035  2343
    2145   2036  2040
    2146   2036  2344
    2147   2036  2345
    2148   2037  2346
    2149   2037  2347
    2150   2037  2348
    2151   2038  2039
    2152   2038  2042
    2153   2038  2043
    2154   2038  2349
    2155   2039  2040
    2156   2039  2041
    2157   2042  2350
    2158   2042  2351
    2159   2042  2352
    2160   2043  2353
    2161   2043  2354
    2162   2044  2355
    2163   2044  2356
    2164   2044  2357
    2165   2045  2047
    2166   2046  2047
    2167   2046  2358
    2168   2047  2048
    2169   2048  2049
    2170   2048  2359
    2171   2048  2360
    2172   2049  2050
    2173   2049  2361
    2174   2049  2362
    2175   2050  2051
    2176   2050  2363
    2177   2050  2364
    2178   2051  2076
    2179   2051  2365
    2180   2051  2366
    2181   2052  2053
    2182   2052  2108
    2183   2053  2054
    2184   2053  2367
    2185   2053  2368
    2186   2054  2076
    2187   2054  2369
    2188   2054  2370
    2189   2055  2056
    2190   2055  2059
    2191   2055  2060
    2192   2056  2057
    2193   2056  2058
    2194   2056  2139
    2195   2057  2138
    2196   2057  2371
    2197   2057  2372
    2198   2058  2373
    2199   2058  2374
    2200   2058  2375
    2201   2060  2061
    2202   2061  2062
    2203   2061  2376
    2204   2061  2377
    2205   2062  2063
    2206   2062  2073
    2207   2062  2378
    2208   2063  2379
    2209   2063  2380
    2210   2063  2381
    2211   2064  2065
    2212   2064  2068
    2213   2064  2120
    2214   2064  2382
    2215   2065  2066
    2216   2065  2383
    2217   2065  2384
    2218   2066  2067
    2219   2066  2385
    2220   2066  2386
    2221   2067  2098
    2222   2068  2069
    2223   2068  2387
    2224   2068  2388
    2225   2069  2070
    2226   2069  2389
    2227   2069  2390
    2228   2070  2071
    2229   2070  2391
    2230   2070  2392
    2231   2071  2072
    2232   2071  2393
    2233   2071  2394
    2234   2072  2073
    2235   2072  2074
    2236   2075  2076
    2237   2075  2185
    2238   2076  2395
    2239   2077  2078
    2240   2077  2081
    2241   2077  2082
    2242   2078  2079
    2243   2078  2080
    2244   2079  2396
    2245   2079  2397
    2246   2080  2398
    2247   2080  2399
    2248   2080  2400
    2249   2082  2083
    2250   2083  2084
    2251   2083  2401
    2252   2083  2402
    2253   2084  2085
    2254   2084  2095
    2255   2084  2403
    2256   2085  2404
    2257   2085  2405
    2258   2085  2406
    2259   2086  2087
    2260   2086  2090
    2261   2086  2098
    2262   2086  2407
    2263   2087  2088
    2264   2087  2408
    2265   2087  2409
    2266   2088  2089
    2267   2088  2410
    2268   2088  2411
    2269   2089  2097
    2270   2090  2091
    2271   2090  2412
    2272   2090  2413
    2273   2091  2092
    2274   2091  2414
    2275   2091  2415
    2276   2092  2093
    2277   2092  2416
    2278   2092  2417
    2279   2093  2094
    2280   2093  2418
    2281   2093  2419
    2282   2094  2095
    2283   2094  2096
    2284   2099  2100
    2285   2099  2103
    2286   2099  2104
    2287   2100  2101
    2288   2100  2102
    2289   2101  2420
    2290   2101  2421
    2291   2102  2422
    2292   2102  2423
    2293   2102  2424
    2294   2104  2105
    2295   2105  2106
    2296   2105  2425
    2297   2105  2426
    2298   2106  2107
    2299   2106  2118
    2300   2106  2427
    2301   2107  2428
    2302   2107  2429
    2303   2107  2430
    2304   2108  2109
    2305   2109  2110
    2306   2109  2113
    2307   2109  2431
    2308   2110  2111
    2309   2110  2432
    2310   2110  2433
    2311   2111  2112
    2312   2111  2434
    2313   2111  2435
    2314   2112  2120
    2315   2113  2114
    2316   2113  2436
    2317   2113  2437
    2318   2114  2115
    2319   2114  2438
    2320   2114  2439
    2321   2115  2116
    2322   2115  2440
    2323   2115  2441
    2324   2116  2117
    2325   2116  2442
    2326   2116  2443
    2327   2117  2118
    2328   2117  2119
    2329   2121  2122
    2330   2121  2132
    2331   2121  2444
    2332   2121  2445
    2333   2122  2123
    2334   2122  2446
    2335   2122  2447
    2336   2123  2124
    2337   2123  2448
    2338   2123  2449
    2339   2124  2125
    2340   2124  2450
    2341   2124  2451
    2342   2125  2126
    2343   2125  2452
    2344   2125  2453
    2345   2126  2127
    2346   2126  2454
    2347   2126  2455
    2348   2127  2128
    2349   2127  2456
    2350   2127  2457
    2351   2128  2129
    2352   2128  2458
    2353   2128  2459
    2354   2129  2130
    2355   2129  2460
    2356   2129  2461
    2357   2130  2131
    2358   2130  2462
    2359   2130  2463
    2360   2131  2135
    2361   2131  2464
    2362   2131  2465
    2363   2132  2466
    2364   2132  2467
    2365   2132  2468
    2366   2133  2134
    2367   2133  2137
    2368   2133  2138
    2369   2133  2469
    2370   2134  2135
    2371   2134  2136
    2372   2137  2470
    2373   2137  2471
    2374   2137  2472
    2375   2138  2473
    2376   2138  2474
    2377   2139  2475
    2378   2139  2476
    2379   2139  2477
    2380   2140  2142
    2381   2141  2142
    2382   2141  2478
    2383   2142  2143
    2384   2143  2144
    2385   2143  2479
    2386   2143  2480
    2387   2144  2145
    2388   2144  2481
    2389   2144  2482
    2390   2145  2146
    2391   2145  2483
    2392   2145  2484
    2393   2146  2171
    2394   2146  2485
    2395   2146  2486
    2396   2147  2148
    2397   2147  2203
    2398   2148  2149
    2399   2148  2487
    2400   2148  2488
    2401   2149  2171
    2402   2149  2489
    2403   2149  2490
    2404   2150  2151
    2405   2150  2154
    2406   2150  2155
    2407   2151  2152
    2408   2151  2153
    2409   2151  2234
    2410   2152  2233
    2411   2152  2491
    2412   2152  2492
    2413   2153  2493
    2414   2153  2494
    2415   2153  2495
    2416   2155  2156
    2417   2156  2157
    2418   2156  2496
    2419   2156  2497
    2420   2157  2158
    2421   2157  2168
    2422   2157  2498
    2423   2158  2499
    2424   2158  2500
    2425   2158  2501
    2426   2159  2160
    2427   2159  2163
    2428   2159  2215
    2429   2159  2502
    2430   2160  2161
    2431   2160  2503
    2432   2160  2504
    2433   2161  2162
    2434   2161  2505
    2435   2161  2506
    2436   2162  2193
    2437   2163  2164
    2438   2163  2507
    2439   2163  2508
    2440   2164  2165
    2441   2164  2509
    2442   2164  2510
    2443   2165  2166
    2444   2165  2511
    2445   2165  2512
    2446   2166  2167
    2447   2166  2513
    2448   2166  2514
    2449   2167  2168
    2450   2167  2169
    2451   2170  2171
    2452   2170  2172
    2453   2171  2515
    2454   2172  2516
    2455   2172  2517
    2456   2172  2518
    2457   2173  2174
    2458   2173  2177
    2459   2173  2178
    2460   2174  2175
    2461   2174  2176
    2462   2175  2519
    2463   2175  2520
    2464   2176  2521
    2465   2176  2522
    2466   2176  2523
    2467   2178  2179
    2468   2179  2180
    2469   2179  2524
    2470   2179  2525
    2471   2180  2181
    2472   2180  2191
    2473   2180  2526
    2474   2181  2527
    2475   2181  2528
    2476   2181  2529
    2477   2182  2183
    2478   2182  2186
    2479   2182  2193
    2480   2182  2530
    2481   2183  2184
    2482   2183  2531
    2483   2183  2532
    2484   2184  2185
    2485   2184  2533
    2486   2184  2534
    2487   2186  2187
    2488   2186  2535
    2489   2186  2536
    2490   2187  2188
    2491   2187  2537
    2492   2187  2538
    2493   2188  2189
    2494   2188  2539
    2495   2188  2540
    2496   2189  2190
    2497   2189  2541
    2498   2189  2542
    2499   2190  2191
    2500   2190  2192
    2501   2194  2195
    2502   2194  2198
    2503   2194  2199
    2504   2195  2196
    2505   2195  2197
    2506   2196  2543
    2507   2196  2544
    2508   2197  2545
    2509   2197  2546
    2510   2197  2547
    2511   2199  2200
    2512   2200  2201
    2513   2200  2548
    2514   2200  2549
    2515   2201  2202
    2516   2201  2213
    2517   2201  2550
    2518   2202  2551
    2519   2202  2552
    2520   2202  2553
    2521   2203  2204
    2522   2204  2205
    2523   2204  2208
    2524   2204  2554
    2525   2205  2206
    2526   2205  2555
    2527   2205  2556
    2528   2206  2207
    2529   2206  2557
    2530   2206  2558
    2531   2207  2215
    2532   2208  2209
    2533   2208  2559
    2534   2208  2560
    2535   2209  2210
    2536   2209  2561
    2537   2209  2562
    2538   2210  2211
    2539   2210  2563
    2540   2210  2564
    2541   2211  2212
    2542   2211  2565
    2543   2211  2566
    2544   2212  2213
    2545   2212  2214
    2546   2216  2217
    2547   2216  2227
    2548   2216  2567
    2549   2216  2568
    2550   2217  2218
    2551   2217  2569
    2552   2217  2570
    2553   2218  2219
    2554   2218  2571
    2555   2218  2572
    2556   2219  2220
    2557   2219  2573
    2558   2219  2574
    2559   2220  2221
    2560   2220  2575
    2561   2220  2576
    2562   2221  2222
    2563   2221  2577
    2564   2221  2578
    2565   2222  2223
    2566   2222  2579
    2567   2222  2580
    2568   2223  2224
    2569   2223  2581
    2570   2223  2582
    2571   2224  2225
    2572   2224  2583
    2573   2224  2584
    2574   2225  2226
    2575   2225  2585
    2576   2225  2586
    2577   2226  2230
    2578   2226  2587
    2579   2226  2588
    2580   2227  2589
    2581   2227  2590
    2582   2227  2591
    2583   2228  2229
    2584   2228  2232
    2585   2228  2233
    2586   2228  2592
    2587   2229  2230
    2588   2229  2231
    2589   2232  2593
    2590   2232  2594
    2591   2232  2595
    2592   2233  2596
    2593   2233  2597
    2594   2234  2598
    2595   2234  2599
    2596   2234  2600
    2597     2601  2603
    2598     2602  2603
    2599     2602  2885
    2600     2603  2604
    2601     2604  2605
    2602     2604  2886
    2603     2604  2887
    2604     2605  2606
    2605     2605  2888
    2606    2605  2889
    2607    2606  2607
    2608    2606  2890
    2609    2606  2891
    2610    2607  2631
    2611    2607  2892
    2612    2607  2893
    2613    2608  2609
    2614    2608  2663
    2615    2609  2610
    2616    2609  2894
    2617    2609  2895
    2618    2610  2631
    2619    2610  2896
    2620    2610  2897
    2621    2611  2612
    2622    2611  2615
    2623    2611  2616
    2624    2612  2613
    2625    2612  2614
    2626    2612  2694
    2627    2613  2693
    2628    2613  2898
    2629    2613  2899
    2630    2614  2900
    2631    2614  2901
    2632    2614  2902
    2633    2616  2617
    2634    2617  2618
    2635    2617  2903
    2636    2617  2904
    2637    2618  2619
    2638    2618  2629
    2639    2618  2905
    2640    2619  2906
    2641    2619  2907
    2642    2619  2908
    2643    2620  2621
    2644    2620  2624
    2645    2620  2675
    2646    2620  2909
    2647    2621  2622
    2648    2621  2910
    2649    2621  2911
    2650    2622  2623
    2651    2622  2912
    2652    2622  2913
    2653    2623  2653
    2654    2624  2625
    2655    2624  2914
    2656    2624  2915
    2657    2625  2626
    2658    2625  2916
    2659    2625  2917
    2660    2626  2627
    2661    2626  2918
    2662    2626  2919
    2663    2627  2628
    2664    2627  2920
    2665    2627  2921
    2666    2628  2629
    2667    2628  2630
    2668    2631  2747
    2669    2631  2922
    2670    2632  2633
    2671    2632  2636
    2672    2632  2637
    2673    2633  2634
    2674    2633  2635
    2675    2634  2923
    2676    2634  2924
    2677    2635  2925
    2678    2635  2926
    2679    2635  2927
    2680    2637  2638
    2681    2638  2639
    2682    2638  2928
    2683    2638  2929
    2684    2639  2640
    2685    2639  2650
    2686    2639  2930
    2687    2640  2931
    2688    2640  2932
    2689    2640  2933
    2690    2641  2642
    2691    2641  2645
    2692    2641  2653
    2693    2641  2934
    2694    2642  2643
    2695    2642  2935
    2696   2642  2936
    2697   2643  2644
    2698   2643  2937
    2699   2643  2938
    2700   2644  2652
    2701   2645  2646
    2702   2645  2939
    2703   2645  2940
    2704   2646  2647
    2705   2646  2941
    2706   2646  2942
    2707   2647  2648
    2708   2647  2943
    2709   2647  2944
    2710   2648  2649
    2711   2648  2945
    2712   2648  2946
    2713   2649  2650
    2714   2649  2651
    2715   2652  2947
    2716   2652  2948
    2717   2652  2949
    2718   2654  2655
    2719   2654  2658
    2720   2654  2659
    2721   2655  2656
    2722   2655  2657
    2723   2656  2950
    2724   2656  2951
    2725   2657  2952
    2726   2657  2953
    2727   2657  2954
    2728   2659  2660
    2729   2660  2661
    2730   2660  2955
    2731   2660  2956
    2732   2661  2662
    2733   2661  2673
    2734   2661  2957
    2735   2662  2958
    2736   2662  2959
    2737   2662  2960
    2738   2663  2664
    2739   2664  2665
    2740   2664  2668
    2741   2664  2961
    2742   2665  2666
    2743   2665  2962
    2744   2665  2963
    2745   2666  2667
    2746   2666  2964
    2747   2666  2965
    2748   2667  2675
    2749   2668  2669
    2750   2668  2966
    2751   2668  2967
    2752   2669  2670
    2753   2669  2968
    2754   2669  2969
    2755   2670  2671
    2756   2670  2970
    2757   2670  2971
    2758   2671  2672
    2759   2671  2972
    2760   2671  2973
    2761   2672  2673
    2762   2672  2674
    2763   2676  2677
    2764   2676  2687
    2765   2676  2974
    2766   2676  2975
    2767   2677  2678
    2768   2677  2976
    2769   2677  2977
    2770   2678  2679
    2771   2678  2978
    2772   2678  2979
    2773   2679  2680
    2774   2679  2980
    2775   2679  2981
    2776   2680  2681
    2777   2680  2982
    2778   2680  2983
    2779   2681  2682
    2780   2681  2984
    2781   2681  2985
    2782   2682  2683
    2783   2682  2986
    2784   2682  2987
    2785   2683  2684
    2786   2683  2988
    2787   2683  2989
    2788   2684  2685
    2789   2684  2990
    2790   2684  2991
    2791   2685  2686
    2792   2685  2992
    2793   2685  2993
    2794   2686  2690
    2795   2686  2994
    2796   2686  2995
    2797   2687  2996
    2798   2687  2997
    2799   2687  2998
    2800   2688  2689
    2801   2688  2692
    2802   2688  2693
    2803   2688  2999
    2804   2689  2690
    2805   2689  2691
    2806   2692  3000
    2807   2692  3001
    2808   2692  3002
    2809   2693  3003
    2810   2693  3004
    2811   2694  3005
    2812   2694  3006
    2813   2694  3007
    2814   2695  2697
    2815   2696  2697
    2816   2696  3008
    2817   2697  2698
    2818   2698  2699
    2819   2698  3009
    2820   2698  3010
    2821   2699  2700
    2822   2699  3011
    2823   2699  3012
    2824   2700  2701
    2825   2700  3013
    2826   2700  3014
    2827   2701  2726
    2828   2701  3015
    2829   2701  3016
    2830   2702  2703
    2831   2702  2758
    2832   2703  2704
    2833   2703  3017
    2834   2703  3018
    2835   2704  2726
    2836   2704  3019
    2837   2704  3020
    2838   2705  2706
    2839   2705  2709
    2840   2705  2710
    2841   2706  2707
    2842   2706  2708
    2843   2706  2789
    2844   2707  2788
    2845   2707  3021
    2846   2707  3022
    2847   2708  3023
    2848   2708  3024
    2849   2708  3025
    2850   2710  2711
    2851   2711  2712
    2852   2711  3026
    2853   2711  3027
    2854   2712  2713
    2855   2712  2723
    2856   2712  3028
    2857   2713  3029
    2858   2713  3030
    2859   2713  3031
    2860   2714  2715
    2861   2714  2718
    2862   2714  2770
    2863   2714  3032
    2864   2715  2716
    2865   2715  3033
    2866   2715  3034
    2867   2716  2717
    2868   2716  3035
    2869   2716  3036
    2870   2717  2748
    2871   2718  2719
    2872   2718  3037
    2873   2718  3038
    2874   2719  2720
    2875   2719  3039
    2876   2719  3040
    2877   2720  2721
    2878   2720  3041
    2879   2720  3042
    2880   2721  2722
    2881   2721  3043
    2882   2721  3044
    2883   2722  2723
    2884   2722  2724
    2885   2725  2726
    2886   2725  2835
    2887   2726  3045
    2888   2727  2728
    2889   2727  2731
    2890   2727  2732
    2891   2728  2729
    2892   2728  2730
    2893   2729  3046
    2894   2729  3047
    2895   2730  3048
    2896   2730  3049
    2897   2730  3050
    2898   2732  2733
    2899   2733  2734
    2900   2733  3051
    2901   2733  3052
    2902   2734  2735
    2903   2734  2745
    2904   2734  3053
    2905   2735  3054
    2906   2735  3055
    2907   2735  3056
    2908   2736  2737
    2909   2736  2740
    2910   2736  2748
    2911   2736  3057
    2912   2737  2738
    2913   2737  3058
    2914   2737  3059
    2915   2738  2739
    2916   2738  3060
    2917   2738  3061
    2918   2739  2747
    2919   2740  2741
    2920   2740  3062
    2921   2740  3063
    2922   2741  2742
    2923   2741  3064
    2924   2741  3065
    2925   2742  2743
    2926   2742  3066
    2927   2742  3067
    2928   2743  2744
    2929   2743  3068
    2930   2743  3069
    2931   2744  2745
    2932   2744  2746
    2933   2749  2750
    2934   2749  2753
    2935   2749  2754
    2936   2750  2751
    2937   2750  2752
    2938   2751  3070
    2939   2751  3071
    2940   2752  3072
    2941   2752  3073
    2942   2752  3074
    2943   2754  2755
    2944   2755  2756
    2945   2755  3075
    2946   2755  3076
    2947   2756  2757
    2948   2756  2768
    2949   2756  3077
    2950   2757  3078
    2951   2757  3079
    2952   2757  3080
    2953   2758  2759
    2954   2759  2760
    2955   2759  2763
    2956   2759  3081
    2957   2760  2761
    2958   2760  3082
    2959   2760  3083
    2960   2761  2762
    2961   2761  3084
    2962   2761  3085
    2963   2762  2770
    2964   2763  2764
    2965   2763  3086
    2966   2763  3087
    2967   2764  2765
    2968   2764  3088
    2969   2764  3089
    2970   2765  2766
    2971   2765  3090
    2972   2765  3091
    2973   2766  2767
    2974   2766  3092
    2975   2766  3093
    2976   2767  2768
    2977   2767  2769
    2978   2771  2772
    2979   2771  2782
    2980   2771  3094
    2981   2771  3095
    2982   2772  2773
    2983   2772  3096
    2984   2772  3097
    2985   2773  2774
    2986   2773  3098
    2987   2773  3099
    2988   2774  2775
    2989   2774  3100
    2990   2774  3101
    2991   2775  2776
    2992   2775  3102
    2993   2775  3103
    2994   2776  2777
    2995   2776  3104
    2996   2776  3105
    2997   2777  2778
    2998   2777  3106
    2999   2777  3107
    3000   2778  2779
    3001   2778  3108
    3002   2778  3109
    3003   2779  2780
    3004   2779  3110
    3005   2779  3111
    3006   2780  2781
    3007   2780  3112
    3008   2780  3113
    3009   2781  2785
    3010   2781  3114
    3011   2781  3115
    3012   2782  3116
    3013   2782  3117
    3014   2782  3118
    3015   2783  2784
    3016   2783  2787
    3017   2783  2788
    3018   2783  3119
    3019   2784  2785
    3020   2784  2786
    3021   2787  3120
    3022   2787  3121
    3023   2787  3122
    3024   2788  3123
    3025   2788  3124
    3026   2789  3125
    3027   2789  3126
    3028   2789  3127
    3029   2790  2792
    3030   2791  2792
    3031   2791  3128
    3032   2792  2793
    3033   2793  2794
    3034   2793  3129
    3035   2793  3130
    3036   2794  2795
    3037   2794  3131
    3038   2794  3132
    3039   2795  2796
    3040   2795  3133
    3041   2795  3134
    3042   2796  2821
    3043   2796  3135
    3044   2796  3136
    3045   2797  2798
    3046   2797  2853
    3047   2798  2799
    3048   2798  3137
    3049   2798  3138
    3050   2799  2821
    3051   2799  3139
    3052   2799  3140
    3053   2800  2801
    3054   2800  2804
    3055   2800  2805
    3056   2801  2802
    3057   2801  2803
    3058   2801  2884
    3059   2802  2883
    3060   2802  3141
    3061   2802  3142
    3062   2803  3143
    3063   2803  3144
    3064   2803  3145
    3065   2805  2806
    3066   2806  2807
    3067   2806  3146
    3068   2806  3147
    3069   2807  2808
    3070   2807  2818
    3071   2807  3148
    3072   2808  3149
    3073   2808  3150
    3074   2808  3151
    3075   2809  2810
    3076   2809  2813
    3077   2809  2865
    3078   2809  3152
    3079   2810  2811
    3080   2810  3153
    3081   2810  3154
    3082   2811  2812
    3083   2811  3155
    3084   2811  3156
    3085   2812  2843
    3086   2813  2814
    3087   2813  3157
    3088   2813  3158
    3089   2814  2815
    3090   2814  3159
    3091   2814  3160
    3092   2815  2816
    3093   2815  3161
    3094   2815  3162
    3095   2816  2817
    3096   2816  3163
    3097   2816  3164
    3098   2817  2818
    3099   2817  2819
    3100   2820  2821
    3101   2820  2822
    3102   2821  3165
    3103   2822  3166
    3104   2822  3167
    3105   2822  3168
    3106   2823  2824
    3107   2823  2827
    3108   2823  2828
    3109   2824  2825
    3110   2824  2826
    3111   2825  3169
    3112   2825  3170
    3113   2826  3171
    3114   2826  3172
    3115   2826  3173
    3116   2828  2829
    3117   2829  2830
    3118   2829  3174
    3119   2829  3175
    3120   2830  2831
    3121   2830  2841
    3122   2830  3176
    3123   2831  3177
    3124   2831  3178
    3125   2831  3179
    3126   2832  2833
    3127   2832  2836
    3128   2832  2843
    3129   2832  3180
    3130   2833  2834
    3131   2833  3181
    3132   2833  3182
    3133   2834  2835
    3134   2834  3183
    3135   2834  3184
    3136   2836  2837
    3137   2836  3185
    3138   2836  3186
    3139   2837  2838
    3140   2837  3187
    3141   2837  3188
    3142   2838  2839
    3143   2838  3189
    3144   2838  3190
    3145   2839  2840
    3146   2839  3191
    3147   2839  3192
    3148   2840  2841
    3149   2840  2842
    3150   2844  2845
    3151   2844  2848
    3152   2844  2849
    3153   2845  2846
    3154   2845  2847
    3155   2846  3193
    3156   2846  3194
    3157   2847  3195
    3158   2847  3196
    3159   2847  3197
    3160   2849  2850
    3161   2850  2851
    3162   2850  3198
    3163   2850  3199
    3164   2851  2852
    3165   2851  2863
    3166   2851  3200
    3167   2852  3201
    3168   2852  3202
    3169   2852  3203
    3170   2853  2854
    3171   2854  2855
    3172   2854  2858
    3173   2854  3204
    3174   2855  2856
    3175   2855  3205
    3176   2855  3206
    3177   2856  2857
    3178   2856  3207
    3179   2856  3208
    3180   2857  2865
    3181   2858  2859
    3182   2858  3209
    3183   2858  3210
    3184   2859  2860
    3185   2859  3211
    3186   2859  3212
    3187   2860  2861
    3188   2860  3213
    3189   2860  3214
    3190   2861  2862
    3191   2861  3215
    3192   2861  3216
    3193   2862  2863
    3194   2862  2864
    3195   2866  2867
    3196   2866  2877
    3197   2866  3217
    3198   2866  3218
    3199   2867  2868
    3200   2867  3219
    3201   2867  3220
    3202   2868  2869
    3203   2868  3221
    3204   2868  3222
    3205   2869  2870
    3206   2869  3223
    3207   2869  3224
    3208   2870  2871
    3209   2870  3225
    3210   2870  3226
    3211   2871  2872
    3212   2871  3227
    3213   2871  3228
    3214   2872  2873
    3215   2872  3229
    3216   2872  3230
    3217   2873  2874
    3218   2873  3231
    3219   2873  3232
    3220   2874  2875
    3221   2874  3233
    3222   2874  3234
    3223   2875  2876
    3224   2875  3235
    3225   2875  3236
    3226   2876  2880
    3227   2876  3237
    3228   2876  3238
    3229   2877  3239
    3230   2877  3240
    3231   2877  3241
    3232   2878  2879
    3233   2878  2882
    3234   2878  2883
    3235   2878  3242
    3236   2879  2880
    3237   2879  2881
    3238   2882  3243
    3239   2882  3244
    3240   2882  3245
    3241   2883  3246
    3242   2883  3247
    3243   2884  3248
    3244   2884  3249
    3245   2884  3250
    3246     3251  3253
    3247     3252  3253
    3248     3252  3535
    3249     3253  3254
    3250     3254  3255
    3251     3254  3536
    3252     3254  3537
    3253     3255  3256
    3254     3255  3538
    3255    3255  3539
    3256    3256  3257
    3257    3256  3540
    3258    3256  3541
    3259    3257  3281
    3260    3257  3542
    3261    3257  3543
    3262    3258  3259
    3263    3258  3313
    3264    3259  3260
    3265    3259  3544
    3266    3259  3545
    3267    3260  3281
    3268    3260  3546
    3269    3260  3547
    3270    3261  3262
    3271    3261  3265
    3272    3261  3266
    3273    3262  3263
    3274    3262  3264
    3275    3262  3344
    3276    3263  3343
    3277    3263  3548
    3278    3263  3549
    3279    3264  3550
    3280    3264  3551
    3281    3264  3552
    3282    3266  3267
    3283    3267  3268
    3284    3267  3553
    3285    3267  3554
    3286    3268  3269
    3287    3268  3279
    3288    3268  3555
    3289    3269  3556
    3290    3269  3557
    3291    3269  3558
    3292    3270  3271
    3293    3270  3274
    3294    3270  3325
    3295    3270  3559
    3296    3271  3272
    3297    3271  3560
    3298    3271  3561
    3299    3272  3273
    3300    3272  3562
    3301    3272  3563
    3302    3273  3303
    3303    3274  3275
    3304    3274  3564
    3305    3274  3565
    3306    3275  3276
    3307    3275  3566
    3308    3275  3567
    3309    3276  3277
    3310    3276  3568
    3311    3276  3569
    3312    3277  3278
    3313    3277  3570
    3314    3277  3571
    3315    3278  3279
    3316    3278  3280
    3317    3281  3397
    3318    3281  3572
    3319    3282  3283
    3320    3282  3286
    3321    3282  3287
    3322    3283  3284
    3323    3283  3285
    3324    3284  3573
    3325    3284  3574
    3326    3285  3575
    3327    3285  3576
    3328    3285  3577
    3329    3287  3288
    3330    3288  3289
    3331    3288  3578
    3332    3288  3579
    3333    3289  3290
    3334    3289  3300
    3335    3289  3580
    3336    3290  3581
    3337    3290  3582
    3338    3290  3583
    3339    3291  3292
    3340    3291  3295
    3341    3291  3303
    3342    3291  3584
    3343    3292  3293
    3344    3292  3585
    3345   3292  3586
    3346   3293  3294
    3347   3293  3587
    3348   3293  3588
    3349   3294  3302
    3350   3295  3296
    3351   3295  3589
    3352   3295  3590
    3353   3296  3297
    3354   3296  3591
    3355   3296  3592
    3356   3297  3298
    3357   3297  3593
    3358   3297  3594
    3359   3298  3299
    3360   3298  3595
    3361   3298  3596
    3362   3299  3300
    3363   3299  3301
    3364   3302  3597
    3365   3302  3598
    3366   3302  3599
    3367   3304  3305
    3368   3304  3308
    3369   3304  3309
    3370   3305  3306
    3371   3305  3307
    3372   3306  3600
    3373   3306  3601
    3374   3307  3602
    3375   3307  3603
    3376   3307  3604
    3377   3309  3310
    3378   3310  3311
    3379   3310  3605
    3380   3310  3606
    3381   3311  3312
    3382   3311  3323
    3383   3311  3607
    3384   3312  3608
    3385   3312  3609
    3386   3312  3610
    3387   3313  3314
    3388   3314  3315
    3389   3314  3318
    3390   3314  3611
    3391   3315  3316
    3392   3315  3612
    3393   3315  3613
    3394   3316  3317
    3395   3316  3614
    3396   3316  3615
    3397   3317  3325
    3398   3318  3319
    3399   3318  3616
    3400   3318  3617
    3401   3319  3320
    3402   3319  3618
    3403   3319  3619
    3404   3320  3321
    3405   3320  3620
    3406   3320  3621
    3407   3321  3322
    3408   3321  3622
    3409   3321  3623
    3410   3322  3323
    3411   3322  3324
    3412   3326  3327
    3413   3326  3337
    3414   3326  3624
    3415   3326  3625
    3416   3327  3328
    3417   3327  3626
    3418   3327  3627
    3419   3328  3329
    3420   3328  3628
    3421   3328  3629
    3422   3329  3330
    3423   3329  3630
    3424   3329  3631
    3425   3330  3331
    3426   3330  3632
    3427   3330  3633
    3428   3331  3332
    3429   3331  3634
    3430   3331  3635
    3431   3332  3333
    3432   3332  3636
    3433   3332  3637
    3434   3333  3334
    3435   3333  3638
    3436   3333  3639
    3437   3334  3335
    3438   3334  3640
    3439   3334  3641
    3440   3335  3336
    3441   3335  3642
    3442   3335  3643
    3443   3336  3340
    3444   3336  3644
    3445   3336  3645
    3446   3337  3646
    3447   3337  3647
    3448   3337  3648
    3449   3338  3339
    3450   3338  3342
    3451   3338  3343
    3452   3338  3649
    3453   3339  3340
    3454   3339  3341
    3455   3342  3650
    3456   3342  3651
    3457   3342  3652
    3458   3343  3653
    3459   3343  3654
    3460   3344  3655
    3461   3344  3656
    3462   3344  3657
    3463   3345  3347
    3464   3346  3347
    3465   3346  3658
    3466   3347  3348
    3467   3348  3349
    3468   3348  3659
    3469   3348  3660
    3470   3349  3350
    3471   3349  3661
    3472   3349  3662
    3473   3350  3351
    3474   3350  3663
    3475   3350  3664
    3476   3351  3376
    3477   3351  3665
    3478   3351  3666
    3479   3352  3353
    3480   3352  3408
    3481   3353  3354
    3482   3353  3667
    3483   3353  3668
    3484   3354  3376
    3485   3354  3669
    3486   3354  3670
    3487   3355  3356
    3488   3355  3359
    3489   3355  3360
    3490   3356  3357
    3491   3356  3358
    3492   3356  3439
    3493   3357  3438
    3494   3357  3671
    3495   3357  3672
    3496   3358  3673
    3497   3358  3674
    3498   3358  3675
    3499   3360  3361
    3500   3361  3362
    3501   3361  3676
    3502   3361  3677
    3503   3362  3363
    3504   3362  3373
    3505   3362  3678
    3506   3363  3679
    3507   3363  3680
    3508   3363  3681
    3509   3364  3365
    3510   3364  3368
    3511   3364  3420
    3512   3364  3682
    3513   3365  3366
    3514   3365  3683
    3515   3365  3684
    3516   3366  3367
    3517   3366  3685
    3518   3366  3686
    3519   3367  3398
    3520   3368  3369
    3521   3368  3687
    3522   3368  3688
    3523   3369  3370
    3524   3369  3689
    3525   3369  3690
    3526   3370  3371
    3527   3370  3691
    3528   3370  3692
    3529   3371  3372
    3530   3371  3693
    3531   3371  3694
    3532   3372  3373
    3533   3372  3374
    3534   3375  3376
    3535   3375  3485
    3536   3376  3695
    3537   3377  3378
    3538   3377  3381
    3539   3377  3382
    3540   3378  3379
    3541   3378  3380
    3542   3379  3696
    3543   3379  3697
    3544   3380  3698
    3545   3380  3699
    3546   3380  3700
    3547   3382  3383
    3548   3383  3384
    3549   3383  3701
    3550   3383  3702
    3551   3384  3385
    3552   3384  3395
    3553   3384  3703
    3554   3385  3704
    3555   3385  3705
    3556   3385  3706
    3557   3386  3387
    3558   3386  3390
    3559   3386  3398
    3560   3386  3707
    3561   3387  3388
    3562   3387  3708
    3563   3387  3709
    3564   3388  3389
    3565   3388  3710
    3566   3388  3711
    3567   3389  3397
    3568   3390  3391
    3569   3390  3712
    3570   3390  3713
    3571   3391  3392
    3572   3391  3714
    3573   3391  3715
    3574   3392  3393
    3575   3392  3716
    3576   3392  3717
    3577   3393  3394
    3578   3393  3718
    3579   3393  3719
    3580   3394  3395
    3581   3394  3396
    3582   3399  3400
    3583   3399  3403
    3584   3399  3404
    3585   3400  3401
    3586   3400  3402
    3587   3401  3720
    3588   3401  3721
    3589   3402  3722
    3590   3402  3723
    3591   3402  3724
    3592   3404  3405
    3593   3405  3406
    3594   3405  3725
    3595   3405  3726
    3596   3406  3407
    3597   3406  3418
    3598   3406  3727
    3599   3407  3728
    3600   3407  3729
    3601   3407  3730
    3602   3408  3409
    3603   3409  3410
    3604   3409  3413
    3605   3409  3731
    3606   3410  3411
    3607   3410  3732
    3608   3410  3733
    3609   3411  3412
    3610   3411  3734
    3611   3411  3735
    3612   3412  3420
    3613   3413  3414
    3614   3413  3736
    3615   3413  3737
    3616   3414  3415
    3617   3414  3738
    3618   3414  3739
    3619   3415  3416
    3620   3415  3740
    3621   3415  3741
    3622   3416  3417
    3623   3416  3742
    3624   3416  3743
    3625   3417  3418
    3626   3417  3419
    3627   3421  3422
    3628   3421  3432
    3629   3421  3744
    3630   3421  3745
    3631   3422  3423
    3632   3422  3746
    3633   3422  3747
    3634   3423  3424
    3635   3423  3748
    3636   3423  3749
    3637   3424  3425
    3638   3424  3750
    3639   3424  3751
    3640   3425  3426
    3641   3425  3752
    3642   3425  3753
    3643   3426  3427
    3644   3426  3754
    3645   3426  3755
    3646   3427  3428
    3647   3427  3756
    3648   3427  3757
    3649   3428  3429
    3650   3428  3758
    3651   3428  3759
    3652   3429  3430
    3653   3429  3760
    3654   3429  3761
    3655   3430  3431
    3656   3430  3762
    3657   3430  3763
    3658   3431  3435
    3659   3431  3764
    3660   3431  3765
    3661   3432  3766
    3662   3432  3767
    3663   3432  3768
    3664   3433  3434
    3665   3433  3437
    3666   3433  3438
    3667   3433  3769
    3668   3434  3435
    3669   3434  3436
    3670   3437  3770
    3671   3437  3771
    3672   3437  3772
    3673   3438  3773
    3674   3438  3774
    3675   3439  3775
    3676   3439  3776
    3677   3439  3777
    3678   3440  3442
    3679   3441  3442
    3680   3441  3778
    3681   3442  3443
    3682   3443  3444
    3683   3443  3779
    3684   3443  3780
    3685   3444  3445
    3686   3444  3781
    3687   3444  3782
    3688   3445  3446
    3689   3445  3783
    3690   3445  3784
    3691   3446  3471
    3692   3446  3785
    3693   3446  3786
    3694   3447  3448
    3695   3447  3503
    3696   3448  3449
    3697   3448  3787
    3698   3448  3788
    3699   3449  3471
    3700   3449  3789
    3701   3449  3790
    3702   3450  3451
    3703   3450  3454
    3704   3450  3455
    3705   3451  3452
    3706   3451  3453
    3707   3451  3534
    3708   3452  3533
    3709   3452  3791
    3710   3452  3792
    3711   3453  3793
    3712   3453  3794
    3713   3453  3795
    3714   3455  3456
    3715   3456  3457
    3716   3456  3796
    3717   3456  3797
    3718   3457  3458
    3719   3457  3468
    3720   3457  3798
    3721   3458  3799
    3722   3458  3800
    3723   3458  3801
    3724   3459  3460
    3725   3459  3463
    3726   3459  3515
    3727   3459  3802
    3728   3460  3461
    3729   3460  3803
    3730   3460  3804
    3731   3461  3462
    3732   3461  3805
    3733   3461  3806
    3734   3462  3493
    3735   3463  3464
    3736   3463  3807
    3737   3463  3808
    3738   3464  3465
    3739   3464  3809
    3740   3464  3810
    3741   3465  3466
    3742   3465  3811
    3743   3465  3812
    3744   3466  3467
    3745   3466  3813
    3746   3466  3814
    3747   3467  3468
    3748   3467  3469
    3749   3470  3471
    3750   3470  3472
    3751   3471  3815
    3752   3472  3816
    3753   3472  3817
    3754   3472  3818
    3755   3473  3474
    3756   3473  3477
    3757   3473  3478
    3758   3474  3475
    3759   3474  3476
    3760   3475  3819
    3761   3475  3820
    3762   3476  3821
    3763   3476  3822
    3764   3476  3823
    3765   3478  3479
    3766   3479  3480
    3767   3479  3824
    3768   3479  3825
    3769   3480  3481
    3770   3480  3491
    3771   3480  3826
    3772   3481  3827
    3773   3481  3828
    3774   3481  3829
    3775   3482  3483
    3776   3482  3486
    3777   3482  3493
    3778   3482  3830
    3779   3483  3484
    3780   3483  3831
    3781   3483  3832
    3782   3484  3485
    3783   3484  3833
    3784   3484  3834
    3785   3486  3487
    3786   3486  3835
    3787   3486  3836
    3788   3487  3488
    3789   3487  3837
    3790   3487  3838
    3791   3488  3489
    3792   3488  3839
    3793   3488  3840
    3794   3489  3490
    3795   3489  3841
    3796   3489  3842
    3797   3490  3491
    3798   3490  3492
    3799   3494  3495
    3800   3494  3498
    3801   3494  3499
    3802   3495  3496
    3803   3495  3497
    3804   3496  3843
    3805   3496  3844
    3806   3497  3845
    3807   3497  3846
    3808   3497  3847
    3809   3499  3500
    3810   3500  3501
    3811   3500  3848
    3812   3500  3849
    3813   3501  3502
    3814   3501  3513
    3815   3501  3850
    3816   3502  3851
    3817   3502  3852
    3818   3502  3853
    3819   3503  3504
    3820   3504  3505
    3821   3504  3508
    3822   3504  3854
    3823   3505  3506
    3824   3505  3855
    3825   3505  3856
    3826   3506  3507
    3827   3506  3857
    3828   3506  3858
    3829   3507  3515
    3830   3508  3509
    3831   3508  3859
    3832   3508  3860
    3833   3509  3510
    3834   3509  3861
    3835   3509  3862
    3836   3510  3511
    3837   3510  3863
    3838   3510  3864
    3839   3511  3512
    3840   3511  3865
    3841   3511  3866
    3842   3512  3513
    3843   3512  3514
    3844   3516  3517
    3845   3516  3527
    3846   3516  3867
    3847   3516  3868
    3848   3517  3518
    3849   3517  3869
    3850   3517  3870
    3851   3518  3519
    3852   3518  3871
    3853   3518  3872
    3854   3519  3520
    3855   3519  3873
    3856   3519  3874
    3857   3520  3521
    3858   3520  3875
    3859   3520  3876
    3860   3521  3522
    3861   3521  3877
    3862   3521  3878
    3863   3522  3523
    3864   3522  3879
    3865   3522  3880
    3866   3523  3524
    3867   3523  3881
    3868   3523  3882
    3869   3524  3525
    3870   3524  3883
    3871   3524  3884
    3872   3525  3526
    3873   3525  3885
    3874   3525  3886
    3875   3526  3530
    3876   3526  3887
    3877   3526  3888
    3878   3527  3889
    3879   3527  3890
    3880   3527  3891
    3881   3528  3529
    3882   3528  3532
    3883   3528  3533
    3884   3528  3892
    3885   3529  3530
    3886   3529  3531
    3887   3532  3893
    3888   3532  3894
    3889   3532  3895
    3890   3533  3896
    3891   3533  3897
    3892   3534  3898
    3893   3534  3899
    3894   3534  3900
    3895     3901  3903
    3896     3902  3903
    3897     3902  4185
    3898     3903  3904
    3899     3904  3905
    3900     3904  4186
    3901     3904  4187
    3902     3905  3906
    3903     3905  4188
    3904    3905  4189
    3905    3906  3907
    3906    3906  4190
    3907    3906  4191
    3908    3907  3931
    3909    3907  4192
    3910    3907  4193
    3911    3908  3909
    3912    3908  3963
    3913    3909  3910
    3914    3909  4194
    3915    3909  4195
    3916    3910  3931
    3917    3910  4196
    3918    3910  4197
    3919    3911  3912
    3920    3911  3915
    3921    3911  3916
    3922    3912  3913
    3923    3912  3914
    3924    3912  3994
    3925    3913  3993
    3926    3913  4198
    3927    3913  4199
    3928    3914  4200
    3929    3914  4201
    3930    3914  4202
    3931    3916  3917
    3932    3917  3918
    3933    3917  4203
    3934    3917  4204
    3935    3918  3919
    3936    3918  3929
    3937    3918  4205
    3938    3919  4206
    3939    3919  4207
    3940    3919  4208
    3941    3920  3921
    3942    3920  3924
    3943    3920  3975
    3944    3920  4209
    3945    3921  3922
    3946    3921  4210
    3947    3921  4211
    3948    3922  3923
    3949    3922  4212
    3950    3922  4213
    3951    3923  3953
    3952    3924  3925
    3953    3924  4214
    3954    3924  4215
    3955    3925  3926
    3956    3925  4216
    3957    3925  4217
    3958    3926  3927
    3959    3926  4218
    3960    3926  4219
    3961    3927  3928
    3962    3927  4220
    3963    3927  4221
    3964    3928  3929
    3965    3928  3930
    3966    3931  4047
    3967    3931  4222
    3968    3932  3933
    3969    3932  3936
    3970    3932  3937
    3971    3933  3934
    3972    3933  3935
    3973    3934  4223
    3974    3934  4224
    3975    3935  4225
    3976    3935  4226
    3977    3935  4227
    3978    3937  3938
    3979    3938  3939
    3980    3938  4228
    3981    3938  4229
    3982    3939  3940
    3983    3939  3950
    3984    3939  4230
    3985    3940  4231
    3986    3940  4232
    3987    3940  4233
    3988    3941  3942
    3989    3941  3945
    3990    3941  3953
    3991    3941  4234
    3992    3942  3943
    3993    3942  4235
    3994   3942  4236
    3995   3943  3944
    3996   3943  4237
    3997   3943  4238
    3998   3944  3952
    3999   3945  3946
    4000   3945  4239
    4001   3945  4240
    4002   3946  3947
    4003   3946  4241
    4004   3946  4242
    4005   3947  3948
    4006   3947  4243
    4007   3947  4244
    4008   3948  3949
    4009   3948  4245
    4010   3948  4246
    4011   3949  3950
    4012   3949  3951
    4013   3952  4247
    4014   3952  4248
    4015   3952  4249
    4016   3954  3955
    4017   3954  3958
    4018   3954  3959
    4019   3955  3956
    4020   3955  3957
    4021   3956  4250
    4022   3956  4251
    4023   3957  4252
    4024   3957  4253
    4025   3957  4254
    4026   3959  3960
    4027   3960  3961
    4028   3960  4255
    4029   3960  4256
    4030   3961  3962
    4031   3961  3973
    4032   3961  4257
    4033   3962  4258
    4034   3962  4259
    4035   3962  4260
    4036   3963  3964
    4037   3964  3965
    4038   3964  3968
    4039   3964  4261
    4040   3965  3966
    4041   3965  4262
    4042   3965  4263
    4043   3966  3967
    4044   3966  4264
    4045   3966  4265
    4046   3967  3975
    4047   3968  3969
    4048   3968  4266
    4049   3968  4267
    4050   3969  3970
    4051   3969  4268
    4052   3969  4269
    4053   3970  3971
    4054   3970  4270
    4055   3970  4271
    4056   3971  3972
    4057   3971  4272
    4058   3971  4273
    4059   3972  3973
    4060   3972  3974
    4061   3976  3977
    4062   3976  3987
    4063   3976  4274
    4064   3976  4275
    4065   3977  3978
    4066   3977  4276
    4067   3977  4277
    4068   3978  3979
    4069   3978  4278
    4070   3978  4279
    4071   3979  3980
    4072   3979  4280
    4073   3979  4281
    4074   3980  3981
    4075   3980  4282
    4076   3980  4283
    4077   3981  3982
    4078   3981  4284
    4079   3981  4285
    4080   3982  3983
    4081   3982  4286
    4082   3982  4287
    4083   3983  3984
    4084   3983  4288
    4085   3983  4289
    4086   3984  3985
    4087   3984  4290
    4088   3984  4291
    4089   3985  3986
    4090   3985  4292
    4091   3985  4293
    4092   3986  3990
    4093   3986  4294
    4094   3986  4295
    4095   3987  4296
    4096   3987  4297
    4097   3987  4298
    4098   3988  3989
    4099   3988  3992
    4100   3988  3993
    4101   3988  4299
    4102   3989  3990
    4103   3989  3991
    4104   3992  4300
    4105   3992  4301
    4106   3992  4302
    4107   3993  4303
    4108   3993  4304
    4109   3994  4305
    4110   3994  4306
    4111   3994  4307
    4112   3995  3997
    4113   3996  3997
    4114   3996  4308
    4115   3997  3998
    4116   3998  3999
    4117   3998  4309
    4118   3998  4310
    4119   3999  4000
    4120   3999  4311
    4121   3999  4312
    4122   4000  4001
    4123   4000  4313
    4124   4000  4314
    4125   4001  4026
    4126   4001  4315
    4127   4001  4316
    4128   4002  4003
    4129   4002  4058
    4130   4003  4004
    4131   4003  4317
    4132   4003  4318
    4133   4004  4026
    4134   4004  4319
    4135   4004  4320
    4136   4005  4006
    4137   4005  4009
    4138   4005  4010
    4139   4006  4007
    4140   4006  4008
    4141   4006  4089
    4142   4007  4088
    4143   4007  4321
    4144   4007  4322
    4145   4008  4323
    4146   4008  4324
    4147   4008  4325
    4148   4010  4011
    4149   4011  4012
    4150   4011  4326
    4151   4011  4327
    4152   4012  4013
    4153   4012  4023
    4154   4012  4328
    4155   4013  4329
    4156   4013  4330
    4157   4013  4331
    4158   4014  4015
    4159   4014  4018
    4160   4014  4070
    4161   4014  4332
    4162   4015  4016
    4163   4015  4333
    4164   4015  4334
    4165   4016  4017
    4166   4016  4335
    4167   4016  4336
    4168   4017  4048
    4169   4018  4019
    4170   4018  4337
    4171   4018  4338
    4172   4019  4020
    4173   4019  4339
    4174   4019  4340
    4175   4020  4021
    4176   4020  4341
    4177   4020  4342
    4178   4021  4022
    4179   4021  4343
    4180   4021  4344
    4181   4022  4023
    4182   4022  4024
    4183   4025  4026
    4184   4025  4135
    4185   4026  4345
    4186   4027  4028
    4187   4027  4031
    4188   4027  4032
    4189   4028  4029
    4190   4028  4030
    4191   4029  4346
    4192   4029  4347
    4193   4030  4348
    4194   4030  4349
    4195   4030  4350
    4196   4032  4033
    4197   4033  4034
    4198   4033  4351
    4199   4033  4352
    4200   4034  4035
    4201   4034  4045
    4202   4034  4353
    4203   4035  4354
    4204   4035  4355
    4205   4035  4356
    4206   4036  4037
    4207   4036  4040
    4208   4036  4048
    4209   4036  4357
    4210   4037  4038
    4211   4037  4358
    4212   4037  4359
    4213   4038  4039
    4214   4038  4360
    4215   4038  4361
    4216   4039  4047
    4217   4040  4041
    4218   4040  4362
    4219   4040  4363
    4220   4041  4042
    4221   4041  4364
    4222   4041  4365
    4223   4042  4043
    4224   4042  4366
    4225   4042  4367
    4226   4043  4044
    4227   4043  4368
    4228   4043  4369
    4229   4044  4045
    4230   4044  4046
    4231   4049  4050
    4232   4049  4053
    4233   4049  4054
    4234   4050  4051
    4235   4050  4052
    4236   4051  4370
    4237   4051  4371
    4238   4052  4372
    4239   4052  4373
    4240   4052  4374
    4241   4054  4055
    4242   4055  4056
    4243   4055  4375
    4244   4055  4376
    4245   4056  4057
    4246   4056  4068
    4247   4056  4377
    4248   4057  4378
    4249   4057  4379
    4250   4057  4380
    4251   4058  4059
    4252   4059  4060
    4253   4059  4063
    4254   4059  4381
    4255   4060  4061
    4256   4060  4382
    4257   4060  4383
    4258   4061  4062
    4259   4061  4384
    4260   4061  4385
    4261   4062  4070
    4262   4063  4064
    4263   4063  4386
    4264   4063  4387
    4265   4064  4065
    4266   4064  4388
    4267   4064  4389
    4268   4065  4066
    4269   4065  4390
    4270   4065  4391
    4271   4066  4067
    4272   4066  4392
    4273   4066  4393
    4274   4067  4068
    4275   4067  4069
    4276   4071  4072
    4277   4071  4082
    4278   4071  4394
    4279   4071  4395
    4280   4072  4073
    4281   4072  4396
    4282   4072  4397
    4283   4073  4074
    4284   4073  4398
    4285   4073  4399
    4286   4074  4075
    4287   4074  4400
    4288   4074  4401
    4289   4075  4076
    4290   4075  4402
    4291   4075  4403
    4292   4076  4077
    4293   4076  4404
    4294   4076  4405
    4295   4077  4078
    4296   4077  4406
    4297   4077  4407
    4298   4078  4079
    4299   4078  4408
    4300   4078  4409
    4301   4079  4080
    4302   4079  4410
    4303   4079  4411
    4304   4080  4081
    4305   4080  4412
    4306   4080  4413
    4307   4081  4085
    4308   4081  4414
    4309   4081  4415
    4310   4082  4416
    4311   4082  4417
    4312   4082  4418
    4313   4083  4084
    4314   4083  4087
    4315   4083  4088
    4316   4083  4419
    4317   4084  4085
    4318   4084  4086
    4319   4087  4420
    4320   4087  4421
    4321   4087  4422
    4322   4088  4423
    4323   4088  4424
    4324   4089  4425
    4325   4089  4426
    4326   4089  4427
    4327   4090  4092
    4328   4091  4092
    4329   4091  4428
    4330   4092  4093
    4331   4093  4094
    4332   4093  4429
    4333   4093  4430
    4334   4094  4095
    4335   4094  4431
    4336   4094  4432
    4337   4095  4096
    4338   4095  4433
    4339   4095  4434
    4340   4096  4121
    4341   4096  4435
    4342   4096  4436
    4343   4097  4098
    4344   4097  4153
    4345   4098  4099
    4346   4098  4437
    4347   4098  4438
    4348   4099  4121
    4349   4099  4439
    4350   4099  4440
    4351   4100  4101
    4352   4100  4104
    4353   4100  4105
    4354   4101  4102
    4355   4101  4103
    4356   4101  4184
    4357   4102  4183
    4358   4102  4441
    4359   4102  4442
    4360   4103  4443
    4361   4103  4444
    4362   4103  4445
    4363   4105  4106
    4364   4106  4107
    4365   4106  4446
    4366   4106  4447
    4367   4107  4108
    4368   4107  4118
    4369   4107  4448
    4370   4108  4449
    4371   4108  4450
    4372   4108  4451
    4373   4109  4110
    4374   4109  4113
    4375   4109  4165
    4376   4109  4452
    4377   4110  4111
    4378   4110  4453
    4379   4110  4454
    4380   4111  4112
    4381   4111  4455
    4382   4111  4456
    4383   4112  4143
    4384   4113  4114
    4385   4113  4457
    4386   4113  4458
    4387   4114  4115
    4388   4114  4459
    4389   4114  4460
    4390   4115  4116
    4391   4115  4461
    4392   4115  4462
    4393   4116  4117
    4394   4116  4463
    4395   4116  4464
    4396   4117  4118
    4397   4117  4119
    4398   4120  4121
    4399   4120  4122
    4400   4121  4465
    4401   4122  4466
    4402   4122  4467
    4403   4122  4468
    4404   4123  4124
    4405   4123  4127
    4406   4123  4128
    4407   4124  4125
    4408   4124  4126
    4409   4125  4469
    4410   4125  4470
    4411   4126  4471
    4412   4126  4472
    4413   4126  4473
    4414   4128  4129
    4415   4129  4130
    4416   4129  4474
    4417   4129  4475
    4418   4130  4131
    4419   4130  4141
    4420   4130  4476
    4421   4131  4477
    4422   4131  4478
    4423   4131  4479
    4424   4132  4133
    4425   4132  4136
    4426   4132  4143
    4427   4132  4480
    4428   4133  4134
    4429   4133  4481
    4430   4133  4482
    4431   4134  4135
    4432   4134  4483
    4433   4134  4484
    4434   4136  4137
    4435   4136  4485
    4436   4136  4486
    4437   4137  4138
    4438   4137  4487
    4439   4137  4488
    4440   4138  4139
    4441   4138  4489
    4442   4138  4490
    4443   4139  4140
    4444   4139  4491
    4445   4139  4492
    4446   4140  4141
    4447   4140  4142
    4448   4144  4145
    4449   4144  4148
    4450   4144  4149
    4451   4145  4146
    4452   4145  4147
    4453   4146  4493
    4454   4146  4494
    4455   4147  4495
    4456   4147  4496
    4457   4147  4497
    4458   4149  4150
    4459   4150  4151
    4460   4150  4498
    4461   4150  4499
    4462   4151  4152
    4463   4151  4163
    4464   4151  4500
    4465   4152  4501
    4466   4152  4502
    4467   4152  4503
    4468   4153  4154
    4469   4154  4155
    4470   4154  4158
    4471   4154  4504
    4472   4155  4156
    4473   4155  4505
    4474   4155  4506
    4475   4156  4157
    4476   4156  4507
    4477   4156  4508
    4478   4157  4165
    4479   4158  4159
    4480   4158  4509
    4481   4158  4510
    4482   4159  4160
    4483   4159  4511
    4484   4159  4512
    4485   4160  4161
    4486   4160  4513
    4487   4160  4514
    4488   4161  4162
    4489   4161  4515
    4490   4161  4516
    4491   4162  4163
    4492   4162  4164
    4493   4166  4167
    4494   4166  4177
    4495   4166  4517
    4496   4166  4518
    4497   4167  4168
    4498   4167  4519
    4499   4167  4520
    4500   4168  4169
    4501   4168  4521
    4502   4168  4522
    4503   4169  4170
    4504   4169  4523
    4505   4169  4524
    4506   4170  4171
    4507   4170  4525
    4508   4170  4526
    4509   4171  4172
    4510   4171  4527
    4511   4171  4528
    4512   4172  4173
    4513   4172  4529
    4514   4172  4530
    4515   4173  4174
    4516   4173  4531
    4517   4173  4532
    4518   4174  4175
    4519   4174  4533
    4520   4174  4534
    4521   4175  4176
    4522   4175  4535
    4523   4175  4536
    4524   4176  4180
    4525   4176  4537
    4526   4176  4538
    4527   4177  4539
    4528   4177  4540
    4529   4177  4541
    4530   4178  4179
    4531   4178  4182
    4532   4178  4183
    4533   4178  4542
    4534   4179  4180
    4535   4179  4181
    4536   4182  4543
    4537   4182  4544
    4538   4182  4545
    4539   4183  4546
    4540   4183  4547
    4541   4184  4548
    4542   4184  4549
    4543   4184  4550
    4544     4551  4553
    4545     4552  4553
    4546     4552  4835
    4547     4553  4554
    4548     4554  4555
    4549     4554  4836
    4550     4554  4837
    4551     4555  4556
    4552     4555  4838
    4553    4555  4839
    4554    4556  4557
    4555    4556  4840
    4556    4556  4841
    4557    4557  4581
    4558    4557  4842
    4559    4557  4843
    4560    4558  4559
    4561    4558  4613
    4562    4559  4560
    4563    4559  4844
    4564    4559  4845
    4565    4560  4581
    4566    4560  4846
    4567    4560  4847
    4568    4561  4562
    4569    4561  4565
    4570    4561  4566
    4571    4562  4563
    4572    4562  4564
    4573    4562  4644
    4574    4563  4643
    4575    4563  4848
    4576    4563  4849
    4577    4564  4850
    4578    4564  4851
    4579    4564  4852
    4580    4566  4567
    4581    4567  4568
    4582    4567  4853
    4583    4567  4854
    4584    4568  4569
    4585    4568  4579
    4586    4568  4855
    4587    4569  4856
    4588    4569  4857
    4589    4569  4858
    4590    4570  4571
    4591    4570  4574
    4592    4570  4625
    4593    4570  4859
    4594    4571  4572
    4595    4571  4860
    4596    4571  4861
    4597    4572  4573
    4598    4572  4862
    4599    4572  4863
    4600    4573  4603
    4601    4574  4575
    4602    4574  4864
    4603    4574  4865
    4604    4575  4576
    4605    4575  4866
    4606    4575  4867
    4607    4576  4577
    4608    4576  4868
    4609    4576  4869
    4610    4577  4578
    4611    4577  4870
    4612    4577  4871
    4613    4578  4579
    4614    4578  4580
    4615    4581  4697
    4616    4581  4872
    4617    4582  4583
    4618    4582  4586
    4619    4582  4587
    4620    4583  4584
    4621    4583  4585
    4622    4584  4873
    4623    4584  4874
    4624    4585  4875
    4625    4585  4876
    4626    4585  4877
    4627    4587  4588
    4628    4588  4589
    4629    4588  4878
    4630    4588  4879
    4631    4589  4590
    4632    4589  4600
    4633    4589  4880
    4634    4590  4881
    4635    4590  4882
    4636    4590  4883
    4637    4591  4592
    4638    4591  4595
    4639    4591  4603
    4640    4591  4884
    4641    4592  4593
    4642    4592  4885
    4643   4592  4886
    4644   4593  4594
    4645   4593  4887
    4646   4593  4888
    4647   4594  4602
    4648   4595  4596
    4649   4595  4889
    4650   4595  4890
    4651   4596  4597
    4652   4596  4891
    4653   4596  4892
    4654   4597  4598
    4655   4597  4893
    4656   4597  4894
    4657   4598  4599
    4658   4598  4895
    4659   4598  4896
    4660   4599  4600
    4661   4599  4601
    4662   4602  4897
    4663   4602  4898
    4664   4602  4899
    4665   4604  4605
    4666   4604  4608
    4667   4604  4609
    4668   4605  4606
    4669   4605  4607
    4670   4606  4900
    4671   4606  4901
    4672   4607  4902
    4673   4607  4903
    4674   4607  4904
    4675   4609  4610
    4676   4610  4611
    4677   4610  4905
    4678   4610  4906
    4679   4611  4612
    4680   4611  4623
    4681   4611  4907
    4682   4612  4908
    4683   4612  4909
    4684   4612  4910
    4685   4613  4614
    4686   4614  4615
    4687   4614  4618
    4688   4614  4911
    4689   4615  4616
    4690   4615  4912
    4691   4615  4913
    4692   4616  4617
    4693   4616  4914
    4694   4616  4915
    4695   4617  4625
    4696   4618  4619
    4697   4618  4916
    4698   4618  4917
    4699   4619  4620
    4700   4619  4918
    4701   4619  4919
    4702   4620  4621
    4703   4620  4920
    4704   4620  4921
    4705   4621  4622
    4706   4621  4922
    4707   4621  4923
    4708   4622  4623
    4709   4622  4624
    4710   4626  4627
    4711   4626  4637
    4712   4626  4924
    4713   4626  4925
    4714   4627  4628
    4715   4627  4926
    4716   4627  4927
    4717   4628  4629
    4718   4628  4928
    4719   4628  4929
    4720   4629  4630
    4721   4629  4930
    4722   4629  4931
    4723   4630  4631
    4724   4630  4932
    4725   4630  4933
    4726   4631  4632
    4727   4631  4934
    4728   4631  4935
    4729   4632  4633
    4730   4632  4936
    4731   4632  4937
    4732   4633  4634
    4733   4633  4938
    4734   4633  4939
    4735   4634  4635
    4736   4634  4940
    4737   4634  4941
    4738   4635  4636
    4739   4635  4942
    4740   4635  4943
    4741   4636  4640
    4742   4636  4944
    4743   4636  4945
    4744   4637  4946
    4745   4637  4947
    4746   4637  4948
    4747   4638  4639
    4748   4638  4642
    4749   4638  4643
    4750   4638  4949
    4751   4639  4640
    4752   4639  4641
    4753   4642  4950
    4754   4642  4951
    4755   4642  4952
    4756   4643  4953
    4757   4643  4954
    4758   4644  4955
    4759   4644  4956
    4760   4644  4957
    4761   4645  4647
    4762   4646  4647
    4763   4646  4958
    4764   4647  4648
    4765   4648  4649
    4766   4648  4959
    4767   4648  4960
    4768   4649  4650
    4769   4649  4961
    4770   4649  4962
    4771   4650  4651
    4772   4650  4963
    4773   4650  4964
    4774   4651  4676
    4775   4651  4965
    4776   4651  4966
    4777   4652  4653
    4778   4652  4708
    4779   4653  4654
    4780   4653  4967
    4781   4653  4968
    4782   4654  4676
    4783   4654  4969
    4784   4654  4970
    4785   4655  4656
    4786   4655  4659
    4787   4655  4660
    4788   4656  4657
    4789   4656  4658
    4790   4656  4739
    4791   4657  4738
    4792   4657  4971
    4793   4657  4972
    4794   4658  4973
    4795   4658  4974
    4796   4658  4975
    4797   4660  4661
    4798   4661  4662
    4799   4661  4976
    4800   4661  4977
    4801   4662  4663
    4802   4662  4673
    4803   4662  4978
    4804   4663  4979
    4805   4663  4980
    4806   4663  4981
    4807   4664  4665
    4808   4664  4668
    4809   4664  4720
    4810   4664  4982
    4811   4665  4666
    4812   4665  4983
    4813   4665  4984
    4814   4666  4667
    4815   4666  4985
    4816   4666  4986
    4817   4667  4698
    4818   4668  4669
    4819   4668  4987
    4820   4668  4988
    4821   4669  4670
    4822   4669  4989
    4823   4669  4990
    4824   4670  4671
    4825   4670  4991
    4826   4670  4992
    4827   4671  4672
    4828   4671  4993
    4829   4671  4994
    4830   4672  4673
    4831   4672  4674
    4832   4675  4676
    4833   4675  4785
    4834   4676  4995
    4835   4677  4678
    4836   4677  4681
    4837   4677  4682
    4838   4678  4679
    4839   4678  4680
    4840   4679  4996
    4841   4679  4997
    4842   4680  4998
    4843   4680  4999
    4844   4680  5000
    4845   4682  4683
    4846   4683  4684
    4847   4683  5001
    4848   4683  5002
    4849   4684  4685
    4850   4684  4695
    4851   4684  5003
    4852   4685  5004
    4853   4685  5005
    4854   4685  5006
    4855   4686  4687
    4856   4686  4690
    4857   4686  4698
    4858   4686  5007
    4859   4687  4688
    4860   4687  5008
    4861   4687  5009
    4862   4688  4689
    4863   4688  5010
    4864   4688  5011
    4865   4689  4697
    4866   4690  4691
    4867   4690  5012
    4868   4690  5013
    4869   4691  4692
    4870   4691  5014
    4871   4691  5015
    4872   4692  4693
    4873   4692  5016
    4874   4692  5017
    4875   4693  4694
    4876   4693  5018
    4877   4693  5019
    4878   4694  4695
    4879   4694  4696
    4880   4699  4700
    4881   4699  4703
    4882   4699  4704
    4883   4700  4701
    4884   4700  4702
    4885   4701  5020
    4886   4701  5021
    4887   4702  5022
    4888   4702  5023
    4889   4702  5024
    4890   4704  4705
    4891   4705  4706
    4892   4705  5025
    4893   4705  5026
    4894   4706  4707
    4895   4706  4718
    4896   4706  5027
    4897   4707  5028
    4898   4707  5029
    4899   4707  5030
    4900   4708  4709
    4901   4709  4710
    4902   4709  4713
    4903   4709  5031
    4904   4710  4711
    4905   4710  5032
    4906   4710  5033
    4907   4711  4712
    4908   4711  5034
    4909   4711  5035
    4910   4712  4720
    4911   4713  4714
    4912   4713  5036
    4913   4713  5037
    4914   4714  4715
    4915   4714  5038
    4916   4714  5039
    4917   4715  4716
    4918   4715  5040
    4919   4715  5041
    4920   4716  4717
    4921   4716  5042
    4922   4716  5043
    4923   4717  4718
    4924   4717  4719
    4925   4721  4722
    4926   4721  4732
    4927   4721  5044
    4928   4721  5045
    4929   4722  4723
    4930   4722  5046
    4931   4722  5047
    4932   4723  4724
    4933   4723  5048
    4934   4723  5049
    4935   4724  4725
    4936   4724  5050
    4937   4724  5051
    4938   4725  4726
    4939   4725  5052
    4940   4725  5053
    4941   4726  4727
    4942   4726  5054
    4943   4726  5055
    4944   4727  4728
    4945   4727  5056
    4946   4727  5057
    4947   4728  4729
    4948   4728  5058
    4949   4728  5059
    4950   4729  4730
    4951   4729  5060
    4952   4729  5061
    4953   4730  4731
    4954   4730  5062
    4955   4730  5063
    4956   4731  4735
    4957   4731  5064
    4958   4731  5065
    4959   4732  5066
    4960   4732  5067
    4961   4732  5068
    4962   4733  4734
    4963   4733  4737
    4964   4733  4738
    4965   4733  5069
    4966   4734  4735
    4967   4734  4736
    4968   4737  5070
    4969   4737  5071
    4970   4737  5072
    4971   4738  5073
    4972   4738  5074
    4973   4739  5075
    4974   4739  5076
    4975   4739  5077
    4976   4740  4742
    4977   4741  4742
    4978   4741  5078
    4979   4742  4743
    4980   4743  4744
    4981   4743  5079
    4982   4743  5080
    4983   4744  4745
    4984   4744  5081
    4985   4744  5082
    4986   4745  4746
    4987   4745  5083
    4988   4745  5084
    4989   4746  4771
    4990   4746  5085
    4991   4746  5086
    4992   4747  4748
    4993   4747  4803
    4994   4748  4749
    4995   4748  5087
    4996   4748  5088
    4997   4749  4771
    4998   4749  5089
    4999   4749  5090
    5000   4750  4751
    5001   4750  4754
    5002   4750  4755
    5003   4751  4752
    5004   4751  4753
    5005   4751  4834
    5006   4752  4833
    5007   4752  5091
    5008   4752  5092
    5009   4753  5093
    5010   4753  5094
    5011   4753  5095
    5012   4755  4756
    5013   4756  4757
    5014   4756  5096
    5015   4756  5097
    5016   4757  4758
    5017   4757  4768
    5018   4757  5098
    5019   4758  5099
    5020   4758  5100
    5021   4758  5101
    5022   4759  4760
    5023   4759  4763
    5024   4759  4815
    5025   4759  5102
    5026   4760  4761
    5027   4760  5103
    5028   4760  5104
    5029   4761  4762
    5030   4761  5105
    5031   4761  5106
    5032   4762  4793
    5033   4763  4764
    5034   4763  5107
    5035   4763  5108
    5036   4764  4765
    5037   4764  5109
    5038   4764  5110
    5039   4765  4766
    5040   4765  5111
    5041   4765  5112
    5042   4766  4767
    5043   4766  5113
    5044   4766  5114
    5045   4767  4768
    5046   4767  4769
    5047   4770  4771
    5048   4770  4772
    5049   4771  5115
    5050   4772  5116
    5051   4772  5117
    5052   4772  5118
    5053   4773  4774
    5054   4773  4777
    5055   4773  4778
    5056   4774  4775
    5057   4774  4776
    5058   4775  5119
    5059   4775  5120
    5060   4776  5121
    5061   4776  5122
    5062   4776  5123
    5063   4778  4779
    5064   4779  4780
    5065   4779  5124
    5066   4779  5125
    5067   4780  4781
    5068   4780  4791
    5069   4780  5126
    5070   4781  5127
    5071   4781  5128
    5072   4781  5129
    5073   4782  4783
    5074   4782  4786
    5075   4782  4793
    5076   4782  5130
    5077   4783  4784
    5078   4783  5131
    5079   4783  5132
    5080   4784  4785
    5081   4784  5133
    5082   4784  5134
    5083   4786  4787
    5084   4786  5135
    5085   4786  5136
    5086   4787  4788
    5087   4787  5137
    5088   4787  5138
    5089   4788  4789
    5090   4788  5139
    5091   4788  5140
    5092   4789  4790
    5093   4789  5141
    5094   4789  5142
    5095   4790  4791
    5096   4790  4792
    5097   4794  4795
    5098   4794  4798
    5099   4794  4799
    5100   4795  4796
    5101   4795  4797
    5102   4796  5143
    5103   4796  5144
    5104   4797  5145
    5105   4797  5146
    5106   4797  5147
    5107   4799  4800
    5108   4800  4801
    5109   4800  5148
    5110   4800  5149
    5111   4801  4802
    5112   4801  4813
    5113   4801  5150
    5114   4802  5151
    5115   4802  5152
    5116   4802  5153
    5117   4803  4804
    5118   4804  4805
    5119   4804  4808
    5120   4804  5154
    5121   4805  4806
    5122   4805  5155
    5123   4805  5156
    5124   4806  4807
    5125   4806  5157
    5126   4806  5158
    5127   4807  4815
    5128   4808  4809
    5129   4808  5159
    5130   4808  5160
    5131   4809  4810
    5132   4809  5161
    5133   4809  5162
    5134   4810  4811
    5135   4810  5163
    5136   4810  5164
    5137   4811  4812
    5138   4811  5165
    5139   4811  5166
    5140   4812  4813
    5141   4812  4814
    5142   4816  4817
    5143   4816  4827
    5144   4816  5167
    5145   4816  5168
    5146   4817  4818
    5147   4817  5169
    5148   4817  5170
    5149   4818  4819
    5150   4818  5171
    5151   4818  5172
    5152   4819  4820
    5153   4819  5173
    5154   4819  5174
    5155   4820  4821
    5156   4820  5175
    5157   4820  5176
    5158   4821  4822
    5159   4821  5177
    5160   4821  5178
    5161   4822  4823
    5162   4822  5179
    5163   4822  5180
    5164   4823  4824
    5165   4823  5181
    5166   4823  5182
    5167   4824  4825
    5168   4824  5183
    5169   4824  5184
    5170   4825  4826
    5171   4825  5185
    5172   4825  5186
    5173   4826  4830
    5174   4826  5187
    5175   4826  5188
    5176   4827  5189
    5177   4827  5190
    5178   4827  5191
    5179   4828  4829
    5180   4828  4832
    5181   4828  4833
    5182   4828  5192
    5183   4829  4830
    5184   4829  4831
    5185   4832  5193
    5186   4832  5194
    5187   4832  5195
    5188   4833  5196
    5189   4833  5197
    5190   4834  5198
    5191   4834  5199
    5192   4834  5200
    5193     5201  5203
    5194     5202  5203
    5195     5202  5485
    5196     5203  5204
    5197     5204  5205
    5198     5204  5486
    5199     5204  5487
    5200     5205  5206
    5201     5205  5488
    5202    5205  5489
    5203    5206  5207
    5204    5206  5490
    5205    5206  5491
    5206    5207  5231
    5207    5207  5492
    5208    5207  5493
    5209    5208  5209
    5210    5208  5263
    5211    5209  5210
    5212    5209  5494
    5213    5209  5495
    5214    5210  5231
    5215    5210  5496
    5216    5210  5497
    5217    5211  5212
    5218    5211  5215
    5219    5211  5216
    5220    5212  5213
    5221    5212  5214
    5222    5212  5294
    5223    5213  5293
    5224    5213  5498
    5225    5213  5499
    5226    5214  5500
    5227    5214  5501
    5228    5214  5502
    5229    5216  5217
    5230    5217  5218
    5231    5217  5503
    5232    5217  5504
    5233    5218  5219
    5234    5218  5229
    5235    5218  5505
    5236    5219  5506
    5237    5219  5507
    5238    5219  5508
    5239    5220  5221
    5240    5220  5224
    5241    5220  5275
    5242    5220  5509
    5243    5221  5222
    5244    5221  5510
    5245    5221  5511
    5246    5222  5223
    5247    5222  5512
    5248    5222  5513
    5249    5223  5253
    5250    5224  5225
    5251    5224  5514
    5252    5224  5515
    5253    5225  5226
    5254    5225  5516
    5255    5225  5517
    5256    5226  5227
    5257    5226  5518
    5258    5226  5519
    5259    5227  5228
    5260    5227  5520
    5261    5227  5521
    5262    5228  5229
    5263    5228  5230
    5264    5231  5347
    5265    5231  5522
    5266    5232  5233
    5267    5232  5236
    5268    5232  5237
    5269    5233  5234
    5270    5233  5235
    5271    5234  5523
    5272    5234  5524
    5273    5235  5525
    5274    5235  5526
    5275    5235  5527
    5276    5237  5238
    5277    5238  5239
    5278    5238  5528
    5279    5238  5529
    5280    5239  5240
    5281    5239  5250
    5282    5239  5530
    5283    5240  5531
    5284    5240  5532
    5285    5240  5533
    5286    5241  5242
    5287    5241  5245
    5288    5241  5253
    5289    5241  5534
    5290    5242  5243
    5291    5242  5535
    5292   5242  5536
    5293   5243  5244
    5294   5243  5537
    5295   5243  5538
    5296   5244  5252
    5297   5245  5246
    5298   5245  5539
    5299   5245  5540
    5300   5246  5247
    5301   5246  5541
    5302   5246  5542
    5303   5247  5248
    5304   5247  5543
    5305   5247  5544
    5306   5248  5249
    5307   5248  5545
    5308   5248  5546
    5309   5249  5250
    5310   5249  5251
    5311   5252  5547
    5312   5252  5548
    5313   5252  5549
    5314   5254  5255
    5315   5254  5258
    5316   5254  5259
    5317   5255  5256
    5318   5255  5257
    5319   5256  5550
    5320   5256  5551
    5321   5257  5552
    5322   5257  5553
    5323   5257  5554
    5324   5259  5260
    5325   5260  5261
    5326   5260  5555
    5327   5260  5556
    5328   5261  5262
    5329   5261  5273
    5330   5261  5557
    5331   5262  5558
    5332   5262  5559
    5333   5262  5560
    5334   5263  5264
    5335   5264  5265
    5336   5264  5268
    5337   5264  5561
    5338   5265  5266
    5339   5265  5562
    5340   5265  5563
    5341   5266  5267
    5342   5266  5564
    5343   5266  5565
    5344   5267  5275
    5345   5268  5269
    5346   5268  5566
    5347   5268  5567
    5348   5269  5270
    5349   5269  5568
    5350   5269  5569
    5351   5270  5271
    5352   5270  5570
    5353   5270  5571
    5354   5271  5272
    5355   5271  5572
    5356   5271  5573
    5357   5272  5273
    5358   5272  5274
    5359   5276  5277
    5360   5276  5287
    5361   5276  5574
    5362   5276  5575
    5363   5277  5278
    5364   5277  5576
    5365   5277  5577
    5366   5278  5279
    5367   5278  5578
    5368   5278  5579
    5369   5279  5280
    5370   5279  5580
    5371   5279  5581
    5372   5280  5281
    5373   5280  5582
    5374   5280  5583
    5375   5281  5282
    5376   5281  5584
    5377   5281  5585
    5378   5282  5283
    5379   5282  5586
    5380   5282  5587
    5381   5283  5284
    5382   5283  5588
    5383   5283  5589
    5384   5284  5285
    5385   5284  5590
    5386   5284  5591
    5387   5285  5286
    5388   5285  5592
    5389   5285  5593
    5390   5286  5290
    5391   5286  5594
    5392   5286  5595
    5393   5287  5596
    5394   5287  5597
    5395   5287  5598
    5396   5288  5289
    5397   5288  5292
    5398   5288  5293
    5399   5288  5599
    5400   5289  5290
    5401   5289  5291
    5402   5292  5600
    5403   5292  5601
    5404   5292  5602
    5405   5293  5603
    5406   5293  5604
    5407   5294  5605
    5408   5294  5606
    5409   5294  5607
    5410   5295  5297
    5411   5296  5297
    5412   5296  5608
    5413   5297  5298
    5414   5298  5299
    5415   5298  5609
    5416   5298  5610
    5417   5299  5300
    5418   5299  5611
    5419   5299  5612
    5420   5300  5301
    5421   5300  5613
    5422   5300  5614
    5423   5301  5326
    5424   5301  5615
    5425   5301  5616
    5426   5302  5303
    5427   5302  5358
    5428   5303  5304
    5429   5303  5617
    5430   5303  5618
    5431   5304  5326
    5432   5304  5619
    5433   5304  5620
    5434   5305  5306
    5435   5305  5309
    5436   5305  5310
    5437   5306  5307
    5438   5306  5308
    5439   5306  5389
    5440   5307  5388
    5441   5307  5621
    5442   5307  5622
    5443   5308  5623
    5444   5308  5624
    5445   5308  5625
    5446   5310  5311
    5447   5311  5312
    5448   5311  5626
    5449   5311  5627
    5450   5312  5313
    5451   5312  5323
    5452   5312  5628
    5453   5313  5629
    5454   5313  5630
    5455   5313  5631
    5456   5314  5315
    5457   5314  5318
    5458   5314  5370
    5459   5314  5632
    5460   5315  5316
    5461   5315  5633
    5462   5315  5634
    5463   5316  5317
    5464   5316  5635
    5465   5316  5636
    5466   5317  5348
    5467   5318  5319
    5468   5318  5637
    5469   5318  5638
    5470   5319  5320
    5471   5319  5639
    5472   5319  5640
    5473   5320  5321
    5474   5320  5641
    5475   5320  5642
    5476   5321  5322
    5477   5321  5643
    5478   5321  5644
    5479   5322  5323
    5480   5322  5324
    5481   5325  5326
    5482   5325  5435
    5483   5326  5645
    5484   5327  5328
    5485   5327  5331
    5486   5327  5332
    5487   5328  5329
    5488   5328  5330
    5489   5329  5646
    5490   5329  5647
    5491   5330  5648
    5492   5330  5649
    5493   5330  5650
    5494   5332  5333
    5495   5333  5334
    5496   5333  5651
    5497   5333  5652
    5498   5334  5335
    5499   5334  5345
    5500   5334  5653
    5501   5335  5654
    5502   5335  5655
    5503   5335  5656
    5504   5336  5337
    5505   5336  5340
    5506   5336  5348
    5507   5336  5657
    5508   5337  5338
    5509   5337  5658
    5510   5337  5659
    5511   5338  5339
    5512   5338  5660
    5513   5338  5661
    5514   5339  5347
    5515   5340  5341
    5516   5340  5662
    5517   5340  5663
    5518   5341  5342
    5519   5341  5664
    5520   5341  5665
    5521   5342  5343
    5522   5342  5666
    5523   5342  5667
    5524   5343  5344
    5525   5343  5668
    5526   5343  5669
    5527   5344  5345
    5528   5344  5346
    5529   5349  5350
    5530   5349  5353
    5531   5349  5354
    5532   5350  5351
    5533   5350  5352
    5534   5351  5670
    5535   5351  5671
    5536   5352  5672
    5537   5352  5673
    5538   5352  5674
    5539   5354  5355
    5540   5355  5356
    5541   5355  5675
    5542   5355  5676
    5543   5356  5357
    5544   5356  5368
    5545   5356  5677
    5546   5357  5678
    5547   5357  5679
    5548   5357  5680
    5549   5358  5359
    5550   5359  5360
    5551   5359  5363
    5552   5359  5681
    5553   5360  5361
    5554   5360  5682
    5555   5360  5683
    5556   5361  5362
    5557   5361  5684
    5558   5361  5685
    5559   5362  5370
    5560   5363  5364
    5561   5363  5686
    5562   5363  5687
    5563   5364  5365
    5564   5364  5688
    5565   5364  5689
    5566   5365  5366
    5567   5365  5690
    5568   5365  5691
    5569   5366  5367
    5570   5366  5692
    5571   5366  5693
    5572   5367  5368
    5573   5367  5369
    5574   5371  5372
    5575   5371  5382
    5576   5371  5694
    5577   5371  5695
    5578   5372  5373
    5579   5372  5696
    5580   5372  5697
    5581   5373  5374
    5582   5373  5698
    5583   5373  5699
    5584   5374  5375
    5585   5374  5700
    5586   5374  5701
    5587   5375  5376
    5588   5375  5702
    5589   5375  5703
    5590   5376  5377
    5591   5376  5704
    5592   5376  5705
    5593   5377  5378
    5594   5377  5706
    5595   5377  5707
    5596   5378  5379
    5597   5378  5708
    5598   5378  5709
    5599   5379  5380
    5600   5379  5710
    5601   5379  5711
    5602   5380  5381
    5603   5380  5712
    5604   5380  5713
    5605   5381  5385
    5606   5381  5714
    5607   5381  5715
    5608   5382  5716
    5609   5382  5717
    5610   5382  5718
    5611   5383  5384
    5612   5383  5387
    5613   5383  5388
    5614   5383  5719
    5615   5384  5385
    5616   5384  5386
    5617   5387  5720
    5618   5387  5721
    5619   5387  5722
    5620   5388  5723
    5621   5388  5724
    5622   5389  5725
    5623   5389  5726
    5624   5389  5727
    5625   5390  5392
    5626   5391  5392
    5627   5391  5728
    5628   5392  5393
    5629   5393  5394
    5630   5393  5729
    5631   5393  5730
    5632   5394  5395
    5633   5394  5731
    5634   5394  5732
    5635   5395  5396
    5636   5395  5733
    5637   5395  5734
    5638   5396  5421
    5639   5396  5735
    5640   5396  5736
    5641   5397  5398
    5642   5397  5453
    5643   5398  5399
    5644   5398  5737
    5645   5398  5738
    5646   5399  5421
    5647   5399  5739
    5648   5399  5740
    5649   5400  5401
    5650   5400  5404
    5651   5400  5405
    5652   5401  5402
    5653   5401  5403
    5654   5401  5484
    5655   5402  5483
    5656   5402  5741
    5657   5402  5742
    5658   5403  5743
    5659   5403  5744
    5660   5403  5745
    5661   5405  5406
    5662   5406  5407
    5663   5406  5746
    5664   5406  5747
    5665   5407  5408
    5666   5407  5418
    5667   5407  5748
    5668   5408  5749
    5669   5408  5750
    5670   5408  5751
    5671   5409  5410
    5672   5409  5413
    5673   5409  5465
    5674   5409  5752
    5675   5410  5411
    5676   5410  5753
    5677   5410  5754
    5678   5411  5412
    5679   5411  5755
    5680   5411  5756
    5681   5412  5443
    5682   5413  5414
    5683   5413  5757
    5684   5413  5758
    5685   5414  5415
    5686   5414  5759
    5687   5414  5760
    5688   5415  5416
    5689   5415  5761
    5690   5415  5762
    5691   5416  5417
    5692   5416  5763
    5693   5416  5764
    5694   5417  5418
    5695   5417  5419
    5696   5420  5421
    5697   5420  5422
    5698   5421  5765
    5699   5422  5766
    5700   5422  5767
    5701   5422  5768
    5702   5423  5424
    5703   5423  5427
    5704   5423  5428
    5705   5424  5425
    5706   5424  5426
    5707   5425  5769
    5708   5425  5770
    5709   5426  5771
    5710   5426  5772
    5711   5426  5773
    5712   5428  5429
    5713   5429  5430
    5714   5429  5774
    5715   5429  5775
    5716   5430  5431
    5717   5430  5441
    5718   5430  5776
    5719   5431  5777
    5720   5431  5778
    5721   5431  5779
    5722   5432  5433
    5723   5432  5436
    5724   5432  5443
    5725   5432  5780
    5726   5433  5434
    5727   5433  5781
    5728   5433  5782
    5729   5434  5435
    5730   5434  5783
    5731   5434  5784
    5732   5436  5437
    5733   5436  5785
    5734   5436  5786
    5735   5437  5438
    5736   5437  5787
    5737   5437  5788
    5738   5438  5439
    5739   5438  5789
    5740   5438  5790
    5741   5439  5440
    5742   5439  5791
    5743   5439  5792
    5744   5440  5441
    5745   5440  5442
    5746   5444  5445
    5747   5444  5448
    5748   5444  5449
    5749   5445  5446
    5750   5445  5447
    5751   5446  5793
    5752   5446  5794
    5753   5447  5795
    5754   5447  5796
    5755   5447  5797
    5756   5449  5450
    5757   5450  5451
    5758   5450  5798
    5759   5450  5799
    5760   5451  5452
    5761   5451  5463
    5762   5451  5800
    5763   5452  5801
    5764   5452  5802
    5765   5452  5803
    5766   5453  5454
    5767   5454  5455
    5768   5454  5458
    5769   5454  5804
    5770   5455  5456
    5771   5455  5805
    5772   5455  5806
    5773   5456  5457
    5774   5456  5807
    5775   5456  5808
    5776   5457  5465
    5777   5458  5459
    5778   5458  5809
    5779   5458  5810
    5780   5459  5460
    5781   5459  5811
    5782   5459  5812
    5783   5460  5461
    5784   5460  5813
    5785   5460  5814
    5786   5461  5462
    5787   5461  5815
    5788   5461  5816
    5789   5462  5463
    5790   5462  5464
    5791   5466  5467
    5792   5466  5477
    5793   5466  5817
    5794   5466  5818
    5795   5467  5468
    5796   5467  5819
    5797   5467  5820
    5798   5468  5469
    5799   5468  5821
    5800   5468  5822
    5801   5469  5470
    5802   5469  5823
    5803   5469  5824
    5804   5470  5471
    5805   5470  5825
    5806   5470  5826
    5807   5471  5472
    5808   5471  5827
    5809   5471  5828
    5810   5472  5473
    5811   5472  5829
    5812   5472  5830
    5813   5473  5474
    5814   5473  5831
    5815   5473  5832
    5816   5474  5475
    5817   5474  5833
    5818   5474  5834
    5819   5475  5476
    5820   5475  5835
    5821   5475  5836
    5822   5476  5480
    5823   5476  5837
    5824   5476  5838
    5825   5477  5839
    5826   5477  5840
    5827   5477  5841
    5828   5478  5479
    5829   5478  5482
    5830   5478  5483
    5831   5478  5842
    5832   5479  5480
    5833   5479  5481
    5834   5482  5843
    5835   5482  5844
    5836   5482  5845
    5837   5483  5846
    5838   5483  5847
    5839   5484  5848
    5840   5484  5849
    5841   5484  5850
    5842     5851  5853
    5843     5852  5853
    5844     5852  6135
    5845     5853  5854
    5846     5854  5855
    5847     5854  6136
    5848     5854  6137
    5849     5855  5856
    5850     5855  6138
    5851    5855  6139
    5852    5856  5857
    5853    5856  6140
    5854    5856  6141
    5855    5857  5881
    5856    5857  6142
    5857    5857  6143
    5858    5858  5859
    5859    5858  5913
    5860    5859  5860
    5861    5859  6144
    5862    5859  6145
    5863    5860  5881
    5864    5860  6146
    5865    5860  6147
    5866    5861  5862
    5867    5861  5865
    5868    5861  5866
    5869    5862  5863
    5870    5862  5864
    5871    5862  5944
    5872    5863  5943
    5873    5863  6148
    5874    5863  6149
    5875    5864  6150
    5876    5864  6151
    5877    5864  6152
    5878    5866  5867
    5879    5867  5868
    5880    5867  6153
    5881    5867  6154
    5882    5868  5869
    5883    5868  5879
    5884    5868  6155
    5885    5869  6156
    5886    5869  6157
    5887    5869  6158
    5888    5870  5871
    5889    5870  5874
    5890    5870  5925
    5891    5870  6159
    5892    5871  5872
    5893    5871  6160
    5894    5871  6161
    5895    5872  5873
    5896    5872  6162
    5897    5872  6163
    5898    5873  5903
    5899    5874  5875
    5900    5874  6164
    5901    5874  6165
    5902    5875  5876
    5903    5875  6166
    5904    5875  6167
    5905    5876  5877
    5906    5876  6168
    5907    5876  6169
    5908    5877  5878
    5909    5877  6170
    5910    5877  6171
    5911    5878  5879
    5912    5878  5880
    5913    5881  5997
    5914    5881  6172
    5915    5882  5883
    5916    5882  5886
    5917    5882  5887
    5918    5883  5884
    5919    5883  5885
    5920    5884  6173
    5921    5884  6174
    5922    5885  6175
    5923    5885  6176
    5924    5885  6177
    5925    5887  5888
    5926    5888  5889
    5927    5888  6178
    5928    5888  6179
    5929    5889  5890
    5930    5889  5900
    5931    5889  6180
    5932    5890  6181
    5933    5890  6182
    5934    5890  6183
    5935    5891  5892
    5936    5891  5895
    5937    5891  5903
    5938    5891  6184
    5939    5892  5893
    5940    5892  6185
    5941   5892  6186
    5942   5893  5894
    5943   5893  6187
    5944   5893  6188
    5945   5894  5902
    5946   5895  5896
    5947   5895  6189
    5948   5895  6190
    5949   5896  5897
    5950   5896  6191
    5951   5896  6192
    5952   5897  5898
    5953   5897  6193
    5954   5897  6194
    5955   5898  5899
    5956   5898  6195
    5957   5898  6196
    5958   5899  5900
    5959   5899  5901
    5960   5902  6197
    5961   5902  6198
    5962   5902  6199
    5963   5904  5905
    5964   5904  5908
    5965   5904  5909
    5966   5905  5906
    5967   5905  5907
    5968   5906  6200
    5969   5906  6201
    5970   5907  6202
    5971   5907  6203
    5972   5907  6204
    5973   5909  5910
    5974   5910  5911
    5975   5910  6205
    5976   5910  6206
    5977   5911  5912
    5978   5911  5923
    5979   5911  6207
    5980   5912  6208
    5981   5912  6209
    5982   5912  6210
    5983   5913  5914
    5984   5914  5915
    5985   5914  5918
    5986   5914  6211
    5987   5915  5916
    5988   5915  6212
    5989   5915  6213
    5990   5916  5917
    5991   5916  6214
    5992   5916  6215
    5993   5917  5925
    5994   5918  5919
    5995   5918  6216
    5996   5918  6217
    5997   5919  5920
    5998   5919  6218
    5999   5919  6219
    6000   5920  5921
    6001   5920  6220
    6002   5920  6221
    6003   5921  5922
    6004   5921  6222
    6005   5921  6223
    6006   5922  5923
    6007   5922  5924
    6008   5926  5927
    6009   5926  5937
    6010   5926  6224
    6011   5926  6225
    6012   5927  5928
    6013   5927  6226
    6014   5927  6227
    6015   5928  5929
    6016   5928  6228
    6017   5928  6229
    6018   5929  5930
    6019   5929  6230
    6020   5929  6231
    6021   5930  5931
    6022   5930  6232
    6023   5930  6233
    6024   5931  5932
    6025   5931  6234
    6026   5931  6235
    6027   5932  5933
    6028   5932  6236
    6029   5932  6237
    6030   5933  5934
    6031   5933  6238
    6032   5933  6239
    6033   5934  5935
    6034   5934  6240
    6035   5934  6241
    6036   5935  5936
    6037   5935  6242
    6038   5935  6243
    6039   5936  5940
    6040   5936  6244
    6041   5936  6245
    6042   5937  6246
    6043   5937  6247
    6044   5937  6248
    6045   5938  5939
    6046   5938  5942
    6047   5938  5943
    6048   5938  6249
    6049   5939  5940
    6050   5939  5941
    6051   5942  6250
    6052   5942  6251
    6053   5942  6252
    6054   5943  6253
    6055   5943  6254
    6056   5944  6255
    6057   5944  6256
    6058   5944  6257
    6059   5945  5947
    6060   5946  5947
    6061   5946  6258
    6062   5947  5948
    6063   5948  5949
    6064   5948  6259
    6065   5948  6260
    6066   5949  5950
    6067   5949  6261
    6068   5949  6262
    6069   5950  5951
    6070   5950  6263
    6071   5950  6264
    6072   5951  5976
    6073   5951  6265
    6074   5951  6266
    6075   5952  5953
    6076   5952  6008
    6077   5953  5954
    6078   5953  6267
    6079   5953  6268
    6080   5954  5976
    6081   5954  6269
    6082   5954  6270
    6083   5955  5956
    6084   5955  5959
    6085   5955  5960
    6086   5956  5957
    6087   5956  5958
    6088   5956  6039
    6089   5957  6038
    6090   5957  6271
    6091   5957  6272
    6092   5958  6273
    6093   5958  6274
    6094   5958  6275
    6095   5960  5961
    6096   5961  5962
    6097   5961  6276
    6098   5961  6277
    6099   5962  5963
    6100   5962  5973
    6101   5962  6278
    6102   5963  6279
    6103   5963  6280
    6104   5963  6281
    6105   5964  5965
    6106   5964  5968
    6107   5964  6020
    6108   5964  6282
    6109   5965  5966
    6110   5965  6283
    6111   5965  6284
    6112   5966  5967
    6113   5966  6285
    6114   5966  6286
    6115   5967  5998
    6116   5968  5969
    6117   5968  6287
    6118   5968  6288
    6119   5969  5970
    6120   5969  6289
    6121   5969  6290
    6122   5970  5971
    6123   5970  6291
    6124   5970  6292
    6125   5971  5972
    6126   5971  6293
    6127   5971  6294
    6128   5972  5973
    6129   5972  5974
    6130   5975  5976
    6131   5975  6085
    6132   5976  6295
    6133   5977  5978
    6134   5977  5981
    6135   5977  5982
    6136   5978  5979
    6137   5978  5980
    6138   5979  6296
    6139   5979  6297
    6140   5980  6298
    6141   5980  6299
    6142   5980  6300
    6143   5982  5983
    6144   5983  5984
    6145   5983  6301
    6146   5983  6302
    6147   5984  5985
    6148   5984  5995
    6149   5984  6303
    6150   5985  6304
    6151   5985  6305
    6152   5985  6306
    6153   5986  5987
    6154   5986  5990
    6155   5986  5998
    6156   5986  6307
    6157   5987  5988
    6158   5987  6308
    6159   5987  6309
    6160   5988  5989
    6161   5988  6310
    6162   5988  6311
    6163   5989  5997
    6164   5990  5991
    6165   5990  6312
    6166   5990  6313
    6167   5991  5992
    6168   5991  6314
    6169   5991  6315
    6170   5992  5993
    6171   5992  6316
    6172   5992  6317
    6173   5993  5994
    6174   5993  6318
    6175   5993  6319
    6176   5994  5995
    6177   5994  5996
    6178   5999  6000
    6179   5999  6003
    6180   5999  6004
    6181   6000  6001
    6182   6000  6002
    6183   6001  6320
    6184   6001  6321
    6185   6002  6322
    6186   6002  6323
    6187   6002  6324
    6188   6004  6005
    6189   6005  6006
    6190   6005  6325
    6191   6005  6326
    6192   6006  6007
    6193   6006  6018
    6194   6006  6327
    6195   6007  6328
    6196   6007  6329
    6197   6007  6330
    6198   6008  6009
    6199   6009  6010
    6200   6009  6013
    6201   6009  6331
    6202   6010  6011
    6203   6010  6332
    6204   6010  6333
    6205   6011  6012
    6206   6011  6334
    6207   6011  6335
    6208   6012  6020
    6209   6013  6014
    6210   6013  6336
    6211   6013  6337
    6212   6014  6015
    6213   6014  6338
    6214   6014  6339
    6215   6015  6016
    6216   6015  6340
    6217   6015  6341
    6218   6016  6017
    6219   6016  6342
    6220   6016  6343
    6221   6017  6018
    6222   6017  6019
    6223   6021  6022
    6224   6021  6032
    6225   6021  6344
    6226   6021  6345
    6227   6022  6023
    6228   6022  6346
    6229   6022  6347
    6230   6023  6024
    6231   6023  6348
    6232   6023  6349
    6233   6024  6025
    6234   6024  6350
    6235   6024  6351
    6236   6025  6026
    6237   6025  6352
    6238   6025  6353
    6239   6026  6027
    6240   6026  6354
    6241   6026  6355
    6242   6027  6028
    6243   6027  6356
    6244   6027  6357
    6245   6028  6029
    6246   6028  6358
    6247   6028  6359
    6248   6029  6030
    6249   6029  6360
    6250   6029  6361
    6251   6030  6031
    6252   6030  6362
    6253   6030  6363
    6254   6031  6035
    6255   6031  6364
    6256   6031  6365
    6257   6032  6366
    6258   6032  6367
    6259   6032  6368
    6260   6033  6034
    6261   6033  6037
    6262   6033  6038
    6263   6033  6369
    6264   6034  6035
    6265   6034  6036
    6266   6037  6370
    6267   6037  6371
    6268   6037  6372
    6269   6038  6373
    6270   6038  6374
    6271   6039  6375
    6272   6039  6376
    6273   6039  6377
    6274   6040  6042
    6275   6041  6042
    6276   6041  6378
    6277   6042  6043
    6278   6043  6044
    6279   6043  6379
    6280   6043  6380
    6281   6044  6045
    6282   6044  6381
    6283   6044  6382
    6284   6045  6046
    6285   6045  6383
    6286   6045  6384
    6287   6046  6071
    6288   6046  6385
    6289   6046  6386
    6290   6047  6048
    6291   6047  6103
    6292   6048  6049
    6293   6048  6387
    6294   6048  6388
    6295   6049  6071
    6296   6049  6389
    6297   6049  6390
    6298   6050  6051
    6299   6050  6054
    6300   6050  6055
    6301   6051  6052
    6302   6051  6053
    6303   6051  6134
    6304   6052  6133
    6305   6052  6391
    6306   6052  6392
    6307   6053  6393
    6308   6053  6394
    6309   6053  6395
    6310   6055  6056
    6311   6056  6057
    6312   6056  6396
    6313   6056  6397
    6314   6057  6058
    6315   6057  6068
    6316   6057  6398
    6317   6058  6399
    6318   6058  6400
    6319   6058  6401
    6320   6059  6060
    6321   6059  6063
    6322   6059  6115
    6323   6059  6402
    6324   6060  6061
    6325   6060  6403
    6326   6060  6404
    6327   6061  6062
    6328   6061  6405
    6329   6061  6406
    6330   6062  6093
    6331   6063  6064
    6332   6063  6407
    6333   6063  6408
    6334   6064  6065
    6335   6064  6409
    6336   6064  6410
    6337   6065  6066
    6338   6065  6411
    6339   6065  6412
    6340   6066  6067
    6341   6066  6413
    6342   6066  6414
    6343   6067  6068
    6344   6067  6069
    6345   6070  6071
    6346   6070  6072
    6347   6071  6415
    6348   6072  6416
    6349   6072  6417
    6350   6072  6418
    6351   6073  6074
    6352   6073  6077
    6353   6073  6078
    6354   6074  6075
    6355   6074  6076
    6356   6075  6419
    6357   6075  6420
    6358   6076  6421
    6359   6076  6422
    6360   6076  6423
    6361   6078  6079
    6362   6079  6080
    6363   6079  6424
    6364   6079  6425
    6365   6080  6081
    6366   6080  6091
    6367   6080  6426
    6368   6081  6427
    6369   6081  6428
    6370   6081  6429
    6371   6082  6083
    6372   6082  6086
    6373   6082  6093
    6374   6082  6430
    6375   6083  6084
    6376   6083  6431
    6377   6083  6432
    6378   6084  6085
    6379   6084  6433
    6380   6084  6434
    6381   6086  6087
    6382   6086  6435
    6383   6086  6436
    6384   6087  6088
    6385   6087  6437
    6386   6087  6438
    6387   6088  6089
    6388   6088  6439
    6389   6088  6440
    6390   6089  6090
    6391   6089  6441
    6392   6089  6442
    6393   6090  6091
    6394   6090  6092
    6395   6094  6095
    6396   6094  6098
    6397   6094  6099
    6398   6095  6096
    6399   6095  6097
    6400   6096  6443
    6401   6096  6444
    6402   6097  6445
    6403   6097  6446
    6404   6097  6447
    6405   6099  6100
    6406   6100  6101
    6407   6100  6448
    6408   6100  6449
    6409   6101  6102
    6410   6101  6113
    6411   6101  6450
    6412   6102  6451
    6413   6102  6452
    6414   6102  6453
    6415   6103  6104
    6416   6104  6105
    6417   6104  6108
    6418   6104  6454
    6419   6105  6106
    6420   6105  6455
    6421   6105  6456
    6422   6106  6107
    6423   6106  6457
    6424   6106  6458
    6425   6107  6115
    6426   6108  6109
    6427   6108  6459
    6428   6108  6460
    6429   6109  6110
    6430   6109  6461
    6431   6109  6462
    6432   6110  6111
    6433   6110  6463
    6434   6110  6464
    6435   6111  6112
    6436   6111  6465
    6437   6111  6466
    6438   6112  6113
    6439   6112  6114
    6440   6116  6117
    6441   6116  6127
    6442   6116  6467
    6443   6116  6468
    6444   6117  6118
    6445   6117  6469
    6446   6117  6470
    6447   6118  6119
    6448   6118  6471
    6449   6118  6472
    6450   6119  6120
    6451   6119  6473
    6452   6119  6474
    6453   6120  6121
    6454   6120  6475
    6455   6120  6476
    6456   6121  6122
    6457   6121  6477
    6458   6121  6478
    6459   6122  6123
    6460   6122  6479
    6461   6122  6480
    6462   6123  6124
    6463   6123  6481
    6464   6123  6482
    6465   6124  6125
    6466   6124  6483
    6467   6124  6484
    6468   6125  6126
    6469   6125  6485
    6470   6125  6486
    6471   6126  6130
    6472   6126  6487
    6473   6126  6488
    6474   6127  6489
    6475   6127  6490
    6476   6127  6491
    6477   6128  6129
    6478   6128  6132
    6479   6128  6133
    6480   6128  6492
    6481   6129  6130
    6482   6129  6131
    6483   6132  6493
    6484   6132  6494
    6485   6132  6495
    6486   6133  6496
    6487   6133  6497
    6488   6134  6498
    6489   6134  6499
    6490   6134  6500
    6491     6501  6503
    6492     6502  6503
    6493     6502  6785
    6494     6503  6504
    6495     6504  6505
    6496     6504  6786
    6497     6504  6787
    6498     6505  6506
    6499     6505  6788
    6500    6505  6789
    6501    6506  6507
    6502    6506  6790
    6503    6506  6791
    6504    6507  6531
    6505    6507  6792
    6506    6507  6793
    6507    6508  6509
    6508    6508  6563
    6509    6509  6510
    6510    6509  6794
    6511    6509  6795
    6512    6510  6531
    6513    6510  6796
    6514    6510  6797
    6515    6511  6512
    6516    6511  6515
    6517    6511  6516
    6518    6512  6513
    6519    6512  6514
    6520    6512  6594
    6521    6513  6593
    6522    6513  6798
    6523    6513  6799
    6524    6514  6800
    6525    6514  6801
    6526    6514  6802
    6527    6516  6517
    6528    6517  6518
    6529    6517  6803
    6530    6517  6804
    6531    6518  6519
    6532    6518  6529
    6533    6518  6805
    6534    6519  6806
    6535    6519  6807
    6536    6519  6808
    6537    6520  6521
    6538    6520  6524
    6539    6520  6575
    6540    6520  6809
    6541    6521  6522
    6542    6521  6810
    6543    6521  6811
    6544    6522  6523
    6545    6522  6812
    6546    6522  6813
    6547    6523  6553
    6548    6524  6525
    6549    6524  6814
    6550    6524  6815
    6551    6525  6526
    6552    6525  6816
    6553    6525  6817
    6554    6526  6527
    6555    6526  6818
    6556    6526  6819
    6557    6527  6528
    6558    6527  6820
    6559    6527  6821
    6560    6528  6529
    6561    6528  6530
    6562    6531  6647
    6563    6531  6822
    6564    6532  6533
    6565    6532  6536
    6566    6532  6537
    6567    6533  6534
    6568    6533  6535
    6569    6534  6823
    6570    6534  6824
    6571    6535  6825
    6572    6535  6826
    6573    6535  6827
    6574    6537  6538
    6575    6538  6539
    6576    6538  6828
    6577    6538  6829
    6578    6539  6540
    6579    6539  6550
    6580    6539  6830
    6581    6540  6831
    6582    6540  6832
    6583    6540  6833
    6584    6541  6542
    6585    6541  6545
    6586    6541  6553
    6587    6541  6834
    6588    6542  6543
    6589    6542  6835
    6590   6542  6836
    6591   6543  6544
    6592   6543  6837
    6593   6543  6838
    6594   6544  6552
    6595   6545  6546
    6596   6545  6839
    6597   6545  6840
    6598   6546  6547
    6599   6546  6841
    6600   6546  6842
    6601   6547  6548
    6602   6547  6843
    6603   6547  6844
    6604   6548  6549
    6605   6548  6845
    6606   6548  6846
    6607   6549  6550
    6608   6549  6551
    6609   6552  6847
    6610   6552  6848
    6611   6552  6849
    6612   6554  6555
    6613   6554  6558
    6614   6554  6559
    6615   6555  6556
    6616   6555  6557
    6617   6556  6850
    6618   6556  6851
    6619   6557  6852
    6620   6557  6853
    6621   6557  6854
    6622   6559  6560
    6623   6560  6561
    6624   6560  6855
    6625   6560  6856
    6626   6561  6562
    6627   6561  6573
    6628   6561  6857
    6629   6562  6858
    6630   6562  6859
    6631   6562  6860
    6632   6563  6564
    6633   6564  6565
    6634   6564  6568
    6635   6564  6861
    6636   6565  6566
    6637   6565  6862
    6638   6565  6863
    6639   6566  6567
    6640   6566  6864
    6641   6566  6865
    6642   6567  6575
    6643   6568  6569
    6644   6568  6866
    6645   6568  6867
    6646   6569  6570
    6647   6569  6868
    6648   6569  6869
    6649   6570  6571
    6650   6570  6870
    6651   6570  6871
    6652   6571  6572
    6653   6571  6872
    6654   6571  6873
    6655   6572  6573
    6656   6572  6574
    6657   6576  6577
    6658   6576  6587
    6659   6576  6874
    6660   6576  6875
    6661   6577  6578
    6662   6577  6876
    6663   6577  6877
    6664   6578  6579
    6665   6578  6878
    6666   6578  6879
    6667   6579  6580
    6668   6579  6880
    6669   6579  6881
    6670   6580  6581
    6671   6580  6882
    6672   6580  6883
    6673   6581  6582
    6674   6581  6884
    6675   6581  6885
    6676   6582  6583
    6677   6582  6886
    6678   6582  6887
    6679   6583  6584
    6680   6583  6888
    6681   6583  6889
    6682   6584  6585
    6683   6584  6890
    6684   6584  6891
    6685   6585  6586
    6686   6585  6892
    6687   6585  6893
    6688   6586  6590
    6689   6586  6894
    6690   6586  6895
    6691   6587  6896
    6692   6587  6897
    6693   6587  6898
    6694   6588  6589
    6695   6588  6592
    6696   6588  6593
    6697   6588  6899
    6698   6589  6590
    6699   6589  6591
    6700   6592  6900
    6701   6592  6901
    6702   6592  6902
    6703   6593  6903
    6704   6593  6904
    6705   6594  6905
    6706   6594  6906
    6707   6594  6907
    6708   6595  6597
    6709   6596  6597
    6710   6596  6908
    6711   6597  6598
    6712   6598  6599
    6713   6598  6909
    6714   6598  6910
    6715   6599  6600
    6716   6599  6911
    6717   6599  6912
    6718   6600  6601
    6719   6600  6913
    6720   6600  6914
    6721   6601  6626
    6722   6601  6915
    6723   6601  6916
    6724   6602  6603
    6725   6602  6658
    6726   6603  6604
    6727   6603  6917
    6728   6603  6918
    6729   6604  6626
    6730   6604  6919
    6731   6604  6920
    6732   6605  6606
    6733   6605  6609
    6734   6605  6610
    6735   6606  6607
    6736   6606  6608
    6737   6606  6689
    6738   6607  6688
    6739   6607  6921
    6740   6607  6922
    6741   6608  6923
    6742   6608  6924
    6743   6608  6925
    6744   6610  6611
    6745   6611  6612
    6746   6611  6926
    6747   6611  6927
    6748   6612  6613
    6749   6612  6623
    6750   6612  6928
    6751   6613  6929
    6752   6613  6930
    6753   6613  6931
    6754   6614  6615
    6755   6614  6618
    6756   6614  6670
    6757   6614  6932
    6758   6615  6616
    6759   6615  6933
    6760   6615  6934
    6761   6616  6617
    6762   6616  6935
    6763   6616  6936
    6764   6617  6648
    6765   6618  6619
    6766   6618  6937
    6767   6618  6938
    6768   6619  6620
    6769   6619  6939
    6770   6619  6940
    6771   6620  6621
    6772   6620  6941
    6773   6620  6942
    6774   6621  6622
    6775   6621  6943
    6776   6621  6944
    6777   6622  6623
    6778   6622  6624
    6779   6625  6626
    6780   6625  6735
    6781   6626  6945
    6782   6627  6628
    6783   6627  6631
    6784   6627  6632
    6785   6628  6629
    6786   6628  6630
    6787   6629  6946
    6788   6629  6947
    6789   6630  6948
    6790   6630  6949
    6791   6630  6950
    6792   6632  6633
    6793   6633  6634
    6794   6633  6951
    6795   6633  6952
    6796   6634  6635
    6797   6634  6645
    6798   6634  6953
    6799   6635  6954
    6800   6635  6955
    6801   6635  6956
    6802   6636  6637
    6803   6636  6640
    6804   6636  6648
    6805   6636  6957
    6806   6637  6638
    6807   6637  6958
    6808   6637  6959
    6809   6638  6639
    6810   6638  6960
    6811   6638  6961
    6812   6639  6647
    6813   6640  6641
    6814   6640  6962
    6815   6640  6963
    6816   6641  6642
    6817   6641  6964
    6818   6641  6965
    6819   6642  6643
    6820   6642  6966
    6821   6642  6967
    6822   6643  6644
    6823   6643  6968
    6824   6643  6969
    6825   6644  6645
    6826   6644  6646
    6827   6649  6650
    6828   6649  6653
    6829   6649  6654
    6830   6650  6651
    6831   6650  6652
    6832   6651  6970
    6833   6651  6971
    6834   6652  6972
    6835   6652  6973
    6836   6652  6974
    6837   6654  6655
    6838   6655  6656
    6839   6655  6975
    6840   6655  6976
    6841   6656  6657
    6842   6656  6668
    6843   6656  6977
    6844   6657  6978
    6845   6657  6979
    6846   6657  6980
    6847   6658  6659
    6848   6659  6660
    6849   6659  6663
    6850   6659  6981
    6851   6660  6661
    6852   6660  6982
    6853   6660  6983
    6854   6661  6662
    6855   6661  6984
    6856   6661  6985
    6857   6662  6670
    6858   6663  6664
    6859   6663  6986
    6860   6663  6987
    6861   6664  6665
    6862   6664  6988
    6863   6664  6989
    6864   6665  6666
    6865   6665  6990
    6866   6665  6991
    6867   6666  6667
    6868   6666  6992
    6869   6666  6993
    6870   6667  6668
    6871   6667  6669
    6872   6671  6672
    6873   6671  6682
    6874   6671  6994
    6875   6671  6995
    6876   6672  6673
    6877   6672  6996
    6878   6672  6997
    6879   6673  6674
    6880   6673  6998
    6881   6673  6999
    6882   6674  6675
    6883   6674  7000
    6884   6674  7001
    6885   6675  6676
    6886   6675  7002
    6887   6675  7003
    6888   6676  6677
    6889   6676  7004
    6890   6676  7005
    6891   6677  6678
    6892   6677  7006
    6893   6677  7007
    6894   6678  6679
    6895   6678  7008
    6896   6678  7009
    6897   6679  6680
    6898   6679  7010
    6899   6679  7011
    6900   6680  6681
    6901   6680  7012
    6902   6680  7013
    6903   6681  6685
    6904   6681  7014
    6905   6681  7015
    6906   6682  7016
    6907   6682  7017
    6908   6682  7018
    6909   6683  6684
    6910   6683  6687
    6911   6683  6688
    6912   6683  7019
    6913   6684  6685
    6914   6684  6686
    6915   6687  7020
    6916   6687  7021
    6917   6687  7022
    6918   6688  7023
    6919   6688  7024
    6920   6689  7025
    6921   6689  7026
    6922   6689  7027
    6923   6690  6692
    6924   6691  6692
    6925   6691  7028
    6926   6692  6693
    6927   6693  6694
    6928   6693  7029
    6929   6693  7030
    6930   6694  6695
    6931   6694  7031
    6932   6694  7032
    6933   6695  6696
    6934   6695  7033
    6935   6695  7034
    6936   6696  6721
    6937   6696  7035
    6938   6696  7036
    6939   6697  6698
    6940   6697  6753
    6941   6698  6699
    6942   6698  7037
    6943   6698  7038
    6944   6699  6721
    6945   6699  7039
    6946   6699  7040
    6947   6700  6701
    6948   6700  6704
    6949   6700  6705
    6950   6701  6702
    6951   6701  6703
    6952   6701  6784
    6953   6702  6783
    6954   6702  7041
    6955   6702  7042
    6956   6703  7043
    6957   6703  7044
    6958   6703  7045
    6959   6705  6706
    6960   6706  6707
    6961   6706  7046
    6962   6706  7047
    6963   6707  6708
    6964   6707  6718
    6965   6707  7048
    6966   6708  7049
    6967   6708  7050
    6968   6708  7051
    6969   6709  6710
    6970   6709  6713
    6971   6709  6765
    6972   6709  7052
    6973   6710  6711
    6974   6710  7053
    6975   6710  7054
    6976   6711  6712
    6977   6711  7055
    6978   6711  7056
    6979   6712  6743
    6980   6713  6714
    6981   6713  7057
    6982   6713  7058
    6983   6714  6715
    6984   6714  7059
    6985   6714  7060
    6986   6715  6716
    6987   6715  7061
    6988   6715  7062
    6989   6716  6717
    6990   6716  7063
    6991   6716  7064
    6992   6717  6718
    6993   6717  6719
    6994   6720  6721
    6995   6720  6722
    6996   6721  7065
    6997   6722  7066
    6998   6722  7067
    6999   6722  7068
    7000   6723  6724
    7001   6723  6727
    7002   6723  6728
    7003   6724  6725
    7004   6724  6726
    7005   6725  7069
    7006   6725  7070
    7007   6726  7071
    7008   6726  7072
    7009   6726  7073
    7010   6728  6729
    7011   6729  6730
    7012   6729  7074
    7013   6729  7075
    7014   6730  6731
    7015   6730  6741
    7016   6730  7076
    7017   6731  7077
    7018   6731  7078
    7019   6731  7079
    7020   6732  6733
    7021   6732  6736
    7022   6732  6743
    7023   6732  7080
    7024   6733  6734
    7025   6733  7081
    7026   6733  7082
    7027   6734  6735
    7028   6734  7083
    7029   6734  7084
    7030   6736  6737
    7031   6736  7085
    7032   6736  7086
    7033   6737  6738
    7034   6737  7087
    7035   6737  7088
    7036   6738  6739
    7037   6738  7089
    7038   6738  7090
    7039   6739  6740
    7040   6739  7091
    7041   6739  7092
    7042   6740  6741
    7043   6740  6742
    7044   6744  6745
    7045   6744  6748
    7046   6744  6749
    7047   6745  6746
    7048   6745  6747
    7049   6746  7093
    7050   6746  7094
    7051   6747  7095
    7052   6747  7096
    7053   6747  7097
    7054   6749  6750
    7055   6750  6751
    7056   6750  7098
    7057   6750  7099
    7058   6751  6752
    7059   6751  6763
    7060   6751  7100
    7061   6752  7101
    7062   6752  7102
    7063   6752  7103
    7064   6753  6754
    7065   6754  6755
    7066   6754  6758
    7067   6754  7104
    7068   6755  6756
    7069   6755  7105
    7070   6755  7106
    7071   6756  6757
    7072   6756  7107
    7073   6756  7108
    7074   6757  6765
    7075   6758  6759
    7076   6758  7109
    7077   6758  7110
    7078   6759  6760
    7079   6759  7111
    7080   6759  7112
    7081   6760  6761
    7082   6760  7113
    7083   6760  7114
    7084   6761  6762
    7085   6761  7115
    7086   6761  7116
    7087   6762  6763
    7088   6762  6764
    7089   6766  6767
    7090   6766  6777
    7091   6766  7117
    7092   6766  7118
    7093   6767  6768
    7094   6767  7119
    7095   6767  7120
    7096   6768  6769
    7097   6768  7121
    7098   6768  7122
    7099   6769  6770
    7100   6769  7123
    7101   6769  7124
    7102   6770  6771
    7103   6770  7125
    7104   6770  7126
    7105   6771  6772
    7106   6771  7127
    7107   6771  7128
    7108   6772  6773
    7109   6772  7129
    7110   6772  7130
    7111   6773  6774
    7112   6773  7131
    7113   6773  7132
    7114   6774  6775
    7115   6774  7133
    7116   6774  7134
    7117   6775  6776
    7118   6775  7135
    7119   6775  7136
    7120   6776  6780
    7121   6776  7137
    7122   6776  7138
    7123   6777  7139
    7124   6777  7140
    7125   6777  7141
    7126   6778  6779
    7127   6778  6782
    7128   6778  6783
    7129   6778  7142
    7130   6779  6780
    7131   6779  6781
    7132   6782  7143
    7133   6782  7144
    7134   6782  7145
    7135   6783  7146
    7136   6783  7147
    7137   6784  7148
    7138   6784  7149
    7139   6784  7150
    7140     7151  7153
    7141     7152  7153
    7142     7152  7435
    7143     7153  7154
    7144     7154  7155
    7145     7154  7436
    7146     7154  7437
    7147     7155  7156
    7148     7155  7438
    7149    7155  7439
    7150    7156  7157
    7151    7156  7440
    7152    7156  7441
    7153    7157  7181
    7154    7157  7442
    7155    7157  7443
    7156    7158  7159
    7157    7158  7213
    7158    7159  7160
    7159    7159  7444
    7160    7159  7445
    7161    7160  7181
    7162    7160  7446
    7163    7160  7447
    7164    7161  7162
    7165    7161  7165
    7166    7161  7166
    7167    7162  7163
    7168    7162  7164
    7169    7162  7244
    7170    7163  7243
    7171    7163  7448
    7172    7163  7449
    7173    7164  7450
    7174    7164  7451
    7175    7164  7452
    7176    7166  7167
    7177    7167  7168
    7178    7167  7453
    7179    7167  7454
    7180    7168  7169
    7181    7168  7179
    7182    7168  7455
    7183    7169  7456
    7184    7169  7457
    7185    7169  7458
    7186    7170  7171
    7187    7170  7174
    7188    7170  7225
    7189    7170  7459
    7190    7171  7172
    7191    7171  7460
    7192    7171  7461
    7193    7172  7173
    7194    7172  7462
    7195    7172  7463
    7196    7173  7203
    7197    7174  7175
    7198    7174  7464
    7199    7174  7465
    7200    7175  7176
    7201    7175  7466
    7202    7175  7467
    7203    7176  7177
    7204    7176  7468
    7205    7176  7469
    7206    7177  7178
    7207    7177  7470
    7208    7177  7471
    7209    7178  7179
    7210    7178  7180
    7211    7181  7297
    7212    7181  7472
    7213    7182  7183
    7214    7182  7186
    7215    7182  7187
    7216    7183  7184
    7217    7183  7185
    7218    7184  7473
    7219    7184  7474
    7220    7185  7475
    7221    7185  7476
    7222    7185  7477
    7223    7187  7188
    7224    7188  7189
    7225    7188  7478
    7226    7188  7479
    7227    7189  7190
    7228    7189  7200
    7229    7189  7480
    7230    7190  7481
    7231    7190  7482
    7232    7190  7483
    7233    7191  7192
    7234    7191  7195
    7235    7191  7203
    7236    7191  7484
    7237    7192  7193
    7238    7192  7485
    7239   7192  7486
    7240   7193  7194
    7241   7193  7487
    7242   7193  7488
    7243   7194  7202
    7244   7195  7196
    7245   7195  7489
    7246   7195  7490
    7247   7196  7197
    7248   7196  7491
    7249   7196  7492
    7250   7197  7198
    7251   7197  7493
    7252   7197  7494
    7253   7198  7199
    7254   7198  7495
    7255   7198  7496
    7256   7199  7200
    7257   7199  7201
    7258   7202  7497
    7259   7202  7498
    7260   7202  7499
    7261   7204  7205
    7262   7204  7208
    7263   7204  7209
    7264   7205  7206
    7265   7205  7207
    7266   7206  7500
    7267   7206  7501
    7268   7207  7502
    7269   7207  7503
    7270   7207  7504
    7271   7209  7210
    7272   7210  7211
    7273   7210  7505
    7274   7210  7506
    7275   7211  7212
    7276   7211  7223
    7277   7211  7507
    7278   7212  7508
    7279   7212  7509
    7280   7212  7510
    7281   7213  7214
    7282   7214  7215
    7283   7214  7218
    7284   7214  7511
    7285   7215  7216
    7286   7215  7512
    7287   7215  7513
    7288   7216  7217
    7289   7216  7514
    7290   7216  7515
    7291   7217  7225
    7292   7218  7219
    7293   7218  7516
    7294   7218  7517
    7295   7219  7220
    7296   7219  7518
    7297   7219  7519
    7298   7220  7221
    7299   7220  7520
    7300   7220  7521
    7301   7221  7222
    7302   7221  7522
    7303   7221  7523
    7304   7222  7223
    7305   7222  7224
    7306   7226  7227
    7307   7226  7237
    7308   7226  7524
    7309   7226  7525
    7310   7227  7228
    7311   7227  7526
    7312   7227  7527
    7313   7228  7229
    7314   7228  7528
    7315   7228  7529
    7316   7229  7230
    7317   7229  7530
    7318   7229  7531
    7319   7230  7231
    7320   7230  7532
    7321   7230  7533
    7322   7231  7232
    7323   7231  7534
    7324   7231  7535
    7325   7232  7233
    7326   7232  7536
    7327   7232  7537
    7328   7233  7234
    7329   7233  7538
    7330   7233  7539
    7331   7234  7235
    7332   7234  7540
    7333   7234  7541
    7334   7235  7236
    7335   7235  7542
    7336   7235  7543
    7337   7236  7240
    7338   7236  7544
    7339   7236  7545
    7340   7237  7546
    7341   7237  7547
    7342   7237  7548
    7343   7238  7239
    7344   7238  7242
    7345   7238  7243
    7346   7238  7549
    7347   7239  7240
    7348   7239  7241
    7349   7242  7550
    7350   7242  7551
    7351   7242  7552
    7352   7243  7553
    7353   7243  7554
    7354   7244  7555
    7355   7244  7556
    7356   7244  7557
    7357   7245  7247
    7358   7246  7247
    7359   7246  7558
    7360   7247  7248
    7361   7248  7249
    7362   7248  7559
    7363   7248  7560
    7364   7249  7250
    7365   7249  7561
    7366   7249  7562
    7367   7250  7251
    7368   7250  7563
    7369   7250  7564
    7370   7251  7276
    7371   7251  7565
    7372   7251  7566
    7373   7252  7253
    7374   7252  7308
    7375   7253  7254
    7376   7253  7567
    7377   7253  7568
    7378   7254  7276
    7379   7254  7569
    7380   7254  7570
    7381   7255  7256
    7382   7255  7259
    7383   7255  7260
    7384   7256  7257
    7385   7256  7258
    7386   7256  7339
    7387   7257  7338
    7388   7257  7571
    7389   7257  7572
    7390   7258  7573
    7391   7258  7574
    7392   7258  7575
    7393   7260  7261
    7394   7261  7262
    7395   7261  7576
    7396   7261  7577
    7397   7262  7263
    7398   7262  7273
    7399   7262  7578
    7400   7263  7579
    7401   7263  7580
    7402   7263  7581
    7403   7264  7265
    7404   7264  7268
    7405   7264  7320
    7406   7264  7582
    7407   7265  7266
    7408   7265  7583
    7409   7265  7584
    7410   7266  7267
    7411   7266  7585
    7412   7266  7586
    7413   7267  7298
    7414   7268  7269
    7415   7268  7587
    7416   7268  7588
    7417   7269  7270
    7418   7269  7589
    7419   7269  7590
    7420   7270  7271
    7421   7270  7591
    7422   7270  7592
    7423   7271  7272
    7424   7271  7593
    7425   7271  7594
    7426   7272  7273
    7427   7272  7274
    7428   7275  7276
    7429   7275  7385
    7430   7276  7595
    7431   7277  7278
    7432   7277  7281
    7433   7277  7282
    7434   7278  7279
    7435   7278  7280
    7436   7279  7596
    7437   7279  7597
    7438   7280  7598
    7439   7280  7599
    7440   7280  7600
    7441   7282  7283
    7442   7283  7284
    7443   7283  7601
    7444   7283  7602
    7445   7284  7285
    7446   7284  7295
    7447   7284  7603
    7448   7285  7604
    7449   7285  7605
    7450   7285  7606
    7451   7286  7287
    7452   7286  7290
    7453   7286  7298
    7454   7286  7607
    7455   7287  7288
    7456   7287  7608
    7457   7287  7609
    7458   7288  7289
    7459   7288  7610
    7460   7288  7611
    7461   7289  7297
    7462   7290  7291
    7463   7290  7612
    7464   7290  7613
    7465   7291  7292
    7466   7291  7614
    7467   7291  7615
    7468   7292  7293
    7469   7292  7616
    7470   7292  7617
    7471   7293  7294
    7472   7293  7618
    7473   7293  7619
    7474   7294  7295
    7475   7294  7296
    7476   7299  7300
    7477   7299  7303
    7478   7299  7304
    7479   7300  7301
    7480   7300  7302
    7481   7301  7620
    7482   7301  7621
    7483   7302  7622
    7484   7302  7623
    7485   7302  7624
    7486   7304  7305
    7487   7305  7306
    7488   7305  7625
    7489   7305  7626
    7490   7306  7307
    7491   7306  7318
    7492   7306  7627
    7493   7307  7628
    7494   7307  7629
    7495   7307  7630
    7496   7308  7309
    7497   7309  7310
    7498   7309  7313
    7499   7309  7631
    7500   7310  7311
    7501   7310  7632
    7502   7310  7633
    7503   7311  7312
    7504   7311  7634
    7505   7311  7635
    7506   7312  7320
    7507   7313  7314
    7508   7313  7636
    7509   7313  7637
    7510   7314  7315
    7511   7314  7638
    7512   7314  7639
    7513   7315  7316
    7514   7315  7640
    7515   7315  7641
    7516   7316  7317
    7517   7316  7642
    7518   7316  7643
    7519   7317  7318
    7520   7317  7319
    7521   7321  7322
    7522   7321  7332
    7523   7321  7644
    7524   7321  7645
    7525   7322  7323
    7526   7322  7646
    7527   7322  7647
    7528   7323  7324
    7529   7323  7648
    7530   7323  7649
    7531   7324  7325
    7532   7324  7650
    7533   7324  7651
    7534   7325  7326
    7535   7325  7652
    7536   7325  7653
    7537   7326  7327
    7538   7326  7654
    7539   7326  7655
    7540   7327  7328
    7541   7327  7656
    7542   7327  7657
    7543   7328  7329
    7544   7328  7658
    7545   7328  7659
    7546   7329  7330
    7547   7329  7660
    7548   7329  7661
    7549   7330  7331
    7550   7330  7662
    7551   7330  7663
    7552   7331  7335
    7553   7331  7664
    7554   7331  7665
    7555   7332  7666
    7556   7332  7667
    7557   7332  7668
    7558   7333  7334
    7559   7333  7337
    7560   7333  7338
    7561   7333  7669
    7562   7334  7335
    7563   7334  7336
    7564   7337  7670
    7565   7337  7671
    7566   7337  7672
    7567   7338  7673
    7568   7338  7674
    7569   7339  7675
    7570   7339  7676
    7571   7339  7677
    7572   7340  7342
    7573   7341  7342
    7574   7341  7678
    7575   7342  7343
    7576   7343  7344
    7577   7343  7679
    7578   7343  7680
    7579   7344  7345
    7580   7344  7681
    7581   7344  7682
    7582   7345  7346
    7583   7345  7683
    7584   7345  7684
    7585   7346  7371
    7586   7346  7685
    7587   7346  7686
    7588   7347  7348
    7589   7347  7403
    7590   7348  7349
    7591   7348  7687
    7592   7348  7688
    7593   7349  7371
    7594   7349  7689
    7595   7349  7690
    7596   7350  7351
    7597   7350  7354
    7598   7350  7355
    7599   7351  7352
    7600   7351  7353
    7601   7351  7434
    7602   7352  7433
    7603   7352  7691
    7604   7352  7692
    7605   7353  7693
    7606   7353  7694
    7607   7353  7695
    7608   7355  7356
    7609   7356  7357
    7610   7356  7696
    7611   7356  7697
    7612   7357  7358
    7613   7357  7368
    7614   7357  7698
    7615   7358  7699
    7616   7358  7700
    7617   7358  7701
    7618   7359  7360
    7619   7359  7363
    7620   7359  7415
    7621   7359  7702
    7622   7360  7361
    7623   7360  7703
    7624   7360  7704
    7625   7361  7362
    7626   7361  7705
    7627   7361  7706
    7628   7362  7393
    7629   7363  7364
    7630   7363  7707
    7631   7363  7708
    7632   7364  7365
    7633   7364  7709
    7634   7364  7710
    7635   7365  7366
    7636   7365  7711
    7637   7365  7712
    7638   7366  7367
    7639   7366  7713
    7640   7366  7714
    7641   7367  7368
    7642   7367  7369
    7643   7370  7371
    7644   7370  7372
    7645   7371  7715
    7646   7372  7716
    7647   7372  7717
    7648   7372  7718
    7649   7373  7374
    7650   7373  7377
    7651   7373  7378
    7652   7374  7375
    7653   7374  7376
    7654   7375  7719
    7655   7375  7720
    7656   7376  7721
    7657   7376  7722
    7658   7376  7723
    7659   7378  7379
    7660   7379  7380
    7661   7379  7724
    7662   7379  7725
    7663   7380  7381
    7664   7380  7391
    7665   7380  7726
    7666   7381  7727
    7667   7381  7728
    7668   7381  7729
    7669   7382  7383
    7670   7382  7386
    7671   7382  7393
    7672   7382  7730
    7673   7383  7384
    7674   7383  7731
    7675   7383  7732
    7676   7384  7385
    7677   7384  7733
    7678   7384  7734
    7679   7386  7387
    7680   7386  7735
    7681   7386  7736
    7682   7387  7388
    7683   7387  7737
    7684   7387  7738
    7685   7388  7389
    7686   7388  7739
    7687   7388  7740
    7688   7389  7390
    7689   7389  7741
    7690   7389  7742
    7691   7390  7391
    7692   7390  7392
    7693   7394  7395
    7694   7394  7398
    7695   7394  7399
    7696   7395  7396
    7697   7395  7397
    7698   7396  7743
    7699   7396  7744
    7700   7397  7745
    7701   7397  7746
    7702   7397  7747
    7703   7399  7400
    7704   7400  7401
    7705   7400  7748
    7706   7400  7749
    7707   7401  7402
    7708   7401  7413
    7709   7401  7750
    7710   7402  7751
    7711   7402  7752
    7712   7402  7753
    7713   7403  7404
    7714   7404  7405
    7715   7404  7408
    7716   7404  7754
    7717   7405  7406
    7718   7405  7755
    7719   7405  7756
    7720   7406  7407
    7721   7406  7757
    7722   7406  7758
    7723   7407  7415
    7724   7408  7409
    7725   7408  7759
    7726   7408  7760
    7727   7409  7410
    7728   7409  7761
    7729   7409  7762
    7730   7410  7411
    7731   7410  7763
    7732   7410  7764
    7733   7411  7412
    7734   7411  7765
    7735   7411  7766
    7736   7412  7413
    7737   7412  7414
    7738   7416  7417
    7739   7416  7427
    7740   7416  7767
    7741   7416  7768
    7742   7417  7418
    7743   7417  7769
    7744   7417  7770
    7745   7418  7419
    7746   7418  7771
    7747   7418  7772
    7748   7419  7420
    7749   7419  7773
    7750   7419  7774
    7751   7420  7421
    7752   7420  7775
    7753   7420  7776
    7754   7421  7422
    7755   7421  7777
    7756   7421  7778
    7757   7422  7423
    7758   7422  7779
    7759   7422  7780
    7760   7423  7424
    7761   7423  7781
    7762   7423  7782
    7763   7424  7425
    7764   7424  7783
    7765   7424  7784
    7766   7425  7426
    7767   7425  7785
    7768   7425  7786
    7769   7426  7430
    7770   7426  7787
    7771   7426  7788
    7772   7427  7789
    7773   7427  7790
    7774   7427  7791
    7775   7428  7429
    7776   7428  7432
    7777   7428  7433
    7778   7428  7792
    7779   7429  7430
    7780   7429  7431
    7781   7432  7793
    7782   7432  7794
    7783   7432  7795
    7784   7433  7796
    7785   7433  7797
    7786   7434  7798
    7787   7434  7799
    7788   7434  7800
    7789     7801  7803
    7790     7802  7803
    7791     7802  8085
    7792     7803  7804
    7793     7804  7805
    7794     7804  8086
    7795     7804  8087
    7796     7805  7806
    7797     7805  8088
    7798    7805  8089
    7799    7806  7807
    7800    7806  8090
    7801    7806  8091
    7802    7807  7831
    7803    7807  8092
    7804    7807  8093
    7805    7808  7809
    7806    7808  7863
    7807    7809  7810
    7808    7809  8094
    7809    7809  8095
    7810    7810  7831
    7811    7810  8096
    7812    7810  8097
    7813    7811  7812
    7814    7811  7815
    7815    7811  7816
    7816    7812  7813
    7817    7812  7814
    7818    7812  7894
    7819    7813  7893
    7820    7813  8098
    7821    7813  8099
    7822    7814  8100
    7823    7814  8101
    7824    7814  8102
    7825    7816  7817
    7826    7817  7818
    7827    7817  8103
    7828    7817  8104
    7829    7818  7819
    7830    7818  7829
    7831    7818  8105
    7832    7819  8106
    7833    7819  8107
    7834    7819  8108
    7835    7820  7821
    7836    7820  7824
    7837    7820  7875
    7838    7820  8109
    7839    7821  7822
    7840    7821  8110
    7841    7821  8111
    7842    7822  7823
    7843    7822  8112
    7844    7822  8113
    7845    7823  7853
    7846    7824  7825
    7847    7824  8114
    7848    7824  8115
    7849    7825  7826
    7850    7825  8116
    7851    7825  8117
    7852    7826  7827
    7853    7826  8118
    7854    7826  8119
    7855    7827  7828
    7856    7827  8120
    7857    7827  8121
    7858    7828  7829
    7859    7828  7830
    7860    7831  7947
    7861    7831  8122
    7862    7832  7833
    7863    7832  7836
    7864    7832  7837
    7865    7833  7834
    7866    7833  7835
    7867    7834  8123
    7868    7834  8124
    7869    7835  8125
    7870    7835  8126
    7871    7835  8127
    7872    7837  7838
    7873    7838  7839
    7874    7838  8128
    7875    7838  8129
    7876    7839  7840
    7877    7839  7850
    7878    7839  8130
    7879    7840  8131
    7880    7840  8132
    7881    7840  8133
    7882    7841  7842
    7883    7841  7845
    7884    7841  7853
    7885    7841  8134
    7886    7842  7843
    7887    7842  8135
    7888   7842  8136
    7889   7843  7844
    7890   7843  8137
    7891   7843  8138
    7892   7844  7852
    7893   7845  7846
    7894   7845  8139
    7895   7845  8140
    7896   7846  7847
    7897   7846  8141
    7898   7846  8142
    7899   7847  7848
    7900   7847  8143
    7901   7847  8144
    7902   7848  7849
    7903   7848  8145
    7904   7848  8146
    7905   7849  7850
    7906   7849  7851
    7907   7852  8147
    7908   7852  8148
    7909   7852  8149
    7910   7854  7855
    7911   7854  7858
    7912   7854  7859
    7913   7855  7856
    7914   7855  7857
    7915   7856  8150
    7916   7856  8151
    7917   7857  8152
    7918   7857  8153
    7919   7857  8154
    7920   7859  7860
    7921   7860  7861
    7922   7860  8155
    7923   7860  8156
    7924   7861  7862
    7925   7861  7873
    7926   7861  8157
    7927   7862  8158
    7928   7862  8159
    7929   7862  8160
    7930   7863  7864
    7931   7864  7865
    7932   7864  7868
    7933   7864  8161
    7934   7865  7866
    7935   7865  8162
    7936   7865  8163
    7937   7866  7867
    7938   7866  8164
    7939   7866  8165
    7940   7867  7875
    7941   7868  7869
    7942   7868  8166
    7943   7868  8167
    7944   7869  7870
    7945   7869  8168
    7946   7869  8169
    7947   7870  7871
    7948   7870  8170
    7949   7870  8171
    7950   7871  7872
    7951   7871  8172
    7952   7871  8173
    7953   7872  7873
    7954   7872  7874
    7955   7876  7877
    7956   7876  7887
    7957   7876  8174
    7958   7876  8175
    7959   7877  7878
    7960   7877  8176
    7961   7877  8177
    7962   7878  7879
    7963   7878  8178
    7964   7878  8179
    7965   7879  7880
    7966   7879  8180
    7967   7879  8181
    7968   7880  7881
    7969   7880  8182
    7970   7880  8183
    7971   7881  7882
    7972   7881  8184
    7973   7881  8185
    7974   7882  7883
    7975   7882  8186
    7976   7882  8187
    7977   7883  7884
    7978   7883  8188
    7979   7883  8189
    7980   7884  7885
    7981   7884  8190
    7982   7884  8191
    7983   7885  7886
    7984   7885  8192
    7985   7885  8193
    7986   7886  7890
    7987   7886  8194
    7988   7886  8195
    7989   7887  8196
    7990   7887  8197
    7991   7887  8198
    7992   7888  7889
    7993   7888  7892
    7994   7888  7893
    7995   7888  8199
    7996   7889  7890
    7997   7889  7891
    7998   7892  8200
    7999   7892  8201
    8000   7892  8202
    8001   7893  8203
    8002   7893  8204
    8003   7894  8205
    8004   7894  8206
    8005   7894  8207
    8006   7895  7897
    8007   7896  7897
    8008   7896  8208
    8009   7897  7898
    8010   7898  7899
    8011   7898  8209
    8012   7898  8210
    8013   7899  7900
    8014   7899  8211
    8015   7899  8212
    8016   7900  7901
    8017   7900  8213
    8018   7900  8214
    8019   7901  7926
    8020   7901  8215
    8021   7901  8216
    8022   7902  7903
    8023   7902  7958
    8024   7903  7904
    8025   7903  8217
    8026   7903  8218
    8027   7904  7926
    8028   7904  8219
    8029   7904  8220
    8030   7905  7906
    8031   7905  7909
    8032   7905  7910
    8033   7906  7907
    8034   7906  7908
    8035   7906  7989
    8036   7907  7988
    8037   7907  8221
    8038   7907  8222
    8039   7908  8223
    8040   7908  8224
    8041   7908  8225
    8042   7910  7911
    8043   7911  7912
    8044   7911  8226
    8045   7911  8227
    8046   7912  7913
    8047   7912  7923
    8048   7912  8228
    8049   7913  8229
    8050   7913  8230
    8051   7913  8231
    8052   7914  7915
    8053   7914  7918
    8054   7914  7970
    8055   7914  8232
    8056   7915  7916
    8057   7915  8233
    8058   7915  8234
    8059   7916  7917
    8060   7916  8235
    8061   7916  8236
    8062   7917  7948
    8063   7918  7919
    8064   7918  8237
    8065   7918  8238
    8066   7919  7920
    8067   7919  8239
    8068   7919  8240
    8069   7920  7921
    8070   7920  8241
    8071   7920  8242
    8072   7921  7922
    8073   7921  8243
    8074   7921  8244
    8075   7922  7923
    8076   7922  7924
    8077   7925  7926
    8078   7925  8035
    8079   7926  8245
    8080   7927  7928
    8081   7927  7931
    8082   7927  7932
    8083   7928  7929
    8084   7928  7930
    8085   7929  8246
    8086   7929  8247
    8087   7930  8248
    8088   7930  8249
    8089   7930  8250
    8090   7932  7933
    8091   7933  7934
    8092   7933  8251
    8093   7933  8252
    8094   7934  7935
    8095   7934  7945
    8096   7934  8253
    8097   7935  8254
    8098   7935  8255
    8099   7935  8256
    8100   7936  7937
    8101   7936  7940
    8102   7936  7948
    8103   7936  8257
    8104   7937  7938
    8105   7937  8258
    8106   7937  8259
    8107   7938  7939
    8108   7938  8260
    8109   7938  8261
    8110   7939  7947
    8111   7940  7941
    8112   7940  8262
    8113   7940  8263
    8114   7941  7942
    8115   7941  8264
    8116   7941  8265
    8117   7942  7943
    8118   7942  8266
    8119   7942  8267
    8120   7943  7944
    8121   7943  8268
    8122   7943  8269
    8123   7944  7945
    8124   7944  7946
    8125   7949  7950
    8126   7949  7953
    8127   7949  7954
    8128   7950  7951
    8129   7950  7952
    8130   7951  8270
    8131   7951  8271
    8132   7952  8272
    8133   7952  8273
    8134   7952  8274
    8135   7954  7955
    8136   7955  7956
    8137   7955  8275
    8138   7955  8276
    8139   7956  7957
    8140   7956  7968
    8141   7956  8277
    8142   7957  8278
    8143   7957  8279
    8144   7957  8280
    8145   7958  7959
    8146   7959  7960
    8147   7959  7963
    8148   7959  8281
    8149   7960  7961
    8150   7960  8282
    8151   7960  8283
    8152   7961  7962
    8153   7961  8284
    8154   7961  8285
    8155   7962  7970
    8156   7963  7964
    8157   7963  8286
    8158   7963  8287
    8159   7964  7965
    8160   7964  8288
    8161   7964  8289
    8162   7965  7966
    8163   7965  8290
    8164   7965  8291
    8165   7966  7967
    8166   7966  8292
    8167   7966  8293
    8168   7967  7968
    8169   7967  7969
    8170   7971  7972
    8171   7971  7982
    8172   7971  8294
    8173   7971  8295
    8174   7972  7973
    8175   7972  8296
    8176   7972  8297
    8177   7973  7974
    8178   7973  8298
    8179   7973  8299
    8180   7974  7975
    8181   7974  8300
    8182   7974  8301
    8183   7975  7976
    8184   7975  8302
    8185   7975  8303
    8186   7976  7977
    8187   7976  8304
    8188   7976  8305
    8189   7977  7978
    8190   7977  8306
    8191   7977  8307
    8192   7978  7979
    8193   7978  8308
    8194   7978  8309
    8195   7979  7980
    8196   7979  8310
    8197   7979  8311
    8198   7980  7981
    8199   7980  8312
    8200   7980  8313
    8201   7981  7985
    8202   7981  8314
    8203   7981  8315
    8204   7982  8316
    8205   7982  8317
    8206   7982  8318
    8207   7983  7984
    8208   7983  7987
    8209   7983  7988
    8210   7983  8319
    8211   7984  7985
    8212   7984  7986
    8213   7987  8320
    8214   7987  8321
    8215   7987  8322
    8216   7988  8323
    8217   7988  8324
    8218   7989  8325
    8219   7989  8326
    8220   7989  8327
    8221   7990  7992
    8222   7991  7992
    8223   7991  8328
    8224   7992  7993
    8225   7993  7994
    8226   7993  8329
    8227   7993  8330
    8228   7994  7995
    8229   7994  8331
    8230   7994  8332
    8231   7995  7996
    8232   7995  8333
    8233   7995  8334
    8234   7996  8021
    8235   7996  8335
    8236   7996  8336
    8237   7997  7998
    8238   7997  8053
    8239   7998  7999
    8240   7998  8337
    8241   7998  8338
    8242   7999  8021
    8243   7999  8339
    8244   7999  8340
    8245   8000  8001
    8246   8000  8004
    8247   8000  8005
    8248   8001  8002
    8249   8001  8003
    8250   8001  8084
    8251   8002  8083
    8252   8002  8341
    8253   8002  8342
    8254   8003  8343
    8255   8003  8344
    8256   8003  8345
    8257   8005  8006
    8258   8006  8007
    8259   8006  8346
    8260   8006  8347
    8261   8007  8008
    8262   8007  8018
    8263   8007  8348
    8264   8008  8349
    8265   8008  8350
    8266   8008  8351
    8267   8009  8010
    8268   8009  8013
    8269   8009  8065
    8270   8009  8352
    8271   8010  8011
    8272   8010  8353
    8273   8010  8354
    8274   8011  8012
    8275   8011  8355
    8276   8011  8356
    8277   8012  8043
    8278   8013  8014
    8279   8013  8357
    8280   8013  8358
    8281   8014  8015
    8282   8014  8359
    8283   8014  8360
    8284   8015  8016
    8285   8015  8361
    8286   8015  8362
    8287   8016  8017
    8288   8016  8363
    8289   8016  8364
    8290   8017  8018
    8291   8017  8019
    8292   8020  8021
    8293   8020  8022
    8294   8021  8365
    8295   8022  8366
    8296   8022  8367
    8297   8022  8368
    8298   8023  8024
    8299   8023  8027
    8300   8023  8028
    8301   8024  8025
    8302   8024  8026
    8303   8025  8369
    8304   8025  8370
    8305   8026  8371
    8306   8026  8372
    8307   8026  8373
    8308   8028  8029
    8309   8029  8030
    8310   8029  8374
    8311   8029  8375
    8312   8030  8031
    8313   8030  8041
    8314   8030  8376
    8315   8031  8377
    8316   8031  8378
    8317   8031  8379
    8318   8032  8033
    8319   8032  8036
    8320   8032  8043
    8321   8032  8380
    8322   8033  8034
    8323   8033  8381
    8324   8033  8382
    8325   8034  8035
    8326   8034  8383
    8327   8034  8384
    8328   8036  8037
    8329   8036  8385
    8330   8036  8386
    8331   8037  8038
    8332   8037  8387
    8333   8037  8388
    8334   8038  8039
    8335   8038  8389
    8336   8038  8390
    8337   8039  8040
    8338   8039  8391
    8339   8039  8392
    8340   8040  8041
    8341   8040  8042
    8342   8044  8045
    8343   8044  8048
    8344   8044  8049
    8345   8045  8046
    8346   8045  8047
    8347   8046  8393
    8348   8046  8394
    8349   8047  8395
    8350   8047  8396
    8351   8047  8397
    8352   8049  8050
    8353   8050  8051
    8354   8050  8398
    8355   8050  8399
    8356   8051  8052
    8357   8051  8063
    8358   8051  8400
    8359   8052  8401
    8360   8052  8402
    8361   8052  8403
    8362   8053  8054
    8363   8054  8055
    8364   8054  8058
    8365   8054  8404
    8366   8055  8056
    8367   8055  8405
    8368   8055  8406
    8369   8056  8057
    8370   8056  8407
    8371   8056  8408
    8372   8057  8065
    8373   8058  8059
    8374   8058  8409
    8375   8058  8410
    8376   8059  8060
    8377   8059  8411
    8378   8059  8412
    8379   8060  8061
    8380   8060  8413
    8381   8060  8414
    8382   8061  8062
    8383   8061  8415
    8384   8061  8416
    8385   8062  8063
    8386   8062  8064
    8387   8066  8067
    8388   8066  8077
    8389   8066  8417
    8390   8066  8418
    8391   8067  8068
    8392   8067  8419
    8393   8067  8420
    8394   8068  8069
    8395   8068  8421
    8396   8068  8422
    8397   8069  8070
    8398   8069  8423
    8399   8069  8424
    8400   8070  8071
    8401   8070  8425
    8402   8070  8426
    8403   8071  8072
    8404   8071  8427
    8405   8071  8428
    8406   8072  8073
    8407   8072  8429
    8408   8072  8430
    8409   8073  8074
    8410   8073  8431
    8411   8073  8432
    8412   8074  8075
    8413   8074  8433
    8414   8074  8434
    8415   8075  8076
    8416   8075  8435
    8417   8075  8436
    8418   8076  8080
    8419   8076  8437
    8420   8076  8438
    8421   8077  8439
    8422   8077  8440
    8423   8077  8441
    8424   8078  8079
    8425   8078  8082
    8426   8078  8083
    8427   8078  8442
    8428   8079  8080
    8429   8079  8081
    8430   8082  8443
    8431   8082  8444
    8432   8082  8445
    8433   8083  8446
    8434   8083  8447
    8435   8084  8448
    8436   8084  8449
    8437   8084  8450
    8438     8451  8453
    8439     8452  8453
    8440     8452  8735
    8441     8453  8454
    8442     8454  8455
    8443     8454  8736
    8444     8454  8737
    8445     8455  8456
    8446     8455  8738
    8447    8455  8739
    8448    8456  8457
    8449    8456  8740
    8450    8456  8741
    8451    8457  8481
    8452    8457  8742
    8453    8457  8743
    8454    8458  8459
    8455    8458  8513
    8456    8459  8460
    8457    8459  8744
    8458    8459  8745
    8459    8460  8481
    8460    8460  8746
    8461    8460  8747
    8462    8461  8462
    8463    8461  8465
    8464    8461  8466
    8465    8462  8463
    8466    8462  8464
    8467    8462  8544
    8468    8463  8543
    8469    8463  8748
    8470    8463  8749
    8471    8464  8750
    8472    8464  8751
    8473    8464  8752
    8474    8466  8467
    8475    8467  8468
    8476    8467  8753
    8477    8467  8754
    8478    8468  8469
    8479    8468  8479
    8480    8468  8755
    8481    8469  8756
    8482    8469  8757
    8483    8469  8758
    8484    8470  8471
    8485    8470  8474
    8486    8470  8525
    8487    8470  8759
    8488    8471  8472
    8489    8471  8760
    8490    8471  8761
    8491    8472  8473
    8492    8472  8762
    8493    8472  8763
    8494    8473  8503
    8495    8474  8475
    8496    8474  8764
    8497    8474  8765
    8498    8475  8476
    8499    8475  8766
    8500    8475  8767
    8501    8476  8477
    8502    8476  8768
    8503    8476  8769
    8504    8477  8478
    8505    8477  8770
    8506    8477  8771
    8507    8478  8479
    8508    8478  8480
    8509    8481  8597
    8510    8481  8772
    8511    8482  8483
    8512    8482  8486
    8513    8482  8487
    8514    8483  8484
    8515    8483  8485
    8516    8484  8773
    8517    8484  8774
    8518    8485  8775
    8519    8485  8776
    8520    8485  8777
    8521    8487  8488
    8522    8488  8489
    8523    8488  8778
    8524    8488  8779
    8525    8489  8490
    8526    8489  8500
    8527    8489  8780
    8528    8490  8781
    8529    8490  8782
    8530    8490  8783
    8531    8491  8492
    8532    8491  8495
    8533    8491  8503
    8534    8491  8784
    8535    8492  8493
    8536    8492  8785
    8537   8492  8786
    8538   8493  8494
    8539   8493  8787
    8540   8493  8788
    8541   8494  8502
    8542   8495  8496
    8543   8495  8789
    8544   8495  8790
    8545   8496  8497
    8546   8496  8791
    8547   8496  8792
    8548   8497  8498
    8549   8497  8793
    8550   8497  8794
    8551   8498  8499
    8552   8498  8795
    8553   8498  8796
    8554   8499  8500
    8555   8499  8501
    8556   8502  8797
    8557   8502  8798
    8558   8502  8799
    8559   8504  8505
    8560   8504  8508
    8561   8504  8509
    8562   8505  8506
    8563   8505  8507
    8564   8506  8800
    8565   8506  8801
    8566   8507  8802
    8567   8507  8803
    8568   8507  8804
    8569   8509  8510
    8570   8510  8511
    8571   8510  8805
    8572   8510  8806
    8573   8511  8512
    8574   8511  8523
    8575   8511  8807
    8576   8512  8808
    8577   8512  8809
    8578   8512  8810
    8579   8513  8514
    8580   8514  8515
    8581   8514  8518
    8582   8514  8811
    8583   8515  8516
    8584   8515  8812
    8585   8515  8813
    8586   8516  8517
    8587   8516  8814
    8588   8516  8815
    8589   8517  8525
    8590   8518  8519
    8591   8518  8816
    8592   8518  8817
    8593   8519  8520
    8594   8519  8818
    8595   8519  8819
    8596   8520  8521
    8597   8520  8820
    8598   8520  8821
    8599   8521  8522
    8600   8521  8822
    8601   8521  8823
    8602   8522  8523
    8603   8522  8524
    8604   8526  8527
    8605   8526  8537
    8606   8526  8824
    8607   8526  8825
    8608   8527  8528
    8609   8527  8826
    8610   8527  8827
    8611   8528  8529
    8612   8528  8828
    8613   8528  8829
    8614   8529  8530
    8615   8529  8830
    8616   8529  8831
    8617   8530  8531
    8618   8530  8832
    8619   8530  8833
    8620   8531  8532
    8621   8531  8834
    8622   8531  8835
    8623   8532  8533
    8624   8532  8836
    8625   8532  8837
    8626   8533  8534
    8627   8533  8838
    8628   8533  8839
    8629   8534  8535
    8630   8534  8840
    8631   8534  8841
    8632   8535  8536
    8633   8535  8842
    8634   8535  8843
    8635   8536  8540
    8636   8536  8844
    8637   8536  8845
    8638   8537  8846
    8639   8537  8847
    8640   8537  8848
    8641   8538  8539
    8642   8538  8542
    8643   8538  8543
    8644   8538  8849
    8645   8539  8540
    8646   8539  8541
    8647   8542  8850
    8648   8542  8851
    8649   8542  8852
    8650   8543  8853
    8651   8543  8854
    8652   8544  8855
    8653   8544  8856
    8654   8544  8857
    8655   8545  8547
    8656   8546  8547
    8657   8546  8858
    8658   8547  8548
    8659   8548  8549
    8660   8548  8859
    8661   8548  8860
    8662   8549  8550
    8663   8549  8861
    8664   8549  8862
    8665   8550  8551
    8666   8550  8863
    8667   8550  8864
    8668   8551  8576
    8669   8551  8865
    8670   8551  8866
    8671   8552  8553
    8672   8552  8608
    8673   8553  8554
    8674   8553  8867
    8675   8553  8868
    8676   8554  8576
    8677   8554  8869
    8678   8554  8870
    8679   8555  8556
    8680   8555  8559
    8681   8555  8560
    8682   8556  8557
    8683   8556  8558
    8684   8556  8639
    8685   8557  8638
    8686   8557  8871
    8687   8557  8872
    8688   8558  8873
    8689   8558  8874
    8690   8558  8875
    8691   8560  8561
    8692   8561  8562
    8693   8561  8876
    8694   8561  8877
    8695   8562  8563
    8696   8562  8573
    8697   8562  8878
    8698   8563  8879
    8699   8563  8880
    8700   8563  8881
    8701   8564  8565
    8702   8564  8568
    8703   8564  8620
    8704   8564  8882
    8705   8565  8566
    8706   8565  8883
    8707   8565  8884
    8708   8566  8567
    8709   8566  8885
    8710   8566  8886
    8711   8567  8598
    8712   8568  8569
    8713   8568  8887
    8714   8568  8888
    8715   8569  8570
    8716   8569  8889
    8717   8569  8890
    8718   8570  8571
    8719   8570  8891
    8720   8570  8892
    8721   8571  8572
    8722   8571  8893
    8723   8571  8894
    8724   8572  8573
    8725   8572  8574
    8726   8575  8576
    8727   8575  8685
    8728   8576  8895
    8729   8577  8578
    8730   8577  8581
    8731   8577  8582
    8732   8578  8579
    8733   8578  8580
    8734   8579  8896
    8735   8579  8897
    8736   8580  8898
    8737   8580  8899
    8738   8580  8900
    8739   8582  8583
    8740   8583  8584
    8741   8583  8901
    8742   8583  8902
    8743   8584  8585
    8744   8584  8595
    8745   8584  8903
    8746   8585  8904
    8747   8585  8905
    8748   8585  8906
    8749   8586  8587
    8750   8586  8590
    8751   8586  8598
    8752   8586  8907
    8753   8587  8588
    8754   8587  8908
    8755   8587  8909
    8756   8588  8589
    8757   8588  8910
    8758   8588  8911
    8759   8589  8597
    8760   8590  8591
    8761   8590  8912
    8762   8590  8913
    8763   8591  8592
    8764   8591  8914
    8765   8591  8915
    8766   8592  8593
    8767   8592  8916
    8768   8592  8917
    8769   8593  8594
    8770   8593  8918
    8771   8593  8919
    8772   8594  8595
    8773   8594  8596
    8774   8599  8600
    8775   8599  8603
    8776   8599  8604
    8777   8600  8601
    8778   8600  8602
    8779   8601  8920
    8780   8601  8921
    8781   8602  8922
    8782   8602  8923
    8783   8602  8924
    8784   8604  8605
    8785   8605  8606
    8786   8605  8925
    8787   8605  8926
    8788   8606  8607
    8789   8606  8618
    8790   8606  8927
    8791   8607  8928
    8792   8607  8929
    8793   8607  8930
    8794   8608  8609
    8795   8609  8610
    8796   8609  8613
    8797   8609  8931
    8798   8610  8611
    8799   8610  8932
    8800   8610  8933
    8801   8611  8612
    8802   8611  8934
    8803   8611  8935
    8804   8612  8620
    8805   8613  8614
    8806   8613  8936
    8807   8613  8937
    8808   8614  8615
    8809   8614  8938
    8810   8614  8939
    8811   8615  8616
    8812   8615  8940
    8813   8615  8941
    8814   8616  8617
    8815   8616  8942
    8816   8616  8943
    8817   8617  8618
    8818   8617  8619
    8819   8621  8622
    8820   8621  8632
    8821   8621  8944
    8822   8621  8945
    8823   8622  8623
    8824   8622  8946
    8825   8622  8947
    8826   8623  8624
    8827   8623  8948
    8828   8623  8949
    8829   8624  8625
    8830   8624  8950
    8831   8624  8951
    8832   8625  8626
    8833   8625  8952
    8834   8625  8953
    8835   8626  8627
    8836   8626  8954
    8837   8626  8955
    8838   8627  8628
    8839   8627  8956
    8840   8627  8957
    8841   8628  8629
    8842   8628  8958
    8843   8628  8959
    8844   8629  8630
    8845   8629  8960
    8846   8629  8961
    8847   8630  8631
    8848   8630  8962
    8849   8630  8963
    8850   8631  8635
    8851   8631  8964
    8852   8631  8965
    8853   8632  8966
    8854   8632  8967
    8855   8632  8968
    8856   8633  8634
    8857   8633  8637
    8858   8633  8638
    8859   8633  8969
    8860   8634  8635
    8861   8634  8636
    8862   8637  8970
    8863   8637  8971
    8864   8637  8972
    8865   8638  8973
    8866   8638  8974
    8867   8639  8975
    8868   8639  8976
    8869   8639  8977
    8870   8640  8642
    8871   8641  8642
    8872   8641  8978
    8873   8642  8643
    8874   8643  8644
    8875   8643  8979
    8876   8643  8980
    8877   8644  8645
    8878   8644  8981
    8879   8644  8982
    8880   8645  8646
    8881   8645  8983
    8882   8645  8984
    8883   8646  8671
    8884   8646  8985
    8885   8646  8986
    8886   8647  8648
    8887   8647  8703
    8888   8648  8649
    8889   8648  8987
    8890   8648  8988
    8891   8649  8671
    8892   8649  8989
    8893   8649  8990
    8894   8650  8651
    8895   8650  8654
    8896   8650  8655
    8897   8651  8652
    8898   8651  8653
    8899   8651  8734
    8900   8652  8733
    8901   8652  8991
    8902   8652  8992
    8903   8653  8993
    8904   8653  8994
    8905   8653  8995
    8906   8655  8656
    8907   8656  8657
    8908   8656  8996
    8909   8656  8997
    8910   8657  8658
    8911   8657  8668
    8912   8657  8998
    8913   8658  8999
    8914   8658  9000
    8915   8658  9001
    8916   8659  8660
    8917   8659  8663
    8918   8659  8715
    8919   8659  9002
    8920   8660  8661
    8921   8660  9003
    8922   8660  9004
    8923   8661  8662
    8924   8661  9005
    8925   8661  9006
    8926   8662  8693
    8927   8663  8664
    8928   8663  9007
    8929   8663  9008
    8930   8664  8665
    8931   8664  9009
    8932   8664  9010
    8933   8665  8666
    8934   8665  9011
    8935   8665  9012
    8936   8666  8667
    8937   8666  9013
    8938   8666  9014
    8939   8667  8668
    8940   8667  8669
    8941   8670  8671
    8942   8670  8672
    8943   8671  9015
    8944   8672  9016
    8945   8672  9017
    8946   8672  9018
    8947   8673  8674
    8948   8673  8677
    8949   8673  8678
    8950   8674  8675
    8951   8674  8676
    8952   8675  9019
    8953   8675  9020
    8954   8676  9021
    8955   8676  9022
    8956   8676  9023
    8957   8678  8679
    8958   8679  8680
    8959   8679  9024
    8960   8679  9025
    8961   8680  8681
    8962   8680  8691
    8963   8680  9026
    8964   8681  9027
    8965   8681  9028
    8966   8681  9029
    8967   8682  8683
    8968   8682  8686
    8969   8682  8693
    8970   8682  9030
    8971   8683  8684
    8972   8683  9031
    8973   8683  9032
    8974   8684  8685
    8975   8684  9033
    8976   8684  9034
    8977   8686  8687
    8978   8686  9035
    8979   8686  9036
    8980   8687  8688
    8981   8687  9037
    8982   8687  9038
    8983   8688  8689
    8984   8688  9039
    8985   8688  9040
    8986   8689  8690
    8987   8689  9041
    8988   8689  9042
    8989   8690  8691
    8990   8690  8692
    8991   8694  8695
    8992   8694  8698
    8993   8694  8699
    8994   8695  8696
    8995   8695  8697
    8996   8696  9043
    8997   8696  9044
    8998   8697  9045
    8999   8697  9046
    9000   8697  9047
    9001   8699  8700
    9002   8700  8701
    9003   8700  9048
    9004   8700  9049
    9005   8701  8702
    9006   8701  8713
    9007   8701  9050
    9008   8702  9051
    9009   8702  9052
    9010   8702  9053
    9011   8703  8704
    9012   8704  8705
    9013   8704  8708
    9014   8704  9054
    9015   8705  8706
    9016   8705  9055
    9017   8705  9056
    9018   8706  8707
    9019   8706  9057
    9020   8706  9058
    9021   8707  8715
    9022   8708  8709
    9023   8708  9059
    9024   8708  9060
    9025   8709  8710
    9026   8709  9061
    9027   8709  9062
    9028   8710  8711
    9029   8710  9063
    9030   8710  9064
    9031   8711  8712
    9032   8711  9065
    9033   8711  9066
    9034   8712  8713
    9035   8712  8714
    9036   8716  8717
    9037   8716  8727
    9038   8716  9067
    9039   8716  9068
    9040   8717  8718
    9041   8717  9069
    9042   8717  9070
    9043   8718  8719
    9044   8718  9071
    9045   8718  9072
    9046   8719  8720
    9047   8719  9073
    9048   8719  9074
    9049   8720  8721
    9050   8720  9075
    9051   8720  9076
    9052   8721  8722
    9053   8721  9077
    9054   8721  9078
    9055   8722  8723
    9056   8722  9079
    9057   8722  9080
    9058   8723  8724
    9059   8723  9081
    9060   8723  9082
    9061   8724  8725
    9062   8724  9083
    9063   8724  9084
    9064   8725  8726
    9065   8725  9085
    9066   8725  9086
    9067   8726  8730
    9068   8726  9087
    9069   8726  9088
    9070   8727  9089
    9071   8727  9090
    9072   8727  9091
    9073   8728  8729
    9074   8728  8732
    9075   8728  8733
    9076   8728  9092
    9077   8729  8730
    9078   8729  8731
    9079   8732  9093
    9080   8732  9094
    9081   8732  9095
    9082   8733  9096
    9083   8733  9097
    9084   8734  9098
    9085   8734  9099
    9086   8734  9100
    9087     9101  9103
    9088     9102  9103
    9089     9102  9385
    9090     9103  9104
    9091     9104  9105
    9092     9104  9386
    9093     9104  9387
    9094     9105  9106
    9095     9105  9388
    9096    9105  9389
    9097    9106  9107
    9098    9106  9390
    9099    9106  9391
    9100    9107  9131
    9101    9107  9392
    9102    9107  9393
    9103    9108  9109
    9104    9108  9163
    9105    9109  9110
    9106    9109  9394
    9107    9109  9395
    9108    9110  9131
    9109    9110  9396
    9110    9110  9397
    9111    9111  9112
    9112    9111  9115
    9113    9111  9116
    9114    9112  9113
    9115    9112  9114
    9116    9112  9194
    9117    9113  9193
    9118    9113  9398
    9119    9113  9399
    9120    9114  9400
    9121    9114  9401
    9122    9114  9402
    9123    9116  9117
    9124    9117  9118
    9125    9117  9403
    9126    9117  9404
    9127    9118  9119
    9128    9118  9129
    9129    9118  9405
    9130    9119  9406
    9131    9119  9407
    9132    9119  9408
    9133    9120  9121
    9134    9120  9124
    9135    9120  9175
    9136    9120  9409
    9137    9121  9122
    9138    9121  9410
    9139    9121  9411
    9140    9122  9123
    9141    9122  9412
    9142    9122  9413
    9143    9123  9153
    9144    9124  9125
    9145    9124  9414
    9146    9124  9415
    9147    9125  9126
    9148    9125  9416
    9149    9125  9417
    9150    9126  9127
    9151    9126  9418
    9152    9126  9419
    9153    9127  9128
    9154    9127  9420
    9155    9127  9421
    9156    9128  9129
    9157    9128  9130
    9158    9131  9247
    9159    9131  9422
    9160    9132  9133
    9161    9132  9136
    9162    9132  9137
    9163    9133  9134
    9164    9133  9135
    9165    9134  9423
    9166    9134  9424
    9167    9135  9425
    9168    9135  9426
    9169    9135  9427
    9170    9137  9138
    9171    9138  9139
    9172    9138  9428
    9173    9138  9429
    9174    9139  9140
    9175    9139  9150
    9176    9139  9430
    9177    9140  9431
    9178    9140  9432
    9179    9140  9433
    9180    9141  9142
    9181    9141  9145
    9182    9141  9153
    9183    9141  9434
    9184    9142  9143
    9185    9142  9435
    9186   9142  9436
    9187   9143  9144
    9188   9143  9437
    9189   9143  9438
    9190   9144  9152
    9191   9145  9146
    9192   9145  9439
    9193   9145  9440
    9194   9146  9147
    9195   9146  9441
    9196   9146  9442
    9197   9147  9148
    9198   9147  9443
    9199   9147  9444
    9200   9148  9149
    9201   9148  9445
    9202   9148  9446
    9203   9149  9150
    9204   9149  9151
    9205   9152  9447
    9206   9152  9448
    9207   9152  9449
    9208   9154  9155
    9209   9154  9158
    9210   9154  9159
    9211   9155  9156
    9212   9155  9157
    9213   9156  9450
    9214   9156  9451
    9215   9157  9452
    9216   9157  9453
    9217   9157  9454
    9218   9159  9160
    9219   9160  9161
    9220   9160  9455
    9221   9160  9456
    9222   9161  9162
    9223   9161  9173
    9224   9161  9457
    9225   9162  9458
    9226   9162  9459
    9227   9162  9460
    9228   9163  9164
    9229   9164  9165
    9230   9164  9168
    9231   9164  9461
    9232   9165  9166
    9233   9165  9462
    9234   9165  9463
    9235   9166  9167
    9236   9166  9464
    9237   9166  9465
    9238   9167  9175
    9239   9168  9169
    9240   9168  9466
    9241   9168  9467
    9242   9169  9170
    9243   9169  9468
    9244   9169  9469
    9245   9170  9171
    9246   9170  9470
    9247   9170  9471
    9248   9171  9172
    9249   9171  9472
    9250   9171  9473
    9251   9172  9173
    9252   9172  9174
    9253   9176  9177
    9254   9176  9187
    9255   9176  9474
    9256   9176  9475
    9257   9177  9178
    9258   9177  9476
    9259   9177  9477
    9260   9178  9179
    9261   9178  9478
    9262   9178  9479
    9263   9179  9180
    9264   9179  9480
    9265   9179  9481
    9266   9180  9181
    9267   9180  9482
    9268   9180  9483
    9269   9181  9182
    9270   9181  9484
    9271   9181  9485
    9272   9182  9183
    9273   9182  9486
    9274   9182  9487
    9275   9183  9184
    9276   9183  9488
    9277   9183  9489
    9278   9184  9185
    9279   9184  9490
    9280   9184  9491
    9281   9185  9186
    9282   9185  9492
    9283   9185  9493
    9284   9186  9190
    9285   9186  9494
    9286   9186  9495
    9287   9187  9496
    9288   9187  9497
    9289   9187  9498
    9290   9188  9189
    9291   9188  9192
    9292   9188  9193
    9293   9188  9499
    9294   9189  9190
    9295   9189  9191
    9296   9192  9500
    9297   9192  9501
    9298   9192  9502
    9299   9193  9503
    9300   9193  9504
    9301   9194  9505
    9302   9194  9506
    9303   9194  9507
    9304   9195  9197
    9305   9196  9197
    9306   9196  9508
    9307   9197  9198
    9308   9198  9199
    9309   9198  9509
    9310   9198  9510
    9311   9199  9200
    9312   9199  9511
    9313   9199  9512
    9314   9200  9201
    9315   9200  9513
    9316   9200  9514
    9317   9201  9226
    9318   9201  9515
    9319   9201  9516
    9320   9202  9203
    9321   9202  9258
    9322   9203  9204
    9323   9203  9517
    9324   9203  9518
    9325   9204  9226
    9326   9204  9519
    9327   9204  9520
    9328   9205  9206
    9329   9205  9209
    9330   9205  9210
    9331   9206  9207
    9332   9206  9208
    9333   9206  9289
    9334   9207  9288
    9335   9207  9521
    9336   9207  9522
    9337   9208  9523
    9338   9208  9524
    9339   9208  9525
    9340   9210  9211
    9341   9211  9212
    9342   9211  9526
    9343   9211  9527
    9344   9212  9213
    9345   9212  9223
    9346   9212  9528
    9347   9213  9529
    9348   9213  9530
    9349   9213  9531
    9350   9214  9215
    9351   9214  9218
    9352   9214  9270
    9353   9214  9532
    9354   9215  9216
    9355   9215  9533
    9356   9215  9534
    9357   9216  9217
    9358   9216  9535
    9359   9216  9536
    9360   9217  9248
    9361   9218  9219
    9362   9218  9537
    9363   9218  9538
    9364   9219  9220
    9365   9219  9539
    9366   9219  9540
    9367   9220  9221
    9368   9220  9541
    9369   9220  9542
    9370   9221  9222
    9371   9221  9543
    9372   9221  9544
    9373   9222  9223
    9374   9222  9224
    9375   9225  9226
    9376   9225  9335
    9377   9226  9545
    9378   9227  9228
    9379   9227  9231
    9380   9227  9232
    9381   9228  9229
    9382   9228  9230
    9383   9229  9546
    9384   9229  9547
    9385   9230  9548
    9386   9230  9549
    9387   9230  9550
    9388   9232  9233
    9389   9233  9234
    9390   9233  9551
    9391   9233  9552
    9392   9234  9235
    9393   9234  9245
    9394   9234  9553
    9395   9235  9554
    9396   9235  9555
    9397   9235  9556
    9398   9236  9237
    9399   9236  9240
    9400   9236  9248
    9401   9236  9557
    9402   9237  9238
    9403   9237  9558
    9404   9237  9559
    9405   9238  9239
    9406   9238  9560
    9407   9238  9561
    9408   9239  9247
    9409   9240  9241
    9410   9240  9562
    9411   9240  9563
    9412   9241  9242
    9413   9241  9564
    9414   9241  9565
    9415   9242  9243
    9416   9242  9566
    9417   9242  9567
    9418   9243  9244
    9419   9243  9568
    9420   9243  9569
    9421   9244  9245
    9422   9244  9246
    9423   9249  9250
    9424   9249  9253
    9425   9249  9254
    9426   9250  9251
    9427   9250  9252
    9428   9251  9570
    9429   9251  9571
    9430   9252  9572
    9431   9252  9573
    9432   9252  9574
    9433   9254  9255
    9434   9255  9256
    9435   9255  9575
    9436   9255  9576
    9437   9256  9257
    9438   9256  9268
    9439   9256  9577
    9440   9257  9578
    9441   9257  9579
    9442   9257  9580
    9443   9258  9259
    9444   9259  9260
    9445   9259  9263
    9446   9259  9581
    9447   9260  9261
    9448   9260  9582
    9449   9260  9583
    9450   9261  9262
    9451   9261  9584
    9452   9261  9585
    9453   9262  9270
    9454   9263  9264
    9455   9263  9586
    9456   9263  9587
    9457   9264  9265
    9458   9264  9588
    9459   9264  9589
    9460   9265  9266
    9461   9265  9590
    9462   9265  9591
    9463   9266  9267
    9464   9266  9592
    9465   9266  9593
    9466   9267  9268
    9467   9267  9269
    9468   9271  9272
    9469   9271  9282
    9470   9271  9594
    9471   9271  9595
    9472   9272  9273
    9473   9272  9596
    9474   9272  9597
    9475   9273  9274
    9476   9273  9598
    9477   9273  9599
    9478   9274  9275
    9479   9274  9600
    9480   9274  9601
    9481   9275  9276
    9482   9275  9602
    9483   9275  9603
    9484   9276  9277
    9485   9276  9604
    9486   9276  9605
    9487   9277  9278
    9488   9277  9606
    9489   9277  9607
    9490   9278  9279
    9491   9278  9608
    9492   9278  9609
    9493   9279  9280
    9494   9279  9610
    9495   9279  9611
    9496   9280  9281
    9497   9280  9612
    9498   9280  9613
    9499   9281  9285
    9500   9281  9614
    9501   9281  9615
    9502   9282  9616
    9503   9282  9617
    9504   9282  9618
    9505   9283  9284
    9506   9283  9287
    9507   9283  9288
    9508   9283  9619
    9509   9284  9285
    9510   9284  9286
    9511   9287  9620
    9512   9287  9621
    9513   9287  9622
    9514   9288  9623
    9515   9288  9624
    9516   9289  9625
    9517   9289  9626
    9518   9289  9627
    9519   9290  9292
    9520   9291  9292
    9521   9291  9628
    9522   9292  9293
    9523   9293  9294
    9524   9293  9629
    9525   9293  9630
    9526   9294  9295
    9527   9294  9631
    9528   9294  9632
    9529   9295  9296
    9530   9295  9633
    9531   9295  9634
    9532   9296  9321
    9533   9296  9635
    9534   9296  9636
    9535   9297  9298
    9536   9297  9353
    9537   9298  9299
    9538   9298  9637
    9539   9298  9638
    9540   9299  9321
    9541   9299  9639
    9542   9299  9640
    9543   9300  9301
    9544   9300  9304
    9545   9300  9305
    9546   9301  9302
    9547   9301  9303
    9548   9301  9384
    9549   9302  9383
    9550   9302  9641
    9551   9302  9642
    9552   9303  9643
    9553   9303  9644
    9554   9303  9645
    9555   9305  9306
    9556   9306  9307
    9557   9306  9646
    9558   9306  9647
    9559   9307  9308
    9560   9307  9318
    9561   9307  9648
    9562   9308  9649
    9563   9308  9650
    9564   9308  9651
    9565   9309  9310
    9566   9309  9313
    9567   9309  9365
    9568   9309  9652
    9569   9310  9311
    9570   9310  9653
    9571   9310  9654
    9572   9311  9312
    9573   9311  9655
    9574   9311  9656
    9575   9312  9343
    9576   9313  9314
    9577   9313  9657
    9578   9313  9658
    9579   9314  9315
    9580   9314  9659
    9581   9314  9660
    9582   9315  9316
    9583   9315  9661
    9584   9315  9662
    9585   9316  9317
    9586   9316  9663
    9587   9316  9664
    9588   9317  9318
    9589   9317  9319
    9590   9320  9321
    9591   9320  9322
    9592   9321  9665
    9593   9322  9666
    9594   9322  9667
    9595   9322  9668
    9596   9323  9324
    9597   9323  9327
    9598   9323  9328
    9599   9324  9325
    9600   9324  9326
    9601   9325  9669
    9602   9325  9670
    9603   9326  9671
    9604   9326  9672
    9605   9326  9673
    9606   9328  9329
    9607   9329  9330
    9608   9329  9674
    9609   9329  9675
    9610   9330  9331
    9611   9330  9341
    9612   9330  9676
    9613   9331  9677
    9614   9331  9678
    9615   9331  9679
    9616   9332  9333
    9617   9332  9336
    9618   9332  9343
    9619   9332  9680
    9620   9333  9334
    9621   9333  9681
    9622   9333  9682
    9623   9334  9335
    9624   9334  9683
    9625   9334  9684
    9626   9336  9337
    9627   9336  9685
    9628   9336  9686
    9629   9337  9338
    9630   9337  9687
    9631   9337  9688
    9632   9338  9339
    9633   9338  9689
    9634   9338  9690
    9635   9339  9340
    9636   9339  9691
    9637   9339  9692
    9638   9340  9341
    9639   9340  9342
    9640   9344  9345
    9641   9344  9348
    9642   9344  9349
    9643   9345  9346
    9644   9345  9347
    9645   9346  9693
    9646   9346  9694
    9647   9347  9695
    9648   9347  9696
    9649   9347  9697
    9650   9349  9350
    9651   9350  9351
    9652   9350  9698
    9653   9350  9699
    9654   9351  9352
    9655   9351  9363
    9656   9351  9700
    9657   9352  9701
    9658   9352  9702
    9659   9352  9703
    9660   9353  9354
    9661   9354  9355
    9662   9354  9358
    9663   9354  9704
    9664   9355  9356
    9665   9355  9705
    9666   9355  9706
    9667   9356  9357
    9668   9356  9707
    9669   9356  9708
    9670   9357  9365
    9671   9358  9359
    9672   9358  9709
    9673   9358  9710
    9674   9359  9360
    9675   9359  9711
    9676   9359  9712
    9677   9360  9361
    9678   9360  9713
    9679   9360  9714
    9680   9361  9362
    9681   9361  9715
    9682   9361  9716
    9683   9362  9363
    9684   9362  9364
    9685   9366  9367
    9686   9366  9377
    9687   9366  9717
    9688   9366  9718
    9689   9367  9368
    9690   9367  9719
    9691   9367  9720
    9692   9368  9369
    9693   9368  9721
    9694   9368  9722
    9695   9369  9370
    9696   9369  9723
    9697   9369  9724
    9698   9370  9371
    9699   9370  9725
    9700   9370  9726
    9701   9371  9372
    9702   9371  9727
    9703   9371  9728
    9704   9372  9373
    9705   9372  9729
    9706   9372  9730
    9707   9373  9374
    9708   9373  9731
    9709   9373  9732
    9710   9374  9375
    9711   9374  9733
    9712   9374  9734
    9713   9375  9376
    9714   9375  9735
    9715   9375  9736
    9716   9376  9380
    9717   9376  9737
    9718   9376  9738
    9719   9377  9739
    9720   9377  9740
    9721   9377  9741
    9722   9378  9379
    9723   9378  9382
    9724   9378  9383
    9725   9378  9742
    9726   9379  9380
    9727   9379  9381
    9728   9382  9743
    9729   9382  9744
    9730   9382  9745
    9731   9383  9746
    9732   9383  9747
    9733   9384  9748
    9734   9384  9749
    9735   9384  9750
    9736     9751  9753
    9737     9752  9753
    9738     9752  10035
    9739     9753  9754
    9740     9754  9755
    9741     9754  10036
    9742     9754  10037
    9743     9755  9756
    9744     9755  10038
    9745    9755  10039
    9746    9756  9757
    9747    9756  10040
    9748    9756  10041
    9749    9757  9781
    9750    9757  10042
    9751    9757  10043
    9752    9758  9759
    9753    9758  9813
    9754    9759  9760
    9755    9759  10044
    9756    9759  10045
    9757    9760  9781
    9758    9760  10046
    9759    9760  10047
    9760    9761  9762
    9761    9761  9765
    9762    9761  9766
    9763    9762  9763
    9764    9762  9764
    9765    9762  9844
    9766    9763  9843
    9767    9763  10048
    9768    9763  10049
    9769    9764  10050
    9770    9764  10051
    9771    9764  10052
    9772    9766  9767
    9773    9767  9768
    9774    9767  10053
    9775    9767  10054
    9776    9768  9769
    9777    9768  9779
    9778    9768  10055
    9779    9769  10056
    9780    9769  10057
    9781    9769  10058
    9782    9770  9771
    9783    9770  9774
    9784    9770  9825
    9785    9770  10059
    9786    9771  9772
    9787    9771  10060
    9788    9771  10061
    9789    9772  9773
    9790    9772  10062
    9791    9772  10063
    9792    9773  9803
    9793    9774  9775
    9794    9774  10064
    9795    9774  10065
    9796    9775  9776
    9797    9775  10066
    9798    9775  10067
    9799    9776  9777
    9800    9776  10068
    9801    9776  10069
    9802    9777  9778
    9803    9777  10070
    9804    9777  10071
    9805    9778  9779
    9806    9778  9780
    9807    9781  9897
    9808    9781  10072
    9809    9782  9783
    9810    9782  9786
    9811    9782  9787
    9812    9783  9784
    9813    9783  9785
    9814    9784  10073
    9815    9784  10074
    9816    9785  10075
    9817    9785  10076
    9818    9785  10077
    9819    9787  9788
    9820    9788  9789
    9821    9788  10078
    9822    9788  10079
    9823    9789  9790
    9824    9789  9800
    9825    9789  10080
    9826    9790  10081
    9827    9790  10082
    9828    9790  10083
    9829    9791  9792
    9830    9791  9795
    9831    9791  9803
    9832    9791  10084
    9833    9792  9793
    9834    9792  10085
    9835   9792  10086
    9836   9793  9794
    9837   9793  10087
    9838   9793  10088
    9839   9794  9802
    9840   9795  9796
    9841   9795  10089
    9842   9795  10090
    9843   9796  9797
    9844   9796  10091
    9845   9796  10092
    9846   9797  9798
    9847   9797  10093
    9848   9797  10094
    9849   9798  9799
    9850   9798  10095
    9851   9798  10096
    9852   9799  9800
    9853   9799  9801
    9854   9802  10097
    9855   9802  10098
    9856   9802  10099
    9857   9804  9805
    9858   9804  9808
    9859   9804  9809
    9860   9805  9806
    9861   9805  9807
    9862   9806  10100
    9863   9806  10101
    9864   9807  10102
    9865   9807  10103
    9866   9807  10104
    9867   9809  9810
    9868   9810  9811
    9869   9810  10105
    9870   9810  10106
    9871   9811  9812
    9872   9811  9823
    9873   9811  10107
    9874   9812  10108
    9875   9812  10109
    9876   9812  10110
    9877   9813  9814
    9878   9814  9815
    9879   9814  9818
    9880   9814  10111
    9881   9815  9816
    9882   9815  10112
    9883   9815  10113
    9884   9816  9817
    9885   9816  10114
    9886   9816  10115
    9887   9817  9825
    9888   9818  9819
    9889   9818  10116
    9890   9818  10117
    9891   9819  9820
    9892   9819  10118
    9893   9819  10119
    9894   9820  9821
    9895   9820  10120
    9896   9820  10121
    9897   9821  9822
    9898   9821  10122
    9899   9821  10123
    9900   9822  9823
    9901   9822  9824
    9902   9826  9827
    9903   9826  9837
    9904   9826  10124
    9905   9826  10125
    9906   9827  9828
    9907   9827  10126
    9908   9827  10127
    9909   9828  9829
    9910   9828  10128
    9911   9828  10129
    9912   9829  9830
    9913   9829  10130
    9914   9829  10131
    9915   9830  9831
    9916   9830  10132
    9917   9830  10133
    9918   9831  9832
    9919   9831  10134
    9920   9831  10135
    9921   9832  9833
    9922   9832  10136
    9923   9832  10137
    9924   9833  9834
    9925   9833  10138
    9926   9833  10139
    9927   9834  9835
    9928   9834  10140
    9929   9834  10141
    9930   9835  9836
    9931   9835  10142
    9932   9835  10143
    9933   9836  9840
    9934   9836  10144
    9935   9836  10145
    9936   9837  10146
    9937   9837  10147
    9938   9837  10148
    9939   9838  9839
    9940   9838  9842
    9941   9838  9843
    9942   9838  10149
    9943   9839  9840
    9944   9839  9841
    9945   9842  10150
    9946   9842  10151
    9947   9842  10152
    9948   9843  10153
    9949   9843  10154
    9950   9844  10155
    9951   9844  10156
    9952   9844  10157
    9953   9845  9847
    9954   9846  9847
    9955   9846  10158
    9956   9847  9848
    9957   9848  9849
    9958   9848  10159
    9959   9848  10160
    9960   9849  9850
    9961   9849  10161
    9962   9849  10162
    9963   9850  9851
    9964   9850  10163
    9965   9850  10164
    9966   9851  9876
    9967   9851  10165
    9968   9851  10166
    9969   9852  9853
    9970   9852  9908
    9971   9853  9854
    9972   9853  10167
    9973   9853  10168
    9974   9854  9876
    9975   9854  10169
    9976   9854  10170
    9977   9855  9856
    9978   9855  9859
    9979   9855  9860
    9980   9856  9857
    9981   9856  9858
    9982   9856  9939
    9983   9857  9938
    9984   9857  10171
    9985   9857  10172
    9986   9858  10173
    9987   9858  10174
    9988   9858  10175
    9989   9860  9861
    9990   9861  9862
    9991   9861  10176
    9992   9861  10177
    9993   9862  9863
    9994   9862  9873
    9995   9862  10178
    9996   9863  10179
    9997   9863  10180
    9998   9863  10181
    9999   9864  9865
    10000   9864  9868
    10001   9864  9920
    10002   9864  10182
    10003   9865  9866
    10004   9865  10183
    10005   9865  10184
    10006   9866  9867
    10007   9866  10185
    10008   9866  10186
    10009   9867  9898
    10010   9868  9869
    10011   9868  10187
    10012   9868  10188
    10013   9869  9870
    10014   9869  10189
    10015   9869  10190
    10016   9870  9871
    10017   9870  10191
    10018   9870  10192
    10019   9871  9872
    10020   9871  10193
    10021   9871  10194
    10022   9872  9873
    10023   9872  9874
    10024   9875  9876
    10025   9875  9985
    10026   9876  10195
    10027   9877  9878
    10028   9877  9881
    10029   9877  9882
    10030   9878  9879
    10031   9878  9880
    10032   9879  10196
    10033   9879  10197
    10034   9880  10198
    10035   9880  10199
    10036   9880  10200
    10037   9882  9883
    10038   9883  9884
    10039   9883  10201
    10040   9883  10202
    10041   9884  9885
    10042   9884  9895
    10043   9884  10203
    10044   9885  10204
    10045   9885  10205
    10046   9885  10206
    10047   9886  9887
    10048   9886  9890
    10049   9886  9898
    10050   9886  10207
    10051   9887  9888
    10052   9887  10208
    10053   9887  10209
    10054   9888  9889
    10055   9888  10210
    10056   9888  10211
    10057   9889  9897
    10058   9890  9891
    10059   9890  10212
    10060   9890  10213
    10061   9891  9892
    10062   9891  10214
    10063   9891  10215
    10064   9892  9893
    10065   9892  10216
    10066   9892  10217
    10067   9893  9894
    10068   9893  10218
    10069   9893  10219
    10070   9894  9895
    10071   9894  9896
    10072   9899  9900
    10073   9899  9903
    10074   9899  9904
    10075   9900  9901
    10076   9900  9902
    10077   9901  10220
    10078   9901  10221
    10079   9902  10222
    10080   9902  10223
    10081   9902  10224
    10082   9904  9905
    10083   9905  9906
    10084   9905  10225
    10085   9905  10226
    10086   9906  9907
    10087   9906  9918
    10088   9906  10227
    10089   9907  10228
    10090   9907  10229
    10091   9907  10230
    10092   9908  9909
    10093   9909  9910
    10094   9909  9913
    10095   9909  10231
    10096   9910  9911
    10097   9910  10232
    10098   9910  10233
    10099   9911  9912
    10100   9911  10234
    10101   9911  10235
    10102   9912  9920
    10103   9913  9914
    10104   9913  10236
    10105   9913  10237
    10106   9914  9915
    10107   9914  10238
    10108   9914  10239
    10109   9915  9916
    10110   9915  10240
    10111   9915  10241
    10112   9916  9917
    10113   9916  10242
    10114   9916  10243
    10115   9917  9918
    10116   9917  9919
    10117   9921  9922
    10118   9921  9932
    10119   9921  10244
    10120   9921  10245
    10121   9922  9923
    10122   9922  10246
    10123   9922  10247
    10124   9923  9924
    10125   9923  10248
    10126   9923  10249
    10127   9924  9925
    10128   9924  10250
    10129   9924  10251
    10130   9925  9926
    10131   9925  10252
    10132   9925  10253
    10133   9926  9927
    10134   9926  10254
    10135   9926  10255
    10136   9927  9928
    10137   9927  10256
    10138   9927  10257
    10139   9928  9929
    10140   9928  10258
    10141   9928  10259
    10142   9929  9930
    10143   9929  10260
    10144   9929  10261
    10145   9930  9931
    10146   9930  10262
    10147   9930  10263
    10148   9931  9935
    10149   9931  10264
    10150   9931  10265
    10151   9932  10266
    10152   9932  10267
    10153   9932  10268
    10154   9933  9934
    10155   9933  9937
    10156   9933  9938
    10157   9933  10269
    10158   9934  9935
    10159   9934  9936
    10160   9937  10270
    10161   9937  10271
    10162   9937  10272
    10163   9938  10273
    10164   9938  10274
    10165   9939  10275
    10166   9939  10276
    10167   9939  10277
    10168   9940  9942
    10169   9941  9942
    10170   9941  10278
    10171   9942  9943
    10172   9943  9944
    10173   9943  10279
    10174   9943  10280
    10175   9944  9945
    10176   9944  10281
    10177   9944  10282
    10178   9945  9946
    10179   9945  10283
    10180   9945  10284
    10181   9946  9971
    10182   9946  10285
    10183   9946  10286
    10184   9947  9948
    10185   9947  10003
    10186   9948  9949
    10187   9948  10287
    10188   9948  10288
    10189   9949  9971
    10190   9949  10289
    10191   9949  10290
    10192   9950  9951
    10193   9950  9954
    10194   9950  9955
    10195   9951  9952
    10196   9951  9953
    10197   9951  10034
    10198   9952  10033
    10199   9952  10291
    10200   9952  10292
    10201   9953  10293
    10202   9953  10294
    10203   9953  10295
    10204   9955  9956
    10205   9956  9957
    10206   9956  10296
    10207   9956  10297
    10208   9957  9958
    10209   9957  9968
    10210   9957  10298
    10211   9958  10299
    10212   9958  10300
    10213   9958  10301
    10214   9959  9960
    10215   9959  9963
    10216   9959  10015
    10217   9959  10302
    10218   9960  9961
    10219   9960  10303
    10220   9960  10304
    10221   9961  9962
    10222   9961  10305
    10223   9961  10306
    10224   9962  9993
    10225   9963  9964
    10226   9963  10307
    10227   9963  10308
    10228   9964  9965
    10229   9964  10309
    10230   9964  10310
    10231   9965  9966
    10232   9965  10311
    10233   9965  10312
    10234   9966  9967
    10235   9966  10313
    10236   9966  10314
    10237   9967  9968
    10238   9967  9969
    10239   9970  9971
    10240   9970  9972
    10241   9971  10315
    10242   9972  10316
    10243   9972  10317
    10244   9972  10318
    10245   9973  9974
    10246   9973  9977
    10247   9973  9978
    10248   9974  9975
    10249   9974  9976
    10250   9975  10319
    10251   9975  10320
    10252   9976  10321
    10253   9976  10322
    10254   9976  10323
    10255   9978  9979
    10256   9979  9980
    10257   9979  10324
    10258   9979  10325
    10259   9980  9981
    10260   9980  9991
    10261   9980  10326
    10262   9981  10327
    10263   9981  10328
    10264   9981  10329
    10265   9982  9983
    10266   9982  9986
    10267   9982  9993
    10268   9982  10330
    10269   9983  9984
    10270   9983  10331
    10271   9983  10332
    10272   9984  9985
    10273   9984  10333
    10274   9984  10334
    10275   9986  9987
    10276   9986  10335
    10277   9986  10336
    10278   9987  9988
    10279   9987  10337
    10280   9987  10338
    10281   9988  9989
    10282   9988  10339
    10283   9988  10340
    10284   9989  9990
    10285   9989  10341
    10286   9989  10342
    10287   9990  9991
    10288   9990  9992
    10289   9994  9995
    10290   9994  9998
    10291   9994  9999
    10292   9995  9996
    10293   9995  9997
    10294   9996  10343
    10295   9996  10344
    10296   9997  10345
    10297   9997  10346
    10298   9997  10347
    10299   9999  10000
    10300   10000  10001
    10301   10000  10348
    10302   10000  10349
    10303   10001  10002
    10304   10001  10013
    10305   10001  10350
    10306   10002  10351
    10307   10002  10352
    10308   10002  10353
    10309   10003  10004
    10310   10004  10005
    10311   10004  10008
    10312   10004  10354
    10313   10005  10006
    10314   10005  10355
    10315   10005  10356
    10316   10006  10007
    10317   10006  10357
    10318   10006  10358
    10319   10007  10015
    10320   10008  10009
    10321   10008  10359
    10322   10008  10360
    10323   10009  10010
    10324   10009  10361
    10325   10009  10362
    10326   10010  10011
    10327   10010  10363
    10328   10010  10364
    10329   10011  10012
    10330   10011  10365
    10331   10011  10366
    10332   10012  10013
    10333   10012  10014
    10334   10016  10017
    10335   10016  10027
    10336   10016  10367
    10337   10016  10368
    10338   10017  10018
    10339   10017  10369
    10340   10017  10370
    10341   10018  10019
    10342   10018  10371
    10343   10018  10372
    10344   10019  10020
    10345   10019  10373
    10346   10019  10374
    10347   10020  10021
    10348   10020  10375
    10349   10020  10376
    10350   10021  10022
    10351   10021  10377
    10352   10021  10378
    10353   10022  10023
    10354   10022  10379
    10355   10022  10380
    10356   10023  10024
    10357   10023  10381
    10358   10023  10382
    10359   10024  10025
    10360   10024  10383
    10361   10024  10384
    10362   10025  10026
    10363   10025  10385
    10364   10025  10386
    10365   10026  10030
    10366   10026  10387
    10367   10026  10388
    10368   10027  10389
    10369   10027  10390
    10370   10027  10391
    10371   10028  10029
    10372   10028  10032
    10373   10028  10033
    10374   10028  10392
    10375   10029  10030
    10376   10029  10031
    10377   10032  10393
    10378   10032  10394
    10379   10032  10395
    10380   10033  10396
    10381   10033  10397
    10382   10034  10398
    10383   10034  10399
    10384   10034  10400
    10385     10401  10403
    10386     10402  10403
    10387     10402  10685
    10388     10403  10404
    10389     10404  10405
    10390     10404  10686
    10391     10404  10687
    10392     10405  10406
    10393     10405  10688
    10394    10405  10689
    10395    10406  10407
    10396    10406  10690
    10397    10406  10691
    10398    10407  10431
    10399    10407  10692
    10400    10407  10693
    10401    10408  10409
    10402    10408  10463
    10403    10409  10410
    10404    10409  10694
    10405    10409  10695
    10406    10410  10431
    10407    10410  10696
    10408    10410  10697
    10409    10411  10412
    10410    10411  10415
    10411    10411  10416
    10412    10412  10413
    10413    10412  10414
    10414    10412  10494
    10415    10413  10493
    10416    10413  10698
    10417    10413  10699
    10418    10414  10700
    10419    10414  10701
    10420    10414  10702
    10421    10416  10417
    10422    10417  10418
    10423    10417  10703
    10424    10417  10704
    10425    10418  10419
    10426    10418  10429
    10427    10418  10705
    10428    10419  10706
    10429    10419  10707
    10430    10419  10708
    10431    10420  10421
    10432    10420  10424
    10433    10420  10475
    10434    10420  10709
    10435    10421  10422
    10436    10421  10710
    10437    10421  10711
    10438    10422  10423
    10439    10422  10712
    10440    10422  10713
    10441    10423  10453
    10442    10424  10425
    10443    10424  10714
    10444    10424  10715
    10445    10425  10426
    10446    10425  10716
    10447    10425  10717
    10448    10426  10427
    10449    10426  10718
    10450    10426  10719
    10451    10427  10428
    10452    10427  10720
    10453    10427  10721
    10454    10428  10429
    10455    10428  10430
    10456    10431  10547
    10457    10431  10722
    10458    10432  10433
    10459    10432  10436
    10460    10432  10437
    10461    10433  10434
    10462    10433  10435
    10463    10434  10723
    10464    10434  10724
    10465    10435  10725
    10466    10435  10726
    10467    10435  10727
    10468    10437  10438
    10469    10438  10439
    10470    10438  10728
    10471    10438  10729
    10472    10439  10440
    10473    10439  10450
    10474    10439  10730
    10475    10440  10731
    10476    10440  10732
    10477    10440  10733
    10478    10441  10442
    10479    10441  10445
    10480    10441  10453
    10481    10441  10734
    10482    10442  10443
    10483    10442  10735
    10484   10442  10736
    10485   10443  10444
    10486   10443  10737
    10487   10443  10738
    10488   10444  10452
    10489   10445  10446
    10490   10445  10739
    10491   10445  10740
    10492   10446  10447
    10493   10446  10741
    10494   10446  10742
    10495   10447  10448
    10496   10447  10743
    10497   10447  10744
    10498   10448  10449
    10499   10448  10745
    10500   10448  10746
    10501   10449  10450
    10502   10449  10451
    10503   10452  10747
    10504   10452  10748
    10505   10452  10749
    10506   10454  10455
    10507   10454  10458
    10508   10454  10459
    10509   10455  10456
    10510   10455  10457
    10511   10456  10750
    10512   10456  10751
    10513   10457  10752
    10514   10457  10753
    10515   10457  10754
    10516   10459  10460
    10517   10460  10461
    10518   10460  10755
    10519   10460  10756
    10520   10461  10462
    10521   10461  10473
    10522   10461  10757
    10523   10462  10758
    10524   10462  10759
    10525   10462  10760
    10526   10463  10464
    10527   10464  10465
    10528   10464  10468
    10529   10464  10761
    10530   10465  10466
    10531   10465  10762
    10532   10465  10763
    10533   10466  10467
    10534   10466  10764
    10535   10466  10765
    10536   10467  10475
    10537   10468  10469
    10538   10468  10766
    10539   10468  10767
    10540   10469  10470
    10541   10469  10768
    10542   10469  10769
    10543   10470  10471
    10544   10470  10770
    10545   10470  10771
    10546   10471  10472
    10547   10471  10772
    10548   10471  10773
    10549   10472  10473
    10550   10472  10474
    10551   10476  10477
    10552   10476  10487
    10553   10476  10774
    10554   10476  10775
    10555   10477  10478
    10556   10477  10776
    10557   10477  10777
    10558   10478  10479
    10559   10478  10778
    10560   10478  10779
    10561   10479  10480
    10562   10479  10780
    10563   10479  10781
    10564   10480  10481
    10565   10480  10782
    10566   10480  10783
    10567   10481  10482
    10568   10481  10784
    10569   10481  10785
    10570   10482  10483
    10571   10482  10786
    10572   10482  10787
    10573   10483  10484
    10574   10483  10788
    10575   10483  10789
    10576   10484  10485
    10577   10484  10790
    10578   10484  10791
    10579   10485  10486
    10580   10485  10792
    10581   10485  10793
    10582   10486  10490
    10583   10486  10794
    10584   10486  10795
    10585   10487  10796
    10586   10487  10797
    10587   10487  10798
    10588   10488  10489
    10589   10488  10492
    10590   10488  10493
    10591   10488  10799
    10592   10489  10490
    10593   10489  10491
    10594   10492  10800
    10595   10492  10801
    10596   10492  10802
    10597   10493  10803
    10598   10493  10804
    10599   10494  10805
    10600   10494  10806
    10601   10494  10807
    10602   10495  10497
    10603   10496  10497
    10604   10496  10808
    10605   10497  10498
    10606   10498  10499
    10607   10498  10809
    10608   10498  10810
    10609   10499  10500
    10610   10499  10811
    10611   10499  10812
    10612   10500  10501
    10613   10500  10813
    10614   10500  10814
    10615   10501  10526
    10616   10501  10815
    10617   10501  10816
    10618   10502  10503
    10619   10502  10558
    10620   10503  10504
    10621   10503  10817
    10622   10503  10818
    10623   10504  10526
    10624   10504  10819
    10625   10504  10820
    10626   10505  10506
    10627   10505  10509
    10628   10505  10510
    10629   10506  10507
    10630   10506  10508
    10631   10506  10589
    10632   10507  10588
    10633   10507  10821
    10634   10507  10822
    10635   10508  10823
    10636   10508  10824
    10637   10508  10825
    10638   10510  10511
    10639   10511  10512
    10640   10511  10826
    10641   10511  10827
    10642   10512  10513
    10643   10512  10523
    10644   10512  10828
    10645   10513  10829
    10646   10513  10830
    10647   10513  10831
    10648   10514  10515
    10649   10514  10518
    10650   10514  10570
    10651   10514  10832
    10652   10515  10516
    10653   10515  10833
    10654   10515  10834
    10655   10516  10517
    10656   10516  10835
    10657   10516  10836
    10658   10517  10548
    10659   10518  10519
    10660   10518  10837
    10661   10518  10838
    10662   10519  10520
    10663   10519  10839
    10664   10519  10840
    10665   10520  10521
    10666   10520  10841
    10667   10520  10842
    10668   10521  10522
    10669   10521  10843
    10670   10521  10844
    10671   10522  10523
    10672   10522  10524
    10673   10525  10526
    10674   10525  10635
    10675   10526  10845
    10676   10527  10528
    10677   10527  10531
    10678   10527  10532
    10679   10528  10529
    10680   10528  10530
    10681   10529  10846
    10682   10529  10847
    10683   10530  10848
    10684   10530  10849
    10685   10530  10850
    10686   10532  10533
    10687   10533  10534
    10688   10533  10851
    10689   10533  10852
    10690   10534  10535
    10691   10534  10545
    10692   10534  10853
    10693   10535  10854
    10694   10535  10855
    10695   10535  10856
    10696   10536  10537
    10697   10536  10540
    10698   10536  10548
    10699   10536  10857
    10700   10537  10538
    10701   10537  10858
    10702   10537  10859
    10703   10538  10539
    10704   10538  10860
    10705   10538  10861
    10706   10539  10547
    10707   10540  10541
    10708   10540  10862
    10709   10540  10863
    10710   10541  10542
    10711   10541  10864
    10712   10541  10865
    10713   10542  10543
    10714   10542  10866
    10715   10542  10867
    10716   10543  10544
    10717   10543  10868
    10718   10543  10869
    10719   10544  10545
    10720   10544  10546
    10721   10549  10550
    10722   10549  10553
    10723   10549  10554
    10724   10550  10551
    10725   10550  10552
    10726   10551  10870
    10727   10551  10871
    10728   10552  10872
    10729   10552  10873
    10730   10552  10874
    10731   10554  10555
    10732   10555  10556
    10733   10555  10875
    10734   10555  10876
    10735   10556  10557
    10736   10556  10568
    10737   10556  10877
    10738   10557  10878
    10739   10557  10879
    10740   10557  10880
    10741   10558  10559
    10742   10559  10560
    10743   10559  10563
    10744   10559  10881
    10745   10560  10561
    10746   10560  10882
    10747   10560  10883
    10748   10561  10562
    10749   10561  10884
    10750   10561  10885
    10751   10562  10570
    10752   10563  10564
    10753   10563  10886
    10754   10563  10887
    10755   10564  10565
    10756   10564  10888
    10757   10564  10889
    10758   10565  10566
    10759   10565  10890
    10760   10565  10891
    10761   10566  10567
    10762   10566  10892
    10763   10566  10893
    10764   10567  10568
    10765   10567  10569
    10766   10571  10572
    10767   10571  10582
    10768   10571  10894
    10769   10571  10895
    10770   10572  10573
    10771   10572  10896
    10772   10572  10897
    10773   10573  10574
    10774   10573  10898
    10775   10573  10899
    10776   10574  10575
    10777   10574  10900
    10778   10574  10901
    10779   10575  10576
    10780   10575  10902
    10781   10575  10903
    10782   10576  10577
    10783   10576  10904
    10784   10576  10905
    10785   10577  10578
    10786   10577  10906
    10787   10577  10907
    10788   10578  10579
    10789   10578  10908
    10790   10578  10909
    10791   10579  10580
    10792   10579  10910
    10793   10579  10911
    10794   10580  10581
    10795   10580  10912
    10796   10580  10913
    10797   10581  10585
    10798   10581  10914
    10799   10581  10915
    10800   10582  10916
    10801   10582  10917
    10802   10582  10918
    10803   10583  10584
    10804   10583  10587
    10805   10583  10588
    10806   10583  10919
    10807   10584  10585
    10808   10584  10586
    10809   10587  10920
    10810   10587  10921
    10811   10587  10922
    10812   10588  10923
    10813   10588  10924
    10814   10589  10925
    10815   10589  10926
    10816   10589  10927
    10817   10590  10592
    10818   10591  10592
    10819   10591  10928
    10820   10592  10593
    10821   10593  10594
    10822   10593  10929
    10823   10593  10930
    10824   10594  10595
    10825   10594  10931
    10826   10594  10932
    10827   10595  10596
    10828   10595  10933
    10829   10595  10934
    10830   10596  10621
    10831   10596  10935
    10832   10596  10936
    10833   10597  10598
    10834   10597  10653
    10835   10598  10599
    10836   10598  10937
    10837   10598  10938
    10838   10599  10621
    10839   10599  10939
    10840   10599  10940
    10841   10600  10601
    10842   10600  10604
    10843   10600  10605
    10844   10601  10602
    10845   10601  10603
    10846   10601  10684
    10847   10602  10683
    10848   10602  10941
    10849   10602  10942
    10850   10603  10943
    10851   10603  10944
    10852   10603  10945
    10853   10605  10606
    10854   10606  10607
    10855   10606  10946
    10856   10606  10947
    10857   10607  10608
    10858   10607  10618
    10859   10607  10948
    10860   10608  10949
    10861   10608  10950
    10862   10608  10951
    10863   10609  10610
    10864   10609  10613
    10865   10609  10665
    10866   10609  10952
    10867   10610  10611
    10868   10610  10953
    10869   10610  10954
    10870   10611  10612
    10871   10611  10955
    10872   10611  10956
    10873   10612  10643
    10874   10613  10614
    10875   10613  10957
    10876   10613  10958
    10877   10614  10615
    10878   10614  10959
    10879   10614  10960
    10880   10615  10616
    10881   10615  10961
    10882   10615  10962
    10883   10616  10617
    10884   10616  10963
    10885   10616  10964
    10886   10617  10618
    10887   10617  10619
    10888   10620  10621
    10889   10620  10622
    10890   10621  10965
    10891   10622  10966
    10892   10622  10967
    10893   10622  10968
    10894   10623  10624
    10895   10623  10627
    10896   10623  10628
    10897   10624  10625
    10898   10624  10626
    10899   10625  10969
    10900   10625  10970
    10901   10626  10971
    10902   10626  10972
    10903   10626  10973
    10904   10628  10629
    10905   10629  10630
    10906   10629  10974
    10907   10629  10975
    10908   10630  10631
    10909   10630  10641
    10910   10630  10976
    10911   10631  10977
    10912   10631  10978
    10913   10631  10979
    10914   10632  10633
    10915   10632  10636
    10916   10632  10643
    10917   10632  10980
    10918   10633  10634
    10919   10633  10981
    10920   10633  10982
    10921   10634  10635
    10922   10634  10983
    10923   10634  10984
    10924   10636  10637
    10925   10636  10985
    10926   10636  10986
    10927   10637  10638
    10928   10637  10987
    10929   10637  10988
    10930   10638  10639
    10931   10638  10989
    10932   10638  10990
    10933   10639  10640
    10934   10639  10991
    10935   10639  10992
    10936   10640  10641
    10937   10640  10642
    10938   10644  10645
    10939   10644  10648
    10940   10644  10649
    10941   10645  10646
    10942   10645  10647
    10943   10646  10993
    10944   10646  10994
    10945   10647  10995
    10946   10647  10996
    10947   10647  10997
    10948   10649  10650
    10949   10650  10651
    10950   10650  10998
    10951   10650  10999
    10952   10651  10652
    10953   10651  10663
    10954   10651  11000
    10955   10652  11001
    10956   10652  11002
    10957   10652  11003
    10958   10653  10654
    10959   10654  10655
    10960   10654  10658
    10961   10654  11004
    10962   10655  10656
    10963   10655  11005
    10964   10655  11006
    10965   10656  10657
    10966   10656  11007
    10967   10656  11008
    10968   10657  10665
    10969   10658  10659
    10970   10658  11009
    10971   10658  11010
    10972   10659  10660
    10973   10659  11011
    10974   10659  11012
    10975   10660  10661
    10976   10660  11013
    10977   10660  11014
    10978   10661  10662
    10979   10661  11015
    10980   10661  11016
    10981   10662  10663
    10982   10662  10664
    10983   10666  10667
    10984   10666  10677
    10985   10666  11017
    10986   10666  11018
    10987   10667  10668
    10988   10667  11019
    10989   10667  11020
    10990   10668  10669
    10991   10668  11021
    10992   10668  11022
    10993   10669  10670
    10994   10669  11023
    10995   10669  11024
    10996   10670  10671
    10997   10670  11025
    10998   10670  11026
    10999   10671  10672
    11000   10671  11027
    11001   10671  11028
    11002   10672  10673
    11003   10672  11029
    11004   10672  11030
    11005   10673  10674
    11006   10673  11031
    11007   10673  11032
    11008   10674  10675
    11009   10674  11033
    11010   10674  11034
    11011   10675  10676
    11012   10675  11035
    11013   10675  11036
    11014   10676  10680
    11015   10676  11037
    11016   10676  11038
    11017   10677  11039
    11018   10677  11040
    11019   10677  11041
    11020   10678  10679
    11021   10678  10682
    11022   10678  10683
    11023   10678  11042
    11024   10679  10680
    11025   10679  10681
    11026   10682  11043
    11027   10682  11044
    11028   10682  11045
    11029   10683  11046
    11030   10683  11047
    11031   10684  11048
    11032   10684  11049
    11033   10684  11050
    11034     11051  11053
    11035     11052  11053
    11036     11052  11335
    11037     11053  11054
    11038     11054  11055
    11039     11054  11336
    11040     11054  11337
    11041     11055  11056
    11042     11055  11338
    11043    11055  11339
    11044    11056  11057
    11045    11056  11340
    11046    11056  11341
    11047    11057  11081
    11048    11057  11342
    11049    11057  11343
    11050    11058  11059
    11051    11058  11113
    11052    11059  11060
    11053    11059  11344
    11054    11059  11345
    11055    11060  11081
    11056    11060  11346
    11057    11060  11347
    11058    11061  11062
    11059    11061  11065
    11060    11061  11066
    11061    11062  11063
    11062    11062  11064
    11063    11062  11144
    11064    11063  11143
    11065    11063  11348
    11066    11063  11349
    11067    11064  11350
    11068    11064  11351
    11069    11064  11352
    11070    11066  11067
    11071    11067  11068
    11072    11067  11353
    11073    11067  11354
    11074    11068  11069
    11075    11068  11079
    11076    11068  11355
    11077    11069  11356
    11078    11069  11357
    11079    11069  11358
    11080    11070  11071
    11081    11070  11074
    11082    11070  11125
    11083    11070  11359
    11084    11071  11072
    11085    11071  11360
    11086    11071  11361
    11087    11072  11073
    11088    11072  11362
    11089    11072  11363
    11090    11073  11103
    11091    11074  11075
    11092    11074  11364
    11093    11074  11365
    11094    11075  11076
    11095    11075  11366
    11096    11075  11367
    11097    11076  11077
    11098    11076  11368
    11099    11076  11369
    11100    11077  11078
    11101    11077  11370
    11102    11077  11371
    11103    11078  11079
    11104    11078  11080
    11105    11081  11197
    11106    11081  11372
    11107    11082  11083
    11108    11082  11086
    11109    11082  11087
    11110    11083  11084
    11111    11083  11085
    11112    11084  11373
    11113    11084  11374
    11114    11085  11375
    11115    11085  11376
    11116    11085  11377
    11117    11087  11088
    11118    11088  11089
    11119    11088  11378
    11120    11088  11379
    11121    11089  11090
    11122    11089  11100
    11123    11089  11380
    11124    11090  11381
    11125    11090  11382
    11126    11090  11383
    11127    11091  11092
    11128    11091  11095
    11129    11091  11103
    11130    11091  11384
    11131    11092  11093
    11132    11092  11385
    11133   11092  11386
    11134   11093  11094
    11135   11093  11387
    11136   11093  11388
    11137   11094  11102
    11138   11095  11096
    11139   11095  11389
    11140   11095  11390
    11141   11096  11097
    11142   11096  11391
    11143   11096  11392
    11144   11097  11098
    11145   11097  11393
    11146   11097  11394
    11147   11098  11099
    11148   11098  11395
    11149   11098  11396
    11150   11099  11100
    11151   11099  11101
    11152   11102  11397
    11153   11102  11398
    11154   11102  11399
    11155   11104  11105
    11156   11104  11108
    11157   11104  11109
    11158   11105  11106
    11159   11105  11107
    11160   11106  11400
    11161   11106  11401
    11162   11107  11402
    11163   11107  11403
    11164   11107  11404
    11165   11109  11110
    11166   11110  11111
    11167   11110  11405
    11168   11110  11406
    11169   11111  11112
    11170   11111  11123
    11171   11111  11407
    11172   11112  11408
    11173   11112  11409
    11174   11112  11410
    11175   11113  11114
    11176   11114  11115
    11177   11114  11118
    11178   11114  11411
    11179   11115  11116
    11180   11115  11412
    11181   11115  11413
    11182   11116  11117
    11183   11116  11414
    11184   11116  11415
    11185   11117  11125
    11186   11118  11119
    11187   11118  11416
    11188   11118  11417
    11189   11119  11120
    11190   11119  11418
    11191   11119  11419
    11192   11120  11121
    11193   11120  11420
    11194   11120  11421
    11195   11121  11122
    11196   11121  11422
    11197   11121  11423
    11198   11122  11123
    11199   11122  11124
    11200   11126  11127
    11201   11126  11137
    11202   11126  11424
    11203   11126  11425
    11204   11127  11128
    11205   11127  11426
    11206   11127  11427
    11207   11128  11129
    11208   11128  11428
    11209   11128  11429
    11210   11129  11130
    11211   11129  11430
    11212   11129  11431
    11213   11130  11131
    11214   11130  11432
    11215   11130  11433
    11216   11131  11132
    11217   11131  11434
    11218   11131  11435
    11219   11132  11133
    11220   11132  11436
    11221   11132  11437
    11222   11133  11134
    11223   11133  11438
    11224   11133  11439
    11225   11134  11135
    11226   11134  11440
    11227   11134  11441
    11228   11135  11136
    11229   11135  11442
    11230   11135  11443
    11231   11136  11140
    11232   11136  11444
    11233   11136  11445
    11234   11137  11446
    11235   11137  11447
    11236   11137  11448
    11237   11138  11139
    11238   11138  11142
    11239   11138  11143
    11240   11138  11449
    11241   11139  11140
    11242   11139  11141
    11243   11142  11450
    11244   11142  11451
    11245   11142  11452
    11246   11143  11453
    11247   11143  11454
    11248   11144  11455
    11249   11144  11456
    11250   11144  11457
    11251   11145  11147
    11252   11146  11147
    11253   11146  11458
    11254   11147  11148
    11255   11148  11149
    11256   11148  11459
    11257   11148  11460
    11258   11149  11150
    11259   11149  11461
    11260   11149  11462
    11261   11150  11151
    11262   11150  11463
    11263   11150  11464
    11264   11151  11176
    11265   11151  11465
    11266   11151  11466
    11267   11152  11153
    11268   11152  11208
    11269   11153  11154
    11270   11153  11467
    11271   11153  11468
    11272   11154  11176
    11273   11154  11469
    11274   11154  11470
    11275   11155  11156
    11276   11155  11159
    11277   11155  11160
    11278   11156  11157
    11279   11156  11158
    11280   11156  11239
    11281   11157  11238
    11282   11157  11471
    11283   11157  11472
    11284   11158  11473
    11285   11158  11474
    11286   11158  11475
    11287   11160  11161
    11288   11161  11162
    11289   11161  11476
    11290   11161  11477
    11291   11162  11163
    11292   11162  11173
    11293   11162  11478
    11294   11163  11479
    11295   11163  11480
    11296   11163  11481
    11297   11164  11165
    11298   11164  11168
    11299   11164  11220
    11300   11164  11482
    11301   11165  11166
    11302   11165  11483
    11303   11165  11484
    11304   11166  11167
    11305   11166  11485
    11306   11166  11486
    11307   11167  11198
    11308   11168  11169
    11309   11168  11487
    11310   11168  11488
    11311   11169  11170
    11312   11169  11489
    11313   11169  11490
    11314   11170  11171
    11315   11170  11491
    11316   11170  11492
    11317   11171  11172
    11318   11171  11493
    11319   11171  11494
    11320   11172  11173
    11321   11172  11174
    11322   11175  11176
    11323   11175  11285
    11324   11176  11495
    11325   11177  11178
    11326   11177  11181
    11327   11177  11182
    11328   11178  11179
    11329   11178  11180
    11330   11179  11496
    11331   11179  11497
    11332   11180  11498
    11333   11180  11499
    11334   11180  11500
    11335   11182  11183
    11336   11183  11184
    11337   11183  11501
    11338   11183  11502
    11339   11184  11185
    11340   11184  11195
    11341   11184  11503
    11342   11185  11504
    11343   11185  11505
    11344   11185  11506
    11345   11186  11187
    11346   11186  11190
    11347   11186  11198
    11348   11186  11507
    11349   11187  11188
    11350   11187  11508
    11351   11187  11509
    11352   11188  11189
    11353   11188  11510
    11354   11188  11511
    11355   11189  11197
    11356   11190  11191
    11357   11190  11512
    11358   11190  11513
    11359   11191  11192
    11360   11191  11514
    11361   11191  11515
    11362   11192  11193
    11363   11192  11516
    11364   11192  11517
    11365   11193  11194
    11366   11193  11518
    11367   11193  11519
    11368   11194  11195
    11369   11194  11196
    11370   11199  11200
    11371   11199  11203
    11372   11199  11204
    11373   11200  11201
    11374   11200  11202
    11375   11201  11520
    11376   11201  11521
    11377   11202  11522
    11378   11202  11523
    11379   11202  11524
    11380   11204  11205
    11381   11205  11206
    11382   11205  11525
    11383   11205  11526
    11384   11206  11207
    11385   11206  11218
    11386   11206  11527
    11387   11207  11528
    11388   11207  11529
    11389   11207  11530
    11390   11208  11209
    11391   11209  11210
    11392   11209  11213
    11393   11209  11531
    11394   11210  11211
    11395   11210  11532
    11396   11210  11533
    11397   11211  11212
    11398   11211  11534
    11399   11211  11535
    11400   11212  11220
    11401   11213  11214
    11402   11213  11536
    11403   11213  11537
    11404   11214  11215
    11405   11214  11538
    11406   11214  11539
    11407   11215  11216
    11408   11215  11540
    11409   11215  11541
    11410   11216  11217
    11411   11216  11542
    11412   11216  11543
    11413   11217  11218
    11414   11217  11219
    11415   11221  11222
    11416   11221  11232
    11417   11221  11544
    11418   11221  11545
    11419   11222  11223
    11420   11222  11546
    11421   11222  11547
    11422   11223  11224
    11423   11223  11548
    11424   11223  11549
    11425   11224  11225
    11426   11224  11550
    11427   11224  11551
    11428   11225  11226
    11429   11225  11552
    11430   11225  11553
    11431   11226  11227
    11432   11226  11554
    11433   11226  11555
    11434   11227  11228
    11435   11227  11556
    11436   11227  11557
    11437   11228  11229
    11438   11228  11558
    11439   11228  11559
    11440   11229  11230
    11441   11229  11560
    11442   11229  11561
    11443   11230  11231
    11444   11230  11562
    11445   11230  11563
    11446   11231  11235
    11447   11231  11564
    11448   11231  11565
    11449   11232  11566
    11450   11232  11567
    11451   11232  11568
    11452   11233  11234
    11453   11233  11237
    11454   11233  11238
    11455   11233  11569
    11456   11234  11235
    11457   11234  11236
    11458   11237  11570
    11459   11237  11571
    11460   11237  11572
    11461   11238  11573
    11462   11238  11574
    11463   11239  11575
    11464   11239  11576
    11465   11239  11577
    11466   11240  11242
    11467   11241  11242
    11468   11241  11578
    11469   11242  11243
    11470   11243  11244
    11471   11243  11579
    11472   11243  11580
    11473   11244  11245
    11474   11244  11581
    11475   11244  11582
    11476   11245  11246
    11477   11245  11583
    11478   11245  11584
    11479   11246  11271
    11480   11246  11585
    11481   11246  11586
    11482   11247  11248
    11483   11247  11303
    11484   11248  11249
    11485   11248  11587
    11486   11248  11588
    11487   11249  11271
    11488   11249  11589
    11489   11249  11590
    11490   11250  11251
    11491   11250  11254
    11492   11250  11255
    11493   11251  11252
    11494   11251  11253
    11495   11251  11334
    11496   11252  11333
    11497   11252  11591
    11498   11252  11592
    11499   11253  11593
    11500   11253  11594
    11501   11253  11595
    11502   11255  11256
    11503   11256  11257
    11504   11256  11596
    11505   11256  11597
    11506   11257  11258
    11507   11257  11268
    11508   11257  11598
    11509   11258  11599
    11510   11258  11600
    11511   11258  11601
    11512   11259  11260
    11513   11259  11263
    11514   11259  11315
    11515   11259  11602
    11516   11260  11261
    11517   11260  11603
    11518   11260  11604
    11519   11261  11262
    11520   11261  11605
    11521   11261  11606
    11522   11262  11293
    11523   11263  11264
    11524   11263  11607
    11525   11263  11608
    11526   11264  11265
    11527   11264  11609
    11528   11264  11610
    11529   11265  11266
    11530   11265  11611
    11531   11265  11612
    11532   11266  11267
    11533   11266  11613
    11534   11266  11614
    11535   11267  11268
    11536   11267  11269
    11537   11270  11271
    11538   11270  11272
    11539   11271  11615
    11540   11272  11616
    11541   11272  11617
    11542   11272  11618
    11543   11273  11274
    11544   11273  11277
    11545   11273  11278
    11546   11274  11275
    11547   11274  11276
    11548   11275  11619
    11549   11275  11620
    11550   11276  11621
    11551   11276  11622
    11552   11276  11623
    11553   11278  11279
    11554   11279  11280
    11555   11279  11624
    11556   11279  11625
    11557   11280  11281
    11558   11280  11291
    11559   11280  11626
    11560   11281  11627
    11561   11281  11628
    11562   11281  11629
    11563   11282  11283
    11564   11282  11286
    11565   11282  11293
    11566   11282  11630
    11567   11283  11284
    11568   11283  11631
    11569   11283  11632
    11570   11284  11285
    11571   11284  11633
    11572   11284  11634
    11573   11286  11287
    11574   11286  11635
    11575   11286  11636
    11576   11287  11288
    11577   11287  11637
    11578   11287  11638
    11579   11288  11289
    11580   11288  11639
    11581   11288  11640
    11582   11289  11290
    11583   11289  11641
    11584   11289  11642
    11585   11290  11291
    11586   11290  11292
    11587   11294  11295
    11588   11294  11298
    11589   11294  11299
    11590   11295  11296
    11591   11295  11297
    11592   11296  11643
    11593   11296  11644
    11594   11297  11645
    11595   11297  11646
    11596   11297  11647
    11597   11299  11300
    11598   11300  11301
    11599   11300  11648
    11600   11300  11649
    11601   11301  11302
    11602   11301  11313
    11603   11301  11650
    11604   11302  11651
    11605   11302  11652
    11606   11302  11653
    11607   11303  11304
    11608   11304  11305
    11609   11304  11308
    11610   11304  11654
    11611   11305  11306
    11612   11305  11655
    11613   11305  11656
    11614   11306  11307
    11615   11306  11657
    11616   11306  11658
    11617   11307  11315
    11618   11308  11309
    11619   11308  11659
    11620   11308  11660
    11621   11309  11310
    11622   11309  11661
    11623   11309  11662
    11624   11310  11311
    11625   11310  11663
    11626   11310  11664
    11627   11311  11312
    11628   11311  11665
    11629   11311  11666
    11630   11312  11313
    11631   11312  11314
    11632   11316  11317
    11633   11316  11327
    11634   11316  11667
    11635   11316  11668
    11636   11317  11318
    11637   11317  11669
    11638   11317  11670
    11639   11318  11319
    11640   11318  11671
    11641   11318  11672
    11642   11319  11320
    11643   11319  11673
    11644   11319  11674
    11645   11320  11321
    11646   11320  11675
    11647   11320  11676
    11648   11321  11322
    11649   11321  11677
    11650   11321  11678
    11651   11322  11323
    11652   11322  11679
    11653   11322  11680
    11654   11323  11324
    11655   11323  11681
    11656   11323  11682
    11657   11324  11325
    11658   11324  11683
    11659   11324  11684
    11660   11325  11326
    11661   11325  11685
    11662   11325  11686
    11663   11326  11330
    11664   11326  11687
    11665   11326  11688
    11666   11327  11689
    11667   11327  11690
    11668   11327  11691
    11669   11328  11329
    11670   11328  11332
    11671   11328  11333
    11672   11328  11692
    11673   11329  11330
    11674   11329  11331
    11675   11332  11693
    11676   11332  11694
    11677   11332  11695
    11678   11333  11696
    11679   11333  11697
    11680   11334  11698
    11681   11334  11699
    11682   11334  11700
    11683     11701  11703
    11684     11702  11703
    11685     11702  11985
    11686     11703  11704
    11687     11704  11705
    11688     11704  11986
    11689     11704  11987
    11690     11705  11706
    11691     11705  11988
    11692    11705  11989
    11693    11706  11707
    11694    11706  11990
    11695    11706  11991
    11696    11707  11731
    11697    11707  11992
    11698    11707  11993
    11699    11708  11709
    11700    11708  11763
    11701    11709  11710
    11702    11709  11994
    11703    11709  11995
    11704    11710  11731
    11705    11710  11996
    11706    11710  11997
    11707    11711  11712
    11708    11711  11715
    11709    11711  11716
    11710    11712  11713
    11711    11712  11714
    11712    11712  11794
    11713    11713  11793
    11714    11713  11998
    11715    11713  11999
    11716    11714  12000
    11717    11714  12001
    11718    11714  12002
    11719    11716  11717
    11720    11717  11718
    11721    11717  12003
    11722    11717  12004
    11723    11718  11719
    11724    11718  11729
    11725    11718  12005
    11726    11719  12006
    11727    11719  12007
    11728    11719  12008
    11729    11720  11721
    11730    11720  11724
    11731    11720  11775
    11732    11720  12009
    11733    11721  11722
    11734    11721  12010
    11735    11721  12011
    11736    11722  11723
    11737    11722  12012
    11738    11722  12013
    11739    11723  11753
    11740    11724  11725
    11741    11724  12014
    11742    11724  12015
    11743    11725  11726
    11744    11725  12016
    11745    11725  12017
    11746    11726  11727
    11747    11726  12018
    11748    11726  12019
    11749    11727  11728
    11750    11727  12020
    11751    11727  12021
    11752    11728  11729
    11753    11728  11730
    11754    11731  11847
    11755    11731  12022
    11756    11732  11733
    11757    11732  11736
    11758    11732  11737
    11759    11733  11734
    11760    11733  11735
    11761    11734  12023
    11762    11734  12024
    11763    11735  12025
    11764    11735  12026
    11765    11735  12027
    11766    11737  11738
    11767    11738  11739
    11768    11738  12028
    11769    11738  12029
    11770    11739  11740
    11771    11739  11750
    11772    11739  12030
    11773    11740  12031
    11774    11740  12032
    11775    11740  12033
    11776    11741  11742
    11777    11741  11745
    11778    11741  11753
    11779    11741  12034
    11780    11742  11743
    11781    11742  12035
    11782   11742  12036
    11783   11743  11744
    11784   11743  12037
    11785   11743  12038
    11786   11744  11752
    11787   11745  11746
    11788   11745  12039
    11789   11745  12040
    11790   11746  11747
    11791   11746  12041
    11792   11746  12042
    11793   11747  11748
    11794   11747  12043
    11795   11747  12044
    11796   11748  11749
    11797   11748  12045
    11798   11748  12046
    11799   11749  11750
    11800   11749  11751
    11801   11752  12047
    11802   11752  12048
    11803   11752  12049
    11804   11754  11755
    11805   11754  11758
    11806   11754  11759
    11807   11755  11756
    11808   11755  11757
    11809   11756  12050
    11810   11756  12051
    11811   11757  12052
    11812   11757  12053
    11813   11757  12054
    11814   11759  11760
    11815   11760  11761
    11816   11760  12055
    11817   11760  12056
    11818   11761  11762
    11819   11761  11773
    11820   11761  12057
    11821   11762  12058
    11822   11762  12059
    11823   11762  12060
    11824   11763  11764
    11825   11764  11765
    11826   11764  11768
    11827   11764  12061
    11828   11765  11766
    11829   11765  12062
    11830   11765  12063
    11831   11766  11767
    11832   11766  12064
    11833   11766  12065
    11834   11767  11775
    11835   11768  11769
    11836   11768  12066
    11837   11768  12067
    11838   11769  11770
    11839   11769  12068
    11840   11769  12069
    11841   11770  11771
    11842   11770  12070
    11843   11770  12071
    11844   11771  11772
    11845   11771  12072
    11846   11771  12073
    11847   11772  11773
    11848   11772  11774
    11849   11776  11777
    11850   11776  11787
    11851   11776  12074
    11852   11776  12075
    11853   11777  11778
    11854   11777  12076
    11855   11777  12077
    11856   11778  11779
    11857   11778  12078
    11858   11778  12079
    11859   11779  11780
    11860   11779  12080
    11861   11779  12081
    11862   11780  11781
    11863   11780  12082
    11864   11780  12083
    11865   11781  11782
    11866   11781  12084
    11867   11781  12085
    11868   11782  11783
    11869   11782  12086
    11870   11782  12087
    11871   11783  11784
    11872   11783  12088
    11873   11783  12089
    11874   11784  11785
    11875   11784  12090
    11876   11784  12091
    11877   11785  11786
    11878   11785  12092
    11879   11785  12093
    11880   11786  11790
    11881   11786  12094
    11882   11786  12095
    11883   11787  12096
    11884   11787  12097
    11885   11787  12098
    11886   11788  11789
    11887   11788  11792
    11888   11788  11793
    11889   11788  12099
    11890   11789  11790
    11891   11789  11791
    11892   11792  12100
    11893   11792  12101
    11894   11792  12102
    11895   11793  12103
    11896   11793  12104
    11897   11794  12105
    11898   11794  12106
    11899   11794  12107
    11900   11795  11797
    11901   11796  11797
    11902   11796  12108
    11903   11797  11798
    11904   11798  11799
    11905   11798  12109
    11906   11798  12110
    11907   11799  11800
    11908   11799  12111
    11909   11799  12112
    11910   11800  11801
    11911   11800  12113
    11912   11800  12114
    11913   11801  11826
    11914   11801  12115
    11915   11801  12116
    11916   11802  11803
    11917   11802  11858
    11918   11803  11804
    11919   11803  12117
    11920   11803  12118
    11921   11804  11826
    11922   11804  12119
    11923   11804  12120
    11924   11805  11806
    11925   11805  11809
    11926   11805  11810
    11927   11806  11807
    11928   11806  11808
    11929   11806  11889
    11930   11807  11888
    11931   11807  12121
    11932   11807  12122
    11933   11808  12123
    11934   11808  12124
    11935   11808  12125
    11936   11810  11811
    11937   11811  11812
    11938   11811  12126
    11939   11811  12127
    11940   11812  11813
    11941   11812  11823
    11942   11812  12128
    11943   11813  12129
    11944   11813  12130
    11945   11813  12131
    11946   11814  11815
    11947   11814  11818
    11948   11814  11870
    11949   11814  12132
    11950   11815  11816
    11951   11815  12133
    11952   11815  12134
    11953   11816  11817
    11954   11816  12135
    11955   11816  12136
    11956   11817  11848
    11957   11818  11819
    11958   11818  12137
    11959   11818  12138
    11960   11819  11820
    11961   11819  12139
    11962   11819  12140
    11963   11820  11821
    11964   11820  12141
    11965   11820  12142
    11966   11821  11822
    11967   11821  12143
    11968   11821  12144
    11969   11822  11823
    11970   11822  11824
    11971   11825  11826
    11972   11825  11935
    11973   11826  12145
    11974   11827  11828
    11975   11827  11831
    11976   11827  11832
    11977   11828  11829
    11978   11828  11830
    11979   11829  12146
    11980   11829  12147
    11981   11830  12148
    11982   11830  12149
    11983   11830  12150
    11984   11832  11833
    11985   11833  11834
    11986   11833  12151
    11987   11833  12152
    11988   11834  11835
    11989   11834  11845
    11990   11834  12153
    11991   11835  12154
    11992   11835  12155
    11993   11835  12156
    11994   11836  11837
    11995   11836  11840
    11996   11836  11848
    11997   11836  12157
    11998   11837  11838
    11999   11837  12158
    12000   11837  12159
    12001   11838  11839
    12002   11838  12160
    12003   11838  12161
    12004   11839  11847
    12005   11840  11841
    12006   11840  12162
    12007   11840  12163
    12008   11841  11842
    12009   11841  12164
    12010   11841  12165
    12011   11842  11843
    12012   11842  12166
    12013   11842  12167
    12014   11843  11844
    12015   11843  12168
    12016   11843  12169
    12017   11844  11845
    12018   11844  11846
    12019   11849  11850
    12020   11849  11853
    12021   11849  11854
    12022   11850  11851
    12023   11850  11852
    12024   11851  12170
    12025   11851  12171
    12026   11852  12172
    12027   11852  12173
    12028   11852  12174
    12029   11854  11855
    12030   11855  11856
    12031   11855  12175
    12032   11855  12176
    12033   11856  11857
    12034   11856  11868
    12035   11856  12177
    12036   11857  12178
    12037   11857  12179
    12038   11857  12180
    12039   11858  11859
    12040   11859  11860
    12041   11859  11863
    12042   11859  12181
    12043   11860  11861
    12044   11860  12182
    12045   11860  12183
    12046   11861  11862
    12047   11861  12184
    12048   11861  12185
    12049   11862  11870
    12050   11863  11864
    12051   11863  12186
    12052   11863  12187
    12053   11864  11865
    12054   11864  12188
    12055   11864  12189
    12056   11865  11866
    12057   11865  12190
    12058   11865  12191
    12059   11866  11867
    12060   11866  12192
    12061   11866  12193
    12062   11867  11868
    12063   11867  11869
    12064   11871  11872
    12065   11871  11882
    12066   11871  12194
    12067   11871  12195
    12068   11872  11873
    12069   11872  12196
    12070   11872  12197
    12071   11873  11874
    12072   11873  12198
    12073   11873  12199
    12074   11874  11875
    12075   11874  12200
    12076   11874  12201
    12077   11875  11876
    12078   11875  12202
    12079   11875  12203
    12080   11876  11877
    12081   11876  12204
    12082   11876  12205
    12083   11877  11878
    12084   11877  12206
    12085   11877  12207
    12086   11878  11879
    12087   11878  12208
    12088   11878  12209
    12089   11879  11880
    12090   11879  12210
    12091   11879  12211
    12092   11880  11881
    12093   11880  12212
    12094   11880  12213
    12095   11881  11885
    12096   11881  12214
    12097   11881  12215
    12098   11882  12216
    12099   11882  12217
    12100   11882  12218
    12101   11883  11884
    12102   11883  11887
    12103   11883  11888
    12104   11883  12219
    12105   11884  11885
    12106   11884  11886
    12107   11887  12220
    12108   11887  12221
    12109   11887  12222
    12110   11888  12223
    12111   11888  12224
    12112   11889  12225
    12113   11889  12226
    12114   11889  12227
    12115   11890  11892
    12116   11891  11892
    12117   11891  12228
    12118   11892  11893
    12119   11893  11894
    12120   11893  12229
    12121   11893  12230
    12122   11894  11895
    12123   11894  12231
    12124   11894  12232
    12125   11895  11896
    12126   11895  12233
    12127   11895  12234
    12128   11896  11921
    12129   11896  12235
    12130   11896  12236
    12131   11897  11898
    12132   11897  11953
    12133   11898  11899
    12134   11898  12237
    12135   11898  12238
    12136   11899  11921
    12137   11899  12239
    12138   11899  12240
    12139   11900  11901
    12140   11900  11904
    12141   11900  11905
    12142   11901  11902
    12143   11901  11903
    12144   11901  11984
    12145   11902  11983
    12146   11902  12241
    12147   11902  12242
    12148   11903  12243
    12149   11903  12244
    12150   11903  12245
    12151   11905  11906
    12152   11906  11907
    12153   11906  12246
    12154   11906  12247
    12155   11907  11908
    12156   11907  11918
    12157   11907  12248
    12158   11908  12249
    12159   11908  12250
    12160   11908  12251
    12161   11909  11910
    12162   11909  11913
    12163   11909  11965
    12164   11909  12252
    12165   11910  11911
    12166   11910  12253
    12167   11910  12254
    12168   11911  11912
    12169   11911  12255
    12170   11911  12256
    12171   11912  11943
    12172   11913  11914
    12173   11913  12257
    12174   11913  12258
    12175   11914  11915
    12176   11914  12259
    12177   11914  12260
    12178   11915  11916
    12179   11915  12261
    12180   11915  12262
    12181   11916  11917
    12182   11916  12263
    12183   11916  12264
    12184   11917  11918
    12185   11917  11919
    12186   11920  11921
    12187   11920  11922
    12188   11921  12265
    12189   11922  12266
    12190   11922  12267
    12191   11922  12268
    12192   11923  11924
    12193   11923  11927
    12194   11923  11928
    12195   11924  11925
    12196   11924  11926
    12197   11925  12269
    12198   11925  12270
    12199   11926  12271
    12200   11926  12272
    12201   11926  12273
    12202   11928  11929
    12203   11929  11930
    12204   11929  12274
    12205   11929  12275
    12206   11930  11931
    12207   11930  11941
    12208   11930  12276
    12209   11931  12277
    12210   11931  12278
    12211   11931  12279
    12212   11932  11933
    12213   11932  11936
    12214   11932  11943
    12215   11932  12280
    12216   11933  11934
    12217   11933  12281
    12218   11933  12282
    12219   11934  11935
    12220   11934  12283
    12221   11934  12284
    12222   11936  11937
    12223   11936  12285
    12224   11936  12286
    12225   11937  11938
    12226   11937  12287
    12227   11937  12288
    12228   11938  11939
    12229   11938  12289
    12230   11938  12290
    12231   11939  11940
    12232   11939  12291
    12233   11939  12292
    12234   11940  11941
    12235   11940  11942
    12236   11944  11945
    12237   11944  11948
    12238   11944  11949
    12239   11945  11946
    12240   11945  11947
    12241   11946  12293
    12242   11946  12294
    12243   11947  12295
    12244   11947  12296
    12245   11947  12297
    12246   11949  11950
    12247   11950  11951
    12248   11950  12298
    12249   11950  12299
    12250   11951  11952
    12251   11951  11963
    12252   11951  12300
    12253   11952  12301
    12254   11952  12302
    12255   11952  12303
    12256   11953  11954
    12257   11954  11955
    12258   11954  11958
    12259   11954  12304
    12260   11955  11956
    12261   11955  12305
    12262   11955  12306
    12263   11956  11957
    12264   11956  12307
    12265   11956  12308
    12266   11957  11965
    12267   11958  11959
    12268   11958  12309
    12269   11958  12310
    12270   11959  11960
    12271   11959  12311
    12272   11959  12312
    12273   11960  11961
    12274   11960  12313
    12275   11960  12314
    12276   11961  11962
    12277   11961  12315
    12278   11961  12316
    12279   11962  11963
    12280   11962  11964
    12281   11966  11967
    12282   11966  11977
    12283   11966  12317
    12284   11966  12318
    12285   11967  11968
    12286   11967  12319
    12287   11967  12320
    12288   11968  11969
    12289   11968  12321
    12290   11968  12322
    12291   11969  11970
    12292   11969  12323
    12293   11969  12324
    12294   11970  11971
    12295   11970  12325
    12296   11970  12326
    12297   11971  11972
    12298   11971  12327
    12299   11971  12328
    12300   11972  11973
    12301   11972  12329
    12302   11972  12330
    12303   11973  11974
    12304   11973  12331
    12305   11973  12332
    12306   11974  11975
    12307   11974  12333
    12308   11974  12334
    12309   11975  11976
    12310   11975  12335
    12311   11975  12336
    12312   11976  11980
    12313   11976  12337
    12314   11976  12338
    12315   11977  12339
    12316   11977  12340
    12317   11977  12341
    12318   11978  11979
    12319   11978  11982
    12320   11978  11983
    12321   11978  12342
    12322   11979  11980
    12323   11979  11981
    12324   11982  12343
    12325   11982  12344
    12326   11982  12345
    12327   11983  12346
    12328   11983  12347
    12329   11984  12348
    12330   11984  12349
    12331   11984  12350
    12332     12351  12353
    12333     12352  12353
    12334     12352  12635
    12335     12353  12354
    12336     12354  12355
    12337     12354  12636
    12338     12354  12637
    12339     12355  12356
    12340     12355  12638
    12341    12355  12639
    12342    12356  12357
    12343    12356  12640
    12344    12356  12641
    12345    12357  12381
    12346    12357  12642
    12347    12357  12643
    12348    12358  12359
    12349    12358  12413
    12350    12359  12360
    12351    12359  12644
    12352    12359  12645
    12353    12360  12381
    12354    12360  12646
    12355    12360  12647
    12356    12361  12362
    12357    12361  12365
    12358    12361  12366
    12359    12362  12363
    12360    12362  12364
    12361    12362  12444
    12362    12363  12443
    12363    12363  12648
    12364    12363  12649
    12365    12364  12650
    12366    12364  12651
    12367    12364  12652
    12368    12366  12367
    12369    12367  12368
    12370    12367  12653
    12371    12367  12654
    12372    12368  12369
    12373    12368  12379
    12374    12368  12655
    12375    12369  12656
    12376    12369  12657
    12377    12369  12658
    12378    12370  12371
    12379    12370  12374
    12380    12370  12425
    12381    12370  12659
    12382    12371  12372
    12383    12371  12660
    12384    12371  12661
    12385    12372  12373
    12386    12372  12662
    12387    12372  12663
    12388    12373  12403
    12389    12374  12375
    12390    12374  12664
    12391    12374  12665
    12392    12375  12376
    12393    12375  12666
    12394    12375  12667
    12395    12376  12377
    12396    12376  12668
    12397    12376  12669
    12398    12377  12378
    12399    12377  12670
    12400    12377  12671
    12401    12378  12379
    12402    12378  12380
    12403    12381  12497
    12404    12381  12672
    12405    12382  12383
    12406    12382  12386
    12407    12382  12387
    12408    12383  12384
    12409    12383  12385
    12410    12384  12673
    12411    12384  12674
    12412    12385  12675
    12413    12385  12676
    12414    12385  12677
    12415    12387  12388
    12416    12388  12389
    12417    12388  12678
    12418    12388  12679
    12419    12389  12390
    12420    12389  12400
    12421    12389  12680
    12422    12390  12681
    12423    12390  12682
    12424    12390  12683
    12425    12391  12392
    12426    12391  12395
    12427    12391  12403
    12428    12391  12684
    12429    12392  12393
    12430    12392  12685
    12431   12392  12686
    12432   12393  12394
    12433   12393  12687
    12434   12393  12688
    12435   12394  12402
    12436   12395  12396
    12437   12395  12689
    12438   12395  12690
    12439   12396  12397
    12440   12396  12691
    12441   12396  12692
    12442   12397  12398
    12443   12397  12693
    12444   12397  12694
    12445   12398  12399
    12446   12398  12695
    12447   12398  12696
    12448   12399  12400
    12449   12399  12401
    12450   12402  12697
    12451   12402  12698
    12452   12402  12699
    12453   12404  12405
    12454   12404  12408
    12455   12404  12409
    12456   12405  12406
    12457   12405  12407
    12458   12406  12700
    12459   12406  12701
    12460   12407  12702
    12461   12407  12703
    12462   12407  12704
    12463   12409  12410
    12464   12410  12411
    12465   12410  12705
    12466   12410  12706
    12467   12411  12412
    12468   12411  12423
    12469   12411  12707
    12470   12412  12708
    12471   12412  12709
    12472   12412  12710
    12473   12413  12414
    12474   12414  12415
    12475   12414  12418
    12476   12414  12711
    12477   12415  12416
    12478   12415  12712
    12479   12415  12713
    12480   12416  12417
    12481   12416  12714
    12482   12416  12715
    12483   12417  12425
    12484   12418  12419
    12485   12418  12716
    12486   12418  12717
    12487   12419  12420
    12488   12419  12718
    12489   12419  12719
    12490   12420  12421
    12491   12420  12720
    12492   12420  12721
    12493   12421  12422
    12494   12421  12722
    12495   12421  12723
    12496   12422  12423
    12497   12422  12424
    12498   12426  12427
    12499   12426  12437
    12500   12426  12724
    12501   12426  12725
    12502   12427  12428
    12503   12427  12726
    12504   12427  12727
    12505   12428  12429
    12506   12428  12728
    12507   12428  12729
    12508   12429  12430
    12509   12429  12730
    12510   12429  12731
    12511   12430  12431
    12512   12430  12732
    12513   12430  12733
    12514   12431  12432
    12515   12431  12734
    12516   12431  12735
    12517   12432  12433
    12518   12432  12736
    12519   12432  12737
    12520   12433  12434
    12521   12433  12738
    12522   12433  12739
    12523   12434  12435
    12524   12434  12740
    12525   12434  12741
    12526   12435  12436
    12527   12435  12742
    12528   12435  12743
    12529   12436  12440
    12530   12436  12744
    12531   12436  12745
    12532   12437  12746
    12533   12437  12747
    12534   12437  12748
    12535   12438  12439
    12536   12438  12442
    12537   12438  12443
    12538   12438  12749
    12539   12439  12440
    12540   12439  12441
    12541   12442  12750
    12542   12442  12751
    12543   12442  12752
    12544   12443  12753
    12545   12443  12754
    12546   12444  12755
    12547   12444  12756
    12548   12444  12757
    12549   12445  12447
    12550   12446  12447
    12551   12446  12758
    12552   12447  12448
    12553   12448  12449
    12554   12448  12759
    12555   12448  12760
    12556   12449  12450
    12557   12449  12761
    12558   12449  12762
    12559   12450  12451
    12560   12450  12763
    12561   12450  12764
    12562   12451  12476
    12563   12451  12765
    12564   12451  12766
    12565   12452  12453
    12566   12452  12508
    12567   12453  12454
    12568   12453  12767
    12569   12453  12768
    12570   12454  12476
    12571   12454  12769
    12572   12454  12770
    12573   12455  12456
    12574   12455  12459
    12575   12455  12460
    12576   12456  12457
    12577   12456  12458
    12578   12456  12539
    12579   12457  12538
    12580   12457  12771
    12581   12457  12772
    12582   12458  12773
    12583   12458  12774
    12584   12458  12775
    12585   12460  12461
    12586   12461  12462
    12587   12461  12776
    12588   12461  12777
    12589   12462  12463
    12590   12462  12473
    12591   12462  12778
    12592   12463  12779
    12593   12463  12780
    12594   12463  12781
    12595   12464  12465
    12596   12464  12468
    12597   12464  12520
    12598   12464  12782
    12599   12465  12466
    12600   12465  12783
    12601   12465  12784
    12602   12466  12467
    12603   12466  12785
    12604   12466  12786
    12605   12467  12498
    12606   12468  12469
    12607   12468  12787
    12608   12468  12788
    12609   12469  12470
    12610   12469  12789
    12611   12469  12790
    12612   12470  12471
    12613   12470  12791
    12614   12470  12792
    12615   12471  12472
    12616   12471  12793
    12617   12471  12794
    12618   12472  12473
    12619   12472  12474
    12620   12475  12476
    12621   12475  12585
    12622   12476  12795
    12623   12477  12478
    12624   12477  12481
    12625   12477  12482
    12626   12478  12479
    12627   12478  12480
    12628   12479  12796
    12629   12479  12797
    12630   12480  12798
    12631   12480  12799
    12632   12480  12800
    12633   12482  12483
    12634   12483  12484
    12635   12483  12801
    12636   12483  12802
    12637   12484  12485
    12638   12484  12495
    12639   12484  12803
    12640   12485  12804
    12641   12485  12805
    12642   12485  12806
    12643   12486  12487
    12644   12486  12490
    12645   12486  12498
    12646   12486  12807
    12647   12487  12488
    12648   12487  12808
    12649   12487  12809
    12650   12488  12489
    12651   12488  12810
    12652   12488  12811
    12653   12489  12497
    12654   12490  12491
    12655   12490  12812
    12656   12490  12813
    12657   12491  12492
    12658   12491  12814
    12659   12491  12815
    12660   12492  12493
    12661   12492  12816
    12662   12492  12817
    12663   12493  12494
    12664   12493  12818
    12665   12493  12819
    12666   12494  12495
    12667   12494  12496
    12668   12499  12500
    12669   12499  12503
    12670   12499  12504
    12671   12500  12501
    12672   12500  12502
    12673   12501  12820
    12674   12501  12821
    12675   12502  12822
    12676   12502  12823
    12677   12502  12824
    12678   12504  12505
    12679   12505  12506
    12680   12505  12825
    12681   12505  12826
    12682   12506  12507
    12683   12506  12518
    12684   12506  12827
    12685   12507  12828
    12686   12507  12829
    12687   12507  12830
    12688   12508  12509
    12689   12509  12510
    12690   12509  12513
    12691   12509  12831
    12692   12510  12511
    12693   12510  12832
    12694   12510  12833
    12695   12511  12512
    12696   12511  12834
    12697   12511  12835
    12698   12512  12520
    12699   12513  12514
    12700   12513  12836
    12701   12513  12837
    12702   12514  12515
    12703   12514  12838
    12704   12514  12839
    12705   12515  12516
    12706   12515  12840
    12707   12515  12841
    12708   12516  12517
    12709   12516  12842
    12710   12516  12843
    12711   12517  12518
    12712   12517  12519
    12713   12521  12522
    12714   12521  12532
    12715   12521  12844
    12716   12521  12845
    12717   12522  12523
    12718   12522  12846
    12719   12522  12847
    12720   12523  12524
    12721   12523  12848
    12722   12523  12849
    12723   12524  12525
    12724   12524  12850
    12725   12524  12851
    12726   12525  12526
    12727   12525  12852
    12728   12525  12853
    12729   12526  12527
    12730   12526  12854
    12731   12526  12855
    12732   12527  12528
    12733   12527  12856
    12734   12527  12857
    12735   12528  12529
    12736   12528  12858
    12737   12528  12859
    12738   12529  12530
    12739   12529  12860
    12740   12529  12861
    12741   12530  12531
    12742   12530  12862
    12743   12530  12863
    12744   12531  12535
    12745   12531  12864
    12746   12531  12865
    12747   12532  12866
    12748   12532  12867
    12749   12532  12868
    12750   12533  12534
    12751   12533  12537
    12752   12533  12538
    12753   12533  12869
    12754   12534  12535
    12755   12534  12536
    12756   12537  12870
    12757   12537  12871
    12758   12537  12872
    12759   12538  12873
    12760   12538  12874
    12761   12539  12875
    12762   12539  12876
    12763   12539  12877
    12764   12540  12542
    12765   12541  12542
    12766   12541  12878
    12767   12542  12543
    12768   12543  12544
    12769   12543  12879
    12770   12543  12880
    12771   12544  12545
    12772   12544  12881
    12773   12544  12882
    12774   12545  12546
    12775   12545  12883
    12776   12545  12884
    12777   12546  12571
    12778   12546  12885
    12779   12546  12886
    12780   12547  12548
    12781   12547  12603
    12782   12548  12549
    12783   12548  12887
    12784   12548  12888
    12785   12549  12571
    12786   12549  12889
    12787   12549  12890
    12788   12550  12551
    12789   12550  12554
    12790   12550  12555
    12791   12551  12552
    12792   12551  12553
    12793   12551  12634
    12794   12552  12633
    12795   12552  12891
    12796   12552  12892
    12797   12553  12893
    12798   12553  12894
    12799   12553  12895
    12800   12555  12556
    12801   12556  12557
    12802   12556  12896
    12803   12556  12897
    12804   12557  12558
    12805   12557  12568
    12806   12557  12898
    12807   12558  12899
    12808   12558  12900
    12809   12558  12901
    12810   12559  12560
    12811   12559  12563
    12812   12559  12615
    12813   12559  12902
    12814   12560  12561
    12815   12560  12903
    12816   12560  12904
    12817   12561  12562
    12818   12561  12905
    12819   12561  12906
    12820   12562  12593
    12821   12563  12564
    12822   12563  12907
    12823   12563  12908
    12824   12564  12565
    12825   12564  12909
    12826   12564  12910
    12827   12565  12566
    12828   12565  12911
    12829   12565  12912
    12830   12566  12567
    12831   12566  12913
    12832   12566  12914
    12833   12567  12568
    12834   12567  12569
    12835   12570  12571
    12836   12570  12572
    12837   12571  12915
    12838   12572  12916
    12839   12572  12917
    12840   12572  12918
    12841   12573  12574
    12842   12573  12577
    12843   12573  12578
    12844   12574  12575
    12845   12574  12576
    12846   12575  12919
    12847   12575  12920
    12848   12576  12921
    12849   12576  12922
    12850   12576  12923
    12851   12578  12579
    12852   12579  12580
    12853   12579  12924
    12854   12579  12925
    12855   12580  12581
    12856   12580  12591
    12857   12580  12926
    12858   12581  12927
    12859   12581  12928
    12860   12581  12929
    12861   12582  12583
    12862   12582  12586
    12863   12582  12593
    12864   12582  12930
    12865   12583  12584
    12866   12583  12931
    12867   12583  12932
    12868   12584  12585
    12869   12584  12933
    12870   12584  12934
    12871   12586  12587
    12872   12586  12935
    12873   12586  12936
    12874   12587  12588
    12875   12587  12937
    12876   12587  12938
    12877   12588  12589
    12878   12588  12939
    12879   12588  12940
    12880   12589  12590
    12881   12589  12941
    12882   12589  12942
    12883   12590  12591
    12884   12590  12592
    12885   12594  12595
    12886   12594  12598
    12887   12594  12599
    12888   12595  12596
    12889   12595  12597
    12890   12596  12943
    12891   12596  12944
    12892   12597  12945
    12893   12597  12946
    12894   12597  12947
    12895   12599  12600
    12896   12600  12601
    12897   12600  12948
    12898   12600  12949
    12899   12601  12602
    12900   12601  12613
    12901   12601  12950
    12902   12602  12951
    12903   12602  12952
    12904   12602  12953
    12905   12603  12604
    12906   12604  12605
    12907   12604  12608
    12908   12604  12954
    12909   12605  12606
    12910   12605  12955
    12911   12605  12956
    12912   12606  12607
    12913   12606  12957
    12914   12606  12958
    12915   12607  12615
    12916   12608  12609
    12917   12608  12959
    12918   12608  12960
    12919   12609  12610
    12920   12609  12961
    12921   12609  12962
    12922   12610  12611
    12923   12610  12963
    12924   12610  12964
    12925   12611  12612
    12926   12611  12965
    12927   12611  12966
    12928   12612  12613
    12929   12612  12614
    12930   12616  12617
    12931   12616  12627
    12932   12616  12967
    12933   12616  12968
    12934   12617  12618
    12935   12617  12969
    12936   12617  12970
    12937   12618  12619
    12938   12618  12971
    12939   12618  12972
    12940   12619  12620
    12941   12619  12973
    12942   12619  12974
    12943   12620  12621
    12944   12620  12975
    12945   12620  12976
    12946   12621  12622
    12947   12621  12977
    12948   12621  12978
    12949   12622  12623
    12950   12622  12979
    12951   12622  12980
    12952   12623  12624
    12953   12623  12981
    12954   12623  12982
    12955   12624  12625
    12956   12624  12983
    12957   12624  12984
    12958   12625  12626
    12959   12625  12985
    12960   12625  12986
    12961   12626  12630
    12962   12626  12987
    12963   12626  12988
    12964   12627  12989
    12965   12627  12990
    12966   12627  12991
    12967   12628  12629
    12968   12628  12632
    12969   12628  12633
    12970   12628  12992
    12971   12629  12630
    12972   12629  12631
    12973   12632  12993
    12974   12632  12994
    12975   12632  12995
    12976   12633  12996
    12977   12633  12997
    12978   12634  12998
    12979   12634  12999
    12980   12634  13000
    12981 13001 13002
    12982 13001 13003
    12983 13004 13005
    12984 13004 13006
    12985 13007 13008
    12986 13007 13009
    12987 13010 13011
    12988 13010 13012
    12989 13013 13014
    12990 13013 13015
    12991 13016 13017
    12992 13016 13018
    12993 13019 13020
    12994 13019 13021
    12995 13022 13023
    12996 13022 13024
    12997 13025 13026
    12998 13025 13027
    12999 13028 13029
    13000 13028 13030
    13001 13031 13032
    13002 13031 13033
    13003 13034 13035
    13004 13034 13036
    13005 13037 13038
    13006 13037 13039
    13007 13040 13041
    13008 13040 13042
    13009 13043 13044
    13010 13043 13045
    13011 13046 13047
    13012 13046 13048
    13013 13049 13050
    13014 13049 13051
    13015 13052 13053
    13016 13052 13054
    13017 13055 13056
    13018 13055 13057
    13019 13058 13059
    13020 13058 13060
    13021 13061 13062
    13022 13061 13063
    13023 13064 13065
    13024 13064 13066
    13025 13067 13068
    13026 13067 13069
    13027 13070 13071
    13028 13070 13072
    13029 13073 13074
    13030 13073 13075
    13031 13076 13077
    13032 13076 13078
    13033 13079 13080
    13034 13079 13081
    13035 13082 13083
    13036 13082 13084
    13037 13085 13086
    13038 13085 13087
    13039 13088 13089
    13040 13088 13090
    13041 13091 13092
    13042 13091 13093
    13043 13094 13095
    13044 13094 13096
    13045 13097 13098
    13046 13097 13099
    13047 13100 13101
    13048 13100 13102
    13049 13103 13104
    13050 13103 13105
    13051 13106 13107
    13052 13106 13108
    13053 13109 13110
    13054 13109 13111
    13055 13112 13113
    13056 13112 13114
    13057 13115 13116
    13058 13115 13117
    13059 13118 13119
    13060 13118 13120
    13061 13121 13122
    13062 13121 13123
    13063 13124 13125
    13064 13124 13126
    13065 13127 13128
    13066 13127 13129
    13067 13130 13131
    13068 13130 13132
    13069 13133 13134
    13070 13133 13135
    13071 13136 13137
    13072 13136 13138
    13073 13139 13140
    13074 13139 13141
    13075 13142 13143
    13076 13142 13144
    13077 13145 13146
    13078 13145 13147
    13079 13148 13149
    13080 13148 13150
    13081 13151 13152
    13082 13151 13153
    13083 13154 13155
    13084 13154 13156
    13085 13157 13158
    13086 13157 13159
    13087 13160 13161
    13088 13160 13162
    13089 13163 13164
    13090 13163 13165
    13091 13166 13167
    13092 13166 13168
    13093 13169 13170
    13094 13169 13171
    13095 13172 13173
    13096 13172 13174
    13097 13175 13176
    13098 13175 13177
    13099 13178 13179
    13100 13178 13180
    13101 13181 13182
    13102 13181 13183
    13103 13184 13185
    13104 13184 13186
    13105 13187 13188
    13106 13187 13189
    13107 13190 13191
    13108 13190 13192
    13109 13193 13194
    13110 13193 13195
    13111 13196 13197
    13112 13196 13198
    13113 13199 13200
    13114 13199 13201
    13115 13202 13203
    13116 13202 13204
    13117 13205 13206
    13118 13205 13207
    13119 13208 13209
    13120 13208 13210
    13121 13211 13212
    13122 13211 13213
    13123 13214 13215
    13124 13214 13216
    13125 13217 13218
    13126 13217 13219
    13127 13220 13221
    13128 13220 13222
    13129 13223 13224
    13130 13223 13225
    13131 13226 13227
    13132 13226 13228
    13133 13229 13230
    13134 13229 13231
    13135 13232 13233
    13136 13232 13234
    13137 13235 13236
    13138 13235 13237
    13139 13238 13239
    13140 13238 13240
    13141 13241 13242
    13142 13241 13243
    13143 13244 13245
    13144 13244 13246
    13145 13247 13248
    13146 13247 13249
    13147 13250 13251
    13148 13250 13252
    13149 13253 13254
    13150 13253 13255
    13151 13256 13257
    13152 13256 13258
    13153 13259 13260
    13154 13259 13261
    13155 13262 13263
    13156 13262 13264
    13157 13265 13266
    13158 13265 13267
    13159 13268 13269
    13160 13268 13270
    13161 13271 13272
    13162 13271 13273
    13163 13274 13275
    13164 13274 13276
    13165 13277 13278
    13166 13277 13279
    13167 13280 13281
    13168 13280 13282
    13169 13283 13284
    13170 13283 13285
    13171 13286 13287
    13172 13286 13288
    13173 13289 13290
    13174 13289 13291
    13175 13292 13293
    13176 13292 13294
    13177 13295 13296
    13178 13295 13297
    13179 13298 13299
    13180 13298 13300
    13181 13301 13302
    13182 13301 13303
    13183 13304 13305
    13184 13304 13306
    13185 13307 13308
    13186 13307 13309
    13187 13310 13311
    13188 13310 13312
    13189 13313 13314
    13190 13313 13315
    13191 13316 13317
    13192 13316 13318
    13193 13319 13320
    13194 13319 13321
    13195 13322 13323
    13196 13322 13324
    13197 13325 13326
    13198 13325 13327
    13199 13328 13329
    13200 13328 13330
    13201 13331 13332
    13202 13331 13333
    13203 13334 13335
    13204 13334 13336
    13205 13337 13338
    13206 13337 13339
    13207 13340 13341
    13208 13340 13342
    13209 13343 13344
    13210 13343 13345
    13211 13346 13347
    13212 13346 13348
    13213 13349 13350
    13214 13349 13351
    13215 13352 13353
    13216 13352 13354
    13217 13355 13356
    13218 13355 13357
    13219 13358 13359
    13220 13358 13360
    13221 13361 13362
    13222 13361 13363
    13223 13364 13365
    13224 13364 13366
    13225 13367 13368
    13226 13367 13369
    13227 13370 13371
    13228 13370 13372
    13229 13373 13374
    13230 13373 13375
    13231 13376 13377
    13232 13376 13378
    13233 13379 13380
    13234 13379 13381
    13235 13382 13383
    13236 13382 13384
    13237 13385 13386
    13238 13385 13387
    13239 13388 13389
    13240 13388 13390
    13241 13391 13392
    13242 13391 13393
    13243 13394 13395
    13244 13394 13396
    13245 13397 13398
    13246 13397 13399
    13247 13400 13401
    13248 13400 13402
    13249 13403 13404
    13250 13403 13405
    13251 13406 13407
    13252 13406 13408
    13253 13409 13410
    13254 13409 13411
    13255 13412 13413
    13256 13412 13414
    13257 13415 13416
    13258 13415 13417
    13259 13418 13419
    13260 13418 13420
    13261 13421 13422
    13262 13421 13423
    13263 13424 13425
    13264 13424 13426
    13265 13427 13428
    13266 13427 13429
    13267 13430 13431
    13268 13430 13432
    13269 13433 13434
    13270 13433 13435
    13271 13436 13437
    13272 13436 13438
    13273 13439 13440
    13274 13439 13441
    13275 13442 13443
    13276 13442 13444
    13277 13445 13446
    13278 13445 13447
    13279 13448 13449
    13280 13448 13450
    13281 13451 13452
    13282 13451 13453
    13283 13454 13455
    13284 13454 13456
    13285 13457 13458
    13286 13457 13459
    13287 13460 13461
    13288 13460 13462
    13289 13463 13464
    13290 13463 13465
    13291 13466 13467
    13292 13466 13468
    13293 13469 13470
    13294 13469 13471
    13295 13472 13473
    13296 13472 13474
    13297 13475 13476
    13298 13475 13477
    13299 13478 13479
    13300 13478 13480
    13301 13481 13482
    13302 13481 13483
    13303 13484 13485
    13304 13484 13486
    13305 13487 13488
    13306 13487 13489
    13307 13490 13491
    13308 13490 13492
    13309 13493 13494
    13310 13493 13495
    13311 13496 13497
    13312 13496 13498
    13313 13499 13500
    13314 13499 13501
    13315 13502 13503
    13316 13502 13504
    13317 13505 13506
    13318 13505 13507
    13319 13508 13509
    13320 13508 13510
    13321 13511 13512
    13322 13511 13513
    13323 13514 13515
    13324 13514 13516
    13325 13517 13518
    13326 13517 13519
    13327 13520 13521
    13328 13520 13522
    13329 13523 13524
    13330 13523 13525
    13331 13526 13527
    13332 13526 13528
    13333 13529 13530
    13334 13529 13531
    13335 13532 13533
    13336 13532 13534
    13337 13535 13536
    13338 13535 13537
    13339 13538 13539
    13340 13538 13540
    13341 13541 13542
    13342 13541 13543
    13343 13544 13545
    13344 13544 13546
    13345 13547 13548
    13346 13547 13549
    13347 13550 13551
    13348 13550 13552
    13349 13553 13554
    13350 13553 13555
    13351 13556 13557
    13352 13556 13558
    13353 13559 13560
    13354 13559 13561
    13355 13562 13563
    13356 13562 13564
    13357 13565 13566
    13358 13565 13567
    13359 13568 13569
    13360 13568 13570
    13361 13571 13572
    13362 13571 13573
    13363 13574 13575
    13364 13574 13576
    13365 13577 13578
    13366 13577 13579
    13367 13580 13581
    13368 13580 13582
    13369 13583 13584
    13370 13583 13585
    13371 13586 13587
    13372 13586 13588
    13373 13589 13590
    13374 13589 13591
    13375 13592 13593
    13376 13592 13594
    13377 13595 13596
    13378 13595 13597
    13379 13598 13599
    13380 13598 13600
    13381 13601 13602
    13382 13601 13603
    13383 13604 13605
    13384 13604 13606
    13385 13607 13608
    13386 13607 13609
    13387 13610 13611
    13388 13610 13612
    13389 13613 13614
    13390 13613 13615
    13391 13616 13617
    13392 13616 13618
    13393 13619 13620
    13394 13619 13621
    13395 13622 13623
    13396 13622 13624
    13397 13625 13626
    13398 13625 13627
    13399 13628 13629
    13400 13628 13630
    13401 13631 13632
    13402 13631 13633
    13403 13634 13635
    13404 13634 13636
    13405 13637 13638
    13406 13637 13639
    13407 13640 13641
    13408 13640 13642
    13409 13643 13644
    13410 13643 13645
    13411 13646 13647
    13412 13646 13648
    13413 13649 13650
    13414 13649 13651
    13415 13652 13653
    13416 13652 13654
    13417 13655 13656
    13418 13655 13657
    13419 13658 13659
    13420 13658 13660
    13421 13661 13662
    13422 13661 13663
    13423 13664 13665
    13424 13664 13666
    13425 13667 13668
    13426 13667 13669
    13427 13670 13671
    13428 13670 13672
    13429 13673 13674
    13430 13673 13675
    13431 13676 13677
    13432 13676 13678
    13433 13679 13680
    13434 13679 13681
    13435 13682 13683
    13436 13682 13684
    13437 13685 13686
    13438 13685 13687
    13439 13688 13689
    13440 13688 13690
    13441 13691 13692
    13442 13691 13693
    13443 13694 13695
    13444 13694 13696
    13445 13697 13698
    13446 13697 13699
    13447 13700 13701
    13448 13700 13702
    13449 13703 13704
    13450 13703 13705
    13451 13706 13707
    13452 13706 13708
    13453 13709 13710
    13454 13709 13711
    13455 13712 13713
    13456 13712 13714
    13457 13715 13716
    13458 13715 13717
    13459 13718 13719
    13460 13718 13720
    13461 13721 13722
    13462 13721 13723
    13463 13724 13725
    13464 13724 13726
    13465 13727 13728
    13466 13727 13729
    13467 13730 13731
    13468 13730 13732
    13469 13733 13734
    13470 13733 13735
    13471 13736 13737
    13472 13736 13738
    13473 13739 13740
    13474 13739 13741
    13475 13742 13743
    13476 13742 13744
    13477 13745 13746
    13478 13745 13747
    13479 13748 13749
    13480 13748 13750
    13481 13751 13752
    13482 13751 13753
    13483 13754 13755
    13484 13754 13756
    13485 13757 13758
    13486 13757 13759
    13487 13760 13761
    13488 13760 13762
    13489 13763 13764
    13490 13763 13765
    13491 13766 13767
    13492 13766 13768
    13493 13769 13770
    13494 13769 13771
    13495 13772 13773
    13496 13772 13774
    13497 13775 13776
    13498 13775 13777
    13499 13778 13779
    13500 13778 13780
    13501 13781 13782
    13502 13781 13783
    13503 13784 13785
    13504 13784 13786
    13505 13787 13788
    13506 13787 13789
    13507 13790 13791
    13508 13790 13792
    13509 13793 13794
    13510 13793 13795
    13511 13796 13797
    13512 13796 13798
    13513 13799 13800
    13514 13799 13801
    13515 13802 13803
    13516 13802 13804
    13517 13805 13806
    13518 13805 13807
    13519 13808 13809
    13520 13808 13810
    13521 13811 13812
    13522 13811 13813
    13523 13814 13815
    13524 13814 13816
    13525 13817 13818
    13526 13817 13819
    13527 13820 13821
    13528 13820 13822
    13529 13823 13824
    13530 13823 13825
    13531 13826 13827
    13532 13826 13828
    13533 13829 13830
    13534 13829 13831
    13535 13832 13833
    13536 13832 13834
    13537 13835 13836
    13538 13835 13837
    13539 13838 13839
    13540 13838 13840
    13541 13841 13842
    13542 13841 13843
    13543 13844 13845
    13544 13844 13846
    13545 13847 13848
    13546 13847 13849
    13547 13850 13851
    13548 13850 13852
    13549 13853 13854
    13550 13853 13855
    13551 13856 13857
    13552 13856 13858
    13553 13859 13860
    13554 13859 13861
    13555 13862 13863
    13556 13862 13864
    13557 13865 13866
    13558 13865 13867
    13559 13868 13869
    13560 13868 13870
    13561 13871 13872
    13562 13871 13873
    13563 13874 13875
    13564 13874 13876
    13565 13877 13878
    13566 13877 13879
    13567 13880 13881
    13568 13880 13882
    13569 13883 13884
    13570 13883 13885
    13571 13886 13887
    13572 13886 13888
    13573 13889 13890
    13574 13889 13891
    13575 13892 13893
    13576 13892 13894
    13577 13895 13896
    13578 13895 13897
    13579 13898 13899
    13580 13898 13900
    13581 13901 13902
    13582 13901 13903
    13583 13904 13905
    13584 13904 13906
    13585 13907 13908
    13586 13907 13909
    13587 13910 13911
    13588 13910 13912
    13589 13913 13914
    13590 13913 13915
    13591 13916 13917
    13592 13916 13918
    13593 13919 13920
    13594 13919 13921
    13595 13922 13923
    13596 13922 13924
    13597 13925 13926
    13598 13925 13927
    13599 13928 13929
    13600 13928 13930
    13601 13931 13932
    13602 13931 13933
    13603 13934 13935
    13604 13934 13936
    13605 13937 13938
    13606 13937 13939
    13607 13940 13941
    13608 13940 13942
    13609 13943 13944
    13610 13943 13945
    13611 13946 13947
    13612 13946 13948
    13613 13949 13950
    13614 13949 13951
    13615 13952 13953
    13616 13952 13954
    13617 13955 13956
    13618 13955 13957
    13619 13958 13959
    13620 13958 13960
    13621 13961 13962
    13622 13961 13963
    13623 13964 13965
    13624 13964 13966
    13625 13967 13968
    13626 13967 13969
    13627 13970 13971
    13628 13970 13972
    13629 13973 13974
    13630 13973 13975
    13631 13976 13977
    13632 13976 13978
    13633 13979 13980
    13634 13979 13981
    13635 13982 13983
    13636 13982 13984
    13637 13985 13986
    13638 13985 13987
    13639 13988 13989
    13640 13988 13990
    13641 13991 13992
    13642 13991 13993
    13643 13994 13995
    13644 13994 13996
    13645 13997 13998
    13646 13997 13999
    13647 14000 14001
    13648 14000 14002
    13649 14003 14004
    13650 14003 14005
    13651 14006 14007
    13652 14006 14008
    13653 14009 14010
    13654 14009 14011
    13655 14012 14013
    13656 14012 14014
    13657 14015 14016
    13658 14015 14017
    13659 14018 14019
    13660 14018 14020
    13661 14021 14022
    13662 14021 14023
    13663 14024 14025
    13664 14024 14026
    13665 14027 14028
    13666 14027 14029
    13667 14030 14031
    13668 14030 14032
    13669 14033 14034
    13670 14033 14035
    13671 14036 14037
    13672 14036 14038
    13673 14039 14040
    13674 14039 14041
    13675 14042 14043
    13676 14042 14044
    13677 14045 14046
    13678 14045 14047
    13679 14048 14049
    13680 14048 14050
    13681 14051 14052
    13682 14051 14053
    13683 14054 14055
    13684 14054 14056
    13685 14057 14058
    13686 14057 14059
    13687 14060 14061
    13688 14060 14062
    13689 14063 14064
    13690 14063 14065
    13691 14066 14067
    13692 14066 14068
    13693 14069 14070
    13694 14069 14071
    13695 14072 14073
    13696 14072 14074
    13697 14075 14076
    13698 14075 14077
    13699 14078 14079
    13700 14078 14080
    13701 14081 14082
    13702 14081 14083
    13703 14084 14085
    13704 14084 14086
    13705 14087 14088
    13706 14087 14089
    13707 14090 14091
    13708 14090 14092
    13709 14093 14094
    13710 14093 14095
    13711 14096 14097
    13712 14096 14098
    13713 14099 14100
    13714 14099 14101
    13715 14102 14103
    13716 14102 14104
    13717 14105 14106
    13718 14105 14107
    13719 14108 14109
    13720 14108 14110
    13721 14111 14112
    13722 14111 14113
    13723 14114 14115
    13724 14114 14116
    13725 14117 14118
    13726 14117 14119
    13727 14120 14121
    13728 14120 14122
    13729 14123 14124
    13730 14123 14125
    13731 14126 14127
    13732 14126 14128
    13733 14129 14130
    13734 14129 14131
    13735 14132 14133
    13736 14132 14134
    13737 14135 14136
    13738 14135 14137
    13739 14138 14139
    13740 14138 14140
    13741 14141 14142
    13742 14141 14143
    13743 14144 14145
    13744 14144 14146
    13745 14147 14148
    13746 14147 14149
    13747 14150 14151
    13748 14150 14152
    13749 14153 14154
    13750 14153 14155
    13751 14156 14157
    13752 14156 14158
    13753 14159 14160
    13754 14159 14161
    13755 14162 14163
    13756 14162 14164
    13757 14165 14166
    13758 14165 14167
    13759 14168 14169
    13760 14168 14170
    13761 14171 14172
    13762 14171 14173
    13763 14174 14175
    13764 14174 14176
    13765 14177 14178
    13766 14177 14179
    13767 14180 14181
    13768 14180 14182
    13769 14183 14184
    13770 14183 14185
    13771 14186 14187
    13772 14186 14188
    13773 14189 14190
    13774 14189 14191
    13775 14192 14193
    13776 14192 14194
    13777 14195 14196
    13778 14195 14197
    13779 14198 14199
    13780 14198 14200
    13781 14201 14202
    13782 14201 14203
    13783 14204 14205
    13784 14204 14206
    13785 14207 14208
    13786 14207 14209
    13787 14210 14211
    13788 14210 14212
    13789 14213 14214
    13790 14213 14215
    13791 14216 14217
    13792 14216 14218
    13793 14219 14220
    13794 14219 14221
    13795 14222 14223
    13796 14222 14224
    13797 14225 14226
    13798 14225 14227
    13799 14228 14229
    13800 14228 14230
    13801 14231 14232
    13802 14231 14233
    13803 14234 14235
    13804 14234 14236
    13805 14237 14238
    13806 14237 14239
    13807 14240 14241
    13808 14240 14242
    13809 14243 14244
    13810 14243 14245
    13811 14246 14247
    13812 14246 14248
    13813 14249 14250
    13814 14249 14251
    13815 14252 14253
    13816 14252 14254
    13817 14255 14256
    13818 14255 14257
    13819 14258 14259
    13820 14258 14260
    13821 14261 14262
    13822 14261 14263
    13823 14264 14265
    13824 14264 14266
    13825 14267 14268
    13826 14267 14269
    13827 14270 14271
    13828 14270 14272
    13829 14273 14274
    13830 14273 14275
    13831 14276 14277
    13832 14276 14278
    13833 14279 14280
    13834 14279 14281
    13835 14282 14283
    13836 14282 14284
    13837 14285 14286
    13838 14285 14287
    13839 14288 14289
    13840 14288 14290
    13841 14291 14292
    13842 14291 14293
    13843 14294 14295
    13844 14294 14296
    13845 14297 14298
    13846 14297 14299
    13847 14300 14301
    13848 14300 14302
    13849 14303 14304
    13850 14303 14305
    13851 14306 14307
    13852 14306 14308
    13853 14309 14310
    13854 14309 14311
    13855 14312 14313
    13856 14312 14314
    13857 14315 14316
    13858 14315 14317
    13859 14318 14319
    13860 14318 14320
    13861 14321 14322
    13862 14321 14323
    13863 14324 14325
    13864 14324 14326
    13865 14327 14328
    13866 14327 14329
    13867 14330 14331
    13868 14330 14332
    13869 14333 14334
    13870 14333 14335
    13871 14336 14337
    13872 14336 14338
    13873 14339 14340
    13874 14339 14341
    13875 14342 14343
    13876 14342 14344
    13877 14345 14346
    13878 14345 14347
    13879 14348 14349
    13880 14348 14350
    13881 14351 14352
    13882 14351 14353
    13883 14354 14355
    13884 14354 14356
    13885 14357 14358
    13886 14357 14359
    13887 14360 14361
    13888 14360 14362
    13889 14363 14364
    13890 14363 14365
    13891 14366 14367
    13892 14366 14368
    13893 14369 14370
    13894 14369 14371
    13895 14372 14373
    13896 14372 14374
    13897 14375 14376
    13898 14375 14377
    13899 14378 14379
    13900 14378 14380
    13901 14381 14382
    13902 14381 14383
    13903 14384 14385
    13904 14384 14386
    13905 14387 14388
    13906 14387 14389
    13907 14390 14391
    13908 14390 14392
    13909 14393 14394
    13910 14393 14395
    13911 14396 14397
    13912 14396 14398
    13913 14399 14400
    13914 14399 14401
    13915 14402 14403
    13916 14402 14404
    13917 14405 14406
    13918 14405 14407
    13919 14408 14409
    13920 14408 14410
    13921 14411 14412
    13922 14411 14413
    13923 14414 14415
    13924 14414 14416
    13925 14417 14418
    13926 14417 14419
    13927 14420 14421
    13928 14420 14422
    13929 14423 14424
    13930 14423 14425
    13931 14426 14427
    13932 14426 14428
    13933 14429 14430
    13934 14429 14431
    13935 14432 14433
    13936 14432 14434
    13937 14435 14436
    13938 14435 14437
    13939 14438 14439
    13940 14438 14440
    13941 14441 14442
    13942 14441 14443
    13943 14444 14445
    13944 14444 14446
    13945 14447 14448
    13946 14447 14449
    13947 14450 14451
    13948 14450 14452
    13949 14453 14454
    13950 14453 14455
    13951 14456 14457
    13952 14456 14458
    13953 14459 14460
    13954 14459 14461
    13955 14462 14463
    13956 14462 14464
    13957 14465 14466
    13958 14465 14467
    13959 14468 14469
    13960 14468 14470
    13961 14471 14472
    13962 14471 14473
    13963 14474 14475
    13964 14474 14476
    13965 14477 14478
    13966 14477 14479
    13967 14480 14481
    13968 14480 14482
    13969 14483 14484
    13970 14483 14485
    13971 14486 14487
    13972 14486 14488
    13973 14489 14490
    13974 14489 14491
    13975 14492 14493
    13976 14492 14494
    13977 14495 14496
    13978 14495 14497
    13979 14498 14499
    13980 14498 14500
    13981 14501 14502
    13982 14501 14503
    13983 14504 14505
    13984 14504 14506
    13985 14507 14508
    13986 14507 14509
    13987 14510 14511
    13988 14510 14512
    13989 14513 14514
    13990 14513 14515
    13991 14516 14517
    13992 14516 14518
    13993 14519 14520
    13994 14519 14521
    13995 14522 14523
    13996 14522 14524
    13997 14525 14526
    13998 14525 14527
    13999 14528 14529
    14000 14528 14530
    14001 14531 14532
    14002 14531 14533
    14003 14534 14535
    14004 14534 14536
    14005 14537 14538
    14006 14537 14539
    14007 14540 14541
    14008 14540 14542
    14009 14543 14544
    14010 14543 14545
    14011 14546 14547
    14012 14546 14548
    14013 14549 14550
    14014 14549 14551
    14015 14552 14553
    14016 14552 14554
    14017 14555 14556
    14018 14555 14557
    14019 14558 14559
    14020 14558 14560
    14021 14561 14562
    14022 14561 14563
    14023 14564 14565
    14024 14564 14566
    14025 14567 14568
    14026 14567 14569
    14027 14570 14571
    14028 14570 14572
    14029 14573 14574
    14030 14573 14575
    14031 14576 14577
    14032 14576 14578
    14033 14579 14580
    14034 14579 14581
    14035 14582 14583
    14036 14582 14584
    14037 14585 14586
    14038 14585 14587
    14039 14588 14589
    14040 14588 14590
    14041 14591 14592
    14042 14591 14593
    14043 14594 14595
    14044 14594 14596
    14045 14597 14598
    14046 14597 14599
    14047 14600 14601
    14048 14600 14602
    14049 14603 14604
    14050 14603 14605
    14051 14606 14607
    14052 14606 14608
    14053 14609 14610
    14054 14609 14611
    14055 14612 14613
    14056 14612 14614
    14057 14615 14616
    14058 14615 14617
    14059 14618 14619
    14060 14618 14620
    14061 14621 14622
    14062 14621 14623
    14063 14624 14625
    14064 14624 14626
    14065 14627 14628
    14066 14627 14629
    14067 14630 14631
    14068 14630 14632
    14069 14633 14634
    14070 14633 14635
    14071 14636 14637
    14072 14636 14638
    14073 14639 14640
    14074 14639 14641
    14075 14642 14643
    14076 14642 14644
    14077 14645 14646
    14078 14645 14647
    14079 14648 14649
    14080 14648 14650
    14081 14651 14652
    14082 14651 14653
    14083 14654 14655
    14084 14654 14656
    14085 14657 14658
    14086 14657 14659
    14087 14660 14661
    14088 14660 14662
    14089 14663 14664
    14090 14663 14665
    14091 14666 14667
    14092 14666 14668
    14093 14669 14670
    14094 14669 14671
    14095 14672 14673
    14096 14672 14674
    14097 14675 14676
    14098 14675 14677
    14099 14678 14679
    14100 14678 14680
    14101 14681 14682
    14102 14681 14683
    14103 14684 14685
    14104 14684 14686
    14105 14687 14688
    14106 14687 14689
    14107 14690 14691
    14108 14690 14692
    14109 14693 14694
    14110 14693 14695
    14111 14696 14697
    14112 14696 14698
    14113 14699 14700
    14114 14699 14701
    14115 14702 14703
    14116 14702 14704
    14117 14705 14706
    14118 14705 14707
    14119 14708 14709
    14120 14708 14710
    14121 14711 14712
    14122 14711 14713
    14123 14714 14715
    14124 14714 14716
    14125 14717 14718
    14126 14717 14719
    14127 14720 14721
    14128 14720 14722
    14129 14723 14724
    14130 14723 14725
    14131 14726 14727
    14132 14726 14728
    14133 14729 14730
    14134 14729 14731
    14135 14732 14733
    14136 14732 14734
    14137 14735 14736
    14138 14735 14737
    14139 14738 14739
    14140 14738 14740
    14141 14741 14742
    14142 14741 14743
    14143 14744 14745
    14144 14744 14746
    14145 14747 14748
    14146 14747 14749
    14147 14750 14751
    14148 14750 14752
    14149 14753 14754
    14150 14753 14755
    14151 14756 14757
    14152 14756 14758
    14153 14759 14760
    14154 14759 14761
    14155 14762 14763
    14156 14762 14764
    14157 14765 14766
    14158 14765 14767
    14159 14768 14769
    14160 14768 14770
    14161 14771 14772
    14162 14771 14773
    14163 14774 14775
    14164 14774 14776
    14165 14777 14778
    14166 14777 14779
    14167 14780 14781
    14168 14780 14782
    14169 14783 14784
    14170 14783 14785
    14171 14786 14787
    14172 14786 14788
    14173 14789 14790
    14174 14789 14791
    14175 14792 14793
    14176 14792 14794
    14177 14795 14796
    14178 14795 14797
    14179 14798 14799
    14180 14798 14800
    14181 14801 14802
    14182 14801 14803
    14183 14804 14805
    14184 14804 14806
    14185 14807 14808
    14186 14807 14809
    14187 14810 14811
    14188 14810 14812
    14189 14813 14814
    14190 14813 14815
    14191 14816 14817
    14192 14816 14818
    14193 14819 14820
    14194 14819 14821
    14195 14822 14823
    14196 14822 14824
    14197 14825 14826
    14198 14825 14827
    14199 14828 14829
    14200 14828 14830
    14201 14831 14832
    14202 14831 14833
    14203 14834 14835
    14204 14834 14836
    14205 14837 14838
    14206 14837 14839
    14207 14840 14841
    14208 14840 14842
    14209 14843 14844
    14210 14843 14845
    14211 14846 14847
    14212 14846 14848
    14213 14849 14850
    14214 14849 14851
    14215 14852 14853
    14216 14852 14854
    14217 14855 14856
    14218 14855 14857
    14219 14858 14859
    14220 14858 14860
    14221 14861 14862
    14222 14861 14863
    14223 14864 14865
    14224 14864 14866
    14225 14867 14868
    14226 14867 14869
    14227 14870 14871
    14228 14870 14872
    14229 14873 14874
    14230 14873 14875
    14231 14876 14877
    14232 14876 14878
    14233 14879 14880
    14234 14879 14881
    14235 14882 14883
    14236 14882 14884
    14237 14885 14886
    14238 14885 14887
    14239 14888 14889
    14240 14888 14890
    14241 14891 14892
    14242 14891 14893
    14243 14894 14895
    14244 14894 14896
    14245 14897 14898
    14246 14897 14899
    14247 14900 14901
    14248 14900 14902
    14249 14903 14904
    14250 14903 14905
    14251 14906 14907
    14252 14906 14908
    14253 14909 14910
    14254 14909 14911
    14255 14912 14913
    14256 14912 14914
    14257 14915 14916
    14258 14915 14917
    14259 14918 14919
    14260 14918 14920
    14261 14921 14922
    14262 14921 14923
    14263 14924 14925
    14264 14924 14926
    14265 14927 14928
    14266 14927 14929
    14267 14930 14931
    14268 14930 14932
    14269 14933 14934
    14270 14933 14935
    14271 14936 14937
    14272 14936 14938
    14273 14939 14940
    14274 14939 14941
    14275 14942 14943
    14276 14942 14944
    14277 14945 14946
    14278 14945 14947
    14279 14948 14949
    14280 14948 14950
    14281 14951 14952
    14282 14951 14953
    14283 14954 14955
    14284 14954 14956
    14285 14957 14958
    14286 14957 14959
    14287 14960 14961
    14288 14960 14962
    14289 14963 14964
    14290 14963 14965
    14291 14966 14967
    14292 14966 14968
    14293 14969 14970
    14294 14969 14971
    14295 14972 14973
    14296 14972 14974
    14297 14975 14976
    14298 14975 14977
    14299 14978 14979
    14300 14978 14980
    14301 14981 14982
    14302 14981 14983
    14303 14984 14985
    14304 14984 14986
    14305 14987 14988
    14306 14987 14989
    14307 14990 14991
    14308 14990 14992
    14309 14993 14994
    14310 14993 14995
    14311 14996 14997
    14312 14996 14998
    14313 14999 15000
    14314 14999 15001
    14315 15002 15003
    14316 15002 15004
    14317 15005 15006
    14318 15005 15007
    14319 15008 15009
    14320 15008 15010
    14321 15011 15012
    14322 15011 15013
    14323 15014 15015
    14324 15014 15016
    14325 15017 15018
    14326 15017 15019
    14327 15020 15021
    14328 15020 15022
    14329 15023 15024
    14330 15023 15025
    14331 15026 15027
    14332 15026 15028
    14333 15029 15030
    14334 15029 15031
    14335 15032 15033
    14336 15032 15034
    14337 15035 15036
    14338 15035 15037
    14339 15038 15039
    14340 15038 15040
    14341 15041 15042
    14342 15041 15043
    14343 15044 15045
    14344 15044 15046
    14345 15047 15048
    14346 15047 15049
    14347 15050 15051
    14348 15050 15052
    14349 15053 15054
    14350 15053 15055
    14351 15056 15057
    14352 15056 15058
    14353 15059 15060
    14354 15059 15061
    14355 15062 15063
    14356 15062 15064
    14357 15065 15066
    14358 15065 15067
    14359 15068 15069
    14360 15068 15070
    14361 15071 15072
    14362 15071 15073
    14363 15074 15075
    14364 15074 15076
    14365 15077 15078
    14366 15077 15079
    14367 15080 15081
    14368 15080 15082
    14369 15083 15084
    14370 15083 15085
    14371 15086 15087
    14372 15086 15088
    14373 15089 15090
    14374 15089 15091
    14375 15092 15093
    14376 15092 15094
    14377 15095 15096
    14378 15095 15097
    14379 15098 15099
    14380 15098 15100
    14381 15101 15102
    14382 15101 15103
    14383 15104 15105
    14384 15104 15106
    14385 15107 15108
    14386 15107 15109
    14387 15110 15111
    14388 15110 15112
    14389 15113 15114
    14390 15113 15115
    14391 15116 15117
    14392 15116 15118
    14393 15119 15120
    14394 15119 15121
    14395 15122 15123
    14396 15122 15124
    14397 15125 15126
    14398 15125 15127
    14399 15128 15129
    14400 15128 15130
    14401 15131 15132
    14402 15131 15133
    14403 15134 15135
    14404 15134 15136
    14405 15137 15138
    14406 15137 15139
    14407 15140 15141
    14408 15140 15142
    14409 15143 15144
    14410 15143 15145
    14411 15146 15147
    14412 15146 15148
    14413 15149 15150
    14414 15149 15151
    14415 15152 15153
    14416 15152 15154
    14417 15155 15156
    14418 15155 15157
    14419 15158 15159
    14420 15158 15160
    14421 15161 15162
    14422 15161 15163
    14423 15164 15165
    14424 15164 15166
    14425 15167 15168
    14426 15167 15169
    14427 15170 15171
    14428 15170 15172
    14429 15173 15174
    14430 15173 15175
    14431 15176 15177
    14432 15176 15178
    14433 15179 15180
    14434 15179 15181
    14435 15182 15183
    14436 15182 15184
    14437 15185 15186
    14438 15185 15187
    14439 15188 15189
    14440 15188 15190
    14441 15191 15192
    14442 15191 15193
    14443 15194 15195
    14444 15194 15196
    14445 15197 15198
    14446 15197 15199
    14447 15200 15201
    14448 15200 15202
    14449 15203 15204
    14450 15203 15205
    14451 15206 15207
    14452 15206 15208
    14453 15209 15210
    14454 15209 15211
    14455 15212 15213
    14456 15212 15214
    14457 15215 15216
    14458 15215 15217
    14459 15218 15219
    14460 15218 15220
    14461 15221 15222
    14462 15221 15223
    14463 15224 15225
    14464 15224 15226
    14465 15227 15228
    14466 15227 15229
    14467 15230 15231
    14468 15230 15232
    14469 15233 15234
    14470 15233 15235
    14471 15236 15237
    14472 15236 15238
    14473 15239 15240
    14474 15239 15241
    14475 15242 15243
    14476 15242 15244
    14477 15245 15246
    14478 15245 15247
    14479 15248 15249
    14480 15248 15250
    14481 15251 15252
    14482 15251 15253
    14483 15254 15255
    14484 15254 15256
    14485 15257 15258
    14486 15257 15259
    14487 15260 15261
    14488 15260 15262
    14489 15263 15264
    14490 15263 15265
    14491 15266 15267
    14492 15266 15268
    14493 15269 15270
    14494 15269 15271
    14495 15272 15273
    14496 15272 15274
    14497 15275 15276
    14498 15275 15277
    14499 15278 15279
    14500 15278 15280
    14501 15281 15282
    14502 15281 15283
    14503 15284 15285
    14504 15284 15286
    14505 15287 15288
    14506 15287 15289
    14507 15290 15291
    14508 15290 15292
    14509 15293 15294
    14510 15293 15295
    14511 15296 15297
    14512 15296 15298
    14513 15299 15300
    14514 15299 15301
    14515 15302 15303
    14516 15302 15304
    14517 15305 15306
    14518 15305 15307
    14519 15308 15309
    14520 15308 15310
    14521 15311 15312
    14522 15311 15313
    14523 15314 15315
    14524 15314 15316
    14525 15317 15318
    14526 15317 15319
    14527 15320 15321
    14528 15320 15322
    14529 15323 15324
    14530 15323 15325
    14531 15326 15327
    14532 15326 15328
    14533 15329 15330
    14534 15329 15331
    14535 15332 15333
    14536 15332 15334
    14537 15335 15336
    14538 15335 15337
    14539 15338 15339
    14540 15338 15340
    14541 15341 15342
    14542 15341 15343
    14543 15344 15345
    14544 15344 15346
    14545 15347 15348
    14546 15347 15349
    14547 15350 15351
    14548 15350 15352
    14549 15353 15354
    14550 15353 15355
    14551 15356 15357
    14552 15356 15358
    14553 15359 15360
    14554 15359 15361
    14555 15362 15363
    14556 15362 15364
    14557 15365 15366
    14558 15365 15367
    14559 15368 15369
    14560 15368 15370
    14561 15371 15372
    14562 15371 15373
    14563 15374 15375
    14564 15374 15376
    14565 15377 15378
    14566 15377 15379
    14567 15380 15381
    14568 15380 15382
    14569 15383 15384
    14570 15383 15385
    14571 15386 15387
    14572 15386 15388
    14573 15389 15390
    14574 15389 15391
    14575 15392 15393
    14576 15392 15394
    14577 15395 15396
    14578 15395 15397
    14579 15398 15399
    14580 15398 15400
    14581 15401 15402
    14582 15401 15403
    14583 15404 15405
    14584 15404 15406
    14585 15407 15408
    14586 15407 15409
    14587 15410 15411
    14588 15410 15412
    14589 15413 15414
    14590 15413 15415
    14591 15416 15417
    14592 15416 15418
    14593 15419 15420
    14594 15419 15421
    14595 15422 15423
    14596 15422 15424
    14597 15425 15426
    14598 15425 15427
    14599 15428 15429
    14600 15428 15430
    14601 15431 15432
    14602 15431 15433
    14603 15434 15435
    14604 15434 15436
    14605 15437 15438
    14606 15437 15439
    14607 15440 15441
    14608 15440 15442
    14609 15443 15444
    14610 15443 15445
    14611 15446 15447
    14612 15446 15448
    14613 15449 15450
    14614 15449 15451
    14615 15452 15453
    14616 15452 15454
    14617 15455 15456
    14618 15455 15457
    14619 15458 15459
    14620 15458 15460
    14621 15461 15462
    14622 15461 15463
    14623 15464 15465
    14624 15464 15466
    14625 15467 15468
    14626 15467 15469
    14627 15470 15471
    14628 15470 15472
    14629 15473 15474
    14630 15473 15475
    14631 15476 15477
    14632 15476 15478
    14633 15479 15480
    14634 15479 15481
    14635 15482 15483
    14636 15482 15484
    14637 15485 15486
    14638 15485 15487
    14639 15488 15489
    14640 15488 15490
    14641 15491 15492
    14642 15491 15493
    14643 15494 15495
    14644 15494 15496
    14645 15497 15498
    14646 15497 15499
    14647 15500 15501
    14648 15500 15502
    14649 15503 15504
    14650 15503 15505
    14651 15506 15507
    14652 15506 15508
    14653 15509 15510
    14654 15509 15511
    14655 15512 15513
    14656 15512 15514
    14657 15515 15516
    14658 15515 15517
    14659 15518 15519
    14660 15518 15520
    14661 15521 15522
    14662 15521 15523
    14663 15524 15525
    14664 15524 15526
    14665 15527 15528
    14666 15527 15529
    14667 15530 15531
    14668 15530 15532
    14669 15533 15534
    14670 15533 15535
    14671 15536 15537
    14672 15536 15538
    14673 15539 15540
    14674 15539 15541
    14675 15542 15543
    14676 15542 15544
    14677 15545 15546
    14678 15545 15547
    14679 15548 15549
    14680 15548 15550
    14681 15551 15552
    14682 15551 15553
    14683 15554 15555
    14684 15554 15556
    14685 15557 15558
    14686 15557 15559
    14687 15560 15561
    14688 15560 15562
    14689 15563 15564
    14690 15563 15565
    14691 15566 15567
    14692 15566 15568
    14693 15569 15570
    14694 15569 15571
    14695 15572 15573
    14696 15572 15574
    14697 15575 15576
    14698 15575 15577
    14699 15578 15579
    14700 15578 15580
    14701 15581 15582
    14702 15581 15583
    14703 15584 15585
    14704 15584 15586
    14705 15587 15588
    14706 15587 15589
    14707 15590 15591
    14708 15590 15592
    14709 15593 15594
    14710 15593 15595
    14711 15596 15597
    14712 15596 15598
    14713 15599 15600
    14714 15599 15601
    14715 15602 15603
    14716 15602 15604
    14717 15605 15606
    14718 15605 15607
    14719 15608 15609
    14720 15608 15610
    14721 15611 15612
    14722 15611 15613
    14723 15614 15615
    14724 15614 15616
    14725 15617 15618
    14726 15617 15619
    14727 15620 15621
    14728 15620 15622
    14729 15623 15624
    14730 15623 15625
    14731 15626 15627
    14732 15626 15628
    14733 15629 15630
    14734 15629 15631
    14735 15632 15633
    14736 15632 15634
    14737 15635 15636
    14738 15635 15637
    14739 15638 15639
    14740 15638 15640
    14741 15641 15642
    14742 15641 15643
    14743 15644 15645
    14744 15644 15646
    14745 15647 15648
    14746 15647 15649
    14747 15650 15651
    14748 15650 15652
    14749 15653 15654
    14750 15653 15655
    14751 15656 15657
    14752 15656 15658
    14753 15659 15660
    14754 15659 15661
    14755 15662 15663
    14756 15662 15664
    14757 15665 15666
    14758 15665 15667
    14759 15668 15669
    14760 15668 15670
    14761 15671 15672
    14762 15671 15673
    14763 15674 15675
    14764 15674 15676
    14765 15677 15678
    14766 15677 15679
    14767 15680 15681
    14768 15680 15682
    14769 15683 15684
    14770 15683 15685
    14771 15686 15687
    14772 15686 15688
    14773 15689 15690
    14774 15689 15691
    14775 15692 15693
    14776 15692 15694
    14777 15695 15696
    14778 15695 15697
    14779 15698 15699
    14780 15698 15700
    14781 15701 15702
    14782 15701 15703
    14783 15704 15705
    14784 15704 15706
    14785 15707 15708
    14786 15707 15709
    14787 15710 15711
    14788 15710 15712
    14789 15713 15714
    14790 15713 15715
    14791 15716 15717
    14792 15716 15718
    14793 15719 15720
    14794 15719 15721
    14795 15722 15723
    14796 15722 15724
    14797 15725 15726
    14798 15725 15727
    14799 15728 15729
    14800 15728 15730
    14801 15731 15732
    14802 15731 15733
    14803 15734 15735
    14804 15734 15736
    14805 15737 15738
    14806 15737 15739
    14807 15740 15741
    14808 15740 15742
    14809 15743 15744
    14810 15743 15745
    14811 15746 15747
    14812 15746 15748
    14813 15749 15750
    14814 15749 15751
    14815 15752 15753
    14816 15752 15754
    14817 15755 15756
    14818 15755 15757
    14819 15758 15759
    14820 15758 15760
    14821 15761 15762
    14822 15761 15763
    14823 15764 15765
    14824 15764 15766
    14825 15767 15768
    14826 15767 15769
    14827 15770 15771
    14828 15770 15772
    14829 15773 15774
    14830 15773 15775
    14831 15776 15777
    14832 15776 15778
    14833 15779 15780
    14834 15779 15781
    14835 15782 15783
    14836 15782 15784
    14837 15785 15786
    14838 15785 15787
    14839 15788 15789
    14840 15788 15790
    14841 15791 15792
    14842 15791 15793
    14843 15794 15795
    14844 15794 15796
    14845 15797 15798
    14846 15797 15799
    14847 15800 15801
    14848 15800 15802
    14849 15803 15804
    14850 15803 15805
    14851 15806 15807
    14852 15806 15808
    14853 15809 15810
    14854 15809 15811
    14855 15812 15813
    14856 15812 15814
    14857 15815 15816
    14858 15815 15817
    14859 15818 15819
    14860 15818 15820
    14861 15821 15822
    14862 15821 15823
    14863 15824 15825
    14864 15824 15826
    14865 15827 15828
    14866 15827 15829
    14867 15830 15831
    14868 15830 15832
    14869 15833 15834
    14870 15833 15835
    14871 15836 15837
    14872 15836 15838
    14873 15839 15840
    14874 15839 15841
    14875 15842 15843
    14876 15842 15844
    14877 15845 15846
    14878 15845 15847
    14879 15848 15849
    14880 15848 15850
    14881 15851 15852
    14882 15851 15853
    14883 15854 15855
    14884 15854 15856
    14885 15857 15858
    14886 15857 15859
    14887 15860 15861
    14888 15860 15862
    14889 15863 15864
    14890 15863 15865
    14891 15866 15867
    14892 15866 15868
    14893 15869 15870
    14894 15869 15871
    14895 15872 15873
    14896 15872 15874
    14897 15875 15876
    14898 15875 15877
    14899 15878 15879
    14900 15878 15880
    14901 15881 15882
    14902 15881 15883
    14903 15884 15885
    14904 15884 15886
    14905 15887 15888
    14906 15887 15889
    14907 15890 15891
    14908 15890 15892
    14909 15893 15894
    14910 15893 15895
    14911 15896 15897
    14912 15896 15898
    14913 15899 15900
    14914 15899 15901
    14915 15902 15903
    14916 15902 15904
    14917 15905 15906
    14918 15905 15907
    14919 15908 15909
    14920 15908 15910
    14921 15911 15912
    14922 15911 15913
    14923 15914 15915
    14924 15914 15916
    14925 15917 15918
    14926 15917 15919
    14927 15920 15921
    14928 15920 15922
    14929 15923 15924
    14930 15923 15925
    14931 15926 15927
    14932 15926 15928
    14933 15929 15930
    14934 15929 15931
    14935 15932 15933
    14936 15932 15934
    14937 15935 15936
    14938 15935 15937
    14939 15938 15939
    14940 15938 15940
    14941 15941 15942
    14942 15941 15943
    14943 15944 15945
    14944 15944 15946
    14945 15947 15948
    14946 15947 15949
    14947 15950 15951
    14948 15950 15952
    14949 15953 15954
    14950 15953 15955
    14951 15956 15957
    14952 15956 15958
    14953 15959 15960
    14954 15959 15961
    14955 15962 15963
    14956 15962 15964
    14957 15965 15966
    14958 15965 15967
    14959 15968 15969
    14960 15968 15970
    14961 15971 15972
    14962 15971 15973
    14963 15974 15975
    14964 15974 15976
    14965 15977 15978
    14966 15977 15979
    14967 15980 15981
    14968 15980 15982
    14969 15983 15984
    14970 15983 15985
    14971 15986 15987
    14972 15986 15988
    14973 15989 15990
    14974 15989 15991
    14975 15992 15993
    14976 15992 15994
    14977 15995 15996
    14978 15995 15997
    14979 15998 15999
    14980 15998 16000
    14981 16001 16002
    14982 16001 16003
    14983 16004 16005
    14984 16004 16006
    14985 16007 16008
    14986 16007 16009
    14987 16010 16011
    14988 16010 16012
    14989 16013 16014
    14990 16013 16015
    14991 16016 16017
    14992 16016 16018
    14993 16019 16020
    14994 16019 16021
    14995 16022 16023
    14996 16022 16024
    14997 16025 16026
    14998 16025 16027
    14999 16028 16029
    15000 16028 16030
    15001 16031 16032
    15002 16031 16033
    15003 16034 16035
    15004 16034 16036
    15005 16037 16038
    15006 16037 16039
    15007 16040 16041
    15008 16040 16042
    15009 16043 16044
    15010 16043 16045
    15011 16046 16047
    15012 16046 16048
    15013 16049 16050
    15014 16049 16051
    15015 16052 16053
    15016 16052 16054
    15017 16055 16056
    15018 16055 16057
    15019 16058 16059
    15020 16058 16060
    15021 16061 16062
    15022 16061 16063
    15023 16064 16065
    15024 16064 16066
    15025 16067 16068
    15026 16067 16069
    15027 16070 16071
    15028 16070 16072
    15029 16073 16074
    15030 16073 16075
    15031 16076 16077
    15032 16076 16078
    15033 16079 16080
    15034 16079 16081
    15035 16082 16083
    15036 16082 16084
    15037 16085 16086
    15038 16085 16087
    15039 16088 16089
    15040 16088 16090
    15041 16091 16092
    15042 16091 16093
    15043 16094 16095
    15044 16094 16096
    15045 16097 16098
    15046 16097 16099
    15047 16100 16101
    15048 16100 16102
    15049 16103 16104
    15050 16103 16105
    15051 16106 16107
    15052 16106 16108
    15053 16109 16110
    15054 16109 16111
    15055 16112 16113
    15056 16112 16114
    15057 16115 16116
    15058 16115 16117
    15059 16118 16119
    15060 16118 16120
    15061 16121 16122
    15062 16121 16123
    15063 16124 16125
    15064 16124 16126
    15065 16127 16128
    15066 16127 16129
    15067 16130 16131
    15068 16130 16132
    15069 16133 16134
    15070 16133 16135
    15071 16136 16137
    15072 16136 16138
    15073 16139 16140
    15074 16139 16141
    15075 16142 16143
    15076 16142 16144
    15077 16145 16146
    15078 16145 16147
    15079 16148 16149
    15080 16148 16150
    15081 16151 16152
    15082 16151 16153
    15083 16154 16155
    15084 16154 16156
    15085 16157 16158
    15086 16157 16159
    15087 16160 16161
    15088 16160 16162
    15089 16163 16164
    15090 16163 16165
    15091 16166 16167
    15092 16166 16168
    15093 16169 16170
    15094 16169 16171
    15095 16172 16173
    15096 16172 16174
    15097 16175 16176
    15098 16175 16177
    15099 16178 16179
    15100 16178 16180
    15101 16181 16182
    15102 16181 16183
    15103 16184 16185
    15104 16184 16186
    15105 16187 16188
    15106 16187 16189
    15107 16190 16191
    15108 16190 16192
    15109 16193 16194
    15110 16193 16195
    15111 16196 16197
    15112 16196 16198
    15113 16199 16200
    15114 16199 16201
    15115 16202 16203
    15116 16202 16204
    15117 16205 16206
    15118 16205 16207
    15119 16208 16209
    15120 16208 16210
    15121 16211 16212
    15122 16211 16213
    15123 16214 16215
    15124 16214 16216
    15125 16217 16218
    15126 16217 16219
    15127 16220 16221
    15128 16220 16222
    15129 16223 16224
    15130 16223 16225
    15131 16226 16227
    15132 16226 16228
    15133 16229 16230
    15134 16229 16231
    15135 16232 16233
    15136 16232 16234
    15137 16235 16236
    15138 16235 16237
    15139 16238 16239
    15140 16238 16240
    15141 16241 16242
    15142 16241 16243
    15143 16244 16245
    15144 16244 16246
    15145 16247 16248
    15146 16247 16249
    15147 16250 16251
    15148 16250 16252
    15149 16253 16254
    15150 16253 16255
    15151 16256 16257
    15152 16256 16258
    15153 16259 16260
    15154 16259 16261
    15155 16262 16263
    15156 16262 16264
    15157 16265 16266
    15158 16265 16267
    15159 16268 16269
    15160 16268 16270
    15161 16271 16272
    15162 16271 16273
    15163 16274 16275
    15164 16274 16276
    15165 16277 16278
    15166 16277 16279
    15167 16280 16281
    15168 16280 16282
    15169 16283 16284
    15170 16283 16285
    15171 16286 16287
    15172 16286 16288
    15173 16289 16290
    15174 16289 16291
    15175 16292 16293
    15176 16292 16294
    15177 16295 16296
    15178 16295 16297
    15179 16298 16299
    15180 16298 16300
    15181 16301 16302
    15182 16301 16303
    15183 16304 16305
    15184 16304 16306
    15185 16307 16308
    15186 16307 16309
    15187 16310 16311
    15188 16310 16312
    15189 16313 16314
    15190 16313 16315
    15191 16316 16317
    15192 16316 16318
    15193 16319 16320
    15194 16319 16321
    15195 16322 16323
    15196 16322 16324
    15197 16325 16326
    15198 16325 16327
    15199 16328 16329
    15200 16328 16330
    15201 16331 16332
    15202 16331 16333
    15203 16334 16335
    15204 16334 16336
    15205 16337 16338
    15206 16337 16339
    15207 16340 16341
    15208 16340 16342
    15209 16343 16344
    15210 16343 16345
    15211 16346 16347
    15212 16346 16348
    15213 16349 16350
    15214 16349 16351
    15215 16352 16353
    15216 16352 16354
    15217 16355 16356
    15218 16355 16357
    15219 16358 16359
    15220 16358 16360
    15221 16361 16362
    15222 16361 16363
    15223 16364 16365
    15224 16364 16366
    15225 16367 16368
    15226 16367 16369
    15227 16370 16371
    15228 16370 16372
    15229 16373 16374
    15230 16373 16375
    15231 16376 16377
    15232 16376 16378
    15233 16379 16380
    15234 16379 16381
    15235 16382 16383
    15236 16382 16384
    15237 16385 16386
    15238 16385 16387
    15239 16388 16389
    15240 16388 16390
    15241 16391 16392
    15242 16391 16393
    15243 16394 16395
    15244 16394 16396
    15245 16397 16398
    15246 16397 16399
    15247 16400 16401
    15248 16400 16402
    15249 16403 16404
    15250 16403 16405
    15251 16406 16407
    15252 16406 16408
    15253 16409 16410
    15254 16409 16411
    15255 16412 16413
    15256 16412 16414
    15257 16415 16416
    15258 16415 16417
    15259 16418 16419
    15260 16418 16420
    15261 16421 16422
    15262 16421 16423
    15263 16424 16425
    15264 16424 16426
    15265 16427 16428
    15266 16427 16429
    15267 16430 16431
    15268 16430 16432
    15269 16433 16434
    15270 16433 16435
    15271 16436 16437
    15272 16436 16438
    15273 16439 16440
    15274 16439 16441
    15275 16442 16443
    15276 16442 16444
    15277 16445 16446
    15278 16445 16447
    15279 16448 16449
    15280 16448 16450
    15281 16451 16452
    15282 16451 16453
    15283 16454 16455
    15284 16454 16456
    15285 16457 16458
    15286 16457 16459
    15287 16460 16461
    15288 16460 16462
    15289 16463 16464
    15290 16463 16465
    15291 16466 16467
    15292 16466 16468
    15293 16469 16470
    15294 16469 16471
    15295 16472 16473
    15296 16472 16474
    15297 16475 16476
    15298 16475 16477
    15299 16478 16479
    15300 16478 16480
    15301 16481 16482
    15302 16481 16483
    15303 16484 16485
    15304 16484 16486
    15305 16487 16488
    15306 16487 16489
    15307 16490 16491
    15308 16490 16492
    15309 16493 16494
    15310 16493 16495
    15311 16496 16497
    15312 16496 16498
    15313 16499 16500
    15314 16499 16501
    15315 16502 16503
    15316 16502 16504
    15317 16505 16506
    15318 16505 16507
    15319 16508 16509
    15320 16508 16510
    15321 16511 16512
    15322 16511 16513
    15323 16514 16515
    15324 16514 16516
    15325 16517 16518
    15326 16517 16519
    15327 16520 16521
    15328 16520 16522
    15329 16523 16524
    15330 16523 16525
    15331 16526 16527
    15332 16526 16528
    15333 16529 16530
    15334 16529 16531
    15335 16532 16533
    15336 16532 16534
    15337 16535 16536
    15338 16535 16537
    15339 16538 16539
    15340 16538 16540
    15341 16541 16542
    15342 16541 16543
    15343 16544 16545
    15344 16544 16546
    15345 16547 16548
    15346 16547 16549
    15347 16550 16551
    15348 16550 16552
    15349 16553 16554
    15350 16553 16555
    15351 16556 16557
    15352 16556 16558
    15353 16559 16560
    15354 16559 16561
    15355 16562 16563
    15356 16562 16564
    15357 16565 16566
    15358 16565 16567
    15359 16568 16569
    15360 16568 16570
    15361 16571 16572
    15362 16571 16573
    15363 16574 16575
    15364 16574 16576
    15365 16577 16578
    15366 16577 16579
    15367 16580 16581
    15368 16580 16582
    15369 16583 16584
    15370 16583 16585
    15371 16586 16587
    15372 16586 16588
    15373 16589 16590
    15374 16589 16591
    15375 16592 16593
    15376 16592 16594
    15377 16595 16596
    15378 16595 16597
    15379 16598 16599
    15380 16598 16600
    15381 16601 16602
    15382 16601 16603
    15383 16604 16605
    15384 16604 16606
    15385 16607 16608
    15386 16607 16609
    15387 16610 16611
    15388 16610 16612
    15389 16613 16614
    15390 16613 16615
    15391 16616 16617
    15392 16616 16618
    15393 16619 16620
    15394 16619 16621
    15395 16622 16623
    15396 16622 16624
    15397 16625 16626
    15398 16625 16627
    15399 16628 16629
    15400 16628 16630
    15401 16631 16632
    15402 16631 16633
    15403 16634 16635
    15404 16634 16636
    15405 16637 16638
    15406 16637 16639
    15407 16640 16641
    15408 16640 16642
    15409 16643 16644
    15410 16643 16645
    15411 16646 16647
    15412 16646 16648
    15413 16649 16650
    15414 16649 16651
    15415 16652 16653
    15416 16652 16654
    15417 16655 16656
    15418 16655 16657
    15419 16658 16659
    15420 16658 16660
    15421 16661 16662
    15422 16661 16663
    15423 16664 16665
    15424 16664 16666
    15425 16667 16668
    15426 16667 16669
    15427 16670 16671
    15428 16670 16672
    15429 16673 16674
    15430 16673 16675
    15431 16676 16677
    15432 16676 16678
    15433 16679 16680
    15434 16679 16681
    15435 16682 16683
    15436 16682 16684
    15437 16685 16686
    15438 16685 16687
    15439 16688 16689
    15440 16688 16690
    15441 16691 16692
    15442 16691 16693
    15443 16694 16695
    15444 16694 16696
    15445 16697 16698
    15446 16697 16699
    15447 16700 16701
    15448 16700 16702
    15449 16703 16704
    15450 16703 16705
    15451 16706 16707
    15452 16706 16708
    15453 16709 16710
    15454 16709 16711
    15455 16712 16713
    15456 16712 16714
    15457 16715 16716
    15458 16715 16717
    15459 16718 16719
    15460 16718 16720
    15461 16721 16722
    15462 16721 16723
    15463 16724 16725
    15464 16724 16726
    15465 16727 16728
    15466 16727 16729
    15467 16730 16731
    15468 16730 16732
    15469 16733 16734
    15470 16733 16735
    15471 16736 16737
    15472 16736 16738
    15473 16739 16740
    15474 16739 16741
    15475 16742 16743
    15476 16742 16744
    15477 16745 16746
    15478 16745 16747
    15479 16748 16749
    15480 16748 16750
    15481 16751 16752
    15482 16751 16753
    15483 16754 16755
    15484 16754 16756
    15485 16757 16758
    15486 16757 16759
    15487 16760 16761
    15488 16760 16762
    15489 16763 16764
    15490 16763 16765
    15491 16766 16767
    15492 16766 16768
    15493 16769 16770
    15494 16769 16771
    15495 16772 16773
    15496 16772 16774
    15497 16775 16776
    15498 16775 16777
    15499 16778 16779
    15500 16778 16780
    15501 16781 16782
    15502 16781 16783
    15503 16784 16785
    15504 16784 16786
    15505 16787 16788
    15506 16787 16789
    15507 16790 16791
    15508 16790 16792
    15509 16793 16794
    15510 16793 16795
    15511 16796 16797
    15512 16796 16798
    15513 16799 16800
    15514 16799 16801
    15515 16802 16803
    15516 16802 16804
    15517 16805 16806
    15518 16805 16807
    15519 16808 16809
    15520 16808 16810
    15521 16811 16812
    15522 16811 16813
    15523 16814 16815
    15524 16814 16816
    15525 16817 16818
    15526 16817 16819
    15527 16820 16821
    15528 16820 16822
    15529 16823 16824
    15530 16823 16825
    15531 16826 16827
    15532 16826 16828
    15533 16829 16830
    15534 16829 16831
    15535 16832 16833
    15536 16832 16834
    15537 16835 16836
    15538 16835 16837
    15539 16838 16839
    15540 16838 16840
    15541 16841 16842
    15542 16841 16843
    15543 16844 16845
    15544 16844 16846
    15545 16847 16848
    15546 16847 16849
    15547 16850 16851
    15548 16850 16852
    15549 16853 16854
    15550 16853 16855
    15551 16856 16857
    15552 16856 16858
    15553 16859 16860
    15554 16859 16861
    15555 16862 16863
    15556 16862 16864
    15557 16865 16866
    15558 16865 16867
    15559 16868 16869
    15560 16868 16870
    15561 16871 16872
    15562 16871 16873
    15563 16874 16875
    15564 16874 16876
    15565 16877 16878
    15566 16877 16879
    15567 16880 16881
    15568 16880 16882
    15569 16883 16884
    15570 16883 16885
    15571 16886 16887
    15572 16886 16888
    15573 16889 16890
    15574 16889 16891
    15575 16892 16893
    15576 16892 16894
    15577 16895 16896
    15578 16895 16897
    15579 16898 16899
    15580 16898 16900
    15581 16901 16902
    15582 16901 16903
    15583 16904 16905
    15584 16904 16906
    15585 16907 16908
    15586 16907 16909
    15587 16910 16911
    15588 16910 16912
    15589 16913 16914
    15590 16913 16915
    15591 16916 16917
    15592 16916 16918
    15593 16919 16920
    15594 16919 16921
    15595 16922 16923
    15596 16922 16924
    15597 16925 16926
    15598 16925 16927
    15599 16928 16929
    15600 16928 16930
    15601 16931 16932
    15602 16931 16933
    15603 16934 16935
    15604 16934 16936
    15605 16937 16938
    15606 16937 16939
    15607 16940 16941
    15608 16940 16942
    15609 16943 16944
    15610 16943 16945
    15611 16946 16947
    15612 16946 16948
    15613 16949 16950
    15614 16949 16951
    15615 16952 16953
    15616 16952 16954
    15617 16955 16956
    15618 16955 16957
    15619 16958 16959
    15620 16958 16960
    15621 16961 16962
    15622 16961 16963
    15623 16964 16965
    15624 16964 16966
    15625 16967 16968
    15626 16967 16969
    15627 16970 16971
    15628 16970 16972
    15629 16973 16974
    15630 16973 16975
    15631 16976 16977
    15632 16976 16978
    15633 16979 16980
    15634 16979 16981
    15635 16982 16983
    15636 16982 16984
    15637 16985 16986
    15638 16985 16987
    15639 16988 16989
    15640 16988 16990
    15641 16991 16992
    15642 16991 16993
    15643 16994 16995
    15644 16994 16996
    15645 16997 16998
    15646 16997 16999
    15647 17000 17001
    15648 17000 17002
    15649 17003 17004
    15650 17003 17005
    15651 17006 17007
    15652 17006 17008
    15653 17009 17010
    15654 17009 17011
    15655 17012 17013
    15656 17012 17014
    15657 17015 17016
    15658 17015 17017
    15659 17018 17019
    15660 17018 17020
    15661 17021 17022
    15662 17021 17023
    15663 17024 17025
    15664 17024 17026
    15665 17027 17028
    15666 17027 17029
    15667 17030 17031
    15668 17030 17032
    15669 17033 17034
    15670 17033 17035
    15671 17036 17037
    15672 17036 17038
    15673 17039 17040
    15674 17039 17041
    15675 17042 17043
    15676 17042 17044
    15677 17045 17046
    15678 17045 17047
    15679 17048 17049
    15680 17048 17050
    15681 17051 17052
    15682 17051 17053
    15683 17054 17055
    15684 17054 17056
    15685 17057 17058
    15686 17057 17059
    15687 17060 17061
    15688 17060 17062
    15689 17063 17064
    15690 17063 17065
    15691 17066 17067
    15692 17066 17068
    15693 17069 17070
    15694 17069 17071
    15695 17072 17073
    15696 17072 17074
    15697 17075 17076
    15698 17075 17077
    15699 17078 17079
    15700 17078 17080
    15701 17081 17082
    15702 17081 17083
    15703 17084 17085
    15704 17084 17086
    15705 17087 17088
    15706 17087 17089
    15707 17090 17091
    15708 17090 17092
    15709 17093 17094
    15710 17093 17095
    15711 17096 17097
    15712 17096 17098
    15713 17099 17100
    15714 17099 17101
    15715 17102 17103
    15716 17102 17104
    15717 17105 17106
    15718 17105 17107
    15719 17108 17109
    15720 17108 17110
    15721 17111 17112
    15722 17111 17113
    15723 17114 17115
    15724 17114 17116
    15725 17117 17118
    15726 17117 17119
    15727 17120 17121
    15728 17120 17122
    15729 17123 17124
    15730 17123 17125
    15731 17126 17127
    15732 17126 17128
    15733 17129 17130
    15734 17129 17131
    15735 17132 17133
    15736 17132 17134
    15737 17135 17136
    15738 17135 17137
    15739 17138 17139
    15740 17138 17140
    15741 17141 17142
    15742 17141 17143
    15743 17144 17145
    15744 17144 17146
    15745 17147 17148
    15746 17147 17149
    15747 17150 17151
    15748 17150 17152
    15749 17153 17154
    15750 17153 17155
    15751 17156 17157
    15752 17156 17158
    15753 17159 17160
    15754 17159 17161
    15755 17162 17163
    15756 17162 17164
    15757 17165 17166
    15758 17165 17167
    15759 17168 17169
    15760 17168 17170
    15761 17171 17172
    15762 17171 17173
    15763 17174 17175
    15764 17174 17176
    15765 17177 17178
    15766 17177 17179
    15767 17180 17181
    15768 17180 17182
    15769 17183 17184
    15770 17183 17185
    15771 17186 17187
    15772 17186 17188
    15773 17189 17190
    15774 17189 17191
    15775 17192 17193
    15776 17192 17194
    15777 17195 17196
    15778 17195 17197
    15779 17198 17199
    15780 17198 17200
    15781 17201 17202
    15782 17201 17203
    15783 17204 17205
    15784 17204 17206
    15785 17207 17208
    15786 17207 17209
    15787 17210 17211
    15788 17210 17212
    15789 17213 17214
    15790 17213 17215
    15791 17216 17217
    15792 17216 17218
    15793 17219 17220
    15794 17219 17221
    15795 17222 17223
    15796 17222 17224
    15797 17225 17226
    15798 17225 17227
    15799 17228 17229
    15800 17228 17230
    15801 17231 17232
    15802 17231 17233
    15803 17234 17235
    15804 17234 17236
    15805 17237 17238
    15806 17237 17239
    15807 17240 17241
    15808 17240 17242
    15809 17243 17244
    15810 17243 17245
    15811 17246 17247
    15812 17246 17248
    15813 17249 17250
    15814 17249 17251
    15815 17252 17253
    15816 17252 17254
    15817 17255 17256
    15818 17255 17257
    15819 17258 17259
    15820 17258 17260
    15821 17261 17262
    15822 17261 17263
    15823 17264 17265
    15824 17264 17266
    15825 17267 17268
    15826 17267 17269
    15827 17270 17271
    15828 17270 17272
    15829 17273 17274
    15830 17273 17275
    15831 17276 17277
    15832 17276 17278
    15833 17279 17280
    15834 17279 17281
    15835 17282 17283
    15836 17282 17284
    15837 17285 17286
    15838 17285 17287
    15839 17288 17289
    15840 17288 17290
    15841 17291 17292
    15842 17291 17293
    15843 17294 17295
    15844 17294 17296
    15845 17297 17298
    15846 17297 17299
    15847 17300 17301
    15848 17300 17302
    15849 17303 17304
    15850 17303 17305
    15851 17306 17307
    15852 17306 17308
    15853 17309 17310
    15854 17309 17311
    15855 17312 17313
    15856 17312 17314
    15857 17315 17316
    15858 17315 17317
    15859 17318 17319
    15860 17318 17320
    15861 17321 17322
    15862 17321 17323
    15863 17324 17325
    15864 17324 17326
    15865 17327 17328
    15866 17327 17329
    15867 17330 17331
    15868 17330 17332
    15869 17333 17334
    15870 17333 17335
    15871 17336 17337
    15872 17336 17338
    15873 17339 17340
    15874 17339 17341
    15875 17342 17343
    15876 17342 17344
    15877 17345 17346
    15878 17345 17347
    15879 17348 17349
    15880 17348 17350
    15881 17351 17352
    15882 17351 17353
    15883 17354 17355
    15884 17354 17356
    15885 17357 17358
    15886 17357 17359
    15887 17360 17361
    15888 17360 17362
    15889 17363 17364
    15890 17363 17365
    15891 17366 17367
    15892 17366 17368
    15893 17369 17370
    15894 17369 17371
    15895 17372 17373
    15896 17372 17374
    15897 17375 17376
    15898 17375 17377
    15899 17378 17379
    15900 17378 17380
    15901 17381 17382
    15902 17381 17383
    15903 17384 17385
    15904 17384 17386
    15905 17387 17388
    15906 17387 17389
    15907 17390 17391
    15908 17390 17392
    15909 17393 17394
    15910 17393 17395
    15911 17396 17397
    15912 17396 17398
    15913 17399 17400
    15914 17399 17401
    15915 17402 17403
    15916 17402 17404
    15917 17405 17406
    15918 17405 17407
    15919 17408 17409
    15920 17408 17410
    15921 17411 17412
    15922 17411 17413
    15923 17414 17415
    15924 17414 17416
    15925 17417 17418
    15926 17417 17419
    15927 17420 17421
    15928 17420 17422
    15929 17423 17424
    15930 17423 17425
    15931 17426 17427
    15932 17426 17428
    15933 17429 17430
    15934 17429 17431
    15935 17432 17433
    15936 17432 17434
    15937 17435 17436
    15938 17435 17437
    15939 17438 17439
    15940 17438 17440
    15941 17441 17442
    15942 17441 17443
    15943 17444 17445
    15944 17444 17446
    15945 17447 17448
    15946 17447 17449
    15947 17450 17451
    15948 17450 17452
    15949 17453 17454
    15950 17453 17455
    15951 17456 17457
    15952 17456 17458
    15953 17459 17460
    15954 17459 17461
    15955 17462 17463
    15956 17462 17464
    15957 17465 17466
    15958 17465 17467
    15959 17468 17469
    15960 17468 17470
    15961 17471 17472
    15962 17471 17473
    15963 17474 17475
    15964 17474 17476
    15965 17477 17478
    15966 17477 17479
    15967 17480 17481
    15968 17480 17482
    15969 17483 17484
    15970 17483 17485
    15971 17486 17487
    15972 17486 17488
    15973 17489 17490
    15974 17489 17491
    15975 17492 17493
    15976 17492 17494
    15977 17495 17496
    15978 17495 17497
    15979 17498 17499
    15980 17498 17500
    15981 17501 17502
    15982 17501 17503
    15983 17504 17505
    15984 17504 17506
    15985 17507 17508
    15986 17507 17509
    15987 17510 17511
    15988 17510 17512
    15989 17513 17514
    15990 17513 17515
    15991 17516 17517
    15992 17516 17518
    15993 17519 17520
    15994 17519 17521
    15995 17522 17523
    15996 17522 17524
    15997 17525 17526
    15998 17525 17527
    15999 17528 17529
    16000 17528 17530
    16001 17531 17532
    16002 17531 17533
    16003 17534 17535
    16004 17534 17536
    16005 17537 17538
    16006 17537 17539
    16007 17540 17541
    16008 17540 17542
    16009 17543 17544
    16010 17543 17545
    16011 17546 17547
    16012 17546 17548
    16013 17549 17550
    16014 17549 17551
    16015 17552 17553
    16016 17552 17554
    16017 17555 17556
    16018 17555 17557
    16019 17558 17559
    16020 17558 17560
    16021 17561 17562
    16022 17561 17563
    16023 17564 17565
    16024 17564 17566
    16025 17567 17568
    16026 17567 17569
    16027 17570 17571
    16028 17570 17572
    16029 17573 17574
    16030 17573 17575
    16031 17576 17577
    16032 17576 17578
    16033 17579 17580
    16034 17579 17581
    16035 17582 17583
    16036 17582 17584
    16037 17585 17586
    16038 17585 17587
    16039 17588 17589
    16040 17588 17590
    16041 17591 17592
    16042 17591 17593
    16043 17594 17595
    16044 17594 17596
    16045 17597 17598
    16046 17597 17599
    16047 17600 17601
    16048 17600 17602
    16049 17603 17604
    16050 17603 17605
    16051 17606 17607
    16052 17606 17608
    16053 17609 17610
    16054 17609 17611
    16055 17612 17613
    16056 17612 17614
    16057 17615 17616
    16058 17615 17617
    16059 17618 17619
    16060 17618 17620
    16061 17621 17622
    16062 17621 17623
    16063 17624 17625
    16064 17624 17626
    16065 17627 17628
    16066 17627 17629
    16067 17630 17631
    16068 17630 17632
    16069 17633 17634
    16070 17633 17635
    16071 17636 17637
    16072 17636 17638
    16073 17639 17640
    16074 17639 17641
    16075 17642 17643
    16076 17642 17644
    16077 17645 17646
    16078 17645 17647
    16079 17648 17649
    16080 17648 17650
    16081 17651 17652
    16082 17651 17653
    16083 17654 17655
    16084 17654 17656
    16085 17657 17658
    16086 17657 17659
    16087 17660 17661
    16088 17660 17662
    16089 17663 17664
    16090 17663 17665
    16091 17666 17667
    16092 17666 17668
    16093 17669 17670
    16094 17669 17671
    16095 17672 17673
    16096 17672 17674
    16097 17675 17676
    16098 17675 17677
    16099 17678 17679
    16100 17678 17680
    16101 17681 17682
    16102 17681 17683
    16103 17684 17685
    16104 17684 17686
    16105 17687 17688
    16106 17687 17689
    16107 17690 17691
    16108 17690 17692
    16109 17693 17694
    16110 17693 17695
    16111 17696 17697
    16112 17696 17698
    16113 17699 17700
    16114 17699 17701
    16115 17702 17703
    16116 17702 17704
    16117 17705 17706
    16118 17705 17707
    16119 17708 17709
    16120 17708 17710
    16121 17711 17712
    16122 17711 17713
    16123 17714 17715
    16124 17714 17716
    16125 17717 17718
    16126 17717 17719
    16127 17720 17721
    16128 17720 17722
    16129 17723 17724
    16130 17723 17725
    16131 17726 17727
    16132 17726 17728
    16133 17729 17730
    16134 17729 17731
    16135 17732 17733
    16136 17732 17734
    16137 17735 17736
    16138 17735 17737
    16139 17738 17739
    16140 17738 17740
    16141 17741 17742
    16142 17741 17743
    16143 17744 17745
    16144 17744 17746
    16145 17747 17748
    16146 17747 17749
    16147 17750 17751
    16148 17750 17752
    16149 17753 17754
    16150 17753 17755
    16151 17756 17757
    16152 17756 17758
    16153 17759 17760
    16154 17759 17761
    16155 17762 17763
    16156 17762 17764
    16157 17765 17766
    16158 17765 17767
    16159 17768 17769
    16160 17768 17770
    16161 17771 17772
    16162 17771 17773
    16163 17774 17775
    16164 17774 17776
    16165 17777 17778
    16166 17777 17779
    16167 17780 17781
    16168 17780 17782
    16169 17783 17784
    16170 17783 17785
    16171 17786 17787
    16172 17786 17788
    16173 17789 17790
    16174 17789 17791
    16175 17792 17793
    16176 17792 17794
    16177 17795 17796
    16178 17795 17797
    16179 17798 17799
    16180 17798 17800
    16181 17801 17802
    16182 17801 17803
    16183 17804 17805
    16184 17804 17806
    16185 17807 17808
    16186 17807 17809
    16187 17810 17811
    16188 17810 17812
    16189 17813 17814
    16190 17813 17815
    16191 17816 17817
    16192 17816 17818
    16193 17819 17820
    16194 17819 17821
    16195 17822 17823
    16196 17822 17824
    16197 17825 17826
    16198 17825 17827
    16199 17828 17829
    16200 17828 17830
    16201 17831 17832
    16202 17831 17833
    16203 17834 17835
    16204 17834 17836
    16205 17837 17838
    16206 17837 17839
    16207 17840 17841
    16208 17840 17842
    16209 17843 17844
    16210 17843 17845
    16211 17846 17847
    16212 17846 17848
    16213 17849 17850
    16214 17849 17851
    16215 17852 17853
    16216 17852 17854
    16217 17855 17856
    16218 17855 17857
    16219 17858 17859
    16220 17858 17860
    16221 17861 17862
    16222 17861 17863
    16223 17864 17865
    16224 17864 17866
    16225 17867 17868
    16226 17867 17869
    16227 17870 17871
    16228 17870 17872
    16229 17873 17874
    16230 17873 17875
    16231 17876 17877
    16232 17876 17878
    16233 17879 17880
    16234 17879 17881
    16235 17882 17883
    16236 17882 17884
    16237 17885 17886
    16238 17885 17887
    16239 17888 17889
    16240 17888 17890
    16241 17891 17892
    16242 17891 17893
    16243 17894 17895
    16244 17894 17896
    16245 17897 17898
    16246 17897 17899
    16247 17900 17901
    16248 17900 17902
    16249 17903 17904
    16250 17903 17905
    16251 17906 17907
    16252 17906 17908
    16253 17909 17910
    16254 17909 17911
    16255 17912 17913
    16256 17912 17914
    16257 17915 17916
    16258 17915 17917
    16259 17918 17919
    16260 17918 17920
    16261 17921 17922
    16262 17921 17923
    16263 17924 17925
    16264 17924 17926
    16265 17927 17928
    16266 17927 17929
    16267 17930 17931
    16268 17930 17932
    16269 17933 17934
    16270 17933 17935
    16271 17936 17937
    16272 17936 17938
    16273 17939 17940
    16274 17939 17941
    16275 17942 17943
    16276 17942 17944
    16277 17945 17946
    16278 17945 17947
    16279 17948 17949
    16280 17948 17950
    16281 17951 17952
    16282 17951 17953
    16283 17954 17955
    16284 17954 17956
    16285 17957 17958
    16286 17957 17959
    16287 17960 17961
    16288 17960 17962
    16289 17963 17964
    16290 17963 17965
    16291 17966 17967
    16292 17966 17968
    16293 17969 17970
    16294 17969 17971
    16295 17972 17973
    16296 17972 17974
    16297 17975 17976
    16298 17975 17977
    16299 17978 17979
    16300 17978 17980
    16301 17981 17982
    16302 17981 17983
    16303 17984 17985
    16304 17984 17986
    16305 17987 17988
    16306 17987 17989
    16307 17990 17991
    16308 17990 17992
    16309 17993 17994
    16310 17993 17995
    16311 17996 17997
    16312 17996 17998
    16313 17999 18000
    16314 17999 18001
    16315 18002 18003
    16316 18002 18004
    16317 18005 18006
    16318 18005 18007
    16319 18008 18009
    16320 18008 18010
    16321 18011 18012
    16322 18011 18013
    16323 18014 18015
    16324 18014 18016
    16325 18017 18018
    16326 18017 18019
    16327 18020 18021
    16328 18020 18022
    16329 18023 18024
    16330 18023 18025
    16331 18026 18027
    16332 18026 18028
    16333 18029 18030
    16334 18029 18031
    16335 18032 18033
    16336 18032 18034
    16337 18035 18036
    16338 18035 18037
    16339 18038 18039
    16340 18038 18040
    16341 18041 18042
    16342 18041 18043
    16343 18044 18045
    16344 18044 18046
    16345 18047 18048
    16346 18047 18049
    16347 18050 18051
    16348 18050 18052
    16349 18053 18054
    16350 18053 18055
    16351 18056 18057
    16352 18056 18058
    16353 18059 18060
    16354 18059 18061
    16355 18062 18063
    16356 18062 18064
    16357 18065 18066
    16358 18065 18067
    16359 18068 18069
    16360 18068 18070
    16361 18071 18072
    16362 18071 18073
    16363 18074 18075
    16364 18074 18076
    16365 18077 18078
    16366 18077 18079
    16367 18080 18081
    16368 18080 18082
    16369 18083 18084
    16370 18083 18085
    16371 18086 18087
    16372 18086 18088
    16373 18089 18090
    16374 18089 18091
    16375 18092 18093
    16376 18092 18094
    16377 18095 18096
    16378 18095 18097
    16379 18098 18099
    16380 18098 18100
    16381 18101 18102
    16382 18101 18103
    16383 18104 18105
    16384 18104 18106
    16385 18107 18108
    16386 18107 18109
    16387 18110 18111
    16388 18110 18112
    16389 18113 18114
    16390 18113 18115
    16391 18116 18117
    16392 18116 18118
    16393 18119 18120
    16394 18119 18121
    16395 18122 18123
    16396 18122 18124
    16397 18125 18126
    16398 18125 18127
    16399 18128 18129
    16400 18128 18130
    16401 18131 18132
    16402 18131 18133
    16403 18134 18135
    16404 18134 18136
    16405 18137 18138
    16406 18137 18139
    16407 18140 18141
    16408 18140 18142
    16409 18143 18144
    16410 18143 18145
    16411 18146 18147
    16412 18146 18148
    16413 18149 18150
    16414 18149 18151
    16415 18152 18153
    16416 18152 18154
    16417 18155 18156
    16418 18155 18157
    16419 18158 18159
    16420 18158 18160
    16421 18161 18162
    16422 18161 18163
    16423 18164 18165
    16424 18164 18166
    16425 18167 18168
    16426 18167 18169
    16427 18170 18171
    16428 18170 18172
    16429 18173 18174
    16430 18173 18175
    16431 18176 18177
    16432 18176 18178
    16433 18179 18180
    16434 18179 18181
    16435 18182 18183
    16436 18182 18184
    16437 18185 18186
    16438 18185 18187
    16439 18188 18189
    16440 18188 18190
    16441 18191 18192
    16442 18191 18193
    16443 18194 18195
    16444 18194 18196
    16445 18197 18198
    16446 18197 18199
    16447 18200 18201
    16448 18200 18202
    16449 18203 18204
    16450 18203 18205
    16451 18206 18207
    16452 18206 18208
    16453 18209 18210
    16454 18209 18211
    16455 18212 18213
    16456 18212 18214
    16457 18215 18216
    16458 18215 18217
    16459 18218 18219
    16460 18218 18220
    16461 18221 18222
    16462 18221 18223
    16463 18224 18225
    16464 18224 18226
    16465 18227 18228
    16466 18227 18229
    16467 18230 18231
    16468 18230 18232
    16469 18233 18234
    16470 18233 18235
    16471 18236 18237
    16472 18236 18238
    16473 18239 18240
    16474 18239 18241
    16475 18242 18243
    16476 18242 18244
    16477 18245 18246
    16478 18245 18247
    16479 18248 18249
    16480 18248 18250
    16481 18251 18252
    16482 18251 18253
    16483 18254 18255
    16484 18254 18256
    16485 18257 18258
    16486 18257 18259
    16487 18260 18261
    16488 18260 18262
    16489 18263 18264
    16490 18263 18265
    16491 18266 18267
    16492 18266 18268
    16493 18269 18270
    16494 18269 18271
    16495 18272 18273
    16496 18272 18274
    16497 18275 18276
    16498 18275 18277
    16499 18278 18279
    16500 18278 18280
    16501 18281 18282
    16502 18281 18283
    16503 18284 18285
    16504 18284 18286
    16505 18287 18288
    16506 18287 18289
    16507 18290 18291
    16508 18290 18292
    16509 18293 18294
    16510 18293 18295
    16511 18296 18297
    16512 18296 18298
    16513 18299 18300
    16514 18299 18301
    16515 18302 18303
    16516 18302 18304
    16517 18305 18306
    16518 18305 18307
    16519 18308 18309
    16520 18308 18310
    16521 18311 18312
    16522 18311 18313
    16523 18314 18315
    16524 18314 18316
    16525 18317 18318
    16526 18317 18319
    16527 18320 18321
    16528 18320 18322
    16529 18323 18324
    16530 18323 18325
    16531 18326 18327
    16532 18326 18328
    16533 18329 18330
    16534 18329 18331
    16535 18332 18333
    16536 18332 18334
    16537 18335 18336
    16538 18335 18337
    16539 18338 18339
    16540 18338 18340
    16541 18341 18342
    16542 18341 18343
    16543 18344 18345
    16544 18344 18346
    16545 18347 18348
    16546 18347 18349
    16547 18350 18351
    16548 18350 18352
    16549 18353 18354
    16550 18353 18355
    16551 18356 18357
    16552 18356 18358
    16553 18359 18360
    16554 18359 18361
    16555 18362 18363
    16556 18362 18364
    16557 18365 18366
    16558 18365 18367
    16559 18368 18369
    16560 18368 18370
    16561 18371 18372
    16562 18371 18373
    16563 18374 18375
    16564 18374 18376
    16565 18377 18378
    16566 18377 18379
    16567 18380 18381
    16568 18380 18382
    16569 18383 18384
    16570 18383 18385
    16571 18386 18387
    16572 18386 18388
    16573 18389 18390
    16574 18389 18391
    16575 18392 18393
    16576 18392 18394
    16577 18395 18396
    16578 18395 18397
    16579 18398 18399
    16580 18398 18400
    16581 18401 18402
    16582 18401 18403
    16583 18404 18405
    16584 18404 18406
    16585 18407 18408
    16586 18407 18409
    16587 18410 18411
    16588 18410 18412
    16589 18413 18414
    16590 18413 18415
    16591 18416 18417
    16592 18416 18418
    16593 18419 18420
    16594 18419 18421
    16595 18422 18423
    16596 18422 18424
    16597 18425 18426
    16598 18425 18427
    16599 18428 18429
    16600 18428 18430
    16601 18431 18432
    16602 18431 18433
    16603 18434 18435
    16604 18434 18436
    16605 18437 18438
    16606 18437 18439
    16607 18440 18441
    16608 18440 18442
    16609 18443 18444
    16610 18443 18445
    16611 18446 18447
    16612 18446 18448
    16613 18449 18450
    16614 18449 18451
    16615 18452 18453
    16616 18452 18454
    16617 18455 18456
    16618 18455 18457
    16619 18458 18459
    16620 18458 18460
    16621 18461 18462
    16622 18461 18463
    16623 18464 18465
    16624 18464 18466
    16625 18467 18468
    16626 18467 18469
    16627 18470 18471
    16628 18470 18472
    16629 18473 18474
    16630 18473 18475
    16631 18476 18477
    16632 18476 18478
    16633 18479 18480
    16634 18479 18481
    16635 18482 18483
    16636 18482 18484
    16637 18485 18486
    16638 18485 18487
    16639 18488 18489
    16640 18488 18490
    16641 18491 18492
    16642 18491 18493
    16643 18494 18495
    16644 18494 18496
    16645 18497 18498
    16646 18497 18499
    16647 18500 18501
    16648 18500 18502
    16649 18503 18504
    16650 18503 18505
    16651 18506 18507
    16652 18506 18508
    16653 18509 18510
    16654 18509 18511
    16655 18512 18513
    16656 18512 18514
    16657 18515 18516
    16658 18515 18517
    16659 18518 18519
    16660 18518 18520
    16661 18521 18522
    16662 18521 18523
    16663 18524 18525
    16664 18524 18526
    16665 18527 18528
    16666 18527 18529
    16667 18530 18531
    16668 18530 18532
    16669 18533 18534
    16670 18533 18535
    16671 18536 18537
    16672 18536 18538
    16673 18539 18540
    16674 18539 18541
    16675 18542 18543
    16676 18542 18544
    16677 18545 18546
    16678 18545 18547
    16679 18548 18549
    16680 18548 18550
    16681 18551 18552
    16682 18551 18553
    16683 18554 18555
    16684 18554 18556
    16685 18557 18558
    16686 18557 18559
    16687 18560 18561
    16688 18560 18562
    16689 18563 18564
    16690 18563 18565
    16691 18566 18567
    16692 18566 18568
    16693 18569 18570
    16694 18569 18571
    16695 18572 18573
    16696 18572 18574
    16697 18575 18576
    16698 18575 18577
    16699 18578 18579
    16700 18578 18580
    16701 18581 18582
    16702 18581 18583
    16703 18584 18585
    16704 18584 18586
    16705 18587 18588
    16706 18587 18589
    16707 18590 18591
    16708 18590 18592
    16709 18593 18594
    16710 18593 18595
    16711 18596 18597
    16712 18596 18598
    16713 18599 18600
    16714 18599 18601
    16715 18602 18603
    16716 18602 18604
    16717 18605 18606
    16718 18605 18607
    16719 18608 18609
    16720 18608 18610
    16721 18611 18612
    16722 18611 18613
    16723 18614 18615
    16724 18614 18616
    16725 18617 18618
    16726 18617 18619
    16727 18620 18621
    16728 18620 18622
    16729 18623 18624
    16730 18623 18625
    16731 18626 18627
    16732 18626 18628
    16733 18629 18630
    16734 18629 18631
    16735 18632 18633
    16736 18632 18634
    16737 18635 18636
    16738 18635 18637
    16739 18638 18639
    16740 18638 18640
    16741 18641 18642
    16742 18641 18643
    16743 18644 18645
    16744 18644 18646
    16745 18647 18648
    16746 18647 18649
    16747 18650 18651
    16748 18650 18652
    16749 18653 18654
    16750 18653 18655
    16751 18656 18657
    16752 18656 18658
    16753 18659 18660
    16754 18659 18661
    16755 18662 18663
    16756 18662 18664
    16757 18665 18666
    16758 18665 18667
    16759 18668 18669
    16760 18668 18670
    16761 18671 18672
    16762 18671 18673
    16763 18674 18675
    16764 18674 18676
    16765 18677 18678
    16766 18677 18679
    16767 18680 18681
    16768 18680 18682
    16769 18683 18684
    16770 18683 18685
    16771 18686 18687
    16772 18686 18688
    16773 18689 18690
    16774 18689 18691
    16775 18692 18693
    16776 18692 18694
    16777 18695 18696
    16778 18695 18697
    16779 18698 18699
    16780 18698 18700
    16781 18701 18702
    16782 18701 18703
    16783 18704 18705
    16784 18704 18706
    16785 18707 18708
    16786 18707 18709
    16787 18710 18711
    16788 18710 18712
    16789 18713 18714
    16790 18713 18715
    16791 18716 18717
    16792 18716 18718
    16793 18719 18720
    16794 18719 18721
    16795 18722 18723
    16796 18722 18724
    16797 18725 18726
    16798 18725 18727
    16799 18728 18729
    16800 18728 18730
    16801 18731 18732
    16802 18731 18733
    16803 18734 18735
    16804 18734 18736
    16805 18737 18738
    16806 18737 18739
    16807 18740 18741
    16808 18740 18742
    16809 18743 18744
    16810 18743 18745
    16811 18746 18747
    16812 18746 18748
    16813 18749 18750
    16814 18749 18751
    16815 18752 18753
    16816 18752 18754
    16817 18755 18756
    16818 18755 18757
    16819 18758 18759
    16820 18758 18760
    16821 18761 18762
    16822 18761 18763
    16823 18764 18765
    16824 18764 18766
    16825 18767 18768
    16826 18767 18769
    16827 18770 18771
    16828 18770 18772
    16829 18773 18774
    16830 18773 18775
    16831 18776 18777
    16832 18776 18778
    16833 18779 18780
    16834 18779 18781
    16835 18782 18783
    16836 18782 18784
    16837 18785 18786
    16838 18785 18787
    16839 18788 18789
    16840 18788 18790
    16841 18791 18792
    16842 18791 18793
    16843 18794 18795
    16844 18794 18796
    16845 18797 18798
    16846 18797 18799
    16847 18800 18801
    16848 18800 18802
    16849 18803 18804
    16850 18803 18805
    16851 18806 18807
    16852 18806 18808
    16853 18809 18810
    16854 18809 18811
    16855 18812 18813
    16856 18812 18814
    16857 18815 18816
    16858 18815 18817
    16859 18818 18819
    16860 18818 18820
    16861 18821 18822
    16862 18821 18823
    16863 18824 18825
    16864 18824 18826
    16865 18827 18828
    16866 18827 18829
    16867 18830 18831
    16868 18830 18832
    16869 18833 18834
    16870 18833 18835
    16871 18836 18837
    16872 18836 18838
    16873 18839 18840
    16874 18839 18841
    16875 18842 18843
    16876 18842 18844
    16877 18845 18846
    16878 18845 18847
    16879 18848 18849
    16880 18848 18850
    16881 18851 18852
    16882 18851 18853
    16883 18854 18855
    16884 18854 18856
    16885 18857 18858
    16886 18857 18859
    16887 18860 18861
    16888 18860 18862
    16889 18863 18864
    16890 18863 18865
    16891 18866 18867
    16892 18866 18868
    16893 18869 18870
    16894 18869 18871
    16895 18872 18873
    16896 18872 18874
    16897 18875 18876
    16898 18875 18877
    16899 18878 18879
    16900 18878 18880
    16901 18881 18882
    16902 18881 18883
    16903 18884 18885
    16904 18884 18886
    16905 18887 18888
    16906 18887 18889
    16907 18890 18891
    16908 18890 18892
    16909 18893 18894
    16910 18893 18895
    16911 18896 18897
    16912 18896 18898
    16913 18899 18900
    16914 18899 18901
    16915 18902 18903
    16916 18902 18904
    16917 18905 18906
    16918 18905 18907
    16919 18908 18909
    16920 18908 18910
    16921 18911 18912
    16922 18911 18913
    16923 18914 18915
    16924 18914 18916
    16925 18917 18918
    16926 18917 18919
    16927 18920 18921
    16928 18920 18922
    16929 18923 18924
    16930 18923 18925
    16931 18926 18927
    16932 18926 18928
    16933 18929 18930
    16934 18929 18931
    16935 18932 18933
    16936 18932 18934
    16937 18935 18936
    16938 18935 18937
    16939 18938 18939
    16940 18938 18940
    16941 18941 18942
    16942 18941 18943
    16943 18944 18945
    16944 18944 18946
    16945 18947 18948
    16946 18947 18949
    16947 18950 18951
    16948 18950 18952
    16949 18953 18954
    16950 18953 18955
    16951 18956 18957
    16952 18956 18958
    16953 18959 18960
    16954 18959 18961
    16955 18962 18963
    16956 18962 18964
    16957 18965 18966
    16958 18965 18967
    16959 18968 18969
    16960 18968 18970
    16961 18971 18972
    16962 18971 18973
    16963 18974 18975
    16964 18974 18976
    16965 18977 18978
    16966 18977 18979
    16967 18980 18981
    16968 18980 18982
    16969 18983 18984
    16970 18983 18985
    16971 18986 18987
    16972 18986 18988
    16973 18989 18990
    16974 18989 18991
    16975 18992 18993
    16976 18992 18994
    16977 18995 18996
    16978 18995 18997
    16979 18998 18999
    16980 18998 19000
    16981 19001 19002
    16982 19001 19003
    16983 19004 19005
    16984 19004 19006
    16985 19007 19008
    16986 19007 19009
    16987 19010 19011
    16988 19010 19012
    16989 19013 19014
    16990 19013 19015
    16991 19016 19017
    16992 19016 19018
    16993 19019 19020
    16994 19019 19021
    16995 19022 19023
    16996 19022 19024
    16997 19025 19026
    16998 19025 19027
    16999 19028 19029
    17000 19028 19030
    17001 19031 19032
    17002 19031 19033
    17003 19034 19035
    17004 19034 19036
    17005 19037 19038
    17006 19037 19039
    17007 19040 19041
    17008 19040 19042
    17009 19043 19044
    17010 19043 19045
    17011 19046 19047
    17012 19046 19048
    17013 19049 19050
    17014 19049 19051
    17015 19052 19053
    17016 19052 19054
    17017 19055 19056
    17018 19055 19057
    17019 19058 19059
    17020 19058 19060
    17021 19061 19062
    17022 19061 19063
    17023 19064 19065
    17024 19064 19066
    17025 19067 19068
    17026 19067 19069
    17027 19070 19071
    17028 19070 19072
    17029 19073 19074
    17030 19073 19075
    17031 19076 19077
    17032 19076 19078
    17033 19079 19080
    17034 19079 19081
    17035 19082 19083
    17036 19082 19084
    17037 19085 19086
    17038 19085 19087
    17039 19088 19089
    17040 19088 19090
    17041 19091 19092
    17042 19091 19093
    17043 19094 19095
    17044 19094 19096
    17045 19097 19098
    17046 19097 19099
    17047 19100 19101
    17048 19100 19102
    17049 19103 19104
    17050 19103 19105
    17051 19106 19107
    17052 19106 19108
    17053 19109 19110
    17054 19109 19111
    17055 19112 19113
    17056 19112 19114
    17057 19115 19116
    17058 19115 19117
    17059 19118 19119
    17060 19118 19120
    17061 19121 19122
    17062 19121 19123
    17063 19124 19125
    17064 19124 19126
    17065 19127 19128
    17066 19127 19129
    17067 19130 19131
    17068 19130 19132
    17069 19133 19134
    17070 19133 19135
    17071 19136 19137
    17072 19136 19138
    17073 19139 19140
    17074 19139 19141
    17075 19142 19143
    17076 19142 19144
    17077 19145 19146
    17078 19145 19147
    17079 19148 19149
    17080 19148 19150
    17081 19151 19152
    17082 19151 19153
    17083 19154 19155
    17084 19154 19156
    17085 19157 19158
    17086 19157 19159
    17087 19160 19161
    17088 19160 19162
    17089 19163 19164
    17090 19163 19165
    17091 19166 19167
    17092 19166 19168
    17093 19169 19170
    17094 19169 19171
    17095 19172 19173
    17096 19172 19174
    17097 19175 19176
    17098 19175 19177
    17099 19178 19179
    17100 19178 19180
    17101 19181 19182
    17102 19181 19183
    17103 19184 19185
    17104 19184 19186
    17105 19187 19188
    17106 19187 19189
    17107 19190 19191
    17108 19190 19192
    17109 19193 19194
    17110 19193 19195
    17111 19196 19197
    17112 19196 19198
    17113 19199 19200
    17114 19199 19201
    17115 19202 19203
    17116 19202 19204
    17117 19205 19206
    17118 19205 19207
    17119 19208 19209
    17120 19208 19210
    17121 19211 19212
    17122 19211 19213
    17123 19214 19215
    17124 19214 19216
    17125 19217 19218
    17126 19217 19219
    17127 19220 19221
    17128 19220 19222
    17129 19223 19224
    17130 19223 19225
    17131 19226 19227
    17132 19226 19228
    17133 19229 19230
    17134 19229 19231
    17135 19232 19233
    17136 19232 19234
    17137 19235 19236
    17138 19235 19237
    17139 19238 19239
    17140 19238 19240
    17141 19241 19242
    17142 19241 19243
    17143 19244 19245
    17144 19244 19246
    17145 19247 19248
    17146 19247 19249
    17147 19250 19251
    17148 19250 19252
    17149 19253 19254
    17150 19253 19255
    17151 19256 19257
    17152 19256 19258
    17153 19259 19260
    17154 19259 19261
    17155 19262 19263
    17156 19262 19264
    17157 19265 19266
    17158 19265 19267
    17159 19268 19269
    17160 19268 19270
    17161 19271 19272
    17162 19271 19273
    17163 19274 19275
    17164 19274 19276
    17165 19277 19278
    17166 19277 19279
    17167 19280 19281
    17168 19280 19282
    17169 19283 19284
    17170 19283 19285
    17171 19286 19287
    17172 19286 19288
    17173 19289 19290
    17174 19289 19291
    17175 19292 19293
    17176 19292 19294
    17177 19295 19296
    17178 19295 19297
    17179 19298 19299
    17180 19298 19300
    17181 19301 19302
    17182 19301 19303
    17183 19304 19305
    17184 19304 19306
    17185 19307 19308
    17186 19307 19309
    17187 19310 19311
    17188 19310 19312
    17189 19313 19314
    17190 19313 19315
    17191 19316 19317
    17192 19316 19318
    17193 19319 19320
    17194 19319 19321
    17195 19322 19323
    17196 19322 19324
    17197 19325 19326
    17198 19325 19327
    17199 19328 19329
    17200 19328 19330
    17201 19331 19332
    17202 19331 19333
    17203 19334 19335
    17204 19334 19336
    17205 19337 19338
    17206 19337 19339
    17207 19340 19341
    17208 19340 19342
    17209 19343 19344
    17210 19343 19345
    17211 19346 19347
    17212 19346 19348
    17213 19349 19350
    17214 19349 19351
    17215 19352 19353
    17216 19352 19354
    17217 19355 19356
    17218 19355 19357
    17219 19358 19359
    17220 19358 19360
    17221 19361 19362
    17222 19361 19363
    17223 19364 19365
    17224 19364 19366
    17225 19367 19368
    17226 19367 19369
    17227 19370 19371
    17228 19370 19372
    17229 19373 19374
    17230 19373 19375
    17231 19376 19377
    17232 19376 19378
    17233 19379 19380
    17234 19379 19381
    17235 19382 19383
    17236 19382 19384
    17237 19385 19386
    17238 19385 19387
    17239 19388 19389
    17240 19388 19390
    17241 19391 19392
    17242 19391 19393
    17243 19394 19395
    17244 19394 19396
    17245 19397 19398
    17246 19397 19399
    17247 19400 19401
    17248 19400 19402
    17249 19403 19404
    17250 19403 19405
    17251 19406 19407
    17252 19406 19408
    17253 19409 19410
    17254 19409 19411
    17255 19412 19413
    17256 19412 19414
    17257 19415 19416
    17258 19415 19417
    17259 19418 19419
    17260 19418 19420
    17261 19421 19422
    17262 19421 19423
    17263 19424 19425
    17264 19424 19426
    17265 19427 19428
    17266 19427 19429
    17267 19430 19431
    17268 19430 19432
    17269 19433 19434
    17270 19433 19435
    17271 19436 19437
    17272 19436 19438
    17273 19439 19440
    17274 19439 19441
    17275 19442 19443
    17276 19442 19444
    17277 19445 19446
    17278 19445 19447
    17279 19448 19449
    17280 19448 19450
    17281 19451 19452
    17282 19451 19453
    17283 19454 19455
    17284 19454 19456
    17285 19457 19458
    17286 19457 19459
    17287 19460 19461
    17288 19460 19462
    17289 19463 19464
    17290 19463 19465
    17291 19466 19467
    17292 19466 19468
    17293 19469 19470
    17294 19469 19471
    17295 19472 19473
    17296 19472 19474
    17297 19475 19476
    17298 19475 19477
    17299 19478 19479
    17300 19478 19480
    17301 19481 19482
    17302 19481 19483
    17303 19484 19485
    17304 19484 19486
    17305 19487 19488
    17306 19487 19489
    17307 19490 19491
    17308 19490 19492
    17309 19493 19494
    17310 19493 19495
    17311 19496 19497
    17312 19496 19498
    17313 19499 19500
    17314 19499 19501
    17315 19502 19503
    17316 19502 19504
    17317 19505 19506
    17318 19505 19507
    17319 19508 19509
    17320 19508 19510
    17321 19511 19512
    17322 19511 19513
    17323 19514 19515
    17324 19514 19516
    17325 19517 19518
    17326 19517 19519
    17327 19520 19521
    17328 19520 19522
    17329 19523 19524
    17330 19523 19525
    17331 19526 19527
    17332 19526 19528
    17333 19529 19530
    17334 19529 19531
    17335 19532 19533
    17336 19532 19534
    17337 19535 19536
    17338 19535 19537
    17339 19538 19539
    17340 19538 19540
    17341 19541 19542
    17342 19541 19543
    17343 19544 19545
    17344 19544 19546
    17345 19547 19548
    17346 19547 19549
    17347 19550 19551
    17348 19550 19552
    17349 19553 19554
    17350 19553 19555
    17351 19556 19557
    17352 19556 19558
    17353 19559 19560
    17354 19559 19561
    17355 19562 19563
    17356 19562 19564
    17357 19565 19566
    17358 19565 19567
    17359 19568 19569
    17360 19568 19570
    17361 19571 19572
    17362 19571 19573
    17363 19574 19575
    17364 19574 19576
    17365 19577 19578
    17366 19577 19579
    17367 19580 19581
    17368 19580 19582
    17369 19583 19584
    17370 19583 19585
    17371 19586 19587
    17372 19586 19588
    17373 19589 19590
    17374 19589 19591
    17375 19592 19593
    17376 19592 19594
    17377 19595 19596
    17378 19595 19597
    17379 19598 19599
    17380 19598 19600
    17381 19601 19602
    17382 19601 19603
    17383 19604 19605
    17384 19604 19606
    17385 19607 19608
    17386 19607 19609
    17387 19610 19611
    17388 19610 19612
    17389 19613 19614
    17390 19613 19615
    17391 19616 19617
    17392 19616 19618
    17393 19619 19620
    17394 19619 19621
    17395 19622 19623
    17396 19622 19624
    17397 19625 19626
    17398 19625 19627
    17399 19628 19629
    17400 19628 19630
    17401 19631 19632
    17402 19631 19633
    17403 19634 19635
    17404 19634 19636
    17405 19637 19638
    17406 19637 19639
    17407 19640 19641
    17408 19640 19642
    17409 19643 19644
    17410 19643 19645
    17411 19646 19647
    17412 19646 19648
    17413 19649 19650
    17414 19649 19651
    17415 19652 19653
    17416 19652 19654
    17417 19655 19656
    17418 19655 19657
    17419 19658 19659
    17420 19658 19660
    17421 19661 19662
    17422 19661 19663
    17423 19664 19665
    17424 19664 19666
    17425 19667 19668
    17426 19667 19669
    17427 19670 19671
    17428 19670 19672
    17429 19673 19674
    17430 19673 19675
    17431 19676 19677
    17432 19676 19678
    17433 19679 19680
    17434 19679 19681
    17435 19682 19683
    17436 19682 19684
    17437 19685 19686
    17438 19685 19687
    17439 19688 19689
    17440 19688 19690
    17441 19691 19692
    17442 19691 19693
    17443 19694 19695
    17444 19694 19696
    17445 19697 19698
    17446 19697 19699
    17447 19700 19701
    17448 19700 19702
    17449 19703 19704
    17450 19703 19705
    17451 19706 19707
    17452 19706 19708
    17453 19709 19710
    17454 19709 19711
    17455 19712 19713
    17456 19712 19714
    17457 19715 19716
    17458 19715 19717
    17459 19718 19719
    17460 19718 19720
    17461 19721 19722
    17462 19721 19723
    17463 19724 19725
    17464 19724 19726
    17465 19727 19728
    17466 19727 19729
    17467 19730 19731
    17468 19730 19732
    17469 19733 19734
    17470 19733 19735
    17471 19736 19737
    17472 19736 19738
    17473 19739 19740
    17474 19739 19741
    17475 19742 19743
    17476 19742 19744
    17477 19745 19746
    17478 19745 19747
    17479 19748 19749
    17480 19748 19750
    17481 19751 19752
    17482 19751 19753
    17483 19754 19755
    17484 19754 19756
    17485 19757 19758
    17486 19757 19759
    17487 19760 19761
    17488 19760 19762
    17489 19763 19764
    17490 19763 19765
    17491 19766 19767
    17492 19766 19768
    17493 19769 19770
    17494 19769 19771
    17495 19772 19773
    17496 19772 19774
    17497 19775 19776
    17498 19775 19777
    17499 19778 19779
    17500 19778 19780
    17501 19781 19782
    17502 19781 19783
    17503 19784 19785
    17504 19784 19786
    17505 19787 19788
    17506 19787 19789
    17507 19790 19791
    17508 19790 19792
    17509 19793 19794
    17510 19793 19795
    17511 19796 19797
    17512 19796 19798
    17513 19799 19800
    17514 19799 19801
    17515 19802 19803
    17516 19802 19804
    17517 19805 19806
    17518 19805 19807
    17519 19808 19809
    17520 19808 19810
    17521 19811 19812
    17522 19811 19813
    17523 19814 19815
    17524 19814 19816
    17525 19817 19818
    17526 19817 19819
    17527 19820 19821
    17528 19820 19822
    17529 19823 19824
    17530 19823 19825
    17531 19826 19827
    17532 19826 19828
    17533 19829 19830
    17534 19829 19831
    17535 19832 19833
    17536 19832 19834
    17537 19835 19836
    17538 19835 19837
    17539 19838 19839
    17540 19838 19840
    17541 19841 19842
    17542 19841 19843
    17543 19844 19845
    17544 19844 19846
    17545 19847 19848
    17546 19847 19849
    17547 19850 19851
    17548 19850 19852
    17549 19853 19854
    17550 19853 19855
    17551 19856 19857
    17552 19856 19858
    17553 19859 19860
    17554 19859 19861
    17555 19862 19863
    17556 19862 19864
    17557 19865 19866
    17558 19865 19867
    17559 19868 19869
    17560 19868 19870
    17561 19871 19872
    17562 19871 19873
    17563 19874 19875
    17564 19874 19876
    17565 19877 19878
    17566 19877 19879
    17567 19880 19881
    17568 19880 19882
    17569 19883 19884
    17570 19883 19885
    17571 19886 19887
    17572 19886 19888
    17573 19889 19890
    17574 19889 19891
    17575 19892 19893
    17576 19892 19894
    17577 19895 19896
    17578 19895 19897
    17579 19898 19899
    17580 19898 19900
    17581 19901 19902
    17582 19901 19903
    17583 19904 19905
    17584 19904 19906
    17585 19907 19908
    17586 19907 19909
    17587 19910 19911
    17588 19910 19912
    17589 19913 19914
    17590 19913 19915
    17591 19916 19917
    17592 19916 19918
    17593 19919 19920
    17594 19919 19921
    17595 19922 19923
    17596 19922 19924
    17597 19925 19926
    17598 19925 19927
    17599 19928 19929
    17600 19928 19930
    17601 19931 19932
    17602 19931 19933
    17603 19934 19935
    17604 19934 19936
    17605 19937 19938
    17606 19937 19939
    17607 19940 19941
    17608 19940 19942
    17609 19943 19944
    17610 19943 19945
    17611 19946 19947
    17612 19946 19948
    17613 19949 19950
    17614 19949 19951
    17615 19952 19953
    17616 19952 19954
    17617 19955 19956
    17618 19955 19957
    17619 19958 19959
    17620 19958 19960
    17621 19961 19962
    17622 19961 19963
    17623 19964 19965
    17624 19964 19966
    17625 19967 19968
    17626 19967 19969
    17627 19970 19971
    17628 19970 19972
    17629 19973 19974
    17630 19973 19975
    17631 19976 19977
    17632 19976 19978
    17633 19979 19980
    17634 19979 19981
    17635 19982 19983
    17636 19982 19984
    17637 19985 19986
    17638 19985 19987
    17639 19988 19989
    17640 19988 19990
    17641 19991 19992
    17642 19991 19993
    17643 19994 19995
    17644 19994 19996
    17645 19997 19998
    17646 19997 19999
    17647 20000 20001
    17648 20000 20002
    17649 20003 20004
    17650 20003 20005
    17651 20006 20007
    17652 20006 20008
    17653 20009 20010
    17654 20009 20011
    17655 20012 20013
    17656 20012 20014
    17657 20015 20016
    17658 20015 20017
    17659 20018 20019
    17660 20018 20020
    17661 20021 20022
    17662 20021 20023
    17663 20024 20025
    17664 20024 20026
    17665 20027 20028
    17666 20027 20029
    17667 20030 20031
    17668 20030 20032
    17669 20033 20034
    17670 20033 20035
    17671 20036 20037
    17672 20036 20038
    17673 20039 20040
    17674 20039 20041
    17675 20042 20043
    17676 20042 20044
    17677 20045 20046
    17678 20045 20047
    17679 20048 20049
    17680 20048 20050
    17681 20051 20052
    17682 20051 20053
    17683 20054 20055
    17684 20054 20056
    17685 20057 20058
    17686 20057 20059
    17687 20060 20061
    17688 20060 20062
    17689 20063 20064
    17690 20063 20065
    17691 20066 20067
    17692 20066 20068
    17693 20069 20070
    17694 20069 20071
    17695 20072 20073
    17696 20072 20074
    17697 20075 20076
    17698 20075 20077
    17699 20078 20079
    17700 20078 20080
    17701 20081 20082
    17702 20081 20083
    17703 20084 20085
    17704 20084 20086
    17705 20087 20088
    17706 20087 20089
    17707 20090 20091
    17708 20090 20092
    17709 20093 20094
    17710 20093 20095
    17711 20096 20097
    17712 20096 20098
    17713 20099 20100
    17714 20099 20101
    17715 20102 20103
    17716 20102 20104
    17717 20105 20106
    17718 20105 20107
    17719 20108 20109
    17720 20108 20110
    17721 20111 20112
    17722 20111 20113
    17723 20114 20115
    17724 20114 20116
    17725 20117 20118
    17726 20117 20119
    17727 20120 20121
    17728 20120 20122
    17729 20123 20124
    17730 20123 20125
    17731 20126 20127
    17732 20126 20128
    17733 20129 20130
    17734 20129 20131
    17735 20132 20133
    17736 20132 20134
    17737 20135 20136
    17738 20135 20137
    17739 20138 20139
    17740 20138 20140
    17741 20141 20142
    17742 20141 20143
    17743 20144 20145
    17744 20144 20146
    17745 20147 20148
    17746 20147 20149
    17747 20150 20151
    17748 20150 20152
    17749 20153 20154
    17750 20153 20155
    17751 20156 20157
    17752 20156 20158
    17753 20159 20160
    17754 20159 20161
    17755 20162 20163
    17756 20162 20164
    17757 20165 20166
    17758 20165 20167
    17759 20168 20169
    17760 20168 20170
    17761 20171 20172
    17762 20171 20173
    17763 20174 20175
    17764 20174 20176
    17765 20177 20178
    17766 20177 20179
    17767 20180 20181
    17768 20180 20182
    17769 20183 20184
    17770 20183 20185
    17771 20186 20187
    17772 20186 20188
    17773 20189 20190
    17774 20189 20191
    17775 20192 20193
    17776 20192 20194
    17777 20195 20196
    17778 20195 20197
    17779 20198 20199
    17780 20198 20200
    17781 20201 20202
    17782 20201 20203
    17783 20204 20205
    17784 20204 20206
    17785 20207 20208
    17786 20207 20209
    17787 20210 20211
    17788 20210 20212
    17789 20213 20214
    17790 20213 20215
    17791 20216 20217
    17792 20216 20218
    17793 20219 20220
    17794 20219 20221
    17795 20222 20223
    17796 20222 20224
    17797 20225 20226
    17798 20225 20227
    17799 20228 20229
    17800 20228 20230
    17801 20231 20232
    17802 20231 20233
    17803 20234 20235
    17804 20234 20236
    17805 20237 20238
    17806 20237 20239
    17807 20240 20241
    17808 20240 20242
    17809 20243 20244
    17810 20243 20245
    17811 20246 20247
    17812 20246 20248
    17813 20249 20250
    17814 20249 20251
    17815 20252 20253
    17816 20252 20254
    17817 20255 20256
    17818 20255 20257
    17819 20258 20259
    17820 20258 20260
    17821 20261 20262
    17822 20261 20263
    17823 20264 20265
    17824 20264 20266
    17825 20267 20268
    17826 20267 20269
    17827 20270 20271
    17828 20270 20272
    17829 20273 20274
    17830 20273 20275
    17831 20276 20277
    17832 20276 20278
    17833 20279 20280
    17834 20279 20281
    17835 20282 20283
    17836 20282 20284
    17837 20285 20286
    17838 20285 20287
    17839 20288 20289
    17840 20288 20290
    17841 20291 20292
    17842 20291 20293
    17843 20294 20295
    17844 20294 20296
    17845 20297 20298
    17846 20297 20299
    17847 20300 20301
    17848 20300 20302
    17849 20303 20304
    17850 20303 20305
    17851 20306 20307
    17852 20306 20308
    17853 20309 20310
    17854 20309 20311
    17855 20312 20313
    17856 20312 20314
    17857 20315 20316
    17858 20315 20317
    17859 20318 20319
    17860 20318 20320
    17861 20321 20322
    17862 20321 20323
    17863 20324 20325
    17864 20324 20326
    17865 20327 20328
    17866 20327 20329
    17867 20330 20331
    17868 20330 20332
    17869 20333 20334
    17870 20333 20335
    17871 20336 20337
    17872 20336 20338
    17873 20339 20340
    17874 20339 20341
    17875 20342 20343
    17876 20342 20344
    17877 20345 20346
    17878 20345 20347
    17879 20348 20349
    17880 20348 20350
    17881 20351 20352
    17882 20351 20353
    17883 20354 20355
    17884 20354 20356
    17885 20357 20358
    17886 20357 20359
    17887 20360 20361
    17888 20360 20362
    17889 20363 20364
    17890 20363 20365
    17891 20366 20367
    17892 20366 20368
    17893 20369 20370
    17894 20369 20371
    17895 20372 20373
    17896 20372 20374
    17897 20375 20376
    17898 20375 20377
    17899 20378 20379
    17900 20378 20380
    17901 20381 20382
    17902 20381 20383
    17903 20384 20385
    17904 20384 20386
    17905 20387 20388
    17906 20387 20389
    17907 20390 20391
    17908 20390 20392
    17909 20393 20394
    17910 20393 20395
    17911 20396 20397
    17912 20396 20398
    17913 20399 20400
    17914 20399 20401
    17915 20402 20403
    17916 20402 20404
    17917 20405 20406
    17918 20405 20407
    17919 20408 20409
    17920 20408 20410
    17921 20411 20412
    17922 20411 20413
    17923 20414 20415
    17924 20414 20416
    17925 20417 20418
    17926 20417 20419
    17927 20420 20421
    17928 20420 20422
    17929 20423 20424
    17930 20423 20425
    17931 20426 20427
    17932 20426 20428
    17933 20429 20430
    17934 20429 20431
    17935 20432 20433
    17936 20432 20434
    17937 20435 20436
    17938 20435 20437
    17939 20438 20439
    17940 20438 20440
    17941 20441 20442
    17942 20441 20443
    17943 20444 20445
    17944 20444 20446
    17945 20447 20448
    17946 20447 20449
    17947 20450 20451
    17948 20450 20452
    17949 20453 20454
    17950 20453 20455
    17951 20456 20457
    17952 20456 20458
    17953 20459 20460
    17954 20459 20461
    17955 20462 20463
    17956 20462 20464
    17957 20465 20466
    17958 20465 20467
    17959 20468 20469
    17960 20468 20470
    17961 20471 20472
    17962 20471 20473
    17963 20474 20475
    17964 20474 20476
    17965 20477 20478
    17966 20477 20479
    17967 20480 20481
    17968 20480 20482
    17969 20483 20484
    17970 20483 20485
    17971 20486 20487
    17972 20486 20488
    17973 20489 20490
    17974 20489 20491
    17975 20492 20493
    17976 20492 20494
    17977 20495 20496
    17978 20495 20497
    17979 20498 20499
    17980 20498 20500
    17981 20501 20502
    17982 20501 20503
    17983 20504 20505
    17984 20504 20506
    17985 20507 20508
    17986 20507 20509
    17987 20510 20511
    17988 20510 20512
    17989 20513 20514
    17990 20513 20515
    17991 20516 20517
    17992 20516 20518
    17993 20519 20520
    17994 20519 20521
    17995 20522 20523
    17996 20522 20524
    17997 20525 20526
    17998 20525 20527
    17999 20528 20529
    18000 20528 20530
    18001 20531 20532
    18002 20531 20533
    18003 20534 20535
    18004 20534 20536
    18005 20537 20538
    18006 20537 20539
    18007 20540 20541
    18008 20540 20542
    18009 20543 20544
    18010 20543 20545
    18011 20546 20547
    18012 20546 20548
    18013 20549 20550
    18014 20549 20551
    18015 20552 20553
    18016 20552 20554
    18017 20555 20556
    18018 20555 20557
    18019 20558 20559
    18020 20558 20560
    18021 20561 20562
    18022 20561 20563
    18023 20564 20565
    18024 20564 20566
    18025 20567 20568
    18026 20567 20569
    18027 20570 20571
    18028 20570 20572
    18029 20573 20574
    18030 20573 20575
    18031 20576 20577
    18032 20576 20578
    18033 20579 20580
    18034 20579 20581
    18035 20582 20583
    18036 20582 20584
    18037 20585 20586
    18038 20585 20587
    18039 20588 20589
    18040 20588 20590
    18041 20591 20592
    18042 20591 20593
    18043 20594 20595
    18044 20594 20596
    18045 20597 20598
    18046 20597 20599
    18047 20600 20601
    18048 20600 20602
    18049 20603 20604
    18050 20603 20605
    18051 20606 20607
    18052 20606 20608
    18053 20609 20610
    18054 20609 20611
    18055 20612 20613
    18056 20612 20614
    18057 20615 20616
    18058 20615 20617
    18059 20618 20619
    18060 20618 20620
    18061 20621 20622
    18062 20621 20623
    18063 20624 20625
    18064 20624 20626
    18065 20627 20628
    18066 20627 20629
    18067 20630 20631
    18068 20630 20632
    18069 20633 20634
    18070 20633 20635
    18071 20636 20637
    18072 20636 20638
    18073 20639 20640
    18074 20639 20641
    18075 20642 20643
    18076 20642 20644
    18077 20645 20646
    18078 20645 20647
    18079 20648 20649
    18080 20648 20650
    18081 20651 20652
    18082 20651 20653
    18083 20654 20655
    18084 20654 20656
    18085 20657 20658
    18086 20657 20659
    18087 20660 20661
    18088 20660 20662
    18089 20663 20664
    18090 20663 20665
    18091 20666 20667
    18092 20666 20668
    18093 20669 20670
    18094 20669 20671
    18095 20672 20673
    18096 20672 20674
    18097 20675 20676
    18098 20675 20677
    18099 20678 20679
    18100 20678 20680
    18101 20681 20682
    18102 20681 20683
    18103 20684 20685
    18104 20684 20686
    18105 20687 20688
    18106 20687 20689
    18107 20690 20691
    18108 20690 20692
    18109 20693 20694
    18110 20693 20695
    18111 20696 20697
    18112 20696 20698
    18113 20699 20700
    18114 20699 20701
    18115 20702 20703
    18116 20702 20704
    18117 20705 20706
    18118 20705 20707
    18119 20708 20709
    18120 20708 20710
    18121 20711 20712
    18122 20711 20713
    18123 20714 20715
    18124 20714 20716
    18125 20717 20718
    18126 20717 20719
    18127 20720 20721
    18128 20720 20722
    18129 20723 20724
    18130 20723 20725
    18131 20726 20727
    18132 20726 20728
    18133 20729 20730
    18134 20729 20731
    18135 20732 20733
    18136 20732 20734
    18137 20735 20736
    18138 20735 20737
    18139 20738 20739
    18140 20738 20740
    18141 20741 20742
    18142 20741 20743
    18143 20744 20745
    18144 20744 20746
    18145 20747 20748
    18146 20747 20749
    18147 20750 20751
    18148 20750 20752
    18149 20753 20754
    18150 20753 20755
    18151 20756 20757
    18152 20756 20758
    18153 20759 20760
    18154 20759 20761
    18155 20762 20763
    18156 20762 20764
    18157 20765 20766
    18158 20765 20767
    18159 20768 20769
    18160 20768 20770
    18161 20771 20772
    18162 20771 20773
    18163 20774 20775
    18164 20774 20776
    18165 20777 20778
    18166 20777 20779
    18167 20780 20781
    18168 20780 20782
    18169 20783 20784
    18170 20783 20785
    18171 20786 20787
    18172 20786 20788
    18173 20789 20790
    18174 20789 20791
    18175 20792 20793
    18176 20792 20794
    18177 20795 20796
    18178 20795 20797
    18179 20798 20799
    18180 20798 20800
    18181 20801 20802
    18182 20801 20803
    18183 20804 20805
    18184 20804 20806
    18185 20807 20808
    18186 20807 20809
    18187 20810 20811
    18188 20810 20812
    18189 20813 20814
    18190 20813 20815
    18191 20816 20817
    18192 20816 20818
    18193 20819 20820
    18194 20819 20821
    18195 20822 20823
    18196 20822 20824
    18197 20825 20826
    18198 20825 20827
    18199 20828 20829
    18200 20828 20830
    18201 20831 20832
    18202 20831 20833
    18203 20834 20835
    18204 20834 20836
    18205 20837 20838
    18206 20837 20839
    18207 20840 20841
    18208 20840 20842
    18209 20843 20844
    18210 20843 20845
    18211 20846 20847
    18212 20846 20848
    18213 20849 20850
    18214 20849 20851
    18215 20852 20853
    18216 20852 20854
    18217 20855 20856
    18218 20855 20857
    18219 20858 20859
    18220 20858 20860
    18221 20861 20862
    18222 20861 20863
    18223 20864 20865
    18224 20864 20866
    18225 20867 20868
    18226 20867 20869
    18227 20870 20871
    18228 20870 20872
    18229 20873 20874
    18230 20873 20875
    18231 20876 20877
    18232 20876 20878
    18233 20879 20880
    18234 20879 20881
    18235 20882 20883
    18236 20882 20884
    18237 20885 20886
    18238 20885 20887
    18239 20888 20889
    18240 20888 20890
    18241 20891 20892
    18242 20891 20893
    18243 20894 20895
    18244 20894 20896
    18245 20897 20898
    18246 20897 20899
    18247 20900 20901
    18248 20900 20902
    18249 20903 20904
    18250 20903 20905
    18251 20906 20907
    18252 20906 20908
    18253 20909 20910
    18254 20909 20911
    18255 20912 20913
    18256 20912 20914
    18257 20915 20916
    18258 20915 20917
    18259 20918 20919
    18260 20918 20920
    18261 20921 20922
    18262 20921 20923
    18263 20924 20925
    18264 20924 20926
    18265 20927 20928
    18266 20927 20929
    18267 20930 20931
    18268 20930 20932
    18269 20933 20934
    18270 20933 20935
    18271 20936 20937
    18272 20936 20938
    18273 20939 20940
    18274 20939 20941
    18275 20942 20943
    18276 20942 20944
    18277 20945 20946
    18278 20945 20947
    18279 20948 20949
    18280 20948 20950
    18281 20951 20952
    18282 20951 20953
    18283 20954 20955
    18284 20954 20956
    18285 20957 20958
    18286 20957 20959
    18287 20960 20961
    18288 20960 20962
    18289 20963 20964
    18290 20963 20965
    18291 20966 20967
    18292 20966 20968
    18293 20969 20970
    18294 20969 20971
    18295 20972 20973
    18296 20972 20974
    18297 20975 20976
    18298 20975 20977
    18299 20978 20979
    18300 20978 20980
    18301 20981 20982
    18302 20981 20983
    18303 20984 20985
    18304 20984 20986
    18305 20987 20988
    18306 20987 20989
    18307 20990 20991
    18308 20990 20992
    18309 20993 20994
    18310 20993 20995
    18311 20996 20997
    18312 20996 20998
    18313 20999 21000
    18314 20999 21001
    18315 21002 21003
    18316 21002 21004
    18317 21005 21006
    18318 21005 21007
    18319 21008 21009
    18320 21008 21010
    18321 21011 21012
    18322 21011 21013
    18323 21014 21015
    18324 21014 21016
    18325 21017 21018
    18326 21017 21019
    18327 21020 21021
    18328 21020 21022
    18329 21023 21024
    18330 21023 21025
    18331 21026 21027
    18332 21026 21028
    18333 21029 21030
    18334 21029 21031
    18335 21032 21033
    18336 21032 21034
    18337 21035 21036
    18338 21035 21037
    18339 21038 21039
    18340 21038 21040
    18341 21041 21042
    18342 21041 21043
    18343 21044 21045
    18344 21044 21046
    18345 21047 21048
    18346 21047 21049
    18347 21050 21051
    18348 21050 21052
    18349 21053 21054
    18350 21053 21055
    18351 21056 21057
    18352 21056 21058
    18353 21059 21060
    18354 21059 21061
    18355 21062 21063
    18356 21062 21064
    18357 21065 21066
    18358 21065 21067
    18359 21068 21069
    18360 21068 21070
    18361 21071 21072
    18362 21071 21073
    18363 21074 21075
    18364 21074 21076
    18365 21077 21078
    18366 21077 21079
    18367 21080 21081
    18368 21080 21082
    18369 21083 21084
    18370 21083 21085
    18371 21086 21087
    18372 21086 21088
    18373 21089 21090
    18374 21089 21091
    18375 21092 21093
    18376 21092 21094
    18377 21095 21096
    18378 21095 21097
    18379 21098 21099
    18380 21098 21100
    18381 21101 21102
    18382 21101 21103
    18383 21104 21105
    18384 21104 21106
    18385 21107 21108
    18386 21107 21109
    18387 21110 21111
    18388 21110 21112
    18389 21113 21114
    18390 21113 21115
    18391 21116 21117
    18392 21116 21118
    18393 21119 21120
    18394 21119 21121
    18395 21122 21123
    18396 21122 21124
    18397 21125 21126
    18398 21125 21127
    18399 21128 21129
    18400 21128 21130
    18401 21131 21132
    18402 21131 21133
    18403 21134 21135
    18404 21134 21136
    18405 21137 21138
    18406 21137 21139
    18407 21140 21141
    18408 21140 21142
    18409 21143 21144
    18410 21143 21145
    18411 21146 21147
    18412 21146 21148
    18413 21149 21150
    18414 21149 21151
    18415 21152 21153
    18416 21152 21154
    18417 21155 21156
    18418 21155 21157
    18419 21158 21159
    18420 21158 21160
    18421 21161 21162
    18422 21161 21163
    18423 21164 21165
    18424 21164 21166
    18425 21167 21168
    18426 21167 21169
    18427 21170 21171
    18428 21170 21172
    18429 21173 21174
    18430 21173 21175
    18431 21176 21177
    18432 21176 21178
    18433 21179 21180
    18434 21179 21181
    18435 21182 21183
    18436 21182 21184
    18437 21185 21186
    18438 21185 21187
    18439 21188 21189
    18440 21188 21190
    18441 21191 21192
    18442 21191 21193
    18443 21194 21195
    18444 21194 21196
    18445 21197 21198
    18446 21197 21199
    18447 21200 21201
    18448 21200 21202
    18449 21203 21204
    18450 21203 21205
    18451 21206 21207
    18452 21206 21208
    18453 21209 21210
    18454 21209 21211
    18455 21212 21213
    18456 21212 21214
    18457 21215 21216
    18458 21215 21217
    18459 21218 21219
    18460 21218 21220
    18461 21221 21222
    18462 21221 21223
    18463 21224 21225
    18464 21224 21226
    18465 21227 21228
    18466 21227 21229
    18467 21230 21231
    18468 21230 21232
    18469 21233 21234
    18470 21233 21235
    18471 21236 21237
    18472 21236 21238
    18473 21239 21240
    18474 21239 21241
    18475 21242 21243
    18476 21242 21244
    18477 21245 21246
    18478 21245 21247
    18479 21248 21249
    18480 21248 21250
    18481 21251 21252
    18482 21251 21253
    18483 21254 21255
    18484 21254 21256
    18485 21257 21258
    18486 21257 21259
    18487 21260 21261
    18488 21260 21262
    18489 21263 21264
    18490 21263 21265
    18491 21266 21267
    18492 21266 21268
    18493 21269 21270
    18494 21269 21271
    18495 21272 21273
    18496 21272 21274
    18497 21275 21276
    18498 21275 21277
    18499 21278 21279
    18500 21278 21280
    18501 21281 21282
    18502 21281 21283
    18503 21284 21285
    18504 21284 21286
    18505 21287 21288
    18506 21287 21289
    18507 21290 21291
    18508 21290 21292
    18509 21293 21294
    18510 21293 21295
    18511 21296 21297
    18512 21296 21298
    18513 21299 21300
    18514 21299 21301
    18515 21302 21303
    18516 21302 21304
    18517 21305 21306
    18518 21305 21307
    18519 21308 21309
    18520 21308 21310
    18521 21311 21312
    18522 21311 21313
    18523 21314 21315
    18524 21314 21316
    18525 21317 21318
    18526 21317 21319
    18527 21320 21321
    18528 21320 21322
    18529 21323 21324
    18530 21323 21325
    18531 21326 21327
    18532 21326 21328
    18533 21329 21330
    18534 21329 21331
    18535 21332 21333
    18536 21332 21334
    18537 21335 21336
    18538 21335 21337
    18539 21338 21339
    18540 21338 21340
    18541 21341 21342
    18542 21341 21343
    18543 21344 21345
    18544 21344 21346
    18545 21347 21348
    18546 21347 21349
    18547 21350 21351
    18548 21350 21352
    18549 21353 21354
    18550 21353 21355
    18551 21356 21357
    18552 21356 21358
    18553 21359 21360
    18554 21359 21361
    18555 21362 21363
    18556 21362 21364
    18557 21365 21366
    18558 21365 21367
    18559 21368 21369
    18560 21368 21370
    18561 21371 21372
    18562 21371 21373
    18563 21374 21375
    18564 21374 21376
    18565 21377 21378
    18566 21377 21379
    18567 21380 21381
    18568 21380 21382
    18569 21383 21384
    18570 21383 21385
    18571 21386 21387
    18572 21386 21388
    18573 21389 21390
    18574 21389 21391
    18575 21392 21393
    18576 21392 21394
    18577 21395 21396
    18578 21395 21397
    18579 21398 21399
    18580 21398 21400
    18581 21401 21402
    18582 21401 21403
    18583 21404 21405
    18584 21404 21406
    18585 21407 21408
    18586 21407 21409
    18587 21410 21411
    18588 21410 21412
    18589 21413 21414
    18590 21413 21415
    18591 21416 21417
    18592 21416 21418
    18593 21419 21420
    18594 21419 21421
    18595 21422 21423
    18596 21422 21424
    18597 21425 21426
    18598 21425 21427
    18599 21428 21429
    18600 21428 21430
    18601 21431 21432
    18602 21431 21433
    18603 21434 21435
    18604 21434 21436
    18605 21437 21438
    18606 21437 21439
    18607 21440 21441
    18608 21440 21442
    18609 21443 21444
    18610 21443 21445
    18611 21446 21447
    18612 21446 21448
    18613 21449 21450
    18614 21449 21451
    18615 21452 21453
    18616 21452 21454
    18617 21455 21456
    18618 21455 21457
    18619 21458 21459
    18620 21458 21460
    18621 21461 21462
    18622 21461 21463
    18623 21464 21465
    18624 21464 21466
    18625 21467 21468
    18626 21467 21469
    18627 21470 21471
    18628 21470 21472
    18629 21473 21474
    18630 21473 21475
    18631 21476 21477
    18632 21476 21478
    18633 21479 21480
    18634 21479 21481
    18635 21482 21483
    18636 21482 21484
    18637 21485 21486
    18638 21485 21487
    18639 21488 21489
    18640 21488 21490
    18641 21491 21492
    18642 21491 21493
    18643 21494 21495
    18644 21494 21496
    18645 21497 21498
    18646 21497 21499
    18647 21500 21501
    18648 21500 21502
    18649 21503 21504
    18650 21503 21505
    18651 21506 21507
    18652 21506 21508
    18653 21509 21510
    18654 21509 21511
    18655 21512 21513
    18656 21512 21514
    18657 21515 21516
    18658 21515 21517
    18659 21518 21519
    18660 21518 21520
    18661 21521 21522
    18662 21521 21523
    18663 21524 21525
    18664 21524 21526
    18665 21527 21528
    18666 21527 21529
    18667 21530 21531
    18668 21530 21532
    18669 21533 21534
    18670 21533 21535
    18671 21536 21537
    18672 21536 21538
    18673 21539 21540
    18674 21539 21541
    18675 21542 21543
    18676 21542 21544
    18677 21545 21546
    18678 21545 21547
    18679 21548 21549
    18680 21548 21550
    18681 21551 21552
    18682 21551 21553
    18683 21554 21555
    18684 21554 21556
    18685 21557 21558
    18686 21557 21559
    18687 21560 21561
    18688 21560 21562
    18689 21563 21564
    18690 21563 21565
    18691 21566 21567
    18692 21566 21568
    18693 21569 21570
    18694 21569 21571
    18695 21572 21573
    18696 21572 21574
    18697 21575 21576
    18698 21575 21577
    18699 21578 21579
    18700 21578 21580
    18701 21581 21582
    18702 21581 21583
    18703 21584 21585
    18704 21584 21586
    18705 21587 21588
    18706 21587 21589
    18707 21590 21591
    18708 21590 21592
    18709 21593 21594
    18710 21593 21595
    18711 21596 21597
    18712 21596 21598
    18713 21599 21600
    18714 21599 21601
    18715 21602 21603
    18716 21602 21604
    18717 21605 21606
    18718 21605 21607
    18719 21608 21609
    18720 21608 21610
    18721 21611 21612
    18722 21611 21613
    18723 21614 21615
    18724 21614 21616
    18725 21617 21618
    18726 21617 21619
    18727 21620 21621
    18728 21620 21622
    18729 21623 21624
    18730 21623 21625
    18731 21626 21627
    18732 21626 21628
    18733 21629 21630
    18734 21629 21631
    18735 21632 21633
    18736 21632 21634
    18737 21635 21636
    18738 21635 21637
    18739 21638 21639
    18740 21638 21640
    18741 21641 21642
    18742 21641 21643
    18743 21644 21645
    18744 21644 21646
    18745 21647 21648
    18746 21647 21649
    18747 21650 21651
    18748 21650 21652
    18749 21653 21654
    18750 21653 21655
    18751 21656 21657
    18752 21656 21658
    18753 21659 21660
    18754 21659 21661
    18755 21662 21663
    18756 21662 21664
    18757 21665 21666
    18758 21665 21667
    18759 21668 21669
    18760 21668 21670
    18761 21671 21672
    18762 21671 21673
    18763 21674 21675
    18764 21674 21676
    18765 21677 21678
    18766 21677 21679
    18767 21680 21681
    18768 21680 21682
    18769 21683 21684
    18770 21683 21685
    18771 21686 21687
    18772 21686 21688
    18773 21689 21690
    18774 21689 21691
    18775 21692 21693
    18776 21692 21694
    18777 21695 21696
    18778 21695 21697
    18779 21698 21699
    18780 21698 21700
    18781 21701 21702
    18782 21701 21703
    18783 21704 21705
    18784 21704 21706
    18785 21707 21708
    18786 21707 21709
    18787 21710 21711
    18788 21710 21712
    18789 21713 21714
    18790 21713 21715
    18791 21716 21717
    18792 21716 21718
    18793 21719 21720
    18794 21719 21721
    18795 21722 21723
    18796 21722 21724
    18797 21725 21726
    18798 21725 21727
    18799 21728 21729
    18800 21728 21730
    18801 21731 21732
    18802 21731 21733
    18803 21734 21735
    18804 21734 21736
    18805 21737 21738
    18806 21737 21739
    18807 21740 21741
    18808 21740 21742
    18809 21743 21744
    18810 21743 21745
    18811 21746 21747
    18812 21746 21748
    18813 21749 21750
    18814 21749 21751
    18815 21752 21753
    18816 21752 21754
    18817 21755 21756
    18818 21755 21757
    18819 21758 21759
    18820 21758 21760
    18821 21761 21762
    18822 21761 21763
    18823 21764 21765
    18824 21764 21766
    18825 21767 21768
    18826 21767 21769
    18827 21770 21771
    18828 21770 21772
    18829 21773 21774
    18830 21773 21775
    18831 21776 21777
    18832 21776 21778
    18833 21779 21780
    18834 21779 21781
    18835 21782 21783
    18836 21782 21784
    18837 21785 21786
    18838 21785 21787
    18839 21788 21789
    18840 21788 21790
    18841 21791 21792
    18842 21791 21793
    18843 21794 21795
    18844 21794 21796
    18845 21797 21798
    18846 21797 21799
    18847 21800 21801
    18848 21800 21802
    18849 21803 21804
    18850 21803 21805
    18851 21806 21807
    18852 21806 21808
    18853 21809 21810
    18854 21809 21811
    18855 21812 21813
    18856 21812 21814
    18857 21815 21816
    18858 21815 21817
    18859 21818 21819
    18860 21818 21820
    18861 21821 21822
    18862 21821 21823
    18863 21824 21825
    18864 21824 21826
    18865 21827 21828
    18866 21827 21829
    18867 21830 21831
    18868 21830 21832
    18869 21833 21834
    18870 21833 21835
    18871 21836 21837
    18872 21836 21838
    18873 21839 21840
    18874 21839 21841
    18875 21842 21843
    18876 21842 21844
    18877 21845 21846
    18878 21845 21847
    18879 21848 21849
    18880 21848 21850
    18881 21851 21852
    18882 21851 21853
    18883 21854 21855
    18884 21854 21856
    18885 21857 21858
    18886 21857 21859
    18887 21860 21861
    18888 21860 21862
    18889 21863 21864
    18890 21863 21865
    18891 21866 21867
    18892 21866 21868
    18893 21869 21870
    18894 21869 21871
    18895 21872 21873
    18896 21872 21874
    18897 21875 21876
    18898 21875 21877
    18899 21878 21879
    18900 21878 21880
    18901 21881 21882
    18902 21881 21883
    18903 21884 21885
    18904 21884 21886
    18905 21887 21888
    18906 21887 21889
    18907 21890 21891
    18908 21890 21892
    18909 21893 21894
    18910 21893 21895
    18911 21896 21897
    18912 21896 21898
    18913 21899 21900
    18914 21899 21901
    18915 21902 21903
    18916 21902 21904
    18917 21905 21906
    18918 21905 21907
    18919 21908 21909
    18920 21908 21910
    18921 21911 21912
    18922 21911 21913
    18923 21914 21915
    18924 21914 21916
    18925 21917 21918
    18926 21917 21919
    18927 21920 21921
    18928 21920 21922
    18929 21923 21924
    18930 21923 21925
    18931 21926 21927
    18932 21926 21928
    18933 21929 21930
    18934 21929 21931
    18935 21932 21933
    18936 21932 21934
    18937 21935 21936
    18938 21935 21937
    18939 21938 21939
    18940 21938 21940
    18941 21941 21942
    18942 21941 21943
    18943 21944 21945
    18944 21944 21946
    18945 21947 21948
    18946 21947 21949
    18947 21950 21951
    18948 21950 21952
    18949 21953 21954
    18950 21953 21955
    18951 21956 21957
    18952 21956 21958
    18953 21959 21960
    18954 21959 21961
    18955 21962 21963
    18956 21962 21964
    18957 21965 21966
    18958 21965 21967
    18959 21968 21969
    18960 21968 21970
    18961 21971 21972
    18962 21971 21973
    18963 21974 21975
    18964 21974 21976
    18965 21977 21978
    18966 21977 21979
    18967 21980 21981
    18968 21980 21982
    18969 21983 21984
    18970 21983 21985
    18971 21986 21987
    18972 21986 21988
    18973 21989 21990
    18974 21989 21991
    18975 21992 21993
    18976 21992 21994
    18977 21995 21996
    18978 21995 21997
    18979 21998 21999
    18980 21998 22000
    18981 22001 22002
    18982 22001 22003
    18983 22004 22005
    18984 22004 22006
    18985 22007 22008
    18986 22007 22009
    18987 22010 22011
    18988 22010 22012
    18989 22013 22014
    18990 22013 22015
    18991 22016 22017
    18992 22016 22018
    18993 22019 22020
    18994 22019 22021
    18995 22022 22023
    18996 22022 22024
    18997 22025 22026
    18998 22025 22027
    18999 22028 22029
    19000 22028 22030
    19001 22031 22032
    19002 22031 22033
    19003 22034 22035
    19004 22034 22036
    19005 22037 22038
    19006 22037 22039
    19007 22040 22041
    19008 22040 22042
    19009 22043 22044
    19010 22043 22045
    19011 22046 22047
    19012 22046 22048
    19013 22049 22050
    19014 22049 22051
    19015 22052 22053
    19016 22052 22054
    19017 22055 22056
    19018 22055 22057
    19019 22058 22059
    19020 22058 22060
    19021 22061 22062
    19022 22061 22063
    19023 22064 22065
    19024 22064 22066
    19025 22067 22068
    19026 22067 22069
    19027 22070 22071
    19028 22070 22072
    19029 22073 22074
    19030 22073 22075
    19031 22076 22077
    19032 22076 22078
    19033 22079 22080
    19034 22079 22081
    19035 22082 22083
    19036 22082 22084
    19037 22085 22086
    19038 22085 22087
    19039 22088 22089
    19040 22088 22090
    19041 22091 22092
    19042 22091 22093
    19043 22094 22095
    19044 22094 22096
    19045 22097 22098
    19046 22097 22099
    19047 22100 22101
    19048 22100 22102
    19049 22103 22104
    19050 22103 22105
    19051 22106 22107
    19052 22106 22108
    19053 22109 22110
    19054 22109 22111
    19055 22112 22113
    19056 22112 22114
    19057 22115 22116
    19058 22115 22117
    19059 22118 22119
    19060 22118 22120
    19061 22121 22122
    19062 22121 22123
    19063 22124 22125
    19064 22124 22126
    19065 22127 22128
    19066 22127 22129
    19067 22130 22131
    19068 22130 22132
    19069 22133 22134
    19070 22133 22135
    19071 22136 22137
    19072 22136 22138
    19073 22139 22140
    19074 22139 22141
    19075 22142 22143
    19076 22142 22144
    19077 22145 22146
    19078 22145 22147
    19079 22148 22149
    19080 22148 22150
    19081 22151 22152
    19082 22151 22153
    19083 22154 22155
    19084 22154 22156
    19085 22157 22158
    19086 22157 22159
    19087 22160 22161
    19088 22160 22162
    19089 22163 22164
    19090 22163 22165
    19091 22166 22167
    19092 22166 22168
    19093 22169 22170
    19094 22169 22171
    19095 22172 22173
    19096 22172 22174
    19097 22175 22176
    19098 22175 22177
    19099 22178 22179
    19100 22178 22180
    19101 22181 22182
    19102 22181 22183
    19103 22184 22185
    19104 22184 22186
    19105 22187 22188
    19106 22187 22189
    19107 22190 22191
    19108 22190 22192
    19109 22193 22194
    19110 22193 22195
    19111 22196 22197
    19112 22196 22198
    19113 22199 22200
    19114 22199 22201
    19115 22202 22203
    19116 22202 22204
    19117 22205 22206
    19118 22205 22207
    19119 22208 22209
    19120 22208 22210
    19121 22211 22212
    19122 22211 22213
    19123 22214 22215
    19124 22214 22216
    19125 22217 22218
    19126 22217 22219
    19127 22220 22221
    19128 22220 22222
    19129 22223 22224
    19130 22223 22225
    19131 22226 22227
    19132 22226 22228
    19133 22229 22230
    19134 22229 22231
    19135 22232 22233
    19136 22232 22234
    19137 22235 22236
    19138 22235 22237
    19139 22238 22239
    19140 22238 22240
    19141 22241 22242
    19142 22241 22243
    19143 22244 22245
    19144 22244 22246
    19145 22247 22248
    19146 22247 22249
    19147 22250 22251
    19148 22250 22252
    19149 22253 22254
    19150 22253 22255
    19151 22256 22257
    19152 22256 22258
    19153 22259 22260
    19154 22259 22261
    19155 22262 22263
    19156 22262 22264
    19157 22265 22266
    19158 22265 22267
    19159 22268 22269
    19160 22268 22270
    19161 22271 22272
    19162 22271 22273
    19163 22274 22275
    19164 22274 22276
    19165 22277 22278
    19166 22277 22279
    19167 22280 22281
    19168 22280 22282
    19169 22283 22284
    19170 22283 22285
    19171 22286 22287
    19172 22286 22288
    19173 22289 22290
    19174 22289 22291
    19175 22292 22293
    19176 22292 22294
    19177 22295 22296
    19178 22295 22297
    19179 22298 22299
    19180 22298 22300
    19181 22301 22302
    19182 22301 22303
    19183 22304 22305
    19184 22304 22306
    19185 22307 22308
    19186 22307 22309
    19187 22310 22311
    19188 22310 22312
    19189 22313 22314
    19190 22313 22315
    19191 22316 22317
    19192 22316 22318
    19193 22319 22320
    19194 22319 22321
    19195 22322 22323
    19196 22322 22324
    19197 22325 22326
    19198 22325 22327
    19199 22328 22329
    19200 22328 22330
    19201 22331 22332
    19202 22331 22333
    19203 22334 22335
    19204 22334 22336
    19205 22337 22338
    19206 22337 22339
    19207 22340 22341
    19208 22340 22342
    19209 22343 22344
    19210 22343 22345
    19211 22346 22347
    19212 22346 22348
    19213 22349 22350
    19214 22349 22351
    19215 22352 22353
    19216 22352 22354
    19217 22355 22356
    19218 22355 22357
    19219 22358 22359
    19220 22358 22360
    19221 22361 22362
    19222 22361 22363
    19223 22364 22365
    19224 22364 22366
    19225 22367 22368
    19226 22367 22369
    19227 22370 22371
    19228 22370 22372
    19229 22373 22374
    19230 22373 22375
    19231 22376 22377
    19232 22376 22378
    19233 22379 22380
    19234 22379 22381
    19235 22382 22383
    19236 22382 22384
    19237 22385 22386
    19238 22385 22387
    19239 22388 22389
    19240 22388 22390
    19241 22391 22392
    19242 22391 22393
    19243 22394 22395
    19244 22394 22396
    19245 22397 22398
    19246 22397 22399
    19247 22400 22401
    19248 22400 22402
    19249 22403 22404
    19250 22403 22405
    19251 22406 22407
    19252 22406 22408
    19253 22409 22410
    19254 22409 22411
    19255 22412 22413
    19256 22412 22414
    19257 22415 22416
    19258 22415 22417
    19259 22418 22419
    19260 22418 22420
    19261 22421 22422
    19262 22421 22423
    19263 22424 22425
    19264 22424 22426
    19265 22427 22428
    19266 22427 22429
    19267 22430 22431
    19268 22430 22432
    19269 22433 22434
    19270 22433 22435
    19271 22436 22437
    19272 22436 22438
    19273 22439 22440
    19274 22439 22441
    19275 22442 22443
    19276 22442 22444
    19277 22445 22446
    19278 22445 22447
    19279 22448 22449
    19280 22448 22450
    19281 22451 22452
    19282 22451 22453
    19283 22454 22455
    19284 22454 22456
    19285 22457 22458
    19286 22457 22459
    19287 22460 22461
    19288 22460 22462
    19289 22463 22464
    19290 22463 22465
    19291 22466 22467
    19292 22466 22468
    19293 22469 22470
    19294 22469 22471
    19295 22472 22473
    19296 22472 22474
    19297 22475 22476
    19298 22475 22477
    19299 22478 22479
    19300 22478 22480
    19301 22481 22482
    19302 22481 22483
    19303 22484 22485
    19304 22484 22486
    19305 22487 22488
    19306 22487 22489
    19307 22490 22491
    19308 22490 22492
    19309 22493 22494
    19310 22493 22495
    19311 22496 22497
    19312 22496 22498
    19313 22499 22500
    19314 22499 22501
    19315 22502 22503
    19316 22502 22504
    19317 22505 22506
    19318 22505 22507
    19319 22508 22509
    19320 22508 22510
    19321 22511 22512
    19322 22511 22513
    19323 22514 22515
    19324 22514 22516
    19325 22517 22518
    19326 22517 22519
    19327 22520 22521
    19328 22520 22522
    19329 22523 22524
    19330 22523 22525
    19331 22526 22527
    19332 22526 22528
    19333 22529 22530
    19334 22529 22531
    19335 22532 22533
    19336 22532 22534
    19337 22535 22536
    19338 22535 22537
    19339 22538 22539
    19340 22538 22540
    19341 22541 22542
    19342 22541 22543
    19343 22544 22545
    19344 22544 22546
    19345 22547 22548
    19346 22547 22549
    19347 22550 22551
    19348 22550 22552
    19349 22553 22554
    19350 22553 22555
    19351 22556 22557
    19352 22556 22558
    19353 22559 22560
    19354 22559 22561
    19355 22562 22563
    19356 22562 22564
    19357 22565 22566
    19358 22565 22567
    19359 22568 22569
    19360 22568 22570
    19361 22571 22572
    19362 22571 22573
    19363 22574 22575
    19364 22574 22576
    19365 22577 22578
    19366 22577 22579
    19367 22580 22581
    19368 22580 22582
    19369 22583 22584
    19370 22583 22585
    19371 22586 22587
    19372 22586 22588
    19373 22589 22590
    19374 22589 22591
    19375 22592 22593
    19376 22592 22594
    19377 22595 22596
    19378 22595 22597
    19379 22598 22599
    19380 22598 22600
    19381 22601 22602
    19382 22601 22603
    19383 22604 22605
    19384 22604 22606
    19385 22607 22608
    19386 22607 22609
    19387 22610 22611
    19388 22610 22612
    19389 22613 22614
    19390 22613 22615
    19391 22616 22617
    19392 22616 22618
    19393 22619 22620
    19394 22619 22621
    19395 22622 22623
    19396 22622 22624
    19397 22625 22626
    19398 22625 22627
    19399 22628 22629
    19400 22628 22630
    19401 22631 22632
    19402 22631 22633
    19403 22634 22635
    19404 22634 22636
    19405 22637 22638
    19406 22637 22639
    19407 22640 22641
    19408 22640 22642
    19409 22643 22644
    19410 22643 22645
    19411 22646 22647
    19412 22646 22648
    19413 22649 22650
    19414 22649 22651
    19415 22652 22653
    19416 22652 22654
    19417 22655 22656
    19418 22655 22657
    19419 22658 22659
    19420 22658 22660
    19421 22661 22662
    19422 22661 22663
    19423 22664 22665
    19424 22664 22666
    19425 22667 22668
    19426 22667 22669
    19427 22670 22671
    19428 22670 22672
    19429 22673 22674
    19430 22673 22675
    19431 22676 22677
    19432 22676 22678
    19433 22679 22680
    19434 22679 22681
    19435 22682 22683
    19436 22682 22684
    19437 22685 22686
    19438 22685 22687
    19439 22688 22689
    19440 22688 22690
    19441 22691 22692
    19442 22691 22693
    19443 22694 22695
    19444 22694 22696
    19445 22697 22698
    19446 22697 22699
    19447 22700 22701
    19448 22700 22702
    19449 22703 22704
    19450 22703 22705
    19451 22706 22707
    19452 22706 22708
    19453 22709 22710
    19454 22709 22711
    19455 22712 22713
    19456 22712 22714
    19457 22715 22716
    19458 22715 22717
    19459 22718 22719
    19460 22718 22720
    19461 22721 22722
    19462 22721 22723
    19463 22724 22725
    19464 22724 22726
    19465 22727 22728
    19466 22727 22729
    19467 22730 22731
    19468 22730 22732
    19469 22733 22734
    19470 22733 22735
    19471 22736 22737
    19472 22736 22738
    19473 22739 22740
    19474 22739 22741
    19475 22742 22743
    19476 22742 22744
    19477 22745 22746
    19478 22745 22747
    19479 22748 22749
    19480 22748 22750
    19481 22751 22752
    19482 22751 22753
    19483 22754 22755
    19484 22754 22756
    19485 22757 22758
    19486 22757 22759
    19487 22760 22761
    19488 22760 22762
    19489 22763 22764
    19490 22763 22765
    19491 22766 22767
    19492 22766 22768
    19493 22769 22770
    19494 22769 22771
    19495 22772 22773
    19496 22772 22774
    19497 22775 22776
    19498 22775 22777
    19499 22778 22779
    19500 22778 22780
    19501 22781 22782
    19502 22781 22783
    19503 22784 22785
    19504 22784 22786
    19505 22787 22788
    19506 22787 22789
    19507 22790 22791
    19508 22790 22792
    19509 22793 22794
    19510 22793 22795
    19511 22796 22797
    19512 22796 22798
    19513 22799 22800
    19514 22799 22801
    19515 22802 22803
    19516 22802 22804
    19517 22805 22806
    19518 22805 22807
    19519 22808 22809
    19520 22808 22810
    19521 22811 22812
    19522 22811 22813
    19523 22814 22815
    19524 22814 22816
    19525 22817 22818
    19526 22817 22819
    19527 22820 22821
    19528 22820 22822
    19529 22823 22824
    19530 22823 22825
    19531 22826 22827
    19532 22826 22828
    19533 22829 22830
    19534 22829 22831
    19535 22832 22833
    19536 22832 22834
    19537 22835 22836
    19538 22835 22837
    19539 22838 22839
    19540 22838 22840
    19541 22841 22842
    19542 22841 22843
    19543 22844 22845
    19544 22844 22846
    19545 22847 22848
    19546 22847 22849
    19547 22850 22851
    19548 22850 22852
    19549 22853 22854
    19550 22853 22855
    19551 22856 22857
    19552 22856 22858
    19553 22859 22860
    19554 22859 22861
    19555 22862 22863
    19556 22862 22864
    19557 22865 22866
    19558 22865 22867
    19559 22868 22869
    19560 22868 22870
    19561 22871 22872
    19562 22871 22873
    19563 22874 22875
    19564 22874 22876
    19565 22877 22878
    19566 22877 22879
    19567 22880 22881
    19568 22880 22882
    19569 22883 22884
    19570 22883 22885
    19571 22886 22887
    19572 22886 22888
    19573 22889 22890
    19574 22889 22891
    19575 22892 22893
    19576 22892 22894
    19577 22895 22896
    19578 22895 22897
    19579 22898 22899
    19580 22898 22900
    19581 22901 22902
    19582 22901 22903
    19583 22904 22905
    19584 22904 22906
    19585 22907 22908
    19586 22907 22909
    19587 22910 22911
    19588 22910 22912
    19589 22913 22914
    19590 22913 22915
    19591 22916 22917
    19592 22916 22918
    19593 22919 22920
    19594 22919 22921
    19595 22922 22923
    19596 22922 22924
    19597 22925 22926
    19598 22925 22927
    19599 22928 22929
    19600 22928 22930
    19601 22931 22932
    19602 22931 22933
    19603 22934 22935
    19604 22934 22936
    19605 22937 22938
    19606 22937 22939
    19607 22940 22941
    19608 22940 22942
    19609 22943 22944
    19610 22943 22945
    19611 22946 22947
    19612 22946 22948
    19613 22949 22950
    19614 22949 22951
    19615 22952 22953
    19616 22952 22954
    19617 22955 22956
    19618 22955 22957
    19619 22958 22959
    19620 22958 22960
    19621 22961 22962
    19622 22961 22963
    19623 22964 22965
    19624 22964 22966
    19625 22967 22968
    19626 22967 22969
    19627 22970 22971
    19628 22970 22972
    19629 22973 22974
    19630 22973 22975
    19631 22976 22977
    19632 22976 22978
    19633 22979 22980
    19634 22979 22981
    19635 22982 22983
    19636 22982 22984
    19637 22985 22986
    19638 22985 22987
    19639 22988 22989
    19640 22988 22990
    19641 22991 22992
    19642 22991 22993
    19643 22994 22995
    19644 22994 22996
    19645 22997 22998
    19646 22997 22999
    19647 23000 23001
    19648 23000 23002
    19649 23003 23004
    19650 23003 23005
    19651 23006 23007
    19652 23006 23008
    19653 23009 23010
    19654 23009 23011
    19655 23012 23013
    19656 23012 23014
    19657 23015 23016
    19658 23015 23017
    19659 23018 23019
    19660 23018 23020
    19661 23021 23022
    19662 23021 23023
    19663 23024 23025
    19664 23024 23026
    19665 23027 23028
    19666 23027 23029
    19667 23030 23031
    19668 23030 23032
    19669 23033 23034
    19670 23033 23035
    19671 23036 23037
    19672 23036 23038
    19673 23039 23040
    19674 23039 23041
    19675 23042 23043
    19676 23042 23044
    19677 23045 23046
    19678 23045 23047
    19679 23048 23049
    19680 23048 23050
    19681 23051 23052
    19682 23051 23053
    19683 23054 23055
    19684 23054 23056
    19685 23057 23058
    19686 23057 23059
    19687 23060 23061
    19688 23060 23062
    19689 23063 23064
    19690 23063 23065
    19691 23066 23067
    19692 23066 23068
    19693 23069 23070
    19694 23069 23071
    19695 23072 23073
    19696 23072 23074
    19697 23075 23076
    19698 23075 23077
    19699 23078 23079
    19700 23078 23080
    19701 23081 23082
    19702 23081 23083
    19703 23084 23085
    19704 23084 23086
    19705 23087 23088
    19706 23087 23089
    19707 23090 23091
    19708 23090 23092
    19709 23093 23094
    19710 23093 23095
    19711 23096 23097
    19712 23096 23098
    19713 23099 23100
    19714 23099 23101
    19715 23102 23103
    19716 23102 23104
    19717 23105 23106
    19718 23105 23107
    19719 23108 23109
    19720 23108 23110
    19721 23111 23112
    19722 23111 23113
    19723 23114 23115
    19724 23114 23116
    19725 23117 23118
    19726 23117 23119
    19727 23120 23121
    19728 23120 23122
    19729 23123 23124
    19730 23123 23125
    19731 23126 23127
    19732 23126 23128
    19733 23129 23130
    19734 23129 23131
    19735 23132 23133
    19736 23132 23134
    19737 23135 23136
    19738 23135 23137
    19739 23138 23139
    19740 23138 23140
    19741 23141 23142
    19742 23141 23143
    19743 23144 23145
    19744 23144 23146
    19745 23147 23148
    19746 23147 23149
    19747 23150 23151
    19748 23150 23152
    19749 23153 23154
    19750 23153 23155
    19751 23156 23157
    19752 23156 23158
    19753 23159 23160
    19754 23159 23161
    19755 23162 23163
    19756 23162 23164
    19757 23165 23166
    19758 23165 23167
    19759 23168 23169
    19760 23168 23170
    19761 23171 23172
    19762 23171 23173
    19763 23174 23175
    19764 23174 23176
    19765 23177 23178
    19766 23177 23179
    19767 23180 23181
    19768 23180 23182
    19769 23183 23184
    19770 23183 23185
    19771 23186 23187
    19772 23186 23188
    19773 23189 23190
    19774 23189 23191
    19775 23192 23193
    19776 23192 23194
    19777 23195 23196
    19778 23195 23197
    19779 23198 23199
    19780 23198 23200
    19781 23201 23202
    19782 23201 23203
    19783 23204 23205
    19784 23204 23206
    19785 23207 23208
    19786 23207 23209
    19787 23210 23211
    19788 23210 23212
    19789 23213 23214
    19790 23213 23215
    19791 23216 23217
    19792 23216 23218
    19793 23219 23220
    19794 23219 23221
    19795 23222 23223
    19796 23222 23224
    19797 23225 23226
    19798 23225 23227
    19799 23228 23229
    19800 23228 23230
    19801 23231 23232
    19802 23231 23233
    19803 23234 23235
    19804 23234 23236
    19805 23237 23238
    19806 23237 23239
    19807 23240 23241
    19808 23240 23242
    19809 23243 23244
    19810 23243 23245
    19811 23246 23247
    19812 23246 23248
    19813 23249 23250
    19814 23249 23251
    19815 23252 23253
    19816 23252 23254
    19817 23255 23256
    19818 23255 23257
    19819 23258 23259
    19820 23258 23260
    19821 23261 23262
    19822 23261 23263
    19823 23264 23265
    19824 23264 23266
    19825 23267 23268
    19826 23267 23269
    19827 23270 23271
    19828 23270 23272
    19829 23273 23274
    19830 23273 23275
    19831 23276 23277
    19832 23276 23278
    19833 23279 23280
    19834 23279 23281
    19835 23282 23283
    19836 23282 23284
    19837 23285 23286
    19838 23285 23287
    19839 23288 23289
    19840 23288 23290
    19841 23291 23292
    19842 23291 23293
    19843 23294 23295
    19844 23294 23296
    19845 23297 23298
    19846 23297 23299
    19847 23300 23301
    19848 23300 23302
    19849 23303 23304
    19850 23303 23305
    19851 23306 23307
    19852 23306 23308
    19853 23309 23310
    19854 23309 23311
    19855 23312 23313
    19856 23312 23314
    19857 23315 23316
    19858 23315 23317
    19859 23318 23319
    19860 23318 23320
    19861 23321 23322
    19862 23321 23323
    19863 23324 23325
    19864 23324 23326
    19865 23327 23328
    19866 23327 23329
    19867 23330 23331
    19868 23330 23332
    19869 23333 23334
    19870 23333 23335
    19871 23336 23337
    19872 23336 23338
    19873 23339 23340
    19874 23339 23341
    19875 23342 23343
    19876 23342 23344
    19877 23345 23346
    19878 23345 23347
    19879 23348 23349
    19880 23348 23350
    19881 23351 23352
    19882 23351 23353
    19883 23354 23355
    19884 23354 23356
    19885 23357 23358
    19886 23357 23359
    19887 23360 23361
    19888 23360 23362
    19889 23363 23364
    19890 23363 23365
    19891 23366 23367
    19892 23366 23368
    19893 23369 23370
    19894 23369 23371
    19895 23372 23373
    19896 23372 23374
    19897 23375 23376
    19898 23375 23377
    19899 23378 23379
    19900 23378 23380
    19901 23381 23382
    19902 23381 23383
    19903 23384 23385
    19904 23384 23386
    19905 23387 23388
    19906 23387 23389
    19907 23390 23391
    19908 23390 23392
    19909 23393 23394
    19910 23393 23395
    19911 23396 23397
    19912 23396 23398
    19913 23399 23400
    19914 23399 23401
    19915 23402 23403
    19916 23402 23404
    19917 23405 23406
    19918 23405 23407
    19919 23408 23409
    19920 23408 23410
    19921 23411 23412
    19922 23411 23413
    19923 23414 23415
    19924 23414 23416
    19925 23417 23418
    19926 23417 23419
    19927 23420 23421
    19928 23420 23422
    19929 23423 23424
    19930 23423 23425
    19931 23426 23427
    19932 23426 23428
    19933 23429 23430
    19934 23429 23431
    19935 23432 23433
    19936 23432 23434
    19937 23435 23436
    19938 23435 23437
    19939 23438 23439
    19940 23438 23440
    19941 23441 23442
    19942 23441 23443
    19943 23444 23445
    19944 23444 23446
    19945 23447 23448
    19946 23447 23449
    19947 23450 23451
    19948 23450 23452
    19949 23453 23454
    19950 23453 23455
    19951 23456 23457
    19952 23456 23458
    19953 23459 23460
    19954 23459 23461
    19955 23462 23463
    19956 23462 23464
    19957 23465 23466
    19958 23465 23467
    19959 23468 23469
    19960 23468 23470
    19961 23471 23472
    19962 23471 23473
    19963 23474 23475
    19964 23474 23476
    19965 23477 23478
    19966 23477 23479
    19967 23480 23481
    19968 23480 23482
    19969 23483 23484
    19970 23483 23485
    19971 23486 23487
    19972 23486 23488
    19973 23489 23490
    19974 23489 23491
    19975 23492 23493
    19976 23492 23494
    19977 23495 23496
    19978 23495 23497
    19979 23498 23499
    19980 23498 23500
    19981 23501 23502
    19982 23501 23503
    19983 23504 23505
    19984 23504 23506
    19985 23507 23508
    19986 23507 23509
    19987 23510 23511
    19988 23510 23512
    19989 23513 23514
    19990 23513 23515
    19991 23516 23517
    19992 23516 23518
    19993 23519 23520
    19994 23519 23521
    19995 23522 23523
    19996 23522 23524
    19997 23525 23526
    19998 23525 23527
    19999 23528 23529
    20000 23528 23530
    20001 23531 23532
    20002 23531 23533
    20003 23534 23535
    20004 23534 23536
    20005 23537 23538
    20006 23537 23539
    20007 23540 23541
    20008 23540 23542
    20009 23543 23544
    20010 23543 23545
    20011 23546 23547
    20012 23546 23548
    20013 23549 23550
    20014 23549 23551
    20015 23552 23553
    20016 23552 23554
    20017 23555 23556
    20018 23555 23557
    20019 23558 23559
    20020 23558 23560
    20021 23561 23562
    20022 23561 23563
    20023 23564 23565
    20024 23564 23566
    20025 23567 23568
    20026 23567 23569
    20027 23570 23571
    20028 23570 23572
    20029 23573 23574
    20030 23573 23575
    20031 23576 23577
    20032 23576 23578
    20033 23579 23580
    20034 23579 23581
    20035 23582 23583
    20036 23582 23584
    20037 23585 23586
    20038 23585 23587
    20039 23588 23589
    20040 23588 23590
    20041 23591 23592
    20042 23591 23593
    20043 23594 23595
    20044 23594 23596
    20045 23597 23598
    20046 23597 23599
    20047 23600 23601
    20048 23600 23602
    20049 23603 23604
    20050 23603 23605
    20051 23606 23607
    20052 23606 23608
    20053 23609 23610
    20054 23609 23611
    20055 23612 23613
    20056 23612 23614
    20057 23615 23616
    20058 23615 23617
    20059 23618 23619
    20060 23618 23620
    20061 23621 23622
    20062 23621 23623
    20063 23624 23625
    20064 23624 23626
    20065 23627 23628
    20066 23627 23629
    20067 23630 23631
    20068 23630 23632
    20069 23633 23634
    20070 23633 23635
    20071 23636 23637
    20072 23636 23638
    20073 23639 23640
    20074 23639 23641
    20075 23642 23643
    20076 23642 23644
    20077 23645 23646
    20078 23645 23647
    20079 23648 23649
    20080 23648 23650
    20081 23651 23652
    20082 23651 23653
    20083 23654 23655
    20084 23654 23656
    20085 23657 23658
    20086 23657 23659
    20087 23660 23661
    20088 23660 23662
    20089 23663 23664
    20090 23663 23665
    20091 23666 23667
    20092 23666 23668
    20093 23669 23670
    20094 23669 23671
    20095 23672 23673
    20096 23672 23674
    20097 23675 23676
    20098 23675 23677
    20099 23678 23679
    20100 23678 23680
    20101 23681 23682
    20102 23681 23683
    20103 23684 23685
    20104 23684 23686
    20105 23687 23688
    20106 23687 23689
    20107 23690 23691
    20108 23690 23692
    20109 23693 23694
    20110 23693 23695
    20111 23696 23697
    20112 23696 23698
    20113 23699 23700
    20114 23699 23701
    20115 23702 23703
    20116 23702 23704
    20117 23705 23706
    20118 23705 23707
    20119 23708 23709
    20120 23708 23710
    20121 23711 23712
    20122 23711 23713
    20123 23714 23715
    20124 23714 23716
    20125 23717 23718
    20126 23717 23719
    20127 23720 23721
    20128 23720 23722
    20129 23723 23724
    20130 23723 23725
    20131 23726 23727
    20132 23726 23728
    20133 23729 23730
    20134 23729 23731
    20135 23732 23733
    20136 23732 23734
    20137 23735 23736
    20138 23735 23737
    20139 23738 23739
    20140 23738 23740
    20141 23741 23742
    20142 23741 23743
    20143 23744 23745
    20144 23744 23746
    20145 23747 23748
    20146 23747 23749
    20147 23750 23751
    20148 23750 23752
    20149 23753 23754
    20150 23753 23755
    20151 23756 23757
    20152 23756 23758
    20153 23759 23760
    20154 23759 23761
    20155 23762 23763
    20156 23762 23764
    20157 23765 23766
    20158 23765 23767
    20159 23768 23769
    20160 23768 23770
    20161 23771 23772
    20162 23771 23773
    20163 23774 23775
    20164 23774 23776
    20165 23777 23778
    20166 23777 23779
    20167 23780 23781
    20168 23780 23782
    20169 23783 23784
    20170 23783 23785
    20171 23786 23787
    20172 23786 23788
    20173 23789 23790
    20174 23789 23791
    20175 23792 23793
    20176 23792 23794
    20177 23795 23796
    20178 23795 23797
    20179 23798 23799
    20180 23798 23800
    20181 23801 23802
    20182 23801 23803
    20183 23804 23805
    20184 23804 23806
    20185 23807 23808
    20186 23807 23809
    20187 23810 23811
    20188 23810 23812
    20189 23813 23814
    20190 23813 23815
    20191 23816 23817
    20192 23816 23818
    20193 23819 23820
    20194 23819 23821
    20195 23822 23823
    20196 23822 23824
    20197 23825 23826
    20198 23825 23827
    20199 23828 23829
    20200 23828 23830
    20201 23831 23832
    20202 23831 23833
    20203 23834 23835
    20204 23834 23836
    20205 23837 23838
    20206 23837 23839
    20207 23840 23841
    20208 23840 23842
    20209 23843 23844
    20210 23843 23845
    20211 23846 23847
    20212 23846 23848
    20213 23849 23850
    20214 23849 23851
    20215 23852 23853
    20216 23852 23854
    20217 23855 23856
    20218 23855 23857
    20219 23858 23859
    20220 23858 23860
    20221 23861 23862
    20222 23861 23863
    20223 23864 23865
    20224 23864 23866
    20225 23867 23868
    20226 23867 23869
    20227 23870 23871
    20228 23870 23872
    20229 23873 23874
    20230 23873 23875
    20231 23876 23877
    20232 23876 23878
    20233 23879 23880
    20234 23879 23881
    20235 23882 23883
    20236 23882 23884
    20237 23885 23886
    20238 23885 23887
    20239 23888 23889
    20240 23888 23890
    20241 23891 23892
    20242 23891 23893
    20243 23894 23895
    20244 23894 23896
    20245 23897 23898
    20246 23897 23899
    20247 23900 23901
    20248 23900 23902
    20249 23903 23904
    20250 23903 23905
    20251 23906 23907
    20252 23906 23908
    20253 23909 23910
    20254 23909 23911
    20255 23912 23913
    20256 23912 23914
    20257 23915 23916
    20258 23915 23917
    20259 23918 23919
    20260 23918 23920
    20261 23921 23922
    20262 23921 23923
    20263 23924 23925
    20264 23924 23926
    20265 23927 23928
    20266 23927 23929
    20267 23930 23931
    20268 23930 23932
    20269 23933 23934
    20270 23933 23935
    20271 23936 23937
    20272 23936 23938
    20273 23939 23940
    20274 23939 23941
    20275 23942 23943
    20276 23942 23944
    20277 23945 23946
    20278 23945 23947
    20279 23948 23949
    20280 23948 23950
    20281 23951 23952
    20282 23951 23953
    20283 23954 23955
    20284 23954 23956
    20285 23957 23958
    20286 23957 23959
    20287 23960 23961
    20288 23960 23962
    20289 23963 23964
    20290 23963 23965
    20291 23966 23967
    20292 23966 23968
    20293 23969 23970
    20294 23969 23971
    20295 23972 23973
    20296 23972 23974
    20297 23975 23976
    20298 23975 23977
    20299 23978 23979
    20300 23978 23980
    20301 23981 23982
    20302 23981 23983
    20303 23984 23985
    20304 23984 23986
    20305 23987 23988
    20306 23987 23989
    20307 23990 23991
    20308 23990 23992
    20309 23993 23994
    20310 23993 23995
    20311 23996 23997
    20312 23996 23998
    20313 23999 24000
    20314 23999 24001
    20315 24002 24003
    20316 24002 24004
    20317 24005 24006
    20318 24005 24007
    20319 24008 24009
    20320 24008 24010
    20321 24011 24012
    20322 24011 24013
    20323 24014 24015
    20324 24014 24016
    20325 24017 24018
    20326 24017 24019
    20327 24020 24021
    20328 24020 24022
    20329 24023 24024
    20330 24023 24025
    20331 24026 24027
    20332 24026 24028
    20333 24029 24030
    20334 24029 24031
    20335 24032 24033
    20336 24032 24034
    20337 24035 24036
    20338 24035 24037
    20339 24038 24039
    20340 24038 24040
    20341 24041 24042
    20342 24041 24043
    20343 24044 24045
    20344 24044 24046
    20345 24047 24048
    20346 24047 24049
    20347 24050 24051
    20348 24050 24052
    20349 24053 24054
    20350 24053 24055
    20351 24056 24057
    20352 24056 24058
    20353 24059 24060
    20354 24059 24061
    20355 24062 24063
    20356 24062 24064
    20357 24065 24066
    20358 24065 24067
    20359 24068 24069
    20360 24068 24070
    20361 24071 24072
    20362 24071 24073
    20363 24074 24075
    20364 24074 24076
    20365 24077 24078
    20366 24077 24079
    20367 24080 24081
    20368 24080 24082
    20369 24083 24084
    20370 24083 24085
    20371 24086 24087
    20372 24086 24088
    20373 24089 24090
    20374 24089 24091
    20375 24092 24093
    20376 24092 24094
    20377 24095 24096
    20378 24095 24097
    20379 24098 24099
    20380 24098 24100
    20381 24101 24102
    20382 24101 24103
    20383 24104 24105
    20384 24104 24106
    20385 24107 24108
    20386 24107 24109
    20387 24110 24111
    20388 24110 24112
    20389 24113 24114
    20390 24113 24115
    20391 24116 24117
    20392 24116 24118
    20393 24119 24120
    20394 24119 24121
    20395 24122 24123
    20396 24122 24124
    20397 24125 24126
    20398 24125 24127
    20399 24128 24129
    20400 24128 24130
    20401 24131 24132
    20402 24131 24133
    20403 24134 24135
    20404 24134 24136
    20405 24137 24138
    20406 24137 24139
    20407 24140 24141
    20408 24140 24142
    20409 24143 24144
    20410 24143 24145
    20411 24146 24147
    20412 24146 24148
    20413 24149 24150
    20414 24149 24151
    20415 24152 24153
    20416 24152 24154
    20417 24155 24156
    20418 24155 24157
    20419 24158 24159
    20420 24158 24160
    20421 24161 24162
    20422 24161 24163
    20423 24164 24165
    20424 24164 24166
    20425 24167 24168
    20426 24167 24169
    20427 24170 24171
    20428 24170 24172
    20429 24173 24174
    20430 24173 24175
    20431 24176 24177
    20432 24176 24178
    20433 24179 24180
    20434 24179 24181
    20435 24182 24183
    20436 24182 24184
    20437 24185 24186
    20438 24185 24187
    20439 24188 24189
    20440 24188 24190
    20441 24191 24192
    20442 24191 24193
    20443 24194 24195
    20444 24194 24196
    20445 24197 24198
    20446 24197 24199
    20447 24200 24201
    20448 24200 24202
    20449 24203 24204
    20450 24203 24205
    20451 24206 24207
    20452 24206 24208
    20453 24209 24210
    20454 24209 24211
    20455 24212 24213
    20456 24212 24214
    20457 24215 24216
    20458 24215 24217
    20459 24218 24219
    20460 24218 24220
    20461 24221 24222
    20462 24221 24223
    20463 24224 24225
    20464 24224 24226
    20465 24227 24228
    20466 24227 24229
    20467 24230 24231
    20468 24230 24232
    20469 24233 24234
    20470 24233 24235
    20471 24236 24237
    20472 24236 24238
    20473 24239 24240
    20474 24239 24241
    20475 24242 24243
    20476 24242 24244
    20477 24245 24246
    20478 24245 24247
    20479 24248 24249
    20480 24248 24250
    20481 24251 24252
    20482 24251 24253
    20483 24254 24255
    20484 24254 24256
    20485 24257 24258
    20486 24257 24259
    20487 24260 24261
    20488 24260 24262
    20489 24263 24264
    20490 24263 24265
    20491 24266 24267
    20492 24266 24268
    20493 24269 24270
    20494 24269 24271
    20495 24272 24273
    20496 24272 24274
    20497 24275 24276
    20498 24275 24277
    20499 24278 24279
    20500 24278 24280
    20501 24281 24282
    20502 24281 24283
    20503 24284 24285
    20504 24284 24286
    20505 24287 24288
    20506 24287 24289
    20507 24290 24291
    20508 24290 24292
    20509 24293 24294
    20510 24293 24295
    20511 24296 24297
    20512 24296 24298
    20513 24299 24300
    20514 24299 24301
    20515 24302 24303
    20516 24302 24304
    20517 24305 24306
    20518 24305 24307
    20519 24308 24309
    20520 24308 24310
    20521 24311 24312
    20522 24311 24313
    20523 24314 24315
    20524 24314 24316
    20525 24317 24318
    20526 24317 24319
    20527 24320 24321
    20528 24320 24322
    20529 24323 24324
    20530 24323 24325
    20531 24326 24327
    20532 24326 24328
    20533 24329 24330
    20534 24329 24331
    20535 24332 24333
    20536 24332 24334
    20537 24335 24336
    20538 24335 24337
    20539 24338 24339
    20540 24338 24340
    20541 24341 24342
    20542 24341 24343
    20543 24344 24345
    20544 24344 24346
    20545 24347 24348
    20546 24347 24349
    20547 24350 24351
    20548 24350 24352
    20549 24353 24354
    20550 24353 24355
    20551 24356 24357
    20552 24356 24358
    20553 24359 24360
    20554 24359 24361
    20555 24362 24363
    20556 24362 24364
    20557 24365 24366
    20558 24365 24367
    20559 24368 24369
    20560 24368 24370
    20561 24371 24372
    20562 24371 24373
    20563 24374 24375
    20564 24374 24376
    20565 24377 24378
    20566 24377 24379
    20567 24380 24381
    20568 24380 24382
    20569 24383 24384
    20570 24383 24385
    20571 24386 24387
    20572 24386 24388
    20573 24389 24390
    20574 24389 24391
    20575 24392 24393
    20576 24392 24394
    20577 24395 24396
    20578 24395 24397
    20579 24398 24399
    20580 24398 24400
    20581 24401 24402
    20582 24401 24403
    20583 24404 24405
    20584 24404 24406
    20585 24407 24408
    20586 24407 24409
    20587 24410 24411
    20588 24410 24412
    20589 24413 24414
    20590 24413 24415
    20591 24416 24417
    20592 24416 24418
    20593 24419 24420
    20594 24419 24421
    20595 24422 24423
    20596 24422 24424
    20597 24425 24426
    20598 24425 24427
    20599 24428 24429
    20600 24428 24430
    20601 24431 24432
    20602 24431 24433
    20603 24434 24435
    20604 24434 24436
    20605 24437 24438
    20606 24437 24439
    20607 24440 24441
    20608 24440 24442
    20609 24443 24444
    20610 24443 24445
    20611 24446 24447
    20612 24446 24448
    20613 24449 24450
    20614 24449 24451
    20615 24452 24453
    20616 24452 24454
    20617 24455 24456
    20618 24455 24457
    20619 24458 24459
    20620 24458 24460
    20621 24461 24462
    20622 24461 24463
    20623 24464 24465
    20624 24464 24466
    20625 24467 24468
    20626 24467 24469
    20627 24470 24471
    20628 24470 24472
    20629 24473 24474
    20630 24473 24475
    20631 24476 24477
    20632 24476 24478
    20633 24479 24480
    20634 24479 24481
    20635 24482 24483
    20636 24482 24484
    20637 24485 24486
    20638 24485 24487
    20639 24488 24489
    20640 24488 24490
    20641 24491 24492
    20642 24491 24493
    20643 24494 24495
    20644 24494 24496
    20645 24497 24498
    20646 24497 24499
    20647 24500 24501
    20648 24500 24502
    20649 24503 24504
    20650 24503 24505
    20651 24506 24507
    20652 24506 24508
    20653 24509 24510
    20654 24509 24511
    20655 24512 24513
    20656 24512 24514
    20657 24515 24516
    20658 24515 24517
    20659 24518 24519
    20660 24518 24520
    20661 24521 24522
    20662 24521 24523
    20663 24524 24525
    20664 24524 24526
    20665 24527 24528
    20666 24527 24529
    20667 24530 24531
    20668 24530 24532
    20669 24533 24534
    20670 24533 24535
    20671 24536 24537
    20672 24536 24538
    20673 24539 24540
    20674 24539 24541
    20675 24542 24543
    20676 24542 24544
    20677 24545 24546
    20678 24545 24547
    20679 24548 24549
    20680 24548 24550
    20681 24551 24552
    20682 24551 24553
    20683 24554 24555
    20684 24554 24556
    20685 24557 24558
    20686 24557 24559
    20687 24560 24561
    20688 24560 24562
    20689 24563 24564
    20690 24563 24565
    20691 24566 24567
    20692 24566 24568
    20693 24569 24570
    20694 24569 24571
    20695 24572 24573
    20696 24572 24574
    20697 24575 24576
    20698 24575 24577
    20699 24578 24579
    20700 24578 24580
    20701 24581 24582
    20702 24581 24583
    20703 24584 24585
    20704 24584 24586
    20705 24587 24588
    20706 24587 24589
    20707 24590 24591
    20708 24590 24592
    20709 24593 24594
    20710 24593 24595
    20711 24596 24597
    20712 24596 24598
    20713 24599 24600
    20714 24599 24601
    20715 24602 24603
    20716 24602 24604
    20717 24605 24606
    20718 24605 24607
    20719 24608 24609
    20720 24608 24610
    20721 24611 24612
    20722 24611 24613
    20723 24614 24615
    20724 24614 24616
    20725 24617 24618
    20726 24617 24619
    20727 24620 24621
    20728 24620 24622
    20729 24623 24624
    20730 24623 24625
    20731 24626 24627
    20732 24626 24628
    20733 24629 24630
    20734 24629 24631
    20735 24632 24633
    20736 24632 24634
    20737 24635 24636
    20738 24635 24637
    20739 24638 24639
    20740 24638 24640
    20741 24641 24642
    20742 24641 24643
    20743 24644 24645
    20744 24644 24646
    20745 24647 24648
    20746 24647 24649
    20747 24650 24651
    20748 24650 24652
    20749 24653 24654
    20750 24653 24655
    20751 24656 24657
    20752 24656 24658
    20753 24659 24660
    20754 24659 24661
    20755 24662 24663
    20756 24662 24664
    20757 24665 24666
    20758 24665 24667
    20759 24668 24669
    20760 24668 24670
    20761 24671 24672
    20762 24671 24673
    20763 24674 24675
    20764 24674 24676
    20765 24677 24678
    20766 24677 24679
    20767 24680 24681
    20768 24680 24682
    20769 24683 24684
    20770 24683 24685
    20771 24686 24687
    20772 24686 24688
    20773 24689 24690
    20774 24689 24691
    20775 24692 24693
    20776 24692 24694
    20777 24695 24696
    20778 24695 24697
    20779 24698 24699
    20780 24698 24700
    20781 24701 24702
    20782 24701 24703
    20783 24704 24705
    20784 24704 24706
    20785 24707 24708
    20786 24707 24709
    20787 24710 24711
    20788 24710 24712
    20789 24713 24714
    20790 24713 24715
    20791 24716 24717
    20792 24716 24718
    20793 24719 24720
    20794 24719 24721
    20795 24722 24723
    20796 24722 24724
    20797 24725 24726
    20798 24725 24727
    20799 24728 24729
    20800 24728 24730
    20801 24731 24732
    20802 24731 24733
    20803 24734 24735
    20804 24734 24736
    20805 24737 24738
    20806 24737 24739
    20807 24740 24741
    20808 24740 24742
    20809 24743 24744
    20810 24743 24745
    20811 24746 24747
    20812 24746 24748
    20813 24749 24750
    20814 24749 24751
    20815 24752 24753
    20816 24752 24754
    20817 24755 24756
    20818 24755 24757
    20819 24758 24759
    20820 24758 24760
    20821 24761 24762
    20822 24761 24763
    20823 24764 24765
    20824 24764 24766
    20825 24767 24768
    20826 24767 24769
    20827 24770 24771
    20828 24770 24772
    20829 24773 24774
    20830 24773 24775
    20831 24776 24777
    20832 24776 24778
    20833 24779 24780
    20834 24779 24781
    20835 24782 24783
    20836 24782 24784
    20837 24785 24786
    20838 24785 24787
    20839 24788 24789
    20840 24788 24790
    20841 24791 24792
    20842 24791 24793
    20843 24794 24795
    20844 24794 24796
    20845 24797 24798
    20846 24797 24799
    20847 24800 24801
    20848 24800 24802
    20849 24803 24804
    20850 24803 24805
    20851 24806 24807
    20852 24806 24808
    20853 24809 24810
    20854 24809 24811
    20855 24812 24813
    20856 24812 24814
    20857 24815 24816
    20858 24815 24817
    20859 24818 24819
    20860 24818 24820
    20861 24821 24822
    20862 24821 24823
    20863 24824 24825
    20864 24824 24826
    20865 24827 24828
    20866 24827 24829
    20867 24830 24831
    20868 24830 24832
    20869 24833 24834
    20870 24833 24835
    20871 24836 24837
    20872 24836 24838
    20873 24839 24840
    20874 24839 24841
    20875 24842 24843
    20876 24842 24844
    20877 24845 24846
    20878 24845 24847
    20879 24848 24849
    20880 24848 24850
    20881 24851 24852
    20882 24851 24853
    20883 24854 24855
    20884 24854 24856
    20885 24857 24858
    20886 24857 24859
    20887 24860 24861
    20888 24860 24862
    20889 24863 24864
    20890 24863 24865
    20891 24866 24867
    20892 24866 24868
    20893 24869 24870
    20894 24869 24871
    20895 24872 24873
    20896 24872 24874
    20897 24875 24876
    20898 24875 24877
    20899 24878 24879
    20900 24878 24880
    20901 24881 24882
    20902 24881 24883
    20903 24884 24885
    20904 24884 24886
    20905 24887 24888
    20906 24887 24889
    20907 24890 24891
    20908 24890 24892
    20909 24893 24894
    20910 24893 24895
    20911 24896 24897
    20912 24896 24898
    20913 24899 24900
    20914 24899 24901
    20915 24902 24903
    20916 24902 24904
    20917 24905 24906
    20918 24905 24907
    20919 24908 24909
    20920 24908 24910
    20921 24911 24912
    20922 24911 24913
    20923 24914 24915
    20924 24914 24916
    20925 24917 24918
    20926 24917 24919
    20927 24920 24921
    20928 24920 24922
    20929 24923 24924
    20930 24923 24925
    20931 24926 24927
    20932 24926 24928
    20933 24929 24930
    20934 24929 24931
    20935 24932 24933
    20936 24932 24934
    20937 24935 24936
    20938 24935 24937
    20939 24938 24939
    20940 24938 24940
    20941 24941 24942
    20942 24941 24943
    20943 24944 24945
    20944 24944 24946
    20945 24947 24948
    20946 24947 24949
    20947 24950 24951
    20948 24950 24952
    20949 24953 24954
    20950 24953 24955
    20951 24956 24957
    20952 24956 24958
    20953 24959 24960
    20954 24959 24961
    20955 24962 24963
    20956 24962 24964
    20957 24965 24966
    20958 24965 24967
    20959 24968 24969
    20960 24968 24970
    20961 24971 24972
    20962 24971 24973
    20963 24974 24975
    20964 24974 24976
    20965 24977 24978
    20966 24977 24979
    20967 24980 24981
    20968 24980 24982
    20969 24983 24984
    20970 24983 24985
    20971 24986 24987
    20972 24986 24988
    20973 24989 24990
    20974 24989 24991
    20975 24992 24993
    20976 24992 24994
    20977 24995 24996
    20978 24995 24997
    20979 24998 24999
    20980 24998 25000
    20981 25001 25002
    20982 25001 25003
    20983 25004 25005
    20984 25004 25006
    20985 25007 25008
    20986 25007 25009
    20987 25010 25011
    20988 25010 25012
    20989 25013 25014
    20990 25013 25015
    20991 25016 25017
    20992 25016 25018
    20993 25019 25020
    20994 25019 25021
    20995 25022 25023
    20996 25022 25024
    20997 25025 25026
    20998 25025 25027
    20999 25028 25029
    21000 25028 25030
    21001 25031 25032
    21002 25031 25033
    21003 25034 25035
    21004 25034 25036
    21005 25037 25038
    21006 25037 25039
    21007 25040 25041
    21008 25040 25042
    21009 25043 25044
    21010 25043 25045
    21011 25046 25047
    21012 25046 25048
    21013 25049 25050
    21014 25049 25051
    21015 25052 25053
    21016 25052 25054
    21017 25055 25056
    21018 25055 25057
    21019 25058 25059
    21020 25058 25060
    21021 25061 25062
    21022 25061 25063
    21023 25064 25065
    21024 25064 25066
    21025 25067 25068
    21026 25067 25069
    21027 25070 25071
    21028 25070 25072
    21029 25073 25074
    21030 25073 25075
    21031 25076 25077
    21032 25076 25078
    21033 25079 25080
    21034 25079 25081
    21035 25082 25083
    21036 25082 25084
    21037 25085 25086
    21038 25085 25087
    21039 25088 25089
    21040 25088 25090
    21041 25091 25092
    21042 25091 25093
    21043 25094 25095
    21044 25094 25096
    21045 25097 25098
    21046 25097 25099
    21047 25100 25101
    21048 25100 25102
    21049 25103 25104
    21050 25103 25105
    21051 25106 25107
    21052 25106 25108
    21053 25109 25110
    21054 25109 25111
    21055 25112 25113
    21056 25112 25114
    21057 25115 25116
    21058 25115 25117
    21059 25118 25119
    21060 25118 25120
    21061 25121 25122
    21062 25121 25123
    21063 25124 25125
    21064 25124 25126
    21065 25127 25128
    21066 25127 25129
    21067 25130 25131
    21068 25130 25132
    21069 25133 25134
    21070 25133 25135
    21071 25136 25137
    21072 25136 25138
    21073 25139 25140
    21074 25139 25141
    21075 25142 25143
    21076 25142 25144
    21077 25145 25146
    21078 25145 25147
    21079 25148 25149
    21080 25148 25150
    21081 25151 25152
    21082 25151 25153
    21083 25154 25155
    21084 25154 25156
    21085 25157 25158
    21086 25157 25159
    21087 25160 25161
    21088 25160 25162
    21089 25163 25164
    21090 25163 25165
    21091 25166 25167
    21092 25166 25168
    21093 25169 25170
    21094 25169 25171
    21095 25172 25173
    21096 25172 25174
    21097 25175 25176
    21098 25175 25177
    21099 25178 25179
    21100 25178 25180
    21101 25181 25182
    21102 25181 25183
    21103 25184 25185
    21104 25184 25186
    21105 25187 25188
    21106 25187 25189
    21107 25190 25191
    21108 25190 25192
    21109 25193 25194
    21110 25193 25195
    21111 25196 25197
    21112 25196 25198
    21113 25199 25200
    21114 25199 25201
    21115 25202 25203
    21116 25202 25204
    21117 25205 25206
    21118 25205 25207
    21119 25208 25209
    21120 25208 25210
    21121 25211 25212
    21122 25211 25213
    21123 25214 25215
    21124 25214 25216
    21125 25217 25218
    21126 25217 25219
    21127 25220 25221
    21128 25220 25222
    21129 25223 25224
    21130 25223 25225
    21131 25226 25227
    21132 25226 25228
    21133 25229 25230
    21134 25229 25231
    21135 25232 25233
    21136 25232 25234
    21137 25235 25236
    21138 25235 25237
    21139 25238 25239
    21140 25238 25240
    21141 25241 25242
    21142 25241 25243
    21143 25244 25245
    21144 25244 25246
    21145 25247 25248
    21146 25247 25249
    21147 25250 25251
    21148 25250 25252
    21149 25253 25254
    21150 25253 25255
    21151 25256 25257
    21152 25256 25258
    21153 25259 25260
    21154 25259 25261
    21155 25262 25263
    21156 25262 25264
    21157 25265 25266
    21158 25265 25267
    21159 25268 25269
    21160 25268 25270
    21161 25271 25272
    21162 25271 25273
    21163 25274 25275
    21164 25274 25276
    21165 25277 25278
    21166 25277 25279
    21167 25280 25281
    21168 25280 25282
    21169 25283 25284
    21170 25283 25285
    21171 25286 25287
    21172 25286 25288
    21173 25289 25290
    21174 25289 25291
    21175 25292 25293
    21176 25292 25294
    21177 25295 25296
    21178 25295 25297
    21179 25298 25299
    21180 25298 25300
    21181 25301 25302
    21182 25301 25303
    21183 25304 25305
    21184 25304 25306
    21185 25307 25308
    21186 25307 25309
    21187 25310 25311
    21188 25310 25312
    21189 25313 25314
    21190 25313 25315
    21191 25316 25317
    21192 25316 25318
    21193 25319 25320
    21194 25319 25321
    21195 25322 25323
    21196 25322 25324
    21197 25325 25326
    21198 25325 25327
    21199 25328 25329
    21200 25328 25330
    21201 25331 25332
    21202 25331 25333
    21203 25334 25335
    21204 25334 25336
    21205 25337 25338
    21206 25337 25339
    21207 25340 25341
    21208 25340 25342
    21209 25343 25344
    21210 25343 25345
    21211 25346 25347
    21212 25346 25348
    21213 25349 25350
    21214 25349 25351
    21215 25352 25353
    21216 25352 25354
    21217 25355 25356
    21218 25355 25357
    21219 25358 25359
    21220 25358 25360
    21221 25361 25362
    21222 25361 25363
    21223 25364 25365
    21224 25364 25366
    21225 25367 25368
    21226 25367 25369
    21227 25370 25371
    21228 25370 25372
    21229 25373 25374
    21230 25373 25375
    21231 25376 25377
    21232 25376 25378
    21233 25379 25380
    21234 25379 25381
    21235 25382 25383
    21236 25382 25384
    21237 25385 25386
    21238 25385 25387
    21239 25388 25389
    21240 25388 25390
    21241 25391 25392
    21242 25391 25393
    21243 25394 25395
    21244 25394 25396
    21245 25397 25398
    21246 25397 25399
    21247 25400 25401
    21248 25400 25402
    21249 25403 25404
    21250 25403 25405
    21251 25406 25407
    21252 25406 25408
    21253 25409 25410
    21254 25409 25411
    21255 25412 25413
    21256 25412 25414
    21257 25415 25416
    21258 25415 25417
    21259 25418 25419
    21260 25418 25420
    21261 25421 25422
    21262 25421 25423
    21263 25424 25425
    21264 25424 25426
    21265 25427 25428
    21266 25427 25429
    21267 25430 25431
    21268 25430 25432
    21269 25433 25434
    21270 25433 25435
    21271 25436 25437
    21272 25436 25438
    21273 25439 25440
    21274 25439 25441
    21275 25442 25443
    21276 25442 25444
    21277 25445 25446
    21278 25445 25447
    21279 25448 25449
    21280 25448 25450
    21281 25451 25452
    21282 25451 25453
    21283 25454 25455
    21284 25454 25456
    21285 25457 25458
    21286 25457 25459
    21287 25460 25461
    21288 25460 25462
    21289 25463 25464
    21290 25463 25465
    21291 25466 25467
    21292 25466 25468
    21293 25469 25470
    21294 25469 25471
    21295 25472 25473
    21296 25472 25474
    21297 25475 25476
    21298 25475 25477
    21299 25478 25479
    21300 25478 25480
    21301 25481 25482
    21302 25481 25483
    21303 25484 25485
    21304 25484 25486
    21305 25487 25488
    21306 25487 25489
    21307 25490 25491
    21308 25490 25492
    21309 25493 25494
    21310 25493 25495
    21311 25496 25497
    21312 25496 25498
    21313 25499 25500
    21314 25499 25501
    21315 25502 25503
    21316 25502 25504
    21317 25505 25506
    21318 25505 25507
    21319 25508 25509
    21320 25508 25510
    21321 25511 25512
    21322 25511 25513
    21323 25514 25515
    21324 25514 25516
    21325 25517 25518
    21326 25517 25519
    21327 25520 25521
    21328 25520 25522
    21329 25523 25524
    21330 25523 25525
    21331 25526 25527
    21332 25526 25528
    21333 25529 25530
    21334 25529 25531
    21335 25532 25533
    21336 25532 25534
    21337 25535 25536
    21338 25535 25537
    21339 25538 25539
    21340 25538 25540
    21341 25541 25542
    21342 25541 25543
    21343 25544 25545
    21344 25544 25546
    21345 25547 25548
    21346 25547 25549
    21347 25550 25551
    21348 25550 25552
    21349 25553 25554
    21350 25553 25555
    21351 25556 25557
    21352 25556 25558
    21353 25559 25560
    21354 25559 25561
    21355 25562 25563
    21356 25562 25564
    21357 25565 25566
    21358 25565 25567
    21359 25568 25569
    21360 25568 25570
    21361 25571 25572
    21362 25571 25573
    21363 25574 25575
    21364 25574 25576
    21365 25577 25578
    21366 25577 25579
    21367 25580 25581
    21368 25580 25582
    21369 25583 25584
    21370 25583 25585
    21371 25586 25587
    21372 25586 25588
    21373 25589 25590
    21374 25589 25591
    21375 25592 25593
    21376 25592 25594
    21377 25595 25596
    21378 25595 25597
    21379 25598 25599
    21380 25598 25600
    21381 25601 25602
    21382 25601 25603
    21383 25604 25605
    21384 25604 25606
    21385 25607 25608
    21386 25607 25609
    21387 25610 25611
    21388 25610 25612
    21389 25613 25614
    21390 25613 25615
    21391 25616 25617
    21392 25616 25618
    21393 25619 25620
    21394 25619 25621
    21395 25622 25623
    21396 25622 25624
    21397 25625 25626
    21398 25625 25627
    21399 25628 25629
    21400 25628 25630
    21401 25631 25632
    21402 25631 25633
    21403 25634 25635
    21404 25634 25636
    21405 25637 25638
    21406 25637 25639
    21407 25640 25641
    21408 25640 25642
    21409 25643 25644
    21410 25643 25645
    21411 25646 25647
    21412 25646 25648
    21413 25649 25650
    21414 25649 25651
    21415 25652 25653
    21416 25652 25654
    21417 25655 25656
    21418 25655 25657
    21419 25658 25659
    21420 25658 25660
    21421 25661 25662
    21422 25661 25663
    21423 25664 25665
    21424 25664 25666
    21425 25667 25668
    21426 25667 25669
    21427 25670 25671
    21428 25670 25672
    21429 25673 25674
    21430 25673 25675
    21431 25676 25677
    21432 25676 25678
    21433 25679 25680
    21434 25679 25681
    21435 25682 25683
    21436 25682 25684
    21437 25685 25686
    21438 25685 25687
    21439 25688 25689
    21440 25688 25690
    21441 25691 25692
    21442 25691 25693
    21443 25694 25695
    21444 25694 25696
    21445 25697 25698
    21446 25697 25699
    21447 25700 25701
    21448 25700 25702
    21449 25703 25704
    21450 25703 25705
    21451 25706 25707
    21452 25706 25708
    21453 25709 25710
    21454 25709 25711
    21455 25712 25713
    21456 25712 25714
    21457 25715 25716
    21458 25715 25717
    21459 25718 25719
    21460 25718 25720
    21461 25721 25722
    21462 25721 25723
    21463 25724 25725
    21464 25724 25726
    21465 25727 25728
    21466 25727 25729
    21467 25730 25731
    21468 25730 25732
    21469 25733 25734
    21470 25733 25735
    21471 25736 25737
    21472 25736 25738
    21473 25739 25740
    21474 25739 25741
    21475 25742 25743
    21476 25742 25744
    21477 25745 25746
    21478 25745 25747
    21479 25748 25749
    21480 25748 25750
    21481 25751 25752
    21482 25751 25753
    21483 25754 25755
    21484 25754 25756
    21485 25757 25758
    21486 25757 25759
    21487 25760 25761
    21488 25760 25762
    21489 25763 25764
    21490 25763 25765
    21491 25766 25767
    21492 25766 25768
    21493 25769 25770
    21494 25769 25771
    21495 25772 25773
    21496 25772 25774
    21497 25775 25776
    21498 25775 25777
    21499 25778 25779
    21500 25778 25780
    21501 25781 25782
    21502 25781 25783
    21503 25784 25785
    21504 25784 25786
    21505 25787 25788
    21506 25787 25789
    21507 25790 25791
    21508 25790 25792
    21509 25793 25794
    21510 25793 25795
    21511 25796 25797
    21512 25796 25798
    21513 25799 25800
    21514 25799 25801
    21515 25802 25803
    21516 25802 25804
    21517 25805 25806
    21518 25805 25807
    21519 25808 25809
    21520 25808 25810
    21521 25811 25812
    21522 25811 25813
    21523 25814 25815
    21524 25814 25816
    21525 25817 25818
    21526 25817 25819
    21527 25820 25821
    21528 25820 25822
    21529 25823 25824
    21530 25823 25825
    21531 25826 25827
    21532 25826 25828
    21533 25829 25830
    21534 25829 25831
    21535 25832 25833
    21536 25832 25834
    21537 25835 25836
    21538 25835 25837
    21539 25838 25839
    21540 25838 25840
    21541 25841 25842
    21542 25841 25843
    21543 25844 25845
    21544 25844 25846
    21545 25847 25848
    21546 25847 25849
    21547 25850 25851
    21548 25850 25852
    21549 25853 25854
    21550 25853 25855
    21551 25856 25857
    21552 25856 25858
    21553 25859 25860
    21554 25859 25861
    21555 25862 25863
    21556 25862 25864
    21557 25865 25866
    21558 25865 25867
    21559 25868 25869
    21560 25868 25870
    21561 25871 25872
    21562 25871 25873
    21563 25874 25875
    21564 25874 25876
    21565 25877 25878
    21566 25877 25879
    21567 25880 25881
    21568 25880 25882
    21569 25883 25884
    21570 25883 25885
    21571 25886 25887
    21572 25886 25888
    21573 25889 25890
    21574 25889 25891
    21575 25892 25893
    21576 25892 25894
    21577 25895 25896
    21578 25895 25897
    21579 25898 25899
    21580 25898 25900
    21581 25901 25902
    21582 25901 25903
    21583 25904 25905
    21584 25904 25906
    21585 25907 25908
    21586 25907 25909
    21587 25910 25911
    21588 25910 25912
    21589 25913 25914
    21590 25913 25915
    21591 25916 25917
    21592 25916 25918
    21593 25919 25920
    21594 25919 25921
    21595 25922 25923
    21596 25922 25924
    21597 25925 25926
    21598 25925 25927
    21599 25928 25929
    21600 25928 25930
    21601 25931 25932
    21602 25931 25933
    21603 25934 25935
    21604 25934 25936
    21605 25937 25938
    21606 25937 25939
    21607 25940 25941
    21608 25940 25942
    21609 25943 25944
    21610 25943 25945
    21611 25946 25947
    21612 25946 25948
    21613 25949 25950
    21614 25949 25951
    21615 25952 25953
    21616 25952 25954
    21617 25955 25956
    21618 25955 25957
    21619 25958 25959
    21620 25958 25960
    21621 25961 25962
    21622 25961 25963
    21623 25964 25965
    21624 25964 25966
    21625 25967 25968
    21626 25967 25969
    21627 25970 25971
    21628 25970 25972
    21629 25973 25974
    21630 25973 25975
    21631 25976 25977
    21632 25976 25978
    21633 25979 25980
    21634 25979 25981
    21635 25982 25983
    21636 25982 25984
    21637 25985 25986
    21638 25985 25987
    21639 25988 25989
    21640 25988 25990
    21641 25991 25992
    21642 25991 25993
    21643 25994 25995
    21644 25994 25996
    21645 25997 25998
    21646 25997 25999
    21647 26000 26001
    21648 26000 26002
    21649 26003 26004
    21650 26003 26005
    21651 26006 26007
    21652 26006 26008
    21653 26009 26010
    21654 26009 26011
    21655 26012 26013
    21656 26012 26014
    21657 26015 26016
    21658 26015 26017
    21659 26018 26019
    21660 26018 26020
    21661 26021 26022
    21662 26021 26023
    21663 26024 26025
    21664 26024 26026
    21665 26027 26028
    21666 26027 26029
    21667 26030 26031
    21668 26030 26032
    21669 26033 26034
    21670 26033 26035
    21671 26036 26037
    21672 26036 26038
    21673 26039 26040
    21674 26039 26041
    21675 26042 26043
    21676 26042 26044
    21677 26045 26046
    21678 26045 26047
    21679 26048 26049
    21680 26048 26050
    21681 26051 26052
    21682 26051 26053
    21683 26054 26055
    21684 26054 26056
    21685 26057 26058
    21686 26057 26059
    21687 26060 26061
    21688 26060 26062
    21689 26063 26064
    21690 26063 26065
    21691 26066 26067
    21692 26066 26068
    21693 26069 26070
    21694 26069 26071
    21695 26072 26073
    21696 26072 26074
    21697 26075 26076
    21698 26075 26077
    21699 26078 26079
    21700 26078 26080
    21701 26081 26082
    21702 26081 26083
    21703 26084 26085
    21704 26084 26086
    21705 26087 26088
    21706 26087 26089
    21707 26090 26091
    21708 26090 26092
    21709 26093 26094
    21710 26093 26095
    21711 26096 26097
    21712 26096 26098
    21713 26099 26100
    21714 26099 26101
    21715 26102 26103
    21716 26102 26104
    21717 26105 26106
    21718 26105 26107
    21719 26108 26109
    21720 26108 26110
    21721 26111 26112
    21722 26111 26113
    21723 26114 26115
    21724 26114 26116
    21725 26117 26118
    21726 26117 26119
    21727 26120 26121
    21728 26120 26122
    21729 26123 26124
    21730 26123 26125
    21731 26126 26127
    21732 26126 26128
    21733 26129 26130
    21734 26129 26131
    21735 26132 26133
    21736 26132 26134
    21737 26135 26136
    21738 26135 26137
    21739 26138 26139
    21740 26138 26140
    21741 26141 26142
    21742 26141 26143
    21743 26144 26145
    21744 26144 26146
    21745 26147 26148
    21746 26147 26149
    21747 26150 26151
    21748 26150 26152
    21749 26153 26154
    21750 26153 26155
    21751 26156 26157
    21752 26156 26158
    21753 26159 26160
    21754 26159 26161
    21755 26162 26163
    21756 26162 26164
    21757 26165 26166
    21758 26165 26167
    21759 26168 26169
    21760 26168 26170
    21761 26171 26172
    21762 26171 26173
    21763 26174 26175
    21764 26174 26176
    21765 26177 26178
    21766 26177 26179
    21767 26180 26181
    21768 26180 26182
    21769 26183 26184
    21770 26183 26185
    21771 26186 26187
    21772 26186 26188
    21773 26189 26190
    21774 26189 26191
    21775 26192 26193
    21776 26192 26194
    21777 26195 26196
    21778 26195 26197
    21779 26198 26199
    21780 26198 26200
    21781 26201 26202
    21782 26201 26203
    21783 26204 26205
    21784 26204 26206
    21785 26207 26208
    21786 26207 26209
    21787 26210 26211
    21788 26210 26212
    21789 26213 26214
    21790 26213 26215
    21791 26216 26217
    21792 26216 26218
    21793 26219 26220
    21794 26219 26221
    21795 26222 26223
    21796 26222 26224
    21797 26225 26226
    21798 26225 26227
    21799 26228 26229
    21800 26228 26230
    21801 26231 26232
    21802 26231 26233
    21803 26234 26235
    21804 26234 26236
    21805 26237 26238
    21806 26237 26239
    21807 26240 26241
    21808 26240 26242
    21809 26243 26244
    21810 26243 26245
    21811 26246 26247
    21812 26246 26248
    21813 26249 26250
    21814 26249 26251
    21815 26252 26253
    21816 26252 26254
    21817 26255 26256
    21818 26255 26257
    21819 26258 26259
    21820 26258 26260
    21821 26261 26262
    21822 26261 26263
    21823 26264 26265
    21824 26264 26266
    21825 26267 26268
    21826 26267 26269
    21827 26270 26271
    21828 26270 26272
    21829 26273 26274
    21830 26273 26275
    21831 26276 26277
    21832 26276 26278
    21833 26279 26280
    21834 26279 26281
    21835 26282 26283
    21836 26282 26284
    21837 26285 26286
    21838 26285 26287
    21839 26288 26289
    21840 26288 26290
    21841 26291 26292
    21842 26291 26293
    21843 26294 26295
    21844 26294 26296
    21845 26297 26298
    21846 26297 26299
    21847 26300 26301
    21848 26300 26302
    21849 26303 26304
    21850 26303 26305
    21851 26306 26307
    21852 26306 26308
    21853 26309 26310
    21854 26309 26311
    21855 26312 26313
    21856 26312 26314
    21857 26315 26316
    21858 26315 26317
    21859 26318 26319
    21860 26318 26320
    21861 26321 26322
    21862 26321 26323
    21863 26324 26325
    21864 26324 26326
    21865 26327 26328
    21866 26327 26329
    21867 26330 26331
    21868 26330 26332
    21869 26333 26334
    21870 26333 26335
    21871 26336 26337
    21872 26336 26338
    21873 26339 26340
    21874 26339 26341
    21875 26342 26343
    21876 26342 26344
    21877 26345 26346
    21878 26345 26347
    21879 26348 26349
    21880 26348 26350
    21881 26351 26352
    21882 26351 26353
    21883 26354 26355
    21884 26354 26356
    21885 26357 26358
    21886 26357 26359
    21887 26360 26361
    21888 26360 26362
    21889 26363 26364
    21890 26363 26365
    21891 26366 26367
    21892 26366 26368
    21893 26369 26370
    21894 26369 26371
    21895 26372 26373
    21896 26372 26374
    21897 26375 26376
    21898 26375 26377
    21899 26378 26379
    21900 26378 26380
    21901 26381 26382
    21902 26381 26383
    21903 26384 26385
    21904 26384 26386
    21905 26387 26388
    21906 26387 26389
    21907 26390 26391
    21908 26390 26392
    21909 26393 26394
    21910 26393 26395
    21911 26396 26397
    21912 26396 26398
    21913 26399 26400
    21914 26399 26401
    21915 26402 26403
    21916 26402 26404
    21917 26405 26406
    21918 26405 26407
    21919 26408 26409
    21920 26408 26410
    21921 26411 26412
    21922 26411 26413
    21923 26414 26415
    21924 26414 26416
    21925 26417 26418
    21926 26417 26419
    21927 26420 26421
    21928 26420 26422
    21929 26423 26424
    21930 26423 26425
    21931 26426 26427
    21932 26426 26428
    21933 26429 26430
    21934 26429 26431
    21935 26432 26433
    21936 26432 26434
    21937 26435 26436
    21938 26435 26437
    21939 26438 26439
    21940 26438 26440
    21941 26441 26442
    21942 26441 26443
    21943 26444 26445
    21944 26444 26446
    21945 26447 26448
    21946 26447 26449
    21947 26450 26451
    21948 26450 26452
    21949 26453 26454
    21950 26453 26455
    21951 26456 26457
    21952 26456 26458
    21953 26459 26460
    21954 26459 26461
    21955 26462 26463
    21956 26462 26464
    21957 26465 26466
    21958 26465 26467
    21959 26468 26469
    21960 26468 26470
    21961 26471 26472
    21962 26471 26473
    21963 26474 26475
    21964 26474 26476
    21965 26477 26478
    21966 26477 26479
    21967 26480 26481
    21968 26480 26482
    21969 26483 26484
    21970 26483 26485
    21971 26486 26487
    21972 26486 26488
    21973 26489 26490
    21974 26489 26491
    21975 26492 26493
    21976 26492 26494
    21977 26495 26496
    21978 26495 26497
    21979 26498 26499
    21980 26498 26500
    21981 26501 26502
    21982 26501 26503
    21983 26504 26505
    21984 26504 26506
    21985 26507 26508
    21986 26507 26509
    21987 26510 26511
    21988 26510 26512
    21989 26513 26514
    21990 26513 26515
    21991 26516 26517
    21992 26516 26518
    21993 26519 26520
    21994 26519 26521
    21995 26522 26523
    21996 26522 26524
    21997 26525 26526
    21998 26525 26527
    21999 26528 26529
    22000 26528 26530
    22001 26531 26532
    22002 26531 26533
    22003 26534 26535
    22004 26534 26536
    22005 26537 26538
    22006 26537 26539
    22007 26540 26541
    22008 26540 26542
    22009 26543 26544
    22010 26543 26545
    22011 26546 26547
    22012 26546 26548
    22013 26549 26550
    22014 26549 26551
    22015 26552 26553
    22016 26552 26554
    22017 26555 26556
    22018 26555 26557
    22019 26558 26559
    22020 26558 26560
    22021 26561 26562
    22022 26561 26563
    22023 26564 26565
    22024 26564 26566
    22025 26567 26568
    22026 26567 26569
    22027 26570 26571
    22028 26570 26572
    22029 26573 26574
    22030 26573 26575
    22031 26576 26577
    22032 26576 26578
    22033 26579 26580
    22034 26579 26581
    22035 26582 26583
    22036 26582 26584
    22037 26585 26586
    22038 26585 26587
    22039 26588 26589
    22040 26588 26590
    22041 26591 26592
    22042 26591 26593
    22043 26594 26595
    22044 26594 26596
    22045 26597 26598
    22046 26597 26599
    22047 26600 26601
    22048 26600 26602
    22049 26603 26604
    22050 26603 26605
    22051 26606 26607
    22052 26606 26608
    22053 26609 26610
    22054 26609 26611
    22055 26612 26613
    22056 26612 26614
    22057 26615 26616
    22058 26615 26617
    22059 26618 26619
    22060 26618 26620
    22061 26621 26622
    22062 26621 26623
    22063 26624 26625
    22064 26624 26626
    22065 26627 26628
    22066 26627 26629
    22067 26630 26631
    22068 26630 26632
    22069 26633 26634
    22070 26633 26635
    22071 26636 26637
    22072 26636 26638
    22073 26639 26640
    22074 26639 26641
    22075 26642 26643
    22076 26642 26644
    22077 26645 26646
    22078 26645 26647
    22079 26648 26649
    22080 26648 26650
    22081 26651 26652
    22082 26651 26653
    22083 26654 26655
    22084 26654 26656
    22085 26657 26658
    22086 26657 26659
    22087 26660 26661
    22088 26660 26662
    22089 26663 26664
    22090 26663 26665
    22091 26666 26667
    22092 26666 26668
    22093 26669 26670
    22094 26669 26671
    22095 26672 26673
    22096 26672 26674
    22097 26675 26676
    22098 26675 26677
    22099 26678 26679
    22100 26678 26680
    22101 26681 26682
    22102 26681 26683
    22103 26684 26685
    22104 26684 26686
    22105 26687 26688
    22106 26687 26689
    22107 26690 26691
    22108 26690 26692
    22109 26693 26694
    22110 26693 26695
    22111 26696 26697
    22112 26696 26698
    22113 26699 26700
    22114 26699 26701
    22115 26702 26703
    22116 26702 26704
    22117 26705 26706
    22118 26705 26707
    22119 26708 26709
    22120 26708 26710
    22121 26711 26712
    22122 26711 26713
    22123 26714 26715
    22124 26714 26716
    22125 26717 26718
    22126 26717 26719
    22127 26720 26721
    22128 26720 26722
    22129 26723 26724
    22130 26723 26725
    22131 26726 26727
    22132 26726 26728
    22133 26729 26730
    22134 26729 26731
    22135 26732 26733
    22136 26732 26734
    22137 26735 26736
    22138 26735 26737
    22139 26738 26739
    22140 26738 26740
    22141 26741 26742
    22142 26741 26743
    22143 26744 26745
    22144 26744 26746
    22145 26747 26748
    22146 26747 26749
    22147 26750 26751
    22148 26750 26752
    22149 26753 26754
    22150 26753 26755
    22151 26756 26757
    22152 26756 26758
    22153 26759 26760
    22154 26759 26761
    22155 26762 26763
    22156 26762 26764
    22157 26765 26766
    22158 26765 26767
    22159 26768 26769
    22160 26768 26770
    22161 26771 26772
    22162 26771 26773
    22163 26774 26775
    22164 26774 26776
    22165 26777 26778
    22166 26777 26779
    22167 26780 26781
    22168 26780 26782
    22169 26783 26784
    22170 26783 26785
    22171 26786 26787
    22172 26786 26788
    22173 26789 26790
    22174 26789 26791
    22175 26792 26793
    22176 26792 26794
    22177 26795 26796
    22178 26795 26797
    22179 26798 26799
    22180 26798 26800
    22181 26801 26802
    22182 26801 26803
    22183 26804 26805
    22184 26804 26806
    22185 26807 26808
    22186 26807 26809
    22187 26810 26811
    22188 26810 26812
    22189 26813 26814
    22190 26813 26815
    22191 26816 26817
    22192 26816 26818
    22193 26819 26820
    22194 26819 26821
    22195 26822 26823
    22196 26822 26824
    22197 26825 26826
    22198 26825 26827
    22199 26828 26829
    22200 26828 26830
    22201 26831 26832
    22202 26831 26833
    22203 26834 26835
    22204 26834 26836
    22205 26837 26838
    22206 26837 26839
    22207 26840 26841
    22208 26840 26842
    22209 26843 26844
    22210 26843 26845
    22211 26846 26847
    22212 26846 26848
    22213 26849 26850
    22214 26849 26851
    22215 26852 26853
    22216 26852 26854
    22217 26855 26856
    22218 26855 26857
    22219 26858 26859
    22220 26858 26860
    22221 26861 26862
    22222 26861 26863
    22223 26864 26865
    22224 26864 26866
    22225 26867 26868
    22226 26867 26869
    22227 26870 26871
    22228 26870 26872
    22229 26873 26874
    22230 26873 26875
    22231 26876 26877
    22232 26876 26878
    22233 26879 26880
    22234 26879 26881
    22235 26882 26883
    22236 26882 26884
    22237 26885 26886
    22238 26885 26887
    22239 26888 26889
    22240 26888 26890
    22241 26891 26892
    22242 26891 26893
    22243 26894 26895
    22244 26894 26896
    22245 26897 26898
    22246 26897 26899
    22247 26900 26901
    22248 26900 26902
    22249 26903 26904
    22250 26903 26905
    22251 26906 26907
    22252 26906 26908
    22253 26909 26910
    22254 26909 26911
    22255 26912 26913
    22256 26912 26914
    22257 26915 26916
    22258 26915 26917
    22259 26918 26919
    22260 26918 26920
    22261 26921 26922
    22262 26921 26923
    22263 26924 26925
    22264 26924 26926
    22265 26927 26928
    22266 26927 26929
    22267 26930 26931
    22268 26930 26932
    22269 26933 26934
    22270 26933 26935
    22271 26936 26937
    22272 26936 26938
    22273 26939 26940
    22274 26939 26941
    22275 26942 26943
    22276 26942 26944
    22277 26945 26946
    22278 26945 26947
    22279 26948 26949
    22280 26948 26950
    22281 26951 26952
    22282 26951 26953
    22283 26954 26955
    22284 26954 26956
    22285 26957 26958
    22286 26957 26959
    22287 26960 26961
    22288 26960 26962
    22289 26963 26964
    22290 26963 26965
    22291 26966 26967
    22292 26966 26968
    22293 26969 26970
    22294 26969 26971
    22295 26972 26973
    22296 26972 26974
    22297 26975 26976
    22298 26975 26977
    22299 26978 26979
    22300 26978 26980
    22301 26981 26982
    22302 26981 26983
    22303 26984 26985
    22304 26984 26986
    22305 26987 26988
    22306 26987 26989
    22307 26990 26991
    22308 26990 26992
    22309 26993 26994
    22310 26993 26995
    22311 26996 26997
    22312 26996 26998
    22313 26999 27000
    22314 26999 27001
    22315 27002 27003
    22316 27002 27004
    22317 27005 27006
    22318 27005 27007
    22319 27008 27009
    22320 27008 27010
    22321 27011 27012
    22322 27011 27013
    22323 27014 27015
    22324 27014 27016
    22325 27017 27018
    22326 27017 27019
    22327 27020 27021
    22328 27020 27022
    22329 27023 27024
    22330 27023 27025
    22331 27026 27027
    22332 27026 27028
    22333 27029 27030
    22334 27029 27031
    22335 27032 27033
    22336 27032 27034
    22337 27035 27036
    22338 27035 27037
    22339 27038 27039
    22340 27038 27040
    22341 27041 27042
    22342 27041 27043
    22343 27044 27045
    22344 27044 27046
    22345 27047 27048
    22346 27047 27049
    22347 27050 27051
    22348 27050 27052
    22349 27053 27054
    22350 27053 27055
    22351 27056 27057
    22352 27056 27058
    22353 27059 27060
    22354 27059 27061
    22355 27062 27063
    22356 27062 27064
    22357 27065 27066
    22358 27065 27067
    22359 27068 27069
    22360 27068 27070
    22361 27071 27072
    22362 27071 27073
    22363 27074 27075
    22364 27074 27076
    22365 27077 27078
    22366 27077 27079
    22367 27080 27081
    22368 27080 27082
    22369 27083 27084
    22370 27083 27085
    22371 27086 27087
    22372 27086 27088
    22373 27089 27090
    22374 27089 27091
    22375 27092 27093
    22376 27092 27094
    22377 27095 27096
    22378 27095 27097
    22379 27098 27099
    22380 27098 27100
    22381 27101 27102
    22382 27101 27103
    22383 27104 27105
    22384 27104 27106
    22385 27107 27108
    22386 27107 27109
    22387 27110 27111
    22388 27110 27112
    22389 27113 27114
    22390 27113 27115
    22391 27116 27117
    22392 27116 27118
    22393 27119 27120
    22394 27119 27121
    22395 27122 27123
    22396 27122 27124
    22397 27125 27126
    22398 27125 27127
    22399 27128 27129
    22400 27128 27130
    22401 27131 27132
    22402 27131 27133
    22403 27134 27135
    22404 27134 27136
    22405 27137 27138
    22406 27137 27139
    22407 27140 27141
    22408 27140 27142
    22409 27143 27144
    22410 27143 27145
    22411 27146 27147
    22412 27146 27148
    22413 27149 27150
    22414 27149 27151
    22415 27152 27153
    22416 27152 27154
    22417 27155 27156
    22418 27155 27157
    22419 27158 27159
    22420 27158 27160
    22421 27161 27162
    22422 27161 27163
    22423 27164 27165
    22424 27164 27166
    22425 27167 27168
    22426 27167 27169
    22427 27170 27171
    22428 27170 27172
    22429 27173 27174
    22430 27173 27175
    22431 27176 27177
    22432 27176 27178
    22433 27179 27180
    22434 27179 27181
    22435 27182 27183
    22436 27182 27184
    22437 27185 27186
    22438 27185 27187
    22439 27188 27189
    22440 27188 27190
    22441 27191 27192
    22442 27191 27193
    22443 27194 27195
    22444 27194 27196
    22445 27197 27198
    22446 27197 27199
    22447 27200 27201
    22448 27200 27202
    22449 27203 27204
    22450 27203 27205
    22451 27206 27207
    22452 27206 27208
    22453 27209 27210
    22454 27209 27211
    22455 27212 27213
    22456 27212 27214
    22457 27215 27216
    22458 27215 27217
    22459 27218 27219
    22460 27218 27220
    22461 27221 27222
    22462 27221 27223
    22463 27224 27225
    22464 27224 27226
    22465 27227 27228
    22466 27227 27229
    22467 27230 27231
    22468 27230 27232
    22469 27233 27234
    22470 27233 27235
    22471 27236 27237
    22472 27236 27238
    22473 27239 27240
    22474 27239 27241
    22475 27242 27243
    22476 27242 27244
    22477 27245 27246
    22478 27245 27247
    22479 27248 27249
    22480 27248 27250
    22481 27251 27252
    22482 27251 27253
    22483 27254 27255
    22484 27254 27256
    22485 27257 27258
    22486 27257 27259
    22487 27260 27261
    22488 27260 27262
    22489 27263 27264
    22490 27263 27265
    22491 27266 27267
    22492 27266 27268
    22493 27269 27270
    22494 27269 27271
    22495 27272 27273
    22496 27272 27274
    22497 27275 27276
    22498 27275 27277
    22499 27278 27279
    22500 27278 27280
    22501 27281 27282
    22502 27281 27283
    22503 27284 27285
    22504 27284 27286
    22505 27287 27288
    22506 27287 27289
    22507 27290 27291
    22508 27290 27292
    22509 27293 27294
    22510 27293 27295
    22511 27296 27297
    22512 27296 27298
    22513 27299 27300
    22514 27299 27301
    22515 27302 27303
    22516 27302 27304
    22517 27305 27306
    22518 27305 27307
    22519 27308 27309
    22520 27308 27310
    22521 27311 27312
    22522 27311 27313
    22523 27314 27315
    22524 27314 27316
    22525 27317 27318
    22526 27317 27319
    22527 27320 27321
    22528 27320 27322
    22529 27323 27324
    22530 27323 27325
    22531 27326 27327
    22532 27326 27328
    22533 27329 27330
    22534 27329 27331
    22535 27332 27333
    22536 27332 27334
    22537 27335 27336
    22538 27335 27337
    22539 27338 27339
    22540 27338 27340
    22541 27341 27342
    22542 27341 27343
    22543 27344 27345
    22544 27344 27346
    22545 27347 27348
    22546 27347 27349
    22547 27350 27351
    22548 27350 27352
    22549 27353 27354
    22550 27353 27355
    22551 27356 27357
    22552 27356 27358
    22553 27359 27360
    22554 27359 27361
    22555 27362 27363
    22556 27362 27364
    22557 27365 27366
    22558 27365 27367
    22559 27368 27369
    22560 27368 27370
    22561 27371 27372
    22562 27371 27373
    22563 27374 27375
    22564 27374 27376
    22565 27377 27378
    22566 27377 27379
    22567 27380 27381
    22568 27380 27382
    22569 27383 27384
    22570 27383 27385
    22571 27386 27387
    22572 27386 27388
    22573 27389 27390
    22574 27389 27391
    22575 27392 27393
    22576 27392 27394
    22577 27395 27396
    22578 27395 27397
    22579 27398 27399
    22580 27398 27400
    22581 27401 27402
    22582 27401 27403
    22583 27404 27405
    22584 27404 27406
    22585 27407 27408
    22586 27407 27409
    22587 27410 27411
    22588 27410 27412
    22589 27413 27414
    22590 27413 27415
    22591 27416 27417
    22592 27416 27418
    22593 27419 27420
    22594 27419 27421
    22595 27422 27423
    22596 27422 27424
    22597 27425 27426
    22598 27425 27427
    22599 27428 27429
    22600 27428 27430
    22601 27431 27432
    22602 27431 27433
    22603 27434 27435
    22604 27434 27436
    22605 27437 27438
    22606 27437 27439
    22607 27440 27441
    22608 27440 27442
    22609 27443 27444
    22610 27443 27445
    22611 27446 27447
    22612 27446 27448
    22613 27449 27450
    22614 27449 27451
    22615 27452 27453
    22616 27452 27454
    22617 27455 27456
    22618 27455 27457
    22619 27458 27459
    22620 27458 27460
    22621 27461 27462
    22622 27461 27463
    22623 27464 27465
    22624 27464 27466
    22625 27467 27468
    22626 27467 27469
    22627 27470 27471
    22628 27470 27472
    22629 27473 27474
    22630 27473 27475
    22631 27476 27477
    22632 27476 27478
    22633 27479 27480
    22634 27479 27481
    22635 27482 27483
    22636 27482 27484
    22637 27485 27486
    22638 27485 27487
    22639 27488 27489
    22640 27488 27490
    22641 27491 27492
    22642 27491 27493
    22643 27494 27495
    22644 27494 27496
    22645 27497 27498
    22646 27497 27499
    22647 27500 27501
    22648 27500 27502
    22649 27503 27504
    22650 27503 27505
    22651 27506 27507
    22652 27506 27508
    22653 27509 27510
    22654 27509 27511
    22655 27512 27513
    22656 27512 27514
    22657 27515 27516
    22658 27515 27517
    22659 27518 27519
    22660 27518 27520
    22661 27521 27522
    22662 27521 27523
    22663 27524 27525
    22664 27524 27526
    22665 27527 27528
    22666 27527 27529
    22667 27530 27531
    22668 27530 27532
    22669 27533 27534
    22670 27533 27535
    22671 27536 27537
    22672 27536 27538
    22673 27539 27540
    22674 27539 27541
    22675 27542 27543
    22676 27542 27544
    22677 27545 27546
    22678 27545 27547
    22679 27548 27549
    22680 27548 27550
    22681 27551 27552
    22682 27551 27553
    22683 27554 27555
    22684 27554 27556
    22685 27557 27558
    22686 27557 27559
    22687 27560 27561
    22688 27560 27562
    22689 27563 27564
    22690 27563 27565
    22691 27566 27567
    22692 27566 27568
    22693 27569 27570
    22694 27569 27571
    22695 27572 27573
    22696 27572 27574
    22697 27575 27576
    22698 27575 27577
    22699 27578 27579
    22700 27578 27580
    22701 27581 27582
    22702 27581 27583
    22703 27584 27585
    22704 27584 27586
    22705 27587 27588
    22706 27587 27589
    22707 27590 27591
    22708 27590 27592
    22709 27593 27594
    22710 27593 27595
    22711 27596 27597
    22712 27596 27598
    22713 27599 27600
    22714 27599 27601
    22715 27602 27603
    22716 27602 27604
    22717 27605 27606
    22718 27605 27607
    22719 27608 27609
    22720 27608 27610
    22721 27611 27612
    22722 27611 27613
    22723 27614 27615
    22724 27614 27616
    22725 27617 27618
    22726 27617 27619
    22727 27620 27621
    22728 27620 27622
    22729 27623 27624
    22730 27623 27625
    22731 27626 27627
    22732 27626 27628
    22733 27629 27630
    22734 27629 27631
    22735 27632 27633
    22736 27632 27634
    22737 27635 27636
    22738 27635 27637
    22739 27638 27639
    22740 27638 27640
    22741 27641 27642
    22742 27641 27643
    22743 27644 27645
    22744 27644 27646
    22745 27647 27648
    22746 27647 27649
    22747 27650 27651
    22748 27650 27652
    22749 27653 27654
    22750 27653 27655
    22751 27656 27657
    22752 27656 27658
    22753 27659 27660
    22754 27659 27661
    22755 27662 27663
    22756 27662 27664
    22757 27665 27666
    22758 27665 27667
    22759 27668 27669
    22760 27668 27670
    22761 27671 27672
    22762 27671 27673
    22763 27674 27675
    22764 27674 27676
    22765 27677 27678
    22766 27677 27679
    22767 27680 27681
    22768 27680 27682
    22769 27683 27684
    22770 27683 27685
    22771 27686 27687
    22772 27686 27688
    22773 27689 27690
    22774 27689 27691
    22775 27692 27693
    22776 27692 27694
    22777 27695 27696
    22778 27695 27697
    22779 27698 27699
    22780 27698 27700
    22781 27701 27702
    22782 27701 27703
    22783 27704 27705
    22784 27704 27706
    22785 27707 27708
    22786 27707 27709
    22787 27710 27711
    22788 27710 27712
    22789 27713 27714
    22790 27713 27715
    22791 27716 27717
    22792 27716 27718
    22793 27719 27720
    22794 27719 27721
    22795 27722 27723
    22796 27722 27724
    22797 27725 27726
    22798 27725 27727
    22799 27728 27729
    22800 27728 27730
    22801 27731 27732
    22802 27731 27733
    22803 27734 27735
    22804 27734 27736
    22805 27737 27738
    22806 27737 27739
    22807 27740 27741
    22808 27740 27742
    22809 27743 27744
    22810 27743 27745
    22811 27746 27747
    22812 27746 27748
    22813 27749 27750
    22814 27749 27751
    22815 27752 27753
    22816 27752 27754
    22817 27755 27756
    22818 27755 27757
    22819 27758 27759
    22820 27758 27760
    22821 27761 27762
    22822 27761 27763
    22823 27764 27765
    22824 27764 27766
    22825 27767 27768
    22826 27767 27769
    22827 27770 27771
    22828 27770 27772
    22829 27773 27774
    22830 27773 27775
    22831 27776 27777
    22832 27776 27778
    22833 27779 27780
    22834 27779 27781
    22835 27782 27783
    22836 27782 27784
    22837 27785 27786
    22838 27785 27787
    22839 27788 27789
    22840 27788 27790
    22841 27791 27792
    22842 27791 27793
    22843 27794 27795
    22844 27794 27796
    22845 27797 27798
    22846 27797 27799
    22847 27800 27801
    22848 27800 27802
    22849 27803 27804
    22850 27803 27805
    22851 27806 27807
    22852 27806 27808
    22853 27809 27810
    22854 27809 27811
    22855 27812 27813
    22856 27812 27814
    22857 27815 27816
    22858 27815 27817
    22859 27818 27819
    22860 27818 27820
    22861 27821 27822
    22862 27821 27823
    22863 27824 27825
    22864 27824 27826
    22865 27827 27828
    22866 27827 27829
    22867 27830 27831
    22868 27830 27832
    22869 27833 27834
    22870 27833 27835
    22871 27836 27837
    22872 27836 27838
    22873 27839 27840
    22874 27839 27841
    22875 27842 27843
    22876 27842 27844
    22877 27845 27846
    22878 27845 27847
    22879 27848 27849
    22880 27848 27850
    22881 27851 27852
    22882 27851 27853
    22883 27854 27855
    22884 27854 27856
    22885 27857 27858
    22886 27857 27859
    22887 27860 27861
    22888 27860 27862
    22889 27863 27864
    22890 27863 27865
    22891 27866 27867
    22892 27866 27868
    22893 27869 27870
    22894 27869 27871
    22895 27872 27873
    22896 27872 27874
    22897 27875 27876
    22898 27875 27877
    22899 27878 27879
    22900 27878 27880
    22901 27881 27882
    22902 27881 27883
    22903 27884 27885
    22904 27884 27886
    22905 27887 27888
    22906 27887 27889
    22907 27890 27891
    22908 27890 27892
    22909 27893 27894
    22910 27893 27895
    22911 27896 27897
    22912 27896 27898
    22913 27899 27900
    22914 27899 27901
    22915 27902 27903
    22916 27902 27904
    22917 27905 27906
    22918 27905 27907
    22919 27908 27909
    22920 27908 27910
    22921 27911 27912
    22922 27911 27913
    22923 27914 27915
    22924 27914 27916
    22925 27917 27918
    22926 27917 27919
    22927 27920 27921
    22928 27920 27922
    22929 27923 27924
    22930 27923 27925
    22931 27926 27927
    22932 27926 27928
    22933 27929 27930
    22934 27929 27931
    22935 27932 27933
    22936 27932 27934
    22937 27935 27936
    22938 27935 27937
    22939 27938 27939
    22940 27938 27940
    22941 27941 27942
    22942 27941 27943
    22943 27944 27945
    22944 27944 27946
    22945 27947 27948
    22946 27947 27949
    22947 27950 27951
    22948 27950 27952
    22949 27953 27954
    22950 27953 27955
    22951 27956 27957
    22952 27956 27958
    22953 27959 27960
    22954 27959 27961
    22955 27962 27963
    22956 27962 27964
    22957 27965 27966
    22958 27965 27967
    22959 27968 27969
    22960 27968 27970
    22961 27971 27972
    22962 27971 27973
    22963 27974 27975
    22964 27974 27976
    22965 27977 27978
    22966 27977 27979
    22967 27980 27981
    22968 27980 27982
    22969 27983 27984
    22970 27983 27985
    22971 27986 27987
    22972 27986 27988
    22973 27989 27990
    22974 27989 27991
    22975 27992 27993
    22976 27992 27994
    22977 27995 27996
    22978 27995 27997
    22979 27998 27999
    22980 27998 28000
    22981 28001 28002
    22982 28001 28003
    22983 28004 28005
    22984 28004 28006
    22985 28007 28008
    22986 28007 28009
    22987 28010 28011
    22988 28010 28012
    22989 28013 28014
    22990 28013 28015
    22991 28016 28017
    22992 28016 28018
    22993 28019 28020
    22994 28019 28021
    22995 28022 28023
    22996 28022 28024
    22997 28025 28026
    22998 28025 28027
    22999 28028 28029
    23000 28028 28030
    23001 28031 28032
    23002 28031 28033
    23003 28034 28035
    23004 28034 28036
    23005 28037 28038
    23006 28037 28039
    23007 28040 28041
    23008 28040 28042
    23009 28043 28044
    23010 28043 28045
    23011 28046 28047
    23012 28046 28048
    23013 28049 28050
    23014 28049 28051
    23015 28052 28053
    23016 28052 28054
    23017 28055 28056
    23018 28055 28057
    23019 28058 28059
    23020 28058 28060
    23021 28061 28062
    23022 28061 28063
    23023 28064 28065
    23024 28064 28066
    23025 28067 28068
    23026 28067 28069
    23027 28070 28071
    23028 28070 28072
    23029 28073 28074
    23030 28073 28075
    23031 28076 28077
    23032 28076 28078
    23033 28079 28080
    23034 28079 28081
    23035 28082 28083
    23036 28082 28084
    23037 28085 28086
    23038 28085 28087
    23039 28088 28089
    23040 28088 28090
    23041 28091 28092
    23042 28091 28093
    23043 28094 28095
    23044 28094 28096
    23045 28097 28098
    23046 28097 28099
    23047 28100 28101
    23048 28100 28102
    23049 28103 28104
    23050 28103 28105
    23051 28106 28107
    23052 28106 28108
    23053 28109 28110
    23054 28109 28111
    23055 28112 28113
    23056 28112 28114
    23057 28115 28116
    23058 28115 28117
    23059 28118 28119
    23060 28118 28120
    23061 28121 28122
    23062 28121 28123
    23063 28124 28125
    23064 28124 28126
    23065 28127 28128
    23066 28127 28129
    23067 28130 28131
    23068 28130 28132
    23069 28133 28134
    23070 28133 28135
    23071 28136 28137
    23072 28136 28138
    23073 28139 28140
    23074 28139 28141
    23075 28142 28143
    23076 28142 28144
    23077 28145 28146
    23078 28145 28147
    23079 28148 28149
    23080 28148 28150
    23081 28151 28152
    23082 28151 28153
    23083 28154 28155
    23084 28154 28156
    23085 28157 28158
    23086 28157 28159
    23087 28160 28161
    23088 28160 28162
    23089 28163 28164
    23090 28163 28165
    23091 28166 28167
    23092 28166 28168
    23093 28169 28170
    23094 28169 28171
    23095 28172 28173
    23096 28172 28174
    23097 28175 28176
    23098 28175 28177
    23099 28178 28179
    23100 28178 28180
    23101 28181 28182
    23102 28181 28183
    23103 28184 28185
    23104 28184 28186
    23105 28187 28188
    23106 28187 28189
    23107 28190 28191
    23108 28190 28192
    23109 28193 28194
    23110 28193 28195
    23111 28196 28197
    23112 28196 28198
    23113 28199 28200
    23114 28199 28201
    23115 28202 28203
    23116 28202 28204
    23117 28205 28206
    23118 28205 28207
    23119 28208 28209
    23120 28208 28210
    23121 28211 28212
    23122 28211 28213
    23123 28214 28215
    23124 28214 28216
    23125 28217 28218
    23126 28217 28219
    23127 28220 28221
    23128 28220 28222
    23129 28223 28224
    23130 28223 28225
    23131 28226 28227
    23132 28226 28228
    23133 28229 28230
    23134 28229 28231
    23135 28232 28233
    23136 28232 28234
    23137 28235 28236
    23138 28235 28237
    23139 28238 28239
    23140 28238 28240
    23141 28241 28242
    23142 28241 28243
    23143 28244 28245
    23144 28244 28246
    23145 28247 28248
    23146 28247 28249
    23147 28250 28251
    23148 28250 28252
    23149 28253 28254
    23150 28253 28255
    23151 28256 28257
    23152 28256 28258
    23153 28259 28260
    23154 28259 28261
    23155 28262 28263
    23156 28262 28264
    23157 28265 28266
    23158 28265 28267
    23159 28268 28269
    23160 28268 28270
    23161 28271 28272
    23162 28271 28273
    23163 28274 28275
    23164 28274 28276
    23165 28277 28278
    23166 28277 28279
    23167 28280 28281
    23168 28280 28282
    23169 28283 28284
    23170 28283 28285
    23171 28286 28287
    23172 28286 28288
    23173 28289 28290
    23174 28289 28291
    23175 28292 28293
    23176 28292 28294
    23177 28295 28296
    23178 28295 28297
    23179 28298 28299
    23180 28298 28300
    23181 28301 28302
    23182 28301 28303
    23183 28304 28305
    23184 28304 28306
    23185 28307 28308
    23186 28307 28309
    23187 28310 28311
    23188 28310 28312
    23189 28313 28314
    23190 28313 28315
    23191 28316 28317
    23192 28316 28318
    23193 28319 28320
    23194 28319 28321
    23195 28322 28323
    23196 28322 28324
    23197 28325 28326
    23198 28325 28327
    23199 28328 28329
    23200 28328 28330
    23201 28331 28332
    23202 28331 28333
    23203 28334 28335
    23204 28334 28336
    23205 28337 28338
    23206 28337 28339
    23207 28340 28341
    23208 28340 28342
    23209 28343 28344
    23210 28343 28345
    23211 28346 28347
    23212 28346 28348
    23213 28349 28350
    23214 28349 28351
    23215 28352 28353
    23216 28352 28354
    23217 28355 28356
    23218 28355 28357
    23219 28358 28359
    23220 28358 28360
    23221 28361 28362
    23222 28361 28363
    23223 28364 28365
    23224 28364 28366
    23225 28367 28368
    23226 28367 28369
    23227 28370 28371
    23228 28370 28372
    23229 28373 28374
    23230 28373 28375
    23231 28376 28377
    23232 28376 28378
    23233 28379 28380
    23234 28379 28381
    23235 28382 28383
    23236 28382 28384
    23237 28385 28386
    23238 28385 28387
    23239 28388 28389
    23240 28388 28390
    23241 28391 28392
    23242 28391 28393
    23243 28394 28395
    23244 28394 28396
    23245 28397 28398
    23246 28397 28399
    23247 28400 28401
    23248 28400 28402
    23249 28403 28404
    23250 28403 28405
    23251 28406 28407
    23252 28406 28408
    23253 28409 28410
    23254 28409 28411
    23255 28412 28413
    23256 28412 28414
    23257 28415 28416
    23258 28415 28417
    23259 28418 28419
    23260 28418 28420
    23261 28421 28422
    23262 28421 28423
    23263 28424 28425
    23264 28424 28426
    23265 28427 28428
    23266 28427 28429
    23267 28430 28431
    23268 28430 28432
    23269 28433 28434
    23270 28433 28435
    23271 28436 28437
    23272 28436 28438
    23273 28439 28440
    23274 28439 28441
    23275 28442 28443
    23276 28442 28444
    23277 28445 28446
    23278 28445 28447
    23279 28448 28449
    23280 28448 28450
    23281 28451 28452
    23282 28451 28453
    23283 28454 28455
    23284 28454 28456
    23285 28457 28458
    23286 28457 28459
    23287 28460 28461
    23288 28460 28462
    23289 28463 28464
    23290 28463 28465
    23291 28466 28467
    23292 28466 28468
    23293 28469 28470
    23294 28469 28471
    23295 28472 28473
    23296 28472 28474
    23297 28475 28476
    23298 28475 28477
    23299 28478 28479
    23300 28478 28480
    23301 28481 28482
    23302 28481 28483
    23303 28484 28485
    23304 28484 28486
    23305 28487 28488
    23306 28487 28489
    23307 28490 28491
    23308 28490 28492
    23309 28493 28494
    23310 28493 28495
    23311 28496 28497
    23312 28496 28498
    23313 28499 28500
    23314 28499 28501
    23315 28502 28503
    23316 28502 28504
    23317 28505 28506
    23318 28505 28507
    23319 28508 28509
    23320 28508 28510
    23321 28511 28512
    23322 28511 28513
    23323 28514 28515
    23324 28514 28516
    23325 28517 28518
    23326 28517 28519
    23327 28520 28521
    23328 28520 28522
    23329 28523 28524
    23330 28523 28525
    23331 28526 28527
    23332 28526 28528
    23333 28529 28530
    23334 28529 28531
    23335 28532 28533
    23336 28532 28534
    23337 28535 28536
    23338 28535 28537
    23339 28538 28539
    23340 28538 28540
    23341 28541 28542
    23342 28541 28543
    23343 28544 28545
    23344 28544 28546
    23345 28547 28548
    23346 28547 28549
    23347 28550 28551
    23348 28550 28552
    23349 28553 28554
    23350 28553 28555
    23351 28556 28557
    23352 28556 28558
    23353 28559 28560
    23354 28559 28561
    23355 28562 28563
    23356 28562 28564
    23357 28565 28566
    23358 28565 28567
    23359 28568 28569
    23360 28568 28570
    23361 28571 28572
    23362 28571 28573
    23363 28574 28575
    23364 28574 28576
    23365 28577 28578
    23366 28577 28579
    23367 28580 28581
    23368 28580 28582
    23369 28583 28584
    23370 28583 28585
    23371 28586 28587
    23372 28586 28588
    23373 28589 28590
    23374 28589 28591
    23375 28592 28593
    23376 28592 28594
    23377 28595 28596
    23378 28595 28597
    23379 28598 28599
    23380 28598 28600
    23381 28601 28602
    23382 28601 28603
    23383 28604 28605
    23384 28604 28606
    23385 28607 28608
    23386 28607 28609
    23387 28610 28611
    23388 28610 28612
    23389 28613 28614
    23390 28613 28615
    23391 28616 28617
    23392 28616 28618
    23393 28619 28620
    23394 28619 28621
    23395 28622 28623
    23396 28622 28624
    23397 28625 28626
    23398 28625 28627
    23399 28628 28629
    23400 28628 28630
    23401 28631 28632
    23402 28631 28633
    23403 28634 28635
    23404 28634 28636
    23405 28637 28638
    23406 28637 28639
    23407 28640 28641
    23408 28640 28642
    23409 28643 28644
    23410 28643 28645
    23411 28646 28647
    23412 28646 28648
    23413 28649 28650
    23414 28649 28651
    23415 28652 28653
    23416 28652 28654
    23417 28655 28656
    23418 28655 28657
    23419 28658 28659
    23420 28658 28660
    23421 28661 28662
    23422 28661 28663
    23423 28664 28665
    23424 28664 28666
    23425 28667 28668
    23426 28667 28669
    23427 28670 28671
    23428 28670 28672
    23429 28673 28674
    23430 28673 28675
    23431 28676 28677
    23432 28676 28678
    23433 28679 28680
    23434 28679 28681
    23435 28682 28683
    23436 28682 28684
    23437 28685 28686
    23438 28685 28687
    23439 28688 28689
    23440 28688 28690
    23441 28691 28692
    23442 28691 28693
    23443 28694 28695
    23444 28694 28696
    23445 28697 28698
    23446 28697 28699
    23447 28700 28701
    23448 28700 28702
    23449 28703 28704
    23450 28703 28705
    23451 28706 28707
    23452 28706 28708
    23453 28709 28710
    23454 28709 28711
    23455 28712 28713
    23456 28712 28714
    23457 28715 28716
    23458 28715 28717
    23459 28718 28719
    23460 28718 28720
    23461 28721 28722
    23462 28721 28723
    23463 28724 28725
    23464 28724 28726
    23465 28727 28728
    23466 28727 28729
    23467 28730 28731
    23468 28730 28732
    23469 28733 28734
    23470 28733 28735
    23471 28736 28737
    23472 28736 28738
    23473 28739 28740
    23474 28739 28741
    23475 28742 28743
    23476 28742 28744
    23477 28745 28746
    23478 28745 28747
    23479 28748 28749
    23480 28748 28750
    23481 28751 28752
    23482 28751 28753
    23483 28754 28755
    23484 28754 28756
    23485 28757 28758
    23486 28757 28759
    23487 28760 28761
    23488 28760 28762
    23489 28763 28764
    23490 28763 28765
    23491 28766 28767
    23492 28766 28768
    23493 28769 28770
    23494 28769 28771
    23495 28772 28773
    23496 28772 28774
    23497 28775 28776
    23498 28775 28777
    23499 28778 28779
    23500 28778 28780
    23501 28781 28782
    23502 28781 28783
    23503 28784 28785
    23504 28784 28786
    23505 28787 28788
    23506 28787 28789
    23507 28790 28791
    23508 28790 28792
    23509 28793 28794
    23510 28793 28795
    23511 28796 28797
    23512 28796 28798
    23513 28799 28800
    23514 28799 28801
    23515 28802 28803
    23516 28802 28804
    23517 28805 28806
    23518 28805 28807
    23519 28808 28809
    23520 28808 28810
    23521 28811 28812
    23522 28811 28813
    23523 28814 28815
    23524 28814 28816
    23525 28817 28818
    23526 28817 28819
    23527 28820 28821
    23528 28820 28822
    23529 28823 28824
    23530 28823 28825
    23531 28826 28827
    23532 28826 28828
    23533 28829 28830
    23534 28829 28831
    23535 28832 28833
    23536 28832 28834
    23537 28835 28836
    23538 28835 28837
    23539 28838 28839
    23540 28838 28840
    23541 28841 28842
    23542 28841 28843
    23543 28844 28845
    23544 28844 28846
    23545 28847 28848
    23546 28847 28849
    23547 28850 28851
    23548 28850 28852
    23549 28853 28854
    23550 28853 28855
    23551 28856 28857
    23552 28856 28858
    23553 28859 28860
    23554 28859 28861
    23555 28862 28863
    23556 28862 28864
    23557 28865 28866
    23558 28865 28867
    23559 28868 28869
    23560 28868 28870
    23561 28871 28872
    23562 28871 28873
    23563 28874 28875
    23564 28874 28876
    23565 28877 28878
    23566 28877 28879
    23567 28880 28881
    23568 28880 28882
    23569 28883 28884
    23570 28883 28885
    23571 28886 28887
    23572 28886 28888
    23573 28889 28890
    23574 28889 28891
    23575 28892 28893
    23576 28892 28894
    23577 28895 28896
    23578 28895 28897
    23579 28898 28899
    23580 28898 28900
    23581 28901 28902
    23582 28901 28903
    23583 28904 28905
    23584 28904 28906
    23585 28907 28908
    23586 28907 28909
    23587 28910 28911
    23588 28910 28912
    23589 28913 28914
    23590 28913 28915
    23591 28916 28917
    23592 28916 28918
    23593 28919 28920
    23594 28919 28921
    23595 28922 28923
    23596 28922 28924
    23597 28925 28926
    23598 28925 28927
    23599 28928 28929
    23600 28928 28930
    23601 28931 28932
    23602 28931 28933
    23603 28934 28935
    23604 28934 28936
    23605 28937 28938
    23606 28937 28939
    23607 28940 28941
    23608 28940 28942
    23609 28943 28944
    23610 28943 28945
    23611 28946 28947
    23612 28946 28948
    23613 28949 28950
    23614 28949 28951
    23615 28952 28953
    23616 28952 28954
    23617 28955 28956
    23618 28955 28957
    23619 28958 28959
    23620 28958 28960
    23621 28961 28962
    23622 28961 28963
    23623 28964 28965
    23624 28964 28966
    23625 28967 28968
    23626 28967 28969
    23627 28970 28971
    23628 28970 28972
    23629 28973 28974
    23630 28973 28975
    23631 28976 28977
    23632 28976 28978
    23633 28979 28980
    23634 28979 28981
    23635 28982 28983
    23636 28982 28984
    23637 28985 28986
    23638 28985 28987
    23639 28988 28989
    23640 28988 28990
    23641 28991 28992
    23642 28991 28993
    23643 28994 28995
    23644 28994 28996
    23645 28997 28998
    23646 28997 28999
    23647 29000 29001
    23648 29000 29002
    23649 29003 29004
    23650 29003 29005
    23651 29006 29007
    23652 29006 29008
    23653 29009 29010
    23654 29009 29011
    23655 29012 29013
    23656 29012 29014
    23657 29015 29016
    23658 29015 29017
    23659 29018 29019
    23660 29018 29020
    23661 29021 29022
    23662 29021 29023
    23663 29024 29025
    23664 29024 29026
    23665 29027 29028
    23666 29027 29029
    23667 29030 29031
    23668 29030 29032
    23669 29033 29034
    23670 29033 29035
    23671 29036 29037
    23672 29036 29038
    23673 29039 29040
    23674 29039 29041
    23675 29042 29043
    23676 29042 29044
    23677 29045 29046
    23678 29045 29047
    23679 29048 29049
    23680 29048 29050
    23681 29051 29052
    23682 29051 29053
    23683 29054 29055
    23684 29054 29056
    23685 29057 29058
    23686 29057 29059
    23687 29060 29061
    23688 29060 29062
    23689 29063 29064
    23690 29063 29065
    23691 29066 29067
    23692 29066 29068
    23693 29069 29070
    23694 29069 29071
    23695 29072 29073
    23696 29072 29074
    23697 29075 29076
    23698 29075 29077
    23699 29078 29079
    23700 29078 29080
    23701 29081 29082
    23702 29081 29083
    23703 29084 29085
    23704 29084 29086
    23705 29087 29088
    23706 29087 29089
    23707 29090 29091
    23708 29090 29092
    23709 29093 29094
    23710 29093 29095
    23711 29096 29097
    23712 29096 29098
    23713 29099 29100
    23714 29099 29101
    23715 29102 29103
    23716 29102 29104
    23717 29105 29106
    23718 29105 29107
    23719 29108 29109
    23720 29108 29110
    23721 29111 29112
    23722 29111 29113
    23723 29114 29115
    23724 29114 29116
    23725 29117 29118
    23726 29117 29119
    23727 29120 29121
    23728 29120 29122
    23729 29123 29124
    23730 29123 29125
    23731 29126 29127
    23732 29126 29128
    23733 29129 29130
    23734 29129 29131
    23735 29132 29133
    23736 29132 29134
    23737 29135 29136
    23738 29135 29137
    23739 29138 29139
    23740 29138 29140
    23741 29141 29142
    23742 29141 29143
    23743 29144 29145
    23744 29144 29146
    23745 29147 29148
    23746 29147 29149
    23747 29150 29151
    23748 29150 29152
    23749 29153 29154
    23750 29153 29155
    23751 29156 29157
    23752 29156 29158
    23753 29159 29160
    23754 29159 29161
    23755 29162 29163
    23756 29162 29164
    23757 29165 29166
    23758 29165 29167
    23759 29168 29169
    23760 29168 29170
    23761 29171 29172
    23762 29171 29173
    23763 29174 29175
    23764 29174 29176
    23765 29177 29178
    23766 29177 29179
    23767 29180 29181
    23768 29180 29182
    23769 29183 29184
    23770 29183 29185
    23771 29186 29187
    23772 29186 29188
    23773 29189 29190
    23774 29189 29191
    23775 29192 29193
    23776 29192 29194
    23777 29195 29196
    23778 29195 29197
    23779 29198 29199
    23780 29198 29200
    23781 29201 29202
    23782 29201 29203
    23783 29204 29205
    23784 29204 29206
    23785 29207 29208
    23786 29207 29209
    23787 29210 29211
    23788 29210 29212
    23789 29213 29214
    23790 29213 29215
    23791 29216 29217
    23792 29216 29218
    23793 29219 29220
    23794 29219 29221
    23795 29222 29223
    23796 29222 29224
    23797 29225 29226
    23798 29225 29227
    23799 29228 29229
    23800 29228 29230
    23801 29231 29232
    23802 29231 29233
    23803 29234 29235
    23804 29234 29236
    23805 29237 29238
    23806 29237 29239
    23807 29240 29241
    23808 29240 29242
    23809 29243 29244
    23810 29243 29245
    23811 29246 29247
    23812 29246 29248
    23813 29249 29250
    23814 29249 29251
    23815 29252 29253
    23816 29252 29254
    23817 29255 29256
    23818 29255 29257
    23819 29258 29259
    23820 29258 29260
    23821 29261 29262
    23822 29261 29263
    23823 29264 29265
    23824 29264 29266
    23825 29267 29268
    23826 29267 29269
    23827 29270 29271
    23828 29270 29272
    23829 29273 29274
    23830 29273 29275
    23831 29276 29277
    23832 29276 29278
    23833 29279 29280
    23834 29279 29281
    23835 29282 29283
    23836 29282 29284
    23837 29285 29286
    23838 29285 29287
    23839 29288 29289
    23840 29288 29290
    23841 29291 29292
    23842 29291 29293
    23843 29294 29295
    23844 29294 29296
    23845 29297 29298
    23846 29297 29299
    23847 29300 29301
    23848 29300 29302
    23849 29303 29304
    23850 29303 29305
    23851 29306 29307
    23852 29306 29308
    23853 29309 29310
    23854 29309 29311
    23855 29312 29313
    23856 29312 29314
    23857 29315 29316
    23858 29315 29317
    23859 29318 29319
    23860 29318 29320
    23861 29321 29322
    23862 29321 29323
    23863 29324 29325
    23864 29324 29326
    23865 29327 29328
    23866 29327 29329
    23867 29330 29331
    23868 29330 29332
    23869 29333 29334
    23870 29333 29335
    23871 29336 29337
    23872 29336 29338
    23873 29339 29340
    23874 29339 29341
    23875 29342 29343
    23876 29342 29344
    23877 29345 29346
    23878 29345 29347
    23879 29348 29349
    23880 29348 29350
    23881 29351 29352
    23882 29351 29353
    23883 29354 29355
    23884 29354 29356
    23885 29357 29358
    23886 29357 29359
    23887 29360 29361
    23888 29360 29362
    23889 29363 29364
    23890 29363 29365
    23891 29366 29367
    23892 29366 29368
    23893 29369 29370
    23894 29369 29371
    23895 29372 29373
    23896 29372 29374
    23897 29375 29376
    23898 29375 29377
    23899 29378 29379
    23900 29378 29380
    23901 29381 29382
    23902 29381 29383
    23903 29384 29385
    23904 29384 29386
    23905 29387 29388
    23906 29387 29389
    23907 29390 29391
    23908 29390 29392
    23909 29393 29394
    23910 29393 29395
    23911 29396 29397
    23912 29396 29398
    23913 29399 29400
    23914 29399 29401
    23915 29402 29403
    23916 29402 29404
    23917 29405 29406
    23918 29405 29407
    23919 29408 29409
    23920 29408 29410
    23921 29411 29412
    23922 29411 29413
    23923 29414 29415
    23924 29414 29416
    23925 29417 29418
    23926 29417 29419
    23927 29420 29421
    23928 29420 29422
    23929 29423 29424
    23930 29423 29425
    23931 29426 29427
    23932 29426 29428
    23933 29429 29430
    23934 29429 29431
    23935 29432 29433
    23936 29432 29434
    23937 29435 29436
    23938 29435 29437
    23939 29438 29439
    23940 29438 29440
    23941 29441 29442
    23942 29441 29443
    23943 29444 29445
    23944 29444 29446
    23945 29447 29448
    23946 29447 29449
    23947 29450 29451
    23948 29450 29452
    23949 29453 29454
    23950 29453 29455
    23951 29456 29457
    23952 29456 29458
    23953 29459 29460
    23954 29459 29461
    23955 29462 29463
    23956 29462 29464
    23957 29465 29466
    23958 29465 29467
    23959 29468 29469
    23960 29468 29470
    23961 29471 29472
    23962 29471 29473
    23963 29474 29475
    23964 29474 29476
    23965 29477 29478
    23966 29477 29479
    23967 29480 29481
    23968 29480 29482
    23969 29483 29484
    23970 29483 29485
    23971 29486 29487
    23972 29486 29488
    23973 29489 29490
    23974 29489 29491
    23975 29492 29493
    23976 29492 29494
    23977 29495 29496
    23978 29495 29497
    23979 29498 29499
    23980 29498 29500
    23981 29501 29502
    23982 29501 29503
    23983 29504 29505
    23984 29504 29506
    23985 29507 29508
    23986 29507 29509
    23987 29510 29511
    23988 29510 29512
    23989 29513 29514
    23990 29513 29515
    23991 29516 29517
    23992 29516 29518
    23993 29519 29520
    23994 29519 29521
    23995 29522 29523
    23996 29522 29524
    23997 29525 29526
    23998 29525 29527
    23999 29528 29529
    24000 29528 29530
    24001 29531 29532
    24002 29531 29533
    24003 29534 29535
    24004 29534 29536
    24005 29537 29538
    24006 29537 29539
    24007 29540 29541
    24008 29540 29542
    24009 29543 29544
    24010 29543 29545
    24011 29546 29547
    24012 29546 29548
    24013 29549 29550
    24014 29549 29551
    24015 29552 29553
    24016 29552 29554
    24017 29555 29556
    24018 29555 29557
    24019 29558 29559
    24020 29558 29560
    24021 29561 29562
    24022 29561 29563
    24023 29564 29565
    24024 29564 29566
    24025 29567 29568
    24026 29567 29569
    24027 29570 29571
    24028 29570 29572
    24029 29573 29574
    24030 29573 29575
    24031 29576 29577
    24032 29576 29578
    24033 29579 29580
    24034 29579 29581
    24035 29582 29583
    24036 29582 29584
    24037 29585 29586
    24038 29585 29587
    24039 29588 29589
    24040 29588 29590
    24041 29591 29592
    24042 29591 29593
    24043 29594 29595
    24044 29594 29596
    24045 29597 29598
    24046 29597 29599
    24047 29600 29601
    24048 29600 29602
    24049 29603 29604
    24050 29603 29605
    24051 29606 29607
    24052 29606 29608
    24053 29609 29610
    24054 29609 29611
    24055 29612 29613
    24056 29612 29614
    24057 29615 29616
    24058 29615 29617
    24059 29618 29619
    24060 29618 29620
    24061 29621 29622
    24062 29621 29623
    24063 29624 29625
    24064 29624 29626
    24065 29627 29628
    24066 29627 29629
    24067 29630 29631
    24068 29630 29632
    24069 29633 29634
    24070 29633 29635
    24071 29636 29637
    24072 29636 29638
    24073 29639 29640
    24074 29639 29641
    24075 29642 29643
    24076 29642 29644
    24077 29645 29646
    24078 29645 29647
    24079 29648 29649
    24080 29648 29650
    24081 29651 29652
    24082 29651 29653
    24083 29654 29655
    24084 29654 29656
    24085 29657 29658
    24086 29657 29659
    24087 29660 29661
    24088 29660 29662
    24089 29663 29664
    24090 29663 29665
    24091 29666 29667
    24092 29666 29668
    24093 29669 29670
    24094 29669 29671
    24095 29672 29673
    24096 29672 29674
    24097 29675 29676
    24098 29675 29677
    24099 29678 29679
    24100 29678 29680
    24101 29681 29682
    24102 29681 29683
    24103 29684 29685
    24104 29684 29686
    24105 29687 29688
    24106 29687 29689
    24107 29690 29691
    24108 29690 29692
    24109 29693 29694
    24110 29693 29695
    24111 29696 29697
    24112 29696 29698
    24113 29699 29700
    24114 29699 29701
    24115 29702 29703
    24116 29702 29704
    24117 29705 29706
    24118 29705 29707
    24119 29708 29709
    24120 29708 29710
    24121 29711 29712
    24122 29711 29713
    24123 29714 29715
    24124 29714 29716
    24125 29717 29718
    24126 29717 29719
    24127 29720 29721
    24128 29720 29722
    24129 29723 29724
    24130 29723 29725
    24131 29726 29727
    24132 29726 29728
    24133 29729 29730
    24134 29729 29731
    24135 29732 29733
    24136 29732 29734
    24137 29735 29736
    24138 29735 29737
    24139 29738 29739
    24140 29738 29740
    24141 29741 29742
    24142 29741 29743
    24143 29744 29745
    24144 29744 29746
    24145 29747 29748
    24146 29747 29749
    24147 29750 29751
    24148 29750 29752
    24149 29753 29754
    24150 29753 29755
    24151 29756 29757
    24152 29756 29758
    24153 29759 29760
    24154 29759 29761
    24155 29762 29763
    24156 29762 29764
    24157 29765 29766
    24158 29765 29767
    24159 29768 29769
    24160 29768 29770
    24161 29771 29772
    24162 29771 29773
    24163 29774 29775
    24164 29774 29776
    24165 29777 29778
    24166 29777 29779
    24167 29780 29781
    24168 29780 29782
    24169 29783 29784
    24170 29783 29785
    24171 29786 29787
    24172 29786 29788
    24173 29789 29790
    24174 29789 29791
    24175 29792 29793
    24176 29792 29794
    24177 29795 29796
    24178 29795 29797
    24179 29798 29799
    24180 29798 29800
    24181 29801 29802
    24182 29801 29803
    24183 29804 29805
    24184 29804 29806
    24185 29807 29808
    24186 29807 29809
    24187 29810 29811
    24188 29810 29812
    24189 29813 29814
    24190 29813 29815
    24191 29816 29817
    24192 29816 29818
    24193 29819 29820
    24194 29819 29821
    24195 29822 29823
    24196 29822 29824
    24197 29825 29826
    24198 29825 29827
    24199 29828 29829
    24200 29828 29830
    24201 29831 29832
    24202 29831 29833
    24203 29834 29835
    24204 29834 29836
    24205 29837 29838
    24206 29837 29839
    24207 29840 29841
    24208 29840 29842
    24209 29843 29844
    24210 29843 29845
    24211 29846 29847
    24212 29846 29848
    24213 29849 29850
    24214 29849 29851
    24215 29852 29853
    24216 29852 29854
    24217 29855 29856
    24218 29855 29857
    24219 29858 29859
    24220 29858 29860
    24221 29861 29862
    24222 29861 29863
    24223 29864 29865
    24224 29864 29866
    24225 29867 29868
    24226 29867 29869
    24227 29870 29871
    24228 29870 29872
    24229 29873 29874
    24230 29873 29875
    24231 29876 29877
    24232 29876 29878
    24233 29879 29880
    24234 29879 29881
    24235 29882 29883
    24236 29882 29884
    24237 29885 29886
    24238 29885 29887
    24239 29888 29889
    24240 29888 29890
    24241 29891 29892
    24242 29891 29893
    24243 29894 29895
    24244 29894 29896
    24245 29897 29898
    24246 29897 29899
    24247 29900 29901
    24248 29900 29902
    24249 29903 29904
    24250 29903 29905
    24251 29906 29907
    24252 29906 29908
    24253 29909 29910
    24254 29909 29911
    24255 29912 29913
    24256 29912 29914
    24257 29915 29916
    24258 29915 29917
    24259 29918 29919
    24260 29918 29920
    24261 29921 29922
    24262 29921 29923
    24263 29924 29925
    24264 29924 29926
    24265 29927 29928
    24266 29927 29929
    24267 29930 29931
    24268 29930 29932
    24269 29933 29934
    24270 29933 29935
    24271 29936 29937
    24272 29936 29938
    24273 29939 29940
    24274 29939 29941
    24275 29942 29943
    24276 29942 29944
    24277 29945 29946
    24278 29945 29947
    24279 29948 29949
    24280 29948 29950
    24281 29951 29952
    24282 29951 29953
    24283 29954 29955
    24284 29954 29956
    24285 29957 29958
    24286 29957 29959
    24287 29960 29961
    24288 29960 29962
    24289 29963 29964
    24290 29963 29965
    24291 29966 29967
    24292 29966 29968
    24293 29969 29970
    24294 29969 29971
    24295 29972 29973
    24296 29972 29974
    24297 29975 29976
    24298 29975 29977
    24299 29978 29979
    24300 29978 29980
    24301 29981 29982
    24302 29981 29983
    24303 29984 29985
    24304 29984 29986
    24305 29987 29988
    24306 29987 29989
    24307 29990 29991
    24308 29990 29992
    24309 29993 29994
    24310 29993 29995
    24311 29996 29997
    24312 29996 29998
    24313 29999 30000
    24314 29999 30001
    24315 30002 30003
    24316 30002 30004
    24317 30005 30006
    24318 30005 30007
    24319 30008 30009
    24320 30008 30010
    24321 30011 30012
    24322 30011 30013
    24323 30014 30015
    24324 30014 30016
    24325 30017 30018
    24326 30017 30019
    24327 30020 30021
    24328 30020 30022
    24329 30023 30024
    24330 30023 30025
    24331 30026 30027
    24332 30026 30028
    24333 30029 30030
    24334 30029 30031
    24335 30032 30033
    24336 30032 30034
    24337 30035 30036
    24338 30035 30037
    24339 30038 30039
    24340 30038 30040
    24341 30041 30042
    24342 30041 30043
    24343 30044 30045
    24344 30044 30046
    24345 30047 30048
    24346 30047 30049
    24347 30050 30051
    24348 30050 30052
    24349 30053 30054
    24350 30053 30055
    24351 30056 30057
    24352 30056 30058
    24353 30059 30060
    24354 30059 30061
    24355 30062 30063
    24356 30062 30064
    24357 30065 30066
    24358 30065 30067
    24359 30068 30069
    24360 30068 30070
    24361 30071 30072
    24362 30071 30073
    24363 30074 30075
    24364 30074 30076
    24365 30077 30078
    24366 30077 30079
    24367 30080 30081
    24368 30080 30082
    24369 30083 30084
    24370 30083 30085
    24371 30086 30087
    24372 30086 30088
    24373 30089 30090
    24374 30089 30091
    24375 30092 30093
    24376 30092 30094
    24377 30095 30096
    24378 30095 30097
    24379 30098 30099
    24380 30098 30100
    24381 30101 30102
    24382 30101 30103
    24383 30104 30105
    24384 30104 30106
    24385 30107 30108
    24386 30107 30109
    24387 30110 30111
    24388 30110 30112
    24389 30113 30114
    24390 30113 30115
    24391 30116 30117
    24392 30116 30118
    24393 30119 30120
    24394 30119 30121
    24395 30122 30123
    24396 30122 30124
    24397 30125 30126
    24398 30125 30127
    24399 30128 30129
    24400 30128 30130
    24401 30131 30132
    24402 30131 30133
    24403 30134 30135
    24404 30134 30136
    24405 30137 30138
    24406 30137 30139
    24407 30140 30141
    24408 30140 30142
    24409 30143 30144
    24410 30143 30145
    24411 30146 30147
    24412 30146 30148
    24413 30149 30150
    24414 30149 30151
    24415 30152 30153
    24416 30152 30154
    24417 30155 30156
    24418 30155 30157
    24419 30158 30159
    24420 30158 30160
    24421 30161 30162
    24422 30161 30163
    24423 30164 30165
    24424 30164 30166
    24425 30167 30168
    24426 30167 30169
    24427 30170 30171
    24428 30170 30172
    24429 30173 30174
    24430 30173 30175
    24431 30176 30177
    24432 30176 30178
    24433 30179 30180
    24434 30179 30181
    24435 30182 30183
    24436 30182 30184
    24437 30185 30186
    24438 30185 30187
    24439 30188 30189
    24440 30188 30190
    24441 30191 30192
    24442 30191 30193
    24443 30194 30195
    24444 30194 30196
    24445 30197 30198
    24446 30197 30199
    24447 30200 30201
    24448 30200 30202
    24449 30203 30204
    24450 30203 30205
    24451 30206 30207
    24452 30206 30208
    24453 30209 30210
    24454 30209 30211
    24455 30212 30213
    24456 30212 30214
    24457 30215 30216
    24458 30215 30217
    24459 30218 30219
    24460 30218 30220
    24461 30221 30222
    24462 30221 30223
    24463 30224 30225
    24464 30224 30226
    24465 30227 30228
    24466 30227 30229
    24467 30230 30231
    24468 30230 30232
    24469 30233 30234
    24470 30233 30235
    24471 30236 30237
    24472 30236 30238
    24473 30239 30240
    24474 30239 30241
    24475 30242 30243
    24476 30242 30244
    24477 30245 30246
    24478 30245 30247
    24479 30248 30249
    24480 30248 30250
    24481 30251 30252
    24482 30251 30253
    24483 30254 30255
    24484 30254 30256
    24485 30257 30258
    24486 30257 30259
    24487 30260 30261
    24488 30260 30262
    24489 30263 30264
    24490 30263 30265
    24491 30266 30267
    24492 30266 30268
    24493 30269 30270
    24494 30269 30271
    24495 30272 30273
    24496 30272 30274
    24497 30275 30276
    24498 30275 30277
    24499 30278 30279
    24500 30278 30280
    24501 30281 30282
    24502 30281 30283
    24503 30284 30285
    24504 30284 30286
    24505 30287 30288
    24506 30287 30289
    24507 30290 30291
    24508 30290 30292
    24509 30293 30294
    24510 30293 30295
    24511 30296 30297
    24512 30296 30298
    24513 30299 30300
    24514 30299 30301
    24515 30302 30303
    24516 30302 30304
    24517 30305 30306
    24518 30305 30307
    24519 30308 30309
    24520 30308 30310
    24521 30311 30312
    24522 30311 30313
    24523 30314 30315
    24524 30314 30316
    24525 30317 30318
    24526 30317 30319
    24527 30320 30321
    24528 30320 30322
    24529 30323 30324
    24530 30323 30325
    24531 30326 30327
    24532 30326 30328
    24533 30329 30330
    24534 30329 30331
    24535 30332 30333
    24536 30332 30334
    24537 30335 30336
    24538 30335 30337
    24539 30338 30339
    24540 30338 30340
    24541 30341 30342
    24542 30341 30343
    24543 30344 30345
    24544 30344 30346
    24545 30347 30348
    24546 30347 30349
    24547 30350 30351
    24548 30350 30352
    24549 30353 30354
    24550 30353 30355
    24551 30356 30357
    24552 30356 30358
    24553 30359 30360
    24554 30359 30361
    24555 30362 30363
    24556 30362 30364
    24557 30365 30366
    24558 30365 30367
    24559 30368 30369
    24560 30368 30370
    24561 30371 30372
    24562 30371 30373
    24563 30374 30375
    24564 30374 30376
    24565 30377 30378
    24566 30377 30379
    24567 30380 30381
    24568 30380 30382
    24569 30383 30384
    24570 30383 30385
    24571 30386 30387
    24572 30386 30388
    24573 30389 30390
    24574 30389 30391
    24575 30392 30393
    24576 30392 30394
    24577 30395 30396
    24578 30395 30397
    24579 30398 30399
    24580 30398 30400
    24581 30401 30402
    24582 30401 30403
    24583 30404 30405
    24584 30404 30406
    24585 30407 30408
    24586 30407 30409
    24587 30410 30411
    24588 30410 30412
    24589 30413 30414
    24590 30413 30415
    24591 30416 30417
    24592 30416 30418
    24593 30419 30420
    24594 30419 30421
    24595 30422 30423
    24596 30422 30424
    24597 30425 30426
    24598 30425 30427
    24599 30428 30429
    24600 30428 30430
    24601 30431 30432
    24602 30431 30433
    24603 30434 30435
    24604 30434 30436
    24605 30437 30438
    24606 30437 30439
    24607 30440 30441
    24608 30440 30442
    24609 30443 30444
    24610 30443 30445
    24611 30446 30447
    24612 30446 30448
    24613 30449 30450
    24614 30449 30451
    24615 30452 30453
    24616 30452 30454
    24617 30455 30456
    24618 30455 30457
    24619 30458 30459
    24620 30458 30460
    24621 30461 30462
    24622 30461 30463
    24623 30464 30465
    24624 30464 30466
    24625 30467 30468
    24626 30467 30469
    24627 30470 30471
    24628 30470 30472
    24629 30473 30474
    24630 30473 30475
    24631 30476 30477
    24632 30476 30478
    24633 30479 30480
    24634 30479 30481
    24635 30482 30483
    24636 30482 30484
    24637 30485 30486
    24638 30485 30487
    24639 30488 30489
    24640 30488 30490
    24641 30491 30492
    24642 30491 30493
    24643 30494 30495
    24644 30494 30496
    24645 30497 30498
    24646 30497 30499
    24647 30500 30501
    24648 30500 30502
    24649 30503 30504
    24650 30503 30505
    24651 30506 30507
    24652 30506 30508
    24653 30509 30510
    24654 30509 30511
    24655 30512 30513
    24656 30512 30514
    24657 30515 30516
    24658 30515 30517
    24659 30518 30519
    24660 30518 30520
    24661 30521 30522
    24662 30521 30523
    24663 30524 30525
    24664 30524 30526
    24665 30527 30528
    24666 30527 30529
    24667 30530 30531
    24668 30530 30532
    24669 30533 30534
    24670 30533 30535
    24671 30536 30537
    24672 30536 30538
    24673 30539 30540
    24674 30539 30541
    24675 30542 30543
    24676 30542 30544
    24677 30545 30546
    24678 30545 30547
    24679 30548 30549
    24680 30548 30550
    24681 30551 30552
    24682 30551 30553
    24683 30554 30555
    24684 30554 30556
    24685 30557 30558
    24686 30557 30559
    24687 30560 30561
    24688 30560 30562
    24689 30563 30564
    24690 30563 30565
    24691 30566 30567
    24692 30566 30568
    24693 30569 30570
    24694 30569 30571
    24695 30572 30573
    24696 30572 30574
    24697 30575 30576
    24698 30575 30577
    24699 30578 30579
    24700 30578 30580
    24701 30581 30582
    24702 30581 30583
    24703 30584 30585
    24704 30584 30586
    24705 30587 30588
    24706 30587 30589
    24707 30590 30591
    24708 30590 30592
    24709 30593 30594
    24710 30593 30595
    24711 30596 30597
    24712 30596 30598
    24713 30599 30600
    24714 30599 30601
    24715 30602 30603
    24716 30602 30604
    24717 30605 30606
    24718 30605 30607
    24719 30608 30609
    24720 30608 30610
    24721 30611 30612
    24722 30611 30613
    24723 30614 30615
    24724 30614 30616
    24725 30617 30618
    24726 30617 30619
    24727 30620 30621
    24728 30620 30622
    24729 30623 30624
    24730 30623 30625
    24731 30626 30627
    24732 30626 30628
    24733 30629 30630
    24734 30629 30631
    24735 30632 30633
    24736 30632 30634
    24737 30635 30636
    24738 30635 30637
    24739 30638 30639
    24740 30638 30640
    24741 30641 30642
    24742 30641 30643
    24743 30644 30645
    24744 30644 30646
    24745 30647 30648
    24746 30647 30649
    24747 30650 30651
    24748 30650 30652
    24749 30653 30654
    24750 30653 30655
    24751 30656 30657
    24752 30656 30658
    24753 30659 30660
    24754 30659 30661
    24755 30662 30663
    24756 30662 30664
    24757 30665 30666
    24758 30665 30667
    24759 30668 30669
    24760 30668 30670
    24761 30671 30672
    24762 30671 30673
    24763 30674 30675
    24764 30674 30676
    24765 30677 30678
    24766 30677 30679
    24767 30680 30681
    24768 30680 30682
    24769 30683 30684
    24770 30683 30685
    24771 30686 30687
    24772 30686 30688
    24773 30689 30690
    24774 30689 30691
    24775 30692 30693
    24776 30692 30694
    24777 30695 30696
    24778 30695 30697
    24779 30698 30699
    24780 30698 30700
    24781 30701 30702
    24782 30701 30703
    24783 30704 30705
    24784 30704 30706
    24785 30707 30708
    24786 30707 30709
    24787 30710 30711
    24788 30710 30712
    24789 30713 30714
    24790 30713 30715
    24791 30716 30717
    24792 30716 30718
    24793 30719 30720
    24794 30719 30721
    24795 30722 30723
    24796 30722 30724
    24797 30725 30726
    24798 30725 30727
    24799 30728 30729
    24800 30728 30730
    24801 30731 30732
    24802 30731 30733
    24803 30734 30735
    24804 30734 30736
    24805 30737 30738
    24806 30737 30739
    24807 30740 30741
    24808 30740 30742
    24809 30743 30744
    24810 30743 30745
    24811 30746 30747
    24812 30746 30748
    24813 30749 30750
    24814 30749 30751
    24815 30752 30753
    24816 30752 30754
    24817 30755 30756
    24818 30755 30757
    24819 30758 30759
    24820 30758 30760
    24821 30761 30762
    24822 30761 30763
    24823 30764 30765
    24824 30764 30766
    24825 30767 30768
    24826 30767 30769
    24827 30770 30771
    24828 30770 30772
    24829 30773 30774
    24830 30773 30775
    24831 30776 30777
    24832 30776 30778
    24833 30779 30780
    24834 30779 30781
    24835 30782 30783
    24836 30782 30784
    24837 30785 30786
    24838 30785 30787
    24839 30788 30789
    24840 30788 30790
    24841 30791 30792
    24842 30791 30793
    24843 30794 30795
    24844 30794 30796
    24845 30797 30798
    24846 30797 30799
    24847 30800 30801
    24848 30800 30802
    24849 30803 30804
    24850 30803 30805
    24851 30806 30807
    24852 30806 30808
    24853 30809 30810
    24854 30809 30811
    24855 30812 30813
    24856 30812 30814
    24857 30815 30816
    24858 30815 30817
    24859 30818 30819
    24860 30818 30820
    24861 30821 30822
    24862 30821 30823
    24863 30824 30825
    24864 30824 30826
    24865 30827 30828
    24866 30827 30829
    24867 30830 30831
    24868 30830 30832
    24869 30833 30834
    24870 30833 30835
    24871 30836 30837
    24872 30836 30838
    24873 30839 30840
    24874 30839 30841
    24875 30842 30843
    24876 30842 30844
    24877 30845 30846
    24878 30845 30847
    24879 30848 30849
    24880 30848 30850
    24881 30851 30852
    24882 30851 30853
    24883 30854 30855
    24884 30854 30856
    24885 30857 30858
    24886 30857 30859
    24887 30860 30861
    24888 30860 30862
    24889 30863 30864
    24890 30863 30865
    24891 30866 30867
    24892 30866 30868
    24893 30869 30870
    24894 30869 30871
    24895 30872 30873
    24896 30872 30874
    24897 30875 30876
    24898 30875 30877
    24899 30878 30879
    24900 30878 30880
    24901 30881 30882
    24902 30881 30883
    24903 30884 30885
    24904 30884 30886
    24905 30887 30888
    24906 30887 30889
    24907 30890 30891
    24908 30890 30892
    24909 30893 30894
    24910 30893 30895
    24911 30896 30897
    24912 30896 30898
    24913 30899 30900
    24914 30899 30901
    24915 30902 30903
    24916 30902 30904
    24917 30905 30906
    24918 30905 30907
    24919 30908 30909
    24920 30908 30910
    24921 30911 30912
    24922 30911 30913
    24923 30914 30915
    24924 30914 30916
    24925 30917 30918
    24926 30917 30919
    24927 30920 30921
    24928 30920 30922
    24929 30923 30924
    24930 30923 30925
    24931 30926 30927
    24932 30926 30928
    24933 30929 30930
    24934 30929 30931
    24935 30932 30933
    24936 30932 30934
    24937 30935 30936
    24938 30935 30937
    24939 30938 30939
    24940 30938 30940
    24941 30941 30942
    24942 30941 30943
    24943 30944 30945
    24944 30944 30946
    24945 30947 30948
    24946 30947 30949
    24947 30950 30951
    24948 30950 30952
    24949 30953 30954
    24950 30953 30955
    24951 30956 30957
    24952 30956 30958
    24953 30959 30960
    24954 30959 30961
    24955 30962 30963
    24956 30962 30964
    24957 30965 30966
    24958 30965 30967
    24959 30968 30969
    24960 30968 30970
    24961 30971 30972
    24962 30971 30973
    24963 30974 30975
    24964 30974 30976
    24965 30977 30978
    24966 30977 30979
    24967 30980 30981
    24968 30980 30982
    24969 30983 30984
    24970 30983 30985
    24971 30986 30987
    24972 30986 30988
    24973 30989 30990
    24974 30989 30991
    24975 30992 30993
    24976 30992 30994
    24977 30995 30996
    24978 30995 30997
    24979 30998 30999
    24980 30998 31000
    24981 31001 31002
    24982 31001 31003
    24983 31004 31005
    24984 31004 31006
    24985 31007 31008
    24986 31007 31009
    24987 31010 31011
    24988 31010 31012
    24989 31013 31014
    24990 31013 31015
    24991 31016 31017
    24992 31016 31018
    24993 31019 31020
    24994 31019 31021
    24995 31022 31023
    24996 31022 31024
    24997 31025 31026
    24998 31025 31027
    24999 31028 31029
    25000 31028 31030
    25001 31031 31032
    25002 31031 31033
    25003 31034 31035
    25004 31034 31036
    25005 31037 31038
    25006 31037 31039
    25007 31040 31041
    25008 31040 31042
    25009 31043 31044
    25010 31043 31045
    25011 31046 31047
    25012 31046 31048
    25013 31049 31050
    25014 31049 31051
    25015 31052 31053
    25016 31052 31054
    25017 31055 31056
    25018 31055 31057
    25019 31058 31059
    25020 31058 31060
    25021 31061 31062
    25022 31061 31063
    25023 31064 31065
    25024 31064 31066
    25025 31067 31068
    25026 31067 31069
    25027 31070 31071
    25028 31070 31072
    25029 31073 31074
    25030 31073 31075
    25031 31076 31077
    25032 31076 31078
    25033 31079 31080
    25034 31079 31081
    25035 31082 31083
    25036 31082 31084
    25037 31085 31086
    25038 31085 31087
    25039 31088 31089
    25040 31088 31090
    25041 31091 31092
    25042 31091 31093
    25043 31094 31095
    25044 31094 31096
    25045 31097 31098
    25046 31097 31099
    25047 31100 31101
    25048 31100 31102
    25049 31103 31104
    25050 31103 31105
    25051 31106 31107
    25052 31106 31108
    25053 31109 31110
    25054 31109 31111
    25055 31112 31113
    25056 31112 31114
    25057 31115 31116
    25058 31115 31117
    25059 31118 31119
    25060 31118 31120
    25061 31121 31122
    25062 31121 31123
    25063 31124 31125
    25064 31124 31126
    25065 31127 31128
    25066 31127 31129
    25067 31130 31131
    25068 31130 31132
    25069 31133 31134
    25070 31133 31135
    25071 31136 31137
    25072 31136 31138
    25073 31139 31140
    25074 31139 31141
    25075 31142 31143
    25076 31142 31144
    25077 31145 31146
    25078 31145 31147
    25079 31148 31149
    25080 31148 31150
    25081 31151 31152
    25082 31151 31153
    25083 31154 31155
    25084 31154 31156
    25085 31157 31158
    25086 31157 31159
    25087 31160 31161
    25088 31160 31162
    25089 31163 31164
    25090 31163 31165
    25091 31166 31167
    25092 31166 31168
    25093 31169 31170
    25094 31169 31171
    25095 31172 31173
    25096 31172 31174
    25097 31175 31176
    25098 31175 31177
    25099 31178 31179
    25100 31178 31180
    25101 31181 31182
    25102 31181 31183
    25103 31184 31185
    25104 31184 31186
    25105 31187 31188
    25106 31187 31189
    25107 31190 31191
    25108 31190 31192
    25109 31193 31194
    25110 31193 31195
    25111 31196 31197
    25112 31196 31198
    25113 31199 31200
    25114 31199 31201
    25115 31202 31203
    25116 31202 31204
    25117 31205 31206
    25118 31205 31207
    25119 31208 31209
    25120 31208 31210
    25121 31211 31212
    25122 31211 31213
    25123 31214 31215
    25124 31214 31216
    25125 31217 31218
    25126 31217 31219
    25127 31220 31221
    25128 31220 31222
    25129 31223 31224
    25130 31223 31225
    25131 31226 31227
    25132 31226 31228
    25133 31229 31230
    25134 31229 31231
    25135 31232 31233
    25136 31232 31234
    25137 31235 31236
    25138 31235 31237
    25139 31238 31239
    25140 31238 31240
    25141 31241 31242
    25142 31241 31243
    25143 31244 31245
    25144 31244 31246
    25145 31247 31248
    25146 31247 31249
    25147 31250 31251
    25148 31250 31252
    25149 31253 31254
    25150 31253 31255
    25151 31256 31257
    25152 31256 31258
    25153 31259 31260
    25154 31259 31261
    25155 31262 31263
    25156 31262 31264
    25157 31265 31266
    25158 31265 31267
    25159 31268 31269
    25160 31268 31270
    25161 31271 31272
    25162 31271 31273
    25163 31274 31275
    25164 31274 31276
    25165 31277 31278
    25166 31277 31279
    25167 31280 31281
    25168 31280 31282
    25169 31283 31284
    25170 31283 31285
    25171 31286 31287
    25172 31286 31288
    25173 31289 31290
    25174 31289 31291
    25175 31292 31293
    25176 31292 31294
    25177 31295 31296
    25178 31295 31297
    25179 31298 31299
    25180 31298 31300
    25181 31301 31302
    25182 31301 31303
    25183 31304 31305
    25184 31304 31306
    25185 31307 31308
    25186 31307 31309
    25187 31310 31311
    25188 31310 31312
    25189 31313 31314
    25190 31313 31315
    25191 31316 31317
    25192 31316 31318
    25193 31319 31320
    25194 31319 31321
    25195 31322 31323
    25196 31322 31324
    25197 31325 31326
    25198 31325 31327
    25199 31328 31329
    25200 31328 31330
    25201 31331 31332
    25202 31331 31333
    25203 31334 31335
    25204 31334 31336
    25205 31337 31338
    25206 31337 31339
    25207 31340 31341
    25208 31340 31342
    25209 31343 31344
    25210 31343 31345
    25211 31346 31347
    25212 31346 31348
    25213 31349 31350
    25214 31349 31351
    25215 31352 31353
    25216 31352 31354
    25217 31355 31356
    25218 31355 31357
    25219 31358 31359
    25220 31358 31360
    25221 31361 31362
    25222 31361 31363
    25223 31364 31365
    25224 31364 31366
    25225 31367 31368
    25226 31367 31369
    25227 31370 31371
    25228 31370 31372
    25229 31373 31374
    25230 31373 31375
    25231 31376 31377
    25232 31376 31378
    25233 31379 31380
    25234 31379 31381
    25235 31382 31383
    25236 31382 31384
    25237 31385 31386
    25238 31385 31387
    25239 31388 31389
    25240 31388 31390
    25241 31391 31392
    25242 31391 31393
    25243 31394 31395
    25244 31394 31396
    25245 31397 31398
    25246 31397 31399
    25247 31400 31401
    25248 31400 31402
    25249 31403 31404
    25250 31403 31405
    25251 31406 31407
    25252 31406 31408
    25253 31409 31410
    25254 31409 31411
    25255 31412 31413
    25256 31412 31414
    25257 31415 31416
    25258 31415 31417
    25259 31418 31419
    25260 31418 31420
    25261 31421 31422
    25262 31421 31423
    25263 31424 31425
    25264 31424 31426
    25265 31427 31428
    25266 31427 31429
    25267 31430 31431
    25268 31430 31432
    25269 31433 31434
    25270 31433 31435
    25271 31436 31437
    25272 31436 31438
    25273 31439 31440
    25274 31439 31441
    25275 31442 31443
    25276 31442 31444
    25277 31445 31446
    25278 31445 31447
    25279 31448 31449
    25280 31448 31450
    25281 31451 31452
    25282 31451 31453
    25283 31454 31455
    25284 31454 31456
    25285 31457 31458
    25286 31457 31459
    25287 31460 31461
    25288 31460 31462
    25289 31463 31464
    25290 31463 31465
    25291 31466 31467
    25292 31466 31468
    25293 31469 31470
    25294 31469 31471
    25295 31472 31473
    25296 31472 31474
    25297 31475 31476
    25298 31475 31477
    25299 31478 31479
    25300 31478 31480
    25301 31481 31482
    25302 31481 31483
    25303 31484 31485
    25304 31484 31486
    25305 31487 31488
    25306 31487 31489
    25307 31490 31491
    25308 31490 31492
    25309 31493 31494
    25310 31493 31495
    25311 31496 31497
    25312 31496 31498
    25313 31499 31500
    25314 31499 31501
    25315 31502 31503
    25316 31502 31504
    25317 31505 31506
    25318 31505 31507
    25319 31508 31509
    25320 31508 31510
    25321 31511 31512
    25322 31511 31513
    25323 31514 31515
    25324 31514 31516
    25325 31517 31518
    25326 31517 31519
    25327 31520 31521
    25328 31520 31522
    25329 31523 31524
    25330 31523 31525
    25331 31526 31527
    25332 31526 31528
    25333 31529 31530
    25334 31529 31531
    25335 31532 31533
    25336 31532 31534
    25337 31535 31536
    25338 31535 31537
    25339 31538 31539
    25340 31538 31540
    25341 31541 31542
    25342 31541 31543
    25343 31544 31545
    25344 31544 31546
    25345 31547 31548
    25346 31547 31549
    25347 31550 31551
    25348 31550 31552
    25349 31553 31554
    25350 31553 31555
    25351 31556 31557
    25352 31556 31558
    25353 31559 31560
    25354 31559 31561
    25355 31562 31563
    25356 31562 31564
    25357 31565 31566
    25358 31565 31567
    25359 31568 31569
    25360 31568 31570
    25361 31571 31572
    25362 31571 31573
    25363 31574 31575
    25364 31574 31576
    25365 31577 31578
    25366 31577 31579
    25367 31580 31581
    25368 31580 31582
    25369 31583 31584
    25370 31583 31585
    25371 31586 31587
    25372 31586 31588
    25373 31589 31590
    25374 31589 31591
    25375 31592 31593
    25376 31592 31594
    25377 31595 31596
    25378 31595 31597
    25379 31598 31599
    25380 31598 31600
    25381 31601 31602
    25382 31601 31603
    25383 31604 31605
    25384 31604 31606
    25385 31607 31608
    25386 31607 31609
    25387 31610 31611
    25388 31610 31612
    25389 31613 31614
    25390 31613 31615
    25391 31616 31617
    25392 31616 31618
    25393 31619 31620
    25394 31619 31621
    25395 31622 31623
    25396 31622 31624
    25397 31625 31626
    25398 31625 31627
    25399 31628 31629
    25400 31628 31630
    25401 31631 31632
    25402 31631 31633
    25403 31634 31635
    25404 31634 31636
    25405 31637 31638
    25406 31637 31639
    25407 31640 31641
    25408 31640 31642
    25409 31643 31644
    25410 31643 31645
    25411 31646 31647
    25412 31646 31648
    25413 31649 31650
    25414 31649 31651
    25415 31652 31653
    25416 31652 31654
    25417 31655 31656
    25418 31655 31657
    25419 31658 31659
    25420 31658 31660
    25421 31661 31662
    25422 31661 31663
    25423 31664 31665
    25424 31664 31666
    25425 31667 31668
    25426 31667 31669
    25427 31670 31671
    25428 31670 31672
    25429 31673 31674
    25430 31673 31675
    25431 31676 31677
    25432 31676 31678
    25433 31679 31680
    25434 31679 31681
    25435 31682 31683
    25436 31682 31684
    25437 31685 31686
    25438 31685 31687
    25439 31688 31689
    25440 31688 31690
    25441 31691 31692
    25442 31691 31693
    25443 31694 31695
    25444 31694 31696
    25445 31697 31698
    25446 31697 31699
    25447 31700 31701
    25448 31700 31702
    25449 31703 31704
    25450 31703 31705
    25451 31706 31707
    25452 31706 31708
    25453 31709 31710
    25454 31709 31711
    25455 31712 31713
    25456 31712 31714
    25457 31715 31716
    25458 31715 31717
    25459 31718 31719
    25460 31718 31720
    25461 31721 31722
    25462 31721 31723
    25463 31724 31725
    25464 31724 31726
    25465 31727 31728
    25466 31727 31729
    25467 31730 31731
    25468 31730 31732
    25469 31733 31734
    25470 31733 31735
    25471 31736 31737
    25472 31736 31738
    25473 31739 31740
    25474 31739 31741
    25475 31742 31743
    25476 31742 31744
    25477 31745 31746
    25478 31745 31747
    25479 31748 31749
    25480 31748 31750
    25481 31751 31752
    25482 31751 31753
    25483 31754 31755
    25484 31754 31756
    25485 31757 31758
    25486 31757 31759
    25487 31760 31761
    25488 31760 31762
    25489 31763 31764
    25490 31763 31765
    25491 31766 31767
    25492 31766 31768
    25493 31769 31770
    25494 31769 31771
    25495 31772 31773
    25496 31772 31774
    25497 31775 31776
    25498 31775 31777
    25499 31778 31779
    25500 31778 31780
    25501 31781 31782
    25502 31781 31783
    25503 31784 31785
    25504 31784 31786
    25505 31787 31788
    25506 31787 31789
    25507 31790 31791
    25508 31790 31792
    25509 31793 31794
    25510 31793 31795
    25511 31796 31797
    25512 31796 31798
    25513 31799 31800
    25514 31799 31801
    25515 31802 31803
    25516 31802 31804
    25517 31805 31806
    25518 31805 31807
    25519 31808 31809
    25520 31808 31810
    25521 31811 31812
    25522 31811 31813
    25523 31814 31815
    25524 31814 31816
    25525 31817 31818
    25526 31817 31819
    25527 31820 31821
    25528 31820 31822
    25529 31823 31824
    25530 31823 31825
    25531 31826 31827
    25532 31826 31828
    25533 31829 31830
    25534 31829 31831
    25535 31832 31833
    25536 31832 31834
    25537 31835 31836
    25538 31835 31837
    25539 31838 31839
    25540 31838 31840
    25541 31841 31842
    25542 31841 31843
    25543 31844 31845
    25544 31844 31846
    25545 31847 31848
    25546 31847 31849
    25547 31850 31851
    25548 31850 31852
    25549 31853 31854
    25550 31853 31855
    25551 31856 31857
    25552 31856 31858
    25553 31859 31860
    25554 31859 31861
    25555 31862 31863
    25556 31862 31864
    25557 31865 31866
    25558 31865 31867
    25559 31868 31869
    25560 31868 31870
    25561 31871 31872
    25562 31871 31873
    25563 31874 31875
    25564 31874 31876
    25565 31877 31878
    25566 31877 31879
    25567 31880 31881
    25568 31880 31882
    25569 31883 31884
    25570 31883 31885
    25571 31886 31887
    25572 31886 31888
    25573 31889 31890
    25574 31889 31891
    25575 31892 31893
    25576 31892 31894
    25577 31895 31896
    25578 31895 31897
    25579 31898 31899
    25580 31898 31900
    25581 31901 31902
    25582 31901 31903
    25583 31904 31905
    25584 31904 31906
    25585 31907 31908
    25586 31907 31909
    25587 31910 31911
    25588 31910 31912
    25589 31913 31914
    25590 31913 31915
    25591 31916 31917
    25592 31916 31918
    25593 31919 31920
    25594 31919 31921
    25595 31922 31923
    25596 31922 31924
    25597 31925 31926
    25598 31925 31927
    25599 31928 31929
    25600 31928 31930
    25601 31931 31932
    25602 31931 31933
    25603 31934 31935
    25604 31934 31936
    25605 31937 31938
    25606 31937 31939
    25607 31940 31941
    25608 31940 31942
    25609 31943 31944
    25610 31943 31945
    25611 31946 31947
    25612 31946 31948
    25613 31949 31950
    25614 31949 31951
    25615 31952 31953
    25616 31952 31954
    25617 31955 31956
    25618 31955 31957
    25619 31958 31959
    25620 31958 31960
    25621 31961 31962
    25622 31961 31963
    25623 31964 31965
    25624 31964 31966
    25625 31967 31968
    25626 31967 31969
    25627 31970 31971
    25628 31970 31972
    25629 31973 31974
    25630 31973 31975
    25631 31976 31977
    25632 31976 31978
    25633 31979 31980
    25634 31979 31981
    25635 31982 31983
    25636 31982 31984
    25637 31985 31986
    25638 31985 31987
    25639 31988 31989
    25640 31988 31990
    25641 31991 31992
    25642 31991 31993
    25643 31994 31995
    25644 31994 31996
    25645 31997 31998
    25646 31997 31999
    25647 32000 32001
    25648 32000 32002
    25649 32003 32004
    25650 32003 32005
    25651 32006 32007
    25652 32006 32008
    25653 32009 32010
    25654 32009 32011
    25655 32012 32013
    25656 32012 32014
    25657 32015 32016
    25658 32015 32017
    25659 32018 32019
    25660 32018 32020
    25661 32021 32022
    25662 32021 32023
    25663 32024 32025
    25664 32024 32026
    25665 32027 32028
    25666 32027 32029
    25667 32030 32031
    25668 32030 32032
    25669 32033 32034
    25670 32033 32035
    25671 32036 32037
    25672 32036 32038
    25673 32039 32040
    25674 32039 32041
    25675 32042 32043
    25676 32042 32044
    25677 32045 32046
    25678 32045 32047
    25679 32048 32049
    25680 32048 32050
    25681 32051 32052
    25682 32051 32053
    25683 32054 32055
    25684 32054 32056
    25685 32057 32058
    25686 32057 32059
    25687 32060 32061
    25688 32060 32062
    25689 32063 32064
    25690 32063 32065
    25691 32066 32067
    25692 32066 32068
    25693 32069 32070
    25694 32069 32071
    25695 32072 32073
    25696 32072 32074
    25697 32075 32076
    25698 32075 32077
    25699 32078 32079
    25700 32078 32080
    25701 32081 32082
    25702 32081 32083
    25703 32084 32085
    25704 32084 32086
    25705 32087 32088
    25706 32087 32089
    25707 32090 32091
    25708 32090 32092
    25709 32093 32094
    25710 32093 32095
    25711 32096 32097
    25712 32096 32098
    25713 32099 32100
    25714 32099 32101
    25715 32102 32103
    25716 32102 32104
    25717 32105 32106
    25718 32105 32107
    25719 32108 32109
    25720 32108 32110
    25721 32111 32112
    25722 32111 32113
    25723 32114 32115
    25724 32114 32116
    25725 32117 32118
    25726 32117 32119
    25727 32120 32121
    25728 32120 32122
    25729 32123 32124
    25730 32123 32125
    25731 32126 32127
    25732 32126 32128
    25733 32129 32130
    25734 32129 32131
    25735 32132 32133
    25736 32132 32134
    25737 32135 32136
    25738 32135 32137
    25739 32138 32139
    25740 32138 32140
    25741 32141 32142
    25742 32141 32143
    25743 32144 32145
    25744 32144 32146
    25745 32147 32148
    25746 32147 32149
    25747 32150 32151
    25748 32150 32152
    25749 32153 32154
    25750 32153 32155
    25751 32156 32157
    25752 32156 32158
    25753 32159 32160
    25754 32159 32161
    25755 32162 32163
    25756 32162 32164
    25757 32165 32166
    25758 32165 32167
    25759 32168 32169
    25760 32168 32170
    25761 32171 32172
    25762 32171 32173
    25763 32174 32175
    25764 32174 32176
    25765 32177 32178
    25766 32177 32179
    25767 32180 32181
    25768 32180 32182
    25769 32183 32184
    25770 32183 32185
    25771 32186 32187
    25772 32186 32188
    25773 32189 32190
    25774 32189 32191
    25775 32192 32193
    25776 32192 32194
    25777 32195 32196
    25778 32195 32197
    25779 32198 32199
    25780 32198 32200
    25781 32201 32202
    25782 32201 32203
    25783 32204 32205
    25784 32204 32206
    25785 32207 32208
    25786 32207 32209
    25787 32210 32211
    25788 32210 32212
    25789 32213 32214
    25790 32213 32215
    25791 32216 32217
    25792 32216 32218
    25793 32219 32220
    25794 32219 32221
    25795 32222 32223
    25796 32222 32224
    25797 32225 32226
    25798 32225 32227
    25799 32228 32229
    25800 32228 32230
    25801 32231 32232
    25802 32231 32233
    25803 32234 32235
    25804 32234 32236
    25805 32237 32238
    25806 32237 32239
    25807 32240 32241
    25808 32240 32242
    25809 32243 32244
    25810 32243 32245
    25811 32246 32247
    25812 32246 32248
    25813 32249 32250
    25814 32249 32251
    25815 32252 32253
    25816 32252 32254
    25817 32255 32256
    25818 32255 32257
    25819 32258 32259
    25820 32258 32260
    25821 32261 32262
    25822 32261 32263
    25823 32264 32265
    25824 32264 32266
    25825 32267 32268
    25826 32267 32269
    25827 32270 32271
    25828 32270 32272
    25829 32273 32274
    25830 32273 32275
    25831 32276 32277
    25832 32276 32278
    25833 32279 32280
    25834 32279 32281
    25835 32282 32283
    25836 32282 32284
    25837 32285 32286
    25838 32285 32287
    25839 32288 32289
    25840 32288 32290
    25841 32291 32292
    25842 32291 32293
    25843 32294 32295
    25844 32294 32296
    25845 32297 32298
    25846 32297 32299
    25847 32300 32301
    25848 32300 32302
    25849 32303 32304
    25850 32303 32305
    25851 32306 32307
    25852 32306 32308
    25853 32309 32310
    25854 32309 32311
    25855 32312 32313
    25856 32312 32314
    25857 32315 32316
    25858 32315 32317
    25859 32318 32319
    25860 32318 32320
    25861 32321 32322
    25862 32321 32323
    25863 32324 32325
    25864 32324 32326
    25865 32327 32328
    25866 32327 32329
    25867 32330 32331
    25868 32330 32332
    25869 32333 32334
    25870 32333 32335
    25871 32336 32337
    25872 32336 32338
    25873 32339 32340
    25874 32339 32341
    25875 32342 32343
    25876 32342 32344
    25877 32345 32346
    25878 32345 32347
    25879 32348 32349
    25880 32348 32350
    25881 32351 32352
    25882 32351 32353
    25883 32354 32355
    25884 32354 32356
    25885 32357 32358
    25886 32357 32359
    25887 32360 32361
    25888 32360 32362
    25889 32363 32364
    25890 32363 32365
    25891 32366 32367
    25892 32366 32368
    25893 32369 32370
    25894 32369 32371
    25895 32372 32373
    25896 32372 32374
    25897 32375 32376
    25898 32375 32377
    25899 32378 32379
    25900 32378 32380
    25901 32381 32382
    25902 32381 32383
    25903 32384 32385
    25904 32384 32386
    25905 32387 32388
    25906 32387 32389
    25907 32390 32391
    25908 32390 32392
    25909 32393 32394
    25910 32393 32395
    25911 32396 32397
    25912 32396 32398
    25913 32399 32400
    25914 32399 32401
    25915 32402 32403
    25916 32402 32404
    25917 32405 32406
    25918 32405 32407
    25919 32408 32409
    25920 32408 32410
    25921 32411 32412
    25922 32411 32413
    25923 32414 32415
    25924 32414 32416
    25925 32417 32418
    25926 32417 32419
    25927 32420 32421
    25928 32420 32422
    25929 32423 32424
    25930 32423 32425
    25931 32426 32427
    25932 32426 32428
    25933 32429 32430
    25934 32429 32431
    25935 32432 32433
    25936 32432 32434
    25937 32435 32436
    25938 32435 32437
    25939 32438 32439
    25940 32438 32440
    25941 32441 32442
    25942 32441 32443
    25943 32444 32445
    25944 32444 32446
    25945 32447 32448
    25946 32447 32449
    25947 32450 32451
    25948 32450 32452
    25949 32453 32454
    25950 32453 32455
    25951 32456 32457
    25952 32456 32458
    25953 32459 32460
    25954 32459 32461
    25955 32462 32463
    25956 32462 32464
    25957 32465 32466
    25958 32465 32467
    25959 32468 32469
    25960 32468 32470
    25961 32471 32472
    25962 32471 32473
    25963 32474 32475
    25964 32474 32476
    25965 32477 32478
    25966 32477 32479
    25967 32480 32481
    25968 32480 32482
    25969 32483 32484
    25970 32483 32485
    25971 32486 32487
    25972 32486 32488
    25973 32489 32490
    25974 32489 32491
    25975 32492 32493
    25976 32492 32494
    25977 32495 32496
    25978 32495 32497
    25979 32498 32499
    25980 32498 32500
    25981 32501 32502
    25982 32501 32503
    25983 32504 32505
    25984 32504 32506
    25985 32507 32508
    25986 32507 32509
    25987 32510 32511
    25988 32510 32512
    25989 32513 32514
    25990 32513 32515
    25991 32516 32517
    25992 32516 32518
    25993 32519 32520
    25994 32519 32521
    25995 32522 32523
    25996 32522 32524
    25997 32525 32526
    25998 32525 32527
    25999 32528 32529
    26000 32528 32530
    26001 32531 32532
    26002 32531 32533
    26003 32534 32535
    26004 32534 32536
    26005 32537 32538
    26006 32537 32539
    26007 32540 32541
    26008 32540 32542
    26009 32543 32544
    26010 32543 32545
    26011 32546 32547
    26012 32546 32548
    26013 32549 32550
    26014 32549 32551
    26015 32552 32553
    26016 32552 32554
    26017 32555 32556
    26018 32555 32557
    26019 32558 32559
    26020 32558 32560
    26021 32561 32562
    26022 32561 32563
    26023 32564 32565
    26024 32564 32566
    26025 32567 32568
    26026 32567 32569
    26027 32570 32571
    26028 32570 32572
    26029 32573 32574
    26030 32573 32575
    26031 32576 32577
    26032 32576 32578
    26033 32579 32580
    26034 32579 32581
    26035 32582 32583
    26036 32582 32584
    26037 32585 32586
    26038 32585 32587
    26039 32588 32589
    26040 32588 32590
    26041 32591 32592
    26042 32591 32593
    26043 32594 32595
    26044 32594 32596
    26045 32597 32598
    26046 32597 32599
    26047 32600 32601
    26048 32600 32602
    26049 32603 32604
    26050 32603 32605
    26051 32606 32607
    26052 32606 32608
    26053 32609 32610
    26054 32609 32611
    26055 32612 32613
    26056 32612 32614
    26057 32615 32616
    26058 32615 32617
    26059 32618 32619
    26060 32618 32620
    26061 32621 32622
    26062 32621 32623
    26063 32624 32625
    26064 32624 32626
    26065 32627 32628
    26066 32627 32629
    26067 32630 32631
    26068 32630 32632
    26069 32633 32634
    26070 32633 32635
    26071 32636 32637
    26072 32636 32638
    26073 32639 32640
    26074 32639 32641
    26075 32642 32643
    26076 32642 32644
    26077 32645 32646
    26078 32645 32647
    26079 32648 32649
    26080 32648 32650
    26081 32651 32652
    26082 32651 32653
    26083 32654 32655
    26084 32654 32656
    26085 32657 32658
    26086 32657 32659
    26087 32660 32661
    26088 32660 32662
    26089 32663 32664
    26090 32663 32665
    26091 32666 32667
    26092 32666 32668
    26093 32669 32670
    26094 32669 32671
    26095 32672 32673
    26096 32672 32674
    26097 32675 32676
    26098 32675 32677
    26099 32678 32679
    26100 32678 32680
    26101 32681 32682
    26102 32681 32683
    26103 32684 32685
    26104 32684 32686
    26105 32687 32688
    26106 32687 32689
    26107 32690 32691
    26108 32690 32692
    26109 32693 32694
    26110 32693 32695
    26111 32696 32697
    26112 32696 32698
    26113 32699 32700
    26114 32699 32701
    26115 32702 32703
    26116 32702 32704
    26117 32705 32706
    26118 32705 32707
    26119 32708 32709
    26120 32708 32710
    26121 32711 32712
    26122 32711 32713
    26123 32714 32715
    26124 32714 32716
    26125 32717 32718
    26126 32717 32719
    26127 32720 32721
    26128 32720 32722
    26129 32723 32724
    26130 32723 32725
    26131 32726 32727
    26132 32726 32728
    26133 32729 32730
    26134 32729 32731
    26135 32732 32733
    26136 32732 32734
    26137 32735 32736
    26138 32735 32737
    26139 32738 32739
    26140 32738 32740
    26141 32741 32742
    26142 32741 32743
    26143 32744 32745
    26144 32744 32746
    26145 32747 32748
    26146 32747 32749
    26147 32750 32751
    26148 32750 32752
    26149 32753 32754
    26150 32753 32755
    26151 32756 32757
    26152 32756 32758
    26153 32759 32760
    26154 32759 32761
    26155 32762 32763
    26156 32762 32764
    26157 32765 32766
    26158 32765 32767
    26159 32768 32769
    26160 32768 32770
    26161 32771 32772
    26162 32771 32773
    26163 32774 32775
    26164 32774 32776
    26165 32777 32778
    26166 32777 32779
    26167 32780 32781
    26168 32780 32782
    26169 32783 32784
    26170 32783 32785
    26171 32786 32787
    26172 32786 32788
    26173 32789 32790
    26174 32789 32791
    26175 32792 32793
    26176 32792 32794
    26177 32795 32796
    26178 32795 32797
    26179 32798 32799
    26180 32798 32800
    26181 32801 32802
    26182 32801 32803
    26183 32804 32805
    26184 32804 32806
    26185 32807 32808
    26186 32807 32809
    26187 32810 32811
    26188 32810 32812
    26189 32813 32814
    26190 32813 32815
    26191 32816 32817
    26192 32816 32818
    26193 32819 32820
    26194 32819 32821
    26195 32822 32823
    26196 32822 32824
    26197 32825 32826
    26198 32825 32827
    26199 32828 32829
    26200 32828 32830
    26201 32831 32832
    26202 32831 32833
    26203 32834 32835
    26204 32834 32836
    26205 32837 32838
    26206 32837 32839
    26207 32840 32841
    26208 32840 32842
    26209 32843 32844
    26210 32843 32845
    26211 32846 32847
    26212 32846 32848
    26213 32849 32850
    26214 32849 32851
    26215 32852 32853
    26216 32852 32854
    26217 32855 32856
    26218 32855 32857
    26219 32858 32859
    26220 32858 32860
    26221 32861 32862
    26222 32861 32863
    26223 32864 32865
    26224 32864 32866
    26225 32867 32868
    26226 32867 32869
    26227 32870 32871
    26228 32870 32872
    26229 32873 32874
    26230 32873 32875
    26231 32876 32877
    26232 32876 32878
    26233 32879 32880
    26234 32879 32881
    26235 32882 32883
    26236 32882 32884
    26237 32885 32886
    26238 32885 32887
    26239 32888 32889
    26240 32888 32890
    26241 32891 32892
    26242 32891 32893
    26243 32894 32895
    26244 32894 32896
    26245 32897 32898
    26246 32897 32899
    26247 32900 32901
    26248 32900 32902
    26249 32903 32904
    26250 32903 32905
    26251 32906 32907
    26252 32906 32908
    26253 32909 32910
    26254 32909 32911
    26255 32912 32913
    26256 32912 32914
    26257 32915 32916
    26258 32915 32917
    26259 32918 32919
    26260 32918 32920
    26261 32921 32922
    26262 32921 32923
    26263 32924 32925
    26264 32924 32926
    26265 32927 32928
    26266 32927 32929
    26267 32930 32931
    26268 32930 32932
    26269 32933 32934
    26270 32933 32935
    26271 32936 32937
    26272 32936 32938
    26273 32939 32940
    26274 32939 32941
    26275 32942 32943
    26276 32942 32944
    26277 32945 32946
    26278 32945 32947
    26279 32948 32949
    26280 32948 32950
    26281 32951 32952
    26282 32951 32953
    26283 32954 32955
    26284 32954 32956
    26285 32957 32958
    26286 32957 32959
    26287 32960 32961
    26288 32960 32962
    26289 32963 32964
    26290 32963 32965
    26291 32966 32967
    26292 32966 32968
    26293 32969 32970
    26294 32969 32971
    26295 32972 32973
    26296 32972 32974
    26297 32975 32976
    26298 32975 32977
    26299 32978 32979
    26300 32978 32980
    26301 32981 32982
    26302 32981 32983
    26303 32984 32985
    26304 32984 32986
    26305 32987 32988
    26306 32987 32989
    26307 32990 32991
    26308 32990 32992
    26309 32993 32994
    26310 32993 32995
    26311 32996 32997
    26312 32996 32998
    26313 32999 33000
    26314 32999 33001
    26315 33002 33003
    26316 33002 33004
    26317 33005 33006
    26318 33005 33007
    26319 33008 33009
    26320 33008 33010
    26321 33011 33012
    26322 33011 33013
    26323 33014 33015
    26324 33014 33016
    26325 33017 33018
    26326 33017 33019
    26327 33020 33021
    26328 33020 33022
    26329 33023 33024
    26330 33023 33025
    26331 33026 33027
    26332 33026 33028
    26333 33029 33030
    26334 33029 33031
    26335 33032 33033
    26336 33032 33034
    26337 33035 33036
    26338 33035 33037
    26339 33038 33039
    26340 33038 33040
    26341 33041 33042
    26342 33041 33043
    26343 33044 33045
    26344 33044 33046
    26345 33047 33048
    26346 33047 33049
    26347 33050 33051
    26348 33050 33052
    26349 33053 33054
    26350 33053 33055
    26351 33056 33057
    26352 33056 33058
    26353 33059 33060
    26354 33059 33061
    26355 33062 33063
    26356 33062 33064
    26357 33065 33066
    26358 33065 33067
    26359 33068 33069
    26360 33068 33070
    26361 33071 33072
    26362 33071 33073
    26363 33074 33075
    26364 33074 33076
    26365 33077 33078
    26366 33077 33079
    26367 33080 33081
    26368 33080 33082
    26369 33083 33084
    26370 33083 33085
    26371 33086 33087
    26372 33086 33088
    26373 33089 33090
    26374 33089 33091
    26375 33092 33093
    26376 33092 33094
    26377 33095 33096
    26378 33095 33097
    26379 33098 33099
    26380 33098 33100
    26381 33101 33102
    26382 33101 33103
    26383 33104 33105
    26384 33104 33106
    26385 33107 33108
    26386 33107 33109
    26387 33110 33111
    26388 33110 33112
    26389 33113 33114
    26390 33113 33115
    26391 33116 33117
    26392 33116 33118
    26393 33119 33120
    26394 33119 33121
    26395 33122 33123
    26396 33122 33124
    26397 33125 33126
    26398 33125 33127
    26399 33128 33129
    26400 33128 33130
    26401 33131 33132
    26402 33131 33133
    26403 33134 33135
    26404 33134 33136
    26405 33137 33138
    26406 33137 33139
    26407 33140 33141
    26408 33140 33142
    26409 33143 33144
    26410 33143 33145
    26411 33146 33147
    26412 33146 33148
    26413 33149 33150
    26414 33149 33151
    26415 33152 33153
    26416 33152 33154
    26417 33155 33156
    26418 33155 33157
    26419 33158 33159
    26420 33158 33160
    26421 33161 33162
    26422 33161 33163
    26423 33164 33165
    26424 33164 33166
    26425 33167 33168
    26426 33167 33169
    26427 33170 33171
    26428 33170 33172
    26429 33173 33174
    26430 33173 33175
    26431 33176 33177
    26432 33176 33178
    26433 33179 33180
    26434 33179 33181
    26435 33182 33183
    26436 33182 33184
    26437 33185 33186
    26438 33185 33187
    26439 33188 33189
    26440 33188 33190
    26441 33191 33192
    26442 33191 33193
    26443 33194 33195
    26444 33194 33196
    26445 33197 33198
    26446 33197 33199
    26447 33200 33201
    26448 33200 33202
    26449 33203 33204
    26450 33203 33205
    26451 33206 33207
    26452 33206 33208
    26453 33209 33210
    26454 33209 33211
    26455 33212 33213
    26456 33212 33214
    26457 33215 33216
    26458 33215 33217
    26459 33218 33219
    26460 33218 33220
    26461 33221 33222
    26462 33221 33223
    26463 33224 33225
    26464 33224 33226
    26465 33227 33228
    26466 33227 33229
    26467 33230 33231
    26468 33230 33232
    26469 33233 33234
    26470 33233 33235
    26471 33236 33237
    26472 33236 33238
    26473 33239 33240
    26474 33239 33241
    26475 33242 33243
    26476 33242 33244
    26477 33245 33246
    26478 33245 33247
    26479 33248 33249
    26480 33248 33250
    26481 33251 33252
    26482 33251 33253
    26483 33254 33255
    26484 33254 33256
    26485 33257 33258
    26486 33257 33259
    26487 33260 33261
    26488 33260 33262
    26489 33263 33264
    26490 33263 33265
    26491 33266 33267
    26492 33266 33268
    26493 33269 33270
    26494 33269 33271
    26495 33272 33273
    26496 33272 33274
    26497 33275 33276
    26498 33275 33277
    26499 33278 33279
    26500 33278 33280
    26501 33281 33282
    26502 33281 33283
    26503 33284 33285
    26504 33284 33286
    26505 33287 33288
    26506 33287 33289
    26507 33290 33291
    26508 33290 33292
    26509 33293 33294
    26510 33293 33295
    26511 33296 33297
    26512 33296 33298
    26513 33299 33300
    26514 33299 33301
    26515 33302 33303
    26516 33302 33304
    26517 33305 33306
    26518 33305 33307
    26519 33308 33309
    26520 33308 33310
    26521 33311 33312
    26522 33311 33313
    26523 33314 33315
    26524 33314 33316
    26525 33317 33318
    26526 33317 33319
    26527 33320 33321
    26528 33320 33322
    26529 33323 33324
    26530 33323 33325
    26531 33326 33327
    26532 33326 33328
    26533 33329 33330
    26534 33329 33331
    26535 33332 33333
    26536 33332 33334
    26537 33335 33336
    26538 33335 33337
    26539 33338 33339
    26540 33338 33340
    26541 33341 33342
    26542 33341 33343
    26543 33344 33345
    26544 33344 33346
    26545 33347 33348
    26546 33347 33349
    26547 33350 33351
    26548 33350 33352
    26549 33353 33354
    26550 33353 33355
    26551 33356 33357
    26552 33356 33358
    26553 33359 33360
    26554 33359 33361
    26555 33362 33363
    26556 33362 33364
    26557 33365 33366
    26558 33365 33367
    26559 33368 33369
    26560 33368 33370
    26561 33371 33372
    26562 33371 33373
    26563 33374 33375
    26564 33374 33376
    26565 33377 33378
    26566 33377 33379
    26567 33380 33381
    26568 33380 33382
    26569 33383 33384
    26570 33383 33385
    26571 33386 33387
    26572 33386 33388
    26573 33389 33390
    26574 33389 33391
    26575 33392 33393
    26576 33392 33394
    26577 33395 33396
    26578 33395 33397
    26579 33398 33399
    26580 33398 33400
    26581 33401 33402
    26582 33401 33403
    26583 33404 33405
    26584 33404 33406
    26585 33407 33408
    26586 33407 33409
    26587 33410 33411
    26588 33410 33412
    26589 33413 33414
    26590 33413 33415
    26591 33416 33417
    26592 33416 33418
    26593 33419 33420
    26594 33419 33421
    26595 33422 33423
    26596 33422 33424
    26597 33425 33426
    26598 33425 33427
    26599 33428 33429
    26600 33428 33430
    26601 33431 33432
    26602 33431 33433
    26603 33434 33435
    26604 33434 33436
    26605 33437 33438
    26606 33437 33439
    26607 33440 33441
    26608 33440 33442
    26609 33443 33444
    26610 33443 33445
    26611 33446 33447
    26612 33446 33448
    26613 33449 33450
    26614 33449 33451
    26615 33452 33453
    26616 33452 33454
    26617 33455 33456
    26618 33455 33457
    26619 33458 33459
    26620 33458 33460
    26621 33461 33462
    26622 33461 33463
    26623 33464 33465
    26624 33464 33466
    26625 33467 33468
    26626 33467 33469
    26627 33470 33471
    26628 33470 33472
    26629 33473 33474
    26630 33473 33475
    26631 33476 33477
    26632 33476 33478
    26633 33479 33480
    26634 33479 33481
    26635 33482 33483
    26636 33482 33484
    26637 33485 33486
    26638 33485 33487
    26639 33488 33489
    26640 33488 33490
    26641 33491 33492
    26642 33491 33493
    26643 33494 33495
    26644 33494 33496
    26645 33497 33498
    26646 33497 33499
    26647 33500 33501
    26648 33500 33502
    26649 33503 33504
    26650 33503 33505
    26651 33506 33507
    26652 33506 33508
    26653 33509 33510
    26654 33509 33511
    26655 33512 33513
    26656 33512 33514
    26657 33515 33516
    26658 33515 33517
    26659 33518 33519
    26660 33518 33520
    26661 33521 33522
    26662 33521 33523
    26663 33524 33525
    26664 33524 33526
    26665 33527 33528
    26666 33527 33529
    26667 33530 33531
    26668 33530 33532
    26669 33533 33534
    26670 33533 33535
    26671 33536 33537
    26672 33536 33538
    26673 33539 33540
    26674 33539 33541
    26675 33542 33543
    26676 33542 33544
    26677 33545 33546
    26678 33545 33547
    26679 33548 33549
    26680 33548 33550
    26681 33551 33552
    26682 33551 33553
    26683 33554 33555
    26684 33554 33556
    26685 33557 33558
    26686 33557 33559
    26687 33560 33561
    26688 33560 33562
    26689 33563 33564
    26690 33563 33565
    26691 33566 33567
    26692 33566 33568
    26693 33569 33570
    26694 33569 33571
    26695 33572 33573
    26696 33572 33574
    26697 33575 33576
    26698 33575 33577
    26699 33578 33579
    26700 33578 33580
    26701 33581 33582
    26702 33581 33583
    26703 33584 33585
    26704 33584 33586
    26705 33587 33588
    26706 33587 33589
    26707 33590 33591
    26708 33590 33592
    26709 33593 33594
    26710 33593 33595
    26711 33596 33597
    26712 33596 33598
    26713 33599 33600
    26714 33599 33601
    26715 33602 33603
    26716 33602 33604
    26717 33605 33606
    26718 33605 33607
    26719 33608 33609
    26720 33608 33610
    26721 33611 33612
    26722 33611 33613
    26723 33614 33615
    26724 33614 33616
    26725 33617 33618
    26726 33617 33619
    26727 33620 33621
    26728 33620 33622
    26729 33623 33624
    26730 33623 33625
    26731 33626 33627
    26732 33626 33628
    26733 33629 33630
    26734 33629 33631
    26735 33632 33633
    26736 33632 33634
    26737 33635 33636
    26738 33635 33637
    26739 33638 33639
    26740 33638 33640
    26741 33641 33642
    26742 33641 33643
    26743 33644 33645
    26744 33644 33646
    26745 33647 33648
    26746 33647 33649
    26747 33650 33651
    26748 33650 33652
    26749 33653 33654
    26750 33653 33655
    26751 33656 33657
    26752 33656 33658
    26753 33659 33660
    26754 33659 33661
    26755 33662 33663
    26756 33662 33664
    26757 33665 33666
    26758 33665 33667
    26759 33668 33669
    26760 33668 33670
    26761 33671 33672
    26762 33671 33673
    26763 33674 33675
    26764 33674 33676
    26765 33677 33678
    26766 33677 33679
    26767 33680 33681
    26768 33680 33682
    26769 33683 33684
    26770 33683 33685
    26771 33686 33687
    26772 33686 33688
    26773 33689 33690
    26774 33689 33691
    26775 33692 33693
    26776 33692 33694
    26777 33695 33696
    26778 33695 33697
    26779 33698 33699
    26780 33698 33700
    26781 33701 33702
    26782 33701 33703
    26783 33704 33705
    26784 33704 33706
    26785 33707 33708
    26786 33707 33709
    26787 33710 33711
    26788 33710 33712
    26789 33713 33714
    26790 33713 33715
    26791 33716 33717
    26792 33716 33718
    26793 33719 33720
    26794 33719 33721
    26795 33722 33723
    26796 33722 33724
    26797 33725 33726
    26798 33725 33727
    26799 33728 33729
    26800 33728 33730
    26801 33731 33732
    26802 33731 33733
    26803 33734 33735
    26804 33734 33736
    26805 33737 33738
    26806 33737 33739
    26807 33740 33741
    26808 33740 33742
    26809 33743 33744
    26810 33743 33745
    26811 33746 33747
    26812 33746 33748
    26813 33749 33750
    26814 33749 33751
    26815 33752 33753
    26816 33752 33754
    26817 33755 33756
    26818 33755 33757
    26819 33758 33759
    26820 33758 33760
    26821 33761 33762
    26822 33761 33763
    26823 33764 33765
    26824 33764 33766
    26825 33767 33768
    26826 33767 33769
    26827 33770 33771
    26828 33770 33772
    26829 33773 33774
    26830 33773 33775
    26831 33776 33777
    26832 33776 33778
    26833 33779 33780
    26834 33779 33781
    26835 33782 33783
    26836 33782 33784
    26837 33785 33786
    26838 33785 33787
    26839 33788 33789
    26840 33788 33790
    26841 33791 33792
    26842 33791 33793
    26843 33794 33795
    26844 33794 33796
    26845 33797 33798
    26846 33797 33799
    26847 33800 33801
    26848 33800 33802
    26849 33803 33804
    26850 33803 33805
    26851 33806 33807
    26852 33806 33808
    26853 33809 33810
    26854 33809 33811
    26855 33812 33813
    26856 33812 33814
    26857 33815 33816
    26858 33815 33817
    26859 33818 33819
    26860 33818 33820
    26861 33821 33822
    26862 33821 33823
    26863 33824 33825
    26864 33824 33826
    26865 33827 33828
    26866 33827 33829
    26867 33830 33831
    26868 33830 33832
    26869 33833 33834
    26870 33833 33835
    26871 33836 33837
    26872 33836 33838
    26873 33839 33840
    26874 33839 33841
    26875 33842 33843
    26876 33842 33844
    26877 33845 33846
    26878 33845 33847
    26879 33848 33849
    26880 33848 33850
    26881 33851 33852
    26882 33851 33853
    26883 33854 33855
    26884 33854 33856
    26885 33857 33858
    26886 33857 33859
    26887 33860 33861
    26888 33860 33862
    26889 33863 33864
    26890 33863 33865
    26891 33866 33867
    26892 33866 33868
    26893 33869 33870
    26894 33869 33871
    26895 33872 33873
    26896 33872 33874
    26897 33875 33876
    26898 33875 33877
    26899 33878 33879
    26900 33878 33880
    26901 33881 33882
    26902 33881 33883
    26903 33884 33885
    26904 33884 33886
    26905 33887 33888
    26906 33887 33889
    26907 33890 33891
    26908 33890 33892
    26909 33893 33894
    26910 33893 33895
    26911 33896 33897
    26912 33896 33898
    26913 33899 33900
    26914 33899 33901
    26915 33902 33903
    26916 33902 33904
    26917 33905 33906
    26918 33905 33907
    26919 33908 33909
    26920 33908 33910
    26921 33911 33912
    26922 33911 33913
    26923 33914 33915
    26924 33914 33916
    26925 33917 33918
    26926 33917 33919
    26927 33920 33921
    26928 33920 33922
    26929 33923 33924
    26930 33923 33925
    26931 33926 33927
    26932 33926 33928
    26933 33929 33930
    26934 33929 33931
    26935 33932 33933
    26936 33932 33934
    26937 33935 33936
    26938 33935 33937
    26939 33938 33939
    26940 33938 33940
    26941 33941 33942
    26942 33941 33943
    26943 33944 33945
    26944 33944 33946
    26945 33947 33948
    26946 33947 33949
    26947 33950 33951
    26948 33950 33952
    26949 33953 33954
    26950 33953 33955
    26951 33956 33957
    26952 33956 33958
    26953 33959 33960
    26954 33959 33961
    26955 33962 33963
    26956 33962 33964
    26957 33965 33966
    26958 33965 33967
    26959 33968 33969
    26960 33968 33970
    26961 33971 33972
    26962 33971 33973
    26963 33974 33975
    26964 33974 33976
    26965 33977 33978
    26966 33977 33979
    26967 33980 33981
    26968 33980 33982
    26969 33983 33984
    26970 33983 33985
    26971 33986 33987
    26972 33986 33988
    26973 33989 33990
    26974 33989 33991
    26975 33992 33993
    26976 33992 33994
    26977 33995 33996
    26978 33995 33997
    26979 33998 33999
    26980 33998 34000
    26981 34001 34002
    26982 34001 34003
    26983 34004 34005
    26984 34004 34006
    26985 34007 34008
    26986 34007 34009
    26987 34010 34011
    26988 34010 34012
    26989 34013 34014
    26990 34013 34015
    26991 34016 34017
    26992 34016 34018
    26993 34019 34020
    26994 34019 34021
    26995 34022 34023
    26996 34022 34024
    26997 34025 34026
    26998 34025 34027
    26999 34028 34029
    27000 34028 34030
    27001 34031 34032
    27002 34031 34033
    27003 34034 34035
    27004 34034 34036
    27005 34037 34038
    27006 34037 34039
    27007 34040 34041
    27008 34040 34042
    27009 34043 34044
    27010 34043 34045
    27011 34046 34047
    27012 34046 34048
    27013 34049 34050
    27014 34049 34051
    27015 34052 34053
    27016 34052 34054
    27017 34055 34056
    27018 34055 34057
    27019 34058 34059
    27020 34058 34060
    27021 34061 34062
    27022 34061 34063
    27023 34064 34065
    27024 34064 34066
    27025 34067 34068
    27026 34067 34069
    27027 34070 34071
    27028 34070 34072
    27029 34073 34074
    27030 34073 34075
    27031 34076 34077
    27032 34076 34078
    27033 34079 34080
    27034 34079 34081
    27035 34082 34083
    27036 34082 34084
    27037 34085 34086
    27038 34085 34087
    27039 34088 34089
    27040 34088 34090
    27041 34091 34092
    27042 34091 34093
    27043 34094 34095
    27044 34094 34096
    27045 34097 34098
    27046 34097 34099
    27047 34100 34101
    27048 34100 34102
    27049 34103 34104
    27050 34103 34105
    27051 34106 34107
    27052 34106 34108
    27053 34109 34110
    27054 34109 34111
    27055 34112 34113
    27056 34112 34114
    27057 34115 34116
    27058 34115 34117
    27059 34118 34119
    27060 34118 34120
    27061 34121 34122
    27062 34121 34123
    27063 34124 34125
    27064 34124 34126
    27065 34127 34128
    27066 34127 34129
    27067 34130 34131
    27068 34130 34132
    27069 34133 34134
    27070 34133 34135
    27071 34136 34137
    27072 34136 34138
    27073 34139 34140
    27074 34139 34141
    27075 34142 34143
    27076 34142 34144
    27077 34145 34146
    27078 34145 34147
    27079 34148 34149
    27080 34148 34150
    27081 34151 34152
    27082 34151 34153
    27083 34154 34155
    27084 34154 34156
    27085 34157 34158
    27086 34157 34159
    27087 34160 34161
    27088 34160 34162
    27089 34163 34164
    27090 34163 34165
    27091 34166 34167
    27092 34166 34168
    27093 34169 34170
    27094 34169 34171
    27095 34172 34173
    27096 34172 34174
    27097 34175 34176
    27098 34175 34177
    27099 34178 34179
    27100 34178 34180
    27101 34181 34182
    27102 34181 34183
    27103 34184 34185
    27104 34184 34186
    27105 34187 34188
    27106 34187 34189
    27107 34190 34191
    27108 34190 34192
    27109 34193 34194
    27110 34193 34195
    27111 34196 34197
    27112 34196 34198
    27113 34199 34200
    27114 34199 34201
    27115 34202 34203
    27116 34202 34204
    27117 34205 34206
    27118 34205 34207
    27119 34208 34209
    27120 34208 34210
    27121 34211 34212
    27122 34211 34213
    27123 34214 34215
    27124 34214 34216
    27125 34217 34218
    27126 34217 34219
    27127 34220 34221
    27128 34220 34222
    27129 34223 34224
    27130 34223 34225
    27131 34226 34227
    27132 34226 34228
    27133 34229 34230
    27134 34229 34231
    27135 34232 34233
    27136 34232 34234
    27137 34235 34236
    27138 34235 34237
    27139 34238 34239
    27140 34238 34240
    27141 34241 34242
    27142 34241 34243
    27143 34244 34245
    27144 34244 34246
    27145 34247 34248
    27146 34247 34249
    27147 34250 34251
    27148 34250 34252
    27149 34253 34254
    27150 34253 34255
    27151 34256 34257
    27152 34256 34258
    27153 34259 34260
    27154 34259 34261
    27155 34262 34263
    27156 34262 34264
    27157 34265 34266
    27158 34265 34267
    27159 34268 34269
    27160 34268 34270
    27161 34271 34272
    27162 34271 34273
    27163 34274 34275
    27164 34274 34276
    27165 34277 34278
    27166 34277 34279
    27167 34280 34281
    27168 34280 34282
    27169 34283 34284
    27170 34283 34285
    27171 34286 34287
    27172 34286 34288
    27173 34289 34290
    27174 34289 34291
    27175 34292 34293
    27176 34292 34294
    27177 34295 34296
    27178 34295 34297
    27179 34298 34299
    27180 34298 34300
    27181 34301 34302
    27182 34301 34303
    27183 34304 34305
    27184 34304 34306
    27185 34307 34308
    27186 34307 34309
    27187 34310 34311
    27188 34310 34312
    27189 34313 34314
    27190 34313 34315
    27191 34316 34317
    27192 34316 34318
    27193 34319 34320
    27194 34319 34321
    27195 34322 34323
    27196 34322 34324
    27197 34325 34326
    27198 34325 34327
    27199 34328 34329
    27200 34328 34330
    27201 34331 34332
    27202 34331 34333
    27203 34334 34335
    27204 34334 34336
    27205 34337 34338
    27206 34337 34339
    27207 34340 34341
    27208 34340 34342
    27209 34343 34344
    27210 34343 34345
    27211 34346 34347
    27212 34346 34348
    27213 34349 34350
    27214 34349 34351
    27215 34352 34353
    27216 34352 34354
    27217 34355 34356
    27218 34355 34357
    27219 34358 34359
    27220 34358 34360
    27221 34361 34362
    27222 34361 34363
    27223 34364 34365
    27224 34364 34366
    27225 34367 34368
    27226 34367 34369
    27227 34370 34371
    27228 34370 34372
    27229 34373 34374
    27230 34373 34375
    27231 34376 34377
    27232 34376 34378
    27233 34379 34380
    27234 34379 34381
    27235 34382 34383
    27236 34382 34384
    27237 34385 34386
    27238 34385 34387
    27239 34388 34389
    27240 34388 34390
    27241 34391 34392
    27242 34391 34393
    27243 34394 34395
    27244 34394 34396
    27245 34397 34398
    27246 34397 34399
    27247 34400 34401
    27248 34400 34402
    27249 34403 34404
    27250 34403 34405
    27251 34406 34407
    27252 34406 34408
    27253 34409 34410
    27254 34409 34411
    27255 34412 34413
    27256 34412 34414
    27257 34415 34416
    27258 34415 34417
    27259 34418 34419
    27260 34418 34420
    27261 34421 34422
    27262 34421 34423
    27263 34424 34425
    27264 34424 34426
    27265 34427 34428
    27266 34427 34429
    27267 34430 34431
    27268 34430 34432
    27269 34433 34434
    27270 34433 34435
    27271 34436 34437
    27272 34436 34438
    27273 34439 34440
    27274 34439 34441
    27275 34442 34443
    27276 34442 34444
    27277 34445 34446
    27278 34445 34447
    27279 34448 34449
    27280 34448 34450
    27281 34451 34452
    27282 34451 34453
    27283 34454 34455
    27284 34454 34456
    27285 34457 34458
    27286 34457 34459
    27287 34460 34461
    27288 34460 34462
    27289 34463 34464
    27290 34463 34465
    27291 34466 34467
    27292 34466 34468
    27293 34469 34470
    27294 34469 34471
    27295 34472 34473
    27296 34472 34474
    27297 34475 34476
    27298 34475 34477
    27299 34478 34479
    27300 34478 34480
    27301 34481 34482
    27302 34481 34483
    27303 34484 34485
    27304 34484 34486
    27305 34487 34488
    27306 34487 34489
    27307 34490 34491
    27308 34490 34492
    27309 34493 34494
    27310 34493 34495
    27311 34496 34497
    27312 34496 34498
    27313 34499 34500
    27314 34499 34501
    27315 34502 34503
    27316 34502 34504
    27317 34505 34506
    27318 34505 34507
    27319 34508 34509
    27320 34508 34510
    27321 34511 34512
    27322 34511 34513
    27323 34514 34515
    27324 34514 34516
    27325 34517 34518
    27326 34517 34519
    27327 34520 34521
    27328 34520 34522
    27329 34523 34524
    27330 34523 34525
    27331 34526 34527
    27332 34526 34528
    27333 34529 34530
    27334 34529 34531
    27335 34532 34533
    27336 34532 34534
    27337 34535 34536
    27338 34535 34537
    27339 34538 34539
    27340 34538 34540
    27341 34541 34542
    27342 34541 34543
    27343 34544 34545
    27344 34544 34546
    27345 34547 34548
    27346 34547 34549
    27347 34550 34551
    27348 34550 34552
    27349 34553 34554
    27350 34553 34555
    27351 34556 34557
    27352 34556 34558
    27353 34559 34560
    27354 34559 34561
    27355 34562 34563
    27356 34562 34564
    27357 34565 34566
    27358 34565 34567
    27359 34568 34569
    27360 34568 34570
    27361 34571 34572
    27362 34571 34573
    27363 34574 34575
    27364 34574 34576
    27365 34577 34578
    27366 34577 34579
    27367 34580 34581
    27368 34580 34582
    27369 34583 34584
    27370 34583 34585
    27371 34586 34587
    27372 34586 34588
    27373 34589 34590
    27374 34589 34591
    27375 34592 34593
    27376 34592 34594
    27377 34595 34596
    27378 34595 34597
    27379 34598 34599
    27380 34598 34600
    27381 34601 34602
    27382 34601 34603
    27383 34604 34605
    27384 34604 34606
    27385 34607 34608
    27386 34607 34609
    27387 34610 34611
    27388 34610 34612
    27389 34613 34614
    27390 34613 34615
    27391 34616 34617
    27392 34616 34618
    27393 34619 34620
    27394 34619 34621
    27395 34622 34623
    27396 34622 34624
    27397 34625 34626
    27398 34625 34627
    27399 34628 34629
    27400 34628 34630
    27401 34631 34632
    27402 34631 34633
    27403 34634 34635
    27404 34634 34636
    27405 34637 34638
    27406 34637 34639
    27407 34640 34641
    27408 34640 34642
    27409 34643 34644
    27410 34643 34645
    27411 34646 34647
    27412 34646 34648
    27413 34649 34650
    27414 34649 34651
    27415 34652 34653
    27416 34652 34654
    27417 34655 34656
    27418 34655 34657
    27419 34658 34659
    27420 34658 34660
    27421 34661 34662
    27422 34661 34663
    27423 34664 34665
    27424 34664 34666
    27425 34667 34668
    27426 34667 34669
    27427 34670 34671
    27428 34670 34672
    27429 34673 34674
    27430 34673 34675
    27431 34676 34677
    27432 34676 34678
    27433 34679 34680
    27434 34679 34681
    27435 34682 34683
    27436 34682 34684
    27437 34685 34686
    27438 34685 34687
    27439 34688 34689
    27440 34688 34690
    27441 34691 34692
    27442 34691 34693
    27443 34694 34695
    27444 34694 34696
    27445 34697 34698
    27446 34697 34699
    27447 34700 34701
    27448 34700 34702
    27449 34703 34704
    27450 34703 34705
    27451 34706 34707
    27452 34706 34708
    27453 34709 34710
    27454 34709 34711
    27455 34712 34713
    27456 34712 34714
    27457 34715 34716
    27458 34715 34717
    27459 34718 34719
    27460 34718 34720
    27461 34721 34722
    27462 34721 34723
    27463 34724 34725
    27464 34724 34726
    27465 34727 34728
    27466 34727 34729
    27467 34730 34731
    27468 34730 34732
    27469 34733 34734
    27470 34733 34735
    27471 34736 34737
    27472 34736 34738
    27473 34739 34740
    27474 34739 34741
    27475 34742 34743
    27476 34742 34744
    27477 34745 34746
    27478 34745 34747
    27479 34748 34749
    27480 34748 34750
    27481 34751 34752
    27482 34751 34753
    27483 34754 34755
    27484 34754 34756
    27485 34757 34758
    27486 34757 34759
    27487 34760 34761
    27488 34760 34762
    27489 34763 34764
    27490 34763 34765
    27491 34766 34767
    27492 34766 34768
    27493 34769 34770
    27494 34769 34771
    27495 34772 34773
    27496 34772 34774
    27497 34775 34776
    27498 34775 34777
    27499 34778 34779
    27500 34778 34780
    27501 34781 34782
    27502 34781 34783
    27503 34784 34785
    27504 34784 34786
    27505 34787 34788
    27506 34787 34789
    27507 34790 34791
    27508 34790 34792
    27509 34793 34794
    27510 34793 34795
    27511 34796 34797
    27512 34796 34798
    27513 34799 34800
    27514 34799 34801
    27515 34802 34803
    27516 34802 34804
    27517 34805 34806
    27518 34805 34807
    27519 34808 34809
    27520 34808 34810
    27521 34811 34812
    27522 34811 34813
    27523 34814 34815
    27524 34814 34816
    27525 34817 34818
    27526 34817 34819
    27527 34820 34821
    27528 34820 34822
    27529 34823 34824
    27530 34823 34825
    27531 34826 34827
    27532 34826 34828
    27533 34829 34830
    27534 34829 34831
    27535 34832 34833
    27536 34832 34834
    27537 34835 34836
    27538 34835 34837
    27539 34838 34839
    27540 34838 34840
    27541 34841 34842
    27542 34841 34843
    27543 34844 34845
    27544 34844 34846
    27545 34847 34848
    27546 34847 34849
    27547 34850 34851
    27548 34850 34852
    27549 34853 34854
    27550 34853 34855
    27551 34856 34857
    27552 34856 34858
    27553 34859 34860
    27554 34859 34861
    27555 34862 34863
    27556 34862 34864
    27557 34865 34866
    27558 34865 34867
    27559 34868 34869
    27560 34868 34870
    27561 34871 34872
    27562 34871 34873
    27563 34874 34875
    27564 34874 34876
    27565 34877 34878
    27566 34877 34879
    27567 34880 34881
    27568 34880 34882
    27569 34883 34884
    27570 34883 34885
    27571 34886 34887
    27572 34886 34888
    27573 34889 34890
    27574 34889 34891
    27575 34892 34893
    27576 34892 34894
    27577 34895 34896
    27578 34895 34897
    27579 34898 34899
    27580 34898 34900
    27581 34901 34902
    27582 34901 34903
    27583 34904 34905
    27584 34904 34906
    27585 34907 34908
    27586 34907 34909
    27587 34910 34911
    27588 34910 34912
    27589 34913 34914
    27590 34913 34915
    27591 34916 34917
    27592 34916 34918
    27593 34919 34920
    27594 34919 34921
    27595 34922 34923
    27596 34922 34924
    27597 34925 34926
    27598 34925 34927
    27599 34928 34929
    27600 34928 34930
    27601 34931 34932
    27602 34931 34933
    27603 34934 34935
    27604 34934 34936
    27605 34937 34938
    27606 34937 34939
    27607 34940 34941
    27608 34940 34942
    27609 34943 34944
    27610 34943 34945
    27611 34946 34947
    27612 34946 34948
    27613 34949 34950
    27614 34949 34951
    27615 34952 34953
    27616 34952 34954
    27617 34955 34956
    27618 34955 34957
    27619 34958 34959
    27620 34958 34960
    27621 34961 34962
    27622 34961 34963
    27623 34964 34965
    27624 34964 34966
    27625 34967 34968
    27626 34967 34969
    27627 34970 34971
    27628 34970 34972
    27629 34973 34974
    27630 34973 34975
    27631 34976 34977
    27632 34976 34978
    27633 34979 34980
    27634 34979 34981
    27635 34982 34983
    27636 34982 34984
    27637 34985 34986
    27638 34985 34987
    27639 34988 34989
    27640 34988 34990
    27641 34991 34992
    27642 34991 34993
    27643 34994 34995
    27644 34994 34996
    27645 34997 34998
    27646 34997 34999
    27647 35000 35001
    27648 35000 35002
    27649 35003 35004
    27650 35003 35005
    27651 35006 35007
    27652 35006 35008
    27653 35009 35010
    27654 35009 35011
    27655 35012 35013
    27656 35012 35014
    27657 35015 35016
    27658 35015 35017
    27659 35018 35019
    27660 35018 35020
    27661 35021 35022
    27662 35021 35023
    27663 35024 35025
    27664 35024 35026
    27665 35027 35028
    27666 35027 35029
    27667 35030 35031
    27668 35030 35032
    27669 35033 35034
    27670 35033 35035
    27671 35036 35037
    27672 35036 35038
    27673 35039 35040
    27674 35039 35041
    27675 35042 35043
    27676 35042 35044
    27677 35045 35046
    27678 35045 35047
    27679 35048 35049
    27680 35048 35050
    27681 35051 35052
    27682 35051 35053
    27683 35054 35055
    27684 35054 35056
    27685 35057 35058
    27686 35057 35059
    27687 35060 35061
    27688 35060 35062
    27689 35063 35064
    27690 35063 35065
    27691 35066 35067
    27692 35066 35068
    27693 35069 35070
    27694 35069 35071
    27695 35072 35073
    27696 35072 35074
    27697 35075 35076
    27698 35075 35077
    27699 35078 35079
    27700 35078 35080
    27701 35081 35082
    27702 35081 35083
    27703 35084 35085
    27704 35084 35086
    27705 35087 35088
    27706 35087 35089
    27707 35090 35091
    27708 35090 35092
    27709 35093 35094
    27710 35093 35095
    27711 35096 35097
    27712 35096 35098
    27713 35099 35100
    27714 35099 35101
    27715 35102 35103
    27716 35102 35104
    27717 35105 35106
    27718 35105 35107
    27719 35108 35109
    27720 35108 35110
    27721 35111 35112
    27722 35111 35113
    27723 35114 35115
    27724 35114 35116
    27725 35117 35118
    27726 35117 35119
    27727 35120 35121
    27728 35120 35122
    27729 35123 35124
    27730 35123 35125
    27731 35126 35127
    27732 35126 35128
    27733 35129 35130
    27734 35129 35131
    27735 35132 35133
    27736 35132 35134
    27737 35135 35136
    27738 35135 35137
    27739 35138 35139
    27740 35138 35140
    27741 35141 35142
    27742 35141 35143
    27743 35144 35145
    27744 35144 35146
    27745 35147 35148
    27746 35147 35149
    27747 35150 35151
    27748 35150 35152
    27749 35153 35154
    27750 35153 35155
    27751 35156 35157
    27752 35156 35158
    27753 35159 35160
    27754 35159 35161
    27755 35162 35163
    27756 35162 35164
    27757 35165 35166
    27758 35165 35167
    27759 35168 35169
    27760 35168 35170
    27761 35171 35172
    27762 35171 35173
    27763 35174 35175
    27764 35174 35176
    27765 35177 35178
    27766 35177 35179
    27767 35180 35181
    27768 35180 35182
    27769 35183 35184
    27770 35183 35185
    27771 35186 35187
    27772 35186 35188
    27773 35189 35190
    27774 35189 35191
    27775 35192 35193
    27776 35192 35194
    27777 35195 35196
    27778 35195 35197
    27779 35198 35199
    27780 35198 35200
    27781 35201 35202
    27782 35201 35203
    27783 35204 35205
    27784 35204 35206
    27785 35207 35208
    27786 35207 35209
    27787 35210 35211
    27788 35210 35212
    27789 35213 35214
    27790 35213 35215
    27791 35216 35217
    27792 35216 35218
    27793 35219 35220
    27794 35219 35221
    27795 35222 35223
    27796 35222 35224
    27797 35225 35226
    27798 35225 35227
    27799 35228 35229
    27800 35228 35230
    27801 35231 35232
    27802 35231 35233
    27803 35234 35235
    27804 35234 35236
    27805 35237 35238
    27806 35237 35239
    27807 35240 35241
    27808 35240 35242
    27809 35243 35244
    27810 35243 35245
    27811 35246 35247
    27812 35246 35248
    27813 35249 35250
    27814 35249 35251
    27815 35252 35253
    27816 35252 35254
    27817 35255 35256
    27818 35255 35257
    27819 35258 35259
    27820 35258 35260
    27821 35261 35262
    27822 35261 35263
    27823 35264 35265
    27824 35264 35266
    27825 35267 35268
    27826 35267 35269
    27827 35270 35271
    27828 35270 35272
    27829 35273 35274
    27830 35273 35275
    27831 35276 35277
    27832 35276 35278
    27833 35279 35280
    27834 35279 35281
    27835 35282 35283
    27836 35282 35284
    27837 35285 35286
    27838 35285 35287
    27839 35288 35289
    27840 35288 35290
    27841 35291 35292
    27842 35291 35293
    27843 35294 35295
    27844 35294 35296
    27845 35297 35298
    27846 35297 35299
    27847 35300 35301
    27848 35300 35302
    27849 35303 35304
    27850 35303 35305
    27851 35306 35307
    27852 35306 35308
    27853 35309 35310
    27854 35309 35311
    27855 35312 35313
    27856 35312 35314
    27857 35315 35316
    27858 35315 35317
    27859 35318 35319
    27860 35318 35320
    27861 35321 35322
    27862 35321 35323
    27863 35324 35325
    27864 35324 35326
    27865 35327 35328
    27866 35327 35329
    27867 35330 35331
    27868 35330 35332
    27869 35333 35334
    27870 35333 35335
    27871 35336 35337
    27872 35336 35338
    27873 35339 35340
    27874 35339 35341
    27875 35342 35343
    27876 35342 35344
    27877 35345 35346
    27878 35345 35347
    27879 35348 35349
    27880 35348 35350
    27881 35351 35352
    27882 35351 35353
    27883 35354 35355
    27884 35354 35356
    27885 35357 35358
    27886 35357 35359
    27887 35360 35361
    27888 35360 35362
    27889 35363 35364
    27890 35363 35365
    27891 35366 35367
    27892 35366 35368
    27893 35369 35370
    27894 35369 35371
    27895 35372 35373
    27896 35372 35374
    27897 35375 35376
    27898 35375 35377
    27899 35378 35379
    27900 35378 35380
    27901 35381 35382
    27902 35381 35383
    27903 35384 35385
    27904 35384 35386
    27905 35387 35388
    27906 35387 35389
    27907 35390 35391
    27908 35390 35392
    27909 35393 35394
    27910 35393 35395
    27911 35396 35397
    27912 35396 35398
    27913 35399 35400
    27914 35399 35401
    27915 35402 35403
    27916 35402 35404
    27917 35405 35406
    27918 35405 35407
    27919 35408 35409
    27920 35408 35410
    27921 35411 35412
    27922 35411 35413
    27923 35414 35415
    27924 35414 35416
    27925 35417 35418
    27926 35417 35419
    27927 35420 35421
    27928 35420 35422
    27929 35423 35424
    27930 35423 35425
    27931 35426 35427
    27932 35426 35428
    27933 35429 35430
    27934 35429 35431
    27935 35432 35433
    27936 35432 35434
    27937 35435 35436
    27938 35435 35437
    27939 35438 35439
    27940 35438 35440
    27941 35441 35442
    27942 35441 35443
    27943 35444 35445
    27944 35444 35446
    27945 35447 35448
    27946 35447 35449
    27947 35450 35451
    27948 35450 35452
    27949 35453 35454
    27950 35453 35455
    27951 35456 35457
    27952 35456 35458
    27953 35459 35460
    27954 35459 35461
    27955 35462 35463
    27956 35462 35464
    27957 35465 35466
    27958 35465 35467
    27959 35468 35469
    27960 35468 35470
    27961 35471 35472
    27962 35471 35473
    27963 35474 35475
    27964 35474 35476
    27965 35477 35478
    27966 35477 35479
    27967 35480 35481
    27968 35480 35482
    27969 35483 35484
    27970 35483 35485
    27971 35486 35487
    27972 35486 35488
    27973 35489 35490
    27974 35489 35491
    27975 35492 35493
    27976 35492 35494
    27977 35495 35496
    27978 35495 35497
    27979 35498 35499
    27980 35498 35500
    27981 35501 35502
    27982 35501 35503
    27983 35504 35505
    27984 35504 35506
    27985 35507 35508
    27986 35507 35509
    27987 35510 35511
    27988 35510 35512
    27989 35513 35514
    27990 35513 35515
    27991 35516 35517
    27992 35516 35518
    27993 35519 35520
    27994 35519 35521
    27995 35522 35523
    27996 35522 35524
    27997 35525 35526
    27998 35525 35527
    27999 35528 35529
    28000 35528 35530
    28001 35531 35532
    28002 35531 35533
    28003 35534 35535
    28004 35534 35536
    28005 35537 35538
    28006 35537 35539
    28007 35540 35541
    28008 35540 35542
    28009 35543 35544
    28010 35543 35545
    28011 35546 35547
    28012 35546 35548
    28013 35549 35550
    28014 35549 35551
    28015 35552 35553
    28016 35552 35554
    28017 35555 35556
    28018 35555 35557
    28019 35558 35559
    28020 35558 35560
    28021 35561 35562
    28022 35561 35563
    28023 35564 35565
    28024 35564 35566
    28025 35567 35568
    28026 35567 35569
    28027 35570 35571
    28028 35570 35572
    28029 35573 35574
    28030 35573 35575
    28031 35576 35577
    28032 35576 35578
    28033 35579 35580
    28034 35579 35581
    28035 35582 35583
    28036 35582 35584
    28037 35585 35586
    28038 35585 35587
    28039 35588 35589
    28040 35588 35590
    28041 35591 35592
    28042 35591 35593
    28043 35594 35595
    28044 35594 35596
    28045 35597 35598
    28046 35597 35599
    28047 35600 35601
    28048 35600 35602
    28049 35603 35604
    28050 35603 35605
    28051 35606 35607
    28052 35606 35608
    28053 35609 35610
    28054 35609 35611
    28055 35612 35613
    28056 35612 35614
    28057 35615 35616
    28058 35615 35617
    28059 35618 35619
    28060 35618 35620
    28061 35621 35622
    28062 35621 35623
    28063 35624 35625
    28064 35624 35626
    28065 35627 35628
    28066 35627 35629
    28067 35630 35631
    28068 35630 35632
    28069 35633 35634
    28070 35633 35635
    28071 35636 35637
    28072 35636 35638
    28073 35639 35640
    28074 35639 35641
    28075 35642 35643
    28076 35642 35644
    28077 35645 35646
    28078 35645 35647
    28079 35648 35649
    28080 35648 35650
    28081 35651 35652
    28082 35651 35653
    28083 35654 35655
    28084 35654 35656
    28085 35657 35658
    28086 35657 35659
    28087 35660 35661
    28088 35660 35662
    28089 35663 35664
    28090 35663 35665
    28091 35666 35667
    28092 35666 35668
    28093 35669 35670
    28094 35669 35671
    28095 35672 35673
    28096 35672 35674
    28097 35675 35676
    28098 35675 35677
    28099 35678 35679
    28100 35678 35680
    28101 35681 35682
    28102 35681 35683
    28103 35684 35685
    28104 35684 35686
    28105 35687 35688
    28106 35687 35689
    28107 35690 35691
    28108 35690 35692
    28109 35693 35694
    28110 35693 35695
    28111 35696 35697
    28112 35696 35698
    28113 35699 35700
    28114 35699 35701
    28115 35702 35703
    28116 35702 35704
    28117 35705 35706
    28118 35705 35707
    28119 35708 35709
    28120 35708 35710
    28121 35711 35712
    28122 35711 35713
    28123 35714 35715
    28124 35714 35716
    28125 35717 35718
    28126 35717 35719
    28127 35720 35721
    28128 35720 35722
    28129 35723 35724
    28130 35723 35725
    28131 35726 35727
    28132 35726 35728
    28133 35729 35730
    28134 35729 35731
    28135 35732 35733
    28136 35732 35734
    28137 35735 35736
    28138 35735 35737
    28139 35738 35739
    28140 35738 35740
    28141 35741 35742
    28142 35741 35743
    28143 35744 35745
    28144 35744 35746
    28145 35747 35748
    28146 35747 35749
    28147 35750 35751
    28148 35750 35752
    28149 35753 35754
    28150 35753 35755
    28151 35756 35757
    28152 35756 35758
    28153 35759 35760
    28154 35759 35761
    28155 35762 35763
    28156 35762 35764
    28157 35765 35766
    28158 35765 35767
    28159 35768 35769
    28160 35768 35770
    28161 35771 35772
    28162 35771 35773
    28163 35774 35775
    28164 35774 35776
    28165 35777 35778
    28166 35777 35779
    28167 35780 35781
    28168 35780 35782
    28169 35783 35784
    28170 35783 35785
    28171 35786 35787
    28172 35786 35788
    28173 35789 35790
    28174 35789 35791
    28175 35792 35793
    28176 35792 35794
    28177 35795 35796
    28178 35795 35797
    28179 35798 35799
    28180 35798 35800
    28181 35801 35802
    28182 35801 35803
    28183 35804 35805
    28184 35804 35806
    28185 35807 35808
    28186 35807 35809
    28187 35810 35811
    28188 35810 35812
    28189 35813 35814
    28190 35813 35815
    28191 35816 35817
    28192 35816 35818
    28193 35819 35820
    28194 35819 35821
    28195 35822 35823
    28196 35822 35824
    28197 35825 35826
    28198 35825 35827
    28199 35828 35829
    28200 35828 35830
    28201 35831 35832
    28202 35831 35833
    28203 35834 35835
    28204 35834 35836
    28205 35837 35838
    28206 35837 35839
    28207 35840 35841
    28208 35840 35842
    28209 35843 35844
    28210 35843 35845
    28211 35846 35847
    28212 35846 35848
    28213 35849 35850
    28214 35849 35851
    28215 35852 35853
    28216 35852 35854
    28217 35855 35856
    28218 35855 35857
    28219 35858 35859
    28220 35858 35860
    28221 35861 35862
    28222 35861 35863
    28223 35864 35865
    28224 35864 35866
    28225 35867 35868
    28226 35867 35869
    28227 35870 35871
    28228 35870 35872
    28229 35873 35874
    28230 35873 35875
    28231 35876 35877
    28232 35876 35878
    28233 35879 35880
    28234 35879 35881
    28235 35882 35883
    28236 35882 35884
    28237 35885 35886
    28238 35885 35887
    28239 35888 35889
    28240 35888 35890
    28241 35891 35892
    28242 35891 35893
    28243 35894 35895
    28244 35894 35896
    28245 35897 35898
    28246 35897 35899
    28247 35900 35901
    28248 35900 35902
    28249 35903 35904
    28250 35903 35905
    28251 35906 35907
    28252 35906 35908
    28253 35909 35910
    28254 35909 35911
    28255 35912 35913
    28256 35912 35914
    28257 35915 35916
    28258 35915 35917
    28259 35918 35919
    28260 35918 35920
    28261 35921 35922
    28262 35921 35923
    28263 35924 35925
    28264 35924 35926
    28265 35927 35928
    28266 35927 35929
    28267 35930 35931
    28268 35930 35932
    28269 35933 35934
    28270 35933 35935
    28271 35936 35937
    28272 35936 35938
    28273 35939 35940
    28274 35939 35941
    28275 35942 35943
    28276 35942 35944
    28277 35945 35946
    28278 35945 35947
    28279 35948 35949
    28280 35948 35950
    28281 35951 35952
    28282 35951 35953
    28283 35954 35955
    28284 35954 35956
    28285 35957 35958
    28286 35957 35959
    28287 35960 35961
    28288 35960 35962
    28289 35963 35964
    28290 35963 35965
    28291 35966 35967
    28292 35966 35968
    28293 35969 35970
    28294 35969 35971
    28295 35972 35973
    28296 35972 35974
    28297 35975 35976
    28298 35975 35977
    28299 35978 35979
    28300 35978 35980
    28301 35981 35982
    28302 35981 35983
    28303 35984 35985
    28304 35984 35986
    28305 35987 35988
    28306 35987 35989
    28307 35990 35991
    28308 35990 35992
    28309 35993 35994
    28310 35993 35995
    28311 35996 35997
    28312 35996 35998
    28313 35999 36000
    28314 35999 36001
    28315 36002 36003
    28316 36002 36004
    28317 36005 36006
    28318 36005 36007
    28319 36008 36009
    28320 36008 36010
    28321 36011 36012
    28322 36011 36013
    28323 36014 36015
    28324 36014 36016
    28325 36017 36018
    28326 36017 36019
    28327 36020 36021
    28328 36020 36022
    28329 36023 36024
    28330 36023 36025
    28331 36026 36027
    28332 36026 36028
    28333 36029 36030
    28334 36029 36031
    28335 36032 36033
    28336 36032 36034
    28337 36035 36036
    28338 36035 36037
    28339 36038 36039
    28340 36038 36040
    28341 36041 36042
    28342 36041 36043
    28343 36044 36045
    28344 36044 36046
    28345 36047 36048
    28346 36047 36049
    28347 36050 36051
    28348 36050 36052
    28349 36053 36054
    28350 36053 36055
    28351 36056 36057
    28352 36056 36058
    28353 36059 36060
    28354 36059 36061
    28355 36062 36063
    28356 36062 36064
    28357 36065 36066
    28358 36065 36067
    28359 36068 36069
    28360 36068 36070
    28361 36071 36072
    28362 36071 36073
    28363 36074 36075
    28364 36074 36076
    28365 36077 36078
    28366 36077 36079
    28367 36080 36081
    28368 36080 36082
    28369 36083 36084
    28370 36083 36085
    28371 36086 36087
    28372 36086 36088
    28373 36089 36090
    28374 36089 36091
    28375 36092 36093
    28376 36092 36094
    28377 36095 36096
    28378 36095 36097
    28379 36098 36099
    28380 36098 36100
    28381 36101 36102
    28382 36101 36103
    28383 36104 36105
    28384 36104 36106
    28385 36107 36108
    28386 36107 36109
    28387 36110 36111
    28388 36110 36112
    28389 36113 36114
    28390 36113 36115
    28391 36116 36117
    28392 36116 36118
    28393 36119 36120
    28394 36119 36121
    28395 36122 36123
    28396 36122 36124
    28397 36125 36126
    28398 36125 36127
    28399 36128 36129
    28400 36128 36130
    28401 36131 36132
    28402 36131 36133
    28403 36134 36135
    28404 36134 36136
    28405 36137 36138
    28406 36137 36139
    28407 36140 36141
    28408 36140 36142
    28409 36143 36144
    28410 36143 36145
    28411 36146 36147
    28412 36146 36148
    28413 36149 36150
    28414 36149 36151
    28415 36152 36153
    28416 36152 36154
    28417 36155 36156
    28418 36155 36157
    28419 36158 36159
    28420 36158 36160
    28421 36161 36162
    28422 36161 36163
    28423 36164 36165
    28424 36164 36166
    28425 36167 36168
    28426 36167 36169
    28427 36170 36171
    28428 36170 36172
    28429 36173 36174
    28430 36173 36175
    28431 36176 36177
    28432 36176 36178
    28433 36179 36180
    28434 36179 36181
    28435 36182 36183
    28436 36182 36184
    28437 36185 36186
    28438 36185 36187
    28439 36188 36189
    28440 36188 36190
    28441 36191 36192
    28442 36191 36193
    28443 36194 36195
    28444 36194 36196
    28445 36197 36198
    28446 36197 36199
    28447 36200 36201
    28448 36200 36202
    28449 36203 36204
    28450 36203 36205
    28451 36206 36207
    28452 36206 36208
    28453 36209 36210
    28454 36209 36211
    28455 36212 36213
    28456 36212 36214
    28457 36215 36216
    28458 36215 36217
    28459 36218 36219
    28460 36218 36220
    28461 36221 36222
    28462 36221 36223
    28463 36224 36225
    28464 36224 36226
    28465 36227 36228
    28466 36227 36229
    28467 36230 36231
    28468 36230 36232
    28469 36233 36234
    28470 36233 36235
    28471 36236 36237
    28472 36236 36238
    28473 36239 36240
    28474 36239 36241
    28475 36242 36243
    28476 36242 36244
    28477 36245 36246
    28478 36245 36247
    28479 36248 36249
    28480 36248 36250
    28481 36251 36252
    28482 36251 36253
    28483 36254 36255
    28484 36254 36256
    28485 36257 36258
    28486 36257 36259
    28487 36260 36261
    28488 36260 36262
    28489 36263 36264
    28490 36263 36265
    28491 36266 36267
    28492 36266 36268
    28493 36269 36270
    28494 36269 36271
    28495 36272 36273
    28496 36272 36274
    28497 36275 36276
    28498 36275 36277
    28499 36278 36279
    28500 36278 36280
    28501 36281 36282
    28502 36281 36283
    28503 36284 36285
    28504 36284 36286
    28505 36287 36288
    28506 36287 36289
    28507 36290 36291
    28508 36290 36292
    28509 36293 36294
    28510 36293 36295
    28511 36296 36297
    28512 36296 36298
    28513 36299 36300
    28514 36299 36301
    28515 36302 36303
    28516 36302 36304
    28517 36305 36306
    28518 36305 36307
    28519 36308 36309
    28520 36308 36310
    28521 36311 36312
    28522 36311 36313
    28523 36314 36315
    28524 36314 36316
    28525 36317 36318
    28526 36317 36319
    28527 36320 36321
    28528 36320 36322
    28529 36323 36324
    28530 36323 36325
    28531 36326 36327
    28532 36326 36328
    28533 36329 36330
    28534 36329 36331
    28535 36332 36333
    28536 36332 36334
    28537 36335 36336
    28538 36335 36337
    28539 36338 36339
    28540 36338 36340
    28541 36341 36342
    28542 36341 36343
    28543 36344 36345
    28544 36344 36346
    28545 36347 36348
    28546 36347 36349
    28547 36350 36351
    28548 36350 36352
    28549 36353 36354
    28550 36353 36355
    28551 36356 36357
    28552 36356 36358
    28553 36359 36360
    28554 36359 36361
    28555 36362 36363
    28556 36362 36364
    28557 36365 36366
    28558 36365 36367
    28559 36368 36369
    28560 36368 36370
    28561 36371 36372
    28562 36371 36373
    28563 36374 36375
    28564 36374 36376
    28565 36377 36378
    28566 36377 36379
    28567 36380 36381
    28568 36380 36382
    28569 36383 36384
    28570 36383 36385
    28571 36386 36387
    28572 36386 36388
    28573 36389 36390
    28574 36389 36391
    28575 36392 36393
    28576 36392 36394
    28577 36395 36396
    28578 36395 36397
    28579 36398 36399
    28580 36398 36400
    28581 36401 36402
    28582 36401 36403
    28583 36404 36405
    28584 36404 36406
    28585 36407 36408
    28586 36407 36409
    28587 36410 36411
    28588 36410 36412
    28589 36413 36414
    28590 36413 36415
    28591 36416 36417
    28592 36416 36418
    28593 36419 36420
    28594 36419 36421
    28595 36422 36423
    28596 36422 36424
    28597 36425 36426
    28598 36425 36427
    28599 36428 36429
    28600 36428 36430
    28601 36431 36432
    28602 36431 36433
    28603 36434 36435
    28604 36434 36436
    28605 36437 36438
    28606 36437 36439
    28607 36440 36441
    28608 36440 36442
    28609 36443 36444
    28610 36443 36445
    28611 36446 36447
    28612 36446 36448
    28613 36449 36450
    28614 36449 36451
    28615 36452 36453
    28616 36452 36454
    28617 36455 36456
    28618 36455 36457
    28619 36458 36459
    28620 36458 36460
    28621 36461 36462
    28622 36461 36463
    28623 36464 36465
    28624 36464 36466
    28625 36467 36468
    28626 36467 36469
    28627 36470 36471
    28628 36470 36472
    28629 36473 36474
    28630 36473 36475
    28631 36476 36477
    28632 36476 36478
    28633 36479 36480
    28634 36479 36481
    28635 36482 36483
    28636 36482 36484
    28637 36485 36486
    28638 36485 36487
    28639 36488 36489
    28640 36488 36490
    28641 36491 36492
    28642 36491 36493
    28643 36494 36495
    28644 36494 36496
    28645 36497 36498
    28646 36497 36499
    28647 36500 36501
    28648 36500 36502
    28649 36503 36504
    28650 36503 36505
    28651 36506 36507
    28652 36506 36508
    28653 36509 36510
    28654 36509 36511
    28655 36512 36513
    28656 36512 36514
    28657 36515 36516
    28658 36515 36517
    28659 36518 36519
    28660 36518 36520
    28661 36521 36522
    28662 36521 36523
    28663 36524 36525
    28664 36524 36526
    28665 36527 36528
    28666 36527 36529
    28667 36530 36531
    28668 36530 36532
    28669 36533 36534
    28670 36533 36535
    28671 36536 36537
    28672 36536 36538
    28673 36539 36540
    28674 36539 36541
    28675 36542 36543
    28676 36542 36544
    28677 36545 36546
    28678 36545 36547
    28679 36548 36549
    28680 36548 36550
    28681 36551 36552
    28682 36551 36553
    28683 36554 36555
    28684 36554 36556
    28685 36557 36558
    28686 36557 36559
    28687 36560 36561
    28688 36560 36562
    28689 36563 36564
    28690 36563 36565
    28691 36566 36567
    28692 36566 36568
    28693 36569 36570
    28694 36569 36571
    28695 36572 36573
    28696 36572 36574
    28697 36575 36576
    28698 36575 36577
    28699 36578 36579
    28700 36578 36580
    28701 36581 36582
    28702 36581 36583
    28703 36584 36585
    28704 36584 36586
    28705 36587 36588
    28706 36587 36589
    28707 36590 36591
    28708 36590 36592
    28709 36593 36594
    28710 36593 36595
    28711 36596 36597
    28712 36596 36598
    28713 36599 36600
    28714 36599 36601
    28715 36602 36603
    28716 36602 36604
    28717 36605 36606
    28718 36605 36607
    28719 36608 36609
    28720 36608 36610
    28721 36611 36612
    28722 36611 36613
    28723 36614 36615
    28724 36614 36616
    28725 36617 36618
    28726 36617 36619
    28727 36620 36621
    28728 36620 36622
    28729 36623 36624
    28730 36623 36625
    28731 36626 36627
    28732 36626 36628
    28733 36629 36630
    28734 36629 36631
    28735 36632 36633
    28736 36632 36634
    28737 36635 36636
    28738 36635 36637
    28739 36638 36639
    28740 36638 36640
    28741 36641 36642
    28742 36641 36643
    28743 36644 36645
    28744 36644 36646
    28745 36647 36648
    28746 36647 36649
    28747 36650 36651
    28748 36650 36652
    28749 36653 36654
    28750 36653 36655
    28751 36656 36657
    28752 36656 36658
    28753 36659 36660
    28754 36659 36661
    28755 36662 36663
    28756 36662 36664
    28757 36665 36666
    28758 36665 36667
    28759 36668 36669
    28760 36668 36670
    28761 36671 36672
    28762 36671 36673
    28763 36674 36675
    28764 36674 36676
    28765 36677 36678
    28766 36677 36679
    28767 36680 36681
    28768 36680 36682
    28769 36683 36684
    28770 36683 36685
    28771 36686 36687
    28772 36686 36688
    28773 36689 36690
    28774 36689 36691
    28775 36692 36693
    28776 36692 36694
    28777 36695 36696
    28778 36695 36697
    28779 36698 36699
    28780 36698 36700
    28781 36701 36702
    28782 36701 36703
    28783 36704 36705
    28784 36704 36706
    28785 36707 36708
    28786 36707 36709
    28787 36710 36711
    28788 36710 36712
    28789 36713 36714
    28790 36713 36715
    28791 36716 36717
    28792 36716 36718
    28793 36719 36720
    28794 36719 36721
    28795 36722 36723
    28796 36722 36724
    28797 36725 36726
    28798 36725 36727
    28799 36728 36729
    28800 36728 36730
    28801 36731 36732
    28802 36731 36733
    28803 36734 36735
    28804 36734 36736
    28805 36737 36738
    28806 36737 36739
    28807 36740 36741
    28808 36740 36742
    28809 36743 36744
    28810 36743 36745
    28811 36746 36747
    28812 36746 36748
    28813 36749 36750
    28814 36749 36751
    28815 36752 36753
    28816 36752 36754
    28817 36755 36756
    28818 36755 36757
    28819 36758 36759
    28820 36758 36760
    28821 36761 36762
    28822 36761 36763
    28823 36764 36765
    28824 36764 36766
    28825 36767 36768
    28826 36767 36769
    28827 36770 36771
    28828 36770 36772
    28829 36773 36774
    28830 36773 36775
    28831 36776 36777
    28832 36776 36778
    28833 36779 36780
    28834 36779 36781
    28835 36782 36783
    28836 36782 36784
    28837 36785 36786
    28838 36785 36787
    28839 36788 36789
    28840 36788 36790
    28841 36791 36792
    28842 36791 36793
    28843 36794 36795
    28844 36794 36796
    28845 36797 36798
    28846 36797 36799
    28847 36800 36801
    28848 36800 36802
    28849 36803 36804
    28850 36803 36805
    28851 36806 36807
    28852 36806 36808
    28853 36809 36810
    28854 36809 36811
    28855 36812 36813
    28856 36812 36814
    28857 36815 36816
    28858 36815 36817
    28859 36818 36819
    28860 36818 36820
    28861 36821 36822
    28862 36821 36823
    28863 36824 36825
    28864 36824 36826
    28865 36827 36828
    28866 36827 36829
    28867 36830 36831
    28868 36830 36832
    28869 36833 36834
    28870 36833 36835
    28871 36836 36837
    28872 36836 36838
    28873 36839 36840
    28874 36839 36841
    28875 36842 36843
    28876 36842 36844
    28877 36845 36846
    28878 36845 36847
    28879 36848 36849
    28880 36848 36850
    28881 36851 36852
    28882 36851 36853
    28883 36854 36855
    28884 36854 36856
    28885 36857 36858
    28886 36857 36859
    28887 36860 36861
    28888 36860 36862
    28889 36863 36864
    28890 36863 36865
    28891 36866 36867
    28892 36866 36868
    28893 36869 36870
    28894 36869 36871
    28895 36872 36873
    28896 36872 36874
    28897 36875 36876
    28898 36875 36877
    28899 36878 36879
    28900 36878 36880
    28901 36881 36882
    28902 36881 36883
    28903 36884 36885
    28904 36884 36886
    28905 36887 36888
    28906 36887 36889
    28907 36890 36891
    28908 36890 36892
    28909 36893 36894
    28910 36893 36895
    28911 36896 36897
    28912 36896 36898
    28913 36899 36900
    28914 36899 36901
    28915 36902 36903
    28916 36902 36904
    28917 36905 36906
    28918 36905 36907
    28919 36908 36909
    28920 36908 36910
    28921 36911 36912
    28922 36911 36913
    28923 36914 36915
    28924 36914 36916
    28925 36917 36918
    28926 36917 36919
    28927 36920 36921
    28928 36920 36922
    28929 36923 36924
    28930 36923 36925
    28931 36926 36927
    28932 36926 36928
    28933 36929 36930
    28934 36929 36931
    28935 36932 36933
    28936 36932 36934
    28937 36935 36936
    28938 36935 36937
    28939 36938 36939
    28940 36938 36940
    28941 36941 36942
    28942 36941 36943
    28943 36944 36945
    28944 36944 36946
    28945 36947 36948
    28946 36947 36949
    28947 36950 36951
    28948 36950 36952
    28949 36953 36954
    28950 36953 36955
    28951 36956 36957
    28952 36956 36958
    28953 36959 36960
    28954 36959 36961
    28955 36962 36963
    28956 36962 36964
    28957 36965 36966
    28958 36965 36967
    28959 36968 36969
    28960 36968 36970
    28961 36971 36972
    28962 36971 36973
    28963 36974 36975
    28964 36974 36976
    28965 36977 36978
    28966 36977 36979
    28967 36980 36981
    28968 36980 36982
    28969 36983 36984
    28970 36983 36985
    28971 36986 36987
    28972 36986 36988
    28973 36989 36990
    28974 36989 36991
    28975 36992 36993
    28976 36992 36994
    28977 36995 36996
    28978 36995 36997
    28979 36998 36999
    28980 36998 37000
    28981 37001 37002
    28982 37001 37003
    28983 37004 37005
    28984 37004 37006
    28985 37007 37008
    28986 37007 37009
    28987 37010 37011
    28988 37010 37012
    28989 37013 37014
    28990 37013 37015
    28991 37016 37017
    28992 37016 37018
    28993 37019 37020
    28994 37019 37021
    28995 37022 37023
    28996 37022 37024
    28997 37025 37026
    28998 37025 37027
    28999 37028 37029
    29000 37028 37030
    29001 37031 37032
    29002 37031 37033
    29003 37034 37035
    29004 37034 37036
    29005 37037 37038
    29006 37037 37039
    29007 37040 37041
    29008 37040 37042
    29009 37043 37044
    29010 37043 37045
    29011 37046 37047
    29012 37046 37048
    29013 37049 37050
    29014 37049 37051
    29015 37052 37053
    29016 37052 37054
    29017 37055 37056
    29018 37055 37057
    29019 37058 37059
    29020 37058 37060
    29021 37061 37062
    29022 37061 37063
    29023 37064 37065
    29024 37064 37066
    29025 37067 37068
    29026 37067 37069
    29027 37070 37071
    29028 37070 37072
    29029 37073 37074
    29030 37073 37075
    29031 37076 37077
    29032 37076 37078
    29033 37079 37080
    29034 37079 37081
    29035 37082 37083
    29036 37082 37084
    29037 37085 37086
    29038 37085 37087
    29039 37088 37089
    29040 37088 37090
    29041 37091 37092
    29042 37091 37093
    29043 37094 37095
    29044 37094 37096
    29045 37097 37098
    29046 37097 37099
    29047 37100 37101
    29048 37100 37102
    29049 37103 37104
    29050 37103 37105
    29051 37106 37107
    29052 37106 37108
    29053 37109 37110
    29054 37109 37111
    29055 37112 37113
    29056 37112 37114
    29057 37115 37116
    29058 37115 37117
    29059 37118 37119
    29060 37118 37120
    29061 37121 37122
    29062 37121 37123
    29063 37124 37125
    29064 37124 37126
    29065 37127 37128
    29066 37127 37129
    29067 37130 37131
    29068 37130 37132
    29069 37133 37134
    29070 37133 37135
    29071 37136 37137
    29072 37136 37138
    29073 37139 37140
    29074 37139 37141
    29075 37142 37143
    29076 37142 37144
    29077 37145 37146
    29078 37145 37147
    29079 37148 37149
    29080 37148 37150
    29081 37151 37152
    29082 37151 37153
    29083 37154 37155
    29084 37154 37156
    29085 37157 37158
    29086 37157 37159
    29087 37160 37161
    29088 37160 37162
    29089 37163 37164
    29090 37163 37165
    29091 37166 37167
    29092 37166 37168
    29093 37169 37170
    29094 37169 37171
    29095 37172 37173
    29096 37172 37174
    29097 37175 37176
    29098 37175 37177
    29099 37178 37179
    29100 37178 37180
    29101 37181 37182
    29102 37181 37183
    29103 37184 37185
    29104 37184 37186
    29105 37187 37188
    29106 37187 37189
    29107 37190 37191
    29108 37190 37192
    29109 37193 37194
    29110 37193 37195
    29111 37196 37197
    29112 37196 37198
    29113 37199 37200
    29114 37199 37201
    29115 37202 37203
    29116 37202 37204
    29117 37205 37206
    29118 37205 37207
    29119 37208 37209
    29120 37208 37210
    29121 37211 37212
    29122 37211 37213
    29123 37214 37215
    29124 37214 37216
    29125 37217 37218
    29126 37217 37219
    29127 37220 37221
    29128 37220 37222
    29129 37223 37224
    29130 37223 37225
    29131 37226 37227
    29132 37226 37228
    29133 37229 37230
    29134 37229 37231
    29135 37232 37233
    29136 37232 37234
    29137 37235 37236
    29138 37235 37237
    29139 37238 37239
    29140 37238 37240
    29141 37241 37242
    29142 37241 37243
    29143 37244 37245
    29144 37244 37246
    29145 37247 37248
    29146 37247 37249
    29147 37250 37251
    29148 37250 37252
    29149 37253 37254
    29150 37253 37255
    29151 37256 37257
    29152 37256 37258
    29153 37259 37260
    29154 37259 37261
    29155 37262 37263
    29156 37262 37264
    29157 37265 37266
    29158 37265 37267
    29159 37268 37269
    29160 37268 37270
    29161 37271 37272
    29162 37271 37273
    29163 37274 37275
    29164 37274 37276
    29165 37277 37278
    29166 37277 37279
    29167 37280 37281
    29168 37280 37282
    29169 37283 37284
    29170 37283 37285
    29171 37286 37287
    29172 37286 37288
    29173 37289 37290
    29174 37289 37291
    29175 37292 37293
    29176 37292 37294
    29177 37295 37296
    29178 37295 37297
    29179 37298 37299
    29180 37298 37300
    29181 37301 37302
    29182 37301 37303
    29183 37304 37305
    29184 37304 37306
    29185 37307 37308
    29186 37307 37309
    29187 37310 37311
    29188 37310 37312
    29189 37313 37314
    29190 37313 37315
    29191 37316 37317
    29192 37316 37318
    29193 37319 37320
    29194 37319 37321
    29195 37322 37323
    29196 37322 37324
    29197 37325 37326
    29198 37325 37327
    29199 37328 37329
    29200 37328 37330
    29201 37331 37332
    29202 37331 37333
    29203 37334 37335
    29204 37334 37336
    29205 37337 37338
    29206 37337 37339
    29207 37340 37341
    29208 37340 37342
    29209 37343 37344
    29210 37343 37345
    29211 37346 37347
    29212 37346 37348
    29213 37349 37350
    29214 37349 37351
    29215 37352 37353
    29216 37352 37354
    29217 37355 37356
    29218 37355 37357
    29219 37358 37359
    29220 37358 37360
    29221 37361 37362
    29222 37361 37363
    29223 37364 37365
    29224 37364 37366
    29225 37367 37368
    29226 37367 37369
    29227 37370 37371
    29228 37370 37372
    29229 37373 37374
    29230 37373 37375
    29231 37376 37377
    29232 37376 37378
    29233 37379 37380
    29234 37379 37381
    29235 37382 37383
    29236 37382 37384
    29237 37385 37386
    29238 37385 37387
    29239 37388 37389
    29240 37388 37390
    29241 37391 37392
    29242 37391 37393
    29243 37394 37395
    29244 37394 37396
    29245 37397 37398
    29246 37397 37399
    29247 37400 37401
    29248 37400 37402
    29249 37403 37404
    29250 37403 37405
    29251 37406 37407
    29252 37406 37408
    29253 37409 37410
    29254 37409 37411
    29255 37412 37413
    29256 37412 37414
    29257 37415 37416
    29258 37415 37417
    29259 37418 37419
    29260 37418 37420
    29261 37421 37422
    29262 37421 37423
    29263 37424 37425
    29264 37424 37426
    29265 37427 37428
    29266 37427 37429
    29267 37430 37431
    29268 37430 37432
    29269 37433 37434
    29270 37433 37435
    29271 37436 37437
    29272 37436 37438
    29273 37439 37440
    29274 37439 37441
    29275 37442 37443
    29276 37442 37444
    29277 37445 37446
    29278 37445 37447
    29279 37448 37449
    29280 37448 37450
    29281 37451 37452
    29282 37451 37453
    29283 37454 37455
    29284 37454 37456
    29285 37457 37458
    29286 37457 37459
    29287 37460 37461
    29288 37460 37462
    29289 37463 37464
    29290 37463 37465
    29291 37466 37467
    29292 37466 37468
    29293 37469 37470
    29294 37469 37471
    29295 37472 37473
    29296 37472 37474
    29297 37475 37476
    29298 37475 37477
    29299 37478 37479
    29300 37478 37480
    29301 37481 37482
    29302 37481 37483
    29303 37484 37485
    29304 37484 37486
    29305 37487 37488
    29306 37487 37489
    29307 37490 37491
    29308 37490 37492
    29309 37493 37494
    29310 37493 37495
    29311 37496 37497
    29312 37496 37498
    29313 37499 37500
    29314 37499 37501
    29315 37502 37503
    29316 37502 37504
    29317 37505 37506
    29318 37505 37507
    29319 37508 37509
    29320 37508 37510
    29321 37511 37512
    29322 37511 37513
    29323 37514 37515
    29324 37514 37516
    29325 37517 37518
    29326 37517 37519
    29327 37520 37521
    29328 37520 37522
    29329 37523 37524
    29330 37523 37525
    29331 37526 37527
    29332 37526 37528
    29333 37529 37530
    29334 37529 37531
    29335 37532 37533
    29336 37532 37534
    29337 37535 37536
    29338 37535 37537
    29339 37538 37539
    29340 37538 37540
    29341 37541 37542
    29342 37541 37543
    29343 37544 37545
    29344 37544 37546
    29345 37547 37548
    29346 37547 37549
    29347 37550 37551
    29348 37550 37552
    29349 37553 37554
    29350 37553 37555
    29351 37556 37557
    29352 37556 37558
    29353 37559 37560
    29354 37559 37561
    29355 37562 37563
    29356 37562 37564
    29357 37565 37566
    29358 37565 37567
    29359 37568 37569
    29360 37568 37570
    29361 37571 37572
    29362 37571 37573
    29363 37574 37575
    29364 37574 37576
    29365 37577 37578
    29366 37577 37579
    29367 37580 37581
    29368 37580 37582
    29369 37583 37584
    29370 37583 37585
    29371 37586 37587
    29372 37586 37588
    29373 37589 37590
    29374 37589 37591
    29375 37592 37593
    29376 37592 37594
    29377 37595 37596
    29378 37595 37597
    29379 37598 37599
    29380 37598 37600
    29381 37601 37602
    29382 37601 37603
    29383 37604 37605
    29384 37604 37606
    29385 37607 37608
    29386 37607 37609
    29387 37610 37611
    29388 37610 37612
    29389 37613 37614
    29390 37613 37615
    29391 37616 37617
    29392 37616 37618
    29393 37619 37620
    29394 37619 37621
    29395 37622 37623
    29396 37622 37624
    29397 37625 37626
    29398 37625 37627
    29399 37628 37629
    29400 37628 37630
    29401 37631 37632
    29402 37631 37633
    29403 37634 37635
    29404 37634 37636
    29405 37637 37638
    29406 37637 37639
    29407 37640 37641
    29408 37640 37642
    29409 37643 37644
    29410 37643 37645
    29411 37646 37647
    29412 37646 37648
    29413 37649 37650
    29414 37649 37651
    29415 37652 37653
    29416 37652 37654
    29417 37655 37656
    29418 37655 37657
    29419 37658 37659
    29420 37658 37660
    29421 37661 37662
    29422 37661 37663
    29423 37664 37665
    29424 37664 37666
    29425 37667 37668
    29426 37667 37669
    29427 37670 37671
    29428 37670 37672
    29429 37673 37674
    29430 37673 37675
    29431 37676 37677
    29432 37676 37678
    29433 37679 37680
    29434 37679 37681
    29435 37682 37683
    29436 37682 37684
    29437 37685 37686
    29438 37685 37687
    29439 37688 37689
    29440 37688 37690
    29441 37691 37692
    29442 37691 37693
    29443 37694 37695
    29444 37694 37696
    29445 37697 37698
    29446 37697 37699
    29447 37700 37701
    29448 37700 37702
    29449 37703 37704
    29450 37703 37705
    29451 37706 37707
    29452 37706 37708
    29453 37709 37710
    29454 37709 37711
    29455 37712 37713
    29456 37712 37714
    29457 37715 37716
    29458 37715 37717
    29459 37718 37719
    29460 37718 37720
    29461 37721 37722
    29462 37721 37723
    29463 37724 37725
    29464 37724 37726
    29465 37727 37728
    29466 37727 37729
    29467 37730 37731
    29468 37730 37732
    29469 37733 37734
    29470 37733 37735
    29471 37736 37737
    29472 37736 37738
    29473 37739 37740
    29474 37739 37741
    29475 37742 37743
    29476 37742 37744
    29477 37745 37746
    29478 37745 37747
    29479 37748 37749
    29480 37748 37750
    29481 37751 37752
    29482 37751 37753
    29483 37754 37755
    29484 37754 37756
    29485 37757 37758
    29486 37757 37759
    29487 37760 37761
    29488 37760 37762
    29489 37763 37764
    29490 37763 37765
    29491 37766 37767
    29492 37766 37768
    29493 37769 37770
    29494 37769 37771
    29495 37772 37773
    29496 37772 37774
    29497 37775 37776
    29498 37775 37777
    29499 37778 37779
    29500 37778 37780
    29501 37781 37782
    29502 37781 37783
    29503 37784 37785
    29504 37784 37786
    29505 37787 37788
    29506 37787 37789
    29507 37790 37791
    29508 37790 37792
    29509 37793 37794
    29510 37793 37795
    29511 37796 37797
    29512 37796 37798
    29513 37799 37800
    29514 37799 37801
    29515 37802 37803
    29516 37802 37804
    29517 37805 37806
    29518 37805 37807
    29519 37808 37809
    29520 37808 37810
    29521 37811 37812
    29522 37811 37813
    29523 37814 37815
    29524 37814 37816
    29525 37817 37818
    29526 37817 37819
    29527 37820 37821
    29528 37820 37822
    29529 37823 37824
    29530 37823 37825
    29531 37826 37827
    29532 37826 37828
    29533 37829 37830
    29534 37829 37831
    29535 37832 37833
    29536 37832 37834
    29537 37835 37836
    29538 37835 37837
    29539 37838 37839
    29540 37838 37840
    29541 37841 37842
    29542 37841 37843
    29543 37844 37845
    29544 37844 37846
    29545 37847 37848
    29546 37847 37849
    29547 37850 37851
    29548 37850 37852
    29549 37853 37854
    29550 37853 37855
    29551 37856 37857
    29552 37856 37858
    29553 37859 37860
    29554 37859 37861
    29555 37862 37863
    29556 37862 37864
    29557 37865 37866
    29558 37865 37867
    29559 37868 37869
    29560 37868 37870
    29561 37871 37872
    29562 37871 37873
    29563 37874 37875
    29564 37874 37876
    29565 37877 37878
    29566 37877 37879
    29567 37880 37881
    29568 37880 37882
    29569 37883 37884
    29570 37883 37885
    29571 37886 37887
    29572 37886 37888
    29573 37889 37890
    29574 37889 37891
    29575 37892 37893
    29576 37892 37894
    29577 37895 37896
    29578 37895 37897
    29579 37898 37899
    29580 37898 37900
    29581 37901 37902
    29582 37901 37903
    29583 37904 37905
    29584 37904 37906
    29585 37907 37908
    29586 37907 37909
    29587 37910 37911
    29588 37910 37912
    29589 37913 37914
    29590 37913 37915
    29591 37916 37917
    29592 37916 37918
    29593 37919 37920
    29594 37919 37921
    29595 37922 37923
    29596 37922 37924
    29597 37925 37926
    29598 37925 37927
    29599 37928 37929
    29600 37928 37930
    29601 37931 37932
    29602 37931 37933
    29603 37934 37935
    29604 37934 37936
    29605 37937 37938
    29606 37937 37939
    29607 37940 37941
    29608 37940 37942
    29609 37943 37944
    29610 37943 37945
    29611 37946 37947
    29612 37946 37948
    29613 37949 37950
    29614 37949 37951
    29615 37952 37953
    29616 37952 37954
    29617 37955 37956
    29618 37955 37957
    29619 37958 37959
    29620 37958 37960
    29621 37961 37962
    29622 37961 37963
    29623 37964 37965
    29624 37964 37966
    29625 37967 37968
    29626 37967 37969
    29627 37970 37971
    29628 37970 37972
    29629 37973 37974
    29630 37973 37975
    29631 37976 37977
    29632 37976 37978
    29633 37979 37980
    29634 37979 37981
    29635 37982 37983
    29636 37982 37984
    29637 37985 37986
    29638 37985 37987
    29639 37988 37989
    29640 37988 37990
    29641 37991 37992
    29642 37991 37993
    29643 37994 37995
    29644 37994 37996
    29645 37997 37998
    29646 37997 37999
    29647 38000 38001
    29648 38000 38002
    29649 38003 38004
    29650 38003 38005
    29651 38006 38007
    29652 38006 38008
    29653 38009 38010
    29654 38009 38011
    29655 38012 38013
    29656 38012 38014
    29657 38015 38016
    29658 38015 38017
    29659 38018 38019
    29660 38018 38020
    29661 38021 38022
    29662 38021 38023
    29663 38024 38025
    29664 38024 38026
    29665 38027 38028
    29666 38027 38029
    29667 38030 38031
    29668 38030 38032
    29669 38033 38034
    29670 38033 38035
    29671 38036 38037
    29672 38036 38038
    29673 38039 38040
    29674 38039 38041
    29675 38042 38043
    29676 38042 38044
    29677 38045 38046
    29678 38045 38047
    29679 38048 38049
    29680 38048 38050
    29681 38051 38052
    29682 38051 38053
    29683 38054 38055
    29684 38054 38056
    29685 38057 38058
    29686 38057 38059
    29687 38060 38061
    29688 38060 38062
    29689 38063 38064
    29690 38063 38065
    29691 38066 38067
    29692 38066 38068
    29693 38069 38070
    29694 38069 38071
    29695 38072 38073
    29696 38072 38074
    29697 38075 38076
    29698 38075 38077
    29699 38078 38079
    29700 38078 38080
    29701 38081 38082
    29702 38081 38083
    29703 38084 38085
    29704 38084 38086
    29705 38087 38088
    29706 38087 38089
    29707 38090 38091
    29708 38090 38092
    29709 38093 38094
    29710 38093 38095
    29711 38096 38097
    29712 38096 38098
    29713 38099 38100
    29714 38099 38101
    29715 38102 38103
    29716 38102 38104
    29717 38105 38106
    29718 38105 38107
    29719 38108 38109
    29720 38108 38110
    29721 38111 38112
    29722 38111 38113
    29723 38114 38115
    29724 38114 38116
    29725 38117 38118
    29726 38117 38119
    29727 38120 38121
    29728 38120 38122
    29729 38123 38124
    29730 38123 38125
    29731 38126 38127
    29732 38126 38128
    29733 38129 38130
    29734 38129 38131
    29735 38132 38133
    29736 38132 38134
    29737 38135 38136
    29738 38135 38137
    29739 38138 38139
    29740 38138 38140
    29741 38141 38142
    29742 38141 38143
    29743 38144 38145
    29744 38144 38146
    29745 38147 38148
    29746 38147 38149
    29747 38150 38151
    29748 38150 38152
    29749 38153 38154
    29750 38153 38155
    29751 38156 38157
    29752 38156 38158
    29753 38159 38160
    29754 38159 38161
    29755 38162 38163
    29756 38162 38164
    29757 38165 38166
    29758 38165 38167
    29759 38168 38169
    29760 38168 38170
    29761 38171 38172
    29762 38171 38173
    29763 38174 38175
    29764 38174 38176
    29765 38177 38178
    29766 38177 38179
    29767 38180 38181
    29768 38180 38182
    29769 38183 38184
    29770 38183 38185
    29771 38186 38187
    29772 38186 38188
    29773 38189 38190
    29774 38189 38191
    29775 38192 38193
    29776 38192 38194
    29777 38195 38196
    29778 38195 38197
    29779 38198 38199
    29780 38198 38200
    29781 38201 38202
    29782 38201 38203
    29783 38204 38205
    29784 38204 38206
    29785 38207 38208
    29786 38207 38209
    29787 38210 38211
    29788 38210 38212
    29789 38213 38214
    29790 38213 38215
    29791 38216 38217
    29792 38216 38218
    29793 38219 38220
    29794 38219 38221
    29795 38222 38223
    29796 38222 38224
    29797 38225 38226
    29798 38225 38227
    29799 38228 38229
    29800 38228 38230
    29801 38231 38232
    29802 38231 38233
    29803 38234 38235
    29804 38234 38236
    29805 38237 38238
    29806 38237 38239
    29807 38240 38241
    29808 38240 38242
    29809 38243 38244
    29810 38243 38245
    29811 38246 38247
    29812 38246 38248
    29813 38249 38250
    29814 38249 38251
    29815 38252 38253
    29816 38252 38254
    29817 38255 38256
    29818 38255 38257
    29819 38258 38259
    29820 38258 38260
    29821 38261 38262
    29822 38261 38263
    29823 38264 38265
    29824 38264 38266
    29825 38267 38268
    29826 38267 38269
    29827 38270 38271
    29828 38270 38272
    29829 38273 38274
    29830 38273 38275
    29831 38276 38277
    29832 38276 38278
    29833 38279 38280
    29834 38279 38281
    29835 38282 38283
    29836 38282 38284
    29837 38285 38286
    29838 38285 38287
    29839 38288 38289
    29840 38288 38290
    29841 38291 38292
    29842 38291 38293
    29843 38294 38295
    29844 38294 38296
    29845 38297 38298
    29846 38297 38299
    29847 38300 38301
    29848 38300 38302
    29849 38303 38304
    29850 38303 38305
    29851 38306 38307
    29852 38306 38308
    29853 38309 38310
    29854 38309 38311
    29855 38312 38313
    29856 38312 38314
    29857 38315 38316
    29858 38315 38317
    29859 38318 38319
    29860 38318 38320
    29861 38321 38322
    29862 38321 38323
    29863 38324 38325
    29864 38324 38326
    29865 38327 38328
    29866 38327 38329
    29867 38330 38331
    29868 38330 38332
    29869 38333 38334
    29870 38333 38335
    29871 38336 38337
    29872 38336 38338
    29873 38339 38340
    29874 38339 38341
    29875 38342 38343
    29876 38342 38344
    29877 38345 38346
    29878 38345 38347
    29879 38348 38349
    29880 38348 38350
    29881 38351 38352
    29882 38351 38353
    29883 38354 38355
    29884 38354 38356
    29885 38357 38358
    29886 38357 38359
    29887 38360 38361
    29888 38360 38362
    29889 38363 38364
    29890 38363 38365
    29891 38366 38367
    29892 38366 38368
    29893 38369 38370
    29894 38369 38371
    29895 38372 38373
    29896 38372 38374
    29897 38375 38376
    29898 38375 38377
    29899 38378 38379
    29900 38378 38380
    29901 38381 38382
    29902 38381 38383
    29903 38384 38385
    29904 38384 38386
    29905 38387 38388
    29906 38387 38389
    29907 38390 38391
    29908 38390 38392
    29909 38393 38394
    29910 38393 38395
    29911 38396 38397
    29912 38396 38398
    29913 38399 38400
    29914 38399 38401
    29915 38402 38403
    29916 38402 38404
    29917 38405 38406
    29918 38405 38407
    29919 38408 38409
    29920 38408 38410
    29921 38411 38412
    29922 38411 38413
    29923 38414 38415
    29924 38414 38416
    29925 38417 38418
    29926 38417 38419
    29927 38420 38421
    29928 38420 38422
    29929 38423 38424
    29930 38423 38425
    29931 38426 38427
    29932 38426 38428
    29933 38429 38430
    29934 38429 38431
    29935 38432 38433
    29936 38432 38434
    29937 38435 38436
    29938 38435 38437
    29939 38438 38439
    29940 38438 38440
    29941 38441 38442
    29942 38441 38443
    29943 38444 38445
    29944 38444 38446
    29945 38447 38448
    29946 38447 38449
    29947 38450 38451
    29948 38450 38452
    29949 38453 38454
    29950 38453 38455
    29951 38456 38457
    29952 38456 38458
    29953 38459 38460
    29954 38459 38461
    29955 38462 38463
    29956 38462 38464
    29957 38465 38466
    29958 38465 38467
    29959 38468 38469
    29960 38468 38470
    29961 38471 38472
    29962 38471 38473
    29963 38474 38475
    29964 38474 38476
    29965 38477 38478
    29966 38477 38479
    29967 38480 38481
    29968 38480 38482
    29969 38483 38484
    29970 38483 38485
    29971 38486 38487
    29972 38486 38488
    29973 38489 38490
    29974 38489 38491
    29975 38492 38493
    29976 38492 38494
    29977 38495 38496
    29978 38495 38497
    29979 38498 38499
    29980 38498 38500
    29981 38501 38502
    29982 38501 38503
    29983 38504 38505
    29984 38504 38506
    29985 38507 38508
    29986 38507 38509
    29987 38510 38511
    29988 38510 38512
    29989 38513 38514
    29990 38513 38515
    29991 38516 38517
    29992 38516 38518
    29993 38519 38520
    29994 38519 38521
    29995 38522 38523
    29996 38522 38524
    29997 38525 38526
    29998 38525 38527
    29999 38528 38529
    30000 38528 38530
    30001 38531 38532
    30002 38531 38533
    30003 38534 38535
    30004 38534 38536
    30005 38537 38538
    30006 38537 38539
    30007 38540 38541
    30008 38540 38542
    30009 38543 38544
    30010 38543 38545
    30011 38546 38547
    30012 38546 38548
    30013 38549 38550
    30014 38549 38551
    30015 38552 38553
    30016 38552 38554
    30017 38555 38556
    30018 38555 38557
    30019 38558 38559
    30020 38558 38560
    30021 38561 38562
    30022 38561 38563
    30023 38564 38565
    30024 38564 38566
    30025 38567 38568
    30026 38567 38569
    30027 38570 38571
    30028 38570 38572
    30029 38573 38574
    30030 38573 38575
    30031 38576 38577
    30032 38576 38578
    30033 38579 38580
    30034 38579 38581
    30035 38582 38583
    30036 38582 38584
    30037 38585 38586
    30038 38585 38587
    30039 38588 38589
    30040 38588 38590
    30041 38591 38592
    30042 38591 38593
    30043 38594 38595
    30044 38594 38596
    30045 38597 38598
    30046 38597 38599
    30047 38600 38601
    30048 38600 38602
    30049 38603 38604
    30050 38603 38605
    30051 38606 38607
    30052 38606 38608
    30053 38609 38610
    30054 38609 38611
    30055 38612 38613
    30056 38612 38614
    30057 38615 38616
    30058 38615 38617
    30059 38618 38619
    30060 38618 38620
    30061 38621 38622
    30062 38621 38623
    30063 38624 38625
    30064 38624 38626
    30065 38627 38628
    30066 38627 38629
    30067 38630 38631
    30068 38630 38632
    30069 38633 38634
    30070 38633 38635
    30071 38636 38637
    30072 38636 38638
    30073 38639 38640
    30074 38639 38641
    30075 38642 38643
    30076 38642 38644
    30077 38645 38646
    30078 38645 38647
    30079 38648 38649
    30080 38648 38650
    30081 38651 38652
    30082 38651 38653
    30083 38654 38655
    30084 38654 38656
    30085 38657 38658
    30086 38657 38659
    30087 38660 38661
    30088 38660 38662
    30089 38663 38664
    30090 38663 38665
    30091 38666 38667
    30092 38666 38668
    30093 38669 38670
    30094 38669 38671
    30095 38672 38673
    30096 38672 38674
    30097 38675 38676
    30098 38675 38677
    30099 38678 38679
    30100 38678 38680
    30101 38681 38682
    30102 38681 38683
    30103 38684 38685
    30104 38684 38686
    30105 38687 38688
    30106 38687 38689
    30107 38690 38691
    30108 38690 38692
    30109 38693 38694
    30110 38693 38695
    30111 38696 38697
    30112 38696 38698
    30113 38699 38700
    30114 38699 38701
    30115 38702 38703
    30116 38702 38704
    30117 38705 38706
    30118 38705 38707
    30119 38708 38709
    30120 38708 38710
    30121 38711 38712
    30122 38711 38713
    30123 38714 38715
    30124 38714 38716
    30125 38717 38718
    30126 38717 38719
    30127 38720 38721
    30128 38720 38722
    30129 38723 38724
    30130 38723 38725
    30131 38726 38727
    30132 38726 38728
    30133 38729 38730
    30134 38729 38731
    30135 38732 38733
    30136 38732 38734
    30137 38735 38736
    30138 38735 38737
    30139 38738 38739
    30140 38738 38740
    30141 38741 38742
    30142 38741 38743
    30143 38744 38745
    30144 38744 38746
    30145 38747 38748
    30146 38747 38749
    30147 38750 38751
    30148 38750 38752
    30149 38753 38754
    30150 38753 38755
    30151 38756 38757
    30152 38756 38758
    30153 38759 38760
    30154 38759 38761
    30155 38762 38763
    30156 38762 38764
    30157 38765 38766
    30158 38765 38767
    30159 38768 38769
    30160 38768 38770
    30161 38771 38772
    30162 38771 38773
    30163 38774 38775
    30164 38774 38776
    30165 38777 38778
    30166 38777 38779
    30167 38780 38781
    30168 38780 38782
    30169 38783 38784
    30170 38783 38785
    30171 38786 38787
    30172 38786 38788
    30173 38789 38790
    30174 38789 38791
    30175 38792 38793
    30176 38792 38794
    30177 38795 38796
    30178 38795 38797
    30179 38798 38799
    30180 38798 38800
    30181 38801 38802
    30182 38801 38803
    30183 38804 38805
    30184 38804 38806
    30185 38807 38808
    30186 38807 38809
    30187 38810 38811
    30188 38810 38812
    30189 38813 38814
    30190 38813 38815
    30191 38816 38817
    30192 38816 38818
    30193 38819 38820
    30194 38819 38821
    30195 38822 38823
    30196 38822 38824
    30197 38825 38826
    30198 38825 38827
    30199 38828 38829
    30200 38828 38830
    30201 38831 38832
    30202 38831 38833
    30203 38834 38835
    30204 38834 38836
    30205 38837 38838
    30206 38837 38839
    30207 38840 38841
    30208 38840 38842
    30209 38843 38844
    30210 38843 38845
    30211 38846 38847
    30212 38846 38848
    30213 38849 38850
    30214 38849 38851
    30215 38852 38853
    30216 38852 38854
    30217 38855 38856
    30218 38855 38857
    30219 38858 38859
    30220 38858 38860
    30221 38861 38862
    30222 38861 38863
    30223 38864 38865
    30224 38864 38866
    30225 38867 38868
    30226 38867 38869
    30227 38870 38871
    30228 38870 38872
    30229 38873 38874
    30230 38873 38875
    30231 38876 38877
    30232 38876 38878
    30233 38879 38880
    30234 38879 38881
    30235 38882 38883
    30236 38882 38884
    30237 38885 38886
    30238 38885 38887
    30239 38888 38889
    30240 38888 38890
    30241 38891 38892
    30242 38891 38893
    30243 38894 38895
    30244 38894 38896
    30245 38897 38898
    30246 38897 38899
    30247 38900 38901
    30248 38900 38902
    30249 38903 38904
    30250 38903 38905
    30251 38906 38907
    30252 38906 38908
    30253 38909 38910
    30254 38909 38911
    30255 38912 38913
    30256 38912 38914
    30257 38915 38916
    30258 38915 38917
    30259 38918 38919
    30260 38918 38920
    30261 38921 38922
    30262 38921 38923
    30263 38924 38925
    30264 38924 38926
    30265 38927 38928
    30266 38927 38929
    30267 38930 38931
    30268 38930 38932
    30269 38933 38934
    30270 38933 38935
    30271 38936 38937
    30272 38936 38938
    30273 38939 38940
    30274 38939 38941
    30275 38942 38943
    30276 38942 38944
    30277 38945 38946
    30278 38945 38947
    30279 38948 38949
    30280 38948 38950
    30281 38951 38952
    30282 38951 38953
    30283 38954 38955
    30284 38954 38956
    30285 38957 38958
    30286 38957 38959
    30287 38960 38961
    30288 38960 38962
    30289 38963 38964
    30290 38963 38965
    30291 38966 38967
    30292 38966 38968
    30293 38969 38970
    30294 38969 38971
    30295 38972 38973
    30296 38972 38974
    30297 38975 38976
    30298 38975 38977
    30299 38978 38979
    30300 38978 38980
    30301 38981 38982
    30302 38981 38983
    30303 38984 38985
    30304 38984 38986
    30305 38987 38988
    30306 38987 38989
    30307 38990 38991
    30308 38990 38992
    30309 38993 38994
    30310 38993 38995
    30311 38996 38997
    30312 38996 38998
    30313 38999 39000
    30314 38999 39001
    30315 39002 39003
    30316 39002 39004
    30317 39005 39006
    30318 39005 39007
    30319 39008 39009
    30320 39008 39010
    30321 39011 39012
    30322 39011 39013
    30323 39014 39015
    30324 39014 39016
    30325 39017 39018
    30326 39017 39019
    30327 39020 39021
    30328 39020 39022
    30329 39023 39024
    30330 39023 39025
    30331 39026 39027
    30332 39026 39028
    30333 39029 39030
    30334 39029 39031
    30335 39032 39033
    30336 39032 39034
    30337 39035 39036
    30338 39035 39037
    30339 39038 39039
    30340 39038 39040
    30341 39041 39042
    30342 39041 39043
    30343 39044 39045
    30344 39044 39046
    30345 39047 39048
    30346 39047 39049
    30347 39050 39051
    30348 39050 39052
    30349 39053 39054
    30350 39053 39055
    30351 39056 39057
    30352 39056 39058
    30353 39059 39060
    30354 39059 39061
    30355 39062 39063
    30356 39062 39064
    30357 39065 39066
    30358 39065 39067
    30359 39068 39069
    30360 39068 39070
    30361 39071 39072
    30362 39071 39073
    30363 39074 39075
    30364 39074 39076
    30365 39077 39078
    30366 39077 39079
    30367 39080 39081
    30368 39080 39082
    30369 39083 39084
    30370 39083 39085
    30371 39086 39087
    30372 39086 39088
    30373 39089 39090
    30374 39089 39091
    30375 39092 39093
    30376 39092 39094
    30377 39095 39096
    30378 39095 39097
    30379 39098 39099
    30380 39098 39100
    30381 39101 39102
    30382 39101 39103
    30383 39104 39105
    30384 39104 39106
    30385 39107 39108
    30386 39107 39109
    30387 39110 39111
    30388 39110 39112
    30389 39113 39114
    30390 39113 39115
    30391 39116 39117
    30392 39116 39118
    30393 39119 39120
    30394 39119 39121
    30395 39122 39123
    30396 39122 39124
    30397 39125 39126
    30398 39125 39127
    30399 39128 39129
    30400 39128 39130
    30401 39131 39132
    30402 39131 39133
    30403 39134 39135
    30404 39134 39136
    30405 39137 39138
    30406 39137 39139
    30407 39140 39141
    30408 39140 39142
    30409 39143 39144
    30410 39143 39145
    30411 39146 39147
    30412 39146 39148
    30413 39149 39150
    30414 39149 39151
    30415 39152 39153
    30416 39152 39154
    30417 39155 39156
    30418 39155 39157
    30419 39158 39159
    30420 39158 39160
    30421 39161 39162
    30422 39161 39163
    30423 39164 39165
    30424 39164 39166
    30425 39167 39168
    30426 39167 39169
    30427 39170 39171
    30428 39170 39172
    30429 39173 39174
    30430 39173 39175
    30431 39176 39177
    30432 39176 39178
    30433 39179 39180
    30434 39179 39181
    30435 39182 39183
    30436 39182 39184
    30437 39185 39186
    30438 39185 39187
    30439 39188 39189
    30440 39188 39190
    30441 39191 39192
    30442 39191 39193
    30443 39194 39195
    30444 39194 39196
    30445 39197 39198
    30446 39197 39199
    30447 39200 39201
    30448 39200 39202
    30449 39203 39204
    30450 39203 39205
    30451 39206 39207
    30452 39206 39208
    30453 39209 39210
    30454 39209 39211
    30455 39212 39213
    30456 39212 39214
    30457 39215 39216
    30458 39215 39217
    30459 39218 39219
    30460 39218 39220
    30461 39221 39222
    30462 39221 39223
    30463 39224 39225
    30464 39224 39226
    30465 39227 39228
    30466 39227 39229
    30467 39230 39231
    30468 39230 39232
    30469 39233 39234
    30470 39233 39235
    30471 39236 39237
    30472 39236 39238
    30473 39239 39240
    30474 39239 39241
    30475 39242 39243
    30476 39242 39244
    30477 39245 39246
    30478 39245 39247
    30479 39248 39249
    30480 39248 39250
    30481 39251 39252
    30482 39251 39253
    30483 39254 39255
    30484 39254 39256
    30485 39257 39258
    30486 39257 39259
    30487 39260 39261
    30488 39260 39262
    30489 39263 39264
    30490 39263 39265
    30491 39266 39267
    30492 39266 39268
    30493 39269 39270
    30494 39269 39271
    30495 39272 39273
    30496 39272 39274
    30497 39275 39276
    30498 39275 39277
    30499 39278 39279
    30500 39278 39280
    30501 39281 39282
    30502 39281 39283
    30503 39284 39285
    30504 39284 39286
    30505 39287 39288
    30506 39287 39289
    30507 39290 39291
    30508 39290 39292
    30509 39293 39294
    30510 39293 39295
    30511 39296 39297
    30512 39296 39298
    30513 39299 39300
    30514 39299 39301
    30515 39302 39303
    30516 39302 39304
    30517 39305 39306
    30518 39305 39307
    30519 39308 39309
    30520 39308 39310
    30521 39311 39312
    30522 39311 39313
    30523 39314 39315
    30524 39314 39316
    30525 39317 39318
    30526 39317 39319
    30527 39320 39321
    30528 39320 39322
    30529 39323 39324
    30530 39323 39325
    30531 39326 39327
    30532 39326 39328
    30533 39329 39330
    30534 39329 39331
    30535 39332 39333
    30536 39332 39334
    30537 39335 39336
    30538 39335 39337
    30539 39338 39339
    30540 39338 39340
    30541 39341 39342
    30542 39341 39343
    30543 39344 39345
    30544 39344 39346
    30545 39347 39348
    30546 39347 39349
    30547 39350 39351
    30548 39350 39352
    30549 39353 39354
    30550 39353 39355
    30551 39356 39357
    30552 39356 39358
    30553 39359 39360
    30554 39359 39361
    30555 39362 39363
    30556 39362 39364
    30557 39365 39366
    30558 39365 39367
    30559 39368 39369
    30560 39368 39370
    30561 39371 39372
    30562 39371 39373
    30563 39374 39375
    30564 39374 39376
    30565 39377 39378
    30566 39377 39379
    30567 39380 39381
    30568 39380 39382
    30569 39383 39384
    30570 39383 39385
    30571 39386 39387
    30572 39386 39388
    30573 39389 39390
    30574 39389 39391
    30575 39392 39393
    30576 39392 39394
    30577 39395 39396
    30578 39395 39397
    30579 39398 39399
    30580 39398 39400
    30581 39401 39402
    30582 39401 39403
    30583 39404 39405
    30584 39404 39406
    30585 39407 39408
    30586 39407 39409
    30587 39410 39411
    30588 39410 39412
    30589 39413 39414
    30590 39413 39415
    30591 39416 39417
    30592 39416 39418
    30593 39419 39420
    30594 39419 39421
    30595 39422 39423
    30596 39422 39424
    30597 39425 39426
    30598 39425 39427
    30599 39428 39429
    30600 39428 39430
    30601 39431 39432
    30602 39431 39433
    30603 39434 39435
    30604 39434 39436
    30605 39437 39438
    30606 39437 39439
    30607 39440 39441
    30608 39440 39442
    30609 39443 39444
    30610 39443 39445
    30611 39446 39447
    30612 39446 39448
    30613 39449 39450
    30614 39449 39451
    30615 39452 39453
    30616 39452 39454
    30617 39455 39456
    30618 39455 39457
    30619 39458 39459
    30620 39458 39460
    30621 39461 39462
    30622 39461 39463
    30623 39464 39465
    30624 39464 39466
    30625 39467 39468
    30626 39467 39469
    30627 39470 39471
    30628 39470 39472
    30629 39473 39474
    30630 39473 39475
    30631 39476 39477
    30632 39476 39478
    30633 39479 39480
    30634 39479 39481
    30635 39482 39483
    30636 39482 39484
    30637 39485 39486
    30638 39485 39487
    30639 39488 39489
    30640 39488 39490
    30641 39491 39492
    30642 39491 39493
    30643 39494 39495
    30644 39494 39496
    30645 39497 39498
    30646 39497 39499
    30647 39500 39501
    30648 39500 39502
    30649 39503 39504
    30650 39503 39505
    30651 39506 39507
    30652 39506 39508
    30653 39509 39510
    30654 39509 39511
    30655 39512 39513
    30656 39512 39514
    30657 39515 39516
    30658 39515 39517
    30659 39518 39519
    30660 39518 39520
    30661 39521 39522
    30662 39521 39523
    30663 39524 39525
    30664 39524 39526
    30665 39527 39528
    30666 39527 39529
    30667 39530 39531
    30668 39530 39532
    30669 39533 39534
    30670 39533 39535
    30671 39536 39537
    30672 39536 39538
    30673 39539 39540
    30674 39539 39541
    30675 39542 39543
    30676 39542 39544
    30677 39545 39546
    30678 39545 39547
    30679 39548 39549
    30680 39548 39550
    30681 39551 39552
    30682 39551 39553
    30683 39554 39555
    30684 39554 39556
    30685 39557 39558
    30686 39557 39559
    30687 39560 39561
    30688 39560 39562
    30689 39563 39564
    30690 39563 39565
    30691 39566 39567
    30692 39566 39568
    30693 39569 39570
    30694 39569 39571
    30695 39572 39573
    30696 39572 39574
    30697 39575 39576
    30698 39575 39577
    30699 39578 39579
    30700 39578 39580
    30701 39581 39582
    30702 39581 39583
    30703 39584 39585
    30704 39584 39586
    30705 39587 39588
    30706 39587 39589
    30707 39590 39591
    30708 39590 39592
    30709 39593 39594
    30710 39593 39595
    30711 39596 39597
    30712 39596 39598
    30713 39599 39600
    30714 39599 39601
    30715 39602 39603
    30716 39602 39604
    30717 39605 39606
    30718 39605 39607
    30719 39608 39609
    30720 39608 39610
    30721 39611 39612
    30722 39611 39613
    30723 39614 39615
    30724 39614 39616
    30725 39617 39618
    30726 39617 39619
    30727 39620 39621
    30728 39620 39622
    30729 39623 39624
    30730 39623 39625
    30731 39626 39627
    30732 39626 39628
    30733 39629 39630
    30734 39629 39631
    30735 39632 39633
    30736 39632 39634
    30737 39635 39636
    30738 39635 39637
    30739 39638 39639
    30740 39638 39640
    30741 39641 39642
    30742 39641 39643
    30743 39644 39645
    30744 39644 39646
    30745 39647 39648
    30746 39647 39649
    30747 39650 39651
    30748 39650 39652
    30749 39653 39654
    30750 39653 39655
    30751 39656 39657
    30752 39656 39658
    30753 39659 39660
    30754 39659 39661
    30755 39662 39663
    30756 39662 39664
    30757 39665 39666
    30758 39665 39667
    30759 39668 39669
    30760 39668 39670
    30761 39671 39672
    30762 39671 39673
    30763 39674 39675
    30764 39674 39676
    30765 39677 39678
    30766 39677 39679
    30767 39680 39681
    30768 39680 39682
    30769 39683 39684
    30770 39683 39685
    30771 39686 39687
    30772 39686 39688
    30773 39689 39690
    30774 39689 39691
    30775 39692 39693
    30776 39692 39694
    30777 39695 39696
    30778 39695 39697
    30779 39698 39699
    30780 39698 39700
    30781 39701 39702
    30782 39701 39703
    30783 39704 39705
    30784 39704 39706
    30785 39707 39708
    30786 39707 39709
    30787 39710 39711
    30788 39710 39712
    30789 39713 39714
    30790 39713 39715
    30791 39716 39717
    30792 39716 39718
    30793 39719 39720
    30794 39719 39721
    30795 39722 39723
    30796 39722 39724
    30797 39725 39726
    30798 39725 39727
    30799 39728 39729
    30800 39728 39730
    30801 39731 39732
    30802 39731 39733
    30803 39734 39735
    30804 39734 39736
    30805 39737 39738
    30806 39737 39739
    30807 39740 39741
    30808 39740 39742
    30809 39743 39744
    30810 39743 39745
    30811 39746 39747
    30812 39746 39748
    30813 39749 39750
    30814 39749 39751
    30815 39752 39753
    30816 39752 39754
    30817 39755 39756
    30818 39755 39757
    30819 39758 39759
    30820 39758 39760
    30821 39761 39762
    30822 39761 39763
    30823 39764 39765
    30824 39764 39766
    30825 39767 39768
    30826 39767 39769
    30827 39770 39771
    30828 39770 39772
    30829 39773 39774
    30830 39773 39775
    30831 39776 39777
    30832 39776 39778
    30833 39779 39780
    30834 39779 39781
    30835 39782 39783
    30836 39782 39784
    30837 39785 39786
    30838 39785 39787
    30839 39788 39789
    30840 39788 39790
    30841 39791 39792
    30842 39791 39793
    30843 39794 39795
    30844 39794 39796
    30845 39797 39798
    30846 39797 39799
    30847 39800 39801
    30848 39800 39802
    30849 39803 39804
    30850 39803 39805
    30851 39806 39807
    30852 39806 39808
    30853 39809 39810
    30854 39809 39811
    30855 39812 39813
    30856 39812 39814
    30857 39815 39816
    30858 39815 39817
    30859 39818 39819
    30860 39818 39820
    30861 39821 39822
    30862 39821 39823
    30863 39824 39825
    30864 39824 39826
    30865 39827 39828
    30866 39827 39829
    30867 39830 39831
    30868 39830 39832
    30869 39833 39834
    30870 39833 39835
    30871 39836 39837
    30872 39836 39838
    30873 39839 39840
    30874 39839 39841
    30875 39842 39843
    30876 39842 39844
    30877 39845 39846
    30878 39845 39847
    30879 39848 39849
    30880 39848 39850
    30881 39851 39852
    30882 39851 39853
    30883 39854 39855
    30884 39854 39856
    30885 39857 39858
    30886 39857 39859
    30887 39860 39861
    30888 39860 39862
    30889 39863 39864
    30890 39863 39865
    30891 39866 39867
    30892 39866 39868
    30893 39869 39870
    30894 39869 39871
    30895 39872 39873
    30896 39872 39874
    30897 39875 39876
    30898 39875 39877
    30899 39878 39879
    30900 39878 39880
    30901 39881 39882
    30902 39881 39883
    30903 39884 39885
    30904 39884 39886
    30905 39887 39888
    30906 39887 39889
    30907 39890 39891
    30908 39890 39892
    30909 39893 39894
    30910 39893 39895
    30911 39896 39897
    30912 39896 39898
    30913 39899 39900
    30914 39899 39901
    30915 39902 39903
    30916 39902 39904
    30917 39905 39906
    30918 39905 39907
    30919 39908 39909
    30920 39908 39910
    30921 39911 39912
    30922 39911 39913
    30923 39914 39915
    30924 39914 39916
    30925 39917 39918
    30926 39917 39919
    30927 39920 39921
    30928 39920 39922
    30929 39923 39924
    30930 39923 39925
    30931 39926 39927
    30932 39926 39928
    30933 39929 39930
    30934 39929 39931
    30935 39932 39933
    30936 39932 39934
    30937 39935 39936
    30938 39935 39937
    30939 39938 39939
    30940 39938 39940
    30941 39941 39942
    30942 39941 39943
    30943 39944 39945
    30944 39944 39946
    30945 39947 39948
    30946 39947 39949
    30947 39950 39951
    30948 39950 39952
    30949 39953 39954
    30950 39953 39955
    30951 39956 39957
    30952 39956 39958
    30953 39959 39960
    30954 39959 39961
    30955 39962 39963
    30956 39962 39964
    30957 39965 39966
    30958 39965 39967
    30959 39968 39969
    30960 39968 39970
    30961 39971 39972
    30962 39971 39973
    30963 39974 39975
    30964 39974 39976
    30965 39977 39978
    30966 39977 39979
    30967 39980 39981
    30968 39980 39982
    30969 39983 39984
    30970 39983 39985
    30971 39986 39987
    30972 39986 39988
    30973 39989 39990
    30974 39989 39991
    30975 39992 39993
    30976 39992 39994
    30977 39995 39996
    30978 39995 39997
    30979 39998 39999
    30980 39998 40000
    30981 40001 40002
    30982 40001 40003
    30983 40004 40005
    30984 40004 40006
    30985 40007 40008
    30986 40007 40009
    30987 40010 40011
    30988 40010 40012
    30989 40013 40014
    30990 40013 40015
    30991 40016 40017
    30992 40016 40018
    30993 40019 40020
    30994 40019 40021
    30995 40022 40023
    30996 40022 40024
    30997 40025 40026
    30998 40025 40027
    30999 40028 40029
    31000 40028 40030
    31001 40031 40032
    31002 40031 40033
    31003 40034 40035
    31004 40034 40036
    31005 40037 40038
    31006 40037 40039
    31007 40040 40041
    31008 40040 40042
    31009 40043 40044
    31010 40043 40045
    31011 40046 40047
    31012 40046 40048
    31013 40049 40050
    31014 40049 40051
    31015 40052 40053
    31016 40052 40054
    31017 40055 40056
    31018 40055 40057
    31019 40058 40059
    31020 40058 40060
    31021 40061 40062
    31022 40061 40063
    31023 40064 40065
    31024 40064 40066
    31025 40067 40068
    31026 40067 40069
    31027 40070 40071
    31028 40070 40072
    31029 40073 40074
    31030 40073 40075
    31031 40076 40077
    31032 40076 40078
    31033 40079 40080
    31034 40079 40081
    31035 40082 40083
    31036 40082 40084
    31037 40085 40086
    31038 40085 40087
    31039 40088 40089
    31040 40088 40090
    31041 40091 40092
    31042 40091 40093
    31043 40094 40095
    31044 40094 40096
    31045 40097 40098
    31046 40097 40099
    31047 40100 40101
    31048 40100 40102
    31049 40103 40104
    31050 40103 40105
    31051 40106 40107
    31052 40106 40108
    31053 40109 40110
    31054 40109 40111
    31055 40112 40113
    31056 40112 40114
    31057 40115 40116
    31058 40115 40117
    31059 40118 40119
    31060 40118 40120
    31061 40121 40122
    31062 40121 40123
    31063 40124 40125
    31064 40124 40126
    31065 40127 40128
    31066 40127 40129
    31067 40130 40131
    31068 40130 40132
    31069 40133 40134
    31070 40133 40135
    31071 40136 40137
    31072 40136 40138
    31073 40139 40140
    31074 40139 40141
    31075 40142 40143
    31076 40142 40144
    31077 40145 40146
    31078 40145 40147
    31079 40148 40149
    31080 40148 40150
    31081 40151 40152
    31082 40151 40153
    31083 40154 40155
    31084 40154 40156
    31085 40157 40158
    31086 40157 40159
    31087 40160 40161
    31088 40160 40162
    31089 40163 40164
    31090 40163 40165
    31091 40166 40167
    31092 40166 40168
    31093 40169 40170
    31094 40169 40171
    31095 40172 40173
    31096 40172 40174
    31097 40175 40176
    31098 40175 40177
    31099 40178 40179
    31100 40178 40180
    31101 40181 40182
    31102 40181 40183
    31103 40184 40185
    31104 40184 40186
    31105 40187 40188
    31106 40187 40189
    31107 40190 40191
    31108 40190 40192
    31109 40193 40194
    31110 40193 40195
    31111 40196 40197
    31112 40196 40198
    31113 40199 40200
    31114 40199 40201
    31115 40202 40203
    31116 40202 40204
    31117 40205 40206
    31118 40205 40207
    31119 40208 40209
    31120 40208 40210
    31121 40211 40212
    31122 40211 40213
    31123 40214 40215
    31124 40214 40216
    31125 40217 40218
    31126 40217 40219
    31127 40220 40221
    31128 40220 40222
    31129 40223 40224
    31130 40223 40225
    31131 40226 40227
    31132 40226 40228
    31133 40229 40230
    31134 40229 40231
    31135 40232 40233
    31136 40232 40234
    31137 40235 40236
    31138 40235 40237
    31139 40238 40239
    31140 40238 40240
    31141 40241 40242
    31142 40241 40243
    31143 40244 40245
    31144 40244 40246
    31145 40247 40248
    31146 40247 40249
    31147 40250 40251
    31148 40250 40252
    31149 40253 40254
    31150 40253 40255
    31151 40256 40257
    31152 40256 40258
    31153 40259 40260
    31154 40259 40261
    31155 40262 40263
    31156 40262 40264
    31157 40265 40266
    31158 40265 40267
    31159 40268 40269
    31160 40268 40270
    31161 40271 40272
    31162 40271 40273
    31163 40274 40275
    31164 40274 40276
    31165 40277 40278
    31166 40277 40279
    31167 40280 40281
    31168 40280 40282
    31169 40283 40284
    31170 40283 40285
    31171 40286 40287
    31172 40286 40288
    31173 40289 40290
    31174 40289 40291
    31175 40292 40293
    31176 40292 40294
    31177 40295 40296
    31178 40295 40297
    31179 40298 40299
    31180 40298 40300
    31181 40301 40302
    31182 40301 40303
    31183 40304 40305
    31184 40304 40306
    31185 40307 40308
    31186 40307 40309
    31187 40310 40311
    31188 40310 40312
    31189 40313 40314
    31190 40313 40315
    31191 40316 40317
    31192 40316 40318
    31193 40319 40320
    31194 40319 40321
    31195 40322 40323
    31196 40322 40324
    31197 40325 40326
    31198 40325 40327
    31199 40328 40329
    31200 40328 40330
    31201 40331 40332
    31202 40331 40333
    31203 40334 40335
    31204 40334 40336
    31205 40337 40338
    31206 40337 40339
    31207 40340 40341
    31208 40340 40342
    31209 40343 40344
    31210 40343 40345
    31211 40346 40347
    31212 40346 40348
    31213 40349 40350
    31214 40349 40351
    31215 40352 40353
    31216 40352 40354
    31217 40355 40356
    31218 40355 40357
    31219 40358 40359
    31220 40358 40360
    31221 40361 40362
    31222 40361 40363
    31223 40364 40365
    31224 40364 40366
    31225 40367 40368
    31226 40367 40369
    31227 40370 40371
    31228 40370 40372
    31229 40373 40374
    31230 40373 40375
    31231 40376 40377
    31232 40376 40378
    31233 40379 40380
    31234 40379 40381
    31235 40382 40383
    31236 40382 40384
    31237 40385 40386
    31238 40385 40387
    31239 40388 40389
    31240 40388 40390
    31241 40391 40392
    31242 40391 40393
    31243 40394 40395
    31244 40394 40396
    31245 40397 40398
    31246 40397 40399
    31247 40400 40401
    31248 40400 40402
    31249 40403 40404
    31250 40403 40405
    31251 40406 40407
    31252 40406 40408
    31253 40409 40410
    31254 40409 40411
    31255 40412 40413
    31256 40412 40414
    31257 40415 40416
    31258 40415 40417
    31259 40418 40419
    31260 40418 40420
    31261 40421 40422
    31262 40421 40423
    31263 40424 40425
    31264 40424 40426
    31265 40427 40428
    31266 40427 40429
    31267 40430 40431
    31268 40430 40432
    31269 40433 40434
    31270 40433 40435
    31271 40436 40437
    31272 40436 40438
    31273 40439 40440
    31274 40439 40441
    31275 40442 40443
    31276 40442 40444
    31277 40445 40446
    31278 40445 40447
    31279 40448 40449
    31280 40448 40450
    31281 40451 40452
    31282 40451 40453
    31283 40454 40455
    31284 40454 40456
    31285 40457 40458
    31286 40457 40459
    31287 40460 40461
    31288 40460 40462
    31289 40463 40464
    31290 40463 40465
    31291 40466 40467
    31292 40466 40468
    31293 40469 40470
    31294 40469 40471
    31295 40472 40473
    31296 40472 40474
    31297 40475 40476
    31298 40475 40477
    31299 40478 40479
    31300 40478 40480
    31301 40481 40482
    31302 40481 40483
    31303 40484 40485
    31304 40484 40486
    31305 40487 40488
    31306 40487 40489
    31307 40490 40491
    31308 40490 40492
    31309 40493 40494
    31310 40493 40495
    31311 40496 40497
    31312 40496 40498
    31313 40499 40500
    31314 40499 40501
    31315 40502 40503
    31316 40502 40504
    31317 40505 40506
    31318 40505 40507
    31319 40508 40509
    31320 40508 40510
    31321 40511 40512
    31322 40511 40513
    31323 40514 40515
    31324 40514 40516
    31325 40517 40518
    31326 40517 40519
    31327 40520 40521
    31328 40520 40522
    31329 40523 40524
    31330 40523 40525
    31331 40526 40527
    31332 40526 40528
    31333 40529 40530
    31334 40529 40531
    31335 40532 40533
    31336 40532 40534
    31337 40535 40536
    31338 40535 40537
    31339 40538 40539
    31340 40538 40540
    31341 40541 40542
    31342 40541 40543
    31343 40544 40545
    31344 40544 40546
    31345 40547 40548
    31346 40547 40549
    31347 40550 40551
    31348 40550 40552
    31349 40553 40554
    31350 40553 40555
    31351 40556 40557
    31352 40556 40558
    31353 40559 40560
    31354 40559 40561
    31355 40562 40563
    31356 40562 40564
    31357 40565 40566
    31358 40565 40567
    31359 40568 40569
    31360 40568 40570
    31361 40571 40572
    31362 40571 40573
    31363 40574 40575
    31364 40574 40576
    31365 40577 40578
    31366 40577 40579
    31367 40580 40581
    31368 40580 40582
    31369 40583 40584
    31370 40583 40585
    31371 40586 40587
    31372 40586 40588
    31373 40589 40590
    31374 40589 40591
    31375 40592 40593
    31376 40592 40594
    31377 40595 40596
    31378 40595 40597
    31379 40598 40599
    31380 40598 40600
    31381 40601 40602
    31382 40601 40603
    31383 40604 40605
    31384 40604 40606
    31385 40607 40608
    31386 40607 40609
    31387 40610 40611
    31388 40610 40612
    31389 40613 40614
    31390 40613 40615
    31391 40616 40617
    31392 40616 40618
    31393 40619 40620
    31394 40619 40621
    31395 40622 40623
    31396 40622 40624
    31397 40625 40626
    31398 40625 40627
    31399 40628 40629
    31400 40628 40630
    31401 40631 40632
    31402 40631 40633
    31403 40634 40635
    31404 40634 40636
    31405 40637 40638
    31406 40637 40639
    31407 40640 40641
    31408 40640 40642
    31409 40643 40644
    31410 40643 40645
    31411 40646 40647
    31412 40646 40648
    31413 40649 40650
    31414 40649 40651
    31415 40652 40653
    31416 40652 40654
    31417 40655 40656
    31418 40655 40657
    31419 40658 40659
    31420 40658 40660
    31421 40661 40662
    31422 40661 40663
    31423 40664 40665
    31424 40664 40666
    31425 40667 40668
    31426 40667 40669
    31427 40670 40671
    31428 40670 40672
    31429 40673 40674
    31430 40673 40675
    31431 40676 40677
    31432 40676 40678
    31433 40679 40680
    31434 40679 40681
    31435 40682 40683
    31436 40682 40684
    31437 40685 40686
    31438 40685 40687
    31439 40688 40689
    31440 40688 40690
    31441 40691 40692
    31442 40691 40693
    31443 40694 40695
    31444 40694 40696
    31445 40697 40698
    31446 40697 40699
    31447 40700 40701
    31448 40700 40702
    31449 40703 40704
    31450 40703 40705
    31451 40706 40707
    31452 40706 40708
    31453 40709 40710
    31454 40709 40711
    31455 40712 40713
    31456 40712 40714
    31457 40715 40716
    31458 40715 40717
    31459 40718 40719
    31460 40718 40720
    31461 40721 40722
    31462 40721 40723
    31463 40724 40725
    31464 40724 40726
    31465 40727 40728
    31466 40727 40729
    31467 40730 40731
    31468 40730 40732
    31469 40733 40734
    31470 40733 40735
    31471 40736 40737
    31472 40736 40738
    31473 40739 40740
    31474 40739 40741
    31475 40742 40743
    31476 40742 40744
    31477 40745 40746
    31478 40745 40747
    31479 40748 40749
    31480 40748 40750
    31481 40751 40752
    31482 40751 40753
    31483 40754 40755
    31484 40754 40756
    31485 40757 40758
    31486 40757 40759
    31487 40760 40761
    31488 40760 40762
    31489 40763 40764
    31490 40763 40765
    31491 40766 40767
    31492 40766 40768
    31493 40769 40770
    31494 40769 40771
    31495 40772 40773
    31496 40772 40774
    31497 40775 40776
    31498 40775 40777
    31499 40778 40779
    31500 40778 40780
    31501 40781 40782
    31502 40781 40783
    31503 40784 40785
    31504 40784 40786
    31505 40787 40788
    31506 40787 40789
    31507 40790 40791
    31508 40790 40792
    31509 40793 40794
    31510 40793 40795
    31511 40796 40797
    31512 40796 40798
    31513 40799 40800
    31514 40799 40801
    31515 40802 40803
    31516 40802 40804
    31517 40805 40806
    31518 40805 40807
    31519 40808 40809
    31520 40808 40810
    31521 40811 40812
    31522 40811 40813
    31523 40814 40815
    31524 40814 40816
    31525 40817 40818
    31526 40817 40819
    31527 40820 40821
    31528 40820 40822
    31529 40823 40824
    31530 40823 40825
    31531 40826 40827
    31532 40826 40828
    31533 40829 40830
    31534 40829 40831
    31535 40832 40833
    31536 40832 40834
    31537 40835 40836
    31538 40835 40837
    31539 40838 40839
    31540 40838 40840
    31541 40841 40842
    31542 40841 40843
    31543 40844 40845
    31544 40844 40846
    31545 40847 40848
    31546 40847 40849
    31547 40850 40851
    31548 40850 40852
    31549 40853 40854
    31550 40853 40855
    31551 40856 40857
    31552 40856 40858
    31553 40859 40860
    31554 40859 40861
    31555 40862 40863
    31556 40862 40864
    31557 40865 40866
    31558 40865 40867
    31559 40868 40869
    31560 40868 40870
    31561 40871 40872
    31562 40871 40873
    31563 40874 40875
    31564 40874 40876
    31565 40877 40878
    31566 40877 40879
    31567 40880 40881
    31568 40880 40882
    31569 40883 40884
    31570 40883 40885
    31571 40886 40887
    31572 40886 40888
    31573 40889 40890
    31574 40889 40891
    31575 40892 40893
    31576 40892 40894
    31577 40895 40896
    31578 40895 40897
    31579 40898 40899
    31580 40898 40900
    31581 40901 40902
    31582 40901 40903
    31583 40904 40905
    31584 40904 40906
    31585 40907 40908
    31586 40907 40909
    31587 40910 40911
    31588 40910 40912
    31589 40913 40914
    31590 40913 40915
    31591 40916 40917
    31592 40916 40918
    31593 40919 40920
    31594 40919 40921
    31595 40922 40923
    31596 40922 40924
    31597 40925 40926
    31598 40925 40927
    31599 40928 40929
    31600 40928 40930
    31601 40931 40932
    31602 40931 40933
    31603 40934 40935
    31604 40934 40936
    31605 40937 40938
    31606 40937 40939
    31607 40940 40941
    31608 40940 40942
    31609 40943 40944
    31610 40943 40945
    31611 40946 40947
    31612 40946 40948
    31613 40949 40950
    31614 40949 40951
    31615 40952 40953
    31616 40952 40954
    31617 40955 40956
    31618 40955 40957
    31619 40958 40959
    31620 40958 40960
    31621 40961 40962
    31622 40961 40963
    31623 40964 40965
    31624 40964 40966
    31625 40967 40968
    31626 40967 40969
    31627 40970 40971
    31628 40970 40972
    31629 40973 40974
    31630 40973 40975
    31631 40976 40977
    31632 40976 40978
    31633 40979 40980
    31634 40979 40981
    31635 40982 40983
    31636 40982 40984
    31637 40985 40986
    31638 40985 40987
    31639 40988 40989
    31640 40988 40990
    31641 40991 40992
    31642 40991 40993
    31643 40994 40995
    31644 40994 40996
    31645 40997 40998
    31646 40997 40999
    31647 41000 41001
    31648 41000 41002
    31649 41003 41004
    31650 41003 41005
    31651 41006 41007
    31652 41006 41008
    31653 41009 41010
    31654 41009 41011
    31655 41012 41013
    31656 41012 41014
    31657 41015 41016
    31658 41015 41017
    31659 41018 41019
    31660 41018 41020
    31661 41021 41022
    31662 41021 41023
    31663 41024 41025
    31664 41024 41026
    31665 41027 41028
    31666 41027 41029
    31667 41030 41031
    31668 41030 41032
    31669 41033 41034
    31670 41033 41035
    31671 41036 41037
    31672 41036 41038
    31673 41039 41040
    31674 41039 41041
    31675 41042 41043
    31676 41042 41044
    31677 41045 41046
    31678 41045 41047
    31679 41048 41049
    31680 41048 41050
    31681 41051 41052
    31682 41051 41053
    31683 41054 41055
    31684 41054 41056
    31685 41057 41058
    31686 41057 41059
    31687 41060 41061
    31688 41060 41062
    31689 41063 41064
    31690 41063 41065
    31691 41066 41067
    31692 41066 41068
    31693 41069 41070
    31694 41069 41071
    31695 41072 41073
    31696 41072 41074
    31697 41075 41076
    31698 41075 41077
    31699 41078 41079
    31700 41078 41080
    31701 41081 41082
    31702 41081 41083
    31703 41084 41085
    31704 41084 41086
    31705 41087 41088
    31706 41087 41089
    31707 41090 41091
    31708 41090 41092
    31709 41093 41094
    31710 41093 41095
    31711 41096 41097
    31712 41096 41098
    31713 41099 41100
    31714 41099 41101
    31715 41102 41103
    31716 41102 41104
    31717 41105 41106
    31718 41105 41107
    31719 41108 41109
    31720 41108 41110
    31721 41111 41112
    31722 41111 41113
    31723 41114 41115
    31724 41114 41116
    31725 41117 41118
    31726 41117 41119
    31727 41120 41121
    31728 41120 41122
    31729 41123 41124
    31730 41123 41125
    31731 41126 41127
    31732 41126 41128
    31733 41129 41130
    31734 41129 41131
    31735 41132 41133
    31736 41132 41134
    31737 41135 41136
    31738 41135 41137
    31739 41138 41139
    31740 41138 41140
    31741 41141 41142
    31742 41141 41143
    31743 41144 41145
    31744 41144 41146
    31745 41147 41148
    31746 41147 41149
    31747 41150 41151
    31748 41150 41152
    31749 41153 41154
    31750 41153 41155
    31751 41156 41157
    31752 41156 41158
    31753 41159 41160
    31754 41159 41161
    31755 41162 41163
    31756 41162 41164
    31757 41165 41166
    31758 41165 41167
    31759 41168 41169
    31760 41168 41170
    31761 41171 41172
    31762 41171 41173
    31763 41174 41175
    31764 41174 41176
    31765 41177 41178
    31766 41177 41179
    31767 41180 41181
    31768 41180 41182
    31769 41183 41184
    31770 41183 41185
    31771 41186 41187
    31772 41186 41188
    31773 41189 41190
    31774 41189 41191
    31775 41192 41193
    31776 41192 41194
    31777 41195 41196
    31778 41195 41197
    31779 41198 41199
    31780 41198 41200
    31781 41201 41202
    31782 41201 41203
    31783 41204 41205
    31784 41204 41206
    31785 41207 41208
    31786 41207 41209
    31787 41210 41211
    31788 41210 41212
    31789 41213 41214
    31790 41213 41215
    31791 41216 41217
    31792 41216 41218
    31793 41219 41220
    31794 41219 41221
    31795 41222 41223
    31796 41222 41224
    31797 41225 41226
    31798 41225 41227
    31799 41228 41229
    31800 41228 41230
    31801 41231 41232
    31802 41231 41233
    31803 41234 41235
    31804 41234 41236
    31805 41237 41238
    31806 41237 41239
    31807 41240 41241
    31808 41240 41242
    31809 41243 41244
    31810 41243 41245
    31811 41246 41247
    31812 41246 41248
    31813 41249 41250
    31814 41249 41251
    31815 41252 41253
    31816 41252 41254
    31817 41255 41256
    31818 41255 41257
    31819 41258 41259
    31820 41258 41260
    31821 41261 41262
    31822 41261 41263
    31823 41264 41265
    31824 41264 41266
    31825 41267 41268
    31826 41267 41269
    31827 41270 41271
    31828 41270 41272
    31829 41273 41274
    31830 41273 41275
    31831 41276 41277
    31832 41276 41278
    31833 41279 41280
    31834 41279 41281
    31835 41282 41283
    31836 41282 41284
    31837 41285 41286
    31838 41285 41287
    31839 41288 41289
    31840 41288 41290
    31841 41291 41292
    31842 41291 41293
    31843 41294 41295
    31844 41294 41296
    31845 41297 41298
    31846 41297 41299
    31847 41300 41301
    31848 41300 41302
    31849 41303 41304
    31850 41303 41305
    31851 41306 41307
    31852 41306 41308
    31853 41309 41310
    31854 41309 41311
    31855 41312 41313
    31856 41312 41314
    31857 41315 41316
    31858 41315 41317
    31859 41318 41319
    31860 41318 41320
    31861 41321 41322
    31862 41321 41323
    31863 41324 41325
    31864 41324 41326
    31865 41327 41328
    31866 41327 41329
    31867 41330 41331
    31868 41330 41332
    31869 41333 41334
    31870 41333 41335
    31871 41336 41337
    31872 41336 41338
    31873 41339 41340
    31874 41339 41341
    31875 41342 41343
    31876 41342 41344
    31877 41345 41346
    31878 41345 41347
    31879 41348 41349
    31880 41348 41350
    31881 41351 41352
    31882 41351 41353
    31883 41354 41355
    31884 41354 41356
    31885 41357 41358
    31886 41357 41359
    31887 41360 41361
    31888 41360 41362
    31889 41363 41364
    31890 41363 41365
    31891 41366 41367
    31892 41366 41368
    31893 41369 41370
    31894 41369 41371
    31895 41372 41373
    31896 41372 41374
    31897 41375 41376
    31898 41375 41377
    31899 41378 41379
    31900 41378 41380
    31901 41381 41382
    31902 41381 41383
    31903 41384 41385
    31904 41384 41386
    31905 41387 41388
    31906 41387 41389
    31907 41390 41391
    31908 41390 41392
    31909 41393 41394
    31910 41393 41395
    31911 41396 41397
    31912 41396 41398
    31913 41399 41400
    31914 41399 41401
    31915 41402 41403
    31916 41402 41404
    31917 41405 41406
    31918 41405 41407
    31919 41408 41409
    31920 41408 41410
    31921 41411 41412
    31922 41411 41413
    31923 41414 41415
    31924 41414 41416
    31925 41417 41418
    31926 41417 41419
    31927 41420 41421
    31928 41420 41422
    31929 41423 41424
    31930 41423 41425
    31931 41426 41427
    31932 41426 41428
    31933 41429 41430
    31934 41429 41431
    31935 41432 41433
    31936 41432 41434
    31937 41435 41436
    31938 41435 41437
    31939 41438 41439
    31940 41438 41440
    31941 41441 41442
    31942 41441 41443
    31943 41444 41445
    31944 41444 41446
    31945 41447 41448
    31946 41447 41449
    31947 41450 41451
    31948 41450 41452
    31949 41453 41454
    31950 41453 41455
    31951 41456 41457
    31952 41456 41458
    31953 41459 41460
    31954 41459 41461
    31955 41462 41463
    31956 41462 41464
    31957 41465 41466
    31958 41465 41467
    31959 41468 41469
    31960 41468 41470
    31961 41471 41472
    31962 41471 41473
    31963 41474 41475
    31964 41474 41476
    31965 41477 41478
    31966 41477 41479
    31967 41480 41481
    31968 41480 41482
    31969 41483 41484
    31970 41483 41485
    31971 41486 41487
    31972 41486 41488
    31973 41489 41490
    31974 41489 41491
    31975 41492 41493
    31976 41492 41494
    31977 41495 41496
    31978 41495 41497
    31979 41498 41499
    31980 41498 41500
    31981 41501 41502
    31982 41501 41503
    31983 41504 41505
    31984 41504 41506
    31985 41507 41508
    31986 41507 41509
    31987 41510 41511
    31988 41510 41512
    31989 41513 41514
    31990 41513 41515
    31991 41516 41517
    31992 41516 41518
    31993 41519 41520
    31994 41519 41521
    31995 41522 41523
    31996 41522 41524
    31997 41525 41526
    31998 41525 41527
    31999 41528 41529
    32000 41528 41530
    32001 41531 41532
    32002 41531 41533
    32003 41534 41535
    32004 41534 41536
    32005 41537 41538
    32006 41537 41539
    32007 41540 41541
    32008 41540 41542
    32009 41543 41544
    32010 41543 41545
    32011 41546 41547
    32012 41546 41548
    32013 41549 41550
    32014 41549 41551
    32015 41552 41553
    32016 41552 41554
    32017 41555 41556
    32018 41555 41557
    32019 41558 41559
    32020 41558 41560
    32021 41561 41562
    32022 41561 41563
    32023 41564 41565
    32024 41564 41566
    32025 41567 41568
    32026 41567 41569
    32027 41570 41571
    32028 41570 41572
    32029 41573 41574
    32030 41573 41575
    32031 41576 41577
    32032 41576 41578
    32033 41579 41580
    32034 41579 41581
    32035 41582 41583
    32036 41582 41584
    32037 41585 41586
    32038 41585 41587
    32039 41588 41589
    32040 41588 41590
    32041 41591 41592
    32042 41591 41593
    32043 41594 41595
    32044 41594 41596
    32045 41597 41598
    32046 41597 41599
    32047 41600 41601
    32048 41600 41602
    32049 41603 41604
    32050 41603 41605
    32051 41606 41607
    32052 41606 41608
    32053 41609 41610
    32054 41609 41611
    32055 41612 41613
    32056 41612 41614
    32057 41615 41616
    32058 41615 41617
    32059 41618 41619
    32060 41618 41620
    32061 41621 41622
    32062 41621 41623
    32063 41624 41625
    32064 41624 41626
    32065 41627 41628
    32066 41627 41629
    32067 41630 41631
    32068 41630 41632
    32069 41633 41634
    32070 41633 41635
    32071 41636 41637
    32072 41636 41638
    32073 41639 41640
    32074 41639 41641
    32075 41642 41643
    32076 41642 41644
    32077 41645 41646
    32078 41645 41647
    32079 41648 41649
    32080 41648 41650
    32081 41651 41652
    32082 41651 41653
    32083 41654 41655
    32084 41654 41656
    32085 41657 41658
    32086 41657 41659
    32087 41660 41661
    32088 41660 41662
    32089 41663 41664
    32090 41663 41665
    32091 41666 41667
    32092 41666 41668
    32093 41669 41670
    32094 41669 41671
    32095 41672 41673
    32096 41672 41674
    32097 41675 41676
    32098 41675 41677
    32099 41678 41679
    32100 41678 41680
    32101 41681 41682
    32102 41681 41683
    32103 41684 41685
    32104 41684 41686
    32105 41687 41688
    32106 41687 41689
    32107 41690 41691
    32108 41690 41692
    32109 41693 41694
    32110 41693 41695
    32111 41696 41697
    32112 41696 41698
    32113 41699 41700
    32114 41699 41701
    32115 41702 41703
    32116 41702 41704
    32117 41705 41706
    32118 41705 41707
    32119 41708 41709
    32120 41708 41710
    32121 41711 41712
    32122 41711 41713
    32123 41714 41715
    32124 41714 41716
    32125 41717 41718
    32126 41717 41719
    32127 41720 41721
    32128 41720 41722
    32129 41723 41724
    32130 41723 41725
    32131 41726 41727
    32132 41726 41728
    32133 41729 41730
    32134 41729 41731
    32135 41732 41733
    32136 41732 41734
    32137 41735 41736
    32138 41735 41737
    32139 41738 41739
    32140 41738 41740
    32141 41741 41742
    32142 41741 41743
    32143 41744 41745
    32144 41744 41746
    32145 41747 41748
    32146 41747 41749
    32147 41750 41751
    32148 41750 41752
    32149 41753 41754
    32150 41753 41755
    32151 41756 41757
    32152 41756 41758
    32153 41759 41760
    32154 41759 41761
    32155 41762 41763
    32156 41762 41764
    32157 41765 41766
    32158 41765 41767
    32159 41768 41769
    32160 41768 41770
    32161 41771 41772
    32162 41771 41773
    32163 41774 41775
    32164 41774 41776
    32165 41777 41778
    32166 41777 41779
    32167 41780 41781
    32168 41780 41782
    32169 41783 41784
    32170 41783 41785
    32171 41786 41787
    32172 41786 41788
    32173 41789 41790
    32174 41789 41791
    32175 41792 41793
    32176 41792 41794
    32177 41795 41796
    32178 41795 41797
    32179 41798 41799
    32180 41798 41800
    32181 41801 41802
    32182 41801 41803
    32183 41804 41805
    32184 41804 41806
    32185 41807 41808
    32186 41807 41809
    32187 41810 41811
    32188 41810 41812
    32189 41813 41814
    32190 41813 41815
    32191 41816 41817
    32192 41816 41818
    32193 41819 41820
    32194 41819 41821
    32195 41822 41823
    32196 41822 41824
    32197 41825 41826
    32198 41825 41827
    32199 41828 41829
    32200 41828 41830
    32201 41831 41832
    32202 41831 41833
    32203 41834 41835
    32204 41834 41836
    32205 41837 41838
    32206 41837 41839
    32207 41840 41841
    32208 41840 41842
    32209 41843 41844
    32210 41843 41845
    32211 41846 41847
    32212 41846 41848
    32213 41849 41850
    32214 41849 41851
    32215 41852 41853
    32216 41852 41854
    32217 41855 41856
    32218 41855 41857
    32219 41858 41859
    32220 41858 41860
    32221 41861 41862
    32222 41861 41863
    32223 41864 41865
    32224 41864 41866
    32225 41867 41868
    32226 41867 41869
    32227 41870 41871
    32228 41870 41872
    32229 41873 41874
    32230 41873 41875
    32231 41876 41877
    32232 41876 41878
    32233 41879 41880
    32234 41879 41881
    32235 41882 41883
    32236 41882 41884
    32237 41885 41886
    32238 41885 41887
    32239 41888 41889
    32240 41888 41890
    32241 41891 41892
    32242 41891 41893
    32243 41894 41895
    32244 41894 41896
    32245 41897 41898
    32246 41897 41899
    32247 41900 41901
    32248 41900 41902
    32249 41903 41904
    32250 41903 41905
    32251 41906 41907
    32252 41906 41908
    32253 41909 41910
    32254 41909 41911
    32255 41912 41913
    32256 41912 41914
    32257 41915 41916
    32258 41915 41917
    32259 41918 41919
    32260 41918 41920
    32261 41921 41922
    32262 41921 41923
    32263 41924 41925
    32264 41924 41926
    32265 41927 41928
    32266 41927 41929
    32267 41930 41931
    32268 41930 41932
    32269 41933 41934
    32270 41933 41935
    32271 41936 41937
    32272 41936 41938
    32273 41939 41940
    32274 41939 41941
    32275 41942 41943
    32276 41942 41944
    32277 41945 41946
    32278 41945 41947
    32279 41948 41949
    32280 41948 41950
    32281 41951 41952
    32282 41951 41953
    32283 41954 41955
    32284 41954 41956
    32285 41957 41958
    32286 41957 41959
    32287 41960 41961
    32288 41960 41962
    32289 41963 41964
    32290 41963 41965
    32291 41966 41967
    32292 41966 41968
    32293 41969 41970
    32294 41969 41971
    32295 41972 41973
    32296 41972 41974
    32297 41975 41976
    32298 41975 41977
    32299 41978 41979
    32300 41978 41980
    32301 41981 41982
    32302 41981 41983
    32303 41984 41985
    32304 41984 41986
    32305 41987 41988
    32306 41987 41989
    32307 41990 41991
    32308 41990 41992
    32309 41993 41994
    32310 41993 41995
    32311 41996 41997
    32312 41996 41998
    32313 41999 42000
    32314 41999 42001
    32315 42002 42003
    32316 42002 42004
    32317 42005 42006
    32318 42005 42007
    32319 42008 42009
    32320 42008 42010
    32321 42011 42012
    32322 42011 42013
    32323 42014 42015
    32324 42014 42016
    32325 42017 42018
    32326 42017 42019
    32327 42020 42021
    32328 42020 42022
    32329 42023 42024
    32330 42023 42025
    32331 42026 42027
    32332 42026 42028
    32333 42029 42030
    32334 42029 42031
    32335 42032 42033
    32336 42032 42034
    32337 42035 42036
    32338 42035 42037
    32339 42038 42039
    32340 42038 42040
    32341 42041 42042
    32342 42041 42043
    32343 42044 42045
    32344 42044 42046
    32345 42047 42048
    32346 42047 42049
    32347 42050 42051
    32348 42050 42052
    32349 42053 42054
    32350 42053 42055
    32351 42056 42057
    32352 42056 42058
    32353 42059 42060
    32354 42059 42061
    32355 42062 42063
    32356 42062 42064
    32357 42065 42066
    32358 42065 42067
    32359 42068 42069
    32360 42068 42070
    32361 42071 42072
    32362 42071 42073
    32363 42074 42075
    32364 42074 42076
    32365 42077 42078
    32366 42077 42079
    32367 42080 42081
    32368 42080 42082
    32369 42083 42084
    32370 42083 42085
    32371 42086 42087
    32372 42086 42088
    32373 42089 42090
    32374 42089 42091
    32375 42092 42093
    32376 42092 42094
    32377 42095 42096
    32378 42095 42097
    32379 42098 42099
    32380 42098 42100
    32381 42101 42102
    32382 42101 42103
    32383 42104 42105
    32384 42104 42106
    32385 42107 42108
    32386 42107 42109
    32387 42110 42111
    32388 42110 42112
    32389 42113 42114
    32390 42113 42115
    32391 42116 42117
    32392 42116 42118
    32393 42119 42120
    32394 42119 42121
    32395 42122 42123
    32396 42122 42124
    32397 42125 42126
    32398 42125 42127
    32399 42128 42129
    32400 42128 42130
    32401 42131 42132
    32402 42131 42133
    32403 42134 42135
    32404 42134 42136
    32405 42137 42138
    32406 42137 42139
    32407 42140 42141
    32408 42140 42142
    32409 42143 42144
    32410 42143 42145
    32411 42146 42147
    32412 42146 42148
    32413 42149 42150
    32414 42149 42151
    32415 42152 42153
    32416 42152 42154
    32417 42155 42156
    32418 42155 42157
    32419 42158 42159
    32420 42158 42160
    32421 42161 42162
    32422 42161 42163
    32423 42164 42165
    32424 42164 42166
    32425 42167 42168
    32426 42167 42169
    32427 42170 42171
    32428 42170 42172
    32429 42173 42174
    32430 42173 42175
    32431 42176 42177
    32432 42176 42178
    32433 42179 42180
    32434 42179 42181
    32435 42182 42183
    32436 42182 42184
    32437 42185 42186
    32438 42185 42187
    32439 42188 42189
    32440 42188 42190
    32441 42191 42192
    32442 42191 42193
    32443 42194 42195
    32444 42194 42196
    32445 42197 42198
    32446 42197 42199
    32447 42200 42201
    32448 42200 42202
    32449 42203 42204
    32450 42203 42205
    32451 42206 42207
    32452 42206 42208
    32453 42209 42210
    32454 42209 42211
    32455 42212 42213
    32456 42212 42214
    32457 42215 42216
    32458 42215 42217
    32459 42218 42219
    32460 42218 42220
    32461 42221 42222
    32462 42221 42223
    32463 42224 42225
    32464 42224 42226
    32465 42227 42228
    32466 42227 42229
    32467 42230 42231
    32468 42230 42232
    32469 42233 42234
    32470 42233 42235
    32471 42236 42237
    32472 42236 42238
    32473 42239 42240
    32474 42239 42241
    32475 42242 42243
    32476 42242 42244
    32477 42245 42246
    32478 42245 42247
    32479 42248 42249
    32480 42248 42250
    32481 42251 42252
    32482 42251 42253
    32483 42254 42255
    32484 42254 42256
    32485 42257 42258
    32486 42257 42259
    32487 42260 42261
    32488 42260 42262
    32489 42263 42264
    32490 42263 42265
    32491 42266 42267
    32492 42266 42268
    32493 42269 42270
    32494 42269 42271
    32495 42272 42273
    32496 42272 42274
    32497 42275 42276
    32498 42275 42277
    32499 42278 42279
    32500 42278 42280
    32501 42281 42282
    32502 42281 42283
    32503 42284 42285
    32504 42284 42286
    32505 42287 42288
    32506 42287 42289
    32507 42290 42291
    32508 42290 42292
    32509 42293 42294
    32510 42293 42295
    32511 42296 42297
    32512 42296 42298
    32513 42299 42300
    32514 42299 42301
    32515 42302 42303
    32516 42302 42304
    32517 42305 42306
    32518 42305 42307
    32519 42308 42309
    32520 42308 42310
    32521 42311 42312
    32522 42311 42313
    32523 42314 42315
    32524 42314 42316
    32525 42317 42318
    32526 42317 42319
    32527 42320 42321
    32528 42320 42322
    32529 42323 42324
    32530 42323 42325
    32531 42326 42327
    32532 42326 42328
    32533 42329 42330
    32534 42329 42331
    32535 42332 42333
    32536 42332 42334
    32537 42335 42336
    32538 42335 42337
    32539 42338 42339
    32540 42338 42340
    32541 42341 42342
    32542 42341 42343
    32543 42344 42345
    32544 42344 42346
    32545 42347 42348
    32546 42347 42349
    32547 42350 42351
    32548 42350 42352
    32549 42353 42354
    32550 42353 42355
    32551 42356 42357
    32552 42356 42358
    32553 42359 42360
    32554 42359 42361
    32555 42362 42363
    32556 42362 42364
    32557 42365 42366
    32558 42365 42367
    32559 42368 42369
    32560 42368 42370
    32561 42371 42372
    32562 42371 42373
    32563 42374 42375
    32564 42374 42376
    32565 42377 42378
    32566 42377 42379
    32567 42380 42381
    32568 42380 42382
    32569 42383 42384
    32570 42383 42385
    32571 42386 42387
    32572 42386 42388
    32573 42389 42390
    32574 42389 42391
    32575 42392 42393
    32576 42392 42394
    32577 42395 42396
    32578 42395 42397
    32579 42398 42399
    32580 42398 42400
    32581 42401 42402
    32582 42401 42403
    32583 42404 42405
    32584 42404 42406
    32585 42407 42408
    32586 42407 42409
    32587 42410 42411
    32588 42410 42412
    32589 42413 42414
    32590 42413 42415
    32591 42416 42417
    32592 42416 42418
    32593 42419 42420
    32594 42419 42421
    32595 42422 42423
    32596 42422 42424
    32597 42425 42426
    32598 42425 42427
    32599 42428 42429
    32600 42428 42430
    32601 42431 42432
    32602 42431 42433
    32603 42434 42435
    32604 42434 42436
    32605 42437 42438
    32606 42437 42439
    32607 42440 42441
    32608 42440 42442
    32609 42443 42444
    32610 42443 42445
    32611 42446 42447
    32612 42446 42448
    32613 42449 42450
    32614 42449 42451
    32615 42452 42453
    32616 42452 42454
    32617 42455 42456
    32618 42455 42457
    32619 42458 42459
    32620 42458 42460
    32621 42461 42462
    32622 42461 42463
    32623 42464 42465
    32624 42464 42466
    32625 42467 42468
    32626 42467 42469
    32627 42470 42471
    32628 42470 42472
    32629 42473 42474
    32630 42473 42475
    32631 42476 42477
    32632 42476 42478
    32633 42479 42480
    32634 42479 42481
    32635 42482 42483
    32636 42482 42484
    32637 42485 42486
    32638 42485 42487
    32639 42488 42489
    32640 42488 42490
    32641 42491 42492
    32642 42491 42493
    32643 42494 42495
    32644 42494 42496
    32645 42497 42498
    32646 42497 42499
    32647 42500 42501
    32648 42500 42502
    32649 42503 42504
    32650 42503 42505
    32651 42506 42507
    32652 42506 42508
    32653 42509 42510
    32654 42509 42511
    32655 42512 42513
    32656 42512 42514
    32657 42515 42516
    32658 42515 42517
    32659 42518 42519
    32660 42518 42520
    32661 42521 42522
    32662 42521 42523
    32663 42524 42525
    32664 42524 42526
    32665 42527 42528
    32666 42527 42529
    32667 42530 42531
    32668 42530 42532
    32669 42533 42534
    32670 42533 42535
    32671 42536 42537
    32672 42536 42538
    32673 42539 42540
    32674 42539 42541
    32675 42542 42543
    32676 42542 42544
    32677 42545 42546
    32678 42545 42547
    32679 42548 42549
    32680 42548 42550
    32681 42551 42552
    32682 42551 42553
    32683 42554 42555
    32684 42554 42556
    32685 42557 42558
    32686 42557 42559
    32687 42560 42561
    32688 42560 42562
    32689 42563 42564
    32690 42563 42565
    32691 42566 42567
    32692 42566 42568
    32693 42569 42570
    32694 42569 42571
    32695 42572 42573
    32696 42572 42574
    32697 42575 42576
    32698 42575 42577
    32699 42578 42579
    32700 42578 42580
    32701 42581 42582
    32702 42581 42583
    32703 42584 42585
    32704 42584 42586
    32705 42587 42588
    32706 42587 42589
    32707 42590 42591
    32708 42590 42592
    32709 42593 42594
    32710 42593 42595
    32711 42596 42597
    32712 42596 42598
    32713 42599 42600
    32714 42599 42601
    32715 42602 42603
    32716 42602 42604
    32717 42605 42606
    32718 42605 42607
    32719 42608 42609
    32720 42608 42610
    32721 42611 42612
    32722 42611 42613
    32723 42614 42615
    32724 42614 42616
    32725 42617 42618
    32726 42617 42619
    32727 42620 42621
    32728 42620 42622
    32729 42623 42624
    32730 42623 42625
    32731 42626 42627
    32732 42626 42628
    32733 42629 42630
    32734 42629 42631
    32735 42632 42633
    32736 42632 42634
    32737 42635 42636
    32738 42635 42637
    32739 42638 42639
    32740 42638 42640
    32741 42641 42642
    32742 42641 42643
    32743 42644 42645
    32744 42644 42646
    32745 42647 42648
    32746 42647 42649
    32747 42650 42651
    32748 42650 42652
    32749 42653 42654
    32750 42653 42655
    32751 42656 42657
    32752 42656 42658
    32753 42659 42660
    32754 42659 42661
    32755 42662 42663
    32756 42662 42664
    32757 42665 42666
    32758 42665 42667
    32759 42668 42669
    32760 42668 42670
    32761 42671 42672
    32762 42671 42673
    32763 42674 42675
    32764 42674 42676
    32765 42677 42678
    32766 42677 42679
    32767 42680 42681
    32768 42680 42682
    32769 42683 42684
    32770 42683 42685
    32771 42686 42687
    32772 42686 42688
    32773 42689 42690
    32774 42689 42691
    32775 42692 42693
    32776 42692 42694
    32777 42695 42696
    32778 42695 42697
    32779 42698 42699
    32780 42698 42700
    32781 42701 42702
    32782 42701 42703
    32783 42704 42705
    32784 42704 42706
    32785 42707 42708
    32786 42707 42709
    32787 42710 42711
    32788 42710 42712
    32789 42713 42714
    32790 42713 42715
    32791 42716 42717
    32792 42716 42718
    32793 42719 42720
    32794 42719 42721
    32795 42722 42723
    32796 42722 42724
    32797 42725 42726
    32798 42725 42727
    32799 42728 42729
    32800 42728 42730
    32801 42731 42732
    32802 42731 42733
    32803 42734 42735
    32804 42734 42736
    32805 42737 42738
    32806 42737 42739
    32807 42740 42741
    32808 42740 42742
    32809 42743 42744
    32810 42743 42745
    32811 42746 42747
    32812 42746 42748
    32813 42749 42750
    32814 42749 42751
    32815 42752 42753
    32816 42752 42754
    32817 42755 42756
    32818 42755 42757
    32819 42758 42759
    32820 42758 42760
    32821 42761 42762
    32822 42761 42763
    32823 42764 42765
    32824 42764 42766
    32825 42767 42768
    32826 42767 42769
    32827 42770 42771
    32828 42770 42772
    32829 42773 42774
    32830 42773 42775
    32831 42776 42777
    32832 42776 42778
    32833 42779 42780
    32834 42779 42781
    32835 42782 42783
    32836 42782 42784
    32837 42785 42786
    32838 42785 42787
    32839 42788 42789
    32840 42788 42790
    32841 42791 42792
    32842 42791 42793
    32843 42794 42795
    32844 42794 42796
    32845 42797 42798
    32846 42797 42799
    32847 42800 42801
    32848 42800 42802
    32849 42803 42804
    32850 42803 42805
    32851 42806 42807
    32852 42806 42808
    32853 42809 42810
    32854 42809 42811
    32855 42812 42813
    32856 42812 42814
    32857 42815 42816
    32858 42815 42817
    32859 42818 42819
    32860 42818 42820
    32861 42821 42822
    32862 42821 42823
    32863 42824 42825
    32864 42824 42826
    32865 42827 42828
    32866 42827 42829
    32867 42830 42831
    32868 42830 42832
    32869 42833 42834
    32870 42833 42835
    32871 42836 42837
    32872 42836 42838
    32873 42839 42840
    32874 42839 42841
    32875 42842 42843
    32876 42842 42844
    32877 42845 42846
    32878 42845 42847
    32879 42848 42849
    32880 42848 42850
    32881 42851 42852
    32882 42851 42853
    32883 42854 42855
    32884 42854 42856
    32885 42857 42858
    32886 42857 42859
    32887 42860 42861
    32888 42860 42862
    32889 42863 42864
    32890 42863 42865
    32891 42866 42867
    32892 42866 42868
    32893 42869 42870
    32894 42869 42871
    32895 42872 42873
    32896 42872 42874
    32897 42875 42876
    32898 42875 42877
    32899 42878 42879
    32900 42878 42880
    32901 42881 42882
    32902 42881 42883
    32903 42884 42885
    32904 42884 42886
    32905 42887 42888
    32906 42887 42889
    32907 42890 42891
    32908 42890 42892
    32909 42893 42894
    32910 42893 42895
    32911 42896 42897
    32912 42896 42898
    32913 42899 42900
    32914 42899 42901
    32915 42902 42903
    32916 42902 42904
    32917 42905 42906
    32918 42905 42907
    32919 42908 42909
    32920 42908 42910
    32921 42911 42912
    32922 42911 42913
    32923 42914 42915
    32924 42914 42916
    32925 42917 42918
    32926 42917 42919
    32927 42920 42921
    32928 42920 42922
    32929 42923 42924
    32930 42923 42925
    32931 42926 42927
    32932 42926 42928
    32933 42929 42930
    32934 42929 42931
    32935 42932 42933
    32936 42932 42934
    32937 42935 42936
    32938 42935 42937
    32939 42938 42939
    32940 42938 42940
    32941 42941 42942
    32942 42941 42943
    32943 42944 42945
    32944 42944 42946
    32945 42947 42948
    32946 42947 42949
    32947 42950 42951
    32948 42950 42952
    32949 42953 42954
    32950 42953 42955
    32951 42956 42957
    32952 42956 42958
    32953 42959 42960
    32954 42959 42961
    32955 42962 42963
    32956 42962 42964
    32957 42965 42966
    32958 42965 42967
    32959 42968 42969
    32960 42968 42970
    32961 42971 42972
    32962 42971 42973
    32963 42974 42975
    32964 42974 42976
    32965 42977 42978
    32966 42977 42979
    32967 42980 42981
    32968 42980 42982
    32969 42983 42984
    32970 42983 42985
    32971 42986 42987
    32972 42986 42988
    32973 42989 42990
    32974 42989 42991
    32975 42992 42993
    32976 42992 42994
    32977 42995 42996
    32978 42995 42997
    32979 42998 42999
    32980 42998 43000
